time,historical_period,event_experienced,event_effect,component,n_replications,recovered_mean,recovered_median,recovered_lower,recovered_upper,population_variance,recovered_central,historical_period_label,event_experience_label
-3,0,0,0,Additive genetic variance,20,0.41247981302771114,0.3953639110971033,0.21352663347505424,0.7280093238721215,0.36287181315764994,0.41247981302771114,Before the historical event,Event not experienced
-3,0,0,0,Nuclear-family environmental variance,20,2.146212356924071,1.979489785532481,1.063184109282913,3.428234154041336,2.25,2.146212356924071,Before the historical event,Event not experienced
-3,0,0,0,Nonshared environmental variance,20,9.032167006891264,9.081168492879481,7.424355492513263,10.526314088997928,4,9.032167006891264,Before the historical event,Event not experienced
-3,0,0,0,Phenotypic variance,20,11.590859176843047,11.548272337365862,11.134139336835434,12.35409854528671,6.61287181315765,11.590859176843047,Before the historical event,Event not experienced
-3,0,1,0,Additive genetic variance,20,0.41247981302771114,0.3953639110971033,0.21352663347505424,0.7280093238721215,0.36287181315764994,0.41247981302771114,Before the historical event,Event experienced
-3,0,1,0,Nuclear-family environmental variance,20,2.146212356924071,1.979489785532481,1.063184109282913,3.428234154041336,2.25,2.146212356924071,Before the historical event,Event experienced
-3,0,1,0,Nonshared environmental variance,20,9.032167006891264,9.081168492879481,7.424355492513263,10.526314088997928,4,9.032167006891264,Before the historical event,Event experienced
-3,0,1,0,Phenotypic variance,20,11.590859176843047,11.548272337365862,11.134139336835434,12.35409854528671,6.61287181315765,11.590859176843047,Before the historical event,Event experienced
-3,1,0,0,Additive genetic variance,20,0.41247981302771114,0.3953639110971033,0.21352663347505424,0.7280093238721215,0.36287181315764994,0.41247981302771114,After the historical event,Event not experienced
-3,1,0,0,Nuclear-family environmental variance,20,2.146212356924071,1.979489785532481,1.063184109282913,3.428234154041336,2.25,2.146212356924071,After the historical event,Event not experienced
-3,1,0,0,Nonshared environmental variance,20,9.032167006891264,9.081168492879481,7.424355492513263,10.526314088997928,4,9.032167006891264,After the historical event,Event not experienced
-3,1,0,0,Phenotypic variance,20,11.590859176843047,11.548272337365862,11.134139336835434,12.35409854528671,6.61287181315765,11.590859176843047,After the historical event,Event not experienced
-3,1,1,1,Additive genetic variance,20,0.6230530644404907,0.6129571350196712,0.3008772826312239,1.1577013167703252,0.5413411329464507,0.6230530644404907,After the historical event,Event experienced
-3,1,1,1,Nuclear-family environmental variance,20,2.110089149649581,1.9037234324946406,1.0198139403207707,3.4886095543337556,2.25,2.110089149649581,After the historical event,Event experienced
-3,1,1,1,Nonshared environmental variance,20,9.014196388627761,9.049170411898624,7.245026270192515,10.789940050002965,4,9.014196388627761,After the historical event,Event experienced
-3,1,1,1,Phenotypic variance,20,11.747338602717834,11.744107306316906,11.073642831557315,12.391681453744653,6.791341132946451,11.747338602717834,After the historical event,Event experienced
-2.98,0,0,0,Additive genetic variance,20,0.42334841193285133,0.4059715467304452,0.2206036573644211,0.7431968899054616,0.3731459537791037,0.42334841193285133,Before the historical event,Event not experienced
-2.98,0,0,0,Nuclear-family environmental variance,20,2.1451340561017043,1.9800717903000526,1.069426980195416,3.4174690510301162,2.25,2.1451340561017043,Before the historical event,Event not experienced
-2.98,0,0,0,Nonshared environmental variance,20,9.032574893194921,9.082397432775245,7.4375335720745746,10.514970411336419,4,9.032574893194921,Before the historical event,Event not experienced
-2.98,0,0,0,Phenotypic variance,20,11.601057361229477,11.561030940172468,11.14651301879924,12.358625436124555,6.623145953779104,11.601057361229477,Before the historical event,Event not experienced
-2.98,0,1,0,Additive genetic variance,20,0.42334841193285133,0.4059715467304452,0.2206036573644211,0.7431968899054616,0.3731459537791037,0.42334841193285133,Before the historical event,Event experienced
-2.98,0,1,0,Nuclear-family environmental variance,20,2.1451340561017043,1.9800717903000526,1.069426980195416,3.4174690510301162,2.25,2.1451340561017043,Before the historical event,Event experienced
-2.98,0,1,0,Nonshared environmental variance,20,9.032574893194921,9.082397432775245,7.4375335720745746,10.514970411336419,4,9.032574893194921,Before the historical event,Event experienced
-2.98,0,1,0,Phenotypic variance,20,11.601057361229477,11.561030940172468,11.14651301879924,12.358625436124555,6.623145953779104,11.601057361229477,Before the historical event,Event experienced
-2.98,1,0,0,Additive genetic variance,20,0.42334841193285133,0.4059715467304452,0.2206036573644211,0.7431968899054616,0.3731459537791037,0.42334841193285133,After the historical event,Event not experienced
-2.98,1,0,0,Nuclear-family environmental variance,20,2.1451340561017043,1.9800717903000526,1.069426980195416,3.4174690510301162,2.25,2.1451340561017043,After the historical event,Event not experienced
-2.98,1,0,0,Nonshared environmental variance,20,9.032574893194921,9.082397432775245,7.4375335720745746,10.514970411336419,4,9.032574893194921,After the historical event,Event not experienced
-2.98,1,0,0,Phenotypic variance,20,11.601057361229477,11.561030940172468,11.14651301879924,12.358625436124555,6.623145953779104,11.601057361229477,After the historical event,Event not experienced
-2.98,1,1,1,Additive genetic variance,20,0.6394591759065511,0.6318092246679946,0.3107170176884694,1.181742141326323,0.5566683496725748,0.6394591759065511,After the historical event,Event experienced
-2.98,1,1,1,Nuclear-family environmental variance,20,2.109090599583296,1.904296210130446,1.024980716947403,3.4779690251910544,2.25,2.109090599583296,After the historical event,Event experienced
-2.98,1,1,1,Nonshared environmental variance,20,9.014525513082432,9.051927250541816,7.258048090235245,10.778771552543947,4,9.014525513082432,After the historical event,Event experienced
-2.98,1,1,1,Phenotypic variance,20,11.76307528857228,11.760415368785253,11.091730907846385,12.400347707862263,6.806668349672575,11.76307528857228,After the historical event,Event experienced
-2.96,0,0,0,Additive genetic variance,20,0.4344436846962816,0.4169634844889648,0.2278745568517975,0.7586090632246596,0.3836496015713771,0.4344436846962816,Before the historical event,Event not experienced
-2.96,0,0,0,Nuclear-family environmental variance,20,2.1440819300362577,1.9806543142640032,1.0756868892453655,3.4067802783342174,2.25,2.1440819300362577,Before the historical event,Event not experienced
-2.96,0,0,0,Nonshared environmental variance,20,9.03298552223369,9.083614967171176,7.4506781386491685,10.503678999938938,4,9.03298552223369,Before the historical event,Event not experienced
-2.96,0,0,0,Phenotypic variance,20,11.611511136966229,11.5740571529618,11.15912505323057,12.363388400175193,6.633649601571378,11.611511136966229,Before the historical event,Event not experienced
-2.96,0,1,0,Additive genetic variance,20,0.4344436846962816,0.4169634844889648,0.2278745568517975,0.7586090632246596,0.3836496015713771,0.4344436846962816,Before the historical event,Event experienced
-2.96,0,1,0,Nuclear-family environmental variance,20,2.1440819300362577,1.9806543142640032,1.0756868892453655,3.4067802783342174,2.25,2.1440819300362577,Before the historical event,Event experienced
-2.96,0,1,0,Nonshared environmental variance,20,9.03298552223369,9.083614967171176,7.4506781386491685,10.503678999938938,4,9.03298552223369,Before the historical event,Event experienced
-2.96,0,1,0,Phenotypic variance,20,11.611511136966229,11.5740571529618,11.15912505323057,12.363388400175193,6.633649601571378,11.611511136966229,Before the historical event,Event experienced
-2.96,1,0,0,Additive genetic variance,20,0.4344436846962816,0.4169634844889648,0.2278745568517975,0.7586090632246596,0.3836496015713771,0.4344436846962816,After the historical event,Event not experienced
-2.96,1,0,0,Nuclear-family environmental variance,20,2.1440819300362577,1.9806543142640032,1.0756868892453655,3.4067802783342174,2.25,2.1440819300362577,After the historical event,Event not experienced
-2.96,1,0,0,Nonshared environmental variance,20,9.03298552223369,9.083614967171176,7.4506781386491685,10.503678999938938,4,9.03298552223369,After the historical event,Event not experienced
-2.96,1,0,0,Phenotypic variance,20,11.611511136966229,11.5740571529618,11.15912505323057,12.363388400175193,6.633649601571378,11.611511136966229,After the historical event,Event not experienced
-2.96,1,1,1,Additive genetic variance,20,0.6562075112194583,0.6511258380260738,0.32082063045747194,1.2061361234488954,0.5723379508644135,0.6562075112194583,After the historical event,Event experienced
-2.96,1,1,1,Nuclear-family environmental variance,20,2.108117386750253,1.9048693857945607,1.0301571147361237,3.4673980202774395,2.25,2.108117386750253,After the historical event,Event experienced
-2.96,1,1,1,Nonshared environmental variance,20,9.014857566375394,9.054665449068004,7.271038024421815,10.767649834713358,4,9.014857566375394,After the historical event,Event experienced
-2.96,1,1,1,Phenotypic variance,20,11.779182464345105,11.777077066161167,11.110232081399811,12.409383444257356,6.822337950864414,11.779182464345105,After the historical event,Event experienced
-2.94,0,0,0,Additive genetic variance,20,0.4457683908366257,0.42818612283160673,0.23534308366712176,0.7742466636067422,0.39438580870744855,0.4457683908366257,Before the historical event,Event not experienced
-2.94,0,0,0,Nuclear-family environmental variance,20,2.1430557549120492,1.9812373556555212,1.0819636602087281,3.3961673025161883,2.25,2.1430557549120492,Before the historical event,Event not experienced
-2.94,0,0,0,Nonshared environmental variance,20,9.033398798239753,9.084821091306003,7.4637889318254205,10.492439712551825,4,9.033398798239753,Before the historical event,Event not experienced
-2.94,0,0,0,Phenotypic variance,20,11.62222294398843,11.587351228613702,11.171978735934815,12.36839062663605,6.644385808707448,11.62222294398843,Before the historical event,Event not experienced
-2.94,0,1,0,Additive genetic variance,20,0.4457683908366257,0.42818612283160673,0.23534308366712176,0.7742466636067422,0.39438580870744855,0.4457683908366257,Before the historical event,Event experienced
-2.94,0,1,0,Nuclear-family environmental variance,20,2.1430557549120492,1.9812373556555212,1.0819636602087281,3.3961673025161883,2.25,2.1430557549120492,Before the historical event,Event experienced
-2.94,0,1,0,Nonshared environmental variance,20,9.033398798239753,9.084821091306003,7.4637889318254205,10.492439712551825,4,9.033398798239753,Before the historical event,Event experienced
-2.94,0,1,0,Phenotypic variance,20,11.62222294398843,11.587351228613702,11.171978735934815,12.36839062663605,6.644385808707448,11.62222294398843,Before the historical event,Event experienced
-2.94,1,0,0,Additive genetic variance,20,0.4457683908366257,0.42818612283160673,0.23534308366712176,0.7742466636067422,0.39438580870744855,0.4457683908366257,After the historical event,Event not experienced
-2.94,1,0,0,Nuclear-family environmental variance,20,2.1430557549120492,1.9812373556555212,1.0819636602087281,3.3961673025161883,2.25,2.1430557549120492,After the historical event,Event not experienced
-2.94,1,0,0,Nonshared environmental variance,20,9.033398798239753,9.084821091306003,7.4637889318254205,10.492439712551825,4,9.033398798239753,After the historical event,Event not experienced
-2.94,1,0,0,Phenotypic variance,20,11.62222294398843,11.587351228613702,11.171978735934815,12.36839062663605,6.644385808707448,11.62222294398843,After the historical event,Event not experienced
-2.94,1,1,1,Additive genetic variance,20,0.6733022442752028,0.6709142318309769,0.3311929966962843,1.2308845037698006,0.5883544898289973,0.6733022442752028,After the historical event,Event experienced
-2.94,1,1,1,Nuclear-family environmental variance,20,2.1071692927683525,1.9054429576953456,1.0353430024701114,3.4568960865079266,2.25,2.1071692927683525,After the historical event,Event experienced
-2.94,1,1,1,Nonshared environmental variance,20,9.015192453288417,9.05738498779768,7.283995817838694,10.756574768766878,4,9.015192453288417,After the historical event,Event experienced
-2.94,1,1,1,Phenotypic variance,20,11.795663990331974,11.79409504321777,11.129152675441645,12.418792127476404,6.838354489828998,11.795663990331974,After the historical event,Event experienced
-2.92,0,0,0,Additive genetic variance,20,0.4573252594063661,0.43964211292861866,0.2430130053073253,0.7901104417394642,0.4053575998439434,0.4573252594063661,Before the historical event,Event not experienced
-2.92,0,0,0,Nuclear-family environmental variance,20,2.14205530795284,1.9818209127215538,1.088257114344807,3.3856295950936217,2.25,2.14205530795284,Before the historical event,Event not experienced
-2.92,0,0,0,Nonshared environmental variance,20,9.033814625772006,9.086015800465105,7.476865691507363,10.481252407670173,4,9.033814625772006,Before the historical event,Event not experienced
-2.92,0,0,0,Phenotypic variance,20,11.633195193131211,11.600913375925824,11.185077353993577,12.373635297879014,6.655357599843944,11.633195193131211,Before the historical event,Event not experienced
-2.92,0,1,0,Additive genetic variance,20,0.4573252594063661,0.43964211292861866,0.2430130053073253,0.7901104417394642,0.4053575998439434,0.4573252594063661,Before the historical event,Event experienced
-2.92,0,1,0,Nuclear-family environmental variance,20,2.14205530795284,1.9818209127215538,1.088257114344807,3.3856295950936217,2.25,2.14205530795284,Before the historical event,Event experienced
-2.92,0,1,0,Nonshared environmental variance,20,9.033814625772006,9.086015800465105,7.476865691507363,10.481252407670173,4,9.033814625772006,Before the historical event,Event experienced
-2.92,0,1,0,Phenotypic variance,20,11.633195193131211,11.600913375925824,11.185077353993577,12.373635297879014,6.655357599843944,11.633195193131211,Before the historical event,Event experienced
-2.92,1,0,0,Additive genetic variance,20,0.4573252594063661,0.43964211292861866,0.2430130053073253,0.7901104417394642,0.4053575998439434,0.4573252594063661,After the historical event,Event not experienced
-2.92,1,0,0,Nuclear-family environmental variance,20,2.14205530795284,1.9818209127215538,1.088257114344807,3.3856295950936217,2.25,2.14205530795284,After the historical event,Event not experienced
-2.92,1,0,0,Nonshared environmental variance,20,9.033814625772006,9.086015800465105,7.476865691507363,10.481252407670173,4,9.033814625772006,After the historical event,Event not experienced
-2.92,1,0,0,Phenotypic variance,20,11.633195193131211,11.600913375925824,11.185077353993577,12.373635297879014,6.655357599843944,11.633195193131211,After the historical event,Event not experienced
-2.92,1,1,1,Additive genetic variance,20,0.6907475031718876,0.691181629543135,0.34183900256029354,1.255988413775111,0.6047224788237818,0.6907475031718876,After the historical event,Event experienced
-2.92,1,1,1,Nuclear-family environmental variance,20,2.106246100215659,1.9060169240561784,1.0405382477003813,3.446462774610267,2.25,2.106246100215659,After the historical event,Event experienced
-2.92,1,1,1,Nonshared environmental variance,20,9.01553007892925,9.060085847171525,7.296921215852388,10.74554622761687,4,9.01553007892925,After the historical event,Event experienced
-2.92,1,1,1,Phenotypic variance,20,11.812523682316797,11.811471883173219,11.148498995775586,12.428577174534055,6.854722478823781,11.812523682316797,After the historical event,Event experienced
-2.9,0,0,0,Additive genetic variance,20,0.4691169864288691,0.4513340659476652,0.2508881028205827,0.8062010773570589,0.41656796938864216,0.4691169864288691,Before the historical event,Event not experienced
-2.9,0,0,0,Nuclear-family environmental variance,20,2.1410803674100727,1.9824049837248308,1.094567070397136,3.375166632491408,2.25,2.1410803674100727,Before the historical event,Event not experienced
-2.9,0,0,0,Nonshared environmental variance,20,9.034232909716737,9.087199089980553,7.489908157923206,10.470116944534835,4,9.034232909716737,Before the historical event,Event not experienced
-2.9,0,0,0,Phenotypic variance,20,11.644430263555678,11.614743757846458,11.198383546546397,12.379125586907424,6.666567969388642,11.644430263555678,Before the historical event,Event not experienced
-2.9,0,1,0,Additive genetic variance,20,0.4691169864288691,0.4513340659476652,0.2508881028205827,0.8062010773570589,0.41656796938864216,0.4691169864288691,Before the historical event,Event experienced
-2.9,0,1,0,Nuclear-family environmental variance,20,2.1410803674100727,1.9824049837248308,1.094567070397136,3.375166632491408,2.25,2.1410803674100727,Before the historical event,Event experienced
-2.9,0,1,0,Nonshared environmental variance,20,9.034232909716737,9.087199089980553,7.489908157923206,10.470116944534835,4,9.034232909716737,Before the historical event,Event experienced
-2.9,0,1,0,Phenotypic variance,20,11.644430263555678,11.614743757846458,11.198383546546397,12.379125586907424,6.666567969388642,11.644430263555678,Before the historical event,Event experienced
-2.9,1,0,0,Additive genetic variance,20,0.4691169864288691,0.4513340659476652,0.2508881028205827,0.8062010773570589,0.41656796938864216,0.4691169864288691,After the historical event,Event not experienced
-2.9,1,0,0,Nuclear-family environmental variance,20,2.1410803674100727,1.9824049837248308,1.094567070397136,3.375166632491408,2.25,2.1410803674100727,After the historical event,Event not experienced
-2.9,1,0,0,Nonshared environmental variance,20,9.034232909716737,9.087199089980553,7.489908157923206,10.470116944534835,4,9.034232909716737,After the historical event,Event not experienced
-2.9,1,0,0,Phenotypic variance,20,11.644430263555678,11.614743757846458,11.198383546546397,12.379125586907424,6.666567969388642,11.644430263555678,After the historical event,Event not experienced
-2.9,1,1,1,Additive genetic variance,20,0.7085473663328827,0.7119352151392503,0.3527635413645158,1.2814488729014664,0.6214463849802491,0.7085473663328827,After the historical event,Event experienced
-2.9,1,1,1,Nuclear-family environmental variance,20,2.1053475926196024,1.9065912831154788,1.0457427167491886,3.436097639091395,2.25,2.1053475926196024,After the historical event,Event experienced
-2.9,1,1,1,Nonshared environmental variance,20,9.015870348732294,9.062768007750709,7.309813964117723,10.734564084829662,4,9.015870348732294,After the historical event,Event experienced
-2.9,1,1,1,Phenotypic variance,20,11.829765307684779,11.829210104273226,11.168277325493932,12.438741951177839,6.871446384980249,11.829765307684779,After the historical event,Event experienced
-2.88,0,0,0,Additive genetic variance,20,0.4811462322885719,0.46326455031862623,0.25897216850590465,0.8225191773816645,0.428019878716284,0.4811462322885719,Before the historical event,Event not experienced
-2.88,0,0,0,Nuclear-family environmental variance,20,2.140130712551325,1.9829895669438857,1.1008933445947315,3.3647778959945063,2.25,2.140130712551325,Before the historical event,Event not experienced
-2.88,0,0,0,Nonshared environmental variance,20,9.034653555288365,9.088370955231152,7.502916071633862,10.459033183129499,4,9.034653555288365,Before the historical event,Event not experienced
-2.88,0,0,0,Phenotypic variance,20,11.655930500128262,11.628842489702892,11.211801591012037,12.384864654742191,6.6780198787162846,11.655930500128262,Before the historical event,Event not experienced
-2.88,0,1,0,Additive genetic variance,20,0.4811462322885719,0.46326455031862623,0.25897216850590465,0.8225191773816645,0.428019878716284,0.4811462322885719,Before the historical event,Event experienced
-2.88,0,1,0,Nuclear-family environmental variance,20,2.140130712551325,1.9829895669438857,1.1008933445947315,3.3647778959945063,2.25,2.140130712551325,Before the historical event,Event experienced
-2.88,0,1,0,Nonshared environmental variance,20,9.034653555288365,9.088370955231152,7.502916071633862,10.459033183129499,4,9.034653555288365,Before the historical event,Event experienced
-2.88,0,1,0,Phenotypic variance,20,11.655930500128262,11.628842489702892,11.211801591012037,12.384864654742191,6.6780198787162846,11.655930500128262,Before the historical event,Event experienced
-2.88,1,0,0,Additive genetic variance,20,0.4811462322885719,0.46326455031862623,0.25897216850590465,0.8225191773816645,0.428019878716284,0.4811462322885719,After the historical event,Event not experienced
-2.88,1,0,0,Nuclear-family environmental variance,20,2.140130712551325,1.9829895669438857,1.1008933445947315,3.3647778959945063,2.25,2.140130712551325,After the historical event,Event not experienced
-2.88,1,0,0,Nonshared environmental variance,20,9.034653555288365,9.088370955231152,7.502916071633862,10.459033183129499,4,9.034653555288365,After the historical event,Event not experienced
-2.88,1,0,0,Phenotypic variance,20,11.655930500128262,11.628842489702892,11.211801591012037,12.384864654742191,6.6780198787162846,11.655930500128262,After the historical event,Event not experienced
-2.88,1,1,1,Additive genetic variance,20,0.726705858558706,0.7331821267526342,0.36397151023531693,1.3072667856421036,0.6385306261503736,0.726705858558706,After the historical event,Event experienced
-2.88,1,1,1,Nuclear-family environmental variance,20,2.104473554446378,1.9071660331267268,1.0509562747135726,3.4258002382042214,2.25,2.104473554446378,After the historical event,Event experienced
-2.88,1,1,1,Nonshared environmental variance,20,9.016213168459306,9.065431450217114,7.322673808586099,10.723628214622877,4,9.016213168459306,After the historical event,Event experienced
-2.88,1,1,1,Phenotypic variance,20,11.84739258146439,11.84731215633985,11.188493919544866,12.449289768094665,6.888530626150374,11.84739258146439,After the historical event,Event experienced
-2.86,0,0,0,Additive genetic variance,20,0.49341561907547143,0.47543608895911993,0.2672690035278175,0.8390652740719922,0.4397162533339329,0.49341561907547143,Before the historical event,Event not experienced
-2.86,0,0,0,Nuclear-family environmental variance,20,2.139206123648982,1.98357466067308,1.1072357506537034,3.354462871701253,2.25,2.139206123648982,Before the historical event,Event not experienced
-2.86,0,0,0,Nonshared environmental variance,20,9.035076468030146,9.089531391642456,7.515889173541493,10.448000984177757,4,9.035076468030146,Before the historical event,Event not experienced
-2.86,0,0,0,Phenotypic variance,20,11.6676982107546,11.643209637426406,11.22547437345802,12.390855647737546,6.689716253333932,11.6676982107546,Before the historical event,Event not experienced
-2.86,0,1,0,Additive genetic variance,20,0.49341561907547143,0.47543608895911993,0.2672690035278175,0.8390652740719922,0.4397162533339329,0.49341561907547143,Before the historical event,Event experienced
-2.86,0,1,0,Nuclear-family environmental variance,20,2.139206123648982,1.98357466067308,1.1072357506537034,3.354462871701253,2.25,2.139206123648982,Before the historical event,Event experienced
-2.86,0,1,0,Nonshared environmental variance,20,9.035076468030146,9.089531391642456,7.515889173541493,10.448000984177757,4,9.035076468030146,Before the historical event,Event experienced
-2.86,0,1,0,Phenotypic variance,20,11.6676982107546,11.643209637426406,11.22547437345802,12.390855647737546,6.689716253333932,11.6676982107546,Before the historical event,Event experienced
-2.86,1,0,0,Additive genetic variance,20,0.49341561907547143,0.47543608895911993,0.2672690035278175,0.8390652740719922,0.4397162533339329,0.49341561907547143,After the historical event,Event not experienced
-2.86,1,0,0,Nuclear-family environmental variance,20,2.139206123648982,1.98357466067308,1.1072357506537034,3.354462871701253,2.25,2.139206123648982,After the historical event,Event not experienced
-2.86,1,0,0,Nonshared environmental variance,20,9.035076468030146,9.089531391642456,7.515889173541493,10.448000984177757,4,9.035076468030146,After the historical event,Event not experienced
-2.86,1,0,0,Phenotypic variance,20,11.6676982107546,11.643209637426406,11.22547437345802,12.390855647737546,6.689716253333932,11.6676982107546,After the historical event,Event not experienced
-2.86,1,1,1,Additive genetic variance,20,0.7452269470093486,0.7549294501632263,0.37546780665169044,1.3334429386651032,0.6559795666778467,0.7452269470093486,After the historical event,Event experienced
-2.86,1,1,1,Nuclear-family environmental variance,20,2.1036237710905583,1.9077411723584894,1.0561787854690434,3.4155701339147573,2.25,2.1036237710905583,After the historical event,Event experienced
-2.86,1,1,1,Nonshared environmental variance,20,9.016558444200106,9.068076155373564,7.335500495513794,10.712738491862769,4,9.016558444200106,After the historical event,Event experienced
-2.86,1,1,1,Phenotypic variance,20,11.865409162300013,11.865780417288684,11.209154999159551,12.460223877061129,6.905979566677846,11.865409162300013,After the historical event,Event experienced
-2.84,0,0,0,Additive genetic variance,20,0.5059277278851516,0.48785115646235205,0.2757824154459751,0.8558398231808412,0.4516599799972751,0.5059277278851516,Before the historical event,Event not experienced
-2.84,0,0,0,Nuclear-family environmental variance,20,2.138306381969115,1.9841602632226252,1.1135940997792262,3.34422105047719,2.25,2.138306381969115,Before the historical event,Event not experienced
-2.84,0,0,0,Nonshared environmental variance,20,9.035501553814903,9.090680394686814,7.528827204898023,10.437020209140197,4,9.035501553814903,Before the historical event,Event not experienced
-2.84,0,0,0,Phenotypic variance,20,11.67973566366917,11.65784521577509,11.239405146268158,12.397101694827011,6.701659979997276,11.67973566366917,Before the historical event,Event not experienced
-2.84,0,1,0,Additive genetic variance,20,0.5059277278851516,0.48785115646235205,0.2757824154459751,0.8558398231808412,0.4516599799972751,0.5059277278851516,Before the historical event,Event experienced
-2.84,0,1,0,Nuclear-family environmental variance,20,2.138306381969115,1.9841602632226252,1.1135940997792262,3.34422105047719,2.25,2.138306381969115,Before the historical event,Event experienced
-2.84,0,1,0,Nonshared environmental variance,20,9.035501553814903,9.090680394686814,7.528827204898023,10.437020209140197,4,9.035501553814903,Before the historical event,Event experienced
-2.84,0,1,0,Phenotypic variance,20,11.67973566366917,11.65784521577509,11.239405146268158,12.397101694827011,6.701659979997276,11.67973566366917,Before the historical event,Event experienced
-2.84,1,0,0,Additive genetic variance,20,0.5059277278851516,0.48785115646235205,0.2757824154459751,0.8558398231808412,0.4516599799972751,0.5059277278851516,After the historical event,Event not experienced
-2.84,1,0,0,Nuclear-family environmental variance,20,2.138306381969115,1.9841602632226252,1.1135940997792262,3.34422105047719,2.25,2.138306381969115,After the historical event,Event not experienced
-2.84,1,0,0,Nonshared environmental variance,20,9.035501553814903,9.090680394686814,7.528827204898023,10.437020209140197,4,9.035501553814903,After the historical event,Event not experienced
-2.84,1,0,0,Phenotypic variance,20,11.67973566366917,11.65784521577509,11.239405146268158,12.397101694827011,6.701659979997276,11.67973566366917,After the historical event,Event not experienced
-2.84,1,1,1,Additive genetic variance,20,0.7641145371189089,0.7771842121398127,0.3872573248763729,1.3599779979463655,0.6737975130960971,0.7641145371189089,After the historical event,Event experienced
-2.84,1,1,1,Nuclear-family environmental variance,20,2.102798028864905,1.9083166990944398,1.0614101116734096,3.4054068918695677,2.25,2.102798028864905,After the historical event,Event experienced
-2.84,1,1,1,Nonshared environmental variance,20,9.016906082373279,9.070702104144067,7.34829377147021,10.701894792061557,4,9.016906082373279,After the historical event,Event experienced
-2.84,1,1,1,Phenotypic variance,20,11.883818648357094,11.884617189616677,11.230266746140861,12.471547467039766,6.923797513096098,11.883818648357094,After the historical event,Event experienced
-2.82,0,0,0,Additive genetic variance,20,0.5186850960756608,0.5005121762489754,0.284516215659651,0.8728432021230776,0.4638539037793014,0.5186850960756608,Before the historical event,Event not experienced
-2.82,0,0,0,Nuclear-family environmental variance,20,2.137431269760579,1.9847463729186052,1.1199682006678766,3.334051927909411,2.25,2.137431269760579,Before the historical event,Event not experienced
-2.82,0,0,0,Nonshared environmental variance,20,9.035928718845751,9.091817959883391,7.541729907313677,10.426090720211512,4,9.035928718845751,Before the historical event,Event not experienced
-2.82,0,0,0,Phenotypic variance,20,11.692045084681991,11.672749186555773,11.2535971380826,12.403605904700338,6.7138539037793015,11.692045084681991,Before the historical event,Event not experienced
-2.82,0,1,0,Additive genetic variance,20,0.5186850960756608,0.5005121762489754,0.284516215659651,0.8728432021230776,0.4638539037793014,0.5186850960756608,Before the historical event,Event experienced
-2.82,0,1,0,Nuclear-family environmental variance,20,2.137431269760579,1.9847463729186052,1.1199682006678766,3.334051927909411,2.25,2.137431269760579,Before the historical event,Event experienced
-2.82,0,1,0,Nonshared environmental variance,20,9.035928718845751,9.091817959883391,7.541729907313677,10.426090720211512,4,9.035928718845751,Before the historical event,Event experienced
-2.82,0,1,0,Phenotypic variance,20,11.692045084681991,11.672749186555773,11.2535971380826,12.403605904700338,6.7138539037793015,11.692045084681991,Before the historical event,Event experienced
-2.82,1,0,0,Additive genetic variance,20,0.5186850960756608,0.5005121762489754,0.284516215659651,0.8728432021230776,0.4638539037793014,0.5186850960756608,After the historical event,Event not experienced
-2.82,1,0,0,Nuclear-family environmental variance,20,2.137431269760579,1.9847463729186052,1.1199682006678766,3.334051927909411,2.25,2.137431269760579,After the historical event,Event not experienced
-2.82,1,0,0,Nonshared environmental variance,20,9.035928718845751,9.091817959883391,7.541729907313677,10.426090720211512,4,9.035928718845751,After the historical event,Event not experienced
-2.82,1,0,0,Phenotypic variance,20,11.692045084681991,11.672749186555773,11.2535971380826,12.403605904700338,6.7138539037793015,11.692045084681991,After the historical event,Event not experienced
-2.82,1,1,1,Additive genetic variance,20,0.7833724684445154,0.7997271467595714,0.39934495227722516,1.3868725059198388,0.6919887097552793,0.7833724684445154,After the historical event,Event experienced
-2.82,1,1,1,Nuclear-family environmental variance,20,2.101996114990387,1.9088926116333806,1.0666501147707454,3.395310081363557,2.25,2.101996114990387,After the historical event,Event experienced
-2.82,1,1,1,Nonshared environmental variance,20,9.017255989726884,9.073309277574069,7.36105338334618,10.691096991374812,4,9.017255989726884,After the historical event,Event experienced
-2.82,1,1,1,Phenotypic variance,20,11.902624573161786,11.903824696862955,11.251835297015694,12.483263660223486,6.941988709755279,11.902624573161786,After the historical event,Event experienced
-2.8,0,0,0,Additive genetic variance,20,0.5316902144826435,0.5134215176847243,0.2934742167671628,0.8900757081557262,0.47630082509292465,0.5316902144826435,Before the historical event,Event not experienced
-2.8,0,0,0,Nuclear-family environmental variance,20,2.136580570244316,1.9853329881030013,1.126357859510339,3.3239550042614177,2.25,2.136580570244316,Before the historical event,Event not experienced
-2.8,0,0,0,Nonshared environmental variance,20,9.036357869656838,9.092944082798208,7.554597022765531,10.415212380317612,4,9.036357869656838,Before the historical event,Event not experienced
-2.8,0,0,0,Phenotypic variance,20,11.704628654383798,11.687921456846247,11.268053550476207,12.410371362912201,6.726300825092925,11.704628654383798,Before the historical event,Event not experienced
-2.8,0,1,0,Additive genetic variance,20,0.5316902144826435,0.5134215176847243,0.2934742167671628,0.8900757081557262,0.47630082509292465,0.5316902144826435,Before the historical event,Event experienced
-2.8,0,1,0,Nuclear-family environmental variance,20,2.136580570244316,1.9853329881030013,1.126357859510339,3.3239550042614177,2.25,2.136580570244316,Before the historical event,Event experienced
-2.8,0,1,0,Nonshared environmental variance,20,9.036357869656838,9.092944082798208,7.554597022765531,10.415212380317612,4,9.036357869656838,Before the historical event,Event experienced
-2.8,0,1,0,Phenotypic variance,20,11.704628654383798,11.687921456846247,11.268053550476207,12.410371362912201,6.726300825092925,11.704628654383798,Before the historical event,Event experienced
-2.8,1,0,0,Additive genetic variance,20,0.5316902144826435,0.5134215176847243,0.2934742167671628,0.8900757081557262,0.47630082509292465,0.5316902144826435,After the historical event,Event not experienced
-2.8,1,0,0,Nuclear-family environmental variance,20,2.136580570244316,1.9853329881030013,1.126357859510339,3.3239550042614177,2.25,2.136580570244316,After the historical event,Event not experienced
-2.8,1,0,0,Nonshared environmental variance,20,9.036357869656838,9.092944082798208,7.554597022765531,10.415212380317612,4,9.036357869656838,After the historical event,Event not experienced
-2.8,1,0,0,Phenotypic variance,20,11.704628654383798,11.687921456846247,11.268053550476207,12.410371362912201,6.726300825092925,11.704628654383798,After the historical event,Event not experienced
-2.8,1,1,1,Additive genetic variance,20,0.8030045104516539,0.8207947175621579,0.41173556553946034,1.414126878647575,0.7105573343805399,0.8030045104516539,After the historical event,Event experienced
-2.8,1,1,1,Nuclear-family environmental variance,20,2.1012178175863965,1.9094689082892677,1.0718986549955034,3.385279275308075,2.25,2.1012178175863965,After the historical event,Event experienced
-2.8,1,1,1,Nonshared environmental variance,20,9.017608073339174,9.075897656830655,7.373779078362238,10.680344966598824,4,9.017608073339174,After the historical event,Event experienced
-2.8,1,1,1,Phenotypic variance,20,11.921830401377223,11.926020065736777,11.273866737053112,12.495375508030625,6.96055733438054,11.921830401377223,After the historical event,Event experienced
-2.78,0,0,0,Additive genetic variance,20,0.5449455245942174,0.5265814931656827,0.30266022984039465,0.9075375565718544,0.4890034966691808,0.5449455245942174,Before the historical event,Event not experienced
-2.78,0,0,0,Nuclear-family environmental variance,20,2.1357540676028672,1.9859201071337127,1.1327628799944742,3.313929784428474,2.25,2.1357540676028672,Before the historical event,Event not experienced
-2.78,0,0,0,Nonshared environmental variance,20,9.036788913114075,9.09405875904417,7.567428293606021,10.4043850531128,4,9.036788913114075,Before the historical event,Event not experienced
-2.78,0,0,0,Phenotypic variance,20,11.71748850531116,11.703361877219104,11.282777554561845,12.417401128923657,6.739003496669181,11.71748850531116,Before the historical event,Event not experienced
-2.78,0,1,0,Additive genetic variance,20,0.5449455245942174,0.5265814931656827,0.30266022984039465,0.9075375565718544,0.4890034966691808,0.5449455245942174,Before the historical event,Event experienced
-2.78,0,1,0,Nuclear-family environmental variance,20,2.1357540676028672,1.9859201071337127,1.1327628799944742,3.313929784428474,2.25,2.1357540676028672,Before the historical event,Event experienced
-2.78,0,1,0,Nonshared environmental variance,20,9.036788913114075,9.09405875904417,7.567428293606021,10.4043850531128,4,9.036788913114075,Before the historical event,Event experienced
-2.78,0,1,0,Phenotypic variance,20,11.71748850531116,11.703361877219104,11.282777554561845,12.417401128923657,6.739003496669181,11.71748850531116,Before the historical event,Event experienced
-2.78,1,0,0,Additive genetic variance,20,0.5449455245942174,0.5265814931656827,0.30266022984039465,0.9075375565718544,0.4890034966691808,0.5449455245942174,After the historical event,Event not experienced
-2.78,1,0,0,Nuclear-family environmental variance,20,2.1357540676028672,1.9859201071337127,1.1327628799944742,3.313929784428474,2.25,2.1357540676028672,After the historical event,Event not experienced
-2.78,1,0,0,Nonshared environmental variance,20,9.036788913114075,9.09405875904417,7.567428293606021,10.4043850531128,4,9.036788913114075,After the historical event,Event not experienced
-2.78,1,0,0,Phenotypic variance,20,11.71748850531116,11.703361877219104,11.282777554561845,12.417401128923657,6.739003496669181,11.71748850531116,After the historical event,Event not experienced
-2.78,1,1,1,Additive genetic variance,20,0.8230143582381563,0.8422863791478528,0.4244340267694613,1.4417414030122349,0.7295074935640247,0.8230143582381563,After the historical event,Event experienced
-2.78,1,1,1,Nuclear-family environmental variance,20,2.100462925661166,1.9100455873912305,1.077155591376767,3.3753140501993393,2.25,2.100462925661166,After the historical event,Event experienced
-2.78,1,1,1,Nonshared environmental variance,20,9.017962240619314,9.078467223202821,7.3864706040769095,10.669638595168017,4,9.017962240619314,After the historical event,Event experienced
-2.78,1,1,1,Phenotypic variance,20,11.941439524518636,11.95329630510603,11.296367094150767,12.507885987053097,6.979507493564025,11.941439524518636,After the historical event,Event experienced
-2.76,0,0,0,Additive genetic variance,20,0.5584534156871728,0.5399943551731188,0.3120780616146922,0.9252288789099374,0.5019646204927511,0.5584534156871728,Before the historical event,Event not experienced
-2.76,0,0,0,Nuclear-family environmental variance,20,2.1349515469700933,1.9865077283845818,1.1391830633087663,3.303975777893474,2.25,2.1349515469700933,Before the historical event,Event not experienced
-2.76,0,0,0,Nonshared environmental variance,20,9.03722175641588,9.095161984281095,7.580223462571496,10.393608602976887,4,9.03722175641588,Before the historical event,Event not experienced
-2.76,0,0,0,Phenotypic variance,20,11.730626719073145,11.71907023996852,11.297772287520083,12.42469823307731,6.7519646204927515,11.730626719073145,Before the historical event,Event not experienced
-2.76,0,1,0,Additive genetic variance,20,0.5584534156871728,0.5399943551731188,0.3120780616146922,0.9252288789099374,0.5019646204927511,0.5584534156871728,Before the historical event,Event experienced
-2.76,0,1,0,Nuclear-family environmental variance,20,2.1349515469700933,1.9865077283845818,1.1391830633087663,3.303975777893474,2.25,2.1349515469700933,Before the historical event,Event experienced
-2.76,0,1,0,Nonshared environmental variance,20,9.03722175641588,9.095161984281095,7.580223462571496,10.393608602976887,4,9.03722175641588,Before the historical event,Event experienced
-2.76,0,1,0,Phenotypic variance,20,11.730626719073145,11.71907023996852,11.297772287520083,12.42469823307731,6.7519646204927515,11.730626719073145,Before the historical event,Event experienced
-2.76,1,0,0,Additive genetic variance,20,0.5584534156871728,0.5399943551731188,0.3120780616146922,0.9252288789099374,0.5019646204927511,0.5584534156871728,After the historical event,Event not experienced
-2.76,1,0,0,Nuclear-family environmental variance,20,2.1349515469700933,1.9865077283845818,1.1391830633087663,3.303975777893474,2.25,2.1349515469700933,After the historical event,Event not experienced
-2.76,1,0,0,Nonshared environmental variance,20,9.03722175641588,9.095161984281095,7.580223462571496,10.393608602976887,4,9.03722175641588,After the historical event,Event not experienced
-2.76,1,0,0,Phenotypic variance,20,11.730626719073145,11.71907023996852,11.297772287520083,12.42469823307731,6.7519646204927515,11.730626719073145,After the historical event,Event not experienced
-2.76,1,1,1,Additive genetic variance,20,0.843405628199228,0.86420639358716,0.4374451794910865,1.4697162339346725,0.7488432181932135,0.843405628199228,After the historical event,Event experienced
-2.76,1,1,1,Nuclear-family environmental variance,20,2.099731229102387,1.910622647283597,1.082420781742646,3.3654139860871846,2.25,2.099731229102387,After the historical event,Event experienced
-2.76,1,1,1,Nonshared environmental variance,20,9.018318399308109,9.081017958101683,7.39912770839499,10.658977755152337,4,9.018318399308109,After the historical event,Event experienced
-2.76,1,1,1,Phenotypic variance,20,11.961455256609725,11.980931521679608,11.319342332592294,12.520797994960233,6.998843218193214,11.961455256609725,After the historical event,Event experienced
-2.74,0,0,0,Additive genetic variance,20,0.572216221926162,0.5536622932999113,0.3217315115945235,0.9431497211804285,0.5151868446966414,0.572216221926162,Before the historical event,Event not experienced
-2.74,0,0,0,Nuclear-family environmental variance,20,2.134172794421102,1.9870958502454155,1.1456182081461352,3.2940924986832827,2.25,2.134172794421102,Before the historical event,Event not experienced
-2.74,0,0,0,Nonshared environmental variance,20,9.037656307093929,9.096253754215745,7.5929822727907545,10.382882895012395,4,9.037656307093929,Before the historical event,Event not experienced
-2.74,0,0,0,Phenotypic variance,20,11.744045323441194,11.735046277341297,11.313040849056843,12.432265673507445,6.7651868446966414,11.744045323441194,Before the historical event,Event not experienced
-2.74,0,1,0,Additive genetic variance,20,0.572216221926162,0.5536622932999113,0.3217315115945235,0.9431497211804285,0.5151868446966414,0.572216221926162,Before the historical event,Event experienced
-2.74,0,1,0,Nuclear-family environmental variance,20,2.134172794421102,1.9870958502454155,1.1456182081461352,3.2940924986832827,2.25,2.134172794421102,Before the historical event,Event experienced
-2.74,0,1,0,Nonshared environmental variance,20,9.037656307093929,9.096253754215745,7.5929822727907545,10.382882895012395,4,9.037656307093929,Before the historical event,Event experienced
-2.74,0,1,0,Phenotypic variance,20,11.744045323441194,11.735046277341297,11.313040849056843,12.432265673507445,6.7651868446966414,11.744045323441194,Before the historical event,Event experienced
-2.74,1,0,0,Additive genetic variance,20,0.572216221926162,0.5536622932999113,0.3217315115945235,0.9431497211804285,0.5151868446966414,0.572216221926162,After the historical event,Event not experienced
-2.74,1,0,0,Nuclear-family environmental variance,20,2.134172794421102,1.9870958502454155,1.1456182081461352,3.2940924986832827,2.25,2.134172794421102,After the historical event,Event not experienced
-2.74,1,0,0,Nonshared environmental variance,20,9.037656307093929,9.096253754215745,7.5929822727907545,10.382882895012395,4,9.037656307093929,After the historical event,Event not experienced
-2.74,1,0,0,Phenotypic variance,20,11.744045323441194,11.735046277341297,11.313040849056843,12.432265673507445,6.7651868446966414,11.744045323441194,After the historical event,Event not experienced
-2.74,1,1,1,Additive genetic variance,20,0.8641818536360374,0.8865589263398596,0.45077384453553443,1.4980513916192906,0.7685684588183271,0.8641818536360374,After the historical event,Event experienced
-2.74,1,1,1,Nuclear-family environmental variance,20,2.0990225186680185,1.9112000863259142,1.0876940827248172,3.355578666544117,2.25,2.0990225186680185,After the historical event,Event experienced
-2.74,1,1,1,Nonshared environmental variance,20,9.018676457478726,9.083549843060695,7.411750139575843,10.6483623252547,4,9.018676457478726,After the historical event,Event experienced
-2.74,1,1,1,Phenotypic variance,20,11.981880829782781,12.008927154017623,11.342798346678645,12.534114346361077,7.0185684588183275,11.981880829782781,After the historical event,Event experienced
-2.7199999999999998,0,0,0,Additive genetic variance,20,0.5862362194276349,0.5675874312506737,0.33162436907541853,0.9613000421112665,0.528672760417952,0.5862362194276349,Before the historical event,Event not experienced
-2.7199999999999998,0,0,0,Nuclear-family environmental variance,20,2.133417596962375,1.9876844711220094,1.1520681107081325,3.2842794653255813,2.25,2.133417596962375,Before the historical event,Event not experienced
-2.7199999999999998,0,0,0,Nonshared environmental variance,20,9.038092473013908,9.097334064601867,7.60570446779357,10.372207795041746,4,9.038092473013908,Before the historical event,Event not experienced
-2.7199999999999998,0,0,0,Phenotypic variance,20,11.757746289403919,11.751289659773544,11.328586297790766,12.440106412986424,6.778672760417952,11.757746289403919,Before the historical event,Event not experienced
-2.7199999999999998,0,1,0,Additive genetic variance,20,0.5862362194276349,0.5675874312506737,0.33162436907541853,0.9613000421112665,0.528672760417952,0.5862362194276349,Before the historical event,Event experienced
-2.7199999999999998,0,1,0,Nuclear-family environmental variance,20,2.133417596962375,1.9876844711220094,1.1520681107081325,3.2842794653255813,2.25,2.133417596962375,Before the historical event,Event experienced
-2.7199999999999998,0,1,0,Nonshared environmental variance,20,9.038092473013908,9.097334064601867,7.60570446779357,10.372207795041746,4,9.038092473013908,Before the historical event,Event experienced
-2.7199999999999998,0,1,0,Phenotypic variance,20,11.757746289403919,11.751289659773544,11.328586297790766,12.440106412986424,6.778672760417952,11.757746289403919,Before the historical event,Event experienced
-2.7199999999999998,1,0,0,Additive genetic variance,20,0.5862362194276349,0.5675874312506737,0.33162436907541853,0.9613000421112665,0.528672760417952,0.5862362194276349,After the historical event,Event not experienced
-2.7199999999999998,1,0,0,Nuclear-family environmental variance,20,2.133417596962375,1.9876844711220094,1.1520681107081325,3.2842794653255813,2.25,2.133417596962375,After the historical event,Event not experienced
-2.7199999999999998,1,0,0,Nonshared environmental variance,20,9.038092473013908,9.097334064601867,7.60570446779357,10.372207795041746,4,9.038092473013908,After the historical event,Event not experienced
-2.7199999999999998,1,0,0,Phenotypic variance,20,11.757746289403919,11.751289659773544,11.328586297790766,12.440106412986424,6.778672760417952,11.757746289403919,After the historical event,Event not experienced
-2.7199999999999998,1,1,1,Additive genetic variance,20,0.8853464803105212,0.9093480409218675,0.46442481582600414,1.5267467588298684,0.7886870809616869,0.8853464803105212,After the historical event,Event experienced
-2.7199999999999998,1,1,1,Nuclear-family environmental variance,20,2.0983365859772984,1.9117779028929722,1.0929753497632044,3.3459262850568887,2.25,2.0983365859772984,After the historical event,Event experienced
-2.7199999999999998,1,1,1,Nonshared environmental variance,20,9.019036323537442,9.086062859735934,7.4243376462416855,10.63779218480844,4,9.019036323537442,After the historical event,Event experienced
-2.7199999999999998,1,1,1,Phenotypic variance,20,12.002719389825263,12.037284512929897,11.366740954236548,12.547837768628007,7.038687080961687,12.002719389825263,After the historical event,Event experienced
-2.7,0,0,0,Additive genetic variance,20,0.6005156232903615,0.5817718238177605,0.341760410082816,0.9796797114140825,0.5424248986167587,0.6005156232903615,Before the historical event,Event not experienced
-2.7,0,0,0,Nuclear-family environmental variance,20,2.1326857425221015,1.988273589436171,1.158532564709504,3.274536200806183,2.25,2.1326857425221015,Before the historical event,Event not experienced
-2.7,0,0,0,Nonshared environmental variance,20,9.038530162376263,9.098402911240196,7.618389791519229,10.361583169604462,4,9.038530162376263,Before the historical event,Event not experienced
-2.7,0,0,0,Phenotypic variance,20,11.771731528188727,11.767799994134393,11.34441164757211,12.4482233757086,6.792424898616758,11.771731528188727,Before the historical event,Event not experienced
-2.7,0,1,0,Additive genetic variance,20,0.6005156232903615,0.5817718238177605,0.341760410082816,0.9796797114140825,0.5424248986167587,0.6005156232903615,Before the historical event,Event experienced
-2.7,0,1,0,Nuclear-family environmental variance,20,2.1326857425221015,1.988273589436171,1.158532564709504,3.274536200806183,2.25,2.1326857425221015,Before the historical event,Event experienced
-2.7,0,1,0,Nonshared environmental variance,20,9.038530162376263,9.098402911240196,7.618389791519229,10.361583169604462,4,9.038530162376263,Before the historical event,Event experienced
-2.7,0,1,0,Phenotypic variance,20,11.771731528188727,11.767799994134393,11.34441164757211,12.4482233757086,6.792424898616758,11.771731528188727,Before the historical event,Event experienced
-2.7,1,0,0,Additive genetic variance,20,0.6005156232903615,0.5817718238177605,0.341760410082816,0.9796797114140825,0.5424248986167587,0.6005156232903615,After the historical event,Event not experienced
-2.7,1,0,0,Nuclear-family environmental variance,20,2.1326857425221015,1.988273589436171,1.158532564709504,3.274536200806183,2.25,2.1326857425221015,After the historical event,Event not experienced
-2.7,1,0,0,Nonshared environmental variance,20,9.038530162376263,9.098402911240196,7.618389791519229,10.361583169604462,4,9.038530162376263,After the historical event,Event not experienced
-2.7,1,0,0,Phenotypic variance,20,11.771731528188727,11.767799994134393,11.34441164757211,12.4482233757086,6.792424898616758,11.771731528188727,After the historical event,Event not experienced
-2.7,1,1,1,Additive genetic variance,20,0.906902861949189,0.9325776935122809,0.4784028560585531,1.5558020781986013,0.8092028603720427,0.906902861949189,After the historical event,Event experienced
-2.7,1,1,1,Nuclear-family environmental variance,20,2.0976732235019466,1.9123560953748266,1.098264437110804,3.33639050934812,2.25,2.0976732235019466,After the historical event,Event experienced
-2.7,1,1,1,Nonshared environmental variance,20,9.019397906224363,9.088556989906252,7.43688997738587,10.627267213774743,4,9.019397906224363,After the historical event,Event experienced
-2.7,1,1,1,Phenotypic variance,20,12.023973991675497,12.063118179386207,11.391175890007494,12.561970897684574,7.059202860372043,12.023973991675497,After the historical event,Event experienced
-2.68,0,0,0,Additive genetic variance,20,0.6150565845944833,0.5962174538354392,0.35214339422858565,0.99828850807288,0.5564457268602363,0.6150565845944833,Before the historical event,Event not experienced
-2.68,0,0,0,Nuclear-family environmental variance,20,2.131977019940711,1.9888632036257425,1.165011361383141,3.264862232526831,2.25,2.131977019940711,Before the historical event,Event not experienced
-2.68,0,0,0,Nonshared environmental variance,20,9.038969283716966,9.099460289978516,7.631037988325062,10.351008885954405,4,9.038969283716966,Before the historical event,Event not experienced
-2.68,0,0,0,Phenotypic variance,20,11.78600288825216,11.783803855045416,11.360519863735258,12.456619444013485,6.806445726860236,11.78600288825216,Before the historical event,Event not experienced
-2.68,0,1,0,Additive genetic variance,20,0.6150565845944833,0.5962174538354392,0.35214339422858565,0.99828850807288,0.5564457268602363,0.6150565845944833,Before the historical event,Event experienced
-2.68,0,1,0,Nuclear-family environmental variance,20,2.131977019940711,1.9888632036257425,1.165011361383141,3.264862232526831,2.25,2.131977019940711,Before the historical event,Event experienced
-2.68,0,1,0,Nonshared environmental variance,20,9.038969283716966,9.099460289978516,7.631037988325062,10.351008885954405,4,9.038969283716966,Before the historical event,Event experienced
-2.68,0,1,0,Phenotypic variance,20,11.78600288825216,11.783803855045416,11.360519863735258,12.456619444013485,6.806445726860236,11.78600288825216,Before the historical event,Event experienced
-2.68,1,0,0,Additive genetic variance,20,0.6150565845944833,0.5962174538354392,0.35214339422858565,0.99828850807288,0.5564457268602363,0.6150565845944833,After the historical event,Event not experienced
-2.68,1,0,0,Nuclear-family environmental variance,20,2.131977019940711,1.9888632036257425,1.165011361383141,3.264862232526831,2.25,2.131977019940711,After the historical event,Event not experienced
-2.68,1,0,0,Nonshared environmental variance,20,9.038969283716966,9.099460289978516,7.631037988325062,10.351008885954405,4,9.038969283716966,After the historical event,Event not experienced
-2.68,1,0,0,Phenotypic variance,20,11.78600288825216,11.783803855045416,11.360519863735258,12.456619444013485,6.806445726860236,11.78600288825216,After the historical event,Event not experienced
-2.68,1,1,1,Additive genetic variance,20,0.9288542556988683,0.9562517275043638,0.4927126922807512,1.5852169495711268,0.8301194782270489,0.9288542556988683,After the historical event,Event experienced
-2.68,1,1,1,Nuclear-family environmental variance,20,2.0970322245575574,1.9129346621768213,1.1035611978386535,3.3269163256314505,2.25,2.0970322245575574,After the historical event,Event experienced
-2.68,1,1,1,Nonshared environmental variance,20,9.01976111461418,9.091032215473579,7.449406882381184,10.61678729274016,4,9.01976111461418,After the historical event,Event experienced
-2.68,1,1,1,Phenotypic variance,20,12.045647594870605,12.083790903984221,11.41610879892103,12.576516273760781,7.080119478227049,12.045647594870605,After the historical event,Event experienced
-2.66,0,0,0,Additive genetic variance,20,0.6298611873711079,0.6109262291145684,0.3627770614861009,1.0171261186569747,0.5707376460742317,0.6298611873711079,Before the historical event,Event not experienced
-2.66,0,0,0,Nuclear-family environmental variance,20,2.1312912189616062,1.9894533121446252,1.1715042894854057,3.2552570922634603,2.25,2.1312912189616062,Before the historical event,Event not experienced
-2.66,0,0,0,Nonshared environmental variance,20,9.039409745908273,9.100506196711667,7.643648802994978,10.340484812057003,4,9.039409745908273,Before the historical event,Event not experienced
-2.66,0,0,0,Phenotypic variance,20,11.800562152240987,11.79904555000742,11.376913859286919,12.46529745504963,6.820737646074232,11.800562152240987,Before the historical event,Event not experienced
-2.66,0,1,0,Additive genetic variance,20,0.6298611873711079,0.6109262291145684,0.3627770614861009,1.0171261186569747,0.5707376460742317,0.6298611873711079,Before the historical event,Event experienced
-2.66,0,1,0,Nuclear-family environmental variance,20,2.1312912189616062,1.9894533121446252,1.1715042894854057,3.2552570922634603,2.25,2.1312912189616062,Before the historical event,Event experienced
-2.66,0,1,0,Nonshared environmental variance,20,9.039409745908273,9.100506196711667,7.643648802994978,10.340484812057003,4,9.039409745908273,Before the historical event,Event experienced
-2.66,0,1,0,Phenotypic variance,20,11.800562152240987,11.79904555000742,11.376913859286919,12.46529745504963,6.820737646074232,11.800562152240987,Before the historical event,Event experienced
-2.66,1,0,0,Additive genetic variance,20,0.6298611873711079,0.6109262291145684,0.3627770614861009,1.0171261186569747,0.5707376460742317,0.6298611873711079,After the historical event,Event not experienced
-2.66,1,0,0,Nuclear-family environmental variance,20,2.1312912189616062,1.9894533121446252,1.1715042894854057,3.2552570922634603,2.25,2.1312912189616062,After the historical event,Event not experienced
-2.66,1,0,0,Nonshared environmental variance,20,9.039409745908273,9.100506196711667,7.643648802994978,10.340484812057003,4,9.039409745908273,After the historical event,Event not experienced
-2.66,1,0,0,Phenotypic variance,20,11.800562152240987,11.79904555000742,11.376913859286919,12.46529745504963,6.820737646074232,11.800562152240987,After the historical event,Event not experienced
-2.66,1,1,1,Additive genetic variance,20,0.9512038175374306,0.9803738680043479,0.5073590113698774,1.6149908273903018,0.8514405162871811,0.9512038175374306,After the historical event,Event experienced
-2.66,1,1,1,Nuclear-family environmental variance,20,2.09641338329519,1.9163353247321828,1.1088654838409444,3.3175033488352415,2.25,2.09641338329519,After the historical event,Event experienced
-2.66,1,1,1,Nonshared environmental variance,20,9.020125858116915,9.093488518463078,7.461888110988124,10.606352302914066,4,9.020125858116915,After the historical event,Event experienced
-2.66,1,1,1,Phenotypic variance,20,12.067743058949535,12.10482208451333,11.441545229256196,12.591476337118845,7.101440516287181,12.067743058949535,After the historical event,Event experienced
-2.64,0,0,0,Additive genetic variance,20,0.6449314455445647,0.6257329487501165,0.3736651288848881,1.036192135660003,0.5853029872646032,0.6449314455445647,Before the historical event,Event not experienced
-2.64,0,0,0,Nuclear-family environmental variance,20,2.130628130222093,1.9900439134628019,1.1780111353018419,3.245720316124932,2.25,2.130628130222093,Before the historical event,Event not experienced
-2.64,0,0,0,Nonshared environmental variance,20,9.039851458159497,9.101540627381581,7.65622198074799,10.330010816586526,4,9.039851458159497,Before the historical event,Event not experienced
-2.64,0,0,0,Phenotypic variance,20,11.815411033926154,11.814553570308385,11.393596491032351,12.4742601973811,6.835302987264603,11.815411033926154,Before the historical event,Event not experienced
-2.64,0,1,0,Additive genetic variance,20,0.6449314455445647,0.6257329487501165,0.3736651288848881,1.036192135660003,0.5853029872646032,0.6449314455445647,Before the historical event,Event experienced
-2.64,0,1,0,Nuclear-family environmental variance,20,2.130628130222093,1.9900439134628019,1.1780111353018419,3.245720316124932,2.25,2.130628130222093,Before the historical event,Event experienced
-2.64,0,1,0,Nonshared environmental variance,20,9.039851458159497,9.101540627381581,7.65622198074799,10.330010816586526,4,9.039851458159497,Before the historical event,Event experienced
-2.64,0,1,0,Phenotypic variance,20,11.815411033926154,11.814553570308385,11.393596491032351,12.4742601973811,6.835302987264603,11.815411033926154,Before the historical event,Event experienced
-2.64,1,0,0,Additive genetic variance,20,0.6449314455445647,0.6257329487501165,0.3736651288848881,1.036192135660003,0.5853029872646032,0.6449314455445647,After the historical event,Event not experienced
-2.64,1,0,0,Nuclear-family environmental variance,20,2.130628130222093,1.9900439134628019,1.1780111353018419,3.245720316124932,2.25,2.130628130222093,After the historical event,Event not experienced
-2.64,1,0,0,Nonshared environmental variance,20,9.039851458159497,9.101540627381581,7.65622198074799,10.330010816586526,4,9.039851458159497,After the historical event,Event not experienced
-2.64,1,0,0,Phenotypic variance,20,11.815411033926154,11.814553570308385,11.393596491032351,12.4742601973811,6.835302987264603,11.815411033926154,After the historical event,Event not experienced
-2.64,1,1,1,Additive genetic variance,20,0.9739545976427145,1.0049477162821345,0.5223464554126165,1.6451230181215664,0.8731694520045489,0.9739545976427145,After the historical event,Event experienced
-2.64,1,1,1,Nuclear-family environmental variance,20,2.095816494693143,1.9200879434046654,1.1141771458402774,3.30815119707899,2.25,2.095816494693143,After the historical event,Event experienced
-2.64,1,1,1,Nonshared environmental variance,20,9.02049204647866,9.095925881023431,7.474333413363194,10.59596212612618,4,9.02049204647866,After the historical event,Event experienced
-2.64,1,1,1,Phenotypic variance,20,12.090263138814517,12.119173879571989,11.46749062569541,12.60685342375291,7.123169452004548,12.090263138814517,After the historical event,Event experienced
-2.62,0,0,0,Additive genetic variance,20,0.6602692998495227,0.6404246704154538,0.3848112871259978,1.0554860558668204,0.6001440082107344,0.6602692998495227,Before the historical event,Event not experienced
-2.62,0,0,0,Nuclear-family environmental variance,20,2.129987545244509,1.9906350060663602,1.1845316826532684,3.2362514445122206,2.25,2.129987545244509,Before the historical event,Event not experienced
-2.62,0,0,0,Nonshared environmental variance,20,9.040294330017778,9.102563577977314,7.66875726724674,10.319586768923344,4,9.040294330017778,Before the historical event,Event not experienced
-2.62,0,0,0,Phenotypic variance,20,11.83055117511181,11.830328527880155,11.410570555642064,12.483510407538411,6.8501440082107345,11.83055117511181,Before the historical event,Event not experienced
-2.62,0,1,0,Additive genetic variance,20,0.6602692998495227,0.6404246704154538,0.3848112871259978,1.0554860558668204,0.6001440082107344,0.6602692998495227,Before the historical event,Event experienced
-2.62,0,1,0,Nuclear-family environmental variance,20,2.129987545244509,1.9906350060663602,1.1845316826532684,3.2362514445122206,2.25,2.129987545244509,Before the historical event,Event experienced
-2.62,0,1,0,Nonshared environmental variance,20,9.040294330017778,9.102563577977314,7.66875726724674,10.319586768923344,4,9.040294330017778,Before the historical event,Event experienced
-2.62,0,1,0,Phenotypic variance,20,11.83055117511181,11.830328527880155,11.410570555642064,12.483510407538411,6.8501440082107345,11.83055117511181,Before the historical event,Event experienced
-2.62,1,0,0,Additive genetic variance,20,0.6602692998495227,0.6404246704154538,0.3848112871259978,1.0554860558668204,0.6001440082107344,0.6602692998495227,After the historical event,Event not experienced
-2.62,1,0,0,Nuclear-family environmental variance,20,2.129987545244509,1.9906350060663602,1.1845316826532684,3.2362514445122206,2.25,2.129987545244509,After the historical event,Event not experienced
-2.62,1,0,0,Nonshared environmental variance,20,9.040294330017778,9.102563577977314,7.66875726724674,10.319586768923344,4,9.040294330017778,After the historical event,Event not experienced
-2.62,1,0,0,Phenotypic variance,20,11.83055117511181,11.830328527880155,11.410570555642064,12.483510407538411,6.8501440082107345,11.83055117511181,After the historical event,Event not experienced
-2.62,1,1,1,Additive genetic variance,20,0.9971095357229693,1.02997674417812,0.5376796169883775,1.67561267772271,0.8953096535901989,0.9971095357229693,After the historical event,Event experienced
-2.62,1,1,1,Nuclear-family environmental variance,20,2.0952413545489232,1.9238347278447907,1.1194960333930624,3.298859491646038,2.25,2.0952413545489232,After the historical event,Event experienced
-2.62,1,1,1,Nonshared environmental variance,20,9.020859589782342,9.098344285427013,7.4867425400671905,10.585616644824082,4,9.020859589782342,After the historical event,Event experienced
-2.62,1,1,1,Phenotypic variance,20,12.113210480054235,12.132886600800568,11.493950322275179,12.622649761066025,7.145309653590199,12.113210480054235,After the historical event,Event experienced
-2.6,0,0,0,Additive genetic variance,20,0.6758766147252573,0.6553631201252055,0.3962191971193833,1.075007278750107,0.6152628901337169,0.6758766147252573,Before the historical event,Event not experienced
-2.6,0,0,0,Nuclear-family environmental variance,20,2.129369256427546,1.9912265884575173,1.1910657129022593,3.226859198573727,2.25,2.129369256427546,Before the historical event,Event not experienced
-2.6,0,0,0,Nonshared environmental variance,20,9.040738271368859,9.10357504453507,7.681254408606033,10.309212539151218,4,9.040738271368859,Before the historical event,Event not experienced
-2.6,0,0,0,Phenotypic variance,20,11.845984142521662,11.846370977237246,11.427838785661542,12.49305076651589,6.865262890133717,11.845984142521662,Before the historical event,Event not experienced
-2.6,0,1,0,Additive genetic variance,20,0.6758766147252573,0.6553631201252055,0.3962191971193833,1.075007278750107,0.6152628901337169,0.6758766147252573,Before the historical event,Event experienced
-2.6,0,1,0,Nuclear-family environmental variance,20,2.129369256427546,1.9912265884575173,1.1910657129022593,3.226859198573727,2.25,2.129369256427546,Before the historical event,Event experienced
-2.6,0,1,0,Nonshared environmental variance,20,9.040738271368859,9.10357504453507,7.681254408606033,10.309212539151218,4,9.040738271368859,Before the historical event,Event experienced
-2.6,0,1,0,Phenotypic variance,20,11.845984142521662,11.846370977237246,11.427838785661542,12.49305076651589,6.865262890133717,11.845984142521662,Before the historical event,Event experienced
-2.6,1,0,0,Additive genetic variance,20,0.6758766147252573,0.6553631201252055,0.3962191971193833,1.075007278750107,0.6152628901337169,0.6758766147252573,After the historical event,Event not experienced
-2.6,1,0,0,Nuclear-family environmental variance,20,2.129369256427546,1.9912265884575173,1.1910657129022593,3.226859198573727,2.25,2.129369256427546,After the historical event,Event not experienced
-2.6,1,0,0,Nonshared environmental variance,20,9.040738271368859,9.10357504453507,7.681254408606033,10.309212539151218,4,9.040738271368859,After the historical event,Event not experienced
-2.6,1,0,0,Phenotypic variance,20,11.845984142521662,11.846370977237246,11.427838785661542,12.49305076651589,6.865262890133717,11.845984142521662,After the historical event,Event not experienced
-2.6,1,1,1,Additive genetic variance,20,1.0206714563122872,1.0554642884705436,0.5533630343585524,1.7064588091608819,0.9178643750436264,1.0206714563122872,After the historical event,Event experienced
-2.6,1,1,1,Nuclear-family environmental variance,20,2.094687759471396,1.9275755513543484,1.1248219948950617,3.2896278569565496,2.25,2.094687759471396,After the historical event,Event experienced
-2.6,1,1,1,Nonshared environmental variance,20,9.02122839844848,9.100743714070145,7.499115242073481,10.575315742070757,4,9.02122839844848,After the historical event,Event experienced
-2.6,1,1,1,Phenotypic variance,20,12.136587614232164,12.146936218576135,11.520929535238427,12.63886746352801,7.167864375043626,12.136587614232164,After the historical event,Event experienced
-2.58,0,0,0,Additive genetic variance,20,0.6917551751894465,0.6705495235632319,0.4078924864447099,1.0947551048985322,0.6306617343417972,0.6917551751894465,Before the historical event,Event not experienced
-2.58,0,0,0,Nuclear-family environmental variance,20,2.128773057037765,1.9918186591546427,1.197613004960011,3.2177012019425133,2.25,2.128773057037765,Before the historical event,Event not experienced
-2.58,0,0,0,Nonshared environmental variance,20,9.04118319243786,9.104575023138228,7.6937131514013375,10.298887998054632,4,9.04118319243786,Before the historical event,Event not experienced
-2.58,0,0,0,Phenotypic variance,20,11.86171142466507,11.862681413181399,11.445403845466736,12.502883896217726,6.880661734341797,11.86171142466507,Before the historical event,Event not experienced
-2.58,0,1,0,Additive genetic variance,20,0.6917551751894465,0.6705495235632319,0.4078924864447099,1.0947551048985322,0.6306617343417972,0.6917551751894465,Before the historical event,Event experienced
-2.58,0,1,0,Nuclear-family environmental variance,20,2.128773057037765,1.9918186591546427,1.197613004960011,3.2177012019425133,2.25,2.128773057037765,Before the historical event,Event experienced
-2.58,0,1,0,Nonshared environmental variance,20,9.04118319243786,9.104575023138228,7.6937131514013375,10.298887998054632,4,9.04118319243786,Before the historical event,Event experienced
-2.58,0,1,0,Phenotypic variance,20,11.86171142466507,11.862681413181399,11.445403845466736,12.502883896217726,6.880661734341797,11.86171142466507,Before the historical event,Event experienced
-2.58,1,0,0,Additive genetic variance,20,0.6917551751894465,0.6705495235632319,0.4078924864447099,1.0947551048985322,0.6306617343417972,0.6917551751894465,After the historical event,Event not experienced
-2.58,1,0,0,Nuclear-family environmental variance,20,2.128773057037765,1.9918186591546427,1.197613004960011,3.2177012019425133,2.25,2.128773057037765,After the historical event,Event not experienced
-2.58,1,0,0,Nonshared environmental variance,20,9.04118319243786,9.104575023138228,7.6937131514013375,10.298887998054632,4,9.04118319243786,After the historical event,Event not experienced
-2.58,1,0,0,Phenotypic variance,20,11.86171142466507,11.862681413181399,11.445403845466736,12.502883896217726,6.880661734341797,11.86171142466507,After the historical event,Event not experienced
-2.58,1,1,1,Additive genetic variance,20,1.0446430640346285,1.0814135452079139,0.569401186564214,1.7376602599797157,0.9408367511483707,1.0446430640346285,After the historical event,Event experienced
-2.58,1,1,1,Nuclear-family environmental variance,20,2.0941555068731263,1.9313102870411496,1.1301548775870787,3.280455920540759,2.25,2.0941555068731263,After the historical event,Event experienced
-2.58,1,1,1,Nonshared environmental variance,20,9.021598383235936,9.103124149473304,7.511451270776291,10.56505930154213,4,9.021598383235936,After the historical event,Event experienced
-2.58,1,1,1,Phenotypic variance,20,12.160396954143692,12.161325974092762,11.548433355793335,12.655508528317803,7.190836751148371,12.160396954143692,After the historical event,Event experienced
-2.56,0,0,0,Additive genetic variance,20,0.7079066836939604,0.6859850221694395,0.4198347457371571,1.1147287344783163,0.6463425588557716,0.7079066836939604,Before the historical event,Event not experienced
-2.56,0,0,0,Nuclear-family environmental variance,20,2.128198741201307,1.9924112166922812,1.2041733352935973,3.2086073317332136,2.25,2.128198741201307,Before the historical event,Event not experienced
-2.56,0,0,0,Nonshared environmental variance,20,9.041629003790073,9.105563509917367,7.706133242677316,10.288613017116084,4,9.041629003790073,Before the historical event,Event not experienced
-2.56,0,0,0,Phenotypic variance,20,11.87773442868534,11.879260268488263,11.463268327168269,12.513012355854858,6.896342558855771,11.87773442868534,Before the historical event,Event not experienced
-2.56,0,1,0,Additive genetic variance,20,0.7079066836939604,0.6859850221694395,0.4198347457371571,1.1147287344783163,0.6463425588557716,0.7079066836939604,Before the historical event,Event experienced
-2.56,0,1,0,Nuclear-family environmental variance,20,2.128198741201307,1.9924112166922812,1.2041733352935973,3.2086073317332136,2.25,2.128198741201307,Before the historical event,Event experienced
-2.56,0,1,0,Nonshared environmental variance,20,9.041629003790073,9.105563509917367,7.706133242677316,10.288613017116084,4,9.041629003790073,Before the historical event,Event experienced
-2.56,0,1,0,Phenotypic variance,20,11.87773442868534,11.879260268488263,11.463268327168269,12.513012355854858,6.896342558855771,11.87773442868534,Before the historical event,Event experienced
-2.56,1,0,0,Additive genetic variance,20,0.7079066836939604,0.6859850221694395,0.4198347457371571,1.1147287344783163,0.6463425588557716,0.7079066836939604,After the historical event,Event not experienced
-2.56,1,0,0,Nuclear-family environmental variance,20,2.128198741201307,1.9924112166922812,1.2041733352935973,3.2086073317332136,2.25,2.128198741201307,After the historical event,Event not experienced
-2.56,1,0,0,Nonshared environmental variance,20,9.041629003790073,9.105563509917367,7.706133242677316,10.288613017116084,4,9.041629003790073,After the historical event,Event not experienced
-2.56,1,0,0,Phenotypic variance,20,11.87773442868534,11.879260268488263,11.463268327168269,12.513012355854858,6.896342558855771,11.87773442868534,After the historical event,Event not experienced
-2.56,1,1,1,Additive genetic variance,20,1.0690269388401723,1.1078275640112305,0.585798488434951,1.7692157199194276,0.9642297924376965,1.0690269388401723,After the historical event,Event experienced
-2.56,1,1,1,Nuclear-family environmental variance,20,2.093644394962904,1.9350388078266465,1.1354945275607897,3.271343313012485,2.25,2.093644394962904,After the historical event,Event experienced
-2.56,1,1,1,Nonshared environmental variance,20,9.021969455242695,9.105485574281342,7.52375037799898,10.55484720752464,4,9.021969455242695,After the historical event,Event experienced
-2.56,1,1,1,Phenotypic variance,20,12.184640789045773,12.176059038936964,11.57646674278401,12.672574830954082,7.214229792437696,12.184640789045773,After the historical event,Event experienced
-2.54,0,0,0,Additive genetic variance,20,0.7243327569651945,0.7016706704979905,0.4320495249999162,1.1349272657300478,0.6623072950171032,0.7243327569651945,Before the historical event,Event not experienced
-2.54,0,0,0,Nuclear-family environmental variance,20,2.12764610389579,1.9930042596211788,1.2107464779336168,3.199577167780123,2.25,2.12764610389579,Before the historical event,Event not experienced
-2.54,0,0,0,Nonshared environmental variance,20,9.042075616331733,9.106540501050308,7.7184908293188315,10.278387468513449,4,9.042075616331733,Before the historical event,Event not experienced
-2.54,0,0,0,Phenotypic variance,20,11.894054477192716,11.896107911577747,11.481434746467254,12.523438638295154,6.912307295017103,11.894054477192716,Before the historical event,Event not experienced
-2.54,0,1,0,Additive genetic variance,20,0.7243327569651945,0.7016706704979905,0.4320495249999162,1.1349272657300478,0.6623072950171032,0.7243327569651945,Before the historical event,Event experienced
-2.54,0,1,0,Nuclear-family environmental variance,20,2.12764610389579,1.9930042596211788,1.2107464779336168,3.199577167780123,2.25,2.12764610389579,Before the historical event,Event experienced
-2.54,0,1,0,Nonshared environmental variance,20,9.042075616331733,9.106540501050308,7.7184908293188315,10.278387468513449,4,9.042075616331733,Before the historical event,Event experienced
-2.54,0,1,0,Phenotypic variance,20,11.894054477192716,11.896107911577747,11.481434746467254,12.523438638295154,6.912307295017103,11.894054477192716,Before the historical event,Event experienced
-2.54,1,0,0,Additive genetic variance,20,0.7243327569651945,0.7016706704979905,0.4320495249999162,1.1349272657300478,0.6623072950171032,0.7243327569651945,After the historical event,Event not experienced
-2.54,1,0,0,Nuclear-family environmental variance,20,2.12764610389579,1.9930042596211788,1.2107464779336168,3.199577167780123,2.25,2.12764610389579,After the historical event,Event not experienced
-2.54,1,0,0,Nonshared environmental variance,20,9.042075616331733,9.106540501050308,7.7184908293188315,10.278387468513449,4,9.042075616331733,After the historical event,Event not experienced
-2.54,1,0,0,Phenotypic variance,20,11.894054477192716,11.896107911577747,11.481434746467254,12.523438638295154,6.912307295017103,11.894054477192716,After the historical event,Event not experienced
-2.54,1,1,1,Additive genetic variance,20,1.0938255312178609,1.1347092423508887,0.6025592855117232,1.801123718592779,0.9880463801344976,1.0938255312178609,After the historical event,Event experienced
-2.54,1,1,1,Nuclear-family environmental variance,20,2.0931542227384483,1.938760986453594,1.1408407897647193,3.262289668042902,2.25,2.0931542227384483,After the historical event,Event experienced
-2.54,1,1,1,Nonshared environmental variance,20,9.022341525906622,9.104210519975897,7.536012316002324,10.544679344912836,4,9.022341525906622,After the historical event,Event experienced
-2.54,1,1,1,Phenotypic variance,20,12.209321279862932,12.197172469436683,11.605034515278398,12.69006812091802,7.238046380134498,12.209321279862932,After the historical event,Event experienced
-2.52,0,0,0,Additive genetic variance,20,0.7410349228315851,0.7176074335804539,0.4445403298452314,1.1553496935026022,0.678557784081625,0.7410349228315851,Before the historical event,Event not experienced
-2.52,0,0,0,Nuclear-family environmental variance,20,2.1271149409424006,1.9935977865083032,1.2173322044822288,3.1906102937536183,2.25,2.1271149409424006,Before the historical event,Event not experienced
-2.52,0,0,0,Nonshared environmental variance,20,9.04252294131082,9.10750599276211,7.730756019333709,10.268211225117318,4,9.04252294131082,Before the historical event,Event not experienced
-2.52,0,0,0,Phenotypic variance,20,11.910672805084804,11.913224644169635,11.499905538466013,12.53416516636948,6.928557784081625,11.910672805084804,Before the historical event,Event not experienced
-2.52,0,1,0,Additive genetic variance,20,0.7410349228315851,0.7176074335804539,0.4445403298452314,1.1553496935026022,0.678557784081625,0.7410349228315851,Before the historical event,Event experienced
-2.52,0,1,0,Nuclear-family environmental variance,20,2.1271149409424006,1.9935977865083032,1.2173322044822288,3.1906102937536183,2.25,2.1271149409424006,Before the historical event,Event experienced
-2.52,0,1,0,Nonshared environmental variance,20,9.04252294131082,9.10750599276211,7.730756019333709,10.268211225117318,4,9.04252294131082,Before the historical event,Event experienced
-2.52,0,1,0,Phenotypic variance,20,11.910672805084804,11.913224644169635,11.499905538466013,12.53416516636948,6.928557784081625,11.910672805084804,Before the historical event,Event experienced
-2.52,1,0,0,Additive genetic variance,20,0.7410349228315851,0.7176074335804539,0.4445403298452314,1.1553496935026022,0.678557784081625,0.7410349228315851,After the historical event,Event not experienced
-2.52,1,0,0,Nuclear-family environmental variance,20,2.1271149409424006,1.9935977865083032,1.2173322044822288,3.1906102937536183,2.25,2.1271149409424006,After the historical event,Event not experienced
-2.52,1,0,0,Nonshared environmental variance,20,9.04252294131082,9.10750599276211,7.730756019333709,10.268211225117318,4,9.04252294131082,After the historical event,Event not experienced
-2.52,1,0,0,Phenotypic variance,20,11.910672805084804,11.913224644169635,11.499905538466013,12.53416516636948,6.928557784081625,11.910672805084804,After the historical event,Event not experienced
-2.52,1,1,1,Additive genetic variance,20,1.1190411573881294,1.1600206899104506,0.6196878488868163,1.8333826232197707,1.0122892610697007,1.1190411573881294,After the historical event,Event experienced
-2.52,1,1,1,Nuclear-family environmental variance,20,2.092684789979301,1.9424766954937507,1.1461935080103611,3.253294622334579,2.25,2.092684789979301,After the historical event,Event experienced
-2.52,1,1,1,Nonshared environmental variance,20,9.022714507006237,9.102706483298814,7.548236837492789,10.53455559920694,4,9.022714507006237,After the historical event,Event experienced
-2.52,1,1,1,Phenotypic variance,20,12.234440454373667,12.226214871330678,11.634141345079223,12.707990017272127,7.262289261069701,12.234440454373667,After the historical event,Event experienced
-2.5,0,0,0,Additive genetic variance,20,0.7580146170410267,0.733796184296403,0.4573106176659749,1.1759949078260383,0.6950957738017804,0.7580146170410267,Before the historical event,Event not experienced
-2.5,0,0,0,Nuclear-family environmental variance,20,2.1266050489981687,1.9941917959368713,1.2239302841215838,3.181706297124749,2.25,2.1266050489981687,Before the historical event,Event not experienced
-2.5,0,0,0,Nonshared environmental variance,20,9.042970890317845,9.108459981325137,7.7429838084442455,10.25808416048838,4,9.042970890317845,Before the historical event,Event not experienced
-2.5,0,0,0,Phenotypic variance,20,11.927590556357039,11.93061069892627,11.518683053436938,12.54519428913617,6.94509577380178,11.927590556357039,Before the historical event,Event not experienced
-2.5,0,1,0,Additive genetic variance,20,0.7580146170410267,0.733796184296403,0.4573106176659749,1.1759949078260383,0.6950957738017804,0.7580146170410267,Before the historical event,Event experienced
-2.5,0,1,0,Nuclear-family environmental variance,20,2.1266050489981687,1.9941917959368713,1.2239302841215838,3.181706297124749,2.25,2.1266050489981687,Before the historical event,Event experienced
-2.5,0,1,0,Nonshared environmental variance,20,9.042970890317845,9.108459981325137,7.7429838084442455,10.25808416048838,4,9.042970890317845,Before the historical event,Event experienced
-2.5,0,1,0,Phenotypic variance,20,11.927590556357039,11.93061069892627,11.518683053436938,12.54519428913617,6.94509577380178,11.927590556357039,Before the historical event,Event experienced
-2.5,1,0,0,Additive genetic variance,20,0.7580146170410267,0.733796184296403,0.4573106176659749,1.1759949078260383,0.6950957738017804,0.7580146170410267,After the historical event,Event not experienced
-2.5,1,0,0,Nuclear-family environmental variance,20,2.1266050489981687,1.9941917959368713,1.2239302841215838,3.181706297124749,2.25,2.1266050489981687,After the historical event,Event not experienced
-2.5,1,0,0,Nonshared environmental variance,20,9.042970890317845,9.108459981325137,7.7429838084442455,10.25808416048838,4,9.042970890317845,After the historical event,Event not experienced
-2.5,1,0,0,Phenotypic variance,20,11.927590556357039,11.93061069892627,11.518683053436938,12.54519428913617,6.94509577380178,11.927590556357039,After the historical event,Event not experienced
-2.5,1,1,1,Additive genetic variance,20,1.1446759944799536,1.1856185205300593,0.6371883699641703,1.8659906364239744,1.036961042583566,1.1446759944799536,After the historical event,Event experienced
-2.5,1,1,1,Nuclear-family environmental variance,20,2.0922358972398953,1.946185807355625,1.1515525249784426,3.244357815595771,2.25,2.0922358972398953,After the historical event,Event experienced
-2.5,1,1,1,Nonshared environmental variance,20,9.02308831066149,9.101207010000499,7.559226228508464,10.524475856510485,4,9.02308831066149,After the historical event,Event experienced
-2.5,1,1,1,Phenotypic variance,20,12.26000020238134,12.255588743887378,11.663791749164009,12.72634200427926,7.286961042583566,12.26000020238134,After the historical event,Event experienced
-2.48,0,0,0,Additive genetic variance,20,0.7752731800709948,0.750237700754027,0.47036379373989373,1.1968616925253115,0.7119229150004391,0.7752731800709948,Before the historical event,Event not experienced
-2.48,0,0,0,Nuclear-family environmental variance,20,2.126116225548432,1.9947862865063697,1.2305404836226497,3.172864769130232,2.25,2.126116225548432,Before the historical event,Event not experienced
-2.48,0,0,0,Nonshared environmental variance,20,9.043419375286652,9.109402463059048,7.755173957686571,10.248006148874806,4,9.043419375286652,Before the historical event,Event not experienced
-2.48,0,0,0,Phenotypic variance,20,11.944808780906078,11.94826623708402,11.53776955255301,12.556528278106796,6.961922915000439,11.944808780906078,Before the historical event,Event not experienced
-2.48,0,1,0,Additive genetic variance,20,0.7752731800709948,0.750237700754027,0.47036379373989373,1.1968616925253115,0.7119229150004391,0.7752731800709948,Before the historical event,Event experienced
-2.48,0,1,0,Nuclear-family environmental variance,20,2.126116225548432,1.9947862865063697,1.2305404836226497,3.172864769130232,2.25,2.126116225548432,Before the historical event,Event experienced
-2.48,0,1,0,Nonshared environmental variance,20,9.043419375286652,9.109402463059048,7.755173957686571,10.248006148874806,4,9.043419375286652,Before the historical event,Event experienced
-2.48,0,1,0,Phenotypic variance,20,11.944808780906078,11.94826623708402,11.53776955255301,12.556528278106796,6.961922915000439,11.944808780906078,Before the historical event,Event experienced
-2.48,1,0,0,Additive genetic variance,20,0.7752731800709948,0.750237700754027,0.47036379373989373,1.1968616925253115,0.7119229150004391,0.7752731800709948,After the historical event,Event not experienced
-2.48,1,0,0,Nuclear-family environmental variance,20,2.126116225548432,1.9947862865063697,1.2305404836226497,3.172864769130232,2.25,2.126116225548432,After the historical event,Event not experienced
-2.48,1,0,0,Nonshared environmental variance,20,9.043419375286652,9.109402463059048,7.755173957686571,10.248006148874806,4,9.043419375286652,After the historical event,Event not experienced
-2.48,1,0,0,Phenotypic variance,20,11.944808780906078,11.94826623708402,11.53776955255301,12.556528278106796,6.961922915000439,11.944808780906078,After the historical event,Event not experienced
-2.48,1,1,1,Additive genetic variance,20,1.1707320756964585,1.2115977189546339,0.6550649551435477,1.8989457940933727,1.0620641874144219,1.1707320756964585,After the historical event,Event experienced
-2.48,1,1,1,Nuclear-family environmental variance,20,2.091807345842806,1.9498881942922555,1.1569176822253326,3.2354788905149654,2.25,2.091807345842806,After the historical event,Event experienced
-2.48,1,1,1,Nonshared environmental variance,20,9.023462849334551,9.099712082724018,7.569481272794155,10.514440003527929,4,9.023462849334551,After the historical event,Event experienced
-2.48,1,1,1,Phenotypic variance,20,12.286002270873816,12.285292984143428,11.693990082060314,12.745125427025982,7.312064187414422,12.286002270873816,After the historical event,Event experienced
-2.46,0,0,0,Additive genetic variance,20,0.7928118539342615,0.7669326636833627,0.48370320726881394,1.2179487238766793,0.7290407581394106,0.7928118539342615,Before the historical event,Event not experienced
-2.46,0,0,0,Nuclear-family environmental variance,20,2.125648268899485,1.9953812568325806,1.2371625673544293,3.1640853047378217,2.25,2.125648268899485,Before the historical event,Event not experienced
-2.46,0,0,0,Nonshared environmental variance,20,9.043868308495211,9.11033343433084,7.767326228550165,10.237977065209645,4,9.043868308495211,Before the historical event,Event not experienced
-2.46,0,0,0,Phenotypic variance,20,11.962328431328958,11.966191346075394,11.557167203583539,12.568169323436159,6.97904075813941,11.962328431328958,Before the historical event,Event not experienced
-2.46,0,1,0,Additive genetic variance,20,0.7928118539342615,0.7669326636833627,0.48370320726881394,1.2179487238766793,0.7290407581394106,0.7928118539342615,Before the historical event,Event experienced
-2.46,0,1,0,Nuclear-family environmental variance,20,2.125648268899485,1.9953812568325806,1.2371625673544293,3.1640853047378217,2.25,2.125648268899485,Before the historical event,Event experienced
-2.46,0,1,0,Nonshared environmental variance,20,9.043868308495211,9.11033343433084,7.767326228550165,10.237977065209645,4,9.043868308495211,Before the historical event,Event experienced
-2.46,0,1,0,Phenotypic variance,20,11.962328431328958,11.966191346075394,11.557167203583539,12.568169323436159,6.97904075813941,11.962328431328958,Before the historical event,Event experienced
-2.46,1,0,0,Additive genetic variance,20,0.7928118539342615,0.7669326636833627,0.48370320726881394,1.2179487238766793,0.7290407581394106,0.7928118539342615,After the historical event,Event not experienced
-2.46,1,0,0,Nuclear-family environmental variance,20,2.125648268899485,1.9953812568325806,1.2371625673544293,3.1640853047378217,2.25,2.125648268899485,After the historical event,Event not experienced
-2.46,1,0,0,Nonshared environmental variance,20,9.043868308495211,9.11033343433084,7.767326228550165,10.237977065209645,4,9.043868308495211,After the historical event,Event not experienced
-2.46,1,0,0,Phenotypic variance,20,11.962328431328958,11.966191346075394,11.557167203583539,12.568169323436159,6.97904075813941,11.962328431328958,After the historical event,Event not experienced
-2.46,1,1,1,Additive genetic variance,20,1.1972112854734707,1.2379586842078472,0.6733216204322086,1.9322459633085995,1.0876010085794887,1.1972112854734707,After the historical event,Event experienced
-2.46,1,1,1,Nuclear-family environmental variance,20,2.091398937872177,1.9535837284090354,1.162288820189596,3.2266574927356815,2.25,2.091398937872177,After the historical event,Event experienced
-2.46,1,1,1,Nonshared environmental variance,20,9.023838035830568,9.098221684242223,7.579703276374829,10.504447927562289,4,9.023838035830568,After the historical event,Event experienced
-2.46,1,1,1,Phenotypic variance,20,12.312448259176218,12.315326358341707,11.724740528162803,12.764341487054477,7.3376010085794885,12.312448259176218,After the historical event,Event experienced
-2.44,0,0,0,Additive genetic variance,20,0.8106317789831667,0.7840555433070149,0.49733214735523323,1.2392545693086399,0.7464507498858595,0.8106317789831667,Before the historical event,Event not experienced
-2.44,0,0,0,Nuclear-family environmental variance,20,2.125200978171412,1.9959767055476059,1.243796297293576,3.1553675026120684,2.25,2.125200978171412,Before the historical event,Event not experienced
-2.44,0,0,0,Nonshared environmental variance,20,9.044317602566426,9.111252891554873,7.779440382985598,10.227996785108253,4,9.044317602566426,Before the historical event,Event not experienced
-2.44,0,0,0,Phenotypic variance,20,11.980150359721005,11.984386037143707,11.57687807655888,12.580119530079447,6.9964507498858595,11.980150359721005,Before the historical event,Event not experienced
-2.44,0,1,0,Additive genetic variance,20,0.8106317789831667,0.7840555433070149,0.49733214735523323,1.2392545693086399,0.7464507498858595,0.8106317789831667,Before the historical event,Event experienced
-2.44,0,1,0,Nuclear-family environmental variance,20,2.125200978171412,1.9959767055476059,1.243796297293576,3.1553675026120684,2.25,2.125200978171412,Before the historical event,Event experienced
-2.44,0,1,0,Nonshared environmental variance,20,9.044317602566426,9.111252891554873,7.779440382985598,10.227996785108253,4,9.044317602566426,Before the historical event,Event experienced
-2.44,0,1,0,Phenotypic variance,20,11.980150359721005,11.984386037143707,11.57687807655888,12.580119530079447,6.9964507498858595,11.980150359721005,Before the historical event,Event experienced
-2.44,1,0,0,Additive genetic variance,20,0.8106317789831667,0.7840555433070149,0.49733214735523323,1.2392545693086399,0.7464507498858595,0.8106317789831667,After the historical event,Event not experienced
-2.44,1,0,0,Nuclear-family environmental variance,20,2.125200978171412,1.9959767055476059,1.243796297293576,3.1553675026120684,2.25,2.125200978171412,After the historical event,Event not experienced
-2.44,1,0,0,Nonshared environmental variance,20,9.044317602566426,9.111252891554873,7.779440382985598,10.227996785108253,4,9.044317602566426,After the historical event,Event not experienced
-2.44,1,0,0,Phenotypic variance,20,11.980150359721005,11.984386037143707,11.57687807655888,12.580119530079447,6.9964507498858595,11.980150359721005,After the historical event,Event not experienced
-2.44,1,1,1,Additive genetic variance,20,1.224115354635506,1.264505460551337,0.6919622859879484,1.9658888403414518,1.1135736642525718,1.224115354635506,After the historical event,Event experienced
-2.44,1,1,1,Nuclear-family environmental variance,20,2.0910104761673285,1.9572722816715746,1.1676657781986877,3.217893270831519,2.25,2.0910104761673285,After the historical event,Event experienced
-2.44,1,1,1,Nonshared environmental variance,20,9.024213783298475,9.096735797457598,7.589892061869857,10.4944995165128,4,9.024213783298475,After the historical event,Event experienced
-2.44,1,1,1,Phenotypic variance,20,12.33933961410131,12.345687499630309,11.756047093998895,12.783991238007426,7.363573664252572,12.33933961410131,After the historical event,Event experienced
-2.42,0,0,0,Additive genetic variance,20,0.8287339907154905,0.8027616286824291,0.5112538389188863,1.260777686149264,0.7641542296799063,0.8287339907154905,Before the historical event,Event not experienced
-2.42,0,0,0,Nuclear-family environmental variance,20,2.1247741532911006,1.9965726312998893,1.2504414330344096,3.1467109650804543,2.25,2.1247741532911006,Before the historical event,Event not experienced
-2.42,0,0,0,Nonshared environmental variance,20,9.044767170468937,9.112160831192893,7.791516183412254,10.218065184865715,4,9.044767170468937,Before the historical event,Event not experienced
-2.42,0,0,0,Phenotypic variance,20,11.998275314475528,11.998496261361552,11.59690413940805,12.592380913919804,7.014154229679907,11.998275314475528,Before the historical event,Event not experienced
-2.42,0,1,0,Additive genetic variance,20,0.8287339907154905,0.8027616286824291,0.5112538389188863,1.260777686149264,0.7641542296799063,0.8287339907154905,Before the historical event,Event experienced
-2.42,0,1,0,Nuclear-family environmental variance,20,2.1247741532911006,1.9965726312998893,1.2504414330344096,3.1467109650804543,2.25,2.1247741532911006,Before the historical event,Event experienced
-2.42,0,1,0,Nonshared environmental variance,20,9.044767170468937,9.112160831192893,7.791516183412254,10.218065184865715,4,9.044767170468937,Before the historical event,Event experienced
-2.42,0,1,0,Phenotypic variance,20,11.998275314475528,11.998496261361552,11.59690413940805,12.592380913919804,7.014154229679907,11.998275314475528,Before the historical event,Event experienced
-2.42,1,0,0,Additive genetic variance,20,0.8287339907154905,0.8027616286824291,0.5112538389188863,1.260777686149264,0.7641542296799063,0.8287339907154905,After the historical event,Event not experienced
-2.42,1,0,0,Nuclear-family environmental variance,20,2.1247741532911006,1.9965726312998893,1.2504414330344096,3.1467109650804543,2.25,2.1247741532911006,After the historical event,Event not experienced
-2.42,1,0,0,Nonshared environmental variance,20,9.044767170468937,9.112160831192893,7.791516183412254,10.218065184865715,4,9.044767170468937,After the historical event,Event not experienced
-2.42,1,0,0,Phenotypic variance,20,11.998275314475528,11.998496261361552,11.59690413940805,12.592380913919804,7.014154229679907,11.998275314475528,After the historical event,Event not experienced
-2.42,1,1,1,Additive genetic variance,20,1.2514458555538142,1.291198597478775,0.7109907705975604,1.9998719487265464,1.1399841526435242,1.2514458555538142,After the historical event,Event experienced
-2.42,1,1,1,Nuclear-family environmental variance,20,2.090641764316535,1.9609537259135972,1.1730483944757961,3.2091858762814534,2.25,2.090641764316535,After the historical event,Event experienced
-2.42,1,1,1,Nonshared environmental variance,20,9.024590005231765,9.095254405402091,7.600047452279709,10.484594658872584,4,9.024590005231765,After the historical event,Event experienced
-2.42,1,1,1,Phenotypic variance,20,12.366677625102113,12.376374905802942,11.78791360044994,12.80407558129032,7.389984152643525,12.366677625102113,After the historical event,Event experienced
-2.4,0,0,0,Additive genetic variance,20,0.8471194165850446,0.8217826760929758,0.525471438556012,1.2825164204217492,0.7821524263067797,0.8471194165850446,Before the historical event,Event not experienced
-2.4,0,0,0,Nuclear-family environmental variance,20,2.124367594985441,1.9971690327542433,1.2570977317993226,3.138115298099895,2.25,2.124367594985441,Before the historical event,Event not experienced
-2.4,0,0,0,Nonshared environmental variance,20,9.04521692551793,9.11305724975405,7.803553392726037,10.20818214145431,4,9.04521692551793,Before the historical event,Event not experienced
-2.4,0,0,0,Phenotypic variance,20,12.016703937088417,12.009831262453229,11.61724725357322,12.60495539786962,7.03215242630678,12.016703937088417,Before the historical event,Event not experienced
-2.4,0,1,0,Additive genetic variance,20,0.8471194165850446,0.8217826760929758,0.525471438556012,1.2825164204217492,0.7821524263067797,0.8471194165850446,Before the historical event,Event experienced
-2.4,0,1,0,Nuclear-family environmental variance,20,2.124367594985441,1.9971690327542433,1.2570977317993226,3.138115298099895,2.25,2.124367594985441,Before the historical event,Event experienced
-2.4,0,1,0,Nonshared environmental variance,20,9.04521692551793,9.11305724975405,7.803553392726037,10.20818214145431,4,9.04521692551793,Before the historical event,Event experienced
-2.4,0,1,0,Phenotypic variance,20,12.016703937088417,12.009831262453229,11.61724725357322,12.60495539786962,7.03215242630678,12.016703937088417,Before the historical event,Event experienced
-2.4,1,0,0,Additive genetic variance,20,0.8471194165850446,0.8217826760929758,0.525471438556012,1.2825164204217492,0.7821524263067797,0.8471194165850446,After the historical event,Event not experienced
-2.4,1,0,0,Nuclear-family environmental variance,20,2.124367594985441,1.9971690327542433,1.2570977317993226,3.138115298099895,2.25,2.124367594985441,After the historical event,Event not experienced
-2.4,1,0,0,Nonshared environmental variance,20,9.04521692551793,9.11305724975405,7.803553392726037,10.20818214145431,4,9.04521692551793,After the historical event,Event not experienced
-2.4,1,0,0,Phenotypic variance,20,12.016703937088417,12.009831262453229,11.61724725357322,12.60495539786962,7.03215242630678,12.016703937088417,After the historical event,Event not experienced
-2.4,1,1,1,Additive genetic variance,20,1.2792041973112116,1.318265041566583,0.7304107860949642,2.034192637408965,1.1668343068844977,1.2792041973112116,After the historical event,Event experienced
-2.4,1,1,1,Nuclear-family environmental variance,20,2.0902926066509813,1.9646279328448812,1.1784365061468254,3.2005349634453757,2.25,2.0902926066509813,After the historical event,Event experienced
-2.4,1,1,1,Nonshared environmental variance,20,9.024966615469287,9.093777491236946,7.610169270991131,10.474733243726336,4,9.024966615469287,After the historical event,Event experienced
-2.4,1,1,1,Phenotypic variance,20,12.39446341943148,12.407386937083393,11.820343674935238,12.82459526175558,7.416834306884498,12.39446341943148,After the historical event,Event experienced
-2.38,0,0,0,Additive genetic variance,20,0.865788872820178,0.8411199178501271,0.5399880303442035,1.3044690056900392,0.8004464544769518,0.865788872820178,Before the historical event,Event not experienced
-2.38,0,0,0,Nuclear-family environmental variance,20,2.123981104774698,1.9978661434146487,1.2637649484495952,3.129580111223619,2.25,2.123981104774698,Before the historical event,Event not experienced
-2.38,0,0,0,Nonshared environmental variance,20,9.045666781375951,9.113942143794935,7.815551774307102,10.199234873969456,4,9.045666781375951,Before the historical event,Event not experienced
-2.38,0,0,0,Phenotypic variance,20,12.035436758970826,12.0214950331589,11.637909169605274,12.617844807948865,7.050446454476952,12.035436758970826,Before the historical event,Event not experienced
-2.38,0,1,0,Additive genetic variance,20,0.865788872820178,0.8411199178501271,0.5399880303442035,1.3044690056900392,0.8004464544769518,0.865788872820178,Before the historical event,Event experienced
-2.38,0,1,0,Nuclear-family environmental variance,20,2.123981104774698,1.9978661434146487,1.2637649484495952,3.129580111223619,2.25,2.123981104774698,Before the historical event,Event experienced
-2.38,0,1,0,Nonshared environmental variance,20,9.045666781375951,9.113942143794935,7.815551774307102,10.199234873969456,4,9.045666781375951,Before the historical event,Event experienced
-2.38,0,1,0,Phenotypic variance,20,12.035436758970826,12.0214950331589,11.637909169605274,12.617844807948865,7.050446454476952,12.035436758970826,Before the historical event,Event experienced
-2.38,1,0,0,Additive genetic variance,20,0.865788872820178,0.8411199178501271,0.5399880303442035,1.3044690056900392,0.8004464544769518,0.865788872820178,After the historical event,Event not experienced
-2.38,1,0,0,Nuclear-family environmental variance,20,2.123981104774698,1.9978661434146487,1.2637649484495952,3.129580111223619,2.25,2.123981104774698,After the historical event,Event not experienced
-2.38,1,0,0,Nonshared environmental variance,20,9.045666781375951,9.113942143794935,7.815551774307102,10.199234873969456,4,9.045666781375951,After the historical event,Event not experienced
-2.38,1,0,0,Phenotypic variance,20,12.035436758970826,12.0214950331589,11.637909169605274,12.617844807948865,7.050446454476952,12.035436758970826,After the historical event,Event not experienced
-2.38,1,1,1,Additive genetic variance,20,1.3073916208785452,1.3457047317175186,0.7502259317234543,2.069607819794556,1.1941257899281055,1.3073916208785452,After the historical event,Event experienced
-2.38,1,1,1,Nuclear-family environmental variance,20,2.08996280823889,1.9682947740592305,1.1838299492475257,3.1919401895398725,2.25,2.08996280823889,After the historical event,Event experienced
-2.38,1,1,1,Nonshared environmental variance,20,9.025343528196043,9.092305038252537,7.620257341782371,10.464955225909051,4,9.025343528196043,After the historical event,Event experienced
-2.38,1,1,1,Phenotypic variance,20,12.422697957313478,12.438721813956604,11.853340743566335,12.845550863413301,7.444125789928106,12.422697957313478,After the historical event,Event experienced
-2.36,0,0,0,Additive genetic variance,20,0.8847430612534606,0.8607744571255211,0.5548066215958743,1.32663356195632,0.8190373114177745,0.8847430612534606,Before the historical event,Event not experienced
-2.36,0,0,0,Nuclear-family environmental variance,20,2.123614484966068,1.9988000016305902,1.2704428354966013,3.121105017568408,2.25,2.123614484966068,Before the historical event,Event not experienced
-2.36,0,0,0,Nonshared environmental variance,20,9.046116652053712,9.114815509919595,7.827511092027548,10.190429385494138,4,9.046116652053712,Before the historical event,Event not experienced
-2.36,0,0,0,Phenotypic variance,20,12.05447419827324,12.03709909458184,11.658891522744742,12.631050869344152,7.069037311417775,12.05447419827324,Before the historical event,Event not experienced
-2.36,0,1,0,Additive genetic variance,20,0.8847430612534606,0.8607744571255211,0.5548066215958743,1.32663356195632,0.8190373114177745,0.8847430612534606,Before the historical event,Event experienced
-2.36,0,1,0,Nuclear-family environmental variance,20,2.123614484966068,1.9988000016305902,1.2704428354966013,3.121105017568408,2.25,2.123614484966068,Before the historical event,Event experienced
-2.36,0,1,0,Nonshared environmental variance,20,9.046116652053712,9.114815509919595,7.827511092027548,10.190429385494138,4,9.046116652053712,Before the historical event,Event experienced
-2.36,0,1,0,Phenotypic variance,20,12.05447419827324,12.03709909458184,11.658891522744742,12.631050869344152,7.069037311417775,12.05447419827324,Before the historical event,Event experienced
-2.36,1,0,0,Additive genetic variance,20,0.8847430612534606,0.8607744571255211,0.5548066215958743,1.32663356195632,0.8190373114177745,0.8847430612534606,After the historical event,Event not experienced
-2.36,1,0,0,Nuclear-family environmental variance,20,2.123614484966068,1.9988000016305902,1.2704428354966013,3.121105017568408,2.25,2.123614484966068,After the historical event,Event not experienced
-2.36,1,0,0,Nonshared environmental variance,20,9.046116652053712,9.114815509919595,7.827511092027548,10.190429385494138,4,9.046116652053712,After the historical event,Event not experienced
-2.36,1,0,0,Phenotypic variance,20,12.05447419827324,12.03709909458184,11.658891522744742,12.631050869344152,7.069037311417775,12.05447419827324,After the historical event,Event not experienced
-2.36,1,1,1,Additive genetic variance,20,1.3360091943077483,1.373517442699448,0.7704396884467029,2.106010219300999,1.2218600894627403,1.3360091943077483,After the historical event,Event experienced
-2.36,1,1,1,Nuclear-family environmental variance,20,2.089652174879822,1.9719541210424865,1.1892285587307643,3.183401214614249,2.25,2.089652174879822,After the historical event,Event experienced
-2.36,1,1,1,Nonshared environmental variance,20,9.025720657943975,9.090837029868233,7.630311488828347,10.455324230772657,4,9.025720657943975,After the historical event,Event experienced
-2.36,1,1,1,Phenotypic variance,20,12.451382027131544,12.470377615049038,11.886908023279375,12.866942805173142,7.471860089462741,12.451382027131544,After the historical event,Event experienced
-2.34,0,0,0,Additive genetic variance,20,0.9039825661658814,0.8807472640863415,0.5699301385635172,1.3490080946122043,0.8379258734801921,0.9039825661658814,Before the historical event,Event not experienced
-2.34,0,0,0,Nuclear-family environmental variance,20,2.1232675386474096,1.9997358249169266,1.2771311431134214,3.112689633782195,2.25,2.1232675386474096,Before the historical event,Event not experienced
-2.34,0,0,0,Nonshared environmental variance,20,9.046566451910913,9.115677344779549,7.839431110259124,10.181661159965175,4,9.046566451910913,Before the historical event,Event not experienced
-2.34,0,0,0,Phenotypic variance,20,12.073816556724204,12.055336952566863,11.680195828492508,12.644575202452023,7.0879258734801915,12.073816556724204,Before the historical event,Event not experienced
-2.34,0,1,0,Additive genetic variance,20,0.9039825661658814,0.8807472640863415,0.5699301385635172,1.3490080946122043,0.8379258734801921,0.9039825661658814,Before the historical event,Event experienced
-2.34,0,1,0,Nuclear-family environmental variance,20,2.1232675386474096,1.9997358249169266,1.2771311431134214,3.112689633782195,2.25,2.1232675386474096,Before the historical event,Event experienced
-2.34,0,1,0,Nonshared environmental variance,20,9.046566451910913,9.115677344779549,7.839431110259124,10.181661159965175,4,9.046566451910913,Before the historical event,Event experienced
-2.34,0,1,0,Phenotypic variance,20,12.073816556724204,12.055336952566863,11.680195828492508,12.644575202452023,7.0879258734801915,12.073816556724204,Before the historical event,Event experienced
-2.34,1,0,0,Additive genetic variance,20,0.9039825661658814,0.8807472640863415,0.5699301385635172,1.3490080946122043,0.8379258734801921,0.9039825661658814,After the historical event,Event not experienced
-2.34,1,0,0,Nuclear-family environmental variance,20,2.1232675386474096,1.9997358249169266,1.2771311431134214,3.112689633782195,2.25,2.1232675386474096,After the historical event,Event not experienced
-2.34,1,0,0,Nonshared environmental variance,20,9.046566451910913,9.115677344779549,7.839431110259124,10.181661159965175,4,9.046566451910913,After the historical event,Event not experienced
-2.34,1,0,0,Phenotypic variance,20,12.073816556724204,12.055336952566863,11.680195828492508,12.644575202452023,7.0879258734801915,12.073816556724204,After the historical event,Event not experienced
-2.34,1,1,1,Additive genetic variance,20,1.365057807946547,1.4017027818756314,0.791055413213346,2.142786815946805,1.2500385128503848,1.365057807946547,After the historical event,Event experienced
-2.34,1,1,1,Nuclear-family environmental variance,20,2.0893605130991437,1.9756058451805716,1.19463216847394,3.1749177015267853,2.25,2.0893605130991437,After the historical event,Event experienced
-2.34,1,1,1,Nonshared environmental variance,20,9.026097919592765,9.089373449632195,7.640331536705863,10.445734820212722,4,9.026097919592765,After the historical event,Event experienced
-2.34,1,1,1,Phenotypic variance,20,12.480516240638455,12.502352275060936,11.921048513953409,12.888771336622208,7.500038512850384,12.480516240638455,After the historical event,Event experienced
-2.32,0,0,0,Additive genetic variance,20,0.9235078511489611,0.9010391720496109,0.5853614221000862,1.3715904934453864,0.8571128927641797,0.9235078511489611,Before the historical event,Event not experienced
-2.32,0,0,0,Nuclear-family environmental variance,20,2.1229400696811482,2.0006736133085656,1.283829619146852,3.1043335800120264,2.25,2.1229400696811482,Before the historical event,Event not experienced
-2.32,0,0,0,Nonshared environmental variance,20,9.047016095657064,9.116527645073838,7.85131159388092,10.17293011240851,4,9.047016095657064,Before the historical event,Event not experienced
-2.32,0,0,0,Phenotypic variance,20,12.093464016487172,12.079494859190433,11.701823478174868,12.658419318910402,7.10711289276418,12.093464016487172,Before the historical event,Event not experienced
-2.32,0,1,0,Additive genetic variance,20,0.9235078511489611,0.9010391720496109,0.5853614221000862,1.3715904934453864,0.8571128927641797,0.9235078511489611,Before the historical event,Event experienced
-2.32,0,1,0,Nuclear-family environmental variance,20,2.1229400696811482,2.0006736133085656,1.283829619146852,3.1043335800120264,2.25,2.1229400696811482,Before the historical event,Event experienced
-2.32,0,1,0,Nonshared environmental variance,20,9.047016095657064,9.116527645073838,7.85131159388092,10.17293011240851,4,9.047016095657064,Before the historical event,Event experienced
-2.32,0,1,0,Phenotypic variance,20,12.093464016487172,12.079494859190433,11.701823478174868,12.658419318910402,7.10711289276418,12.093464016487172,Before the historical event,Event experienced
-2.32,1,0,0,Additive genetic variance,20,0.9235078511489611,0.9010391720496109,0.5853614221000862,1.3715904934453864,0.8571128927641797,0.9235078511489611,After the historical event,Event not experienced
-2.32,1,0,0,Nuclear-family environmental variance,20,2.1229400696811482,2.0006736133085656,1.283829619146852,3.1043335800120264,2.25,2.1229400696811482,After the historical event,Event not experienced
-2.32,1,0,0,Nonshared environmental variance,20,9.047016095657064,9.116527645073838,7.85131159388092,10.17293011240851,4,9.047016095657064,After the historical event,Event not experienced
-2.32,1,0,0,Phenotypic variance,20,12.093464016487172,12.079494859190433,11.701823478174868,12.658419318910402,7.10711289276418,12.093464016487172,After the historical event,Event not experienced
-2.32,1,1,1,Additive genetic variance,20,1.3945381696799792,1.4302601859894626,0.8120763331801768,2.1799346806392004,1.278662182092357,1.3945381696799792,After the historical event,Event experienced
-2.32,1,1,1,Nuclear-family environmental variance,20,2.0890876301426697,1.9792498177675721,1.2000406112865427,3.166489315921229,2.25,2.0890876301426697,After the historical event,Event experienced
-2.32,1,1,1,Nonshared environmental variance,20,9.026475228370646,9.087914281221254,7.650317310398763,10.436186890884848,4,9.026475228370646,After the historical event,Event experienced
-2.32,1,1,1,Phenotypic variance,20,12.510101028193295,12.53464358275313,11.955764990522855,12.911036533843685,7.528662182092357,12.510101028193295,After the historical event,Event experienced
-2.3,0,0,0,Additive genetic variance,20,0.9433192559882463,0.9216508736597923,0.601103223277983,1.3943785317035509,0.8765989937666194,0.9433192559882463,Before the historical event,Event not experienced
-2.3,0,0,0,Nuclear-family environmental variance,20,2.12263188269836,2.001613366850088,1.2905380091298189,3.0960364798723665,2.25,2.12263188269836,Before the historical event,Event not experienced
-2.3,0,0,0,Nonshared environmental variance,20,9.047465498352299,9.117366407549017,7.8631523082870665,10.16423615827648,4,9.047465498352299,Before the historical event,Event not experienced
-2.3,0,0,0,Phenotypic variance,20,12.113416637038906,12.107839932345495,11.723775734507646,12.672584617622011,7.12659899376662,12.113416637038906,Before the historical event,Event not experienced
-2.3,0,1,0,Additive genetic variance,20,0.9433192559882463,0.9216508736597923,0.601103223277983,1.3943785317035509,0.8765989937666194,0.9433192559882463,Before the historical event,Event experienced
-2.3,0,1,0,Nuclear-family environmental variance,20,2.12263188269836,2.001613366850088,1.2905380091298189,3.0960364798723665,2.25,2.12263188269836,Before the historical event,Event experienced
-2.3,0,1,0,Nonshared environmental variance,20,9.047465498352299,9.117366407549017,7.8631523082870665,10.16423615827648,4,9.047465498352299,Before the historical event,Event experienced
-2.3,0,1,0,Phenotypic variance,20,12.113416637038906,12.107839932345495,11.723775734507646,12.672584617622011,7.12659899376662,12.113416637038906,Before the historical event,Event experienced
-2.3,1,0,0,Additive genetic variance,20,0.9433192559882463,0.9216508736597923,0.601103223277983,1.3943785317035509,0.8765989937666194,0.9433192559882463,After the historical event,Event not experienced
-2.3,1,0,0,Nuclear-family environmental variance,20,2.12263188269836,2.001613366850088,1.2905380091298189,3.0960364798723665,2.25,2.12263188269836,After the historical event,Event not experienced
-2.3,1,0,0,Nonshared environmental variance,20,9.047465498352299,9.117366407549017,7.8631523082870665,10.16423615827648,4,9.047465498352299,After the historical event,Event not experienced
-2.3,1,0,0,Phenotypic variance,20,12.113416637038906,12.107839932345495,11.723775734507646,12.672584617622011,7.12659899376662,12.113416637038906,After the historical event,Event not experienced
-2.3,1,1,1,Additive genetic variance,20,1.4244508002039926,1.4591889180076016,0.8335055398991514,2.2174506821269695,1.3077320288285288,1.4244508002039926,After the historical event,Event experienced
-2.3,1,1,1,Nuclear-family environmental variance,20,2.0888333339714658,1.982885910013851,1.205453718917855,3.1581157262035164,2.25,2.0888333339714658,After the historical event,Event experienced
-2.3,1,1,1,Nonshared environmental variance,20,9.026852499855202,9.086459508440731,7.660268635303131,10.426680339988758,4,9.026852499855202,After the historical event,Event experienced
-2.3,1,1,1,Phenotypic variance,20,12.54013663403066,12.567249178991007,11.986723033955794,12.933738295281207,7.557732028828529,12.54013663403066,After the historical event,Event experienced
-2.2800000000000002,0,0,0,Additive genetic variance,20,0.9634169935717094,0.9425829170941532,0.6171581989702637,1.4173698652172733,0.8963846700553841,0.9634169935717094,Before the historical event,Event not experienced
-2.2800000000000002,0,0,0,Nuclear-family environmental variance,20,2.1223427830930244,2.002555085595755,1.2972560562941933,3.08779796041376,2.25,2.1223427830930244,Before the historical event,Event not experienced
-2.2800000000000002,0,0,0,Nonshared environmental variance,20,9.04791457540821,9.118193628999201,7.8749530193943995,10.155579213446353,4,9.04791457540821,Before the historical event,Event not experienced
-2.2800000000000002,0,0,0,Phenotypic variance,20,12.133674352072944,12.136448622570722,11.746053727164107,12.687072380773792,7.146384670055384,12.133674352072944,Before the historical event,Event not experienced
-2.2800000000000002,0,1,0,Additive genetic variance,20,0.9634169935717094,0.9425829170941532,0.6171581989702637,1.4173698652172733,0.8963846700553841,0.9634169935717094,Before the historical event,Event experienced
-2.2800000000000002,0,1,0,Nuclear-family environmental variance,20,2.1223427830930244,2.002555085595755,1.2972560562941933,3.08779796041376,2.25,2.1223427830930244,Before the historical event,Event experienced
-2.2800000000000002,0,1,0,Nonshared environmental variance,20,9.04791457540821,9.118193628999201,7.8749530193943995,10.155579213446353,4,9.04791457540821,Before the historical event,Event experienced
-2.2800000000000002,0,1,0,Phenotypic variance,20,12.133674352072944,12.136448622570722,11.746053727164107,12.687072380773792,7.146384670055384,12.133674352072944,Before the historical event,Event experienced
-2.2800000000000002,1,0,0,Additive genetic variance,20,0.9634169935717094,0.9425829170941532,0.6171581989702637,1.4173698652172733,0.8963846700553841,0.9634169935717094,After the historical event,Event not experienced
-2.2800000000000002,1,0,0,Nuclear-family environmental variance,20,2.1223427830930244,2.002555085595755,1.2972560562941933,3.08779796041376,2.25,2.1223427830930244,After the historical event,Event not experienced
-2.2800000000000002,1,0,0,Nonshared environmental variance,20,9.04791457540821,9.118193628999201,7.8749530193943995,10.155579213446353,4,9.04791457540821,After the historical event,Event not experienced
-2.2800000000000002,1,0,0,Phenotypic variance,20,12.133674352072944,12.136448622570722,11.746053727164107,12.687072380773792,7.146384670055384,12.133674352072944,After the historical event,Event not experienced
-2.2800000000000002,1,1,1,Additive genetic variance,20,1.4547960283364672,1.488488064025442,0.8553459834735991,2.2553314849145045,1.3372487893756433,1.4547960283364672,After the historical event,Event experienced
-2.2800000000000002,1,1,1,Nuclear-family environmental variance,20,2.0885974332568242,1.9865139930541944,1.2108713220647949,3.1497966035187352,2.25,2.0885974332568242,After the historical event,Event experienced
-2.2800000000000002,1,1,1,Nonshared environmental variance,20,9.027229649974164,9.085009115224292,7.670185337232455,10.417215065266202,4,9.027229649974164,After the historical event,Event experienced
-2.2800000000000002,1,1,1,Phenotypic variance,20,12.570623111567455,12.598214867244248,12.015074255846203,12.956876337653803,7.587248789375643,12.570623111567455,After the historical event,Event experienced
-2.26,0,0,0,Additive genetic variance,20,0.9838011468266435,0.9638357023004475,0.6335289073978507,1.440562031583653,0.9164702809734635,0.9838011468266435,Before the historical event,Event not experienced
-2.26,0,0,0,Nuclear-family environmental variance,20,2.1220725770164472,2.0034987696095183,1.3039835015840073,3.0796176520918346,2.25,2.1220725770164472,Before the historical event,Event not experienced
-2.26,0,0,0,Nonshared environmental variance,20,9.04836324258866,9.119009306266063,7.886713493650143,10.146959194218853,4,9.04836324258866,Before the historical event,Event not experienced
-2.26,0,0,0,Phenotypic variance,20,12.154236966431752,12.165319011132826,11.768658448351655,12.701883769856469,7.1664702809734635,12.154236966431752,Before the historical event,Event not experienced
-2.26,0,1,0,Additive genetic variance,20,0.9838011468266435,0.9638357023004475,0.6335289073978507,1.440562031583653,0.9164702809734635,0.9838011468266435,Before the historical event,Event experienced
-2.26,0,1,0,Nuclear-family environmental variance,20,2.1220725770164472,2.0034987696095183,1.3039835015840073,3.0796176520918346,2.25,2.1220725770164472,Before the historical event,Event experienced
-2.26,0,1,0,Nonshared environmental variance,20,9.04836324258866,9.119009306266063,7.886713493650143,10.146959194218853,4,9.04836324258866,Before the historical event,Event experienced
-2.26,0,1,0,Phenotypic variance,20,12.154236966431752,12.165319011132826,11.768658448351655,12.701883769856469,7.1664702809734635,12.154236966431752,Before the historical event,Event experienced
-2.26,1,0,0,Additive genetic variance,20,0.9838011468266435,0.9638357023004475,0.6335289073978507,1.440562031583653,0.9164702809734635,0.9838011468266435,After the historical event,Event not experienced
-2.26,1,0,0,Nuclear-family environmental variance,20,2.1220725770164472,2.0034987696095183,1.3039835015840073,3.0796176520918346,2.25,2.1220725770164472,After the historical event,Event not experienced
-2.26,1,0,0,Nonshared environmental variance,20,9.04836324258866,9.119009306266063,7.886713493650143,10.146959194218853,4,9.04836324258866,After the historical event,Event not experienced
-2.26,1,0,0,Phenotypic variance,20,12.154236966431752,12.165319011132826,11.768658448351655,12.701883769856469,7.1664702809734635,12.154236966431752,After the historical event,Event not experienced
-2.26,1,1,1,Additive genetic variance,20,1.4855739863711184,1.5181565302388869,0.8776004666892183,2.2935735472749013,1.3672129998104472,1.4855739863711184,After the historical event,Event experienced
-2.26,1,1,1,Nuclear-family environmental variance,20,2.088379737375402,1.9877405925730933,1.2162932503799047,3.1415316217282916,2.25,2.088379737375402,After the historical event,Event experienced
-2.26,1,1,1,Nonshared environmental variance,20,9.027606595006231,9.085133353794841,7.680067242422794,10.407790964998913,4,9.027606595006231,After the historical event,Event experienced
-2.26,1,1,1,Phenotypic variance,20,12.601560318752751,12.62653499846627,12.043864500326652,12.981292418171247,7.617212999810447,12.601560318752751,After the historical event,Event experienced
-2.24,0,0,0,Additive genetic variance,20,1.0044716656886812,0.9854094772715021,0.6502178036466485,1.4639524494123677,0.9368560483769987,1.0044716656886812,Before the historical event,Event not experienced
-2.24,0,0,0,Nuclear-family environmental variance,20,2.1218210713718606,2.00444441896503,1.3107200836690738,3.0714951887366455,2.25,2.1218210713718606,Before the historical event,Event not experienced
-2.24,0,0,0,Nonshared environmental variance,20,9.048811416010624,9.11981343623889,7.898433498039568,10.138376017316718,4,9.048811416010624,Before the historical event,Event not experienced
-2.24,0,0,0,Phenotypic variance,20,12.175104153071166,12.193881223075838,11.791590748402331,12.71701982168851,7.186856048376999,12.175104153071166,Before the historical event,Event not experienced
-2.24,0,1,0,Additive genetic variance,20,1.0044716656886812,0.9854094772715021,0.6502178036466485,1.4639524494123677,0.9368560483769987,1.0044716656886812,Before the historical event,Event experienced
-2.24,0,1,0,Nuclear-family environmental variance,20,2.1218210713718606,2.00444441896503,1.3107200836690738,3.0714951887366455,2.25,2.1218210713718606,Before the historical event,Event experienced
-2.24,0,1,0,Nonshared environmental variance,20,9.048811416010624,9.11981343623889,7.898433498039568,10.138376017316718,4,9.048811416010624,Before the historical event,Event experienced
-2.24,0,1,0,Phenotypic variance,20,12.175104153071166,12.193881223075838,11.791590748402331,12.71701982168851,7.186856048376999,12.175104153071166,Before the historical event,Event experienced
-2.24,1,0,0,Additive genetic variance,20,1.0044716656886812,0.9854094772715021,0.6502178036466485,1.4639524494123677,0.9368560483769987,1.0044716656886812,After the historical event,Event not experienced
-2.24,1,0,0,Nuclear-family environmental variance,20,2.1218210713718606,2.00444441896503,1.3107200836690738,3.0714951887366455,2.25,2.1218210713718606,After the historical event,Event not experienced
-2.24,1,0,0,Nonshared environmental variance,20,9.048811416010624,9.11981343623889,7.898433498039568,10.138376017316718,4,9.048811416010624,After the historical event,Event not experienced
-2.24,1,0,0,Phenotypic variance,20,12.175104153071166,12.193881223075838,11.791590748402331,12.71701982168851,7.186856048376999,12.175104153071166,After the historical event,Event not experienced
-2.24,1,1,1,Additive genetic variance,20,1.5167846054797893,1.5481930399863946,0.9002716391256,2.3321731193655886,1.3976249911034113,1.5167846054797893,After the historical event,Event experienced
-2.24,1,1,1,Nuclear-family environmental variance,20,2.088180056404522,1.988178840676753,1.221719332479478,3.13332045738733,2.25,2.088180056404522,After the historical event,Event experienced
-2.24,1,1,1,Nonshared environmental variance,20,9.027983251581878,9.084313116355872,7.6899141775379265,10.398407938006551,4,9.027983251581878,After the historical event,Event experienced
-2.24,1,1,1,Phenotypic variance,20,12.63294791346619,12.655196303134145,12.073094632964558,13.015485740268424,7.647624991103411,12.63294791346619,After the historical event,Event experienced
-2.2199999999999998,0,0,0,Additive genetic variance,20,1.0254283641066457,1.0073043343614132,0.6672272351586419,1.4875384176358484,0.9575420534111857,1.0254283641066457,Before the historical event,Event not experienced
-2.2199999999999998,0,0,0,Nuclear-family environmental variance,20,2.121588073809183,2.005392033745651,1.3174655389590118,3.0634302075223543,2.25,2.121588073809183,Before the historical event,Event not experienced
-2.2199999999999998,0,0,0,Nonshared environmental variance,20,9.049259012145008,9.120606015854557,7.910112800093652,10.129829599883248,4,9.049259012145008,Before the historical event,Event not experienced
-2.2199999999999998,0,0,0,Phenotypic variance,20,12.196275450060837,12.21440607220951,11.814851331382236,12.73248144444876,7.207542053411186,12.196275450060837,Before the historical event,Event not experienced
-2.2199999999999998,0,1,0,Additive genetic variance,20,1.0254283641066457,1.0073043343614132,0.6672272351586419,1.4875384176358484,0.9575420534111857,1.0254283641066457,Before the historical event,Event experienced
-2.2199999999999998,0,1,0,Nuclear-family environmental variance,20,2.121588073809183,2.005392033745651,1.3174655389590118,3.0634302075223543,2.25,2.121588073809183,Before the historical event,Event experienced
-2.2199999999999998,0,1,0,Nonshared environmental variance,20,9.049259012145008,9.120606015854557,7.910112800093652,10.129829599883248,4,9.049259012145008,Before the historical event,Event experienced
-2.2199999999999998,0,1,0,Phenotypic variance,20,12.196275450060837,12.21440607220951,11.814851331382236,12.73248144444876,7.207542053411186,12.196275450060837,Before the historical event,Event experienced
-2.2199999999999998,1,0,0,Additive genetic variance,20,1.0254283641066457,1.0073043343614132,0.6672272351586419,1.4875384176358484,0.9575420534111857,1.0254283641066457,After the historical event,Event not experienced
-2.2199999999999998,1,0,0,Nuclear-family environmental variance,20,2.121588073809183,2.005392033745651,1.3174655389590118,3.0634302075223543,2.25,2.121588073809183,After the historical event,Event not experienced
-2.2199999999999998,1,0,0,Nonshared environmental variance,20,9.049259012145008,9.120606015854557,7.910112800093652,10.129829599883248,4,9.049259012145008,After the historical event,Event not experienced
-2.2199999999999998,1,0,0,Phenotypic variance,20,12.196275450060837,12.21440607220951,11.814851331382236,12.73248144444876,7.207542053411186,12.196275450060837,After the historical event,Event not experienced
-2.2199999999999998,1,1,1,Additive genetic variance,20,1.5484276111687625,1.5793936837222846,0.9233619912542284,2.3711262414500265,1.4284848843089433,1.5484276111687625,After the historical event,Event experienced
-2.2199999999999998,1,1,1,Nuclear-family environmental variance,20,2.0879982011176397,1.9886188090736967,1.2271493959518316,3.1251627897223564,2.25,2.0879982011176397,After the historical event,Event experienced
-2.2199999999999998,1,1,1,Nonshared environmental variance,20,9.02835953668416,9.08228737917739,7.699725969674517,10.389065883644658,4,9.02835953668416,After the historical event,Event experienced
-2.2199999999999998,1,1,1,Phenotypic variance,20,12.664785348970563,12.693097843124843,12.102029477798126,13.050126436832123,7.6784848843089435,12.664785348970563,After the historical event,Event experienced
-2.2,0,0,0,Additive genetic variance,20,1.0466709170869488,1.0295202066480547,0.6845594372011561,1.511317114885193,0.9785282333279895,1.0466709170869488,Before the historical event,Event not experienced
-2.2,0,0,0,Nuclear-family environmental variance,20,2.1213733927199514,2.0063416140444588,1.324219601617668,3.055422348937248,2.25,2.1213733927199514,Before the historical event,Event not experienced
-2.2,0,0,0,Nonshared environmental variance,20,9.049705947817493,9.121387042097606,7.9217511678967245,10.121319859480872,4,9.049705947817493,Before the historical event,Event not experienced
-2.2,0,0,0,Phenotypic variance,20,12.217750257624393,12.233089605573213,11.838398529308499,12.74826941372227,7.22852823332799,12.217750257624393,Before the historical event,Event not experienced
-2.2,0,1,0,Additive genetic variance,20,1.0466709170869488,1.0295202066480547,0.6845594372011561,1.511317114885193,0.9785282333279895,1.0466709170869488,Before the historical event,Event experienced
-2.2,0,1,0,Nuclear-family environmental variance,20,2.1213733927199514,2.0063416140444588,1.324219601617668,3.055422348937248,2.25,2.1213733927199514,Before the historical event,Event experienced
-2.2,0,1,0,Nonshared environmental variance,20,9.049705947817493,9.121387042097606,7.9217511678967245,10.121319859480872,4,9.049705947817493,Before the historical event,Event experienced
-2.2,0,1,0,Phenotypic variance,20,12.217750257624393,12.233089605573213,11.838398529308499,12.74826941372227,7.22852823332799,12.217750257624393,Before the historical event,Event experienced
-2.2,1,0,0,Additive genetic variance,20,1.0466709170869488,1.0295202066480547,0.6845594372011561,1.511317114885193,0.9785282333279895,1.0466709170869488,After the historical event,Event not experienced
-2.2,1,0,0,Nuclear-family environmental variance,20,2.1213733927199514,2.0063416140444588,1.324219601617668,3.055422348937248,2.25,2.1213733927199514,After the historical event,Event not experienced
-2.2,1,0,0,Nonshared environmental variance,20,9.049705947817493,9.121387042097606,7.9217511678967245,10.121319859480872,4,9.049705947817493,After the historical event,Event not experienced
-2.2,1,0,0,Phenotypic variance,20,12.217750257624393,12.233089605573213,11.838398529308499,12.74826941372227,7.22852823332799,12.217750257624393,After the historical event,Event not experienced
-2.2,1,1,1,Additive genetic variance,20,1.5805025187947361,1.6120863484503278,0.9468738485290321,2.4104287422288886,1.4597925858179746,1.5805025187947361,After the historical event,Event experienced
-2.2,1,1,1,Nuclear-family environmental variance,20,2.08783398297997,1.9890604957575544,1.232583267365718,3.117058300609086,2.25,2.08783398297997,After the historical event,Event experienced
-2.2,1,1,1,Nonshared environmental variance,20,9.028735367649542,9.08027743511867,7.709502446367261,10.379764701802644,4,9.028735367649542,After the historical event,Event experienced
-2.2,1,1,1,Phenotypic variance,20,12.697071869424247,12.7328371199746,12.126557670593307,13.08521228137883,7.709792585817975,12.697071869424247,After the historical event,Event experienced
-2.1799999999999997,0,0,0,Additive genetic variance,20,1.068198857781343,1.0520568643467247,0.7022165283186357,1.5352855989334655,0.9998143783497215,1.068198857781343,Before the historical event,Event not experienced
-2.1799999999999997,0,0,0,Nuclear-family environmental variance,20,2.1211768372324222,2.0072931599642607,1.3309820035779503,3.047471256754077,2.25,2.1211768372324222,Before the historical event,Event not experienced
-2.1799999999999997,0,0,0,Nonshared environmental variance,20,9.050152140209361,9.122156512000217,7.933348370094114,10.112846714089715,4,9.050152140209361,Before the historical event,Event not experienced
-2.1799999999999997,0,0,0,Phenotypic variance,20,12.239527835223127,12.252102699532994,11.861384265342128,12.764384368563816,7.249814378349722,12.239527835223127,Before the historical event,Event not experienced
-2.1799999999999997,0,1,0,Additive genetic variance,20,1.068198857781343,1.0520568643467247,0.7022165283186357,1.5352855989334655,0.9998143783497215,1.068198857781343,Before the historical event,Event experienced
-2.1799999999999997,0,1,0,Nuclear-family environmental variance,20,2.1211768372324222,2.0072931599642607,1.3309820035779503,3.047471256754077,2.25,2.1211768372324222,Before the historical event,Event experienced
-2.1799999999999997,0,1,0,Nonshared environmental variance,20,9.050152140209361,9.122156512000217,7.933348370094114,10.112846714089715,4,9.050152140209361,Before the historical event,Event experienced
-2.1799999999999997,0,1,0,Phenotypic variance,20,12.239527835223127,12.252102699532994,11.861384265342128,12.764384368563816,7.249814378349722,12.239527835223127,Before the historical event,Event experienced
-2.1799999999999997,1,0,0,Additive genetic variance,20,1.068198857781343,1.0520568643467247,0.7022165283186357,1.5352855989334655,0.9998143783497215,1.068198857781343,After the historical event,Event not experienced
-2.1799999999999997,1,0,0,Nuclear-family environmental variance,20,2.1211768372324222,2.0072931599642607,1.3309820035779503,3.047471256754077,2.25,2.1211768372324222,After the historical event,Event not experienced
-2.1799999999999997,1,0,0,Nonshared environmental variance,20,9.050152140209361,9.122156512000217,7.933348370094114,10.112846714089715,4,9.050152140209361,After the historical event,Event not experienced
-2.1799999999999997,1,0,0,Phenotypic variance,20,12.239527835223127,12.252102699532994,11.861384265342128,12.764384368563816,7.249814378349722,12.239527835223127,After the historical event,Event not experienced
-2.1799999999999997,1,1,1,Additive genetic variance,20,1.6130086291462487,1.6452112363094933,0.9708093654757841,2.4500762372841773,1.491547782678968,1.6130086291462487,After the historical event,Event experienced
-2.1799999999999997,1,1,1,Nuclear-family environmental variance,20,2.0876872141442715,1.989503898757223,1.2380207722788783,3.1090066745505136,2.25,2.0876872141442715,After the historical event,Event experienced
-2.1799999999999997,1,1,1,Nonshared environmental variance,20,9.029110662168703,9.078283202798161,7.719243435594013,10.37050429290176,4,9.029110662168703,After the historical event,Event experienced
-2.1799999999999997,1,1,1,Phenotypic variance,20,12.729806505459223,12.772966802864534,12.151571295222663,13.120740814581785,7.741547782678968,12.729806505459223,After the historical event,Event experienced
-2.16,0,0,0,Additive genetic variance,20,1.0900115746218233,1.0749139112797366,0.7202005057713976,1.5594408062079315,1.0214001285825056,1.0900115746218233,Before the historical event,Event not experienced
-2.16,0,0,0,Nuclear-family environmental variance,20,2.120998217206831,2.0082466716176,1.3377524745570557,3.0395765780007338,2.25,2.120998217206831,Before the historical event,Event not experienced
-2.16,0,0,0,Nonshared environmental variance,20,9.050597506858333,9.122914422642253,7.944904175899762,10.10441008210617,4,9.050597506858333,Before the historical event,Event not experienced
-2.16,0,0,0,Phenotypic variance,20,12.261607298686986,12.27144421859283,11.884734039522396,12.780826807583757,7.271400128582505,12.261607298686986,Before the historical event,Event not experienced
-2.16,0,1,0,Additive genetic variance,20,1.0900115746218233,1.0749139112797366,0.7202005057713976,1.5594408062079315,1.0214001285825056,1.0900115746218233,Before the historical event,Event experienced
-2.16,0,1,0,Nuclear-family environmental variance,20,2.120998217206831,2.0082466716176,1.3377524745570557,3.0395765780007338,2.25,2.120998217206831,Before the historical event,Event experienced
-2.16,0,1,0,Nonshared environmental variance,20,9.050597506858333,9.122914422642253,7.944904175899762,10.10441008210617,4,9.050597506858333,Before the historical event,Event experienced
-2.16,0,1,0,Phenotypic variance,20,12.261607298686986,12.27144421859283,11.884734039522396,12.780826807583757,7.271400128582505,12.261607298686986,Before the historical event,Event experienced
-2.16,1,0,0,Additive genetic variance,20,1.0900115746218233,1.0749139112797366,0.7202005057713976,1.5594408062079315,1.0214001285825056,1.0900115746218233,After the historical event,Event not experienced
-2.16,1,0,0,Nuclear-family environmental variance,20,2.120998217206831,2.0082466716176,1.3377524745570557,3.0395765780007338,2.25,2.120998217206831,After the historical event,Event not experienced
-2.16,1,0,0,Nonshared environmental variance,20,9.050597506858333,9.122914422642253,7.944904175899762,10.10441008210617,4,9.050597506858333,After the historical event,Event not experienced
-2.16,1,0,0,Phenotypic variance,20,12.261607298686986,12.27144421859283,11.884734039522396,12.780826807583757,7.271400128582505,12.261607298686986,After the historical event,Event not experienced
-2.16,1,1,1,Additive genetic variance,20,1.6459450240963167,1.678767230389637,0.9951705197867468,2.49006412763962,1.523749937993351,1.6459450240963167,After the historical event,Event experienced
-2.16,1,1,1,Nuclear-family environmental variance,20,2.0875577074467944,1.9899490161368856,1.2434617352467363,3.1010075986551993,2.25,2.0875577074467944,After the historical event,Event experienced
-2.16,1,1,1,Nonshared environmental variance,20,9.02948533828736,9.076367924594983,7.728948765780929,10.361284557893109,4,9.02948533828736,After the historical event,Event experienced
-2.16,1,1,1,Phenotypic variance,20,12.762988069830472,12.813483483454924,12.177072253314766,13.156709340964051,7.773749937993351,12.762988069830472,After the historical event,Event experienced
-2.14,0,0,0,Additive genetic variance,20,1.1121083085065657,1.0980907814068783,0.7385132409659868,1.5837795513728103,1.0432849709837502,1.1121083085065657,Before the historical event,Event not experienced
-2.14,0,0,0,Nuclear-family environmental variance,20,2.120837343230817,2.009202149126768,1.3445307420721084,3.0317379629312367,2.25,2.120837343230817,Before the historical event,Event not experienced
-2.14,0,0,0,Nonshared environmental variance,20,9.05104196565941,9.123660771151275,7.956418355103857,10.096009882341505,4,9.05104196565941,Before the historical event,Event not experienced
-2.14,0,0,0,Phenotypic variance,20,12.283987617396793,12.291112884918753,11.908448367532596,12.797597085060996,7.29328497098375,12.283987617396793,Before the historical event,Event not experienced
-2.14,0,1,0,Additive genetic variance,20,1.1121083085065657,1.0980907814068783,0.7385132409659868,1.5837795513728103,1.0432849709837502,1.1121083085065657,Before the historical event,Event experienced
-2.14,0,1,0,Nuclear-family environmental variance,20,2.120837343230817,2.009202149126768,1.3445307420721084,3.0317379629312367,2.25,2.120837343230817,Before the historical event,Event experienced
-2.14,0,1,0,Nonshared environmental variance,20,9.05104196565941,9.123660771151275,7.956418355103857,10.096009882341505,4,9.05104196565941,Before the historical event,Event experienced
-2.14,0,1,0,Phenotypic variance,20,12.283987617396793,12.291112884918753,11.908448367532596,12.797597085060996,7.29328497098375,12.283987617396793,Before the historical event,Event experienced
-2.14,1,0,0,Additive genetic variance,20,1.1121083085065657,1.0980907814068783,0.7385132409659868,1.5837795513728103,1.0432849709837502,1.1121083085065657,After the historical event,Event not experienced
-2.14,1,0,0,Nuclear-family environmental variance,20,2.120837343230817,2.009202149126768,1.3445307420721084,3.0317379629312367,2.25,2.120837343230817,After the historical event,Event not experienced
-2.14,1,0,0,Nonshared environmental variance,20,9.05104196565941,9.123660771151275,7.956418355103857,10.096009882341505,4,9.05104196565941,After the historical event,Event not experienced
-2.14,1,0,0,Phenotypic variance,20,12.283987617396793,12.291112884918753,11.908448367532596,12.797597085060996,7.29328497098375,12.283987617396793,After the historical event,Event not experienced
-2.14,1,1,1,Additive genetic variance,20,1.6793105623321904,1.7127529941371045,1.0199591064271798,2.530387598440694,1.5563982863915147,1.6793105623321904,After the historical event,Event experienced
-2.14,1,1,1,Nuclear-family environmental variance,20,2.087445276403383,1.9903958459960283,1.2489059798312359,3.0930607626157594,2.25,2.087445276403383,After the historical event,Event experienced
-2.14,1,1,1,Nonshared environmental variance,20,9.02985931440709,9.074977667809945,7.738618265807588,10.352105398255649,4,9.02985931440709,After the historical event,Event experienced
-2.14,1,1,1,Phenotypic variance,20,12.796615153142664,12.854383511124412,12.20306223647313,13.193114925703084,7.806398286391515,12.796615153142664,After the historical event,Event experienced
-2.12,0,0,0,Additive genetic variance,20,1.1344881500407638,1.1208795329448635,0.7571564748818478,1.6082985269840129,1.0654682363877173,1.1344881500407638,Before the historical event,Event not experienced
-2.12,0,0,0,Nuclear-family environmental variance,20,2.120694026615016,2.010159592623811,1.351316531456195,3.0239550649970477,2.25,2.120694026615016,Before the historical event,Event not experienced
-2.12,0,0,0,Nonshared environmental variance,20,9.05148543486571,9.12439555470256,7.967890678080434,10.087646034020437,4,9.05148543486571,Before the historical event,Event not experienced
-2.12,0,0,0,Phenotypic variance,20,12.30666761152149,12.311107275875678,11.932527581398386,12.814695407087779,7.3154682363877175,12.30666761152149,Before the historical event,Event not experienced
-2.12,0,1,0,Additive genetic variance,20,1.1344881500407638,1.1208795329448635,0.7571564748818478,1.6082985269840129,1.0654682363877173,1.1344881500407638,Before the historical event,Event experienced
-2.12,0,1,0,Nuclear-family environmental variance,20,2.120694026615016,2.010159592623811,1.351316531456195,3.0239550649970477,2.25,2.120694026615016,Before the historical event,Event experienced
-2.12,0,1,0,Nonshared environmental variance,20,9.05148543486571,9.12439555470256,7.967890678080434,10.087646034020437,4,9.05148543486571,Before the historical event,Event experienced
-2.12,0,1,0,Phenotypic variance,20,12.30666761152149,12.311107275875678,11.932527581398386,12.814695407087779,7.3154682363877175,12.30666761152149,Before the historical event,Event experienced
-2.12,1,0,0,Additive genetic variance,20,1.1344881500407638,1.1208795329448635,0.7571564748818478,1.6082985269840129,1.0654682363877173,1.1344881500407638,After the historical event,Event not experienced
-2.12,1,0,0,Nuclear-family environmental variance,20,2.120694026615016,2.010159592623811,1.351316531456195,3.0239550649970477,2.25,2.120694026615016,After the historical event,Event not experienced
-2.12,1,0,0,Nonshared environmental variance,20,9.05148543486571,9.12439555470256,7.967890678080434,10.087646034020437,4,9.05148543486571,After the historical event,Event not experienced
-2.12,1,0,0,Phenotypic variance,20,12.30666761152149,12.311107275875678,11.932527581398386,12.814695407087779,7.3154682363877175,12.30666761152149,After the historical event,Event not experienced
-2.12,1,1,1,Additive genetic variance,20,1.7131038751680987,1.7471669676428263,1.0451767317604184,2.5710416177575173,1.5894918295954839,1.7131038751680987,After the historical event,Event experienced
-2.12,1,1,1,Nuclear-family environmental variance,20,2.0873497352057346,1.9908443864694585,1.2543533286098123,3.0851658586875863,2.25,2.0873497352057346,After the historical event,Event experienced
-2.12,1,1,1,Nonshared environmental variance,20,9.030232509286146,9.073561748067156,7.7482517650121006,10.342966715994223,4,9.030232509286146,After the historical event,Event experienced
-2.12,1,1,1,Phenotypic variance,20,12.830686119659978,12.895662990502485,12.229542719826679,13.229954391551953,7.839491829595484,12.830686119659978,After the historical event,Event experienced
-2.1,0,0,0,Additive genetic variance,20,1.1571500368363008,1.1435874587554131,0.776131813499195,1.6329943032173677,1.0879490965933458,1.1571500368363008,Before the historical event,Event not experienced
-2.1,0,0,0,Nuclear-family environmental variance,20,2.1205680793888044,2.011119002250544,1.358109565874806,3.0162275408186963,2.25,2.1205680793888044,Before the historical event,Event not experienced
-2.1,0,0,0,Nonshared environmental variance,20,9.051927833089309,9.125118770519121,7.9793209157949825,10.079318456779745,4,9.051927833089309,Before the historical event,Event not experienced
-2.1,0,0,0,Phenotypic variance,20,12.329645949314413,12.331425821626494,11.95697182470565,12.832121827751333,7.337949096593346,12.329645949314413,Before the historical event,Event not experienced
-2.1,0,1,0,Additive genetic variance,20,1.1571500368363008,1.1435874587554131,0.776131813499195,1.6329943032173677,1.0879490965933458,1.1571500368363008,Before the historical event,Event experienced
-2.1,0,1,0,Nuclear-family environmental variance,20,2.1205680793888044,2.011119002250544,1.358109565874806,3.0162275408186963,2.25,2.1205680793888044,Before the historical event,Event experienced
-2.1,0,1,0,Nonshared environmental variance,20,9.051927833089309,9.125118770519121,7.9793209157949825,10.079318456779745,4,9.051927833089309,Before the historical event,Event experienced
-2.1,0,1,0,Phenotypic variance,20,12.329645949314413,12.331425821626494,11.95697182470565,12.832121827751333,7.337949096593346,12.329645949314413,Before the historical event,Event experienced
-2.1,1,0,0,Additive genetic variance,20,1.1571500368363008,1.1435874587554131,0.776131813499195,1.6329943032173677,1.0879490965933458,1.1571500368363008,After the historical event,Event not experienced
-2.1,1,0,0,Nuclear-family environmental variance,20,2.1205680793888044,2.011119002250544,1.358109565874806,3.0162275408186963,2.25,2.1205680793888044,After the historical event,Event not experienced
-2.1,1,0,0,Nonshared environmental variance,20,9.051927833089309,9.125118770519121,7.9793209157949825,10.079318456779745,4,9.051927833089309,After the historical event,Event not experienced
-2.1,1,0,0,Phenotypic variance,20,12.329645949314413,12.331425821626494,11.95697182470565,12.832121827751333,7.337949096593346,12.329645949314413,After the historical event,Event not experienced
-2.1,1,1,1,Additive genetic variance,20,1.7473233624469642,1.7820073640246483,1.0708248076984246,2.6120209355138515,1.6230293320744615,1.7473233624469642,After the historical event,Event experienced
-2.1,1,1,1,Nuclear-family environmental variance,20,2.0872708987178146,1.991294635727325,1.259803603184511,3.077322581667758,2.25,2.0872708987178146,After the historical event,Event experienced
-2.1,1,1,1,Nonshared environmental variance,20,9.030604842040287,9.072150069041015,7.757849093196232,10.333868413637596,4,9.030604842040287,After the historical event,Event experienced
-2.1,1,1,1,Phenotypic variance,20,12.865199103205065,12.937317779140066,12.256514955618588,13.267224315882356,7.873029332074461,12.865199103205065,After the historical event,Event experienced
-2.08,0,0,0,Additive genetic variance,20,1.1800927508741887,1.1665768639637428,0.7954407232330561,1.6578633276717365,1.110726561518482,1.1800927508741887,Before the historical event,Event not experienced
-2.08,0,0,0,Nuclear-family environmental variance,20,2.120459314296211,2.012080378158557,1.3648970572398924,3.008555050157719,2.25,2.120459314296211,Before the historical event,Event not experienced
-2.08,0,0,0,Nonshared environmental variance,20,9.05236907930208,9.125830415871729,7.990708839812024,10.071027070666887,4,9.05236907930208,Before the historical event,Event not experienced
-2.08,0,0,0,Phenotypic variance,20,12.35292114447248,12.352066802796863,11.981781047877691,12.84987624535723,7.360726561518482,12.35292114447248,Before the historical event,Event not experienced
-2.08,0,1,0,Additive genetic variance,20,1.1800927508741887,1.1665768639637428,0.7954407232330561,1.6578633276717365,1.110726561518482,1.1800927508741887,Before the historical event,Event experienced
-2.08,0,1,0,Nuclear-family environmental variance,20,2.120459314296211,2.012080378158557,1.3648970572398924,3.008555050157719,2.25,2.120459314296211,Before the historical event,Event experienced
-2.08,0,1,0,Nonshared environmental variance,20,9.05236907930208,9.125830415871729,7.990708839812024,10.071027070666887,4,9.05236907930208,Before the historical event,Event experienced
-2.08,0,1,0,Phenotypic variance,20,12.35292114447248,12.352066802796863,11.981781047877691,12.84987624535723,7.360726561518482,12.35292114447248,Before the historical event,Event experienced
-2.08,1,0,0,Additive genetic variance,20,1.1800927508741887,1.1665768639637428,0.7954407232330561,1.6578633276717365,1.110726561518482,1.1800927508741887,After the historical event,Event not experienced
-2.08,1,0,0,Nuclear-family environmental variance,20,2.120459314296211,2.012080378158557,1.3648970572398924,3.008555050157719,2.25,2.120459314296211,After the historical event,Event not experienced
-2.08,1,0,0,Nonshared environmental variance,20,9.05236907930208,9.125830415871729,7.990708839812024,10.071027070666887,4,9.05236907930208,After the historical event,Event not experienced
-2.08,1,0,0,Phenotypic variance,20,12.35292114447248,12.352066802796863,11.981781047877691,12.84987624535723,7.360726561518482,12.35292114447248,After the historical event,Event not experienced
-2.08,1,1,1,Additive genetic variance,20,1.7819671885370603,1.8172721659091238,1.0969045458848181,2.6533200825453376,1.6570093167994373,1.7819671885370603,After the historical event,Event experienced
-2.08,1,1,1,Nuclear-family environmental variance,20,2.0872085824724254,1.9917465919751351,1.2652566241912373,3.0695306288741713,2.25,2.0872085824724254,After the historical event,Event experienced
-2.08,1,1,1,Nonshared environmental variance,20,9.030976232143598,9.070742615940066,7.767410080630487,10.324810394236492,4,9.030976232143598,After the historical event,Event experienced
-2.08,1,1,1,Phenotypic variance,20,12.900152003153083,12.979343485322895,12.2839799668415,13.30492102785453,7.907009316799437,12.900152003153083,After the historical event,Event experienced
-2.06,0,0,0,Additive genetic variance,20,1.203314915933734,1.1898462831462626,0.8150845263785946,1.6829019252484105,1.1337994764246873,1.203314915933734,Before the historical event,Event not experienced
-2.06,0,0,0,Nuclear-family environmental variance,20,2.12036754479198,2.013043720509227,1.3715439427700882,3.0009372558889025,2.25,2.12036754479198,Before the historical event,Event not experienced
-2.06,0,0,0,Nonshared environmental variance,20,9.052809092836553,9.12653048807893,8.002054222302704,10.062771796138602,4,9.052809092836553,Before the historical event,Event not experienced
-2.06,0,0,0,Phenotypic variance,20,12.376491553562266,12.373028348209257,12.006955003518463,12.867958398699566,7.383799476424687,12.376491553562266,Before the historical event,Event not experienced
-2.06,0,1,0,Additive genetic variance,20,1.203314915933734,1.1898462831462626,0.8150845263785946,1.6829019252484105,1.1337994764246873,1.203314915933734,Before the historical event,Event experienced
-2.06,0,1,0,Nuclear-family environmental variance,20,2.12036754479198,2.013043720509227,1.3715439427700882,3.0009372558889025,2.25,2.12036754479198,Before the historical event,Event experienced
-2.06,0,1,0,Nonshared environmental variance,20,9.052809092836553,9.12653048807893,8.002054222302704,10.062771796138602,4,9.052809092836553,Before the historical event,Event experienced
-2.06,0,1,0,Phenotypic variance,20,12.376491553562266,12.373028348209257,12.006955003518463,12.867958398699566,7.383799476424687,12.376491553562266,Before the historical event,Event experienced
-2.06,1,0,0,Additive genetic variance,20,1.203314915933734,1.1898462831462626,0.8150845263785946,1.6829019252484105,1.1337994764246873,1.203314915933734,After the historical event,Event not experienced
-2.06,1,0,0,Nuclear-family environmental variance,20,2.12036754479198,2.013043720509227,1.3715439427700882,3.0009372558889025,2.25,2.12036754479198,After the historical event,Event not experienced
-2.06,1,0,0,Nonshared environmental variance,20,9.052809092836553,9.12653048807893,8.002054222302704,10.062771796138602,4,9.052809092836553,After the historical event,Event not experienced
-2.06,1,0,0,Phenotypic variance,20,12.376491553562266,12.373028348209257,12.006955003518463,12.867958398699566,7.383799476424687,12.376491553562266,After the historical event,Event not experienced
-2.06,1,1,1,Additive genetic variance,20,1.8170332784296364,1.8529591220180497,1.123416951917547,2.6949333697900535,1.6914300611030897,1.8170332784296364,After the historical event,Event experienced
-2.06,1,1,1,Nuclear-family environmental variance,20,2.0871626026679264,1.9922002534537775,1.2707122113091518,3.0617897001248675,2.25,2.0871626026679264,After the historical event,Event experienced
-2.06,1,1,1,Nonshared environmental variance,20,9.031346599429323,9.069339374099542,7.776934558059221,10.315792561361668,4,9.031346599429323,After the historical event,Event experienced
-2.06,1,1,1,Phenotypic variance,20,12.935542480526886,13.021735466032336,12.311938540927137,13.343040605719246,7.941430061103089,12.935542480526886,After the historical event,Event experienced
-2.04,0,0,0,Additive genetic variance,20,1.2268149950923997,1.2133940908905512,0.8350643965729314,1.7081062981081092,1.157166519216807,1.2268149950923997,Before the historical event,Event not experienced
-2.04,0,0,0,Nuclear-family environmental variance,20,2.120292585037797,2.014009029473728,1.3781969282653201,2.993373823972844,2.25,2.120292585037797,Before the historical event,Event not experienced
-2.04,0,0,0,Nonshared environmental variance,20,9.053247793386737,9.127218984507058,8.013356836052337,10.054552554059562,4,9.053247793386737,Before the historical event,Event not experienced
-2.04,0,0,0,Phenotypic variance,20,12.400355373516932,12.396968136823393,12.03249324182852,12.886367863383072,7.407166519216807,12.400355373516932,Before the historical event,Event not experienced
-2.04,0,1,0,Additive genetic variance,20,1.2268149950923997,1.2133940908905512,0.8350643965729314,1.7081062981081092,1.157166519216807,1.2268149950923997,Before the historical event,Event experienced
-2.04,0,1,0,Nuclear-family environmental variance,20,2.120292585037797,2.014009029473728,1.3781969282653201,2.993373823972844,2.25,2.120292585037797,Before the historical event,Event experienced
-2.04,0,1,0,Nonshared environmental variance,20,9.053247793386737,9.127218984507058,8.013356836052337,10.054552554059562,4,9.053247793386737,Before the historical event,Event experienced
-2.04,0,1,0,Phenotypic variance,20,12.400355373516932,12.396968136823393,12.03249324182852,12.886367863383072,7.407166519216807,12.400355373516932,Before the historical event,Event experienced
-2.04,1,0,0,Additive genetic variance,20,1.2268149950923997,1.2133940908905512,0.8350643965729314,1.7081062981081092,1.157166519216807,1.2268149950923997,After the historical event,Event not experienced
-2.04,1,0,0,Nuclear-family environmental variance,20,2.120292585037797,2.014009029473728,1.3781969282653201,2.993373823972844,2.25,2.120292585037797,After the historical event,Event not experienced
-2.04,1,0,0,Nonshared environmental variance,20,9.053247793386737,9.127218984507058,8.013356836052337,10.054552554059562,4,9.053247793386737,After the historical event,Event not experienced
-2.04,1,0,0,Phenotypic variance,20,12.400355373516932,12.396968136823393,12.03249324182852,12.886367863383072,7.407166519216807,12.400355373516932,After the historical event,Event not experienced
-2.04,1,1,1,Additive genetic variance,20,1.852519313943537,1.8890657438649927,1.150362819618464,2.7368548876144088,1.7262895926512145,1.852519313943537,After the historical event,Event experienced
-2.04,1,1,1,Nuclear-family environmental variance,20,2.087132776165106,1.992655618439538,1.2761701832701997,3.0540994977175737,2.25,2.087132776165106,After the historical event,Event experienced
-2.04,1,1,1,Nonshared environmental variance,20,9.031715864090689,9.067940328981152,7.786422356705705,10.30681481910198,4,9.031715864090689,After the historical event,Event experienced
-2.04,1,1,1,Phenotypic variance,20,12.971367954199332,13.06099863518619,12.34039122349861,13.381672292722131,7.976289592651215,12.971367954199332,After the historical event,Event experienced
-2.02,0,0,0,Additive genetic variance,20,1.2505912883003507,1.2372184996004163,0.8553813542787914,1.7334725257068813,1.1808261978214865,1.2505912883003507,Before the historical event,Event not experienced
-2.02,0,0,0,Nuclear-family environmental variance,20,2.1202342498986657,2.0149763052330414,1.3848557452969237,2.9858644234287923,2.25,2.1202342498986657,Before the historical event,Event not experienced
-2.02,0,0,0,Nonshared environmental variance,20,9.053685101008982,9.12789590257027,8.024616454467987,10.046369265700985,4,9.053685101008982,Before the historical event,Event not experienced
-2.02,0,0,0,Phenotypic variance,20,12.424510639207998,12.424093745479503,12.05839510610064,12.905104048202258,7.430826197821487,12.424510639207998,Before the historical event,Event not experienced
-2.02,0,1,0,Additive genetic variance,20,1.2505912883003507,1.2372184996004163,0.8553813542787914,1.7334725257068813,1.1808261978214865,1.2505912883003507,Before the historical event,Event experienced
-2.02,0,1,0,Nuclear-family environmental variance,20,2.1202342498986657,2.0149763052330414,1.3848557452969237,2.9858644234287923,2.25,2.1202342498986657,Before the historical event,Event experienced
-2.02,0,1,0,Nonshared environmental variance,20,9.053685101008982,9.12789590257027,8.024616454467987,10.046369265700985,4,9.053685101008982,Before the historical event,Event experienced
-2.02,0,1,0,Phenotypic variance,20,12.424510639207998,12.424093745479503,12.05839510610064,12.905104048202258,7.430826197821487,12.424510639207998,Before the historical event,Event experienced
-2.02,1,0,0,Additive genetic variance,20,1.2505912883003507,1.2372184996004163,0.8553813542787914,1.7334725257068813,1.1808261978214865,1.2505912883003507,After the historical event,Event not experienced
-2.02,1,0,0,Nuclear-family environmental variance,20,2.1202342498986657,2.0149763052330414,1.3848557452969237,2.9858644234287923,2.25,2.1202342498986657,After the historical event,Event not experienced
-2.02,1,0,0,Nonshared environmental variance,20,9.053685101008982,9.12789590257027,8.024616454467987,10.046369265700985,4,9.053685101008982,After the historical event,Event not experienced
-2.02,1,0,0,Phenotypic variance,20,12.424510639207998,12.424093745479503,12.05839510610064,12.905104048202258,7.430826197821487,12.424510639207998,After the historical event,Event not experienced
-2.02,1,1,1,Additive genetic variance,20,1.8884227300428782,1.9255893025670545,1.1777427253572132,2.7790785052772877,1.7615856855319298,1.8884227300428782,After the historical event,Event experienced
-2.02,1,1,1,Nuclear-family environmental variance,20,2.0871189204842047,1.9931126852441232,1.2816303578687789,3.046459726409437,2.25,2.0871189204842047,After the historical event,Event experienced
-2.02,1,1,1,Nonshared environmental variance,20,9.03208394668173,9.066545466173006,7.795873308277217,10.29787707206246,4,9.03208394668173,After the historical event,Event experienced
-2.02,1,1,1,Phenotypic variance,20,13.007625597208813,13.093363673470531,12.369338312193701,13.421332607379014,8.01158568553193,13.007625597208813,After the historical event,Event experienced
-2,0,0,0,Additive genetic variance,20,1.2746419300336573,1.2605511852925921,0.8760362622954037,1.7589965649121178,1.2047768476488083,1.2746419300336573,Before the historical event,Event not experienced
-2,0,0,0,Nuclear-family environmental variance,20,2.120192354939442,2.0159455479779655,1.3915201235060417,2.9784087263078134,2.25,2.120192354939442,Before the historical event,Event not experienced
-2,0,0,0,Nonshared environmental variance,20,9.054120936122828,9.12856123973053,8.035832851585987,10.0382218527393,4,9.054120936122828,Before the historical event,Event not experienced
-2,0,0,0,Phenotypic variance,20,12.448955221095927,12.451466034764,12.0846597283019,12.924166191582966,7.454776847648809,12.448955221095927,Before the historical event,Event not experienced
-2,0,1,0,Additive genetic variance,20,1.2746419300336573,1.2605511852925921,0.8760362622954037,1.7589965649121178,1.2047768476488083,1.2746419300336573,Before the historical event,Event experienced
-2,0,1,0,Nuclear-family environmental variance,20,2.120192354939442,2.0159455479779655,1.3915201235060417,2.9784087263078134,2.25,2.120192354939442,Before the historical event,Event experienced
-2,0,1,0,Nonshared environmental variance,20,9.054120936122828,9.12856123973053,8.035832851585987,10.0382218527393,4,9.054120936122828,Before the historical event,Event experienced
-2,0,1,0,Phenotypic variance,20,12.448955221095927,12.451466034764,12.0846597283019,12.924166191582966,7.454776847648809,12.448955221095927,Before the historical event,Event experienced
-2,1,0,0,Additive genetic variance,20,1.2746419300336573,1.2605511852925921,0.8760362622954037,1.7589965649121178,1.2047768476488083,1.2746419300336573,After the historical event,Event not experienced
-2,1,0,0,Nuclear-family environmental variance,20,2.120192354939442,2.0159455479779655,1.3915201235060417,2.9784087263078134,2.25,2.120192354939442,After the historical event,Event not experienced
-2,1,0,0,Nonshared environmental variance,20,9.054120936122828,9.12856123973053,8.035832851585987,10.0382218527393,4,9.054120936122828,After the historical event,Event not experienced
-2,1,0,0,Phenotypic variance,20,12.448955221095927,12.451466034764,12.0846597283019,12.924166191582966,7.454776847648809,12.448955221095927,After the historical event,Event not experienced
-2,1,1,1,Additive genetic variance,20,1.9247407112738264,1.9625268257771031,1.2055570224369179,2.8215978705353106,1.7973158564688863,1.9247407112738264,After the historical event,Event experienced
-2,1,1,1,Nuclear-family environmental variance,20,2.087120853802085,1.993571452214681,1.2870925519715457,3.0388700933969597,2.25,2.087120853802085,After the historical event,Event experienced
-2,1,1,1,Nonshared environmental variance,20,9.032450768118132,9.065154771389398,7.805287244970094,10.288979225362436,4,9.032450768118132,After the historical event,Event experienced
-2,1,1,1,Phenotypic variance,20,13.044312333194043,13.126184097344328,12.398779850567617,13.461391697532687,8.047315856468886,13.044312333194043,After the historical event,Event experienced
-1.98,0,0,0,Additive genetic variance,20,1.2989648870301458,1.2837551041930397,0.8970298213021912,1.7846742501998727,1.2290166291412354,1.2989648870301458,Before the historical event,Event not experienced
-1.98,0,0,0,Nuclear-family environmental variance,20,2.1201667164215183,2.0169167579091263,1.3981897906209733,2.9710064076662244,2.25,2.1201667164215183,Before the historical event,Event not experienced
-1.98,0,0,0,Nonshared environmental variance,20,9.054555219511844,9.12921499349767,8.047005802079472,10.030110237254775,4,9.054555219511844,Before the historical event,Event not experienced
-1.98,0,0,0,Phenotypic variance,20,12.473686822963508,12.479081793905772,12.111286024749239,12.94355335809138,7.479016629141236,12.473686822963508,Before the historical event,Event not experienced
-1.98,0,1,0,Additive genetic variance,20,1.2989648870301458,1.2837551041930397,0.8970298213021912,1.7846742501998727,1.2290166291412354,1.2989648870301458,Before the historical event,Event experienced
-1.98,0,1,0,Nuclear-family environmental variance,20,2.1201667164215183,2.0169167579091263,1.3981897906209733,2.9710064076662244,2.25,2.1201667164215183,Before the historical event,Event experienced
-1.98,0,1,0,Nonshared environmental variance,20,9.054555219511844,9.12921499349767,8.047005802079472,10.030110237254775,4,9.054555219511844,Before the historical event,Event experienced
-1.98,0,1,0,Phenotypic variance,20,12.473686822963508,12.479081793905772,12.111286024749239,12.94355335809138,7.479016629141236,12.473686822963508,Before the historical event,Event experienced
-1.98,1,0,0,Additive genetic variance,20,1.2989648870301458,1.2837551041930397,0.8970298213021912,1.7846742501998727,1.2290166291412354,1.2989648870301458,After the historical event,Event not experienced
-1.98,1,0,0,Nuclear-family environmental variance,20,2.1201667164215183,2.0169167579091263,1.3981897906209733,2.9710064076662244,2.25,2.1201667164215183,After the historical event,Event not experienced
-1.98,1,0,0,Nonshared environmental variance,20,9.054555219511844,9.12921499349767,8.047005802079472,10.030110237254775,4,9.054555219511844,After the historical event,Event not experienced
-1.98,1,0,0,Phenotypic variance,20,12.473686822963508,12.479081793905772,12.111286024749239,12.94355335809138,7.479016629141236,12.473686822963508,After the historical event,Event not experienced
-1.98,1,1,1,Additive genetic variance,20,1.9614701883265404,1.999875094741665,1.2338058355492776,2.8644064093919637,1.8334773611647168,1.9614701883265404,After the historical event,Event experienced
-1.98,1,1,1,Nuclear-family environmental variance,20,2.0871383949495503,1.9940319177338197,1.2925565815273565,3.0313303082961296,2.25,2.0871383949495503,After the historical event,Event experienced
-1.98,1,1,1,Nonshared environmental variance,20,9.032816249678044,9.063768230470735,7.8146639994747975,10.280121184633604,4,9.032816249678044,After the historical event,Event experienced
-1.98,1,1,1,Phenotypic variance,20,13.081424832954134,13.159457517664563,12.428715622083683,13.501844462589034,8.083477361164718,13.081424832954134,After the historical event,Event experienced
-1.96,0,0,0,Additive genetic variance,20,1.3235579561118687,1.307199890048064,0.918362565440868,1.8105012939346066,1.2535435254140135,1.3235579561118687,Before the historical event,Event not experienced
-1.96,0,0,0,Nuclear-family environmental variance,20,2.1201571512996606,2.0178899352369895,1.404864472474887,2.9636571455393432,2.25,2.1201571512996606,Before the historical event,Event not experienced
-1.96,0,0,0,Nonshared environmental variance,20,9.054987872324485,9.129857161429367,8.058135081265911,10.022034341730189,4,9.054987872324485,Before the historical event,Event not experienced
-1.96,0,0,0,Phenotypic variance,20,12.498702979736013,12.506937658295865,12.138272691885417,12.963264435016034,7.503543525414013,12.498702979736013,Before the historical event,Event not experienced
-1.96,0,1,0,Additive genetic variance,20,1.3235579561118687,1.307199890048064,0.918362565440868,1.8105012939346066,1.2535435254140135,1.3235579561118687,Before the historical event,Event experienced
-1.96,0,1,0,Nuclear-family environmental variance,20,2.1201571512996606,2.0178899352369895,1.404864472474887,2.9636571455393432,2.25,2.1201571512996606,Before the historical event,Event experienced
-1.96,0,1,0,Nonshared environmental variance,20,9.054987872324485,9.129857161429367,8.058135081265911,10.022034341730189,4,9.054987872324485,Before the historical event,Event experienced
-1.96,0,1,0,Phenotypic variance,20,12.498702979736013,12.506937658295865,12.138272691885417,12.963264435016034,7.503543525414013,12.498702979736013,Before the historical event,Event experienced
-1.96,1,0,0,Additive genetic variance,20,1.3235579561118687,1.307199890048064,0.918362565440868,1.8105012939346066,1.2535435254140135,1.3235579561118687,After the historical event,Event not experienced
-1.96,1,0,0,Nuclear-family environmental variance,20,2.1201571512996606,2.0178899352369895,1.404864472474887,2.9636571455393432,2.25,2.1201571512996606,After the historical event,Event not experienced
-1.96,1,0,0,Nonshared environmental variance,20,9.054987872324485,9.129857161429367,8.058135081265911,10.022034341730189,4,9.054987872324485,After the historical event,Event not experienced
-1.96,1,0,0,Phenotypic variance,20,12.498702979736013,12.506937658295865,12.138272691885417,12.963264435016034,7.503543525414013,12.498702979736013,After the historical event,Event not experienced
-1.96,1,1,1,Additive genetic variance,20,1.9986078347283167,2.0376306414896543,1.2624890553067685,2.9074973259932593,1.870067190780933,1.9986078347283167,After the historical event,Event experienced
-1.96,1,1,1,Nuclear-family environmental variance,20,2.08717136340881,1.9944940802196318,1.298022261577346,3.0238400831227574,2.25,2.08717136340881,After the historical event,Event experienced
-1.96,1,1,1,Nonshared environmental variance,20,9.033180313002932,9.062385829383324,7.8240034049809655,10.271302856018185,4,9.033180313002932,After the historical event,Event experienced
-1.96,1,1,1,Phenotypic variance,20,13.118959511140059,13.193181271976156,12.4591451442007,13.542685542046883,8.120067190780933,13.118959511140059,After the historical event,Event experienced
-1.94,0,0,0,Additive genetic variance,20,1.348418762098157,1.330883196642392,0.9400348579416604,1.8364732867324132,1.2783553399911793,1.348418762098157,Before the historical event,Event not experienced
-1.94,0,0,0,Nuclear-family environmental variance,20,2.1201634772189957,2.018865080181868,1.4115438930239002,2.9563606209155067,2.25,2.1201634772189957,Before the historical event,Event not experienced
-1.94,0,0,0,Nonshared environmental variance,20,9.055418816074939,9.130487741131194,8.06922046511459,10.013994089049515,4,9.055418816074939,Before the historical event,Event not experienced
-1.94,0,0,0,Phenotypic variance,20,12.524001055392091,12.535030108478603,12.165618202162406,12.983298129028022,7.52835533999118,12.524001055392091,Before the historical event,Event not experienced
-1.94,0,1,0,Additive genetic variance,20,1.348418762098157,1.330883196642392,0.9400348579416604,1.8364732867324132,1.2783553399911793,1.348418762098157,Before the historical event,Event experienced
-1.94,0,1,0,Nuclear-family environmental variance,20,2.1201634772189957,2.018865080181868,1.4115438930239002,2.9563606209155067,2.25,2.1201634772189957,Before the historical event,Event experienced
-1.94,0,1,0,Nonshared environmental variance,20,9.055418816074939,9.130487741131194,8.06922046511459,10.013994089049515,4,9.055418816074939,Before the historical event,Event experienced
-1.94,0,1,0,Phenotypic variance,20,12.524001055392091,12.535030108478603,12.165618202162406,12.983298129028022,7.52835533999118,12.524001055392091,Before the historical event,Event experienced
-1.94,1,0,0,Additive genetic variance,20,1.348418762098157,1.330883196642392,0.9400348579416604,1.8364732867324132,1.2783553399911793,1.348418762098157,After the historical event,Event not experienced
-1.94,1,0,0,Nuclear-family environmental variance,20,2.1201634772189957,2.018865080181868,1.4115438930239002,2.9563606209155067,2.25,2.1201634772189957,After the historical event,Event not experienced
-1.94,1,0,0,Nonshared environmental variance,20,9.055418816074939,9.130487741131194,8.06922046511459,10.013994089049515,4,9.055418816074939,After the historical event,Event not experienced
-1.94,1,0,0,Phenotypic variance,20,12.524001055392091,12.535030108478603,12.165618202162406,12.983298129028022,7.52835533999118,12.524001055392091,After the historical event,Event not experienced
-1.94,1,1,1,Additive genetic variance,20,2.036150063673966,2.0757897461570605,1.2916063328597205,2.9508636026725323,1.9070820685604446,2.036150063673966,After the historical event,Event experienced
-1.94,1,1,1,Nuclear-family environmental variance,20,2.0872195793110855,1.9949579381257152,1.3034894062651388,3.016399132272988,2.25,2.0872195793110855,After the historical event,Event experienced
-1.94,1,1,1,Nonshared environmental variance,20,9.033542880098398,9.061007554219284,7.833305295182438,10.262524146167028,4,9.033542880098398,After the historical event,Event experienced
-1.94,1,1,1,Phenotypic variance,20,13.15691252308345,13.227352420175372,12.490067662565618,13.583909313861554,8.157082068560445,13.15691252308345,After the historical event,Event experienced
-1.92,0,0,0,Additive genetic variance,20,1.3735447558132037,1.3548025320665964,0.9620468867994404,1.8625856979087434,1.3034496946412923,1.3735447558132037,Before the historical event,Event not experienced
-1.92,0,0,0,Nuclear-family environmental variance,20,2.120185512512148,2.0198421929739374,1.4182277743655145,2.9491165177103897,2.25,2.120185512512148,Before the historical event,Event not experienced
-1.92,0,0,0,Nonshared environmental variance,20,9.055847972643981,9.131106730256594,8.08026173025411,10.005989402496557,4,9.055847972643981,Before the historical event,Event not experienced
-1.92,0,0,0,Phenotypic variance,20,12.549578240969334,12.559734737556152,12.193320800039285,13.003652962924814,7.553449694641293,12.549578240969334,Before the historical event,Event not experienced
-1.92,0,1,0,Additive genetic variance,20,1.3735447558132037,1.3548025320665964,0.9620468867994404,1.8625856979087434,1.3034496946412923,1.3735447558132037,Before the historical event,Event experienced
-1.92,0,1,0,Nuclear-family environmental variance,20,2.120185512512148,2.0198421929739374,1.4182277743655145,2.9491165177103897,2.25,2.120185512512148,Before the historical event,Event experienced
-1.92,0,1,0,Nonshared environmental variance,20,9.055847972643981,9.131106730256594,8.08026173025411,10.005989402496557,4,9.055847972643981,Before the historical event,Event experienced
-1.92,0,1,0,Phenotypic variance,20,12.549578240969334,12.559734737556152,12.193320800039285,13.003652962924814,7.553449694641293,12.549578240969334,Before the historical event,Event experienced
-1.92,1,0,0,Additive genetic variance,20,1.3735447558132037,1.3548025320665964,0.9620468867994404,1.8625856979087434,1.3034496946412923,1.3735447558132037,After the historical event,Event not experienced
-1.92,1,0,0,Nuclear-family environmental variance,20,2.120185512512148,2.0198421929739374,1.4182277743655145,2.9491165177103897,2.25,2.120185512512148,After the historical event,Event not experienced
-1.92,1,0,0,Nonshared environmental variance,20,9.055847972643981,9.131106730256594,8.08026173025411,10.005989402496557,4,9.055847972643981,After the historical event,Event not experienced
-1.92,1,0,0,Phenotypic variance,20,12.549578240969334,12.559734737556152,12.193320800039285,13.003652962924814,7.553449694641293,12.549578240969334,After the historical event,Event not experienced
-1.92,1,1,1,Additive genetic variance,20,2.07409302499942,2.114348434452682,1.3211570746061274,2.9944980001468076,1.9445184465988523,2.07409302499942,After the historical event,Event experienced
-1.92,1,1,1,Nuclear-family environmental variance,20,2.0872828634343685,1.9954234899411967,1.3089578288471992,3.00900717250402,2.25,2.0872828634343685,After the historical event,Event experienced
-1.92,1,1,1,Nonshared environmental variance,20,9.033903873335017,9.059633391196357,7.842569504282298,10.253784962237766,4,9.033903873335017,After the historical event,Event experienced
-1.92,1,1,1,Phenotypic variance,20,13.195279761768806,13.261967740318067,12.521482145320299,13.625509892974577,8.194518446598853,13.195279761768806,After the historical event,Event experienced
-1.9,0,0,0,Additive genetic variance,20,1.398933212192094,1.3789552575102095,0.9843986605056436,1.8888338760115588,1.3288240273169778,1.398933212192094,Before the historical event,Event not experienced
-1.9,0,0,0,Nuclear-family environmental variance,20,2.12022307619652,2.0204653457935917,1.4249158367574197,2.9419245227415987,2.25,2.12022307619652,Before the historical event,Event not experienced
-1.9,0,0,0,Nonshared environmental variance,20,9.056275264279828,9.131714126506953,8.091258653979871,9.998020205753669,4,9.056275264279828,Before the historical event,Event not experienced
-1.9,0,0,0,Phenotypic variance,20,12.575431552668443,12.583565470214186,12.221378498101569,13.024327272463117,7.578824027316978,12.575431552668443,Before the historical event,Event not experienced
-1.9,0,1,0,Additive genetic variance,20,1.398933212192094,1.3789552575102095,0.9843986605056436,1.8888338760115588,1.3288240273169778,1.398933212192094,Before the historical event,Event experienced
-1.9,0,1,0,Nuclear-family environmental variance,20,2.12022307619652,2.0204653457935917,1.4249158367574197,2.9419245227415987,2.25,2.12022307619652,Before the historical event,Event experienced
-1.9,0,1,0,Nonshared environmental variance,20,9.056275264279828,9.131714126506953,8.091258653979871,9.998020205753669,4,9.056275264279828,Before the historical event,Event experienced
-1.9,0,1,0,Phenotypic variance,20,12.575431552668443,12.583565470214186,12.221378498101569,13.024327272463117,7.578824027316978,12.575431552668443,Before the historical event,Event experienced
-1.9,1,0,0,Additive genetic variance,20,1.398933212192094,1.3789552575102095,0.9843986605056436,1.8888338760115588,1.3288240273169778,1.398933212192094,After the historical event,Event not experienced
-1.9,1,0,0,Nuclear-family environmental variance,20,2.12022307619652,2.0204653457935917,1.4249158367574197,2.9419245227415987,2.25,2.12022307619652,After the historical event,Event not experienced
-1.9,1,0,0,Nonshared environmental variance,20,9.056275264279828,9.131714126506953,8.091258653979871,9.998020205753669,4,9.056275264279828,After the historical event,Event not experienced
-1.9,1,0,0,Phenotypic variance,20,12.575431552668443,12.583565470214186,12.221378498101569,13.024327272463117,7.578824027316978,12.575431552668443,After the historical event,Event not experienced
-1.9,1,1,1,Additive genetic variance,20,2.11243260230453,2.1533024752699337,1.3511404370020994,3.038393057867146,1.9823725027706056,2.11243260230453,After the historical event,Event experienced
-1.9,1,1,1,Nuclear-family environmental variance,20,2.0873610372013114,1.9958907341907521,1.31442734170331,3.0016639229150064,2.25,2.0873610372013114,After the historical event,Event experienced
-1.9,1,1,1,Nonshared environmental variance,20,9.034263215449176,9.058263326657816,7.85179586699788,10.245085211892974,4,9.034263215449176,After the historical event,Event experienced
-1.9,1,1,1,Phenotypic variance,20,13.234056854955016,13.29702372458059,12.553387277531252,13.667481130013972,8.232372502770605,13.234056854955016,After the historical event,Event experienced
-1.88,0,0,0,Additive genetic variance,20,1.4245812284891817,1.4033385861388052,1.0070900038419048,1.9152130494408026,1.3544755902023313,1.4245812284891817,Before the historical event,Event not experienced
-1.88,0,0,0,Nuclear-family environmental variance,20,2.120275987971725,2.0204049502540204,1.4316077986366529,2.9347843257035433,2.25,2.120275987971725,Before the historical event,Event not experienced
-1.88,0,0,0,Nonshared environmental variance,20,9.056700613598984,9.132278971397007,8.102211014261515,9.990086422900433,4,9.056700613598984,Before the historical event,Event not experienced
-1.88,0,0,0,Phenotypic variance,20,12.601557830059889,12.609409472369588,12.249789073309152,13.045319203286155,7.604475590202331,12.601557830059889,Before the historical event,Event not experienced
-1.88,0,1,0,Additive genetic variance,20,1.4245812284891817,1.4033385861388052,1.0070900038419048,1.9152130494408026,1.3544755902023313,1.4245812284891817,Before the historical event,Event experienced
-1.88,0,1,0,Nuclear-family environmental variance,20,2.120275987971725,2.0204049502540204,1.4316077986366529,2.9347843257035433,2.25,2.120275987971725,Before the historical event,Event experienced
-1.88,0,1,0,Nonshared environmental variance,20,9.056700613598984,9.132278971397007,8.102211014261515,9.990086422900433,4,9.056700613598984,Before the historical event,Event experienced
-1.88,0,1,0,Phenotypic variance,20,12.601557830059889,12.609409472369588,12.249789073309152,13.045319203286155,7.604475590202331,12.601557830059889,Before the historical event,Event experienced
-1.88,1,0,0,Additive genetic variance,20,1.4245812284891817,1.4033385861388052,1.0070900038419048,1.9152130494408026,1.3544755902023313,1.4245812284891817,After the historical event,Event not experienced
-1.88,1,0,0,Nuclear-family environmental variance,20,2.120275987971725,2.0204049502540204,1.4316077986366529,2.9347843257035433,2.25,2.120275987971725,After the historical event,Event not experienced
-1.88,1,0,0,Nonshared environmental variance,20,9.056700613598984,9.132278971397007,8.102211014261515,9.990086422900433,4,9.056700613598984,After the historical event,Event not experienced
-1.88,1,0,0,Phenotypic variance,20,12.601557830059889,12.609409472369588,12.249789073309152,13.045319203286155,7.604475590202331,12.601557830059889,After the historical event,Event not experienced
-1.88,1,1,1,Additive genetic variance,20,2.1511644102309804,2.192647378449692,1.3815553214809284,3.0825410945252028,2.020640137816074,2.1511644102309804,After the historical event,Event experienced
-1.88,1,1,1,Nuclear-family environmental variance,20,2.087453922677266,1.9963596694346335,1.3198977563471908,2.9943691049281442,2.25,2.087453922677266,After the historical event,Event experienced
-1.88,1,1,1,Nonshared environmental variance,20,9.034620829543904,9.056897347072267,7.860984218565786,10.23642480329833,4,9.034620829543904,After the historical event,Event experienced
-1.88,1,1,1,Phenotypic variance,20,13.27323916245215,13.332516575380975,12.585781455751187,13.709816610169309,8.270640137816073,13.27323916245215,After the historical event,Event experienced
-1.8599999999999999,0,0,0,Additive genetic variance,20,1.4504857225926635,1.4279495820575274,1.030120553741411,1.9417183271549932,1.380401447872198,1.4504857225926635,Before the historical event,Event not experienced
-1.8599999999999999,0,0,0,Nuclear-family environmental variance,20,2.120344068217159,2.020353718964181,1.4383033766391178,2.927695619142593,2.25,2.120344068217159,Before the historical event,Event not experienced
-1.8599999999999999,0,0,0,Nonshared environmental variance,20,9.057123943587099,9.129142621251479,8.113118589750396,9.982187978412355,4,9.057123943587099,Before the historical event,Event not experienced
-1.8599999999999999,0,0,0,Phenotypic variance,20,12.62795373439692,12.63547461609215,12.278550063379797,13.066626707950768,7.630401447872198,12.62795373439692,Before the historical event,Event not experienced
-1.8599999999999999,0,1,0,Additive genetic variance,20,1.4504857225926635,1.4279495820575274,1.030120553741411,1.9417183271549932,1.380401447872198,1.4504857225926635,Before the historical event,Event experienced
-1.8599999999999999,0,1,0,Nuclear-family environmental variance,20,2.120344068217159,2.020353718964181,1.4383033766391178,2.927695619142593,2.25,2.120344068217159,Before the historical event,Event experienced
-1.8599999999999999,0,1,0,Nonshared environmental variance,20,9.057123943587099,9.129142621251479,8.113118589750396,9.982187978412355,4,9.057123943587099,Before the historical event,Event experienced
-1.8599999999999999,0,1,0,Phenotypic variance,20,12.62795373439692,12.63547461609215,12.278550063379797,13.066626707950768,7.630401447872198,12.62795373439692,Before the historical event,Event experienced
-1.8599999999999999,1,0,0,Additive genetic variance,20,1.4504857225926635,1.4279495820575274,1.030120553741411,1.9417183271549932,1.380401447872198,1.4504857225926635,After the historical event,Event not experienced
-1.8599999999999999,1,0,0,Nuclear-family environmental variance,20,2.120344068217159,2.020353718964181,1.4383033766391178,2.927695619142593,2.25,2.120344068217159,After the historical event,Event not experienced
-1.8599999999999999,1,0,0,Nonshared environmental variance,20,9.057123943587099,9.129142621251479,8.113118589750396,9.982187978412355,4,9.057123943587099,After the historical event,Event not experienced
-1.8599999999999999,1,0,0,Phenotypic variance,20,12.62795373439692,12.63547461609215,12.278550063379797,13.066626707950768,7.630401447872198,12.62795373439692,After the historical event,Event not experienced
-1.8599999999999999,1,1,1,Additive genetic variance,20,2.1902837919011806,2.232378392699082,1.4124003694887795,3.1269342087181666,2.0593169725955134,2.1902837919011806,After the historical event,Event experienced
-1.8599999999999999,1,1,1,Nuclear-family environmental variance,20,2.0875613425684603,1.9968302942686889,1.3253688834372417,2.987122442269953,2.25,2.0875613425684603,After the historical event,Event experienced
-1.8599999999999999,1,1,1,Nonshared environmental variance,20,9.034976639089713,9.055535439033564,7.870134394746877,10.227803645120797,4,9.034976639089713,After the historical event,Event experienced
-1.8599999999999999,1,1,1,Phenotypic variance,20,13.312821773559355,13.368442201668154,12.61866278272127,13.752509652245852,8.309316972595514,13.312821773559355,After the historical event,Event experienced
-1.84,0,0,0,Additive genetic variance,20,1.4766434314491768,1.452785159363509,1.0534897552240214,1.9683446994656917,1.406598475567285,1.4766434314491768,Before the historical event,Event not experienced
-1.84,0,0,0,Nuclear-family environmental variance,20,2.1204271379897195,2.0203116298969124,1.4450022856194633,2.9206580984324972,2.25,2.1204271379897195,Before the historical event,Event not experienced
-1.84,0,0,0,Nonshared environmental variance,20,9.057545177599824,9.12602994177797,8.123981159786988,9.974324797159571,4,9.057545177599824,Before the historical event,Event not experienced
-1.84,0,0,0,Phenotypic variance,20,12.654615747038719,12.661756893865856,12.307658763315196,13.088247543059776,7.656598475567285,12.654615747038719,Before the historical event,Event not experienced
-1.84,0,1,0,Additive genetic variance,20,1.4766434314491768,1.452785159363509,1.0534897552240214,1.9683446994656917,1.406598475567285,1.4766434314491768,Before the historical event,Event experienced
-1.84,0,1,0,Nuclear-family environmental variance,20,2.1204271379897195,2.0203116298969124,1.4450022856194633,2.9206580984324972,2.25,2.1204271379897195,Before the historical event,Event experienced
-1.84,0,1,0,Nonshared environmental variance,20,9.057545177599824,9.12602994177797,8.123981159786988,9.974324797159571,4,9.057545177599824,Before the historical event,Event experienced
-1.84,0,1,0,Phenotypic variance,20,12.654615747038719,12.661756893865856,12.307658763315196,13.088247543059776,7.656598475567285,12.654615747038719,Before the historical event,Event experienced
-1.84,1,0,0,Additive genetic variance,20,1.4766434314491768,1.452785159363509,1.0534897552240214,1.9683446994656917,1.406598475567285,1.4766434314491768,After the historical event,Event not experienced
-1.84,1,0,0,Nuclear-family environmental variance,20,2.1204271379897195,2.0203116298969124,1.4450022856194633,2.9206580984324972,2.25,2.1204271379897195,After the historical event,Event not experienced
-1.84,1,0,0,Nonshared environmental variance,20,9.057545177599824,9.12602994177797,8.123981159786988,9.974324797159571,4,9.057545177599824,After the historical event,Event not experienced
-1.84,1,0,0,Phenotypic variance,20,12.654615747038719,12.661756893865856,12.307658763315196,13.088247543059776,7.656598475567285,12.654615747038719,After the historical event,Event not experienced
-1.84,1,1,1,Additive genetic variance,20,2.2297858165239473,2.2724905036710332,1.4436739576450504,3.17156427977409,2.098398345515837,2.2297858165239473,After the historical event,Event experienced
-1.84,1,1,1,Nuclear-family environmental variance,20,2.0876831202203108,1.9973026073243894,1.330840532787427,2.97992366095273,2.25,2.0876831202203108,After the historical event,Event experienced
-1.84,1,1,1,Nonshared environmental variance,20,9.035330567925437,9.05417758926064,7.879246231831267,10.219221646526798,4,9.035330567925437,After the historical event,Event experienced
-1.84,1,1,1,Phenotypic variance,20,13.352799504669695,13.402277794224464,12.652029062223086,13.795553307901756,8.348398345515836,13.352799504669695,After the historical event,Event experienced
-1.82,0,0,0,Additive genetic variance,20,1.503050909602184,1.4778420812895696,1.0771968574112587,1.9950870389205204,1.4330633575890164,1.503050909602184,Before the historical event,Event not experienced
-1.82,0,0,0,Nuclear-family environmental variance,20,2.1205250190216662,2.020278661265706,1.451704238671316,2.9136714617500816,2.25,2.1205250190216662,Before the historical event,Event not experienced
-1.82,0,0,0,Nonshared environmental variance,20,9.057964239363658,9.1229408737875,8.134798504408318,9.96649680440556,4,9.057964239363658,Before the historical event,Event not experienced
-1.82,0,0,0,Phenotypic variance,20,12.681540167987508,12.688252141336813,12.336794633640048,13.110179266505007,7.683063357589017,12.681540167987508,Before the historical event,Event not experienced
-1.82,0,1,0,Additive genetic variance,20,1.503050909602184,1.4778420812895696,1.0771968574112587,1.9950870389205204,1.4330633575890164,1.503050909602184,Before the historical event,Event experienced
-1.82,0,1,0,Nuclear-family environmental variance,20,2.1205250190216662,2.020278661265706,1.451704238671316,2.9136714617500816,2.25,2.1205250190216662,Before the historical event,Event experienced
-1.82,0,1,0,Nonshared environmental variance,20,9.057964239363658,9.1229408737875,8.134798504408318,9.96649680440556,4,9.057964239363658,Before the historical event,Event experienced
-1.82,0,1,0,Phenotypic variance,20,12.681540167987508,12.688252141336813,12.336794633640048,13.110179266505007,7.683063357589017,12.681540167987508,Before the historical event,Event experienced
-1.82,1,0,0,Additive genetic variance,20,1.503050909602184,1.4778420812895696,1.0771968574112587,1.9950870389205204,1.4330633575890164,1.503050909602184,After the historical event,Event not experienced
-1.82,1,0,0,Nuclear-family environmental variance,20,2.1205250190216662,2.020278661265706,1.451704238671316,2.9136714617500816,2.25,2.1205250190216662,After the historical event,Event not experienced
-1.82,1,0,0,Nonshared environmental variance,20,9.057964239363658,9.1229408737875,8.134798504408318,9.96649680440556,4,9.057964239363658,After the historical event,Event not experienced
-1.82,1,0,0,Phenotypic variance,20,12.681540167987508,12.688252141336813,12.336794633640048,13.110179266505007,7.683063357589017,12.681540167987508,After the historical event,Event not experienced
-1.82,1,1,1,Additive genetic variance,20,2.2696652771727055,2.312978432209337,1.475374193035468,3.216422968739546,2.137879310136018,2.2696652771727055,After the historical event,Event experienced
-1.82,1,1,1,Nuclear-family environmental variance,20,2.0878190796158766,1.9977766072688523,1.336312513378282,2.972772489256199,2.25,2.0878190796158766,After the historical event,Event experienced
-1.82,1,1,1,Nonshared environmental variance,20,9.035682540259057,9.052823784597368,7.888319566643297,10.210678717180443,4,9.035682540259057,After the historical event,Event experienced
-1.82,1,1,1,Phenotypic variance,20,13.39316689704764,13.436559406056602,12.685877794089162,13.838940361072364,8.387879310136018,13.39316689704764,After the historical event,Event experienced
-1.8,0,0,0,Additive genetic variance,20,1.529704527847867,1.5031169594415363,1.1012409096272981,2.0221619779956157,1.4597925858179746,1.529704527847867,Before the historical event,Event not experienced
-1.8,0,0,0,Nuclear-family environmental variance,20,2.120637533718619,2.0202547915238203,1.458408947147869,2.90673541005121,2.25,2.120637533718619,Before the historical event,Event not experienced
-1.8,0,0,0,Nonshared environmental variance,20,9.058381052976818,9.119875358600098,8.145570404355365,9.958703925805874,4,9.058381052976818,Before the historical event,Event not experienced
-1.8,0,0,0,Phenotypic variance,20,12.708723114543304,12.714956036960366,12.36506086642293,13.132419234826363,7.709792585817975,12.708723114543304,Before the historical event,Event not experienced
-1.8,0,1,0,Additive genetic variance,20,1.529704527847867,1.5031169594415363,1.1012409096272981,2.0221619779956157,1.4597925858179746,1.529704527847867,Before the historical event,Event experienced
-1.8,0,1,0,Nuclear-family environmental variance,20,2.120637533718619,2.0202547915238203,1.458408947147869,2.90673541005121,2.25,2.120637533718619,Before the historical event,Event experienced
-1.8,0,1,0,Nonshared environmental variance,20,9.058381052976818,9.119875358600098,8.145570404355365,9.958703925805874,4,9.058381052976818,Before the historical event,Event experienced
-1.8,0,1,0,Phenotypic variance,20,12.708723114543304,12.714956036960366,12.36506086642293,13.132419234826363,7.709792585817975,12.708723114543304,Before the historical event,Event experienced
-1.8,1,0,0,Additive genetic variance,20,1.529704527847867,1.5031169594415363,1.1012409096272981,2.0221619779956157,1.4597925858179746,1.529704527847867,After the historical event,Event not experienced
-1.8,1,0,0,Nuclear-family environmental variance,20,2.120637533718619,2.0202547915238203,1.458408947147869,2.90673541005121,2.25,2.120637533718619,After the historical event,Event not experienced
-1.8,1,0,0,Nonshared environmental variance,20,9.058381052976818,9.119875358600098,8.145570404355365,9.958703925805874,4,9.058381052976818,After the historical event,Event not experienced
-1.8,1,0,0,Phenotypic variance,20,12.708723114543304,12.714956036960366,12.36506086642293,13.132419234826363,7.709792585817975,12.708723114543304,After the historical event,Event not experienced
-1.8,1,1,1,Additive genetic variance,20,2.3099166887418736,2.353836632763863,1.5074989086459953,3.2615017195313607,2.177754632956868,2.3099166887418736,After the historical event,Event experienced
-1.8,1,1,1,Nuclear-family environmental variance,20,2.087969045374446,1.9982522928048663,1.3417846333680554,2.965668657709327,2.25,2.087969045374446,After the historical event,Event experienced
-1.8,1,1,1,Nonshared environmental variance,20,9.036032480668554,9.051474012012438,7.897354236546489,10.202174767241718,4,9.036032480668554,After the historical event,Event experienced
-1.8,1,1,1,Phenotypic variance,20,13.433918214784875,13.47877034795854,12.720206169381083,13.88266332758539,8.427754632956868,13.433918214784875,After the historical event,Event experienced
-1.78,0,0,0,Additive genetic variance,20,1.5566004720121904,1.5286062531314735,1.1256207575921378,2.049398275692087,1.486782458359715,1.5566004720121904,Before the historical event,Event not experienced
-1.78,0,0,0,Nuclear-family environmental variance,20,2.1207645051577004,2.020239999363411,1.4651161206828247,2.899849647047011,2.25,2.1207645051577004,Before the historical event,Event not experienced
-1.78,0,0,0,Nonshared environmental variance,20,9.058795542910072,9.116833338043158,8.156296641080429,9.950946087406864,4,9.058795542910072,Before the historical event,Event not experienced
-1.78,0,0,0,Phenotypic variance,20,12.736160520079963,12.741864101759468,12.393541507272786,13.154964600692281,7.7367824583597145,12.736160520079963,Before the historical event,Event not experienced
-1.78,0,1,0,Additive genetic variance,20,1.5566004720121904,1.5286062531314735,1.1256207575921378,2.049398275692087,1.486782458359715,1.5566004720121904,Before the historical event,Event experienced
-1.78,0,1,0,Nuclear-family environmental variance,20,2.1207645051577004,2.020239999363411,1.4651161206828247,2.899849647047011,2.25,2.1207645051577004,Before the historical event,Event experienced
-1.78,0,1,0,Nonshared environmental variance,20,9.058795542910072,9.116833338043158,8.156296641080429,9.950946087406864,4,9.058795542910072,Before the historical event,Event experienced
-1.78,0,1,0,Phenotypic variance,20,12.736160520079963,12.741864101759468,12.393541507272786,13.154964600692281,7.7367824583597145,12.736160520079963,Before the historical event,Event experienced
-1.78,1,0,0,Additive genetic variance,20,1.5566004720121904,1.5286062531314735,1.1256207575921378,2.049398275692087,1.486782458359715,1.5566004720121904,After the historical event,Event not experienced
-1.78,1,0,0,Nuclear-family environmental variance,20,2.1207645051577004,2.020239999363411,1.4651161206828247,2.899849647047011,2.25,2.1207645051577004,After the historical event,Event not experienced
-1.78,1,0,0,Nonshared environmental variance,20,9.058795542910072,9.116833338043158,8.156296641080429,9.950946087406864,4,9.058795542910072,After the historical event,Event not experienced
-1.78,1,0,0,Phenotypic variance,20,12.736160520079963,12.741864101759468,12.393541507272786,13.154964600692281,7.7367824583597145,12.736160520079963,After the historical event,Event not experienced
-1.78,1,1,1,Additive genetic variance,20,2.350534286086987,2.3950592919804894,1.5400456589456282,3.3067917602540975,2.2180187914008265,2.350534286086987,After the historical event,Event experienced
-1.78,1,1,1,Nuclear-family environmental variance,20,2.0881328427502592,1.9987296626709163,1.34725670010398,2.958611899072325,2.25,2.0881328427502592,After the historical event,Event experienced
-1.78,1,1,1,Nonshared environmental variance,20,9.036380314102736,9.05012825859921,7.906350079448517,10.193709707364725,4,9.036380314102736,After the historical event,Event experienced
-1.78,1,1,1,Phenotypic variance,20,13.475047442939983,13.516380176476982,12.755011065743968,13.926714454970682,8.468018791400826,13.475047442939983,After the historical event,Event experienced
-1.76,0,0,0,Additive genetic variance,20,1.5837347418527312,1.5563722241711053,1.150335039713128,2.076739345097943,1.5140290783216548,1.5837347418527312,Before the historical event,Event not experienced
-1.76,0,0,0,Nuclear-family environmental variance,20,2.1209057570858145,2.0202342637146646,1.471825467211688,2.8930138791803675,2.25,2.1209057570858145,Before the historical event,Event not experienced
-1.76,0,0,0,Nonshared environmental variance,20,9.059207634007615,9.113814754449823,8.16697699675453,9.943223215644405,4,9.059207634007615,Before the historical event,Event not experienced
-1.76,0,0,0,Phenotypic variance,20,12.76384813294616,12.768971699196573,12.418631973106379,13.177812310506908,7.764029078321655,12.76384813294616,Before the historical event,Event not experienced
-1.76,0,1,0,Additive genetic variance,20,1.5837347418527312,1.5563722241711053,1.150335039713128,2.076739345097943,1.5140290783216548,1.5837347418527312,Before the historical event,Event experienced
-1.76,0,1,0,Nuclear-family environmental variance,20,2.1209057570858145,2.0202342637146646,1.471825467211688,2.8930138791803675,2.25,2.1209057570858145,Before the historical event,Event experienced
-1.76,0,1,0,Nonshared environmental variance,20,9.059207634007615,9.113814754449823,8.16697699675453,9.943223215644405,4,9.059207634007615,Before the historical event,Event experienced
-1.76,0,1,0,Phenotypic variance,20,12.76384813294616,12.768971699196573,12.418631973106379,13.177812310506908,7.764029078321655,12.76384813294616,Before the historical event,Event experienced
-1.76,1,0,0,Additive genetic variance,20,1.5837347418527312,1.5563722241711053,1.150335039713128,2.076739345097943,1.5140290783216548,1.5837347418527312,After the historical event,Event not experienced
-1.76,1,0,0,Nuclear-family environmental variance,20,2.1209057570858145,2.0202342637146646,1.471825467211688,2.8930138791803675,2.25,2.1209057570858145,After the historical event,Event not experienced
-1.76,1,0,0,Nonshared environmental variance,20,9.059207634007615,9.113814754449823,8.16697699675453,9.943223215644405,4,9.059207634007615,After the historical event,Event not experienced
-1.76,1,0,0,Phenotypic variance,20,12.76384813294616,12.768971699196573,12.418631973106379,13.177812310506908,7.764029078321655,12.76384813294616,After the historical event,Event not experienced
-1.76,1,1,1,Additive genetic variance,20,2.391512022354049,2.4366403274701973,1.573011715626143,3.352284104684806,2.258665971987294,2.391512022354049,After the historical event,Event experienced
-1.76,1,1,1,Nuclear-family environmental variance,20,2.0883102976313643,1.9992087156412102,1.3527285201336703,2.951601948318831,2.25,2.0883102976313643,After the historical event,Event experienced
-1.76,1,1,1,Nonshared environmental variance,20,9.036725965882079,9.048786511575582,7.915306933806143,10.185283448695897,4,9.036725965882079,After the historical event,Event experienced
-1.76,1,1,1,Phenotypic variance,20,13.516548285867492,13.554397806039352,12.790289042946391,13.971085722468153,8.508665971987295,13.516548285867492,After the historical event,Event experienced
-1.74,0,0,0,Additive genetic variance,20,1.6111031500887976,1.5849782299253734,1.1753821834810747,2.1041795400353895,1.5415283527246721,1.6111031500887976,Before the historical event,Event not experienced
-1.74,0,0,0,Nuclear-family environmental variance,20,2.1210611139180595,2.0202375637449466,1.4785366929934096,2.8862278156026635,2.25,2.1210611139180595,Before the historical event,Event not experienced
-1.74,0,0,0,Nonshared environmental variance,20,9.05961725148791,9.110819550657382,8.17761125427473,9.935535237342656,4,9.05961725148791,Before the historical event,Event not experienced
-1.74,0,0,0,Phenotypic variance,20,12.791781515494767,12.796274035160977,12.44405828677952,13.200959102149334,7.791528352724672,12.791781515494767,Before the historical event,Event not experienced
-1.74,0,1,0,Additive genetic variance,20,1.6111031500887976,1.5849782299253734,1.1753821834810747,2.1041795400353895,1.5415283527246721,1.6111031500887976,Before the historical event,Event experienced
-1.74,0,1,0,Nuclear-family environmental variance,20,2.1210611139180595,2.0202375637449466,1.4785366929934096,2.8862278156026635,2.25,2.1210611139180595,Before the historical event,Event experienced
-1.74,0,1,0,Nonshared environmental variance,20,9.05961725148791,9.110819550657382,8.17761125427473,9.935535237342656,4,9.05961725148791,Before the historical event,Event experienced
-1.74,0,1,0,Phenotypic variance,20,12.791781515494767,12.796274035160977,12.44405828677952,13.200959102149334,7.791528352724672,12.791781515494767,Before the historical event,Event experienced
-1.74,1,0,0,Additive genetic variance,20,1.6111031500887976,1.5849782299253734,1.1753821834810747,2.1041795400353895,1.5415283527246721,1.6111031500887976,After the historical event,Event not experienced
-1.74,1,0,0,Nuclear-family environmental variance,20,2.1210611139180595,2.0202375637449466,1.4785366929934096,2.8862278156026635,2.25,2.1210611139180595,After the historical event,Event not experienced
-1.74,1,0,0,Nonshared environmental variance,20,9.05961725148791,9.110819550657382,8.17761125427473,9.935535237342656,4,9.05961725148791,After the historical event,Event not experienced
-1.74,1,0,0,Phenotypic variance,20,12.791781515494767,12.796274035160977,12.44405828677952,13.200959102149334,7.791528352724672,12.791781515494767,After the historical event,Event not experienced
-1.74,1,1,1,Additive genetic variance,20,2.4328435675034514,2.4785733867616555,1.6063940635068366,3.3979695539264103,2.2996900687089297,2.4328435675034514,After the historical event,Event experienced
-1.74,1,1,1,Nuclear-family environmental variance,20,2.088501236538605,1.999689450525704,1.3581998992166515,2.9446385426182573,2.25,2.088501236538605,After the historical event,Event experienced
-1.74,1,1,1,Nonshared environmental variance,20,9.037069361699565,9.04744875828385,7.9242246386301405,10.17689590287227,4,9.037069361699565,After the historical event,Event experienced
-1.74,1,1,1,Phenotypic variance,20,13.558414165741622,13.592817317224442,12.826036338614376,14.015768841237307,8.54969006870893,13.558414165741622,After the historical event,Event experienced
-1.72,0,0,0,Additive genetic variance,20,1.63870132156329,1.6138563697737327,1.2007604019771256,2.1317130986024413,1.5692759915529557,1.63870132156329,Before the historical event,Event not experienced
-1.72,0,0,0,Nuclear-family environmental variance,20,2.1212304007362803,2.0202498788579613,1.4852495026323793,2.879491168150788,2.25,2.1212304007362803,Before the historical event,Event not experienced
-1.72,0,0,0,Nonshared environmental variance,20,9.06002432094455,9.107847670005699,8.18819919727148,9.92788207971281,4,9.06002432094455,Before the historical event,Event not experienced
-1.72,0,0,0,Phenotypic variance,20,12.81995604324412,12.823766158073635,12.469817659421956,13.224401502849986,7.8192759915529555,12.81995604324412,Before the historical event,Event not experienced
-1.72,0,1,0,Additive genetic variance,20,1.63870132156329,1.6138563697737327,1.2007604019771256,2.1317130986024413,1.5692759915529557,1.63870132156329,Before the historical event,Event experienced
-1.72,0,1,0,Nuclear-family environmental variance,20,2.1212304007362803,2.0202498788579613,1.4852495026323793,2.879491168150788,2.25,2.1212304007362803,Before the historical event,Event experienced
-1.72,0,1,0,Nonshared environmental variance,20,9.06002432094455,9.107847670005699,8.18819919727148,9.92788207971281,4,9.06002432094455,Before the historical event,Event experienced
-1.72,0,1,0,Phenotypic variance,20,12.81995604324412,12.823766158073635,12.469817659421956,13.224401502849986,7.8192759915529555,12.81995604324412,Before the historical event,Event experienced
-1.72,1,0,0,Additive genetic variance,20,1.63870132156329,1.6138563697737327,1.2007604019771256,2.1317130986024413,1.5692759915529557,1.63870132156329,After the historical event,Event not experienced
-1.72,1,0,0,Nuclear-family environmental variance,20,2.1212304007362803,2.0202498788579613,1.4852495026323793,2.879491168150788,2.25,2.1212304007362803,After the historical event,Event not experienced
-1.72,1,0,0,Nonshared environmental variance,20,9.06002432094455,9.107847670005699,8.18819919727148,9.92788207971281,4,9.06002432094455,After the historical event,Event not experienced
-1.72,1,0,0,Phenotypic variance,20,12.81995604324412,12.823766158073635,12.469817659421956,13.224401502849986,7.8192759915529555,12.81995604324412,After the historical event,Event not experienced
-1.72,1,1,1,Additive genetic variance,20,2.47452230703373,2.520851846441526,1.6401893966122536,3.4438386982309748,2.3410846816141926,2.47452230703373,After the historical event,Event experienced
-1.72,1,1,1,Nuclear-family environmental variance,20,2.0887054866247396,2.000171866170129,1.3636706423360114,2.937721421318318,2.25,2.0887054866247396,After the historical event,Event experienced
-1.72,1,1,1,Nonshared environmental variance,20,9.037410427621523,9.046114986190588,7.933103033490223,10.168546982019716,4,9.037410427621523,After the historical event,Event experienced
-1.72,1,1,1,Phenotypic variance,20,13.600638221279993,13.631632476509104,12.8622488641684,14.060755254771518,8.591084681614193,13.600638221279993,After the historical event,Event experienced
-1.7,0,0,0,Additive genetic variance,20,1.6665246925396644,1.643002235407975,1.226467690496643,2.1593341445921443,1.5972675069455593,1.6665246925396644,Before the historical event,Event not experienced
-1.7,0,0,0,Nuclear-family environmental variance,20,2.121413443287754,2.0202711886929183,1.4919635991007643,2.872803651324394,2.25,2.121413443287754,Before the historical event,Event not experienced
-1.7,0,0,0,Nonshared environmental variance,20,9.060428768347109,9.104899056335611,8.198740610115946,9.920263670351833,4,9.060428768347109,Before the historical event,Event not experienced
-1.7,0,0,0,Phenotypic variance,20,12.848366904174528,12.851442959111251,12.495907071905709,13.248135827209502,7.84726750694556,12.848366904174528,Before the historical event,Event not experienced
-1.7,0,1,0,Additive genetic variance,20,1.6665246925396644,1.643002235407975,1.226467690496643,2.1593341445921443,1.5972675069455593,1.6665246925396644,Before the historical event,Event experienced
-1.7,0,1,0,Nuclear-family environmental variance,20,2.121413443287754,2.0202711886929183,1.4919635991007643,2.872803651324394,2.25,2.121413443287754,Before the historical event,Event experienced
-1.7,0,1,0,Nonshared environmental variance,20,9.060428768347109,9.104899056335611,8.198740610115946,9.920263670351833,4,9.060428768347109,Before the historical event,Event experienced
-1.7,0,1,0,Phenotypic variance,20,12.848366904174528,12.851442959111251,12.495907071905709,13.248135827209502,7.84726750694556,12.848366904174528,Before the historical event,Event experienced
-1.7,1,0,0,Additive genetic variance,20,1.6665246925396644,1.643002235407975,1.226467690496643,2.1593341445921443,1.5972675069455593,1.6665246925396644,After the historical event,Event not experienced
-1.7,1,0,0,Nuclear-family environmental variance,20,2.121413443287754,2.0202711886929183,1.4919635991007643,2.872803651324394,2.25,2.121413443287754,After the historical event,Event not experienced
-1.7,1,0,0,Nonshared environmental variance,20,9.060428768347109,9.104899056335611,8.198740610115946,9.920263670351833,4,9.060428768347109,After the historical event,Event not experienced
-1.7,1,0,0,Phenotypic variance,20,12.848366904174528,12.851442959111251,12.495907071905709,13.248135827209502,7.84726750694556,12.848366904174528,After the historical event,Event not experienced
-1.7,1,1,1,Additive genetic variance,20,2.51654134091026,2.5634688114865765,1.674394114430863,3.489881918993942,2.382843115601285,2.51654134091026,After the historical event,Event experienced
-1.7,1,1,1,Nuclear-family environmental variance,20,2.0889228756736884,2.000655961456018,1.3691405537101815,2.9308503259277257,2.25,2.0889228756736884,After the historical event,Event experienced
-1.7,1,1,1,Nonshared environmental variance,20,9.0377490900884645,9.0447851828865,7.941941958519948,10.160236598751233,4,9.0377490900884645,After the historical event,Event experienced
-1.7,1,1,1,Phenotypic variance,20,13.643213306672413,13.670836734172749,12.898922200972036,14.110240521872818,8.632843115601284,13.643213306672413,After the historical event,Event experienced
-1.68,0,0,0,Additive genetic variance,20,1.6945685101372847,1.6724112023747457,1.2525018232962695,2.187036689006164,1.6254982125330215,1.6945685101372847,Before the historical event,Event not experienced
-1.68,0,0,0,Nuclear-family environmental variance,20,2.121610067984005,2.0203014731237117,1.4986786837611925,2.8661649822634043,2.25,2.121610067984005,Before the historical event,Event not experienced
-1.68,0,0,0,Nonshared environmental variance,20,9.060830520042002,9.101973653987393,8.209235277927291,9.912679937241268,4,9.060830520042002,Before the historical event,Event not experienced
-1.68,0,0,0,Phenotypic variance,20,12.877009098163292,12.87929917255152,12.522323272122708,13.272158175365078,7.875498212533022,12.877009098163292,Before the historical event,Event not experienced
-1.68,0,1,0,Additive genetic variance,20,1.6945685101372847,1.6724112023747457,1.2525018232962695,2.187036689006164,1.6254982125330215,1.6945685101372847,Before the historical event,Event experienced
-1.68,0,1,0,Nuclear-family environmental variance,20,2.121610067984005,2.0203014731237117,1.4986786837611925,2.8661649822634043,2.25,2.121610067984005,Before the historical event,Event experienced
-1.68,0,1,0,Nonshared environmental variance,20,9.060830520042002,9.101973653987393,8.209235277927291,9.912679937241268,4,9.060830520042002,Before the historical event,Event experienced
-1.68,0,1,0,Phenotypic variance,20,12.877009098163292,12.87929917255152,12.522323272122708,13.272158175365078,7.875498212533022,12.877009098163292,Before the historical event,Event experienced
-1.68,1,0,0,Additive genetic variance,20,1.6945685101372847,1.6724112023747457,1.2525018232962695,2.187036689006164,1.6254982125330215,1.6945685101372847,After the historical event,Event not experienced
-1.68,1,0,0,Nuclear-family environmental variance,20,2.121610067984005,2.0203014731237117,1.4986786837611925,2.8661649822634043,2.25,2.121610067984005,After the historical event,Event not experienced
-1.68,1,0,0,Nonshared environmental variance,20,9.060830520042002,9.101973653987393,8.209235277927291,9.912679937241268,4,9.060830520042002,After the historical event,Event not experienced
-1.68,1,0,0,Phenotypic variance,20,12.877009098163292,12.87929917255152,12.522323272122708,13.272158175365078,7.875498212533022,12.877009098163292,After the historical event,Event not experienced
-1.68,1,1,1,Additive genetic variance,20,2.5588934827038967,2.606417114791543,1.7090043183625632,3.5360893909202944,2.4249583794285003,2.5588934827038967,After the historical event,Event experienced
-1.68,1,1,1,Nuclear-family environmental variance,20,2.0891532320999113,2.0011417353007337,1.3746094368048416,2.9240250000990624,2.25,2.0891532320999113,After the historical event,Event experienced
-1.68,1,1,1,Nonshared environmental variance,20,9.038085275915916,9.043459336086288,7.950741254421597,10.151964666165204,4,9.038085275915916,After the historical event,Event experienced
-1.68,1,1,1,Phenotypic variance,20,13.686131990719725,13.710423222436294,12.935528412628141,14.16386293822071,8.6749583794285,13.686131990719725,After the historical event,Event experienced
-1.66,0,0,0,Additive genetic variance,20,1.7228278319083388,1.7020784290812112,1.278860350470354,2.214814631662871,1.6539632229222982,1.7228278319083388,Before the historical event,Event not experienced
-1.66,0,0,0,Nuclear-family environmental variance,20,2.1218201018997567,2.0203407122581103,1.5053944563897785,2.859574880725768,2.25,2.1218201018997567,Before the historical event,Event not experienced
-1.66,0,0,0,Nonshared environmental variance,20,9.061229502753333,9.099071407799194,8.21968298657997,9.905130808745973,4,9.061229502753333,Before the historical event,Event not experienced
-1.66,0,0,0,Phenotypic variance,20,12.905877436561429,12.90732937624103,12.549062772417493,13.29646443130937,7.9039632229222985,12.905877436561429,Before the historical event,Event not experienced
-1.66,0,1,0,Additive genetic variance,20,1.7228278319083388,1.7020784290812112,1.278860350470354,2.214814631662871,1.6539632229222982,1.7228278319083388,Before the historical event,Event experienced
-1.66,0,1,0,Nuclear-family environmental variance,20,2.1218201018997567,2.0203407122581103,1.5053944563897785,2.859574880725768,2.25,2.1218201018997567,Before the historical event,Event experienced
-1.66,0,1,0,Nonshared environmental variance,20,9.061229502753333,9.099071407799194,8.21968298657997,9.905130808745973,4,9.061229502753333,Before the historical event,Event experienced
-1.66,0,1,0,Phenotypic variance,20,12.905877436561429,12.90732937624103,12.549062772417493,13.29646443130937,7.9039632229222985,12.905877436561429,Before the historical event,Event experienced
-1.66,1,0,0,Additive genetic variance,20,1.7228278319083388,1.7020784290812112,1.278860350470354,2.214814631662871,1.6539632229222982,1.7228278319083388,After the historical event,Event not experienced
-1.66,1,0,0,Nuclear-family environmental variance,20,2.1218201018997567,2.0203407122581103,1.5053944563897785,2.859574880725768,2.25,2.1218201018997567,After the historical event,Event not experienced
-1.66,1,0,0,Nonshared environmental variance,20,9.061229502753333,9.099071407799194,8.21968298657997,9.905130808745973,4,9.061229502753333,After the historical event,Event not experienced
-1.66,1,0,0,Phenotypic variance,20,12.905877436561429,12.90732937624103,12.549062772417493,13.29646443130937,7.9039632229222985,12.905877436561429,After the historical event,Event not experienced
-1.66,1,1,1,Additive genetic variance,20,2.60157125894438,2.6496893168965854,1.7440158083628419,3.582451084363413,2.467423184945839,2.60157125894438,After the historical event,Event experienced
-1.66,1,1,1,Nuclear-family environmental variance,20,2.0893963849479094,2.001629186657496,1.3800770943449503,2.9172451896118097,2.25,2.0893963849479094,After the historical event,Event experienced
-1.66,1,1,1,Nonshared environmental variance,20,9.038418912295267,9.042137433628536,7.959500762471089,10.1437310978437,4,9.038418912295267,After the historical event,Event experienced
-1.66,1,1,1,Phenotypic variance,20,13.729386556187556,13.750384753842415,12.972185283573118,14.217685653400338,8.717423184945838,13.729386556187556,After the historical event,Event experienced
-1.64,0,0,0,Additive genetic variance,20,1.7512975255594032,1.7319988559652204,1.305540594962883,2.2428874746106704,1.682657453333156,1.7512975255594032,Before the historical event,Event not experienced
-1.64,0,0,0,Nuclear-family environmental variance,20,2.122043372772009,2.020388886436955,1.51211061519949,2.8530330690654653,2.25,2.122043372772009,Before the historical event,Event not experienced
-1.64,0,0,0,Nonshared environmental variance,20,9.061625643583756,9.096192263105529,8.230083522710991,9.89761621361292,4,9.061625643583756,Before the historical event,Event not experienced
-1.64,0,0,0,Phenotypic variance,20,12.93496654191517,12.935527992187588,12.576121847180946,13.321050261366846,7.932657453333156,12.93496654191517,Before the historical event,Event not experienced
-1.64,0,1,0,Additive genetic variance,20,1.7512975255594032,1.7319988559652204,1.305540594962883,2.2428874746106704,1.682657453333156,1.7512975255594032,Before the historical event,Event experienced
-1.64,0,1,0,Nuclear-family environmental variance,20,2.122043372772009,2.020388886436955,1.51211061519949,2.8530330690654653,2.25,2.122043372772009,Before the historical event,Event experienced
-1.64,0,1,0,Nonshared environmental variance,20,9.061625643583756,9.096192263105529,8.230083522710991,9.89761621361292,4,9.061625643583756,Before the historical event,Event experienced
-1.64,0,1,0,Phenotypic variance,20,12.93496654191517,12.935527992187588,12.576121847180946,13.321050261366846,7.932657453333156,12.93496654191517,Before the historical event,Event experienced
-1.64,1,0,0,Additive genetic variance,20,1.7512975255594032,1.7319988559652204,1.305540594962883,2.2428874746106704,1.682657453333156,1.7512975255594032,After the historical event,Event not experienced
-1.64,1,0,0,Nuclear-family environmental variance,20,2.122043372772009,2.020388886436955,1.51211061519949,2.8530330690654653,2.25,2.122043372772009,After the historical event,Event not experienced
-1.64,1,0,0,Nonshared environmental variance,20,9.061625643583756,9.096192263105529,8.230083522710991,9.89761621361292,4,9.061625643583756,After the historical event,Event not experienced
-1.64,1,0,0,Phenotypic variance,20,12.93496654191517,12.935527992187588,12.576121847180946,13.321050261366846,7.932657453333156,12.93496654191517,After the historical event,Event not experienced
-1.64,1,1,1,Additive genetic variance,20,2.6445669086932186,2.6932777059179687,1.779424079791308,3.628956767837285,2.5102299465525655,2.6445669086932186,After the historical event,Event experienced
-1.64,1,1,1,Nuclear-family environmental variance,20,2.089652163891855,2.002118314515409,1.3855433283268965,2.9105106423555545,2.25,2.089652163891855,After the historical event,Event experienced
-1.64,1,1,1,Nonshared environmental variance,20,9.038749926794601,9.040819463475561,7.96822032452282,10.135535807850783,4,9.038749926794601,After the historical event,Event experienced
-1.64,1,1,1,Phenotypic variance,20,13.772968999379675,13.790713819883726,13.009286278201795,14.271697564237074,8.760229946552565,13.772968999379675,After the historical event,Event experienced
-1.6199999999999999,0,0,0,Additive genetic variance,20,1.7799722688206352,1.7621672048339456,1.3325396497210271,2.2747461005133776,1.7115756193890552,1.7799722688206352,Before the historical event,Event not experienced
-1.6199999999999999,0,0,0,Nuclear-family environmental variance,20,2.122279708999247,2.0204459762333697,1.518826856863853,2.846539272210747,2.25,2.122279708999247,Before the historical event,Event not experienced
-1.6199999999999999,0,0,0,Nonshared environmental variance,20,9.062018870015324,9.093336165735744,8.240436673727146,9.890136080969986,4,9.062018870015324,Before the historical event,Event not experienced
-1.6199999999999999,0,0,0,Phenotypic variance,20,12.964270847835207,12.963889287278226,12.603496530611016,13.345911112832479,7.9615756193890554,12.964270847835207,Before the historical event,Event not experienced
-1.6199999999999999,0,1,0,Additive genetic variance,20,1.7799722688206352,1.7621672048339456,1.3325396497210271,2.2747461005133776,1.7115756193890552,1.7799722688206352,Before the historical event,Event experienced
-1.6199999999999999,0,1,0,Nuclear-family environmental variance,20,2.122279708999247,2.0204459762333697,1.518826856863853,2.846539272210747,2.25,2.122279708999247,Before the historical event,Event experienced
-1.6199999999999999,0,1,0,Nonshared environmental variance,20,9.062018870015324,9.093336165735744,8.240436673727146,9.890136080969986,4,9.062018870015324,Before the historical event,Event experienced
-1.6199999999999999,0,1,0,Phenotypic variance,20,12.964270847835207,12.963889287278226,12.603496530611016,13.345911112832479,7.9615756193890554,12.964270847835207,Before the historical event,Event experienced
-1.6199999999999999,1,0,0,Additive genetic variance,20,1.7799722688206352,1.7621672048339456,1.3325396497210271,2.2747461005133776,1.7115756193890552,1.7799722688206352,After the historical event,Event not experienced
-1.6199999999999999,1,0,0,Nuclear-family environmental variance,20,2.122279708999247,2.0204459762333697,1.518826856863853,2.846539272210747,2.25,2.122279708999247,After the historical event,Event not experienced
-1.6199999999999999,1,0,0,Nonshared environmental variance,20,9.062018870015324,9.093336165735744,8.240436673727146,9.890136080969986,4,9.062018870015324,After the historical event,Event not experienced
-1.6199999999999999,1,0,0,Phenotypic variance,20,12.964270847835207,12.963889287278226,12.603496530611016,13.345911112832479,7.9615756193890554,12.964270847835207,After the historical event,Event not experienced
-1.6199999999999999,1,1,1,Additive genetic variance,20,2.68787238334056,2.7371742976855042,1.8124679081240611,3.675596010702535,2.5533707808852473,2.68787238334056,After the historical event,Event experienced
-1.6199999999999999,1,1,1,Nuclear-family environmental variance,20,2.0899203992353446,2.002609117899493,1.3910079400307753,2.9038211083133554,2.25,2.0899203992353446,After the historical event,Event experienced
-1.6199999999999999,1,1,1,Nonshared environmental variance,20,9.039078247359532,9.03950541371329,7.976899783014522,10.127378710730806,4,9.039078247359532,After the historical event,Event experienced
-1.6199999999999999,1,1,1,Phenotypic variance,20,13.816871029935436,13.83419947750783,13.046825881221032,14.325887315322811,8.803370780885247,13.816871029935436,After the historical event,Event experienced
-1.5999999999999999,0,0,0,Additive genetic variance,20,1.80884654946545,1.7925779783748754,1.35985437499635,2.306725835940388,1.7407122370654269,1.80884654946545,Before the historical event,Event not experienced
-1.5999999999999999,0,0,0,Nuclear-family environmental variance,20,2.1225289396407785,2.0205119624519816,1.5255428765409929,2.8400932176426257,2.25,2.1225289396407785,Before the historical event,Event not experienced
-1.5999999999999999,0,0,0,Nonshared environmental variance,20,9.062409109910341,9.09050306201252,8.250742227812264,9.882690340324737,4,9.062409109910341,Before the historical event,Event not experienced
-1.5999999999999999,0,0,0,Phenotypic variance,20,12.99378459901657,12.992407374124445,12.63118261464622,13.371042212777471,7.990712237065427,12.99378459901657,Before the historical event,Event not experienced
-1.5999999999999999,0,1,0,Additive genetic variance,20,1.80884654946545,1.7925779783748754,1.35985437499635,2.306725835940388,1.7407122370654269,1.80884654946545,Before the historical event,Event experienced
-1.5999999999999999,0,1,0,Nuclear-family environmental variance,20,2.1225289396407785,2.0205119624519816,1.5255428765409929,2.8400932176426257,2.25,2.1225289396407785,Before the historical event,Event experienced
-1.5999999999999999,0,1,0,Nonshared environmental variance,20,9.062409109910341,9.09050306201252,8.250742227812264,9.882690340324737,4,9.062409109910341,Before the historical event,Event experienced
-1.5999999999999999,0,1,0,Phenotypic variance,20,12.99378459901657,12.992407374124445,12.63118261464622,13.371042212777471,7.990712237065427,12.99378459901657,Before the historical event,Event experienced
-1.5999999999999999,1,0,0,Additive genetic variance,20,1.80884654946545,1.7925779783748754,1.35985437499635,2.306725835940388,1.7407122370654269,1.80884654946545,After the historical event,Event not experienced
-1.5999999999999999,1,0,0,Nuclear-family environmental variance,20,2.1225289396407785,2.0205119624519816,1.5255428765409929,2.8400932176426257,2.25,2.1225289396407785,After the historical event,Event not experienced
-1.5999999999999999,1,0,0,Nonshared environmental variance,20,9.062409109910341,9.09050306201252,8.250742227812264,9.882690340324737,4,9.062409109910341,After the historical event,Event not experienced
-1.5999999999999999,1,0,0,Phenotypic variance,20,12.99378459901657,12.992407374124445,12.63118261464622,13.371042212777471,7.990712237065427,12.99378459901657,After the historical event,Event not experienced
-1.5999999999999999,1,1,1,Additive genetic variance,20,2.7314793466304086,2.7813708360900886,1.8450327053904285,3.7223581860265833,2.5968375067405898,2.7314793466304086,After the historical event,Event experienced
-1.5999999999999999,1,1,1,Nuclear-family environmental variance,20,2.0902009219112747,2.0031015958707084,1.3964707300327843,2.8971763395452723,2.25,2.0902009219112747,After the historical event,Event experienced
-1.5999999999999999,1,1,1,Nonshared environmental variance,20,9.039403802314043,9.038195272551132,7.985538980972125,10.11925972150675,4,9.039403802314043,After the historical event,Event experienced
-1.5999999999999999,1,1,1,Phenotypic variance,20,13.861084070855727,13.87863191420173,13.084798237770766,14.380243301915854,8.84683750674059,13.861084070855727,After the historical event,Event experienced
-1.58,0,0,0,Additive genetic variance,20,1.8379146654834277,1.8232254598428912,1.3874813957996799,2.338819108716847,1.7700616227981283,1.8379146654834277,Before the historical event,Event not experienced
-1.58,0,0,0,Nuclear-family environmental variance,20,2.122790894416191,2.0205868261281488,1.5322583678980082,2.833694635373593,2.25,2.122790894416191,Before the historical event,Event not experienced
-1.58,0,0,0,Nonshared environmental variance,20,9.062796291512221,9.087692898750387,8.260999973934384,9.875278921563247,4,9.062796291512221,Before the historical event,Event not experienced
-1.58,0,0,0,Phenotypic variance,20,13.023501851411838,13.021076212035785,12.659175647077735,13.396438567026667,8.020061622798128,13.023501851411838,Before the historical event,Event not experienced
-1.58,0,1,0,Additive genetic variance,20,1.8379146654834277,1.8232254598428912,1.3874813957996799,2.338819108716847,1.7700616227981283,1.8379146654834277,Before the historical event,Event experienced
-1.58,0,1,0,Nuclear-family environmental variance,20,2.122790894416191,2.0205868261281488,1.5322583678980082,2.833694635373593,2.25,2.122790894416191,Before the historical event,Event experienced
-1.58,0,1,0,Nonshared environmental variance,20,9.062796291512221,9.087692898750387,8.260999973934384,9.875278921563247,4,9.062796291512221,Before the historical event,Event experienced
-1.58,0,1,0,Phenotypic variance,20,13.023501851411838,13.021076212035785,12.659175647077735,13.396438567026667,8.020061622798128,13.023501851411838,Before the historical event,Event experienced
-1.58,1,0,0,Additive genetic variance,20,1.8379146654834277,1.8232254598428912,1.3874813957996799,2.338819108716847,1.7700616227981283,1.8379146654834277,After the historical event,Event not experienced
-1.58,1,0,0,Nuclear-family environmental variance,20,2.122790894416191,2.0205868261281488,1.5322583678980082,2.833694635373593,2.25,2.122790894416191,After the historical event,Event not experienced
-1.58,1,0,0,Nonshared environmental variance,20,9.062796291512221,9.087692898750387,8.260999973934384,9.875278921563247,4,9.062796291512221,After the historical event,Event not experienced
-1.58,1,0,0,Phenotypic variance,20,13.023501851411838,13.021076212035785,12.659175647077735,13.396438567026667,8.020061622798128,13.023501851411838,After the historical event,Event not experienced
-1.58,1,1,1,Additive genetic variance,20,2.7753791749183763,2.8251020808689944,1.8778875299631899,3.769232473618101,2.640621645237234,2.7753791749183763,After the historical event,Event experienced
-1.58,1,1,1,Nuclear-family environmental variance,20,2.0904935634818385,2.0035957475259893,1.4019314982177398,2.890576090172059,2.25,2.0904935634818385,After the historical event,Event experienced
-1.58,1,1,1,Nonshared environmental variance,20,9.03972652036132,9.036889028321855,7.994137762014564,10.111178755678548,4,9.03972652036132,After the historical event,Event experienced
-1.58,1,1,1,Phenotypic variance,20,13.905599258761535,13.923288365800433,13.123197150916134,14.434753673063629,8.890621645237234,13.905599258761535,After the historical event,Event experienced
-1.56,0,0,0,Additive genetic variance,20,1.867170725409074,1.8541037129270244,1.4154170995155684,2.37101819077545,1.7996178937547245,1.867170725409074,Before the historical event,Event not experienced
-1.56,0,0,0,Nuclear-family environmental variance,20,2.123065403704942,2.0206705485272023,1.5389730231356786,2.8273432579265787,2.25,2.123065403704942,Before the historical event,Event not experienced
-1.56,0,0,0,Nonshared environmental variance,20,9.063180343446332,9.084905623254254,8.271209701852971,9.867901754948889,4,9.063180343446332,Before the historical event,Event not experienced
-1.56,0,0,0,Phenotypic variance,20,13.053416472560347,13.049889608122903,12.687470929845656,13.422094959312144,8.049617893754725,13.053416472560347,Before the historical event,Event not experienced
-1.56,0,1,0,Additive genetic variance,20,1.867170725409074,1.8541037129270244,1.4154170995155684,2.37101819077545,1.7996178937547245,1.867170725409074,Before the historical event,Event experienced
-1.56,0,1,0,Nuclear-family environmental variance,20,2.123065403704942,2.0206705485272023,1.5389730231356786,2.8273432579265787,2.25,2.123065403704942,Before the historical event,Event experienced
-1.56,0,1,0,Nonshared environmental variance,20,9.063180343446332,9.084905623254254,8.271209701852971,9.867901754948889,4,9.063180343446332,Before the historical event,Event experienced
-1.56,0,1,0,Phenotypic variance,20,13.053416472560347,13.049889608122903,12.687470929845656,13.422094959312144,8.049617893754725,13.053416472560347,Before the historical event,Event experienced
-1.56,1,0,0,Additive genetic variance,20,1.867170725409074,1.8541037129270244,1.4154170995155684,2.37101819077545,1.7996178937547245,1.867170725409074,After the historical event,Event not experienced
-1.56,1,0,0,Nuclear-family environmental variance,20,2.123065403704942,2.0206705485272023,1.5389730231356786,2.8273432579265787,2.25,2.123065403704942,After the historical event,Event not experienced
-1.56,1,0,0,Nonshared environmental variance,20,9.063180343446332,9.084905623254254,8.271209701852971,9.867901754948889,4,9.063180343446332,After the historical event,Event not experienced
-1.56,1,0,0,Phenotypic variance,20,13.053416472560347,13.049889608122903,12.687470929845656,13.422094959312144,8.049617893754725,13.053416472560347,After the historical event,Event not experienced
-1.56,1,1,1,Additive genetic variance,20,2.8195629576659327,2.8663383486087035,1.911026951744634,3.8162078632357375,2.6847144202204616,2.8195629576659327,After the historical event,Event experienced
-1.56,1,1,1,Nuclear-family environmental variance,20,2.0907981561386455,2.0040915719982726,1.407390043791714,2.8840201163590162,2.25,2.0907981561386455,After the historical event,Event experienced
-1.56,1,1,1,Nonshared environmental variance,20,9.040046330584591,9.035586669481443,8.002318444515321,10.103135729221428,4,9.040046330584591,After the historical event,Event experienced
-1.56,1,1,1,Phenotypic variance,20,13.95040744438917,13.969678535816826,13.162016079400502,14.489406334948715,8.934714420220462,13.95040744438917,After the historical event,Event experienced
-1.54,0,0,0,Additive genetic variance,20,1.896608648808915,1.8852065818003279,1.4436576336821778,2.403315200464054,1.8293749682710956,1.896608648808915,Before the historical event,Event not experienced
-1.54,0,0,0,Nuclear-family environmental variance,20,2.1233522985460684,2.020763111143696,1.5456865330134977,2.8210388203141465,2.25,2.1233522985460684,Before the historical event,Event not experienced
-1.54,0,0,0,Nonshared environmental variance,20,9.063561194720853,9.082141183317946,8.281371202126062,9.860558771121179,4,9.063561194720853,Before the historical event,Event not experienced
-1.54,0,0,0,Phenotypic variance,20,13.083522142075836,13.078841218531215,12.716063517524905,13.44800595060735,8.079374968271097,13.083522142075836,Before the historical event,Event not experienced
-1.54,0,1,0,Additive genetic variance,20,1.896608648808915,1.8852065818003279,1.4436576336821778,2.403315200464054,1.8293749682710956,1.896608648808915,Before the historical event,Event experienced
-1.54,0,1,0,Nuclear-family environmental variance,20,2.1233522985460684,2.020763111143696,1.5456865330134977,2.8210388203141465,2.25,2.1233522985460684,Before the historical event,Event experienced
-1.54,0,1,0,Nonshared environmental variance,20,9.063561194720853,9.082141183317946,8.281371202126062,9.860558771121179,4,9.063561194720853,Before the historical event,Event experienced
-1.54,0,1,0,Phenotypic variance,20,13.083522142075836,13.078841218531215,12.716063517524905,13.44800595060735,8.079374968271097,13.083522142075836,Before the historical event,Event experienced
-1.54,1,0,0,Additive genetic variance,20,1.896608648808915,1.8852065818003279,1.4436576336821778,2.403315200464054,1.8293749682710956,1.896608648808915,After the historical event,Event not experienced
-1.54,1,0,0,Nuclear-family environmental variance,20,2.1233522985460684,2.020763111143696,1.5456865330134977,2.8210388203141465,2.25,2.1233522985460684,After the historical event,Event not experienced
-1.54,1,0,0,Nonshared environmental variance,20,9.063561194720853,9.082141183317946,8.281371202126062,9.860558771121179,4,9.063561194720853,After the historical event,Event not experienced
-1.54,1,0,0,Phenotypic variance,20,13.083522142075836,13.078841218531215,12.716063517524905,13.44800595060735,8.079374968271097,13.083522142075836,After the historical event,Event not experienced
-1.54,1,1,1,Additive genetic variance,20,2.8640214981749565,2.9077817978071137,1.944445300230108,3.8632731579709336,2.7291067589135354,2.8640214981749565,After the historical event,Event experienced
-1.54,1,1,1,Nuclear-family environmental variance,20,2.0911145327029583,2.0045890684565255,1.4128461652947875,2.877508176300002,2.25,2.0911145327029583,After the historical event,Event experienced
-1.54,1,1,1,Nonshared environmental variance,20,9.040363162447953,9.034288184608986,8.009851014222157,10.095130558584287,4,9.040363162447953,After the historical event,Event experienced
-1.54,1,1,1,Phenotypic variance,20,13.995499193325868,14.016647198915717,13.201248135666948,14.544188954458455,8.979106758913534,13.995499193325868,After the historical event,Event experienced
-1.52,0,0,0,Additive genetic variance,20,1.9262221669292867,1.9165276913561624,1.472198903942361,2.435702104997141,1.8593265664557528,1.9262221669292867,Before the historical event,Event not experienced
-1.52,0,0,0,Nuclear-family environmental variance,20,2.1236514106380158,2.0220708706100736,1.5523985868750367,2.8147810600179097,2.25,2.1236514106380158,Before the historical event,Event not experienced
-1.52,0,0,0,Nonshared environmental variance,20,9.063938774727628,9.079399527222758,8.291484266117417,9.853249901094577,4,9.063938774727628,Before the historical event,Event not experienced
-1.52,0,0,0,Phenotypic variance,20,13.11381235229493,13.107924549805887,12.74494821600625,13.474165878645994,8.109326566455753,13.11381235229493,Before the historical event,Event not experienced
-1.52,0,1,0,Additive genetic variance,20,1.9262221669292867,1.9165276913561624,1.472198903942361,2.435702104997141,1.8593265664557528,1.9262221669292867,Before the historical event,Event experienced
-1.52,0,1,0,Nuclear-family environmental variance,20,2.1236514106380158,2.0220708706100736,1.5523985868750367,2.8147810600179097,2.25,2.1236514106380158,Before the historical event,Event experienced
-1.52,0,1,0,Nonshared environmental variance,20,9.063938774727628,9.079399527222758,8.291484266117417,9.853249901094577,4,9.063938774727628,Before the historical event,Event experienced
-1.52,0,1,0,Phenotypic variance,20,13.11381235229493,13.107924549805887,12.74494821600625,13.474165878645994,8.109326566455753,13.11381235229493,Before the historical event,Event experienced
-1.52,1,0,0,Additive genetic variance,20,1.9262221669292867,1.9165276913561624,1.472198903942361,2.435702104997141,1.8593265664557528,1.9262221669292867,After the historical event,Event not experienced
-1.52,1,0,0,Nuclear-family environmental variance,20,2.1236514106380158,2.0220708706100736,1.5523985868750367,2.8147810600179097,2.25,2.1236514106380158,After the historical event,Event not experienced
-1.52,1,0,0,Nonshared environmental variance,20,9.063938774727628,9.079399527222758,8.291484266117417,9.853249901094577,4,9.063938774727628,After the historical event,Event not experienced
-1.52,1,0,0,Phenotypic variance,20,13.11381235229493,13.107924549805887,12.74494821600625,13.474165878645994,8.109326566455753,13.11381235229493,After the historical event,Event not experienced
-1.52,1,1,1,Additive genetic variance,20,2.9087453145661617,2.949424077602921,1.9781366637566933,3.910644246555094,2.773789292819235,2.9087453145661617,After the historical event,Event experienced
-1.52,1,1,1,Nuclear-family environmental variance,20,2.0914425266260466,2.00508823610578,1.4182996606139229,2.8710400302015993,2.25,2.0914425266260466,After the historical event,Event experienced
-1.52,1,1,1,Nonshared environmental variance,20,9.040676945797216,9.032993562406535,8.017349215361495,10.087163160688025,4,9.040676945797216,After the historical event,Event experienced
-1.52,1,1,1,Phenotypic variance,20,14.040864786989426,14.064004106767461,13.240886084155651,14.599088962978193,9.023789292819234,14.040864786989426,After the historical event,Event experienced
-1.5,0,0,0,Additive genetic variance,20,1.956004823507027,1.9439791343685262,1.501036572171586,2.468170723050989,1.8894662109640588,1.956004823507027,Before the historical event,Event not experienced
-1.5,0,0,0,Nuclear-family environmental variance,20,2.123962572338594,2.024525412019539,1.5591088726736286,2.8085697169681816,2.25,2.123962572338594,Before the historical event,Event not experienced
-1.5,0,0,0,Nonshared environmental variance,20,9.064313013243003,9.076680603736023,8.301548686003645,9.845975076257336,4,9.064313013243003,Before the historical event,Event not experienced
-1.5,0,0,0,Phenotypic variance,20,13.144280409088624,13.137498859378333,12.774119581377558,13.50056885762984,8.13946621096406,13.144280409088624,Before the historical event,Event not experienced
-1.5,0,1,0,Additive genetic variance,20,1.956004823507027,1.9439791343685262,1.501036572171586,2.468170723050989,1.8894662109640588,1.956004823507027,Before the historical event,Event experienced
-1.5,0,1,0,Nuclear-family environmental variance,20,2.123962572338594,2.024525412019539,1.5591088726736286,2.8085697169681816,2.25,2.123962572338594,Before the historical event,Event experienced
-1.5,0,1,0,Nonshared environmental variance,20,9.064313013243003,9.076680603736023,8.301548686003645,9.845975076257336,4,9.064313013243003,Before the historical event,Event experienced
-1.5,0,1,0,Phenotypic variance,20,13.144280409088624,13.137498859378333,12.774119581377558,13.50056885762984,8.13946621096406,13.144280409088624,Before the historical event,Event experienced
-1.5,1,0,0,Additive genetic variance,20,1.956004823507027,1.9439791343685262,1.501036572171586,2.468170723050989,1.8894662109640588,1.956004823507027,After the historical event,Event not experienced
-1.5,1,0,0,Nuclear-family environmental variance,20,2.123962572338594,2.024525412019539,1.5591088726736286,2.8085697169681816,2.25,2.123962572338594,After the historical event,Event not experienced
-1.5,1,0,0,Nonshared environmental variance,20,9.064313013243003,9.076680603736023,8.301548686003645,9.845975076257336,4,9.064313013243003,After the historical event,Event not experienced
-1.5,1,0,0,Phenotypic variance,20,13.144280409088624,13.137498859378333,12.774119581377558,13.50056885762984,8.13946621096406,13.144280409088624,After the historical event,Event not experienced
-1.5,1,1,1,Additive genetic variance,20,2.9537246410047664,2.991256634866809,2.012094888937015,3.9585451470332123,2.818752358874854,2.9537246410047664,After the historical event,Event experienced
-1.5,1,1,1,Nuclear-family environmental variance,20,2.0917819719896573,2.005589074187161,1.4237503269959488,2.864615440267441,2.25,2.0917819719896573,After the historical event,Event experienced
-1.5,1,1,1,Nonshared environmental variance,20,9.040987610860729,9.031702791699008,8.024812921872265,10.079233452923962,4,9.040987610860729,After the historical event,Event experienced
-1.5,1,1,1,Phenotypic variance,20,14.086494223855153,14.111739224899473,13.280922339884278,14.654093560407869,9.068752358874853,14.086494223855153,After the historical event,Event experienced
-1.48,0,0,0,Additive genetic variance,20,1.9859499757451322,1.9712844931778761,1.5301660547882487,2.5007127275022656,1.9197872279444255,1.9859499757451322,Before the historical event,Event not experienced
-1.48,0,0,0,Nuclear-family environmental variance,20,2.1242856166650474,2.026973862741841,1.5658170769983741,2.8024045335238528,2.25,2.1242856166650474,Before the historical event,Event not experienced
-1.48,0,0,0,Nonshared environmental variance,20,9.064683840428684,9.073984362109698,8.31156425478131,9.838734228370324,4,9.064683840428684,Before the historical event,Event not experienced
-1.48,0,0,0,Phenotypic variance,20,13.174919432838864,13.167585337403402,12.803571919010395,13.52720877812923,8.169787227944425,13.174919432838864,Before the historical event,Event not experienced
-1.48,0,1,0,Additive genetic variance,20,1.9859499757451322,1.9712844931778761,1.5301660547882487,2.5007127275022656,1.9197872279444255,1.9859499757451322,Before the historical event,Event experienced
-1.48,0,1,0,Nuclear-family environmental variance,20,2.1242856166650474,2.026973862741841,1.5658170769983741,2.8024045335238528,2.25,2.1242856166650474,Before the historical event,Event experienced
-1.48,0,1,0,Nonshared environmental variance,20,9.064683840428684,9.073984362109698,8.31156425478131,9.838734228370324,4,9.064683840428684,Before the historical event,Event experienced
-1.48,0,1,0,Phenotypic variance,20,13.174919432838864,13.167585337403402,12.803571919010395,13.52720877812923,8.169787227944425,13.174919432838864,Before the historical event,Event experienced
-1.48,1,0,0,Additive genetic variance,20,1.9859499757451322,1.9712844931778761,1.5301660547882487,2.5007127275022656,1.9197872279444255,1.9859499757451322,After the historical event,Event not experienced
-1.48,1,0,0,Nuclear-family environmental variance,20,2.1242856166650474,2.026973862741841,1.5658170769983741,2.8024045335238528,2.25,2.1242856166650474,After the historical event,Event not experienced
-1.48,1,0,0,Nonshared environmental variance,20,9.064683840428684,9.073984362109698,8.31156425478131,9.838734228370324,4,9.064683840428684,After the historical event,Event not experienced
-1.48,1,0,0,Phenotypic variance,20,13.174919432838864,13.167585337403402,12.803571919010395,13.52720877812923,8.169787227944425,13.174919432838864,After the historical event,Event not experienced
-1.48,1,1,1,Additive genetic variance,20,2.9989494291765406,3.0332707159803345,2.0463135802822623,4.006511158404394,2.863986000863765,2.9989494291765406,After the historical event,Event experienced
-1.48,1,1,1,Nuclear-family environmental variance,20,2.0921327035066044,2.006091581977919,1.4291979610606664,2.858234170682685,2.25,2.0921327035066044,After the historical event,Event experienced
-1.48,1,1,1,Nonshared environmental variance,20,9.041295088250209,9.030415861434022,8.032242008173181,10.071341353152182,4,9.041295088250209,After the historical event,Event experienced
-1.48,1,1,1,Phenotypic variance,20,14.132377220933353,14.159842164442214,13.321348967318347,14.7091897194017,9.113986000863765,14.132377220933353,After the historical event,Event experienced
-1.46,0,0,0,Additive genetic variance,20,2.016050795455292,1.9987020252917507,1.5595825212518128,2.533319648309604,1.950282748158385,2.016050795455292,Before the historical event,Event not experienced
-1.46,0,0,0,Nuclear-family environmental variance,20,2.124620377294245,2.0294161826149097,1.5725228851004664,2.7962852544524877,2.25,2.124620377294245,Before the historical event,Event not experienced
-1.46,0,0,0,Nonshared environmental variance,20,9.065051186832585,9.071310752078961,8.321530766274002,9.831527289565894,4,9.065051186832585,Before the historical event,Event not experienced
-1.46,0,0,0,Phenotypic variance,20,13.205722359582124,13.197789568718019,12.833299282856936,13.558309388026744,8.200282748158385,13.205722359582124,Before the historical event,Event not experienced
-1.46,0,1,0,Additive genetic variance,20,2.016050795455292,1.9987020252917507,1.5595825212518128,2.533319648309604,1.950282748158385,2.016050795455292,Before the historical event,Event experienced
-1.46,0,1,0,Nuclear-family environmental variance,20,2.124620377294245,2.0294161826149097,1.5725228851004664,2.7962852544524877,2.25,2.124620377294245,Before the historical event,Event experienced
-1.46,0,1,0,Nonshared environmental variance,20,9.065051186832585,9.071310752078961,8.321530766274002,9.831527289565894,4,9.065051186832585,Before the historical event,Event experienced
-1.46,0,1,0,Phenotypic variance,20,13.205722359582124,13.197789568718019,12.833299282856936,13.558309388026744,8.200282748158385,13.205722359582124,Before the historical event,Event experienced
-1.46,1,0,0,Additive genetic variance,20,2.016050795455292,1.9987020252917507,1.5595825212518128,2.533319648309604,1.950282748158385,2.016050795455292,After the historical event,Event not experienced
-1.46,1,0,0,Nuclear-family environmental variance,20,2.124620377294245,2.0294161826149097,1.5725228851004664,2.7962852544524877,2.25,2.124620377294245,After the historical event,Event not experienced
-1.46,1,0,0,Nonshared environmental variance,20,9.065051186832585,9.071310752078961,8.321530766274002,9.831527289565894,4,9.065051186832585,After the historical event,Event not experienced
-1.46,1,0,0,Phenotypic variance,20,13.205722359582124,13.197789568718019,12.833299282856936,13.558309388026744,8.200282748158385,13.205722359582124,After the historical event,Event not experienced
-1.46,1,1,1,Additive genetic variance,20,3.0444093500171454,3.0754573687776903,2.0807861000183596,4.054530157084853,2.9094799710863684,3.0444093500171454,After the historical event,Event experienced
-1.46,1,1,1,Nuclear-family environmental variance,20,2.0924945565214643,2.007157888000304,1.4346423588140618,2.8518959875986476,2.25,2.0924945565214643,After the historical event,Event experienced
-1.46,1,1,1,Nonshared environmental variance,20,9.04159930896158,9.029132760681811,8.03963634916664,10.06348677969996,4,9.04159930896158,After the historical event,Event experienced
-1.46,1,1,1,Phenotypic variance,20,14.17850321550019,14.208302182582855,13.362157679538278,14.764364189830108,9.159479971086368,14.17850321550019,After the historical event,Event experienced
-1.44,0,0,0,Additive genetic variance,20,2.046300270369058,2.0262257850855407,1.5892808927540574,2.565982875537578,1.9809457082762665,2.046300270369058,Before the historical event,Event not experienced
-1.44,0,0,0,Nuclear-family environmental variance,20,2.124966688562986,2.031852331574345,1.5792259809198315,2.7902116269106427,2.25,2.124966688562986,Before the historical event,Event not experienced
-1.44,0,0,0,Nonshared environmental variance,20,9.06541498338967,9.068659723860819,8.331448015139417,9.824354192346718,4,9.06541498338967,Before the historical event,Event not experienced
-1.44,0,0,0,Phenotypic variance,20,13.236681942321715,13.228104998766185,12.863295474961799,13.589968152202673,8.230945708276266,13.236681942321715,Before the historical event,Event not experienced
-1.44,0,1,0,Additive genetic variance,20,2.046300270369058,2.0262257850855407,1.5892808927540574,2.565982875537578,1.9809457082762665,2.046300270369058,Before the historical event,Event experienced
-1.44,0,1,0,Nuclear-family environmental variance,20,2.124966688562986,2.031852331574345,1.5792259809198315,2.7902116269106427,2.25,2.124966688562986,Before the historical event,Event experienced
-1.44,0,1,0,Nonshared environmental variance,20,9.06541498338967,9.068659723860819,8.331448015139417,9.824354192346718,4,9.06541498338967,Before the historical event,Event experienced
-1.44,0,1,0,Phenotypic variance,20,13.236681942321715,13.228104998766185,12.863295474961799,13.589968152202673,8.230945708276266,13.236681942321715,Before the historical event,Event experienced
-1.44,1,0,0,Additive genetic variance,20,2.046300270369058,2.0262257850855407,1.5892808927540574,2.565982875537578,1.9809457082762665,2.046300270369058,After the historical event,Event not experienced
-1.44,1,0,0,Nuclear-family environmental variance,20,2.124966688562986,2.031852331574345,1.5792259809198315,2.7902116269106427,2.25,2.124966688562986,After the historical event,Event not experienced
-1.44,1,0,0,Nonshared environmental variance,20,9.06541498338967,9.068659723860819,8.331448015139417,9.824354192346718,4,9.06541498338967,After the historical event,Event not experienced
-1.44,1,0,0,Phenotypic variance,20,13.236681942321715,13.228104998766185,12.863295474961799,13.589968152202673,8.230945708276266,13.236681942321715,After the historical event,Event not experienced
-1.44,1,1,1,Additive genetic variance,20,3.0900937956974275,3.117807444651066,2.1155055680990795,4.102589843549713,2.955223732293013,3.0900937956974275,After the historical event,Event experienced
-1.44,1,1,1,Nuclear-family environmental variance,20,2.092867367011391,2.0090861309642167,1.4400833156616353,2.8456006591175838,2.25,2.092867367011391,After the historical event,Event experienced
-1.44,1,1,1,Nonshared environmental variance,20,9.041900204375798,9.028939255656727,8.04699582024254,10.055756415273848,4,9.041900204375798,After the historical event,Event experienced
-1.44,1,1,1,Phenotypic variance,20,14.224861367084618,14.257108183338111,13.403339837709591,14.819603503463163,9.205223732293014,14.224861367084618,After the historical event,Event experienced
-1.42,0,0,0,Additive genetic variance,20,2.0766912056192286,2.0538497007311953,1.6192558411086058,2.598693662522325,2.0117688523500443,2.0766912056192286,Before the historical event,Event not experienced
-1.42,0,0,0,Nuclear-family environmental variance,20,2.1253243854684234,2.0342822696549567,1.5859260471120789,2.784183400424407,2.25,2.1253243854684234,Before the historical event,Event not experienced
-1.42,0,0,0,Nonshared environmental variance,20,9.0657751614228,9.066031228152728,8.34131579687637,9.81721486958466,4,9.0657751614228,Before the historical event,Event not experienced
-1.42,0,0,0,Phenotypic variance,20,13.267790752510454,13.258524934615824,12.893493687209302,13.621787854398278,8.261768852350045,13.267790752510454,Before the historical event,Event not experienced
-1.42,0,1,0,Additive genetic variance,20,2.0766912056192286,2.0538497007311953,1.6192558411086058,2.598693662522325,2.0117688523500443,2.0766912056192286,Before the historical event,Event experienced
-1.42,0,1,0,Nuclear-family environmental variance,20,2.1253243854684234,2.0342822696549567,1.5859260471120789,2.784183400424407,2.25,2.1253243854684234,Before the historical event,Event experienced
-1.42,0,1,0,Nonshared environmental variance,20,9.0657751614228,9.066031228152728,8.34131579687637,9.81721486958466,4,9.0657751614228,Before the historical event,Event experienced
-1.42,0,1,0,Phenotypic variance,20,13.267790752510454,13.258524934615824,12.893493687209302,13.621787854398278,8.261768852350045,13.267790752510454,Before the historical event,Event experienced
-1.42,1,0,0,Additive genetic variance,20,2.0766912056192286,2.0538497007311953,1.6192558411086058,2.598693662522325,2.0117688523500443,2.0766912056192286,After the historical event,Event not experienced
-1.42,1,0,0,Nuclear-family environmental variance,20,2.1253243854684234,2.0342822696549567,1.5859260471120789,2.784183400424407,2.25,2.1253243854684234,After the historical event,Event not experienced
-1.42,1,0,0,Nonshared environmental variance,20,9.0657751614228,9.066031228152728,8.34131579687637,9.81721486958466,4,9.0657751614228,After the historical event,Event not experienced
-1.42,1,0,0,Phenotypic variance,20,13.267790752510454,13.258524934615824,12.893493687209302,13.621787854398278,8.261768852350045,13.267790752510454,After the historical event,Event not experienced
-1.42,1,1,1,Additive genetic variance,20,3.1359918818670964,3.160311600820206,2.1504648624197245,4.150677746815133,3.00120645988123,3.1359918818670964,After the historical event,Event experienced
-1.42,1,1,1,Nuclear-family environmental variance,20,2.0932509715870387,2.0110129019881557,1.445520626421843,2.8393479552776144,2.25,2.0932509715870387,After the historical event,Event experienced
-1.42,1,1,1,Nonshared environmental variance,20,9.042197706259682,9.030736970789778,8.0543202972821355,10.050551703100904,4,9.042197706259682,After the historical event,Event experienced
-1.42,1,1,1,Phenotypic variance,20,14.271440559713819,14.306248718651187,13.444886450862434,14.874893978874319,9.25120645988123,14.271440559713819,After the historical event,Event experienced
-1.4,0,0,0,Additive genetic variance,20,2.1072162253928846,2.0815675757790157,1.6495017878437248,2.631443129177927,2.0427447334647515,2.1072162253928846,Before the historical event,Event not experienced
-1.4,0,0,0,Nuclear-family environmental variance,20,2.1256933036685988,2.036705956992305,1.592622765075764,2.778200326870153,2.25,2.1256933036685988,Before the historical event,Event not experienced
-1.4,0,0,0,Nonshared environmental variance,20,9.066131652643575,9.063425216131243,8.351133907831828,9.810109254519631,4,9.066131652643575,Before the historical event,Event not experienced
-1.4,0,0,0,Phenotypic variance,20,13.299041181705059,13.289042546644435,12.923627935654414,13.653760371592815,8.292744733464751,13.299041181705059,Before the historical event,Event not experienced
-1.4,0,1,0,Additive genetic variance,20,2.1072162253928846,2.0815675757790157,1.6495017878437248,2.631443129177927,2.0427447334647515,2.1072162253928846,Before the historical event,Event experienced
-1.4,0,1,0,Nuclear-family environmental variance,20,2.1256933036685988,2.036705956992305,1.592622765075764,2.778200326870153,2.25,2.1256933036685988,Before the historical event,Event experienced
-1.4,0,1,0,Nonshared environmental variance,20,9.066131652643575,9.063425216131243,8.351133907831828,9.810109254519631,4,9.066131652643575,Before the historical event,Event experienced
-1.4,0,1,0,Phenotypic variance,20,13.299041181705059,13.289042546644435,12.923627935654414,13.653760371592815,8.292744733464751,13.299041181705059,Before the historical event,Event experienced
-1.4,1,0,0,Additive genetic variance,20,2.1072162253928846,2.0815675757790157,1.6495017878437248,2.631443129177927,2.0427447334647515,2.1072162253928846,After the historical event,Event not experienced
-1.4,1,0,0,Nuclear-family environmental variance,20,2.1256933036685988,2.036705956992305,1.592622765075764,2.778200326870153,2.25,2.1256933036685988,After the historical event,Event not experienced
-1.4,1,0,0,Nonshared environmental variance,20,9.066131652643575,9.063425216131243,8.351133907831828,9.810109254519631,4,9.066131652643575,After the historical event,Event not experienced
-1.4,1,0,0,Phenotypic variance,20,13.299041181705059,13.289042546644435,12.923627935654414,13.653760371592815,8.292744733464751,13.299041181705059,After the historical event,Event not experienced
-1.4,1,1,1,Additive genetic variance,20,3.18209245015894,3.2029603027665727,2.185656619234841,4.198781229097075,3.04741704435935,3.18209245015894,After the historical event,Event experienced
-1.4,1,1,1,Nuclear-family environmental variance,20,2.093645207493594,2.0129380358150284,1.450954085339644,2.8331376480378134,2.25,2.093645207493594,After the historical event,Event experienced
-1.4,1,1,1,Nonshared environmental variance,20,9.042491746766737,9.032512613140959,8.06160965666187,10.04536707117504,4,9.042491746766737,After the historical event,Event experienced
-1.4,1,1,1,Phenotypic variance,20,14.31822940441927,14.355711989817657,13.48678817598637,14.930221726563104,9.29741704435935,14.31822940441927,After the historical event,Event experienced
-1.38,0,0,0,Additive genetic variance,20,2.137867774757314,2.1093730908466246,1.680012903503258,2.6642222654425014,2.0738657155696565,2.137867774757314,Before the historical event,Event not experienced
-1.38,0,0,0,Nuclear-family environmental variance,20,2.1260732794830894,2.039123353824237,1.5993158149799562,2.772262160455507,2.25,2.1260732794830894,Before the historical event,Event not experienced
-1.38,0,0,0,Nonshared environmental variance,20,9.06648438915318,9.060841639450658,8.360902145207902,9.803037280758478,4,9.06648438915318,Before the historical event,Event not experienced
-1.38,0,0,0,Phenotypic variance,20,13.330425443393583,13.319650870347655,12.954016353241165,13.685877375268573,8.323865715569656,13.330425443393583,Before the historical event,Event not experienced
-1.38,0,1,0,Additive genetic variance,20,2.137867774757314,2.1093730908466246,1.680012903503258,2.6642222654425014,2.0738657155696565,2.137867774757314,Before the historical event,Event experienced
-1.38,0,1,0,Nuclear-family environmental variance,20,2.1260732794830894,2.039123353824237,1.5993158149799562,2.772262160455507,2.25,2.1260732794830894,Before the historical event,Event experienced
-1.38,0,1,0,Nonshared environmental variance,20,9.06648438915318,9.060841639450658,8.360902145207902,9.803037280758478,4,9.06648438915318,Before the historical event,Event experienced
-1.38,0,1,0,Phenotypic variance,20,13.330425443393583,13.319650870347655,12.954016353241165,13.685877375268573,8.323865715569656,13.330425443393583,Before the historical event,Event experienced
-1.38,1,0,0,Additive genetic variance,20,2.137867774757314,2.1093730908466246,1.680012903503258,2.6642222654425014,2.0738657155696565,2.137867774757314,After the historical event,Event not experienced
-1.38,1,0,0,Nuclear-family environmental variance,20,2.1260732794830894,2.039123353824237,1.5993158149799562,2.772262160455507,2.25,2.1260732794830894,After the historical event,Event not experienced
-1.38,1,0,0,Nonshared environmental variance,20,9.06648438915318,9.060841639450658,8.360902145207902,9.803037280758478,4,9.06648438915318,After the historical event,Event not experienced
-1.38,1,0,0,Phenotypic variance,20,13.330425443393583,13.319650870347655,12.954016353241165,13.685877375268573,8.323865715569656,13.330425443393583,After the historical event,Event not experienced
-1.38,1,1,1,Additive genetic variance,20,3.2283840709554865,3.2457438268324097,2.2210732337832564,4.246887490645162,3.093844094078299,3.2283840709554865,After the historical event,Event experienced
-1.38,1,1,1,Nuclear-family environmental variance,20,2.0940499126119176,2.0148613675166884,1.4563834861001625,2.8269695112634254,2.25,2.0940499126119176,After the historical event,Event experienced
-1.38,1,1,1,Nonshared environmental variance,20,9.042782258437985,9.034266165263283,8.06886377525719,10.040202489567866,4,9.042782258437985,After the historical event,Event experienced
-1.38,1,1,1,Phenotypic variance,20,14.365216242005388,14.405485849244702,13.529035318446043,14.985572654295169,9.3438440940783,14.365216242005388,After the historical event,Event experienced
-1.3599999999999999,0,0,0,Additive genetic variance,20,2.1686381216599058,2.137259805415196,1.7107831071603499,2.697021934862775,2.1051239754902435,2.1686381216599058,Before the historical event,Event not experienced
-1.3599999999999999,0,0,0,Nuclear-family environmental variance,20,2.1264641498937684,2.0415344204924244,1.6060048757921082,2.7663686577005304,2.25,2.1264641498937684,Before the historical event,Event not experienced
-1.3599999999999999,0,0,0,Nonshared environmental variance,20,9.066833303443223,9.058280450241671,8.37062030706881,9.79599888227386,4,9.066833303443223,Before the historical event,Event not experienced
-1.3599999999999999,0,0,0,Phenotypic variance,20,13.361935574996897,13.350342808270808,12.984651879788208,13.71813033344404,8.355123975490244,13.361935574996897,Before the historical event,Event not experienced
-1.3599999999999999,0,1,0,Additive genetic variance,20,2.1686381216599058,2.137259805415196,1.7107831071603499,2.697021934862775,2.1051239754902435,2.1686381216599058,Before the historical event,Event experienced
-1.3599999999999999,0,1,0,Nuclear-family environmental variance,20,2.1264641498937684,2.0415344204924244,1.6060048757921082,2.7663686577005304,2.25,2.1264641498937684,Before the historical event,Event experienced
-1.3599999999999999,0,1,0,Nonshared environmental variance,20,9.066833303443223,9.058280450241671,8.37062030706881,9.79599888227386,4,9.066833303443223,Before the historical event,Event experienced
-1.3599999999999999,0,1,0,Phenotypic variance,20,13.361935574996897,13.350342808270808,12.984651879788208,13.71813033344404,8.355123975490244,13.361935574996897,Before the historical event,Event experienced
-1.3599999999999999,1,0,0,Additive genetic variance,20,2.1686381216599058,2.137259805415196,1.7107831071603499,2.697021934862775,2.1051239754902435,2.1686381216599058,After the historical event,Event not experienced
-1.3599999999999999,1,0,0,Nuclear-family environmental variance,20,2.1264641498937684,2.0415344204924244,1.6060048757921082,2.7663686577005304,2.25,2.1264641498937684,After the historical event,Event not experienced
-1.3599999999999999,1,0,0,Nonshared environmental variance,20,9.066833303443223,9.058280450241671,8.37062030706881,9.79599888227386,4,9.066833303443223,After the historical event,Event not experienced
-1.3599999999999999,1,0,0,Phenotypic variance,20,13.361935574996897,13.350342808270808,12.984651879788208,13.71813033344404,8.355123975490244,13.361935574996897,After the historical event,Event not experienced
-1.3599999999999999,1,1,1,Additive genetic variance,20,3.2748550464197463,3.2886522629848334,2.2567068611235497,4.29498357474986,3.140475938233121,3.2748550464197463,After the historical event,Event experienced
-1.3599999999999999,1,1,1,Nuclear-family environmental variance,20,2.0944649254597936,2.0167827325041214,1.4618086218424513,2.8208433207112416,2.25,2.0944649254597936,After the historical event,Event experienced
-1.3599999999999999,1,1,1,Nonshared environmental variance,20,9.043069174202783,9.035997609889481,8.076082530446344,10.035057928475357,4,9.043069174202783,After the historical event,Event experienced
-1.3599999999999999,1,1,1,Phenotypic variance,20,14.412389146082322,14.455557802547695,13.571617832723016,15.0409324726578,9.39047593823312,14.412389146082322,After the historical event,Event experienced
-1.3399999999999999,0,0,0,Additive genetic variance,20,2.199519359102905,2.1652211597329156,1.741806066148468,2.7298328783158063,2.1365115051218235,2.199519359102905,Before the historical event,Event not experienced
-1.3399999999999999,0,0,0,Nuclear-family environmental variance,20,2.126865752545674,2.0439391174438963,1.612689625306227,2.7605195774191067,2.25,2.126865752545674,Before the historical event,Event not experienced
-1.3399999999999999,0,0,0,Nonshared environmental variance,20,9.067178328396578,9.055741601110071,8.380288192347818,9.788993993403135,4,9.067178328396578,Before the historical event,Event not experienced
-1.3399999999999999,0,0,0,Phenotypic variance,20,13.393563440045156,13.381111132063545,13.015527203925851,13.750510512916708,8.386511505121824,13.393563440045156,Before the historical event,Event not experienced
-1.3399999999999999,0,1,0,Additive genetic variance,20,2.199519359102905,2.1652211597329156,1.741806066148468,2.7298328783158063,2.1365115051218235,2.199519359102905,Before the historical event,Event experienced
-1.3399999999999999,0,1,0,Nuclear-family environmental variance,20,2.126865752545674,2.0439391174438963,1.612689625306227,2.7605195774191067,2.25,2.126865752545674,Before the historical event,Event experienced
-1.3399999999999999,0,1,0,Nonshared environmental variance,20,9.067178328396578,9.055741601110071,8.380288192347818,9.788993993403135,4,9.067178328396578,Before the historical event,Event experienced
-1.3399999999999999,0,1,0,Phenotypic variance,20,13.393563440045156,13.381111132063545,13.015527203925851,13.750510512916708,8.386511505121824,13.393563440045156,Before the historical event,Event experienced
-1.3399999999999999,1,0,0,Additive genetic variance,20,2.199519359102905,2.1652211597329156,1.741806066148468,2.7298328783158063,2.1365115051218235,2.199519359102905,After the historical event,Event not experienced
-1.3399999999999999,1,0,0,Nuclear-family environmental variance,20,2.126865752545674,2.0439391174438963,1.612689625306227,2.7605195774191067,2.25,2.126865752545674,After the historical event,Event not experienced
-1.3399999999999999,1,0,0,Nonshared environmental variance,20,9.067178328396578,9.055741601110071,8.380288192347818,9.788993993403135,4,9.067178328396578,After the historical event,Event not experienced
-1.3399999999999999,1,0,0,Phenotypic variance,20,13.393563440045156,13.381111132063545,13.015527203925851,13.750510512916708,8.386511505121824,13.393563440045156,After the historical event,Event not experienced
-1.3399999999999999,1,1,1,Additive genetic variance,20,3.321493413791385,3.3316755177449062,2.292549417182867,4.343056372921005,3.18730063013546,3.321493413791385,After the historical event,Event experienced
-1.3399999999999999,1,1,1,Nuclear-family environmental variance,20,2.094890085193282,2.0187019665376527,1.4672292851733668,2.814758854015116,2.25,2.094890085193282,After the historical event,Event experienced
-1.3399999999999999,1,1,1,Nonshared environmental variance,20,9.04335242737966,9.037706929932318,8.083265800114189,10.02993335821757,4,9.04335242737966,After the historical event,Event experienced
-1.3399999999999999,1,1,1,Phenotypic variance,20,14.459735926364326,14.505915010987984,13.614525323488845,15.096286700828927,9.43730063013546,14.459735926364326,After the historical event,Event experienced
-1.32,0,0,0,Additive genetic variance,20,2.2305034074937233,2.193250476825554,1.7730751960140236,2.762645717866307,2.168020113805423,2.2305034074937233,Before the historical event,Event not experienced
-1.32,0,0,0,Nuclear-family environmental variance,20,2.1272779257479857,2.0463374052325682,1.6193697401713418,2.754714680700542,2.25,2.1272779257479857,Before the historical event,Event not experienced
-1.32,0,0,0,Nonshared environmental variance,20,9.067519397288216,9.053225045135424,8.389905600854178,9.782022548847253,4,9.067519397288216,Before the historical event,Event not experienced
-1.32,0,0,0,Phenotypic variance,20,13.425300730529925,13.411948484657426,13.046634763854712,13.783008981716858,8.418020113805422,13.425300730529925,Before the historical event,Event not experienced
-1.32,0,1,0,Additive genetic variance,20,2.2305034074937233,2.193250476825554,1.7730751960140236,2.762645717866307,2.168020113805423,2.2305034074937233,Before the historical event,Event experienced
-1.32,0,1,0,Nuclear-family environmental variance,20,2.1272779257479857,2.0463374052325682,1.6193697401713418,2.754714680700542,2.25,2.1272779257479857,Before the historical event,Event experienced
-1.32,0,1,0,Nonshared environmental variance,20,9.067519397288216,9.053225045135424,8.389905600854178,9.782022548847253,4,9.067519397288216,Before the historical event,Event experienced
-1.32,0,1,0,Phenotypic variance,20,13.425300730529925,13.411948484657426,13.046634763854712,13.783008981716858,8.418020113805422,13.425300730529925,Before the historical event,Event experienced
-1.32,1,0,0,Additive genetic variance,20,2.2305034074937233,2.193250476825554,1.7730751960140236,2.762645717866307,2.168020113805423,2.2305034074937233,After the historical event,Event not experienced
-1.32,1,0,0,Nuclear-family environmental variance,20,2.1272779257479857,2.0463374052325682,1.6193697401713418,2.754714680700542,2.25,2.1272779257479857,After the historical event,Event not experienced
-1.32,1,0,0,Nonshared environmental variance,20,9.067519397288216,9.053225045135424,8.389905600854178,9.782022548847253,4,9.067519397288216,After the historical event,Event not experienced
-1.32,1,0,0,Phenotypic variance,20,13.425300730529925,13.411948484657426,13.046634763854712,13.783008981716858,8.418020113805422,13.425300730529925,After the historical event,Event not experienced
-1.32,1,1,1,Additive genetic variance,20,3.3682869489494007,3.37480331728152,2.3285925800218106,4.391092630235519,3.234305950757968,3.3682869489494007,After the historical event,Event experienced
-1.32,1,1,1,Nuclear-family environmental variance,20,2.0953252316081787,2.020618905737189,1.4726452681815463,2.8087158906716168,2.25,2.0953252316081787,After the historical event,Event experienced
-1.32,1,1,1,Nonshared environmental variance,20,9.043631951677117,9.039394108484828,8.090413462655963,10.024828749238331,4,9.043631951677117,After the historical event,Event experienced
-1.32,1,1,1,Phenotypic variance,20,14.507244132234696,14.556544294255161,13.657747047013975,15.151620672557064,9.484305950757967,14.507244132234696,After the historical event,Event experienced
-1.3,0,0,0,Additive genetic variance,20,2.2615820171713383,2.2213409646139324,1.804583660694692,2.7954509607579068,2.199641430886406,2.2615820171713383,Before the historical event,Event not experienced
-1.3,0,0,0,Nuclear-family environmental variance,20,2.1277005084751117,2.048729244520776,1.6260448959202616,2.748953730891367,2.25,2.1277005084751117,Before the historical event,Event not experienced
-1.3,0,0,0,Nonshared environmental variance,20,9.067856443786045,9.050730735869777,8.399472333280013,9.775084483669666,4,9.067856443786045,Before the historical event,Event not experienced
-1.3,0,0,0,Phenotypic variance,20,13.457138969432496,13.442847382566303,13.077966748344458,13.815616611773613,8.449641430886405,13.457138969432496,Before the historical event,Event not experienced
-1.3,0,1,0,Additive genetic variance,20,2.2615820171713383,2.2213409646139324,1.804583660694692,2.7954509607579068,2.199641430886406,2.2615820171713383,Before the historical event,Event experienced
-1.3,0,1,0,Nuclear-family environmental variance,20,2.1277005084751117,2.048729244520776,1.6260448959202616,2.748953730891367,2.25,2.1277005084751117,Before the historical event,Event experienced
-1.3,0,1,0,Nonshared environmental variance,20,9.067856443786045,9.050730735869777,8.399472333280013,9.775084483669666,4,9.067856443786045,Before the historical event,Event experienced
-1.3,0,1,0,Phenotypic variance,20,13.457138969432496,13.442847382566303,13.077966748344458,13.815616611773613,8.449641430886405,13.457138969432496,Before the historical event,Event experienced
-1.3,1,0,0,Additive genetic variance,20,2.2615820171713383,2.2213409646139324,1.804583660694692,2.7954509607579068,2.199641430886406,2.2615820171713383,After the historical event,Event not experienced
-1.3,1,0,0,Nuclear-family environmental variance,20,2.1277005084751117,2.048729244520776,1.6260448959202616,2.748953730891367,2.25,2.1277005084751117,After the historical event,Event not experienced
-1.3,1,0,0,Nonshared environmental variance,20,9.067856443786045,9.050730735869777,8.399472333280013,9.775084483669666,4,9.067856443786045,After the historical event,Event not experienced
-1.3,1,0,0,Phenotypic variance,20,13.457138969432496,13.442847382566303,13.077966748344458,13.815616611773613,8.449641430886405,13.457138969432496,After the historical event,Event not experienced
-1.3,1,1,1,Additive genetic variance,20,3.4152231702420943,3.418025210669726,2.364827791317916,4.44696476051807,3.2814794125513234,3.4152231702420943,After the historical event,Event experienced
-1.3,1,1,1,Nuclear-family environmental variance,20,2.0957702051415743,2.0212210845500533,1.4780563624514897,2.802714212025835,2.25,2.0957702051415743,After the historical event,Event experienced
-1.3,1,1,1,Nonshared environmental variance,20,9.043907681194465,9.041059128820642,8.097525396981048,10.019744072104974,4,9.043907681194465,After the historical event,Event experienced
-1.3,1,1,1,Phenotypic variance,20,14.554901056578135,14.607432133596904,13.701271912916827,15.206919542349885,9.531479412551324,14.554901056578135,After the historical event,Event experienced
-1.28,0,0,0,Additive genetic variance,20,2.292746771109083,2.2494857181379313,1.8363243729273282,2.828239003536504,2.2313669084560703,2.292746771109083,Before the historical event,Event not experienced
-1.28,0,0,0,Nuclear-family environmental variance,20,2.128133340367874,2.0511145960807973,1.6327147669986268,2.7432364935773434,2.25,2.128133340367874,Before the historical event,Event not experienced
-1.28,0,0,0,Nonshared environmental variance,20,9.068189401951754,9.048258627336383,8.408988191207195,9.768179733295234,4,9.068189401951754,Before the historical event,Event not experienced
-1.28,0,0,0,Phenotypic variance,20,13.489069513428712,13.473800218309158,13.10951509797572,13.848324081794093,8.48136690845607,13.489069513428712,Before the historical event,Event not experienced
-1.28,0,1,0,Additive genetic variance,20,2.292746771109083,2.2494857181379313,1.8363243729273282,2.828239003536504,2.2313669084560703,2.292746771109083,Before the historical event,Event experienced
-1.28,0,1,0,Nuclear-family environmental variance,20,2.128133340367874,2.0511145960807973,1.6327147669986268,2.7432364935773434,2.25,2.128133340367874,Before the historical event,Event experienced
-1.28,0,1,0,Nonshared environmental variance,20,9.068189401951754,9.048258627336383,8.408988191207195,9.768179733295234,4,9.068189401951754,Before the historical event,Event experienced
-1.28,0,1,0,Phenotypic variance,20,13.489069513428712,13.473800218309158,13.10951509797572,13.848324081794093,8.48136690845607,13.489069513428712,Before the historical event,Event experienced
-1.28,1,0,0,Additive genetic variance,20,2.292746771109083,2.2494857181379313,1.8363243729273282,2.828239003536504,2.2313669084560703,2.292746771109083,After the historical event,Event not experienced
-1.28,1,0,0,Nuclear-family environmental variance,20,2.128133340367874,2.0511145960807973,1.6327147669986268,2.7432364935773434,2.25,2.128133340367874,After the historical event,Event not experienced
-1.28,1,0,0,Nonshared environmental variance,20,9.068189401951754,9.048258627336383,8.408988191207195,9.768179733295234,4,9.068189401951754,After the historical event,Event not experienced
-1.28,1,0,0,Phenotypic variance,20,13.489069513428712,13.473800218309158,13.10951509797572,13.848324081794093,8.48136690845607,13.489069513428712,After the historical event,Event not experienced
-1.28,1,1,1,Additive genetic variance,20,3.4622893425848162,3.461330573313005,2.4012462580700316,4.5077500908872015,3.3288082635342127,3.4622893425848162,After the historical event,Event experienced
-1.28,1,1,1,Nuclear-family environmental variance,20,2.096224846873519,2.0203677055042917,1.4834623590777447,2.7967536012573158,2.25,2.096224846873519,After the historical event,Event experienced
-1.28,1,1,1,Nonshared environmental variance,20,9.044179550422642,9.042701974394255,8.104601482516749,10.014679297508028,4,9.044179550422642,After the historical event,Event experienced
-1.28,1,1,1,Phenotypic variance,20,14.602693739880978,14.658564675298987,13.74508848625706,15.26216829186836,9.578808263534214,14.602693739880978,After the historical event,Event experienced
-1.26,0,0,0,Additive genetic variance,20,2.323989087793966,2.277677721886616,1.8682899948891571,2.861000136303734,2.2631878242762737,2.323989087793966,Before the historical event,Event not experienced
-1.26,0,0,0,Nuclear-family environmental variance,20,2.1285762617348074,2.0531864890435574,1.6393790267942427,2.737562736565674,2.25,2.1285762617348074,Before the historical event,Event not experienced
-1.26,0,0,0,Nonshared environmental variance,20,9.068518206241627,9.045808674028429,8.41845297711419,9.761308233509139,4,9.068518206241627,Before the historical event,Event not experienced
-1.26,0,0,0,Phenotypic variance,20,13.5210835557704,13.504799262954833,13.141271506628053,13.881121880356433,8.513187824276274,13.5210835557704,Before the historical event,Event not experienced
-1.26,0,1,0,Additive genetic variance,20,2.323989087793966,2.277677721886616,1.8682899948891571,2.861000136303734,2.2631878242762737,2.323989087793966,Before the historical event,Event experienced
-1.26,0,1,0,Nuclear-family environmental variance,20,2.1285762617348074,2.0531864890435574,1.6393790267942427,2.737562736565674,2.25,2.1285762617348074,Before the historical event,Event experienced
-1.26,0,1,0,Nonshared environmental variance,20,9.068518206241627,9.045808674028429,8.41845297711419,9.761308233509139,4,9.068518206241627,Before the historical event,Event experienced
-1.26,0,1,0,Phenotypic variance,20,13.5210835557704,13.504799262954833,13.141271506628053,13.881121880356433,8.513187824276274,13.5210835557704,Before the historical event,Event experienced
-1.26,1,0,0,Additive genetic variance,20,2.323989087793966,2.277677721886616,1.8682899948891571,2.861000136303734,2.2631878242762737,2.323989087793966,After the historical event,Event not experienced
-1.26,1,0,0,Nuclear-family environmental variance,20,2.1285762617348074,2.0531864890435574,1.6393790267942427,2.737562736565674,2.25,2.1285762617348074,After the historical event,Event not experienced
-1.26,1,0,0,Nonshared environmental variance,20,9.068518206241627,9.045808674028429,8.41845297711419,9.761308233509139,4,9.068518206241627,After the historical event,Event not experienced
-1.26,1,0,0,Phenotypic variance,20,13.5210835557704,13.504799262954833,13.141271506628053,13.881121880356433,8.513187824276274,13.5210835557704,After the historical event,Event not experienced
-1.26,1,1,1,Additive genetic variance,20,3.5094724818256795,3.504708610528793,2.4378389545256733,4.568628478489906,3.376279491656356,3.5094724818256795,After the historical event,Event experienced
-1.26,1,1,1,Nuclear-family environmental variance,20,2.0966889985287853,2.0195255473794376,1.48886304867919,2.7908338433661393,2.25,2.0966889985287853,After the historical event,Event experienced
-1.26,1,1,1,Nonshared environmental variance,20,9.044447494245015,9.044322628841277,8.111641599212007,10.009634396260925,4,9.044447494245015,After the historical event,Event experienced
-1.26,1,1,1,Phenotypic variance,20,14.65060897459948,14.7099277345177,13.789184989976533,15.31735173652356,9.626279491656355,14.65060897459948,After the historical event,Event experienced
-1.24,0,0,0,Additive genetic variance,20,2.355300224282436,2.3059098522339276,1.900472939075677,2.8937245470983832,2.2950952848869286,2.355300224282436,Before the historical event,Event not experienced
-1.24,0,0,0,Nuclear-family environmental variance,20,2.1290291135535546,2.054135303264032,1.646037347666698,2.7319322298674082,2.25,2.1290291135535546,Before the historical event,Event not experienced
-1.24,0,0,0,Nonshared environmental variance,20,9.068842791507386,9.043380830907775,8.42786649438289,9.754469920455815,4,9.068842791507386,Before the historical event,Event not experienced
-1.24,0,0,0,Phenotypic variance,20,13.553172129343377,13.5358366687883,13.173227423216524,13.914000309217142,8.545095284886928,13.553172129343377,Before the historical event,Event not experienced
-1.24,0,1,0,Additive genetic variance,20,2.355300224282436,2.3059098522339276,1.900472939075677,2.8937245470983832,2.2950952848869286,2.355300224282436,Before the historical event,Event experienced
-1.24,0,1,0,Nuclear-family environmental variance,20,2.1290291135535546,2.054135303264032,1.646037347666698,2.7319322298674082,2.25,2.1290291135535546,Before the historical event,Event experienced
-1.24,0,1,0,Nonshared environmental variance,20,9.068842791507386,9.043380830907775,8.42786649438289,9.754469920455815,4,9.068842791507386,Before the historical event,Event experienced
-1.24,0,1,0,Phenotypic variance,20,13.553172129343377,13.5358366687883,13.173227423216524,13.914000309217142,8.545095284886928,13.553172129343377,Before the historical event,Event experienced
-1.24,1,0,0,Additive genetic variance,20,2.355300224282436,2.3059098522339276,1.900472939075677,2.8937245470983832,2.2950952848869286,2.355300224282436,After the historical event,Event not experienced
-1.24,1,0,0,Nuclear-family environmental variance,20,2.1290291135535546,2.054135303264032,1.646037347666698,2.7319322298674082,2.25,2.1290291135535546,After the historical event,Event not experienced
-1.24,1,0,0,Nonshared environmental variance,20,9.068842791507386,9.043380830907775,8.42786649438289,9.754469920455815,4,9.068842791507386,After the historical event,Event not experienced
-1.24,1,0,0,Phenotypic variance,20,13.553172129343377,13.5358366687883,13.173227423216524,13.914000309217142,8.545095284886928,13.553172129343377,After the historical event,Event not experienced
-1.24,1,1,1,Additive genetic variance,20,3.5567593593791234,3.548148361296431,2.4745966243332425,4.629581066882503,3.4238798294343478,3.5567593593791234,After the historical event,Event experienced
-1.24,1,1,1,Nuclear-family environmental variance,20,2.0971625024787297,2.0186945896237596,1.4942582214134232,2.7849547251591362,2.25,2.0971625024787297,After the historical event,Event experienced
-1.24,1,1,1,Nonshared environmental variance,20,9.044711447938209,9.045921075978743,8.118645627541156,10.00460933929974,4,9.044711447938209,After the historical event,Event experienced
-1.24,1,1,1,Phenotypic variance,20,14.698633309796062,14.76150679946658,13.826761186196794,15.372454532272727,9.673879829434348,14.698633309796062,After the historical event,Event experienced
-1.22,0,0,0,Additive genetic variance,20,2.386671279432315,2.334174879979284,1.9328653694184945,2.9264417503018265,2.3270802288959955,2.386671279432315,Before the historical event,Event not experienced
-1.22,0,0,0,Nuclear-family environmental variance,20,2.129491737472364,2.0550873729211956,1.6526894009772604,2.7263447456800467,2.25,2.129491737472364,Before the historical event,Event not experienced
-1.22,0,0,0,Nonshared environmental variance,20,9.069163092997018,9.043234629118679,8.437228547305397,9.747664730637876,4,9.069163092997018,Before the historical event,Event not experienced
-1.22,0,0,0,Phenotypic variance,20,13.585326109901697,13.566904472097466,13.205374053679272,13.946949486832889,8.577080228895996,13.585326109901697,Before the historical event,Event not experienced
-1.22,0,1,0,Additive genetic variance,20,2.386671279432315,2.334174879979284,1.9328653694184945,2.9264417503018265,2.3270802288959955,2.386671279432315,Before the historical event,Event experienced
-1.22,0,1,0,Nuclear-family environmental variance,20,2.129491737472364,2.0550873729211956,1.6526894009772604,2.7263447456800467,2.25,2.129491737472364,Before the historical event,Event experienced
-1.22,0,1,0,Nonshared environmental variance,20,9.069163092997018,9.043234629118679,8.437228547305397,9.747664730637876,4,9.069163092997018,Before the historical event,Event experienced
-1.22,0,1,0,Phenotypic variance,20,13.585326109901697,13.566904472097466,13.205374053679272,13.946949486832889,8.577080228895996,13.585326109901697,Before the historical event,Event experienced
-1.22,1,0,0,Additive genetic variance,20,2.386671279432315,2.334174879979284,1.9328653694184945,2.9264417503018265,2.3270802288959955,2.386671279432315,After the historical event,Event not experienced
-1.22,1,0,0,Nuclear-family environmental variance,20,2.129491737472364,2.0550873729211956,1.6526894009772604,2.7263447456800467,2.25,2.129491737472364,After the historical event,Event not experienced
-1.22,1,0,0,Nonshared environmental variance,20,9.069163092997018,9.043234629118679,8.437228547305397,9.747664730637876,4,9.069163092997018,After the historical event,Event not experienced
-1.22,1,0,0,Phenotypic variance,20,13.585326109901697,13.566904472097466,13.205374053679272,13.946949486832889,8.577080228895996,13.585326109901697,After the historical event,Event not experienced
-1.22,1,1,1,Additive genetic variance,20,3.6041365071269,3.5916387021665317,2.511509782920724,4.690588700916468,3.471595758859747,3.6041365071269,After the historical event,Event experienced
-1.22,1,1,1,Nuclear-family environmental variance,20,2.0976452017432505,2.0178748119059104,1.499647666991241,2.7791160352362354,2.25,2.0976452017432505,After the historical event,Event experienced
-1.22,1,1,1,Nonshared environmental variance,20,9.044971347172915,9.04749729980536,8.125613448507613,9.999604097682877,4,9.044971347172915,After the historical event,Event experienced
-1.22,1,1,1,Phenotypic variance,20,14.746753056043064,14.813287035958805,13.8644426687751,15.427461182611072,9.721595758859747,14.746753056043064,After the historical event,Event experienced
-1.2,0,0,0,Additive genetic variance,20,2.4180931973104096,2.362465472992325,1.9654592026460485,2.9592084924430013,2.3591334304514016,2.4180931973104096,Before the historical event,Event not experienced
-1.2,0,0,0,Nuclear-family environmental variance,20,2.1299639758116893,2.056042698713459,1.6593348571190474,2.7208000583703433,2.25,2.1299639758116893,Before the historical event,Event not experienced
-1.2,0,0,0,Nonshared environmental variance,20,9.069479046355601,9.04441246130104,8.446538941090804,9.740892600915034,4,9.069479046355601,Before the historical event,Event not experienced
-1.2,0,0,0,Phenotypic variance,20,13.6175362194777,13.597994596079925,13.23770236321802,13.97995935209675,8.6091334304514,13.6175362194777,Before the historical event,Event not experienced
-1.2,0,1,0,Additive genetic variance,20,2.4180931973104096,2.362465472992325,1.9654592026460485,2.9592084924430013,2.3591334304514016,2.4180931973104096,Before the historical event,Event experienced
-1.2,0,1,0,Nuclear-family environmental variance,20,2.1299639758116893,2.056042698713459,1.6593348571190474,2.7208000583703433,2.25,2.1299639758116893,Before the historical event,Event experienced
-1.2,0,1,0,Nonshared environmental variance,20,9.069479046355601,9.04441246130104,8.446538941090804,9.740892600915034,4,9.069479046355601,Before the historical event,Event experienced
-1.2,0,1,0,Phenotypic variance,20,13.6175362194777,13.597994596079925,13.23770236321802,13.97995935209675,8.6091334304514,13.6175362194777,Before the historical event,Event experienced
-1.2,1,0,0,Additive genetic variance,20,2.4180931973104096,2.362465472992325,1.9654592026460485,2.9592084924430013,2.3591334304514016,2.4180931973104096,After the historical event,Event not experienced
-1.2,1,0,0,Nuclear-family environmental variance,20,2.1299639758116893,2.056042698713459,1.6593348571190474,2.7208000583703433,2.25,2.1299639758116893,After the historical event,Event not experienced
-1.2,1,0,0,Nonshared environmental variance,20,9.069479046355601,9.04441246130104,8.446538941090804,9.740892600915034,4,9.069479046355601,After the historical event,Event not experienced
-1.2,1,0,0,Phenotypic variance,20,13.6175362194777,13.597994596079925,13.23770236321802,13.97995935209675,8.6091334304514,13.6175362194777,After the historical event,Event not experienced
-1.2,1,1,1,Additive genetic variance,20,3.651590222585738,3.6351683513305613,2.5485687201022715,4.751631935370575,3.5194135165785756,3.651590222585738,After the historical event,Event experienced
-1.2,1,1,1,Nuclear-family environmental variance,20,2.0981369399928465,2.017066194114152,1.5050311746912217,2.7733175639769527,2.25,2.0981369399928465,After the historical event,Event experienced
-1.2,1,1,1,Nonshared environmental variance,20,9.045227128014698,9.04905128450179,8.132544943647611,9.994618642590789,4,9.045227128014698,After the historical event,Event experienced
-1.2,1,1,1,Phenotypic variance,20,14.794954290593282,14.865253292306345,13.902307942295952,15.482356045755562,9.769413516578576,14.794954290593282,After the historical event,Event experienced
-1.18,0,0,0,Additive genetic variance,20,2.4495567707751094,2.3907741989609286,1.9982461098899331,2.991910118626385,2.3912455028940935,2.4495567707751094,Before the historical event,Event not experienced
-1.18,0,0,0,Nuclear-family environmental variance,20,2.1304456715658886,2.057001281368735,1.6659733855474677,2.715297944457297,2.25,2.1304456715658886,Before the historical event,Event not experienced
-1.18,0,0,0,Nonshared environmental variance,20,9.069790587626123,9.045574226875935,8.455797481871944,9.734153468503074,4,9.069790587626123,Before the historical event,Event not experienced
-1.18,0,0,0,Phenotypic variance,20,13.649793029967121,13.627274478446285,13.270203078793426,14.013019668288571,8.641245502894094,13.649793029967121,Before the historical event,Event not experienced
-1.18,0,1,0,Additive genetic variance,20,2.4495567707751094,2.3907741989609286,1.9982461098899331,2.991910118626385,2.3912455028940935,2.4495567707751094,Before the historical event,Event experienced
-1.18,0,1,0,Nuclear-family environmental variance,20,2.1304456715658886,2.057001281368735,1.6659733855474677,2.715297944457297,2.25,2.1304456715658886,Before the historical event,Event experienced
-1.18,0,1,0,Nonshared environmental variance,20,9.069790587626123,9.045574226875935,8.455797481871944,9.734153468503074,4,9.069790587626123,Before the historical event,Event experienced
-1.18,0,1,0,Phenotypic variance,20,13.649793029967121,13.627274478446285,13.270203078793426,14.013019668288571,8.641245502894094,13.649793029967121,Before the historical event,Event experienced
-1.18,1,0,0,Additive genetic variance,20,2.4495567707751094,2.3907741989609286,1.9982461098899331,2.991910118626385,2.3912455028940935,2.4495567707751094,After the historical event,Event not experienced
-1.18,1,0,0,Nuclear-family environmental variance,20,2.1304456715658886,2.057001281368735,1.6659733855474677,2.715297944457297,2.25,2.1304456715658886,After the historical event,Event not experienced
-1.18,1,0,0,Nonshared environmental variance,20,9.069790587626123,9.045574226875935,8.455797481871944,9.734153468503074,4,9.069790587626123,After the historical event,Event not experienced
-1.18,1,0,0,Phenotypic variance,20,13.649793029967121,13.627274478446285,13.270203078793426,14.013019668288571,8.641245502894094,13.649793029967121,After the historical event,Event not experienced
-1.18,1,1,1,Additive genetic variance,20,3.699106574340631,3.6787258728493253,2.5857635029138293,4.812691043947321,3.567319099341028,3.699106574340631,After the historical event,Event experienced
-1.18,1,1,1,Nuclear-family environmental variance,20,2.0986375615507638,2.0155480656614113,1.5104085333744006,2.7675591035270095,2.25,2.0986375615507638,After the historical event,Event experienced
-1.18,1,1,1,Nonshared environmental variance,20,9.045478726924808,9.050583014430885,8.139439995033863,9.989652945325714,4,9.045478726924808,After the historical event,Event experienced
-1.18,1,1,1,Phenotypic variance,20,14.843222862816203,14.917390104576468,13.940347161998474,15.537284372800082,9.817319099341027,14.843222862816203,After the historical event,Event experienced
-1.16,0,0,0,Additive genetic variance,20,2.481052645233056,2.4190935282415156,2.031217518539269,3.0245363915712296,2.423406902591211,2.481052645233056,Before the historical event,Event not experienced
-1.16,0,0,0,Nuclear-family environmental variance,20,2.130936668405015,2.057963121644466,1.6726046548109301,2.7098381825953357,2.25,2.130936668405015,Before the historical event,Event not experienced
-1.16,0,0,0,Nonshared environmental variance,20,9.070097653250315,9.046719917452632,8.4650039767121,9.727447270972778,4,9.070097653250315,Before the historical event,Event not experienced
-1.16,0,0,0,Phenotypic variance,20,13.682086966888388,13.655970535273564,13.302866691876554,14.046120027238754,8.67340690259121,13.682086966888388,Before the historical event,Event not experienced
-1.16,0,1,0,Additive genetic variance,20,2.481052645233056,2.4190935282415156,2.031217518539269,3.0245363915712296,2.423406902591211,2.481052645233056,Before the historical event,Event experienced
-1.16,0,1,0,Nuclear-family environmental variance,20,2.130936668405015,2.057963121644466,1.6726046548109301,2.7098381825953357,2.25,2.130936668405015,Before the historical event,Event experienced
-1.16,0,1,0,Nonshared environmental variance,20,9.070097653250315,9.046719917452632,8.4650039767121,9.727447270972778,4,9.070097653250315,Before the historical event,Event experienced
-1.16,0,1,0,Phenotypic variance,20,13.682086966888388,13.655970535273564,13.302866691876554,14.046120027238754,8.67340690259121,13.682086966888388,Before the historical event,Event experienced
-1.16,1,0,0,Additive genetic variance,20,2.481052645233056,2.4190935282415156,2.031217518539269,3.0245363915712296,2.423406902591211,2.481052645233056,After the historical event,Event not experienced
-1.16,1,0,0,Nuclear-family environmental variance,20,2.130936668405015,2.057963121644466,1.6726046548109301,2.7098381825953357,2.25,2.130936668405015,After the historical event,Event not experienced
-1.16,1,0,0,Nonshared environmental variance,20,9.070097653250315,9.046719917452632,8.4650039767121,9.727447270972778,4,9.070097653250315,After the historical event,Event not experienced
-1.16,1,0,0,Phenotypic variance,20,13.682086966888388,13.655970535273564,13.302866691876554,14.046120027238754,8.67340690259121,13.682086966888388,After the historical event,Event not experienced
-1.16,1,1,1,Additive genetic variance,20,3.7466714077423635,3.7222996810388205,2.623083978678702,4.873746028629597,3.6152982697199008,3.7466714077423635,After the historical event,Event experienced
-1.16,1,1,1,Nuclear-family environmental variance,20,2.0991469113952426,2.0124435001523118,1.515779531499038,2.7618404477850795,2.25,2.0991469113952426,After the historical event,Event experienced
-1.16,1,1,1,Nonshared environmental variance,20,9.045726080760986,9.052092474137995,8.146298485279255,9.984706977311369,4,9.045726080760986,After the historical event,Event experienced
-1.16,1,1,1,Phenotypic variance,20,14.891544399898592,14.969681702205708,13.978550252599439,15.592347629278368,9.8652982697199,14.891544399898592,After the historical event,Event experienced
-1.14,0,0,0,Additive genetic variance,20,2.5125713225687747,2.4474158368105496,2.064364614345295,3.057076993932692,2.455607932948168,2.5125713225687747,Before the historical event,Event not experienced
-1.14,0,0,0,Nuclear-family environmental variance,20,2.131436810676712,2.058928220327652,1.679228332581815,2.7044205535576946,2.25,2.131436810676712,Before the historical event,Event not experienced
-1.14,0,0,0,Nonshared environmental variance,20,9.070400180069466,9.047849524747184,8.474118706118624,9.7207739462489,4,9.070400180069466,Before the historical event,Event not experienced
-1.14,0,0,0,Phenotypic variance,20,13.714408313314951,13.686853986528147,13.335683461457823,14.079249853704734,8.705607932948169,13.714408313314951,Before the historical event,Event not experienced
-1.14,0,1,0,Additive genetic variance,20,2.5125713225687747,2.4474158368105496,2.064364614345295,3.057076993932692,2.455607932948168,2.5125713225687747,Before the historical event,Event experienced
-1.14,0,1,0,Nuclear-family environmental variance,20,2.131436810676712,2.058928220327652,1.679228332581815,2.7044205535576946,2.25,2.131436810676712,Before the historical event,Event experienced
-1.14,0,1,0,Nonshared environmental variance,20,9.070400180069466,9.047849524747184,8.474118706118624,9.7207739462489,4,9.070400180069466,Before the historical event,Event experienced
-1.14,0,1,0,Phenotypic variance,20,13.714408313314951,13.686853986528147,13.335683461457823,14.079249853704734,8.705607932948169,13.714408313314951,Before the historical event,Event experienced
-1.14,1,0,0,Additive genetic variance,20,2.5125713225687747,2.4474158368105496,2.064364614345295,3.057076993932692,2.455607932948168,2.5125713225687747,After the historical event,Event not experienced
-1.14,1,0,0,Nuclear-family environmental variance,20,2.131436810676712,2.058928220327652,1.679228332581815,2.7044205535576946,2.25,2.131436810676712,After the historical event,Event not experienced
-1.14,1,0,0,Nonshared environmental variance,20,9.070400180069466,9.047849524747184,8.474118706118624,9.7207739462489,4,9.070400180069466,After the historical event,Event not experienced
-1.14,1,0,0,Phenotypic variance,20,13.714408313314951,13.686853986528147,13.335683461457823,14.079249853704734,8.705607932948169,13.714408313314951,After the historical event,Event not experienced
-1.14,1,1,1,Additive genetic variance,20,3.794270350867564,3.7658780450117844,2.6605197783037196,4.934776629393182,3.6633365620959064,3.794270350867564,After the historical event,Event experienced
-1.14,1,1,1,Nuclear-family environmental variance,20,2.0996648351618497,2.009551438125904,1.5211439571354832,2.7561613923896786,2.25,2.0996648351618497,After the historical event,Event experienced
-1.14,1,1,1,Nonshared environmental variance,20,9.045969126778271,9.053579648351192,8.153120297540504,9.97978071009268,4,9.045969126778271,After the historical event,Event experienced
-1.14,1,1,1,Phenotypic variance,20,14.939904312807684,15.02211201397106,14.016906911144188,15.651315885258905,9.913336562095907,14.939904312807684,After the historical event,Event experienced
-1.1199999999999999,0,0,0,Additive genetic variance,20,2.544103165245917,2.4757334093160206,2.0976783437780737,3.0895215334343296,2.4878387485981897,2.544103165245917,Before the historical event,Event not experienced
-1.1199999999999999,0,0,0,Nuclear-family environmental variance,20,2.131945943408193,2.0598965782348735,1.6858440856877042,2.6990448402199734,2.25,2.131945943408193,Before the historical event,Event not experienced
-1.1199999999999999,0,0,0,Nonshared environmental variance,20,9.070698105325233,9.04896304058251,8.483131723972033,9.714133432609117,4,9.070698105325233,Before the historical event,Event not experienced
-1.1199999999999999,0,0,0,Phenotypic variance,20,13.746747213979344,13.720143823030389,13.368643417314122,14.112398409958846,8.73783874859819,13.746747213979344,Before the historical event,Event not experienced
-1.1199999999999999,0,1,0,Additive genetic variance,20,2.544103165245917,2.4757334093160206,2.0976783437780737,3.0895215334343296,2.4878387485981897,2.544103165245917,Before the historical event,Event experienced
-1.1199999999999999,0,1,0,Nuclear-family environmental variance,20,2.131945943408193,2.0598965782348735,1.6858440856877042,2.6990448402199734,2.25,2.131945943408193,Before the historical event,Event experienced
-1.1199999999999999,0,1,0,Nonshared environmental variance,20,9.070698105325233,9.04896304058251,8.483131723972033,9.714133432609117,4,9.070698105325233,Before the historical event,Event experienced
-1.1199999999999999,0,1,0,Phenotypic variance,20,13.746747213979344,13.720143823030389,13.368643417314122,14.112398409958846,8.73783874859819,13.746747213979344,Before the historical event,Event experienced
-1.1199999999999999,1,0,0,Additive genetic variance,20,2.544103165245917,2.4757334093160206,2.0976783437780737,3.0895215334343296,2.4878387485981897,2.544103165245917,After the historical event,Event not experienced
-1.1199999999999999,1,0,0,Nuclear-family environmental variance,20,2.131945943408193,2.0598965782348735,1.6858440856877042,2.6990448402199734,2.25,2.131945943408193,After the historical event,Event not experienced
-1.1199999999999999,1,0,0,Nonshared environmental variance,20,9.070698105325233,9.04896304058251,8.483131723972033,9.714133432609117,4,9.070698105325233,After the historical event,Event not experienced
-1.1199999999999999,1,0,0,Phenotypic variance,20,13.746747213979344,13.720143823030389,13.368643417314122,14.112398409958846,8.73783874859819,13.746747213979344,After the historical event,Event not experienced
-1.1199999999999999,1,1,1,Additive genetic variance,20,3.8418888207392583,3.809449093373071,2.698060319806401,4.995762334270095,3.71141928890773,3.8418888207392583,After the historical event,Event experienced
-1.1199999999999999,1,1,1,Nuclear-family environmental variance,20,2.1001911791459063,2.0078042855281395,1.526501597981126,2.750521734706168,2.25,2.1001911791459063,After the historical event,Event experienced
-1.1199999999999999,1,1,1,Nonshared environmental variance,20,9.046207802629796,9.055044521981547,8.159905315521799,9.974874115335508,4,9.046207802629796,After the historical event,Event experienced
-1.1199999999999999,1,1,1,Phenotypic variance,20,14.98828780251496,15.074664674317674,14.055406610090124,15.713453688069682,9.96141928890773,14.98828780251496,After the historical event,Event experienced
-1.0999999999999999,0,0,0,Additive genetic variance,20,2.575638400578576,2.504038442227608,2.1311494166369322,3.1218595481112894,2.520089359767649,2.575638400578576,Before the historical event,Event not experienced
-1.0999999999999999,0,0,0,Nuclear-family environmental variance,20,2.1324639123083244,2.0608681962123203,1.692451580142866,2.6937108275438875,2.25,2.1324639123083244,Before the historical event,Event not experienced
-1.0999999999999999,0,0,0,Nonshared environmental variance,20,9.070991366660472,9.050060456888536,8.492089454253108,9.707525668683004,4,9.070991366660472,Before the historical event,Event not experienced
-1.0999999999999999,0,0,0,Phenotypic variance,20,13.779093679547373,13.753455183231615,13.40173636353472,14.145554800586275,8.770089359767649,13.779093679547373,Before the historical event,Event not experienced
-1.0999999999999999,0,1,0,Additive genetic variance,20,2.575638400578576,2.504038442227608,2.1311494166369322,3.1218595481112894,2.520089359767649,2.575638400578576,Before the historical event,Event experienced
-1.0999999999999999,0,1,0,Nuclear-family environmental variance,20,2.1324639123083244,2.0608681962123203,1.692451580142866,2.6937108275438875,2.25,2.1324639123083244,Before the historical event,Event experienced
-1.0999999999999999,0,1,0,Nonshared environmental variance,20,9.070991366660472,9.050060456888536,8.492089454253108,9.707525668683004,4,9.070991366660472,Before the historical event,Event experienced
-1.0999999999999999,0,1,0,Phenotypic variance,20,13.779093679547373,13.753455183231615,13.40173636353472,14.145554800586275,8.770089359767649,13.779093679547373,Before the historical event,Event experienced
-1.0999999999999999,1,0,0,Additive genetic variance,20,2.575638400578576,2.504038442227608,2.1311494166369322,3.1218595481112894,2.520089359767649,2.575638400578576,After the historical event,Event not experienced
-1.0999999999999999,1,0,0,Nuclear-family environmental variance,20,2.1324639123083244,2.0608681962123203,1.692451580142866,2.6937108275438875,2.25,2.1324639123083244,After the historical event,Event not experienced
-1.0999999999999999,1,0,0,Nonshared environmental variance,20,9.070991366660472,9.050060456888536,8.492089454253108,9.707525668683004,4,9.070991366660472,After the historical event,Event not experienced
-1.0999999999999999,1,0,0,Phenotypic variance,20,13.779093679547373,13.753455183231615,13.40173636353472,14.145554800586275,8.770089359767649,13.779093679547373,After the historical event,Event not experienced
-1.0999999999999999,1,1,1,Additive genetic variance,20,3.889512029805556,3.853000819066852,2.7356948120732287,5.0566823897573725,3.759531547164355,3.889512029805556,After the historical event,Event experienced
-1.0999999999999999,1,1,1,Nuclear-family environmental variance,20,2.1007257903050034,2.006077898370947,1.5318522413754412,2.7449212738139,2.25,2.1007257903050034,After the historical event,Event experienced
-1.0999999999999999,1,1,1,Nonshared environmental variance,20,9.046442046367591,9.05648708012337,8.16665342347845,9.96998716482636,4,9.046442046367591,After the historical event,Event experienced
-1.0999999999999999,1,1,1,Phenotypic variance,20,15.036679866478151,15.12732303004185,14.094038600623454,15.777804141996487,10.009531547164356,15.036679866478151,After the historical event,Event experienced
-1.08,0,0,0,Additive genetic variance,20,2.60716712517089,2.532323047084093,2.1647683089159404,3.1540805116608004,2.5523496368153222,2.60716712517089,Before the historical event,Event not experienced
-1.08,0,0,0,Nuclear-family environmental variance,20,2.132990563769793,2.0618430751358208,1.6990504811799898,2.688418302561198,2.25,2.132990563769793,Before the historical event,Event not experienced
-1.08,0,0,0,Nonshared environmental variance,20,9.07127990212003,9.051141765702248,8.500991701557663,9.700950593451005,4,9.07127990212003,Before the historical event,Event not experienced
-1.08,0,0,0,Phenotypic variance,20,13.811437591060715,13.786777593591658,13.43495188230622,14.178707977491301,8.802349636815322,13.811437591060715,Before the historical event,Event not experienced
-1.08,0,1,0,Additive genetic variance,20,2.60716712517089,2.532323047084093,2.1647683089159404,3.1540805116608004,2.5523496368153222,2.60716712517089,Before the historical event,Event experienced
-1.08,0,1,0,Nuclear-family environmental variance,20,2.132990563769793,2.0618430751358208,1.6990504811799898,2.688418302561198,2.25,2.132990563769793,Before the historical event,Event experienced
-1.08,0,1,0,Nonshared environmental variance,20,9.07127990212003,9.051141765702248,8.500991701557663,9.700950593451005,4,9.07127990212003,Before the historical event,Event experienced
-1.08,0,1,0,Phenotypic variance,20,13.811437591060715,13.786777593591658,13.43495188230622,14.178707977491301,8.802349636815322,13.811437591060715,Before the historical event,Event experienced
-1.08,1,0,0,Additive genetic variance,20,2.60716712517089,2.532323047084093,2.1647683089159404,3.1540805116608004,2.5523496368153222,2.60716712517089,After the historical event,Event not experienced
-1.08,1,0,0,Nuclear-family environmental variance,20,2.132990563769793,2.0618430751358208,1.6990504811799898,2.688418302561198,2.25,2.132990563769793,After the historical event,Event not experienced
-1.08,1,0,0,Nonshared environmental variance,20,9.07127990212003,9.051141765702248,8.500991701557663,9.700950593451005,4,9.07127990212003,After the historical event,Event not experienced
-1.08,1,0,0,Phenotypic variance,20,13.811437591060715,13.786777593591658,13.43495188230622,14.178707977491301,8.802349636815322,13.811437591060715,After the historical event,Event not experienced
-1.08,1,1,1,Additive genetic variance,20,3.937124992673769,3.89652108437343,2.7734122588489196,5.1175158115653545,3.8076582252168243,3.937124992673769,After the historical event,Event experienced
-1.08,1,1,1,Nuclear-family environmental variance,20,2.101268516261604,2.004372155194175,1.5371956743151176,2.7393598104934824,2.25,2.101268516261604,After the historical event,Event experienced
-1.08,1,1,1,Nonshared environmental variance,20,9.046671796443379,9.057907308054478,8.173364506220489,9.965119830472107,4,9.046671796443379,After the historical event,Event experienced
-1.08,1,1,1,Phenotypic variance,20,15.085065305378752,15.180070147327717,14.132791916209602,15.84364671268122,10.057658225216825,15.085065305378752,After the historical event,Event experienced
-1.06,0,0,0,Additive genetic variance,20,2.6386793095229555,2.560579253836481,2.1985252659254613,3.1861738388964413,2.5846093149434526,2.6386793095229555,Before the historical event,Event not experienced
-1.06,0,0,0,Nuclear-family environmental variance,20,2.1335257448713656,2.0628212159108683,1.7056404532821698,2.683167054357826,2.25,2.1335257448713656,Before the historical event,Event not experienced
-1.06,0,0,0,Nonshared environmental variance,20,9.071563650151582,9.052206959167854,8.509838271549654,9.694408146243433,4,9.071563650151582,Before the historical event,Event not experienced
-1.06,0,0,0,Phenotypic variance,20,13.843768704545903,13.820100439530334,13.468178580579796,14.211880663884134,8.834609314943453,13.843768704545903,Before the historical event,Event not experienced
-1.06,0,1,0,Additive genetic variance,20,2.6386793095229555,2.560579253836481,2.1985252659254613,3.1861738388964413,2.5846093149434526,2.6386793095229555,Before the historical event,Event experienced
-1.06,0,1,0,Nuclear-family environmental variance,20,2.1335257448713656,2.0628212159108683,1.7056404532821698,2.683167054357826,2.25,2.1335257448713656,Before the historical event,Event experienced
-1.06,0,1,0,Nonshared environmental variance,20,9.071563650151582,9.052206959167854,8.509838271549654,9.694408146243433,4,9.071563650151582,Before the historical event,Event experienced
-1.06,0,1,0,Phenotypic variance,20,13.843768704545903,13.820100439530334,13.468178580579796,14.211880663884134,8.834609314943453,13.843768704545903,Before the historical event,Event experienced
-1.06,1,0,0,Additive genetic variance,20,2.6386793095229555,2.560579253836481,2.1985252659254613,3.1861738388964413,2.5846093149434526,2.6386793095229555,After the historical event,Event not experienced
-1.06,1,0,0,Nuclear-family environmental variance,20,2.1335257448713656,2.0628212159108683,1.7056404532821698,2.683167054357826,2.25,2.1335257448713656,After the historical event,Event not experienced
-1.06,1,0,0,Nonshared environmental variance,20,9.071563650151582,9.052206959167854,8.509838271549654,9.694408146243433,4,9.071563650151582,After the historical event,Event not experienced
-1.06,1,0,0,Phenotypic variance,20,13.843768704545903,13.820100439530334,13.468178580579796,14.211880663884134,8.834609314943453,13.843768704545903,After the historical event,Event not experienced
-1.06,1,1,1,Additive genetic variance,20,3.984712533096939,3.9399976260533176,2.8112014629562556,5.178241395699076,3.8557840097863263,3.984712533096939,After the historical event,Event experienced
-1.06,1,1,1,Nuclear-family environmental variance,20,2.101819205305733,2.0026869359723314,1.5425316834692766,2.7338371472141727,2.25,2.101819205305733,After the historical event,Event experienced
-1.06,1,1,1,Nonshared environmental variance,20,9.046896991709371,9.059305191236437,8.180038449116294,9.960272084299731,4,9.046896991709371,After the historical event,Event experienced
-1.06,1,1,1,Phenotypic variance,20,15.133428730112044,15.232888819135493,14.171655376377473,15.910718279184403,10.105784009786326,15.133428730112044,After the historical event,Event experienced
-1.04,0,0,0,Additive genetic variance,20,2.6701648028008327,2.5887990142851978,2.232410305670472,3.2181288913025092,2.6168579990783067,2.6701648028008327,Before the historical event,Event not experienced
-1.04,0,0,0,Nuclear-family environmental variance,20,2.134069303380239,2.0638026194726518,1.7122211602151252,2.6779568740581476,2.25,2.134069303380239,Before the historical event,Event not experienced
-1.04,0,0,0,Nonshared environmental variance,20,9.071842549606414,9.05325602953685,8.518628970968257,9.687898266739438,4,9.071842549606414,Before the historical event,Event not experienced
-1.04,0,0,0,Phenotypic variance,20,13.876076655787486,13.853412970525131,13.498768092181242,14.245078334998636,8.866857999078306,13.876076655787486,Before the historical event,Event not experienced
-1.04,0,1,0,Additive genetic variance,20,2.6701648028008327,2.5887990142851978,2.232410305670472,3.2181288913025092,2.6168579990783067,2.6701648028008327,Before the historical event,Event experienced
-1.04,0,1,0,Nuclear-family environmental variance,20,2.134069303380239,2.0638026194726518,1.7122211602151252,2.6779568740581476,2.25,2.134069303380239,Before the historical event,Event experienced
-1.04,0,1,0,Nonshared environmental variance,20,9.071842549606414,9.05325602953685,8.518628970968257,9.687898266739438,4,9.071842549606414,Before the historical event,Event experienced
-1.04,0,1,0,Phenotypic variance,20,13.876076655787486,13.853412970525131,13.498768092181242,14.245078334998636,8.866857999078306,13.876076655787486,Before the historical event,Event experienced
-1.04,1,0,0,Additive genetic variance,20,2.6701648028008327,2.5887990142851978,2.232410305670472,3.2181288913025092,2.6168579990783067,2.6701648028008327,After the historical event,Event not experienced
-1.04,1,0,0,Nuclear-family environmental variance,20,2.134069303380239,2.0638026194726518,1.7122211602151252,2.6779568740581476,2.25,2.134069303380239,After the historical event,Event not experienced
-1.04,1,0,0,Nonshared environmental variance,20,9.071842549606414,9.05325602953685,8.518628970968257,9.687898266739438,4,9.071842549606414,After the historical event,Event not experienced
-1.04,1,0,0,Phenotypic variance,20,13.876076655787486,13.853412970525131,13.498768092181242,14.245078334998636,8.866857999078306,13.876076655787486,After the historical event,Event not experienced
-1.04,1,1,1,Additive genetic variance,20,4.03225929120941,3.983418060636038,2.849051030745816,5.239512501885992,3.9038933932451343,4.03225929120941,After the historical event,Event experienced
-1.04,1,1,1,Nuclear-family environmental variance,20,2.1023777063977516,2.0010221221032682,1.5478600551947719,2.7283530881213993,2.25,2.1023777063977516,After the historical event,Event experienced
-1.04,1,1,1,Nonshared environmental variance,20,9.04711757141906,9.060680715314794,8.186675138096167,9.955443898456032,4,9.04711757141906,After the historical event,Event experienced
-1.04,1,1,1,Phenotypic variance,20,15.181754569026221,15.285761572938725,14.21061759073745,15.9777889323974,10.153893393245134,15.181754569026221,After the historical event,Event experienced
-1.02,0,0,0,Additive genetic variance,20,2.701613337768224,2.6165887095501237,2.2664132224860585,3.249934982684664,2.649085168917677,2.701613337768224,Before the historical event,Event not experienced
-1.02,0,0,0,Nuclear-family environmental variance,20,2.134621087754475,2.064787286786082,1.7187922650596623,2.6727875548094646,2.25,2.134621087754475,Before the historical event,Event not experienced
-1.02,0,0,0,Nonshared environmental variance,20,9.072116539740236,9.05478077066353,8.52736360763491,9.681420894966015,4,9.072116539740236,Before the historical event,Event not experienced
-1.02,0,0,0,Phenotypic variance,20,13.908350965262935,13.886704305393437,13.52943430495759,14.278224676590977,8.899085168917678,13.908350965262935,Before the historical event,Event not experienced
-1.02,0,1,0,Additive genetic variance,20,2.701613337768224,2.6165887095501237,2.2664132224860585,3.249934982684664,2.649085168917677,2.701613337768224,Before the historical event,Event experienced
-1.02,0,1,0,Nuclear-family environmental variance,20,2.134621087754475,2.064787286786082,1.7187922650596623,2.6727875548094646,2.25,2.134621087754475,Before the historical event,Event experienced
-1.02,0,1,0,Nonshared environmental variance,20,9.072116539740236,9.05478077066353,8.52736360763491,9.681420894966015,4,9.072116539740236,Before the historical event,Event experienced
-1.02,0,1,0,Phenotypic variance,20,13.908350965262935,13.886704305393437,13.52943430495759,14.278224676590977,8.899085168917678,13.908350965262935,Before the historical event,Event experienced
-1.02,1,0,0,Additive genetic variance,20,2.701613337768224,2.6165887095501237,2.2664132224860585,3.249934982684664,2.649085168917677,2.701613337768224,After the historical event,Event not experienced
-1.02,1,0,0,Nuclear-family environmental variance,20,2.134621087754475,2.064787286786082,1.7187922650596623,2.6727875548094646,2.25,2.134621087754475,After the historical event,Event not experienced
-1.02,1,0,0,Nonshared environmental variance,20,9.072116539740236,9.05478077066353,8.52736360763491,9.681420894966015,4,9.072116539740236,After the historical event,Event not experienced
-1.02,1,0,0,Phenotypic variance,20,13.908350965262935,13.886704305393437,13.52943430495759,14.278224676590977,8.899085168917678,13.908350965262935,After the historical event,Event not experienced
-1.02,1,1,1,Additive genetic variance,20,4.07974973100775,4.02938621721154,2.886949376774611,5.3006473115629955,3.9519706811465873,4.07974973100775,After the historical event,Event experienced
-1.02,1,1,1,Nuclear-family environmental variance,20,2.1029438691712157,2.0013664827636415,1.5531805755515773,2.7229074390243975,2.25,2.1029438691712157,After the historical event,Event experienced
-1.02,1,1,1,Nonshared environmental variance,20,9.047333475228001,9.062033866119354,8.193274459655909,9.95063524520735,4,9.047333475228001,After the historical event,Event experienced
-1.02,1,1,1,Phenotypic variance,20,15.230027075406966,15.338670678807473,14.249666963232752,16.044834467371082,10.201970681146587,15.230027075406966,After the historical event,Event experienced
-1,0,0,0,Additive genetic variance,20,2.73301453587717,2.6441816578409574,2.300523590930182,3.2815813849129105,2.6812801841425573,2.73301453587717,Before the historical event,Event not experienced
-1,0,0,0,Nuclear-family environmental variance,20,2.1351809471455243,2.0657752188458227,1.725353430244367,2.6676588917666564,2.25,2.1351809471455243,Before the historical event,Event not experienced
-1,0,0,0,Nonshared environmental variance,20,9.072385560213993,9.056325248605006,8.536041990460319,9.674975971297002,4,9.072385560213993,Before the historical event,Event not experienced
-1,0,0,0,Phenotypic variance,20,13.940581043236687,13.91996343775646,13.5601677803689,14.31130824173582,8.931280184142558,13.940581043236687,Before the historical event,Event not experienced
-1,0,1,0,Additive genetic variance,20,2.73301453587717,2.6441816578409574,2.300523590930182,3.2815813849129105,2.6812801841425573,2.73301453587717,Before the historical event,Event experienced
-1,0,1,0,Nuclear-family environmental variance,20,2.1351809471455243,2.0657752188458227,1.725353430244367,2.6676588917666564,2.25,2.1351809471455243,Before the historical event,Event experienced
-1,0,1,0,Nonshared environmental variance,20,9.072385560213993,9.056325248605006,8.536041990460319,9.674975971297002,4,9.072385560213993,Before the historical event,Event experienced
-1,0,1,0,Phenotypic variance,20,13.940581043236687,13.91996343775646,13.5601677803689,14.31130824173582,8.931280184142558,13.940581043236687,Before the historical event,Event experienced
-1,1,0,0,Additive genetic variance,20,2.73301453587717,2.6441816578409574,2.300523590930182,3.2815813849129105,2.6812801841425573,2.73301453587717,After the historical event,Event not experienced
-1,1,0,0,Nuclear-family environmental variance,20,2.1351809471455243,2.0657752188458227,1.725353430244367,2.6676588917666564,2.25,2.1351809471455243,After the historical event,Event not experienced
-1,1,0,0,Nonshared environmental variance,20,9.072385560213993,9.056325248605006,8.536041990460319,9.674975971297002,4,9.072385560213993,After the historical event,Event not experienced
-1,1,0,0,Phenotypic variance,20,13.940581043236687,13.91996343775646,13.5601677803689,14.31130824173582,8.931280184142558,13.940581043236687,After the historical event,Event not experienced
-1,1,1,1,Additive genetic variance,20,4.127168148072988,4.079145926104661,2.92488472871241,5.361616565486461,4.000000000000001,4.127168148072988,After the historical event,Event experienced
-1,1,1,1,Nuclear-family environmental variance,20,2.1035175439358147,2.003549674994243,1.5584930303182518,2.7175000073839777,2.25,2.1035175439358147,After the historical event,Event experienced
-1,1,1,1,Nonshared environmental variance,20,9.04754464319461,9.06336462966437,8.199836300860396,9.945846096939313,4,9.04754464319461,After the historical event,Event experienced
-1,1,1,1,Phenotypic variance,20,15.278230335203412,15.391598157834016,14.288791696623512,16.111830385620046,10.25,15.278230335203412,After the historical event,Event experienced
-0.98,0,0,0,Additive genetic variance,20,2.7643579125149,2.6716948212872254,2.33473076993345,3.313057333752816,2.7134322897900183,2.7643579125149,Before the historical event,Event not experienced
-0.98,0,0,0,Nuclear-family environmental variance,20,2.135748731400832,2.067225887350383,1.7319043175785276,2.6625706820770016,2.25,2.135748731400832,Before the historical event,Event not experienced
-0.98,0,0,0,Nonshared environmental variance,20,9.07264955109465,9.057850702698545,8.544663929451406,9.6685634364521,4,9.07264955109465,Before the historical event,Event not experienced
-0.98,0,0,0,Phenotypic variance,20,13.972756195010382,13.953179241681596,13.590958921241725,14.344317468739634,8.963432289790019,13.972756195010382,Before the historical event,Event not experienced
-0.98,0,1,0,Additive genetic variance,20,2.7643579125149,2.6716948212872254,2.33473076993345,3.313057333752816,2.7134322897900183,2.7643579125149,Before the historical event,Event experienced
-0.98,0,1,0,Nuclear-family environmental variance,20,2.135748731400832,2.067225887350383,1.7319043175785276,2.6625706820770016,2.25,2.135748731400832,Before the historical event,Event experienced
-0.98,0,1,0,Nonshared environmental variance,20,9.07264955109465,9.057850702698545,8.544663929451406,9.6685634364521,4,9.07264955109465,Before the historical event,Event experienced
-0.98,0,1,0,Phenotypic variance,20,13.972756195010382,13.953179241681596,13.590958921241725,14.344317468739634,8.963432289790019,13.972756195010382,Before the historical event,Event experienced
-0.98,1,0,0,Additive genetic variance,20,2.7643579125149,2.6716948212872254,2.33473076993345,3.313057333752816,2.7134322897900183,2.7643579125149,After the historical event,Event not experienced
-0.98,1,0,0,Nuclear-family environmental variance,20,2.135748731400832,2.067225887350383,1.7319043175785276,2.6625706820770016,2.25,2.135748731400832,After the historical event,Event not experienced
-0.98,1,0,0,Nonshared environmental variance,20,9.07264955109465,9.057850702698545,8.544663929451406,9.6685634364521,4,9.07264955109465,After the historical event,Event not experienced
-0.98,1,0,0,Phenotypic variance,20,13.972756195010382,13.953179241681596,13.590958921241725,14.344317468739634,8.963432289790019,13.972756195010382,After the historical event,Event not experienced
-0.98,1,1,1,Additive genetic variance,20,4.174498677529812,4.128860123163797,2.962845132474186,5.422397932913965,4.047965305286054,4.174498677529812,After the historical event,Event experienced
-0.98,1,1,1,Nuclear-family environmental variance,20,2.104098581680395,2.005722043665062,1.563797205007488,2.7121306023004124,2.25,2.104098581680395,After the historical event,Event experienced
-0.98,1,1,1,Nonshared environmental variance,20,9.047751015780943,9.064672992148852,8.206360549347107,9.941076426156556,4,9.047751015780943,After the historical event,Event experienced
-0.98,1,1,1,Phenotypic variance,20,15.326348274991147,15.444525790896897,14.32797979720262,16.178751908597704,10.297965305286054,15.326348274991147,After the historical event,Event experienced
-0.96,0,0,0,Additive genetic variance,20,2.7956328824037575,2.6991196817062075,2.369023907205351,3.3443520347807505,2.74553062178407,2.7956328824037575,Before the historical event,Event not experienced
-0.96,0,0,0,Nuclear-family environmental variance,20,2.136324291066528,2.069064801087684,1.7384445882852773,2.6575227248651787,2.25,2.136324291066528,Before the historical event,Event not experienced
-0.96,0,0,0,Nonshared environmental variance,20,9.072908452855996,9.05935711857588,8.553229235718288,9.66218323149587,4,9.072908452855996,Before the historical event,Event not experienced
-0.96,0,0,0,Phenotypic variance,20,14.004865626326282,13.98634047750003,13.621797975714355,14.377240687264386,8.99553062178407,14.004865626326282,Before the historical event,Event not experienced
-0.96,0,1,0,Additive genetic variance,20,2.7956328824037575,2.6991196817062075,2.369023907205351,3.3443520347807505,2.74553062178407,2.7956328824037575,Before the historical event,Event experienced
-0.96,0,1,0,Nuclear-family environmental variance,20,2.136324291066528,2.069064801087684,1.7384445882852773,2.6575227248651787,2.25,2.136324291066528,Before the historical event,Event experienced
-0.96,0,1,0,Nonshared environmental variance,20,9.072908452855996,9.05935711857588,8.553229235718288,9.66218323149587,4,9.072908452855996,Before the historical event,Event experienced
-0.96,0,1,0,Phenotypic variance,20,14.004865626326282,13.98634047750003,13.621797975714355,14.377240687264386,8.99553062178407,14.004865626326282,Before the historical event,Event experienced
-0.96,1,0,0,Additive genetic variance,20,2.7956328824037575,2.6991196817062075,2.369023907205351,3.3443520347807505,2.74553062178407,2.7956328824037575,After the historical event,Event not experienced
-0.96,1,0,0,Nuclear-family environmental variance,20,2.136324291066528,2.069064801087684,1.7384445882852773,2.6575227248651787,2.25,2.136324291066528,After the historical event,Event not experienced
-0.96,1,0,0,Nonshared environmental variance,20,9.072908452855996,9.05935711857588,8.553229235718288,9.66218323149587,4,9.072908452855996,After the historical event,Event not experienced
-0.96,1,0,0,Phenotypic variance,20,14.004865626326282,13.98634047750003,13.621797975714355,14.377240687264386,8.99553062178407,14.004865626326282,After the historical event,Event not experienced
-0.96,1,1,1,Additive genetic variance,20,4.221725302238028,4.178511962783871,3.0008184575768935,5.482968914144758,4.095850389707868,4.221725302238028,After the historical event,Event experienced
-0.96,1,1,1,Nuclear-family environmental variance,20,2.1046868340760585,2.007883523987794,1.5690928848817358,2.706799034501441,2.25,2.1046868340760585,After the historical event,Event experienced
-0.96,1,1,1,Nonshared environmental variance,20,9.047952533853469,9.065958939956733,8.212847093329655,9.936326205482441,4,9.047952533853469,After the historical event,Event experienced
-0.96,1,1,1,Phenotypic variance,20,15.374364670167555,15.497400722723803,14.367219079742107,16.24557399159592,10.345850389707868,15.374364670167555,After the historical event,Event experienced
-0.94,0,0,0,Additive genetic variance,20,2.826828765150892,2.726447669697126,2.4033919438960423,3.3754546693788026,2.7775642126210935,2.826828765150892,Before the historical event,Event not experienced
-0.94,0,0,0,Nuclear-family environmental variance,20,2.1369074773901993,2.070138828903364,1.74497390303496,2.652514821218433,2.25,2.1369074773901993,Before the historical event,Event not experienced
-0.94,0,0,0,Nonshared environmental variance,20,9.073162206379441,9.06084448202824,8.56173772148113,9.65583529783678,4,9.073162206379441,Before the historical event,Event not experienced
-0.94,0,0,0,Phenotypic variance,20,14.036898448920532,14.019435797795744,13.652675041366889,14.410504892662392,9.027564212621094,14.036898448920532,Before the historical event,Event not experienced
-0.94,0,1,0,Additive genetic variance,20,2.826828765150892,2.726447669697126,2.4033919438960423,3.3754546693788026,2.7775642126210935,2.826828765150892,Before the historical event,Event experienced
-0.94,0,1,0,Nuclear-family environmental variance,20,2.1369074773901993,2.070138828903364,1.74497390303496,2.652514821218433,2.25,2.1369074773901993,Before the historical event,Event experienced
-0.94,0,1,0,Nonshared environmental variance,20,9.073162206379441,9.06084448202824,8.56173772148113,9.65583529783678,4,9.073162206379441,Before the historical event,Event experienced
-0.94,0,1,0,Phenotypic variance,20,14.036898448920532,14.019435797795744,13.652675041366889,14.410504892662392,9.027564212621094,14.036898448920532,Before the historical event,Event experienced
-0.94,1,0,0,Additive genetic variance,20,2.826828765150892,2.726447669697126,2.4033919438960423,3.3754546693788026,2.7775642126210935,2.826828765150892,After the historical event,Event not experienced
-0.94,1,0,0,Nuclear-family environmental variance,20,2.1369074773901993,2.070138828903364,1.74497390303496,2.652514821218433,2.25,2.1369074773901993,After the historical event,Event not experienced
-0.94,1,0,0,Nonshared environmental variance,20,9.073162206379441,9.06084448202824,8.56173772148113,9.65583529783678,4,9.073162206379441,After the historical event,Event not experienced
-0.94,1,0,0,Phenotypic variance,20,14.036898448920532,14.019435797795744,13.652675041366889,14.410504892662392,9.027564212621094,14.036898448920532,After the historical event,Event not experienced
-0.94,1,1,1,Additive genetic variance,20,4.268831861211257,4.228084420846589,3.03879240271844,5.543306853702898,4.143638891672675,4.268831861211257,After the historical event,Event experienced
-0.94,1,1,1,Nuclear-family environmental variance,20,2.1052821534793407,2.0100340514205453,1.5743798549689054,2.701505116330395,2.25,2.1052821534793407,After the historical event,Event experienced
-0.94,1,1,1,Nonshared environmental variance,20,9.048149138683865,9.067222459657145,8.21929582160132,9.931595407658806,4,9.048149138683865,After the historical event,Event experienced
-0.94,1,1,1,Phenotypic variance,20,15.42226315337446,15.548062216333024,14.406497172668633,16.31227133805972,10.393638891672676,15.42226315337446,After the historical event,Event experienced
-0.9199999999999999,0,0,0,Additive genetic variance,20,2.857934790944207,2.753670168909575,2.4378236195124625,3.4063544008048856,2.809521997206206,2.857934790944207,Before the historical event,Event not experienced
-0.9199999999999999,0,0,0,Nuclear-family environmental variance,20,2.137498142323741,2.071214848914873,1.7514919219787086,2.64754677417192,2.25,2.137498142323741,Before the historical event,Event not experienced
-0.9199999999999999,0,0,0,Nonshared environmental variance,20,9.073410752954796,9.062312779006596,8.57018920007703,9.649519577226208,4,9.073410752954796,Before the historical event,Event not experienced
-0.9199999999999999,0,0,0,Phenotypic variance,20,14.068843686222744,14.051454294629801,13.683580069534727,14.443963141645987,9.059521997206206,14.068843686222744,Before the historical event,Event not experienced
-0.9199999999999999,0,1,0,Additive genetic variance,20,2.857934790944207,2.753670168909575,2.4378236195124625,3.4063544008048856,2.809521997206206,2.857934790944207,Before the historical event,Event experienced
-0.9199999999999999,0,1,0,Nuclear-family environmental variance,20,2.137498142323741,2.071214848914873,1.7514919219787086,2.64754677417192,2.25,2.137498142323741,Before the historical event,Event experienced
-0.9199999999999999,0,1,0,Nonshared environmental variance,20,9.073410752954796,9.062312779006596,8.57018920007703,9.649519577226208,4,9.073410752954796,Before the historical event,Event experienced
-0.9199999999999999,0,1,0,Phenotypic variance,20,14.068843686222744,14.051454294629801,13.683580069534727,14.443963141645987,9.059521997206206,14.068843686222744,Before the historical event,Event experienced
-0.9199999999999999,1,0,0,Additive genetic variance,20,2.857934790944207,2.753670168909575,2.4378236195124625,3.4063544008048856,2.809521997206206,2.857934790944207,After the historical event,Event not experienced
-0.9199999999999999,1,0,0,Nuclear-family environmental variance,20,2.137498142323741,2.071214848914873,1.7514919219787086,2.64754677417192,2.25,2.137498142323741,After the historical event,Event not experienced
-0.9199999999999999,1,0,0,Nonshared environmental variance,20,9.073410752954796,9.062312779006596,8.57018920007703,9.649519577226208,4,9.073410752954796,After the historical event,Event not experienced
-0.9199999999999999,1,0,0,Phenotypic variance,20,14.068843686222744,14.051454294629801,13.683580069534727,14.443963141645987,9.059521997206206,14.068843686222744,After the historical event,Event not experienced
-0.9199999999999999,1,1,1,Additive genetic variance,20,4.315802058257515,4.277560303855312,3.0767545015764726,5.60338895380889,4.191314303998646,4.315802058257515,After the historical event,Event experienced
-0.9199999999999999,1,1,1,Nuclear-family environmental variance,20,2.1058843929354674,2.0121735616714442,1.5796579000781459,2.696248661734442,2.25,2.1058843929354674,After the historical event,Event experienced
-0.9199999999999999,1,1,1,Nonshared environmental variance,20,9.048340771949768,9.068463538004629,8.225706623538526,9.926884005545688,4,9.048340771949768,After the historical event,Event experienced
-0.9199999999999999,1,1,1,Phenotypic variance,20,15.470027223142749,15.598699167108332,14.44580152346613,16.378818414307112,10.441314303998645,15.470027223142749,After the historical event,Event experienced
-0.8999999999999999,0,0,0,Additive genetic variance,20,2.888940106390837,2.780778520388512,2.4723074770872002,3.437040380333472,2.8413928188367095,2.888940106390837,Before the historical event,Event not experienced
-0.8999999999999999,0,0,0,Nuclear-family environmental variance,20,2.138096138526289,2.0722928618719636,1.7579983047822303,2.642618388694209,2.25,2.138096138526289,Before the historical event,Event not experienced
-0.8999999999999999,0,0,0,Nonshared environmental variance,20,9.073654034281065,9.063761995621867,8.578583485966854,9.643236011757487,4,9.073654034281065,Before the historical event,Event not experienced
-0.8999999999999999,0,0,0,Phenotypic variance,20,14.10069027919819,14.082498292918768,13.714502869803914,14.477187397754875,9.09139281883671,14.10069027919819,Before the historical event,Event not experienced
-0.8999999999999999,0,1,0,Additive genetic variance,20,2.888940106390837,2.780778520388512,2.4723074770872002,3.437040380333472,2.8413928188367095,2.888940106390837,Before the historical event,Event experienced
-0.8999999999999999,0,1,0,Nuclear-family environmental variance,20,2.138096138526289,2.0722928618719636,1.7579983047822303,2.642618388694209,2.25,2.138096138526289,Before the historical event,Event experienced
-0.8999999999999999,0,1,0,Nonshared environmental variance,20,9.073654034281065,9.063761995621867,8.578583485966854,9.643236011757487,4,9.073654034281065,Before the historical event,Event experienced
-0.8999999999999999,0,1,0,Phenotypic variance,20,14.10069027919819,14.082498292918768,13.714502869803914,14.477187397754875,9.09139281883671,14.10069027919819,Before the historical event,Event experienced
-0.8999999999999999,1,0,0,Additive genetic variance,20,2.888940106390837,2.780778520388512,2.4723074770872002,3.437040380333472,2.8413928188367095,2.888940106390837,After the historical event,Event not experienced
-0.8999999999999999,1,0,0,Nuclear-family environmental variance,20,2.138096138526289,2.0722928618719636,1.7579983047822303,2.642618388694209,2.25,2.138096138526289,After the historical event,Event not experienced
-0.8999999999999999,1,0,0,Nonshared environmental variance,20,9.073654034281065,9.063761995621867,8.578583485966854,9.643236011757487,4,9.073654034281065,After the historical event,Event not experienced
-0.8999999999999999,1,0,0,Phenotypic variance,20,14.10069027919819,14.082498292918768,13.714502869803914,14.477187397754875,9.09139281883671,14.10069027919819,After the historical event,Event not experienced
-0.8999999999999999,1,1,1,Additive genetic variance,20,4.362619470836009,4.326922258326144,3.1146921288242657,5.6631922881294585,4.23885998284115,4.362619470836009,After the historical event,Event experienced
-0.8999999999999999,1,1,1,Nuclear-family environmental variance,20,2.106493406181683,2.014301990702262,1.5849268048156924,2.6910294862529476,2.25,2.106493406181683,After the historical event,Event experienced
-0.8999999999999999,1,1,1,Nonshared environmental variance,20,9.048527375735567,9.069682161939372,8.232079389104335,9.922191972121055,4,9.048527375735567,After the historical event,Event experienced
-0.8999999999999999,1,1,1,Phenotypic variance,20,15.517640252753258,15.646860301790431,14.485119404303742,16.445189464643178,10.48885998284115,15.517640252753258,After the historical event,Event experienced
-0.8799999999999999,0,0,0,Additive genetic variance,20,2.9198337804941996,2.807953042377963,2.5068318685981996,3.467501753462215,2.8731654353285574,2.9198337804941996,Before the historical event,Event not experienced
-0.8799999999999999,0,0,0,Nuclear-family environmental variance,20,2.1387013193672266,2.073372868534955,1.7644927106597987,2.6377294716729605,2.25,2.1387013193672266,Before the historical event,Event not experienced
-0.8799999999999999,0,0,0,Nonshared environmental variance,20,9.07389199246723,9.065192118145191,8.586920394742021,9.636984543864957,4,9.07389199246723,Before the historical event,Event not experienced
-0.8799999999999999,0,0,0,Phenotypic variance,20,14.132427092328657,14.113375133048516,13.74543311468632,14.510166857831308,9.123165435328557,14.132427092328657,Before the historical event,Event not experienced
-0.8799999999999999,0,1,0,Additive genetic variance,20,2.9198337804941996,2.807953042377963,2.5068318685981996,3.467501753462215,2.8731654353285574,2.9198337804941996,Before the historical event,Event experienced
-0.8799999999999999,0,1,0,Nuclear-family environmental variance,20,2.1387013193672266,2.073372868534955,1.7644927106597987,2.6377294716729605,2.25,2.1387013193672266,Before the historical event,Event experienced
-0.8799999999999999,0,1,0,Nonshared environmental variance,20,9.07389199246723,9.065192118145191,8.586920394742021,9.636984543864957,4,9.07389199246723,Before the historical event,Event experienced
-0.8799999999999999,0,1,0,Phenotypic variance,20,14.132427092328657,14.113375133048516,13.74543311468632,14.510166857831308,9.123165435328557,14.132427092328657,Before the historical event,Event experienced
-0.8799999999999999,1,0,0,Additive genetic variance,20,2.9198337804941996,2.807953042377963,2.5068318685981996,3.467501753462215,2.8731654353285574,2.9198337804941996,After the historical event,Event not experienced
-0.8799999999999999,1,0,0,Nuclear-family environmental variance,20,2.1387013193672266,2.073372868534955,1.7644927106597987,2.6377294716729605,2.25,2.1387013193672266,After the historical event,Event not experienced
-0.8799999999999999,1,0,0,Nonshared environmental variance,20,9.07389199246723,9.065192118145191,8.586920394742021,9.636984543864957,4,9.07389199246723,After the historical event,Event not experienced
-0.8799999999999999,1,0,0,Phenotypic variance,20,14.132427092328657,14.113375133048516,13.74543311468632,14.510166857831308,9.123165435328557,14.132427092328657,After the historical event,Event not experienced
-0.8799999999999999,1,1,1,Additive genetic variance,20,4.409267559124146,4.376152780428917,3.152592506360743,5.722693815794711,4.286259156832373,4.409267559124146,After the historical event,Event experienced
-0.8799999999999999,1,1,1,Nuclear-family environmental variance,20,2.107109047650655,2.016419274732013,1.5901863536007923,2.6858474070059506,2.25,2.107109047650655,After the historical event,Event experienced
-0.8799999999999999,1,1,1,Nonshared environmental variance,20,9.048708892533163,9.070878318587429,8.238414008851912,9.917550511802844,4,9.048708892533163,After the historical event,Event experienced
-0.8799999999999999,1,1,1,Phenotypic variance,20,15.565085499307964,15.693141530045907,14.524437917886445,16.511358526857258,10.536259156832372,15.565085499307964,After the historical event,Event experienced
-0.8599999999999999,0,0,0,Additive genetic variance,20,2.9506048107654936,2.8381763776361146,2.5413849606370644,3.4977276661796615,2.904828525281583,2.9506048107654936,Before the historical event,Event not experienced
-0.8599999999999999,0,0,0,Nuclear-family environmental variance,20,2.13931353892927,2.074454869674744,1.7709747984084458,2.632879831900766,2.25,2.13931353892927,Before the historical event,Event not experienced
-0.8599999999999999,0,0,0,Nonshared environmental variance,20,9.074124570033035,9.066603133008108,8.595199743131246,9.630765116322998,4,9.074124570033035,Before the historical event,Event not experienced
-0.8599999999999999,0,0,0,Phenotypic variance,20,14.1640429197278,14.144075073249116,13.77636034447271,14.542912562041785,9.154828525281584,14.1640429197278,Before the historical event,Event not experienced
-0.8599999999999999,0,1,0,Additive genetic variance,20,2.9506048107654936,2.8381763776361146,2.5413849606370644,3.4977276661796615,2.904828525281583,2.9506048107654936,Before the historical event,Event experienced
-0.8599999999999999,0,1,0,Nuclear-family environmental variance,20,2.13931353892927,2.074454869674744,1.7709747984084458,2.632879831900766,2.25,2.13931353892927,Before the historical event,Event experienced
-0.8599999999999999,0,1,0,Nonshared environmental variance,20,9.074124570033035,9.066603133008108,8.595199743131246,9.630765116322998,4,9.074124570033035,Before the historical event,Event experienced
-0.8599999999999999,0,1,0,Phenotypic variance,20,14.1640429197278,14.144075073249116,13.77636034447271,14.542912562041785,9.154828525281584,14.1640429197278,Before the historical event,Event experienced
-0.8599999999999999,1,0,0,Additive genetic variance,20,2.9506048107654936,2.8381763776361146,2.5413849606370644,3.4977276661796615,2.904828525281583,2.9506048107654936,After the historical event,Event not experienced
-0.8599999999999999,1,0,0,Nuclear-family environmental variance,20,2.13931353892927,2.074454869674744,1.7709747984084458,2.632879831900766,2.25,2.13931353892927,After the historical event,Event not experienced
-0.8599999999999999,1,0,0,Nonshared environmental variance,20,9.074124570033035,9.066603133008108,8.595199743131246,9.630765116322998,4,9.074124570033035,After the historical event,Event not experienced
-0.8599999999999999,1,0,0,Phenotypic variance,20,14.1640429197278,14.144075073249116,13.77636034447271,14.542912562041785,9.154828525281584,14.1640429197278,After the historical event,Event not experienced
-0.8599999999999999,1,1,1,Additive genetic variance,20,4.455729675288432,4.425234225871277,3.190442709751342,5.7818703956714295,4.333494936427934,4.455729675288432,After the historical event,Event experienced
-0.8599999999999999,1,1,1,Nuclear-family environmental variance,20,2.107731172473949,2.0185253502405485,1.5954363306816959,2.680702242682753,2.25,2.107731172473949,After the historical event,Event experienced
-0.8599999999999999,1,1,1,Nonshared environmental variance,20,9.048885265242735,9.072051995260944,8.244710373927976,9.913077901818443,4,9.048885265242735,After the historical event,Event experienced
-0.8599999999999999,1,1,1,Phenotypic variance,20,15.612346113005117,15.739211572582768,14.563744003525866,16.577299448091292,10.583494936427934,15.612346113005117,After the historical event,Event experienced
-0.8399999999999999,0,0,0,Additive genetic variance,20,2.9812421294652687,2.868271802052639,2.5759547403233487,3.5277072712891284,2.9363706944790016,2.9812421294652687,Before the historical event,Event not experienced
-0.8399999999999999,0,0,0,Nuclear-family environmental variance,20,2.139932652011628,2.0755388660728267,1.7774442264423462,2.6280692800611485,2.25,2.139932652011628,Before the historical event,Event not experienced
-0.8399999999999999,0,0,0,Nonshared environmental variance,20,9.074351709909754,9.067995026802818,8.603421349007277,9.624577672245085,4,9.074351709909754,Before the historical event,Event not experienced
-0.8399999999999999,0,0,0,Phenotypic variance,20,14.195526491386651,14.174588344106168,13.807273972261214,14.575449858821921,9.186370694479002,14.195526491386651,Before the historical event,Event not experienced
-0.8399999999999999,0,1,0,Additive genetic variance,20,2.9812421294652687,2.868271802052639,2.5759547403233487,3.5277072712891284,2.9363706944790016,2.9812421294652687,Before the historical event,Event experienced
-0.8399999999999999,0,1,0,Nuclear-family environmental variance,20,2.139932652011628,2.0755388660728267,1.7774442264423462,2.6280692800611485,2.25,2.139932652011628,Before the historical event,Event experienced
-0.8399999999999999,0,1,0,Nonshared environmental variance,20,9.074351709909754,9.067995026802818,8.603421349007277,9.624577672245085,4,9.074351709909754,Before the historical event,Event experienced
-0.8399999999999999,0,1,0,Phenotypic variance,20,14.195526491386651,14.174588344106168,13.807273972261214,14.575449858821921,9.186370694479002,14.195526491386651,Before the historical event,Event experienced
-0.8399999999999999,1,0,0,Additive genetic variance,20,2.9812421294652687,2.868271802052639,2.5759547403233487,3.5277072712891284,2.9363706944790016,2.9812421294652687,After the historical event,Event not experienced
-0.8399999999999999,1,0,0,Nuclear-family environmental variance,20,2.139932652011628,2.0755388660728267,1.7774442264423462,2.6280692800611485,2.25,2.139932652011628,After the historical event,Event not experienced
-0.8399999999999999,1,0,0,Nonshared environmental variance,20,9.074351709909754,9.067995026802818,8.603421349007277,9.624577672245085,4,9.074351709909754,After the historical event,Event not experienced
-0.8399999999999999,1,0,0,Phenotypic variance,20,14.195526491386651,14.174588344106168,13.807273972261214,14.575449858821921,9.186370694479002,14.195526491386651,After the historical event,Event not experienced
-0.8399999999999999,1,1,1,Additive genetic variance,20,4.501989072952649,4.474148820018783,3.228229674876153,5.840698800880851,4.380550323453823,4.501989072952649,After the historical event,Event experienced
-0.8399999999999999,1,1,1,Nuclear-family environmental variance,20,2.1083596364855786,2.020620153972142,1.6006765201517157,2.6755938135306323,2.25,2.1083596364855786,After the historical event,Event experienced
-0.8399999999999999,1,1,1,Nonshared environmental variance,20,9.049056437173501,9.073203179458368,8.250968376076232,9.908624130679394,4,9.049056437173501,After the historical event,Event experienced
-0.8399999999999999,1,1,1,Phenotypic variance,20,15.659405146611729,15.785053642219037,14.603024443428236,16.642985901066687,10.630550323453823,15.659405146611729,After the historical event,Event experienced
-0.8199999999999998,0,0,0,Additive genetic variance,20,3.0117346099705227,2.898228281011339,2.6105290214618906,3.557429734783703,2.9677804824165177,3.0117346099705227,Before the historical event,Event not experienced
-0.8199999999999998,0,0,0,Nuclear-family environmental variance,20,2.1405585141332324,2.0766248585213107,1.7839006528273913,2.6232976287147345,2.25,2.1405585141332324,Before the historical event,Event not experienced
-0.8199999999999998,0,0,0,Nonshared environmental variance,20,9.074573355440968,9.069367786282386,8.611585031393574,9.618422155082857,4,9.074573355440968,Before the historical event,Event not experienced
-0.8199999999999998,0,0,0,Phenotypic variance,20,14.226866479544723,14.204905153936254,13.838163289158665,14.607710827221318,9.217780482416519,14.226866479544723,Before the historical event,Event not experienced
-0.8199999999999998,0,1,0,Additive genetic variance,20,3.0117346099705227,2.898228281011339,2.6105290214618906,3.557429734783703,2.9677804824165177,3.0117346099705227,Before the historical event,Event experienced
-0.8199999999999998,0,1,0,Nuclear-family environmental variance,20,2.1405585141332324,2.0766248585213107,1.7839006528273913,2.6232976287147345,2.25,2.1405585141332324,Before the historical event,Event experienced
-0.8199999999999998,0,1,0,Nonshared environmental variance,20,9.074573355440968,9.069367786282386,8.611585031393574,9.618422155082857,4,9.074573355440968,Before the historical event,Event experienced
-0.8199999999999998,0,1,0,Phenotypic variance,20,14.226866479544723,14.204905153936254,13.838163289158665,14.607710827221318,9.217780482416519,14.226866479544723,Before the historical event,Event experienced
-0.8199999999999998,1,0,0,Additive genetic variance,20,3.0117346099705227,2.898228281011339,2.6105290214618906,3.557429734783703,2.9677804824165177,3.0117346099705227,After the historical event,Event not experienced
-0.8199999999999998,1,0,0,Nuclear-family environmental variance,20,2.1405585141332324,2.0766248585213107,1.7839006528273913,2.6232976287147345,2.25,2.1405585141332324,After the historical event,Event not experienced
-0.8199999999999998,1,0,0,Nonshared environmental variance,20,9.074573355440968,9.069367786282386,8.611585031393574,9.618422155082857,4,9.074573355440968,After the historical event,Event not experienced
-0.8199999999999998,1,0,0,Phenotypic variance,20,14.226866479544723,14.204905153936254,13.838163289158665,14.607710827221318,9.217780482416519,14.226866479544723,After the historical event,Event not experienced
-0.8199999999999998,1,1,1,Additive genetic variance,20,4.548028916856362,4.522878668243532,3.265940204781472,5.899155733548831,4.427408220846685,4.548028916856362,After the historical event,Event experienced
-0.8199999999999998,1,1,1,Nuclear-family environmental variance,20,2.1089942962256165,2.022703622939063,1.605906705965356,2.670521941343651,2.25,2.1089942962256165,After the historical event,Event experienced
-0.8199999999999998,1,1,1,Nonshared environmental variance,20,9.049222352044472,9.07433185886467,8.257187907640791,9.904189173251215,4,9.049222352044472,After the historical event,Event experienced
-0.8199999999999998,1,1,1,Phenotypic variance,20,15.706245565126451,15.830650863958999,14.642265869196223,16.708391400656712,10.677408220846685,15.706245565126451,After the historical event,Event experienced
-0.7999999999999998,0,0,0,Additive genetic variance,20,3.042071073262557,2.9280347281333388,2.645095450939916,3.58688424226726,2.9990463689561655,3.042071073262557,Before the historical event,Event not experienced
-0.7999999999999998,0,0,0,Nuclear-family environmental variance,20,2.141190981536044,2.0777128478229363,1.7903437353159493,2.618564692285572,2.25,2.141190981536044,Before the historical event,Event not experienced
-0.7999999999999998,0,0,0,Nonshared environmental variance,20,9.074789450383344,9.070721398360979,8.619690610470935,9.612298508625177,4,9.074789450383344,Before the historical event,Event not experienced
-0.7999999999999998,0,0,0,Phenotypic variance,20,14.258051505181944,14.235015694244922,13.869017469652032,14.639684621013481,9.249046368956165,14.258051505181944,Before the historical event,Event not experienced
-0.7999999999999998,0,1,0,Additive genetic variance,20,3.042071073262557,2.9280347281333388,2.645095450939916,3.58688424226726,2.9990463689561655,3.042071073262557,Before the historical event,Event experienced
-0.7999999999999998,0,1,0,Nuclear-family environmental variance,20,2.141190981536044,2.0777128478229363,1.7903437353159493,2.618564692285572,2.25,2.141190981536044,Before the historical event,Event experienced
-0.7999999999999998,0,1,0,Nonshared environmental variance,20,9.074789450383344,9.070721398360979,8.619690610470935,9.612298508625177,4,9.074789450383344,Before the historical event,Event experienced
-0.7999999999999998,0,1,0,Phenotypic variance,20,14.258051505181944,14.235015694244922,13.869017469652032,14.639684621013481,9.249046368956165,14.258051505181944,Before the historical event,Event experienced
-0.7999999999999998,1,0,0,Additive genetic variance,20,3.042071073262557,2.9280347281333388,2.645095450939916,3.58688424226726,2.9990463689561655,3.042071073262557,After the historical event,Event not experienced
-0.7999999999999998,1,0,0,Nuclear-family environmental variance,20,2.141190981536044,2.0777128478229363,1.7903437353159493,2.618564692285572,2.25,2.141190981536044,After the historical event,Event not experienced
-0.7999999999999998,1,0,0,Nonshared environmental variance,20,9.074789450383344,9.070721398360979,8.619690610470935,9.612298508625177,4,9.074789450383344,After the historical event,Event not experienced
-0.7999999999999998,1,0,0,Phenotypic variance,20,14.258051505181944,14.235015694244922,13.869017469652032,14.639684621013481,9.249046368956165,14.258051505181944,After the historical event,Event not experienced
-0.7999999999999998,1,1,1,Additive genetic variance,20,4.5938322926965105,4.571405766493423,3.303560976730621,5.9572178397758755,4.474051442580182,4.5938322926965105,After the historical event,Event experienced
-0.7999999999999998,1,1,1,Nuclear-family environmental variance,20,2.1096350089438833,2.0241675665379315,1.6111266719545028,2.665486449451591,2.25,2.1096350089438833,After the historical event,Event experienced
-0.7999999999999998,1,1,1,Nonshared environmental variance,20,9.049382953985226,9.075438021351577,8.263368861569578,9.899773004511045,4,9.049382953985226,After the historical event,Event experienced
-0.7999999999999998,1,1,1,Phenotypic variance,20,15.75285025562562,15.875986284818106,14.681454768541187,16.773489320790638,10.724051442580182,15.75285025562562,After the historical event,Event experienced
-0.7799999999999998,0,0,0,Additive genetic variance,20,3.0722402945306504,2.9576800118932924,2.679641515360246,3.6160600054162657,3.0301567810998145,3.0722402945306504,Before the historical event,Event not experienced
-0.7799999999999998,0,0,0,Nuclear-family environmental variance,20,2.1418299111884256,2.0788028347910883,1.7967731313818014,2.6138702870476225,2.25,2.1418299111884256,Before the historical event,Event not experienced
-0.7799999999999998,0,0,0,Nonshared environmental variance,20,9.074999938907387,9.072055850114054,8.627737907584116,9.606206676997209,4,9.074999938907387,Before the historical event,Event not experienced
-0.7799999999999998,0,0,0,Phenotypic variance,20,14.289070144626463,14.264910145262974,13.89982557714674,14.671360420523879,9.280156781099814,14.289070144626463,Before the historical event,Event not experienced
-0.7799999999999998,0,1,0,Additive genetic variance,20,3.0722402945306504,2.9576800118932924,2.679641515360246,3.6160600054162657,3.0301567810998145,3.0722402945306504,Before the historical event,Event experienced
-0.7799999999999998,0,1,0,Nuclear-family environmental variance,20,2.1418299111884256,2.0788028347910883,1.7967731313818014,2.6138702870476225,2.25,2.1418299111884256,Before the historical event,Event experienced
-0.7799999999999998,0,1,0,Nonshared environmental variance,20,9.074999938907387,9.072055850114054,8.627737907584116,9.606206676997209,4,9.074999938907387,Before the historical event,Event experienced
-0.7799999999999998,0,1,0,Phenotypic variance,20,14.289070144626463,14.264910145262974,13.89982557714674,14.671360420523879,9.280156781099814,14.289070144626463,Before the historical event,Event experienced
-0.7799999999999998,1,0,0,Additive genetic variance,20,3.0722402945306504,2.9576800118932924,2.679641515360246,3.6160600054162657,3.0301567810998145,3.0722402945306504,After the historical event,Event not experienced
-0.7799999999999998,1,0,0,Nuclear-family environmental variance,20,2.1418299111884256,2.0788028347910883,1.7967731313818014,2.6138702870476225,2.25,2.1418299111884256,After the historical event,Event not experienced
-0.7799999999999998,1,0,0,Nonshared environmental variance,20,9.074999938907387,9.072055850114054,8.627737907584116,9.606206676997209,4,9.074999938907387,After the historical event,Event not experienced
-0.7799999999999998,1,0,0,Phenotypic variance,20,14.289070144626463,14.264910145262974,13.89982557714674,14.671360420523879,9.280156781099814,14.289070144626463,After the historical event,Event not experienced
-0.7799999999999998,1,1,1,Additive genetic variance,20,4.6393822171445684,4.620052365272207,3.34107854944957,6.014861724814171,4.520462723769875,4.6393822171445684,After the historical event,Event experienced
-0.7799999999999998,1,1,1,Nuclear-family environmental variance,20,2.1102816326036957,2.0247283420769167,1.6163362018446796,2.6604871627089954,2.25,2.1102816326036957,After the historical event,Event experienced
-0.7799999999999998,1,1,1,Nonshared environmental variance,20,9.049538187536639,9.076521654977736,8.269511131417701,9.89537559954739,4,9.049538187536639,After the historical event,Event experienced
-0.7799999999999998,1,1,1,Phenotypic variance,20,15.799202037284903,15.9210428838477,14.72057749220184,16.838252911675355,10.770462723769874,15.799202037284903,After the historical event,Event experienced
-0.7599999999999998,0,0,0,Additive genetic variance,20,3.102231009886398,2.987152962343526,2.7141545479066647,3.6449462684770793,3.0611000998770814,3.102231009886398,Before the historical event,Event not experienced
-0.7599999999999998,0,0,0,Nuclear-family environmental variance,20,2.142475160788586,2.0798948202498178,1.8031884982552535,2.609214231111399,2.25,2.142475160788586,Before the historical event,Event not experienced
-0.7599999999999998,0,0,0,Nonshared environmental variance,20,9.075204765598214,9.073371128778604,8.635726745248403,9.600146604659484,4,9.075204765598214,Before the historical event,Event not experienced
-0.7599999999999998,0,0,0,Phenotypic variance,20,14.319910936273198,14.294578681556725,13.930576569668766,14.703609309520434,9.31110009987708,14.319910936273198,Before the historical event,Event not experienced
-0.7599999999999998,0,1,0,Additive genetic variance,20,3.102231009886398,2.987152962343526,2.7141545479066647,3.6449462684770793,3.0611000998770814,3.102231009886398,Before the historical event,Event experienced
-0.7599999999999998,0,1,0,Nuclear-family environmental variance,20,2.142475160788586,2.0798948202498178,1.8031884982552535,2.609214231111399,2.25,2.142475160788586,Before the historical event,Event experienced
-0.7599999999999998,0,1,0,Nonshared environmental variance,20,9.075204765598214,9.073371128778604,8.635726745248403,9.600146604659484,4,9.075204765598214,Before the historical event,Event experienced
-0.7599999999999998,0,1,0,Phenotypic variance,20,14.319910936273198,14.294578681556725,13.930576569668766,14.703609309520434,9.31110009987708,14.319910936273198,Before the historical event,Event experienced
-0.7599999999999998,1,0,0,Additive genetic variance,20,3.102231009886398,2.987152962343526,2.7141545479066647,3.6449462684770793,3.0611000998770814,3.102231009886398,After the historical event,Event not experienced
-0.7599999999999998,1,0,0,Nuclear-family environmental variance,20,2.142475160788586,2.0798948202498178,1.8031884982552535,2.609214231111399,2.25,2.142475160788586,After the historical event,Event not experienced
-0.7599999999999998,1,0,0,Nonshared environmental variance,20,9.075204765598214,9.073371128778604,8.635726745248403,9.600146604659484,4,9.075204765598214,After the historical event,Event not experienced
-0.7599999999999998,1,0,0,Phenotypic variance,20,14.319910936273198,14.294578681556725,13.930576569668766,14.703609309520434,9.31110009987708,14.319910936273198,After the historical event,Event not experienced
-0.7599999999999998,1,1,1,Additive genetic variance,20,4.684661648031426,4.66970962002737,3.3784793705626663,6.072063968438263,4.56662473094879,4.684661648031426,After the historical event,Event experienced
-0.7599999999999998,1,1,1,Nuclear-family environmental variance,20,2.110934025885684,2.0252907856649385,1.621535079271363,2.6555239074843158,2.25,2.110934025885684,After the historical event,Event experienced
-0.7599999999999998,1,1,1,Nonshared environmental variance,20,9.049687997651638,9.07758274798897,8.275614611350832,9.89099693355988,4,9.049687997651638,After the historical event,Event experienced
-0.7599999999999998,1,1,1,Phenotypic variance,20,15.845283671568748,15.96580358235169,14.759620261065367,16.902655317319642,10.81662473094879,15.845283671568748,After the historical event,Event experienced
-0.7399999999999998,0,0,0,Additive genetic variance,20,3.132031923183389,3.0167465583311737,2.748621735437074,3.6735323147933574,3.0918646673422097,3.132031923183389,Before the historical event,Event not experienced
-0.7399999999999998,0,0,0,Nuclear-family environmental variance,20,2.14312658876809,2.0809888050338547,1.8095894929584166,2.6045963444107674,2.25,2.14312658876809,Before the historical event,Event not experienced
-0.7399999999999998,0,0,0,Nonshared environmental variance,20,9.075403875456313,9.074667221753351,8.64365694715612,9.594118236407013,4,9.075403875456313,Before the historical event,Event not experienced
-0.7399999999999998,0,0,0,Phenotypic variance,20,14.350562387407791,14.32401147770768,13.961259305726788,14.735664616763206,9.34186466734221,14.350562387407791,Before the historical event,Event not experienced
-0.7399999999999998,0,1,0,Additive genetic variance,20,3.132031923183389,3.0167465583311737,2.748621735437074,3.6735323147933574,3.0918646673422097,3.132031923183389,Before the historical event,Event experienced
-0.7399999999999998,0,1,0,Nuclear-family environmental variance,20,2.14312658876809,2.0809888050338547,1.8095894929584166,2.6045963444107674,2.25,2.14312658876809,Before the historical event,Event experienced
-0.7399999999999998,0,1,0,Nonshared environmental variance,20,9.075403875456313,9.074667221753351,8.64365694715612,9.594118236407013,4,9.075403875456313,Before the historical event,Event experienced
-0.7399999999999998,0,1,0,Phenotypic variance,20,14.350562387407791,14.32401147770768,13.961259305726788,14.735664616763206,9.34186466734221,14.350562387407791,Before the historical event,Event experienced
-0.7399999999999998,1,0,0,Additive genetic variance,20,3.132031923183389,3.0167465583311737,2.748621735437074,3.6735323147933574,3.0918646673422097,3.132031923183389,After the historical event,Event not experienced
-0.7399999999999998,1,0,0,Nuclear-family environmental variance,20,2.14312658876809,2.0809888050338547,1.8095894929584166,2.6045963444107674,2.25,2.14312658876809,After the historical event,Event not experienced
-0.7399999999999998,1,0,0,Nonshared environmental variance,20,9.075403875456313,9.074667221753351,8.64365694715612,9.594118236407013,4,9.075403875456313,After the historical event,Event not experienced
-0.7399999999999998,1,0,0,Phenotypic variance,20,14.350562387407791,14.32401147770768,13.961259305726788,14.735664616763206,9.34186466734221,14.350562387407791,After the historical event,Event not experienced
-0.7399999999999998,1,1,1,Additive genetic variance,20,4.729653494691893,4.719127687725919,3.415749784213425,6.133948788246263,4.612520072505519,4.729653494691893,After the historical event,Event experienced
-0.7399999999999998,1,1,1,Nuclear-family environmental variance,20,2.1115920481916706,2.0279193018751585,1.6267230877963574,2.650596511649174,2.25,2.1115920481916706,After the historical event,Event experienced
-0.7399999999999998,1,1,1,Nonshared environmental variance,20,9.049832329695958,9.078621288818447,8.281679196148549,9.886636981859057,4,9.049832329695958,After the historical event,Event experienced
-0.7399999999999998,1,1,1,Phenotypic variance,20,15.89107787257952,16.010251254287134,14.798569173486428,16.9666695933457,10.862520072505518,15.89107787257952,After the historical event,Event experienced
-0.7199999999999998,0,0,0,Additive genetic variance,20,3.1616317129367117,3.0478123698191615,2.7830301257998147,3.701807473358107,3.122438793674298,3.1616317129367117,Before the historical event,Event not experienced
-0.7199999999999998,0,0,0,Nuclear-family environmental variance,20,2.1437840542954354,2.08208478998863,1.8159757723406467,2.600016448689897,2.25,2.1437840542954354,Before the historical event,Event not experienced
-0.7199999999999998,0,0,0,Nonshared environmental variance,20,9.07559721389829,9.075944116598965,8.651528338183137,9.588121517368343,4,9.07559721389829,Before the historical event,Event not experienced
-0.7199999999999998,0,0,0,Phenotypic variance,20,14.381012981130437,14.35006471384218,13.991862550330787,14.767491941134374,9.372438793674299,14.381012981130437,Before the historical event,Event not experienced
-0.7199999999999998,0,1,0,Additive genetic variance,20,3.1616317129367117,3.0478123698191615,2.7830301257998147,3.701807473358107,3.122438793674298,3.1616317129367117,Before the historical event,Event experienced
-0.7199999999999998,0,1,0,Nuclear-family environmental variance,20,2.1437840542954354,2.08208478998863,1.8159757723406467,2.600016448689897,2.25,2.1437840542954354,Before the historical event,Event experienced
-0.7199999999999998,0,1,0,Nonshared environmental variance,20,9.07559721389829,9.075944116598965,8.651528338183137,9.588121517368343,4,9.07559721389829,Before the historical event,Event experienced
-0.7199999999999998,0,1,0,Phenotypic variance,20,14.381012981130437,14.35006471384218,13.991862550330787,14.767491941134374,9.372438793674299,14.381012981130437,Before the historical event,Event experienced
-0.7199999999999998,1,0,0,Additive genetic variance,20,3.1616317129367117,3.0478123698191615,2.7830301257998147,3.701807473358107,3.122438793674298,3.1616317129367117,After the historical event,Event not experienced
-0.7199999999999998,1,0,0,Nuclear-family environmental variance,20,2.1437840542954354,2.08208478998863,1.8159757723406467,2.600016448689897,2.25,2.1437840542954354,After the historical event,Event not experienced
-0.7199999999999998,1,0,0,Nonshared environmental variance,20,9.07559721389829,9.075944116598965,8.651528338183137,9.588121517368343,4,9.07559721389829,After the historical event,Event not experienced
-0.7199999999999998,1,0,0,Phenotypic variance,20,14.381012981130437,14.35006471384218,13.991862550330787,14.767491941134374,9.372438793674299,14.381012981130437,After the historical event,Event not experienced
-0.7199999999999998,1,1,1,Additive genetic variance,20,4.774340628460433,4.7682874391026395,3.452876038865104,6.197279884925685,4.658131309276533,4.774340628460433,After the historical event,Event experienced
-0.7199999999999998,1,1,1,Nuclear-family environmental variance,20,2.1122555596486126,2.032266537733941,1.631900010924229,2.645704804567729,2.25,2.1122555596486126,After the historical event,Event experienced
-0.7199999999999998,1,1,1,Nonshared environmental variance,20,9.049971129448865,9.079637266086923,8.287704781207676,9.882295719866097,4,9.049971129448865,After the historical event,Event experienced
-0.7199999999999998,1,1,1,Phenotypic variance,20,15.93656731755791,16.054368736840075,14.83741021279941,17.03026872507209,10.908131309276534,15.93656731755791,After the historical event,Event experienced
-0.6999999999999997,0,0,0,Additive genetic variance,20,3.1910190393366,3.078689041237207,2.8173666353681037,3.7297611253848637,3.1528107643750825,3.1910190393366,Before the historical event,Event not experienced
-0.6999999999999997,0,0,0,Nuclear-family environmental variance,20,2.144447417279694,2.083182775970287,1.8223469931141487,2.595474367490368,2.25,2.144447417279694,Before the historical event,Event not experienced
-0.6999999999999997,0,0,0,Nonshared environmental variance,20,9.075784726757632,9.077201801038264,8.659340744395314,9.58215639300468,4,9.075784726757632,Before the historical event,Event not experienced
-0.6999999999999997,0,0,0,Phenotypic variance,20,14.411251183373926,14.375834617926435,14.022374981162969,14.799077866462353,9.402810764375083,14.411251183373926,Before the historical event,Event not experienced
-0.6999999999999997,0,1,0,Additive genetic variance,20,3.1910190393366,3.078689041237207,2.8173666353681037,3.7297611253848637,3.1528107643750825,3.1910190393366,Before the historical event,Event experienced
-0.6999999999999997,0,1,0,Nuclear-family environmental variance,20,2.144447417279694,2.083182775970287,1.8223469931141487,2.595474367490368,2.25,2.144447417279694,Before the historical event,Event experienced
-0.6999999999999997,0,1,0,Nonshared environmental variance,20,9.075784726757632,9.077201801038264,8.659340744395314,9.58215639300468,4,9.075784726757632,Before the historical event,Event experienced
-0.6999999999999997,0,1,0,Phenotypic variance,20,14.411251183373926,14.375834617926435,14.022374981162969,14.799077866462353,9.402810764375083,14.411251183373926,Before the historical event,Event experienced
-0.6999999999999997,1,0,0,Additive genetic variance,20,3.1910190393366,3.078689041237207,2.8173666353681037,3.7297611253848637,3.1528107643750825,3.1910190393366,After the historical event,Event not experienced
-0.6999999999999997,1,0,0,Nuclear-family environmental variance,20,2.144447417279694,2.083182775970287,1.8223469931141487,2.595474367490368,2.25,2.144447417279694,After the historical event,Event not experienced
-0.6999999999999997,1,0,0,Nonshared environmental variance,20,9.075784726757632,9.077201801038264,8.659340744395314,9.58215639300468,4,9.075784726757632,After the historical event,Event not experienced
-0.6999999999999997,1,0,0,Phenotypic variance,20,14.411251183373926,14.375834617926435,14.022374981162969,14.799077866462353,9.402810764375083,14.411251183373926,After the historical event,Event not experienced
-0.6999999999999997,1,1,1,Additive genetic variance,20,4.818705893309475,4.816907555103802,3.4898442952754927,6.260155164242166,4.703440965283999,4.818705893309475,After the historical event,Event experienced
-0.6999999999999997,1,1,1,Nuclear-family environmental variance,20,2.112924421112603,2.036603236302885,1.637065632118792,2.6408486170861503,2.25,2.112924421112603,After the historical event,Event experienced
-0.6999999999999997,1,1,1,Nonshared environmental variance,20,9.050104343103907,9.080630668602879,8.293691262545591,9.8779731231126,4,9.050104343103907,After the historical event,Event experienced
-0.6999999999999997,1,1,1,Phenotypic variance,20,15.981734657525985,16.098138841168,14.87612925501891,17.093425645851585,10.953440965283999,15.981734657525985,After the historical event,Event experienced
-0.6800000000000002,0,0,0,Additive genetic variance,20,3.2201825513503572,3.109364077352412,2.8516180567872578,3.7573827108923914,3.1829688475582993,3.2201825513503572,Before the historical event,Event not experienced
-0.6800000000000002,0,0,0,Nuclear-family environmental variance,20,2.1451165383742143,2.084282763845705,1.8287028118897255,2.590969926138433,2.25,2.1451165383742143,Before the historical event,Event not experienced
-0.6800000000000002,0,0,0,Nonshared environmental variance,20,9.075966360285452,9.078440262956427,8.667093993054905,9.576222809108986,4,9.075966360285452,Before the historical event,Event not experienced
-0.6800000000000002,0,0,0,Phenotypic variance,20,14.441265450010023,14.40133483578038,14.052785194896874,14.8304089657635,9.4329688475583,14.441265450010023,Before the historical event,Event not experienced
-0.6800000000000002,0,1,0,Additive genetic variance,20,3.2201825513503572,3.109364077352412,2.8516180567872578,3.7573827108923914,3.1829688475582993,3.2201825513503572,Before the historical event,Event experienced
-0.6800000000000002,0,1,0,Nuclear-family environmental variance,20,2.1451165383742143,2.084282763845705,1.8287028118897255,2.590969926138433,2.25,2.1451165383742143,Before the historical event,Event experienced
-0.6800000000000002,0,1,0,Nonshared environmental variance,20,9.075966360285452,9.078440262956427,8.667093993054905,9.576222809108986,4,9.075966360285452,Before the historical event,Event experienced
-0.6800000000000002,0,1,0,Phenotypic variance,20,14.441265450010023,14.40133483578038,14.052785194896874,14.8304089657635,9.4329688475583,14.441265450010023,Before the historical event,Event experienced
-0.6800000000000002,1,0,0,Additive genetic variance,20,3.2201825513503572,3.109364077352412,2.8516180567872578,3.7573827108923914,3.1829688475582993,3.2201825513503572,After the historical event,Event not experienced
-0.6800000000000002,1,0,0,Nuclear-family environmental variance,20,2.1451165383742143,2.084282763845705,1.8287028118897255,2.590969926138433,2.25,2.1451165383742143,After the historical event,Event not experienced
-0.6800000000000002,1,0,0,Nonshared environmental variance,20,9.075966360285452,9.078440262956427,8.667093993054905,9.576222809108986,4,9.075966360285452,After the historical event,Event not experienced
-0.6800000000000002,1,0,0,Phenotypic variance,20,14.441265450010023,14.40133483578038,14.052785194896874,14.8304089657635,9.4329688475583,14.441265450010023,After the historical event,Event not experienced
-0.6800000000000002,1,1,1,Additive genetic variance,20,4.8627321166213955,4.864891422341916,3.526640634640051,6.32254761309038,4.748431538610243,4.8627321166213955,After the historical event,Event experienced
-0.6800000000000002,1,1,1,Nuclear-family environmental variance,20,2.1135984941729355,2.0409290980143533,1.6422197348196539,2.6360277815221975,2.25,2.1135984941729355,After the historical event,Event experienced
-0.6800000000000002,1,1,1,Nonshared environmental variance,20,9.050231917269645,9.081601485362796,8.299638536803535,9.873669167240358,4,9.050231917269645,After the historical event,Event experienced
-0.6800000000000002,1,1,1,Phenotypic variance,20,16.026562528063977,16.13809911815826,14.914712076723125,17.15611325564708,10.998431538610243,16.026562528063977,After the historical event,Event experienced
-0.6600000000000001,0,0,0,Additive genetic variance,20,3.2491108939065434,3.1398249534606886,2.8857710669290277,3.7846617352972682,3.2129013013245316,3.2491108939065434,Before the historical event,Event not experienced
-0.6600000000000001,0,0,0,Nuclear-family environmental variance,20,2.145791278980391,2.0849440071014413,1.8350428852126786,2.5865029517324167,2.25,2.145791278980391,Before the historical event,Event not experienced
-0.6600000000000001,0,0,0,Nonshared environmental variance,20,9.076142061151222,9.079174265084745,8.674787912626934,9.570320711805076,4,9.076142061151222,Before the historical event,Event not experienced
-0.6600000000000001,0,0,0,Phenotypic variance,20,14.471044234038157,14.42704084735253,14.083081713660157,14.861471810249594,9.462901301324532,14.471044234038157,Before the historical event,Event not experienced
-0.6600000000000001,0,1,0,Additive genetic variance,20,3.2491108939065434,3.1398249534606886,2.8857710669290277,3.7846617352972682,3.2129013013245316,3.2491108939065434,Before the historical event,Event experienced
-0.6600000000000001,0,1,0,Nuclear-family environmental variance,20,2.145791278980391,2.0849440071014413,1.8350428852126786,2.5865029517324167,2.25,2.145791278980391,Before the historical event,Event experienced
-0.6600000000000001,0,1,0,Nonshared environmental variance,20,9.076142061151222,9.079174265084745,8.674787912626934,9.570320711805076,4,9.076142061151222,Before the historical event,Event experienced
-0.6600000000000001,0,1,0,Phenotypic variance,20,14.471044234038157,14.42704084735253,14.083081713660157,14.861471810249594,9.462901301324532,14.471044234038157,Before the historical event,Event experienced
-0.6600000000000001,1,0,0,Additive genetic variance,20,3.2491108939065434,3.1398249534606886,2.8857710669290277,3.7846617352972682,3.2129013013245316,3.2491108939065434,After the historical event,Event not experienced
-0.6600000000000001,1,0,0,Nuclear-family environmental variance,20,2.145791278980391,2.0849440071014413,1.8350428852126786,2.5865029517324167,2.25,2.145791278980391,After the historical event,Event not experienced
-0.6600000000000001,1,0,0,Nonshared environmental variance,20,9.076142061151222,9.079174265084745,8.674787912626934,9.570320711805076,4,9.076142061151222,After the historical event,Event not experienced
-0.6600000000000001,1,0,0,Phenotypic variance,20,14.471044234038157,14.42704084735253,14.083081713660157,14.861471810249594,9.462901301324532,14.471044234038157,After the historical event,Event not experienced
-0.6600000000000001,1,1,1,Additive genetic variance,20,4.906402120084998,4.912540179407278,3.5632510668973034,6.384430205299945,4.793085512399714,4.906402120084998,After the historical event,Event experienced
-0.6600000000000001,1,1,1,Nuclear-family environmental variance,20,2.1142776411562214,2.045243823384304,1.6473621024588074,2.631242131654905,2.25,2.1142776411562214,After the historical event,Event experienced
-0.6600000000000001,1,1,1,Nonshared environmental variance,20,9.050353798970372,9.08254970555128,8.30554650124988,9.86938382800109,4,9.050353798970372,After the historical event,Event experienced
-0.6600000000000001,1,1,1,Phenotypic variance,20,16.07103356021159,16.176213422533827,14.953144363114646,17.21830443982824,11.043085512399713,16.07103356021159,After the historical event,Event experienced
-0.6400000000000001,0,0,0,Additive genetic variance,20,3.27779271515523,3.1700591237512388,2.919812235047,3.8115877760086345,3.2425963812152134,3.27779271515523,Before the historical event,Event not experienced
-0.6400000000000001,0,0,0,Nuclear-family environmental variance,20,2.1464715012514866,2.084091933337549,1.841366869598846,2.5820732731302822,2.25,2.1464715012514866,Before the historical event,Event not experienced
-0.6400000000000001,0,0,0,Nonshared environmental variance,20,9.07631177644353,9.078620359140793,8.682422332785531,9.56445004754676,4,9.07631177644353,Before the historical event,Event not experienced
-0.6400000000000001,0,0,0,Phenotypic variance,20,14.500575992850248,14.45798347091393,14.113252991636408,14.892252978434078,9.492596381215213,14.500575992850248,Before the historical event,Event not experienced
-0.6400000000000001,0,1,0,Additive genetic variance,20,3.27779271515523,3.1700591237512388,2.919812235047,3.8115877760086345,3.2425963812152134,3.27779271515523,Before the historical event,Event experienced
-0.6400000000000001,0,1,0,Nuclear-family environmental variance,20,2.1464715012514866,2.084091933337549,1.841366869598846,2.5820732731302822,2.25,2.1464715012514866,Before the historical event,Event experienced
-0.6400000000000001,0,1,0,Nonshared environmental variance,20,9.07631177644353,9.078620359140793,8.682422332785531,9.56445004754676,4,9.07631177644353,Before the historical event,Event experienced
-0.6400000000000001,0,1,0,Phenotypic variance,20,14.500575992850248,14.45798347091393,14.113252991636408,14.892252978434078,9.492596381215213,14.500575992850248,Before the historical event,Event experienced
-0.6400000000000001,1,0,0,Additive genetic variance,20,3.27779271515523,3.1700591237512388,2.919812235047,3.8115877760086345,3.2425963812152134,3.27779271515523,After the historical event,Event not experienced
-0.6400000000000001,1,0,0,Nuclear-family environmental variance,20,2.1464715012514866,2.084091933337549,1.841366869598846,2.5820732731302822,2.25,2.1464715012514866,After the historical event,Event not experienced
-0.6400000000000001,1,0,0,Nonshared environmental variance,20,9.07631177644353,9.078620359140793,8.682422332785531,9.56445004754676,4,9.07631177644353,After the historical event,Event not experienced
-0.6400000000000001,1,0,0,Phenotypic variance,20,14.500575992850248,14.45798347091393,14.113252991636408,14.892252978434078,9.492596381215213,14.500575992850248,After the historical event,Event not experienced
-0.6400000000000001,1,1,1,Additive genetic variance,20,4.949698730707083,4.959834204167619,3.599661539190093,6.445775920762388,4.837385365979062,4.949698730707083,After the historical event,Event experienced
-0.6400000000000001,1,1,1,Nuclear-family environmental variance,20,2.1149617251305686,2.049547113048874,1.6524925184772756,2.626491502714372,2.25,2.1149617251305686,After the historical event,Event experienced
-0.6400000000000001,1,1,1,Nonshared environmental variance,20,9.050469935646852,9.083475318541282,8.311415053783401,9.86511708125624,4,9.050469935646852,After the historical event,Event experienced
-0.6400000000000001,1,1,1,Phenotypic variance,20,16.115130391484502,16.21387102922609,14.991411716252781,17.27997208817093,11.087385365979063,16.115130391484502,After the historical event,Event experienced
-0.6200000000000001,0,0,0,Additive genetic variance,20,3.306216673798003,3.200054029780279,2.953728031126766,3.8381504890193883,3.272042347739403,3.306216673798003,Before the historical event,Event not experienced
-0.6200000000000001,0,0,0,Nuclear-family environmental variance,20,2.1471570680965195,2.0832573617730654,1.8476744215707788,2.577680720937331,2.25,2.1471570680965195,Before the historical event,Event not experienced
-0.6200000000000001,0,0,0,Nonshared environmental variance,20,9.076475453670808,9.078060154088497,8.689997084420204,9.558610763116937,4,9.076475453670808,Before the historical event,Event not experienced
-0.6200000000000001,0,0,0,Phenotypic variance,20,14.52984919556533,14.488708133866577,14.14328742180107,14.922774737297662,9.5220423477394025,14.52984919556533,Before the historical event,Event not experienced
-0.6200000000000001,0,1,0,Additive genetic variance,20,3.306216673798003,3.200054029780279,2.953728031126766,3.8381504890193883,3.272042347739403,3.306216673798003,Before the historical event,Event experienced
-0.6200000000000001,0,1,0,Nuclear-family environmental variance,20,2.1471570680965195,2.0832573617730654,1.8476744215707788,2.577680720937331,2.25,2.1471570680965195,Before the historical event,Event experienced
-0.6200000000000001,0,1,0,Nonshared environmental variance,20,9.076475453670808,9.078060154088497,8.689997084420204,9.558610763116937,4,9.076475453670808,Before the historical event,Event experienced
-0.6200000000000001,0,1,0,Phenotypic variance,20,14.52984919556533,14.488708133866577,14.14328742180107,14.922774737297662,9.5220423477394025,14.52984919556533,Before the historical event,Event experienced
-0.6200000000000001,1,0,0,Additive genetic variance,20,3.306216673798003,3.200054029780279,2.953728031126766,3.8381504890193883,3.272042347739403,3.306216673798003,After the historical event,Event not experienced
-0.6200000000000001,1,0,0,Nuclear-family environmental variance,20,2.1471570680965195,2.0832573617730654,1.8476744215707788,2.577680720937331,2.25,2.1471570680965195,After the historical event,Event not experienced
-0.6200000000000001,1,0,0,Nonshared environmental variance,20,9.076475453670808,9.078060154088497,8.689997084420204,9.558610763116937,4,9.076475453670808,After the historical event,Event not experienced
-0.6200000000000001,1,0,0,Phenotypic variance,20,14.52984919556533,14.488708133866577,14.14328742180107,14.922774737297662,9.5220423477394025,14.52984919556533,After the historical event,Event not experienced
-0.6200000000000001,1,1,1,Additive genetic variance,20,4.992604791929483,5.006753854812621,3.635857944476054,6.506557764740929,4.881313586085768,4.992604791929483,After the historical event,Event experienced
-0.6200000000000001,1,1,1,Nuclear-family environmental variance,20,2.115650609909811,2.053838667801098,1.657610766341803,2.6217757313716517,2.25,2.115650609909811,After the historical event,Event experienced
-0.6200000000000001,1,1,1,Nonshared environmental variance,20,9.050580275157035,9.084378313894293,8.317244092936512,9.860868902976728,4,9.050580275157035,After the historical event,Event experienced
-0.6200000000000001,1,1,1,Phenotypic variance,20,16.15883567699633,16.251058936669562,15.029499663451269,17.341089114041267,11.131313586085767,16.15883567699633,After the historical event,Event experienced
-0.6000000000000001,0,0,0,Additive genetic variance,20,3.3343714464812275,3.230731403774328,2.986487709368964,3.8643396154880043,3.301227473966729,3.3343714464812275,Before the historical event,Event not experienced
-0.6000000000000001,0,0,0,Nuclear-family environmental variance,20,2.147847843184205,2.082440245691874,1.8530467234343246,2.573325127494053,2.25,2.147847843184205,Before the historical event,Event not experienced
-0.6000000000000001,0,0,0,Nonshared environmental variance,20,9.076633040762058,9.07749362934884,8.697511999642106,9.552802805626738,4,9.076633040762058,Before the historical event,Event not experienced
-0.6000000000000001,0,0,0,Phenotypic variance,20,14.55885233042749,14.519203070523753,14.17317334278638,14.953043506988365,9.55122747396673,14.55885233042749,Before the historical event,Event not experienced
-0.6000000000000001,0,1,0,Additive genetic variance,20,3.3343714464812275,3.230731403774328,2.986487709368964,3.8643396154880043,3.301227473966729,3.3343714464812275,Before the historical event,Event experienced
-0.6000000000000001,0,1,0,Nuclear-family environmental variance,20,2.147847843184205,2.082440245691874,1.8530467234343246,2.573325127494053,2.25,2.147847843184205,Before the historical event,Event experienced
-0.6000000000000001,0,1,0,Nonshared environmental variance,20,9.076633040762058,9.07749362934884,8.697511999642106,9.552802805626738,4,9.076633040762058,Before the historical event,Event experienced
-0.6000000000000001,0,1,0,Phenotypic variance,20,14.55885233042749,14.519203070523753,14.17317334278638,14.953043506988365,9.55122747396673,14.55885233042749,Before the historical event,Event experienced
-0.6000000000000001,1,0,0,Additive genetic variance,20,3.3343714464812275,3.230731403774328,2.986487709368964,3.8643396154880043,3.301227473966729,3.3343714464812275,After the historical event,Event not experienced
-0.6000000000000001,1,0,0,Nuclear-family environmental variance,20,2.147847843184205,2.082440245691874,1.8530467234343246,2.573325127494053,2.25,2.147847843184205,After the historical event,Event not experienced
-0.6000000000000001,1,0,0,Nonshared environmental variance,20,9.076633040762058,9.07749362934884,8.697511999642106,9.552802805626738,4,9.076633040762058,After the historical event,Event not experienced
-0.6000000000000001,1,0,0,Phenotypic variance,20,14.55885233042749,14.519203070523753,14.17317334278638,14.953043506988365,9.55122747396673,14.55885233042749,After the historical event,Event not experienced
-0.6000000000000001,1,1,1,Additive genetic variance,20,5.035103174841704,5.053279483264136,3.6718261302804294,6.566748787344231,4.924852678195471,5.035103174841704,After the historical event,Event experienced
-0.6000000000000001,1,1,1,Nuclear-family environmental variance,20,2.116344160057796,2.05811818862775,1.6627166295615967,2.6170946557287498,2.25,2.116344160057796,After the historical event,Event experienced
-0.6000000000000001,1,1,1,Nonshared environmental variance,20,9.050684765776776,9.085258681360518,8.323033517878493,9.856639269242716,4,9.050684765776776,After the historical event,Event experienced
-0.6000000000000001,1,1,1,Phenotypic variance,20,16.202132100676277,16.287764245209196,15.067393665835096,17.40162847374566,11.174852678195471,16.202132100676277,After the historical event,Event experienced
-0.5800000000000001,0,0,0,Additive genetic variance,20,3.36224573524595,3.2593980401348084,3.016553988621165,3.890144988305189,3.330140053179798,3.36224573524595,Before the historical event,Event not experienced
-0.5800000000000001,0,0,0,Nuclear-family environmental variance,20,2.148543690946953,2.0816405390732022,1.8554236424350325,2.569006326864128,2.25,2.148543690946953,Before the historical event,Event not experienced
-0.5800000000000001,0,0,0,Nonshared environmental variance,20,9.076784486067593,9.076920764546603,8.704966911790226,9.547026122514666,4,9.076784486067593,Before the historical event,Event not experienced
-0.5800000000000001,0,0,0,Phenotypic variance,20,14.587573912260497,14.549456504097064,14.202899045870005,14.982999309144162,9.580140053179798,14.587573912260497,Before the historical event,Event not experienced
-0.5800000000000001,0,1,0,Additive genetic variance,20,3.36224573524595,3.2593980401348084,3.016553988621165,3.890144988305189,3.330140053179798,3.36224573524595,Before the historical event,Event experienced
-0.5800000000000001,0,1,0,Nuclear-family environmental variance,20,2.148543690946953,2.0816405390732022,1.8554236424350325,2.569006326864128,2.25,2.148543690946953,Before the historical event,Event experienced
-0.5800000000000001,0,1,0,Nonshared environmental variance,20,9.076784486067593,9.076920764546603,8.704966911790226,9.547026122514666,4,9.076784486067593,Before the historical event,Event experienced
-0.5800000000000001,0,1,0,Phenotypic variance,20,14.587573912260497,14.549456504097064,14.202899045870005,14.982999309144162,9.580140053179798,14.587573912260497,Before the historical event,Event experienced
-0.5800000000000001,1,0,0,Additive genetic variance,20,3.36224573524595,3.2593980401348084,3.016553988621165,3.890144988305189,3.330140053179798,3.36224573524595,After the historical event,Event not experienced
-0.5800000000000001,1,0,0,Nuclear-family environmental variance,20,2.148543690946953,2.0816405390732022,1.8554236424350325,2.569006326864128,2.25,2.148543690946953,After the historical event,Event not experienced
-0.5800000000000001,1,0,0,Nonshared environmental variance,20,9.076784486067593,9.076920764546603,8.704966911790226,9.547026122514666,4,9.076784486067593,After the historical event,Event not experienced
-0.5800000000000001,1,0,0,Phenotypic variance,20,14.587573912260497,14.549456504097064,14.202899045870005,14.982999309144162,9.580140053179798,14.587573912260497,After the historical event,Event not experienced
-0.5800000000000001,1,1,1,Additive genetic variance,20,5.077176789479094,5.0993914487325025,3.707551907584061,6.626322103144856,4.9679851779380355,5.077176789479094,After the historical event,Event experienced
-0.5800000000000001,1,1,1,Nuclear-family environmental variance,20,2.117042240892719,2.0623853767463127,1.6678098917051072,2.6124481153087142,2.25,2.117042240892719,After the historical event,Event experienced
-0.5800000000000001,1,1,1,Nonshared environmental variance,20,9.050783356200547,9.086116410879058,8.328783228418711,9.852428156243391,4,9.050783356200547,After the historical event,Event experienced
-0.5800000000000001,1,1,1,Phenotypic variance,20,16.245002386572363,16.323974164691755,15.105079127049663,17.461563186027625,11.217985177938036,16.245002386572363,After the historical event,Event experienced
-0.56,0,0,0,Additive genetic variance,20,3.3898282750277047,3.28750170717377,3.0462103216955163,3.920130232465481,3.358768406579237,3.3898282750277047,Before the historical event,Event not experienced
-0.56,0,0,0,Nuclear-family environmental variance,20,2.1492444765849203,2.0808581965882844,1.8578052578447397,2.5647241548225574,2.25,2.1492444765849203,Before the historical event,Event not experienced
-0.56,0,0,0,Nonshared environmental variance,20,9.076929738359748,9.076341539510448,8.71236165543756,9.54128066154571,4,9.076929738359748,Before the historical event,Event not experienced
-0.56,0,0,0,Phenotypic variance,20,14.616002489972374,14.5794566542088,14.23245278208179,15.012628599986517,9.608768406579237,14.616002489972374,Before the historical event,Event not experienced
-0.56,0,1,0,Additive genetic variance,20,3.3898282750277047,3.28750170717377,3.0462103216955163,3.920130232465481,3.358768406579237,3.3898282750277047,Before the historical event,Event experienced
-0.56,0,1,0,Nuclear-family environmental variance,20,2.1492444765849203,2.0808581965882844,1.8578052578447397,2.5647241548225574,2.25,2.1492444765849203,Before the historical event,Event experienced
-0.56,0,1,0,Nonshared environmental variance,20,9.076929738359748,9.076341539510448,8.71236165543756,9.54128066154571,4,9.076929738359748,Before the historical event,Event experienced
-0.56,0,1,0,Phenotypic variance,20,14.616002489972374,14.5794566542088,14.23245278208179,15.012628599986517,9.608768406579237,14.616002489972374,Before the historical event,Event experienced
-0.56,1,0,0,Additive genetic variance,20,3.3898282750277047,3.28750170717377,3.0462103216955163,3.920130232465481,3.358768406579237,3.3898282750277047,After the historical event,Event not experienced
-0.56,1,0,0,Nuclear-family environmental variance,20,2.1492444765849203,2.0808581965882844,1.8578052578447397,2.5647241548225574,2.25,2.1492444765849203,After the historical event,Event not experienced
-0.56,1,0,0,Nonshared environmental variance,20,9.076929738359748,9.076341539510448,8.71236165543756,9.54128066154571,4,9.076929738359748,After the historical event,Event not experienced
-0.56,1,0,0,Phenotypic variance,20,14.616002489972374,14.5794566542088,14.23245278208179,15.012628599986517,9.608768406579237,14.616002489972374,After the historical event,Event not experienced
-0.56,1,1,1,Additive genetic variance,20,5.118808596196286,5.145070131406177,3.7430210598391986,6.685250910922823,5.010693662592122,5.118808596196286,After the historical event,Event experienced
-0.56,1,1,1,Nuclear-family environmental variance,20,2.117744718491514,2.064464273826342,1.6728903364168548,2.6078359510458338,2.25,2.117744718491514,After the historical event,Event experienced
-0.56,1,1,1,Nonshared environmental variance,20,9.050875995542148,9.086951492578102,8.334493125009791,9.848235540276722,4,9.050875995542148,After the historical event,Event experienced
-0.56,1,1,1,Phenotypic variance,20,16.287429310229946,16.35967602203922,15.14254140211549,17.52086635169214,11.260693662592121,16.287429310229946,After the historical event,Event experienced
-0.54,0,0,0,Additive genetic variance,20,3.4171078411993365,3.3153302870733947,3.070532760425868,3.9497131550383324,3.387100891034402,3.4171078411993365,Before the historical event,Event not experienced
-0.54,0,0,0,Nuclear-family environmental variance,20,2.1499500660701174,2.0800931735970916,1.8601914923498797,2.5604784488439534,2.25,2.1499500660701174,Before the historical event,Event not experienced
-0.54,0,0,0,Nonshared environmental variance,20,9.077068746833609,9.075755934273019,8.719696066397242,9.535566370810525,4,9.077068746833609,Before the historical event,Event not experienced
-0.54,0,0,0,Phenotypic variance,20,14.644126654103061,14.609191744485152,14.261822769422992,15.041917884220338,9.637100891034402,14.644126654103061,Before the historical event,Event not experienced
-0.54,0,1,0,Additive genetic variance,20,3.4171078411993365,3.3153302870733947,3.070532760425868,3.9497131550383324,3.387100891034402,3.4171078411993365,Before the historical event,Event experienced
-0.54,0,1,0,Nuclear-family environmental variance,20,2.1499500660701174,2.0800931735970916,1.8601914923498797,2.5604784488439534,2.25,2.1499500660701174,Before the historical event,Event experienced
-0.54,0,1,0,Nonshared environmental variance,20,9.077068746833609,9.075755934273019,8.719696066397242,9.535566370810525,4,9.077068746833609,Before the historical event,Event experienced
-0.54,0,1,0,Phenotypic variance,20,14.644126654103061,14.609191744485152,14.261822769422992,15.041917884220338,9.637100891034402,14.644126654103061,Before the historical event,Event experienced
-0.54,1,0,0,Additive genetic variance,20,3.4171078411993365,3.3153302870733947,3.070532760425868,3.9497131550383324,3.387100891034402,3.4171078411993365,After the historical event,Event not experienced
-0.54,1,0,0,Nuclear-family environmental variance,20,2.1499500660701174,2.0800931735970916,1.8601914923498797,2.5604784488439534,2.25,2.1499500660701174,After the historical event,Event not experienced
-0.54,1,0,0,Nonshared environmental variance,20,9.077068746833609,9.075755934273019,8.719696066397242,9.535566370810525,4,9.077068746833609,After the historical event,Event not experienced
-0.54,1,0,0,Phenotypic variance,20,14.644126654103061,14.609191744485152,14.261822769422992,15.041917884220338,9.637100891034402,14.644126654103061,After the historical event,Event not experienced
-0.54,1,1,1,Additive genetic variance,20,5.15998161710546,5.190295946261586,3.7782193521054968,6.743508513514323,5.052960762647874,5.15998161710546,After the historical event,Event experienced
-0.54,1,1,1,Nuclear-family environmental variance,20,2.118451459694288,2.066346680960621,1.6779577474342957,2.60485636511052,2.25,2.118451459694288,After the historical event,Event experienced
-0.54,1,1,1,Nonshared environmental variance,20,9.050962633335407,9.087763916775074,8.340163108750799,9.84406139774924,4,9.050962633335407,After the historical event,Event experienced
-0.54,1,1,1,Phenotypic variance,20,16.329395710135156,16.394857268797693,15.179765806421312,17.579511173337668,11.302960762647874,16.329395710135156,After the historical event,Event experienced
-0.52,0,0,0,Additive genetic variance,20,3.4440732571498622,3.342872649866818,3.093977298785085,3.978869434266194,3.4151259068726825,3.4440732571498622,Before the historical event,Event not experienced
-0.52,0,0,0,Nuclear-family environmental variance,20,2.150660326150563,2.079628231082525,1.862582268738132,2.5562690480909565,2.25,2.150660326150563,Before the historical event,Event not experienced
-0.52,0,0,0,Nonshared environmental variance,20,9.077201461107716,9.075163929071042,8.726969981728615,9.52988319872455,4,9.077201461107716,Before the historical event,Event not experienced
-0.52,0,0,0,Phenotypic variance,20,14.671935044408142,14.638650010223474,14.290997200191914,15.070853724789615,9.665125906872682,14.671935044408142,Before the historical event,Event not experienced
-0.52,0,1,0,Additive genetic variance,20,3.4440732571498622,3.342872649866818,3.093977298785085,3.978869434266194,3.4151259068726825,3.4440732571498622,Before the historical event,Event experienced
-0.52,0,1,0,Nuclear-family environmental variance,20,2.150660326150563,2.079628231082525,1.862582268738132,2.5562690480909565,2.25,2.150660326150563,Before the historical event,Event experienced
-0.52,0,1,0,Nonshared environmental variance,20,9.077201461107716,9.075163929071042,8.726969981728615,9.52988319872455,4,9.077201461107716,Before the historical event,Event experienced
-0.52,0,1,0,Phenotypic variance,20,14.671935044408142,14.638650010223474,14.290997200191914,15.070853724789615,9.665125906872682,14.671935044408142,Before the historical event,Event experienced
-0.52,1,0,0,Additive genetic variance,20,3.4440732571498622,3.342872649866818,3.093977298785085,3.978869434266194,3.4151259068726825,3.4440732571498622,After the historical event,Event not experienced
-0.52,1,0,0,Nuclear-family environmental variance,20,2.150660326150563,2.079628231082525,1.862582268738132,2.5562690480909565,2.25,2.150660326150563,After the historical event,Event not experienced
-0.52,1,0,0,Nonshared environmental variance,20,9.077201461107716,9.075163929071042,8.726969981728615,9.52988319872455,4,9.077201461107716,After the historical event,Event not experienced
-0.52,1,0,0,Phenotypic variance,20,14.671935044408142,14.638650010223474,14.290997200191914,15.070853724789615,9.665125906872682,14.671935044408142,After the historical event,Event not experienced
-0.52,1,1,1,Additive genetic variance,20,5.200678947568794,5.235049356979765,3.8131325402983656,6.80106833774531,5.09476917342721,5.200678947568794,After the historical event,Event experienced
-0.52,1,1,1,Nuclear-family environmental variance,20,2.1191623321088096,2.068221657383461,1.6830119086047255,2.6046654169224155,2.25,2.1191623321088096,After the historical event,Event experienced
-0.52,1,1,1,Nonshared environmental variance,20,9.051043219534892,9.088553673976847,8.345793081390388,9.839905705175806,4,9.051043219534892,After the historical event,Event experienced
-0.52,1,1,1,Phenotypic variance,20,16.370884499212494,16.429505488655273,15.216737624848081,17.637470975175834,11.34476917342721,16.370884499212494,After the historical event,Event experienced
-0.5,0,0,0,Additive genetic variance,20,3.4707134018922754,3.370117707831743,3.117133956417096,4.007586197229764,3.442831905700231,3.4707134018922754,Before the historical event,Event not experienced
-0.5,0,0,0,Nuclear-family environmental variance,20,2.1513751243544927,2.0803147203634262,1.864977509901202,2.552095793402801,2.25,2.1513751243544927,Before the historical event,Event not experienced
-0.5,0,0,0,Nonshared environmental variance,20,9.07732783122479,9.074565504345436,8.73418323974327,9.524231094027197,4,9.07732783122479,Before the historical event,Event not experienced
-0.5,0,0,0,Phenotypic variance,20,14.69941635747156,14.667819706126705,14.319964248410013,15.099422752676627,9.692831905700231,14.69941635747156,Before the historical event,Event not experienced
-0.5,0,1,0,Additive genetic variance,20,3.4707134018922754,3.370117707831743,3.117133956417096,4.007586197229764,3.442831905700231,3.4707134018922754,Before the historical event,Event experienced
-0.5,0,1,0,Nuclear-family environmental variance,20,2.1513751243544927,2.0803147203634262,1.864977509901202,2.552095793402801,2.25,2.1513751243544927,Before the historical event,Event experienced
-0.5,0,1,0,Nonshared environmental variance,20,9.07732783122479,9.074565504345436,8.73418323974327,9.524231094027197,4,9.07732783122479,Before the historical event,Event experienced
-0.5,0,1,0,Phenotypic variance,20,14.69941635747156,14.667819706126705,14.319964248410013,15.099422752676627,9.692831905700231,14.69941635747156,Before the historical event,Event experienced
-0.5,1,0,0,Additive genetic variance,20,3.4707134018922754,3.370117707831743,3.117133956417096,4.007586197229764,3.442831905700231,3.4707134018922754,After the historical event,Event not experienced
-0.5,1,0,0,Nuclear-family environmental variance,20,2.1513751243544927,2.0803147203634262,1.864977509901202,2.552095793402801,2.25,2.1513751243544927,After the historical event,Event not experienced
-0.5,1,0,0,Nonshared environmental variance,20,9.07732783122479,9.074565504345436,8.73418323974327,9.524231094027197,4,9.07732783122479,After the historical event,Event not experienced
-0.5,1,0,0,Phenotypic variance,20,14.69941635747156,14.667819706126705,14.319964248410013,15.099422752676627,9.692831905700231,14.69941635747156,After the historical event,Event not experienced
-0.5,1,1,1,Additive genetic variance,20,5.24088376773432,5.279310889956161,3.8472440066987454,6.857903954429462,5.136101666750965,5.24088376773432,After the historical event,Event experienced
-0.5,1,1,1,Nuclear-family environmental variance,20,2.119877204115038,2.0700891489448745,1.6880526039022214,2.6044720551049085,2.25,2.119877204115038,After the historical event,Event experienced
-0.5,1,1,1,Nonshared environmental variance,20,9.051117704516592,9.089320754879886,8.3513371282961,9.835768439179386,4,9.051117704516592,After the historical event,Event experienced
-0.5,1,1,1,Phenotypic variance,20,16.41187867636595,16.46360840492232,15.250379011344636,17.694719222918337,11.386101666750964,16.41187867636595,After the historical event,Event experienced
-0.48,0,0,0,Additive genetic variance,20,3.4970172176930925,3.39705442293112,3.1399936326069575,4.035850692444356,3.4702073982468367,3.4970172176930925,Before the historical event,Event not experienced
-0.48,0,0,0,Nuclear-family environmental variance,20,2.152094328994616,2.081962728665126,1.867377138837627,2.547958527284016,2.25,2.152094328994616,Before the historical event,Event not experienced
-0.48,0,0,0,Nonshared environmental variance,20,9.077447807652423,9.073960640741372,8.74133568001105,9.51861000578099,4,9.077447807652423,Before the historical event,Event not experienced
-0.48,0,0,0,Phenotypic variance,20,14.726559354340132,14.696689114097905,14.348712077341975,15.127611676734684,9.720207398246837,14.726559354340132,Before the historical event,Event not experienced
-0.48,0,1,0,Additive genetic variance,20,3.4970172176930925,3.39705442293112,3.1399936326069575,4.035850692444356,3.4702073982468367,3.4970172176930925,Before the historical event,Event experienced
-0.48,0,1,0,Nuclear-family environmental variance,20,2.152094328994616,2.081962728665126,1.867377138837627,2.547958527284016,2.25,2.152094328994616,Before the historical event,Event experienced
-0.48,0,1,0,Nonshared environmental variance,20,9.077447807652423,9.073960640741372,8.74133568001105,9.51861000578099,4,9.077447807652423,Before the historical event,Event experienced
-0.48,0,1,0,Phenotypic variance,20,14.726559354340132,14.696689114097905,14.348712077341975,15.127611676734684,9.720207398246837,14.726559354340132,Before the historical event,Event experienced
-0.48,1,0,0,Additive genetic variance,20,3.4970172176930925,3.39705442293112,3.1399936326069575,4.035850692444356,3.4702073982468367,3.4970172176930925,After the historical event,Event not experienced
-0.48,1,0,0,Nuclear-family environmental variance,20,2.152094328994616,2.081962728665126,1.867377138837627,2.547958527284016,2.25,2.152094328994616,After the historical event,Event not experienced
-0.48,1,0,0,Nonshared environmental variance,20,9.077447807652423,9.073960640741372,8.74133568001105,9.51861000578099,4,9.077447807652423,After the historical event,Event not experienced
-0.48,1,0,0,Phenotypic variance,20,14.726559354340132,14.696689114097905,14.348712077341975,15.127611676734684,9.720207398246837,14.726559354340132,After the historical event,Event not experienced
-0.48,1,1,1,Additive genetic variance,20,5.280579354104234,5.321503209441994,3.8808155020972235,6.9139890984096475,5.176941102642087,5.280579354104234,After the historical event,Event experienced
-0.48,1,1,1,Nuclear-family environmental variance,20,2.120595944869699,2.0719491018454264,1.6930796174446163,2.604276131665787,2.25,2.120595944869699,After the historical event,Event experienced
-0.48,1,1,1,Nonshared environmental variance,20,9.051186039078623,9.09006515037042,8.356709827238411,9.831649576490832,4,9.051186039078623,After the historical event,Event experienced
-0.48,1,1,1,Phenotypic variance,20,16.452361338052558,16.497153887967613,15.282749758708533,17.751229543710565,11.426941102642086,16.452361338052558,After the historical event,Event experienced
-0.45999999999999996,0,0,0,Additive genetic variance,20,3.52297371771637,3.423671814275955,3.162547293585246,4.0636502992908135,3.497240962227585,3.52297371771637,Before the historical event,Event not experienced
-0.45999999999999996,0,0,0,Nuclear-family environmental variance,20,2.152817809172415,2.083608575309963,1.8697810786555964,2.54385709389326,2.25,2.152817809172415,Before the historical event,Event not experienced
-0.45999999999999996,0,0,0,Nonshared environmental variance,20,9.077561341283785,9.073349319108411,8.74842714336598,9.513019883370747,4,9.077561341283785,Before the historical event,Event not experienced
-0.45999999999999996,0,0,0,Phenotypic variance,20,14.75335286817257,14.725246551087718,14.377228847103426,15.155407293544464,9.747240962227584,14.75335286817257,Before the historical event,Event not experienced
-0.45999999999999996,0,1,0,Additive genetic variance,20,3.52297371771637,3.423671814275955,3.162547293585246,4.0636502992908135,3.497240962227585,3.52297371771637,Before the historical event,Event experienced
-0.45999999999999996,0,1,0,Nuclear-family environmental variance,20,2.152817809172415,2.083608575309963,1.8697810786555964,2.54385709389326,2.25,2.152817809172415,Before the historical event,Event experienced
-0.45999999999999996,0,1,0,Nonshared environmental variance,20,9.077561341283785,9.073349319108411,8.74842714336598,9.513019883370747,4,9.077561341283785,Before the historical event,Event experienced
-0.45999999999999996,0,1,0,Phenotypic variance,20,14.75335286817257,14.725246551087718,14.377228847103426,15.155407293544464,9.747240962227584,14.75335286817257,Before the historical event,Event experienced
-0.45999999999999996,1,0,0,Additive genetic variance,20,3.52297371771637,3.423671814275955,3.162547293585246,4.0636502992908135,3.497240962227585,3.52297371771637,After the historical event,Event not experienced
-0.45999999999999996,1,0,0,Nuclear-family environmental variance,20,2.152817809172415,2.083608575309963,1.8697810786555964,2.54385709389326,2.25,2.152817809172415,After the historical event,Event not experienced
-0.45999999999999996,1,0,0,Nonshared environmental variance,20,9.077561341283785,9.073349319108411,8.74842714336598,9.513019883370747,4,9.077561341283785,After the historical event,Event not experienced
-0.45999999999999996,1,0,0,Phenotypic variance,20,14.75335286817257,14.725246551087718,14.377228847103426,15.155407293544464,9.747240962227584,14.75335286817257,After the historical event,Event not experienced
-0.45999999999999996,1,1,1,Additive genetic variance,20,5.3197490911246,5.362467501469197,3.914051643475532,6.9692976886219045,5.217270441053832,5.3197490911246,After the historical event,Event experienced
-0.45999999999999996,1,1,1,Nuclear-family environmental variance,20,2.1213184243109073,2.0738014626396097,1.6980927335105087,2.604077499662413,2.25,2.1213184243109073,After the historical event,Event experienced
-0.45999999999999996,1,1,1,Nonshared environmental variance,20,9.051248174441904,9.09078685152462,8.362043757523637,9.827549093948647,4,9.051248174441904,After the historical event,Event experienced
-0.45999999999999996,1,1,1,Phenotypic variance,20,16.49231568987741,16.530129962603787,15.314808804121515,17.806975746090934,11.46727044105383,16.49231568987741,After the historical event,Event experienced
-0.43999999999999995,0,0,0,Additive genetic variance,20,3.548571993674815,3.449958965603173,3.1846384858144035,4.090972537408355,3.5239212502138657,3.548571993674815,Before the historical event,Event not experienced
-0.43999999999999995,0,0,0,Nuclear-family environmental variance,20,2.153545434782498,2.0852522422116433,1.8721892525758008,2.539791339032303,2.25,2.153545434782498,Before the historical event,Event not experienced
-0.43999999999999995,0,0,0,Nonshared environmental variance,20,9.077668383438322,9.07273152050055,8.755457471912216,9.508046178362555,4,9.077668383438322,Before the historical event,Event not experienced
-0.43999999999999995,0,0,0,Phenotypic variance,20,14.779785811895636,14.753480376987362,14.40550272234955,15.182796497283672,9.773921250213865,14.779785811895636,Before the historical event,Event not experienced
-0.43999999999999995,0,1,0,Additive genetic variance,20,3.548571993674815,3.449958965603173,3.1846384858144035,4.090972537408355,3.5239212502138657,3.548571993674815,Before the historical event,Event experienced
-0.43999999999999995,0,1,0,Nuclear-family environmental variance,20,2.153545434782498,2.0852522422116433,1.8721892525758008,2.539791339032303,2.25,2.153545434782498,Before the historical event,Event experienced
-0.43999999999999995,0,1,0,Nonshared environmental variance,20,9.077668383438322,9.07273152050055,8.755457471912216,9.508046178362555,4,9.077668383438322,Before the historical event,Event experienced
-0.43999999999999995,0,1,0,Phenotypic variance,20,14.779785811895636,14.753480376987362,14.40550272234955,15.182796497283672,9.773921250213865,14.779785811895636,Before the historical event,Event experienced
-0.43999999999999995,1,0,0,Additive genetic variance,20,3.548571993674815,3.449958965603173,3.1846384858144035,4.090972537408355,3.5239212502138657,3.548571993674815,After the historical event,Event not experienced
-0.43999999999999995,1,0,0,Nuclear-family environmental variance,20,2.153545434782498,2.0852522422116433,1.8721892525758008,2.539791339032303,2.25,2.153545434782498,After the historical event,Event not experienced
-0.43999999999999995,1,0,0,Nonshared environmental variance,20,9.077668383438322,9.07273152050055,8.755457471912216,9.508046178362555,4,9.077668383438322,After the historical event,Event not experienced
-0.43999999999999995,1,0,0,Phenotypic variance,20,14.779785811895636,14.753480376987362,14.40550272234955,15.182796497283672,9.773921250213865,14.779785811895636,After the historical event,Event not experienced
-0.43999999999999995,1,1,1,Additive genetic variance,20,5.358376482785237,5.402863401704019,3.9469385706787685,7.023803848160663,5.257072753611949,5.358376482785237,After the historical event,Event experienced
-0.43999999999999995,1,1,1,Nuclear-family environmental variance,20,2.1220445131628254,2.0756461782392055,1.7030917365562992,2.603876013206828,2.25,2.1220445131628254,After the historical event,Event experienced
-0.43999999999999995,1,1,1,Nonshared environmental variance,20,9.051304062250848,9.09148584960874,8.367338829465334,9.82346696849877,4,9.051304062250848,After the historical event,Event experienced
-0.43999999999999995,1,1,1,Phenotypic variance,20,16.53172505819891,16.56252481541554,15.346541906666307,17.861931839955044,11.507072753611949,16.53172505819891,After the historical event,Event experienced
-0.41999999999999993,0,0,0,Additive genetic variance,20,3.5738012234805607,3.4759050327614327,3.2063919651983475,4.117805076039579,3.550236997506218,3.5738012234805607,Before the historical event,Event not experienced
-0.41999999999999993,0,0,0,Nuclear-family environmental variance,20,2.1542770765169874,2.087561020485885,1.8746015839342984,2.5357611101351285,2.25,2.1542770765169874,Before the historical event,Event not experienced
-0.41999999999999993,0,0,0,Nonshared environmental variance,20,9.07776888586245,9.072107226176339,8.762426509029861,9.505279182470268,4,9.07776888586245,Before the historical event,Event not experienced
-0.41999999999999993,0,0,0,Phenotypic variance,20,14.80584718586,14.7813790025598,14.433521880037807,15.20976628959978,9.800236997506218,14.80584718586,Before the historical event,Event not experienced
-0.41999999999999993,0,1,0,Additive genetic variance,20,3.5738012234805607,3.4759050327614327,3.2063919651983475,4.117805076039579,3.550236997506218,3.5738012234805607,Before the historical event,Event experienced
-0.41999999999999993,0,1,0,Nuclear-family environmental variance,20,2.1542770765169874,2.087561020485885,1.8746015839342984,2.5357611101351285,2.25,2.1542770765169874,Before the historical event,Event experienced
-0.41999999999999993,0,1,0,Nonshared environmental variance,20,9.07776888586245,9.072107226176339,8.762426509029861,9.505279182470268,4,9.07776888586245,Before the historical event,Event experienced
-0.41999999999999993,0,1,0,Phenotypic variance,20,14.80584718586,14.7813790025598,14.433521880037807,15.20976628959978,9.800236997506218,14.80584718586,Before the historical event,Event experienced
-0.41999999999999993,1,0,0,Additive genetic variance,20,3.5738012234805607,3.4759050327614327,3.2063919651983475,4.117805076039579,3.550236997506218,3.5738012234805607,After the historical event,Event not experienced
-0.41999999999999993,1,0,0,Nuclear-family environmental variance,20,2.1542770765169874,2.087561020485885,1.8746015839342984,2.5357611101351285,2.25,2.1542770765169874,After the historical event,Event not experienced
-0.41999999999999993,1,0,0,Nonshared environmental variance,20,9.07776888586245,9.072107226176339,8.762426509029861,9.505279182470268,4,9.07776888586245,After the historical event,Event not experienced
-0.41999999999999993,1,0,0,Phenotypic variance,20,14.80584718586,14.7813790025598,14.433521880037807,15.20976628959978,9.800236997506218,14.80584718586,After the historical event,Event not experienced
-0.41999999999999993,1,1,1,Additive genetic variance,20,5.396445164218482,5.44267312273754,3.9794624697089622,7.077481924323793,5.296331235359564,5.396445164218482,After the historical event,Event experienced
-0.41999999999999993,1,1,1,Nuclear-family environmental variance,20,2.122774082940369,2.077483195916626,1.7080764112332605,2.6036715274708397,2.25,2.122774082940369,After the historical event,Event experienced
-0.41999999999999993,1,1,1,Nonshared environmental variance,20,9.051353654574033,9.092162136079294,8.372594953998803,9.819403177194353,4,9.051353654574033,After the historical event,Event experienced
-0.41999999999999993,1,1,1,Phenotypic variance,20,16.570572901732884,16.59432680202398,15.377934864771007,17.91607205650321,11.546331235359563,16.570572901732884,After the historical event,Event experienced
-0.3999999999999999,0,0,0,Additive genetic variance,20,3.5986506788881014,3.5014992511976817,3.2278095441624446,4.144135743317834,3.5761770300014284,3.5986506788881014,Before the historical event,Event not experienced
-0.3999999999999999,0,0,0,Nuclear-family environmental variance,20,2.15501260586996,2.0920205731247794,1.8770179961854034,2.53176625625718,2.25,2.15501260586996,Before the historical event,Event not experienced
-0.3999999999999999,0,0,0,Nonshared environmental variance,20,9.077862800730234,9.073010865964125,8.769334099380822,9.502519095693348,4,9.077862800730234,Before the historical event,Event not experienced
-0.3999999999999999,0,0,0,Phenotypic variance,20,14.831526085488296,14.808930897401392,14.461274517257763,15.236303789475429,9.826177030001428,14.831526085488296,Before the historical event,Event not experienced
-0.3999999999999999,0,1,0,Additive genetic variance,20,3.5986506788881014,3.5014992511976817,3.2278095441624446,4.144135743317834,3.5761770300014284,3.5986506788881014,Before the historical event,Event experienced
-0.3999999999999999,0,1,0,Nuclear-family environmental variance,20,2.15501260586996,2.0920205731247794,1.8770179961854034,2.53176625625718,2.25,2.15501260586996,Before the historical event,Event experienced
-0.3999999999999999,0,1,0,Nonshared environmental variance,20,9.077862800730234,9.073010865964125,8.769334099380822,9.502519095693348,4,9.077862800730234,Before the historical event,Event experienced
-0.3999999999999999,0,1,0,Phenotypic variance,20,14.831526085488296,14.808930897401392,14.461274517257763,15.236303789475429,9.826177030001428,14.831526085488296,Before the historical event,Event experienced
-0.3999999999999999,1,0,0,Additive genetic variance,20,3.5986506788881014,3.5014992511976817,3.2278095441624446,4.144135743317834,3.5761770300014284,3.5986506788881014,After the historical event,Event not experienced
-0.3999999999999999,1,0,0,Nuclear-family environmental variance,20,2.15501260586996,2.0920205731247794,1.8770179961854034,2.53176625625718,2.25,2.15501260586996,After the historical event,Event not experienced
-0.3999999999999999,1,0,0,Nonshared environmental variance,20,9.077862800730234,9.073010865964125,8.769334099380822,9.502519095693348,4,9.077862800730234,After the historical event,Event not experienced
-0.3999999999999999,1,0,0,Phenotypic variance,20,14.831526085488296,14.808930897401392,14.461274517257763,15.236303789475429,9.826177030001428,14.831526085488296,After the historical event,Event not experienced
-0.3999999999999999,1,1,1,Additive genetic variance,20,5.433938913285438,5.481879034185255,4.01160958223627,7.130306508615922,5.335029216493538,5.433938913285438,After the historical event,Event experienced
-0.3999999999999999,1,1,1,Nuclear-family environmental variance,20,2.123507005953946,2.0793124633082427,1.7130465424046282,2.603463898691076,2.25,2.123507005953946,After the historical event,Event experienced
-0.3999999999999999,1,1,1,Nonshared environmental variance,20,9.051396903904882,9.09281570258322,8.377812042683873,9.815357697195537,4,9.051396903904882,After the historical event,Event experienced
-0.3999999999999999,1,1,1,Phenotypic variance,20,16.608842823144265,16.625524454280672,15.40897352595231,17.969370868150214,11.585029216493538,16.608842823144265,After the historical event,Event experienced
-0.3799999999999999,0,0,0,Additive genetic variance,20,3.623109733121832,3.5267309434372085,3.248882545838611,4.169952535487157,3.6017302720462867,3.623109733121832,Before the historical event,Event not experienced
-0.3799999999999999,0,0,0,Nuclear-family environmental variance,20,2.155751895141921,2.0964621153924208,1.8794384129045971,2.527806628064737,2.25,2.155751895141921,Before the historical event,Event not experienced
-0.3799999999999999,0,0,0,Nonshared environmental variance,20,9.077950080644081,9.07442956147328,8.776180088914574,9.499765884725747,4,9.077950080644081,Before the historical event,Event not experienced
-0.3799999999999999,0,0,0,Phenotypic variance,20,14.856811708907834,14.83612459792645,14.488748859120957,15.262396243075921,9.851730272046286,14.856811708907834,Before the historical event,Event not experienced
-0.3799999999999999,0,1,0,Additive genetic variance,20,3.623109733121832,3.5267309434372085,3.248882545838611,4.169952535487157,3.6017302720462867,3.623109733121832,Before the historical event,Event experienced
-0.3799999999999999,0,1,0,Nuclear-family environmental variance,20,2.155751895141921,2.0964621153924208,1.8794384129045971,2.527806628064737,2.25,2.155751895141921,Before the historical event,Event experienced
-0.3799999999999999,0,1,0,Nonshared environmental variance,20,9.077950080644081,9.07442956147328,8.776180088914574,9.499765884725747,4,9.077950080644081,Before the historical event,Event experienced
-0.3799999999999999,0,1,0,Phenotypic variance,20,14.856811708907834,14.83612459792645,14.488748859120957,15.262396243075921,9.851730272046286,14.856811708907834,Before the historical event,Event experienced
-0.3799999999999999,1,0,0,Additive genetic variance,20,3.623109733121832,3.5267309434372085,3.248882545838611,4.169952535487157,3.6017302720462867,3.623109733121832,After the historical event,Event not experienced
-0.3799999999999999,1,0,0,Nuclear-family environmental variance,20,2.155751895141921,2.0964621153924208,1.8794384129045971,2.527806628064737,2.25,2.155751895141921,After the historical event,Event not experienced
-0.3799999999999999,1,0,0,Nonshared environmental variance,20,9.077950080644081,9.07442956147328,8.776180088914574,9.499765884725747,4,9.077950080644081,After the historical event,Event not experienced
-0.3799999999999999,1,0,0,Phenotypic variance,20,14.856811708907834,14.83612459792645,14.488748859120957,15.262396243075921,9.851730272046286,14.856811708907834,After the historical event,Event not experienced
-0.3799999999999999,1,1,1,Additive genetic variance,20,5.470841662138195,5.520463675760903,4.043366215152464,7.182252456688296,5.3731501740808625,5.470841662138195,After the historical event,Event experienced
-0.3799999999999999,1,1,1,Nuclear-family environmental variance,20,2.124243155314237,2.0811339284177035,1.7180019151627217,2.603252984174017,2.25,2.124243155314237,After the historical event,Event experienced
-0.3799999999999999,1,1,1,Nonshared environmental variance,20,9.05143376316233,9.093446540958006,8.382990007707697,9.811330505769238,4,9.05143376316233,After the historical event,Event experienced
-0.3799999999999999,1,1,1,Phenotypic variance,20,16.64651858061476,16.656106487384882,15.439643796610655,18.021803008375493,11.623150174080862,16.64651858061476,After the historical event,Event experienced
-0.3599999999999999,0,0,0,Additive genetic variance,20,3.6471678684805995,3.55158952654989,3.2696023921508948,4.195243626045008,3.6268857542703,3.6471678684805995,Before the historical event,Event not experienced
-0.3599999999999999,0,0,0,Nuclear-family environmental variance,20,2.1564948174443233,2.100885445988686,1.881862757791457,2.5238820778244224,2.25,2.1564948174443233,Before the historical event,Event not experienced
-0.3599999999999999,0,0,0,Nonshared environmental variance,20,9.078030678635406,9.075820743873908,8.781032862858705,9.497019516631642,4,9.078030678635406,Before the historical event,Event not experienced
-0.3599999999999999,0,0,0,Phenotypic variance,20,14.881693364560327,14.86294871536683,14.515798276467478,15.288031033568469,9.876885754270301,14.881693364560327,Before the historical event,Event not experienced
-0.3599999999999999,0,1,0,Additive genetic variance,20,3.6471678684805995,3.55158952654989,3.2696023921508948,4.195243626045008,3.6268857542703,3.6471678684805995,Before the historical event,Event experienced
-0.3599999999999999,0,1,0,Nuclear-family environmental variance,20,2.1564948174443233,2.100885445988686,1.881862757791457,2.5238820778244224,2.25,2.1564948174443233,Before the historical event,Event experienced
-0.3599999999999999,0,1,0,Nonshared environmental variance,20,9.078030678635406,9.075820743873908,8.781032862858705,9.497019516631642,4,9.078030678635406,Before the historical event,Event experienced
-0.3599999999999999,0,1,0,Phenotypic variance,20,14.881693364560327,14.86294871536683,14.515798276467478,15.288031033568469,9.876885754270301,14.881693364560327,Before the historical event,Event experienced
-0.3599999999999999,1,0,0,Additive genetic variance,20,3.6471678684805995,3.55158952654989,3.2696023921508948,4.195243626045008,3.6268857542703,3.6471678684805995,After the historical event,Event not experienced
-0.3599999999999999,1,0,0,Nuclear-family environmental variance,20,2.1564948174443233,2.100885445988686,1.881862757791457,2.5238820778244224,2.25,2.1564948174443233,After the historical event,Event not experienced
-0.3599999999999999,1,0,0,Nonshared environmental variance,20,9.078030678635406,9.075820743873908,8.781032862858705,9.497019516631642,4,9.078030678635406,After the historical event,Event not experienced
-0.3599999999999999,1,0,0,Phenotypic variance,20,14.881693364560327,14.86294871536683,14.515798276467478,15.288031033568469,9.876885754270301,14.881693364560327,After the historical event,Event not experienced
-0.3599999999999999,1,1,1,Additive genetic variance,20,5.507137508746516,5.558409770306547,4.074718750157634,7.233294908193492,5.410677743743721,5.507137508746516,After the historical event,Event experienced
-0.3599999999999999,1,1,1,Nuclear-family environmental variance,20,2.124982404937012,2.0829475396192256,1.7229423148460834,2.6030386423009957,2.25,2.124982404937012,After the historical event,Event experienced
-0.3599999999999999,1,1,1,Nonshared environmental variance,20,9.051464185691476,9.094054643231853,8.388128761887485,9.807321580288917,4,9.051464185691476,After the historical event,Event experienced
-0.3599999999999999,1,1,1,Phenotypic variance,20,16.683584099375004,16.686061806917472,15.469931651867928,18.073343491492402,11.66067774374372,16.683584099375004,After the historical event,Event experienced
-0.33999999999999986,0,0,0,Additive genetic variance,20,3.670814683911625,3.572246689271857,3.2899606096182694,4.219997374798019,3.6516326213896892,3.670814683911625,Before the historical event,Event not experienced
-0.33999999999999986,0,0,0,Nuclear-family environmental variance,20,2.157241246704121,2.1052903640480904,1.884290954672609,2.519992459392838,2.25,2.157241246704121,Before the historical event,Event not experienced
-0.33999999999999986,0,0,0,Nonshared environmental variance,20,9.078104548165312,9.077184399995929,8.783122897893424,9.4942799588448,4,9.078104548165312,Before the historical event,Event not experienced
-0.33999999999999986,0,0,0,Phenotypic variance,20,14.906160478781059,14.889391943778788,14.542402397611804,15.31319569090234,9.90163262138969,14.906160478781059,Before the historical event,Event not experienced
-0.33999999999999986,0,1,0,Additive genetic variance,20,3.670814683911625,3.572246689271857,3.2899606096182694,4.219997374798019,3.6516326213896892,3.670814683911625,Before the historical event,Event experienced
-0.33999999999999986,0,1,0,Nuclear-family environmental variance,20,2.157241246704121,2.1052903640480904,1.884290954672609,2.519992459392838,2.25,2.157241246704121,Before the historical event,Event experienced
-0.33999999999999986,0,1,0,Nonshared environmental variance,20,9.078104548165312,9.077184399995929,8.783122897893424,9.4942799588448,4,9.078104548165312,Before the historical event,Event experienced
-0.33999999999999986,0,1,0,Phenotypic variance,20,14.906160478781059,14.889391943778788,14.542402397611804,15.31319569090234,9.90163262138969,14.906160478781059,Before the historical event,Event experienced
-0.33999999999999986,1,0,0,Additive genetic variance,20,3.670814683911625,3.572246689271857,3.2899606096182694,4.219997374798019,3.6516326213896892,3.670814683911625,After the historical event,Event not experienced
-0.33999999999999986,1,0,0,Nuclear-family environmental variance,20,2.157241246704121,2.1052903640480904,1.884290954672609,2.519992459392838,2.25,2.157241246704121,After the historical event,Event not experienced
-0.33999999999999986,1,0,0,Nonshared environmental variance,20,9.078104548165312,9.077184399995929,8.783122897893424,9.4942799588448,4,9.078104548165312,After the historical event,Event not experienced
-0.33999999999999986,1,0,0,Phenotypic variance,20,14.906160478781059,14.889391943778788,14.542402397611804,15.31319569090234,9.90163262138969,14.906160478781059,After the historical event,Event not experienced
-0.33999999999999986,1,1,1,Additive genetic variance,20,5.5428107283773365,5.595700236765194,4.105653653370863,7.283409306533036,5.447595731301673,5.5428107283773365,After the historical event,Event experienced
-0.33999999999999986,1,1,1,Nuclear-family environmental variance,20,2.125724629547979,2.0847532456608793,1.7278675270566408,2.602820732533172,2.25,2.125724629547979,After the historical event,Event experienced
-0.33999999999999986,1,1,1,Nonshared environmental variance,20,9.05148812526427,9.09464000162384,8.393228218673269,9.803330898234385,4,9.05148812526427,After the historical event,Event experienced
-0.33999999999999986,1,1,1,Phenotypic variance,20,16.720023483189582,16.715379515785102,15.499823145438295,18.123967632314717,11.697595731301673,16.720023483189582,After the historical event,Event experienced
-0.31999999999999984,0,0,0,Additive genetic variance,20,3.694039902546148,3.590092468321733,3.309948835115578,4.244202336821036,3.6759601399749386,3.694039902546148,Before the historical event,Event not experienced
-0.31999999999999984,0,0,0,Nuclear-family environmental variance,20,2.157991057668365,2.1096766691575786,1.8867229275046982,2.516137628206332,2.25,2.157991057668365,Before the historical event,Event not experienced
-0.31999999999999984,0,0,0,Nonshared environmental variance,20,9.07817164312526,9.07852051692273,8.785205024157111,9.491547179167966,4,9.07817164312526,Before the historical event,Event not experienced
-0.31999999999999984,0,0,0,Phenotypic variance,20,14.930202603339776,14.915443068049036,14.56869015730895,15.337877901539365,9.925960139974938,14.930202603339776,Before the historical event,Event not experienced
-0.31999999999999984,0,1,0,Additive genetic variance,20,3.694039902546148,3.590092468321733,3.309948835115578,4.244202336821036,3.6759601399749386,3.694039902546148,Before the historical event,Event experienced
-0.31999999999999984,0,1,0,Nuclear-family environmental variance,20,2.157991057668365,2.1096766691575786,1.8867229275046982,2.516137628206332,2.25,2.157991057668365,Before the historical event,Event experienced
-0.31999999999999984,0,1,0,Nonshared environmental variance,20,9.07817164312526,9.07852051692273,8.785205024157111,9.491547179167966,4,9.07817164312526,Before the historical event,Event experienced
-0.31999999999999984,0,1,0,Phenotypic variance,20,14.930202603339776,14.915443068049036,14.56869015730895,15.337877901539365,9.925960139974938,14.930202603339776,Before the historical event,Event experienced
-0.31999999999999984,1,0,0,Additive genetic variance,20,3.694039902546148,3.590092468321733,3.309948835115578,4.244202336821036,3.6759601399749386,3.694039902546148,After the historical event,Event not experienced
-0.31999999999999984,1,0,0,Nuclear-family environmental variance,20,2.157991057668365,2.1096766691575786,1.8867229275046982,2.516137628206332,2.25,2.157991057668365,After the historical event,Event not experienced
-0.31999999999999984,1,0,0,Nonshared environmental variance,20,9.07817164312526,9.07852051692273,8.785205024157111,9.491547179167966,4,9.07817164312526,After the historical event,Event not experienced
-0.31999999999999984,1,0,0,Phenotypic variance,20,14.930202603339776,14.915443068049036,14.56869015730895,15.337877901539365,9.925960139974938,14.930202603339776,After the historical event,Event not experienced
-0.31999999999999984,1,1,1,Additive genetic variance,20,5.577845785015484,5.6323182030822885,4.136157484955563,7.332571418476196,5.483888124359475,5.577845785015484,After the historical event,Event experienced
-0.31999999999999984,1,1,1,Nuclear-family environmental variance,20,2.1264697046876675,2.086550995667851,1.7327773376768865,2.6025991154164725,2.25,2.1264697046876675,After the historical event,Event experienced
-0.31999999999999984,1,1,1,Nonshared environmental variance,20,9.051505536080134,9.09520260854405,8.398288292150593,9.799358437191561,4,9.051505536080134,After the historical event,Event experienced
-0.31999999999999984,1,1,1,Phenotypic variance,20,16.755821025783284,16.74404892106834,15.529304419522582,18.173651065698756,11.733888124359474,16.755821025783284,After the historical event,Event experienced
-0.2999999999999998,0,0,0,Additive genetic variance,20,3.7168333791891115,3.6075753490577815,3.3295588215871392,4.267847271309789,3.6998577061741567,3.7168333791891115,Before the historical event,Event not experienced
-0.2999999999999998,0,0,0,Nuclear-family environmental variance,20,2.1587441259088296,2.1124409730093627,1.8891586003773817,2.5123174412708966,2.25,2.1587441259088296,Before the historical event,Event not experienced
-0.2999999999999998,0,0,0,Nonshared environmental variance,20,9.078231917837726,9.07982908199137,8.787279143783898,9.488821145772278,4,9.078231917837726,Before the historical event,Event not experienced
-0.2999999999999998,0,0,0,Phenotypic variance,20,14.953809422935667,14.941090971892102,14.594650243494245,15.362065518124174,9.949857706174157,14.953809422935667,Before the historical event,Event not experienced
-0.2999999999999998,0,1,0,Additive genetic variance,20,3.7168333791891115,3.6075753490577815,3.3295588215871392,4.267847271309789,3.6998577061741567,3.7168333791891115,Before the historical event,Event experienced
-0.2999999999999998,0,1,0,Nuclear-family environmental variance,20,2.1587441259088296,2.1124409730093627,1.8891586003773817,2.5123174412708966,2.25,2.1587441259088296,Before the historical event,Event experienced
-0.2999999999999998,0,1,0,Nonshared environmental variance,20,9.078231917837726,9.07982908199137,8.787279143783898,9.488821145772278,4,9.078231917837726,Before the historical event,Event experienced
-0.2999999999999998,0,1,0,Phenotypic variance,20,14.953809422935667,14.941090971892102,14.594650243494245,15.362065518124174,9.949857706174157,14.953809422935667,Before the historical event,Event experienced
-0.2999999999999998,1,0,0,Additive genetic variance,20,3.7168333791891115,3.6075753490577815,3.3295588215871392,4.267847271309789,3.6998577061741567,3.7168333791891115,After the historical event,Event not experienced
-0.2999999999999998,1,0,0,Nuclear-family environmental variance,20,2.1587441259088296,2.1124409730093627,1.8891586003773817,2.5123174412708966,2.25,2.1587441259088296,After the historical event,Event not experienced
-0.2999999999999998,1,0,0,Nonshared environmental variance,20,9.078231917837726,9.07982908199137,8.787279143783898,9.488821145772278,4,9.078231917837726,After the historical event,Event not experienced
-0.2999999999999998,1,0,0,Phenotypic variance,20,14.953809422935667,14.941090971892102,14.594650243494245,15.362065518124174,9.949857706174157,14.953809422935667,After the historical event,Event not experienced
-0.2999999999999998,1,1,1,Additive genetic variance,20,5.612227342713925,5.668247019022355,4.166216908750002,7.380757353627989,5.5195391038289845,5.612227342713925,After the historical event,Event experienced
-0.2999999999999998,1,1,1,Nuclear-family environmental variance,20,2.1272175067163466,2.0883407391456945,1.7376715328870727,2.602373652586506,2.25,2.1272175067163466,After the historical event,Event experienced
-0.2999999999999998,1,1,1,Nonshared environmental variance,20,9.051516372766635,9.0957424565937135,8.403308897043248,9.795404174852269,4,9.051516372766635,After the historical event,Event experienced
-0.2999999999999998,1,1,1,Phenotypic variance,20,16.790961222196906,16.77205954076739,15.558361714716433,18.22236976593938,11.769539103828984,16.790961222196906,After the historical event,Event experienced
-0.2799999999999998,0,0,0,Additive genetic variance,20,3.7391851077552194,3.6311047330108774,3.348782443707581,4.290921150317537,3.723314853384518,3.7391851077552194,Before the historical event,Event not experienced
-0.2799999999999998,0,0,0,Nuclear-family environmental variance,20,2.1595003278266756,2.1145003954516657,1.8915978975163399,2.508531757152187,2.25,2.1595003278266756,Before the historical event,Event not experienced
-0.2799999999999998,0,0,0,Nonshared environmental variance,20,9.078285327056856,9.081107878029858,8.789345159938694,9.486101827196633,4,9.078285327056856,Before the historical event,Event not experienced
-0.2799999999999998,0,0,0,Phenotypic variance,20,14.97697076263875,14.966324645830797,14.620271414872747,15.385746569083357,9.973314853384519,14.97697076263875,Before the historical event,Event not experienced
-0.2799999999999998,0,1,0,Additive genetic variance,20,3.7391851077552194,3.6311047330108774,3.348782443707581,4.290921150317537,3.723314853384518,3.7391851077552194,Before the historical event,Event experienced
-0.2799999999999998,0,1,0,Nuclear-family environmental variance,20,2.1595003278266756,2.1145003954516657,1.8915978975163399,2.508531757152187,2.25,2.1595003278266756,Before the historical event,Event experienced
-0.2799999999999998,0,1,0,Nonshared environmental variance,20,9.078285327056856,9.081107878029858,8.789345159938694,9.486101827196633,4,9.078285327056856,Before the historical event,Event experienced
-0.2799999999999998,0,1,0,Phenotypic variance,20,14.97697076263875,14.966324645830797,14.620271414872747,15.385746569083357,9.973314853384519,14.97697076263875,Before the historical event,Event experienced
-0.2799999999999998,1,0,0,Additive genetic variance,20,3.7391851077552194,3.6311047330108774,3.348782443707581,4.290921150317537,3.723314853384518,3.7391851077552194,After the historical event,Event not experienced
-0.2799999999999998,1,0,0,Nuclear-family environmental variance,20,2.1595003278266756,2.1145003954516657,1.8915978975163399,2.508531757152187,2.25,2.1595003278266756,After the historical event,Event not experienced
-0.2799999999999998,1,0,0,Nonshared environmental variance,20,9.078285327056856,9.081107878029858,8.789345159938694,9.486101827196633,4,9.078285327056856,After the historical event,Event not experienced
-0.2799999999999998,1,0,0,Phenotypic variance,20,14.97697076263875,14.966324645830797,14.620271414872747,15.385746569083357,9.973314853384519,14.97697076263875,After the historical event,Event not experienced
-0.2799999999999998,1,1,1,Additive genetic variance,20,5.645940276861893,5.703470268887065,4.195818701893531,7.4279435837246695,5.554533055373609,5.645940276861893,After the historical event,Event experienced
-0.2799999999999998,1,1,1,Nuclear-family environmental variance,20,2.1279679128189684,2.090122425983558,1.7417989998647232,2.602144206773441,2.25,2.1279679128189684,After the historical event,Event experienced
-0.2799999999999998,1,1,1,Nonshared environmental variance,20,9.05152059038012,9.096259538565345,8.408289948715936,9.791468089014021,4,9.05152059038012,After the historical event,Event experienced
-0.2799999999999998,1,1,1,Phenotypic variance,20,16.82542878006098,16.800919844593672,15.586981379922507,18.270100065998253,11.804533055373609,16.82542878006098,After the historical event,Event experienced
-0.2599999999999998,0,0,0,Additive genetic variance,20,3.7610852286436884,3.654312579838468,3.367611703484454,4.313413167366198,3.7463212598640445,3.7610852286436884,Before the historical event,Event not experienced
-0.2599999999999998,0,0,0,Nuclear-family environmental variance,20,2.160259540657145,2.1165554431052267,1.894040743286309,2.5047804359656674,2.25,2.160259540657145,Before the historical event,Event not experienced
-0.2599999999999998,0,0,0,Nonshared environmental variance,20,9.078331825969125,9.080883070563711,8.79140297681925,9.483389192347094,4,9.078331825969125,Before the historical event,Event not experienced
-0.2599999999999998,0,0,0,Phenotypic variance,20,14.999676595269959,14.991133195151807,14.645542508766535,15.408909268142907,9.996321259864045,14.999676595269959,Before the historical event,Event not experienced
-0.2599999999999998,0,1,0,Additive genetic variance,20,3.7610852286436884,3.654312579838468,3.367611703484454,4.313413167366198,3.7463212598640445,3.7610852286436884,Before the historical event,Event experienced
-0.2599999999999998,0,1,0,Nuclear-family environmental variance,20,2.160259540657145,2.1165554431052267,1.894040743286309,2.5047804359656674,2.25,2.160259540657145,Before the historical event,Event experienced
-0.2599999999999998,0,1,0,Nonshared environmental variance,20,9.078331825969125,9.080883070563711,8.79140297681925,9.483389192347094,4,9.078331825969125,Before the historical event,Event experienced
-0.2599999999999998,0,1,0,Phenotypic variance,20,14.999676595269959,14.991133195151807,14.645542508766535,15.408909268142907,9.996321259864045,14.999676595269959,Before the historical event,Event experienced
-0.2599999999999998,1,0,0,Additive genetic variance,20,3.7610852286436884,3.654312579838468,3.367611703484454,4.313413167366198,3.7463212598640445,3.7610852286436884,After the historical event,Event not experienced
-0.2599999999999998,1,0,0,Nuclear-family environmental variance,20,2.160259540657145,2.1165554431052267,1.894040743286309,2.5047804359656674,2.25,2.160259540657145,After the historical event,Event not experienced
-0.2599999999999998,1,0,0,Nonshared environmental variance,20,9.078331825969125,9.080883070563711,8.79140297681925,9.483389192347094,4,9.078331825969125,After the historical event,Event not experienced
-0.2599999999999998,1,0,0,Phenotypic variance,20,14.999676595269959,14.991133195151807,14.645542508766535,15.408909268142907,9.996321259864045,14.999676595269959,After the historical event,Event not experienced
-0.2599999999999998,1,1,1,Additive genetic variance,20,5.678969685359237,5.738168603662643,4.2249497644388665,7.474106961734877,5.588854580763741,5.678969685359237,After the historical event,Event experienced
-0.2599999999999998,1,1,1,Nuclear-family environmental variance,20,2.1287208010101453,2.0918960064573984,1.7447757297166038,2.6019106418068505,2.25,2.1287208010101453,After the historical event,Event experienced
-0.2599999999999998,1,1,1,Nonshared environmental variance,20,9.051518144406353,9.096753847442907,8.41323136317693,9.787550157579815,4,9.051518144406353,After the historical event,Event experienced
-0.2599999999999998,1,1,1,Phenotypic variance,20,16.859208630775736,16.83207704613355,15.61514988225672,18.316818676542653,11.83885458076374,16.859208630775736,After the historical event,Event experienced
-0.23999999999999977,0,0,0,Additive genetic variance,20,3.782524036044044,3.6770759485713453,3.3860387357972477,4.335525624053579,3.768866756276016,3.782524036044044,Before the historical event,Event not experienced
-0.23999999999999977,0,0,0,Nuclear-family environmental variance,20,2.161021642474292,2.1186060956110544,1.8964870621941312,2.5010633393668904,2.25,2.161021642474292,Before the historical event,Event not experienced
-0.23999999999999977,0,0,0,Nonshared environmental variance,20,9.078371370193985,9.078729684469279,8.79345249965815,9.480683210496302,4,9.078371370193985,Before the historical event,Event not experienced
-0.23999999999999977,0,0,0,Phenotypic variance,20,15.021917048712321,15.015505847828093,14.67045244896443,15.431542023753302,10.018866756276015,15.021917048712321,Before the historical event,Event not experienced
-0.23999999999999977,0,1,0,Additive genetic variance,20,3.782524036044044,3.6770759485713453,3.3860387357972477,4.335525624053579,3.768866756276016,3.782524036044044,Before the historical event,Event experienced
-0.23999999999999977,0,1,0,Nuclear-family environmental variance,20,2.161021642474292,2.1186060956110544,1.8964870621941312,2.5010633393668904,2.25,2.161021642474292,Before the historical event,Event experienced
-0.23999999999999977,0,1,0,Nonshared environmental variance,20,9.078371370193985,9.078729684469279,8.79345249965815,9.480683210496302,4,9.078371370193985,Before the historical event,Event experienced
-0.23999999999999977,0,1,0,Phenotypic variance,20,15.021917048712321,15.015505847828093,14.67045244896443,15.431542023753302,10.018866756276015,15.021917048712321,Before the historical event,Event experienced
-0.23999999999999977,1,0,0,Additive genetic variance,20,3.782524036044044,3.6770759485713453,3.3860387357972477,4.335525624053579,3.768866756276016,3.782524036044044,After the historical event,Event not experienced
-0.23999999999999977,1,0,0,Nuclear-family environmental variance,20,2.161021642474292,2.1186060956110544,1.8964870621941312,2.5010633393668904,2.25,2.161021642474292,After the historical event,Event not experienced
-0.23999999999999977,1,0,0,Nonshared environmental variance,20,9.078371370193985,9.078729684469279,8.79345249965815,9.480683210496302,4,9.078371370193985,After the historical event,Event not experienced
-0.23999999999999977,1,0,0,Phenotypic variance,20,15.021917048712321,15.015505847828093,14.67045244896443,15.431542023753302,10.018866756276015,15.021917048712321,After the historical event,Event not experienced
-0.23999999999999977,1,1,1,Additive genetic variance,20,5.71130089968535,5.773631344691426,4.253597128940775,7.519224740744852,5.622488509131704,5.71130089968535,After the historical event,Event experienced
-0.23999999999999977,1,1,1,Nuclear-family environmental variance,20,2.129476050139152,2.093661431233181,1.7477486656115984,2.6016728226205306,2.25,2.129476050139152,After the historical event,Event experienced
-0.23999999999999977,1,1,1,Nonshared environmental variance,20,9.051508990761155,9.097225376401894,8.41813305708073,9.783650358557903,4,9.051508990761155,After the historical event,Event experienced
-0.23999999999999977,1,1,1,Phenotypic variance,20,16.89228594058566,16.862535503747132,15.642853816938644,18.362502704773444,11.872488509131703,16.89228594058566,After the historical event,Event experienced
-0.21999999999999975,0,0,0,Additive genetic variance,20,3.80349198516533,3.6993846280278957,3.4040558138674237,4.357113816951641,3.7909413331583095,3.80349198516533,Before the historical event,Event not experienced
-0.21999999999999975,0,0,0,Nuclear-family environmental variance,20,2.161786512195733,2.1209792171960604,1.8989367788918265,2.497380330541886,2.25,2.161786512195733,Before the historical event,Event not experienced
-0.21999999999999975,0,0,0,Nonshared environmental variance,20,9.078403915784499,9.076413559362535,8.795493634724895,9.477983851282865,4,9.078403915784499,Before the historical event,Event not experienced
-0.21999999999999975,0,0,0,Phenotypic variance,20,15.04368241314556,15.035948819256106,14.694990253566385,15.453633448411551,10.04094133315831,15.04368241314556,Before the historical event,Event not experienced
-0.21999999999999975,0,1,0,Additive genetic variance,20,3.80349198516533,3.6993846280278957,3.4040558138674237,4.357113816951641,3.7909413331583095,3.80349198516533,Before the historical event,Event experienced
-0.21999999999999975,0,1,0,Nuclear-family environmental variance,20,2.161786512195733,2.1209792171960604,1.8989367788918265,2.497380330541886,2.25,2.161786512195733,Before the historical event,Event experienced
-0.21999999999999975,0,1,0,Nonshared environmental variance,20,9.078403915784499,9.076413559362535,8.795493634724895,9.477983851282865,4,9.078403915784499,Before the historical event,Event experienced
-0.21999999999999975,0,1,0,Phenotypic variance,20,15.04368241314556,15.035948819256106,14.694990253566385,15.453633448411551,10.04094133315831,15.04368241314556,Before the historical event,Event experienced
-0.21999999999999975,1,0,0,Additive genetic variance,20,3.80349198516533,3.6993846280278957,3.4040558138674237,4.357113816951641,3.7909413331583095,3.80349198516533,After the historical event,Event not experienced
-0.21999999999999975,1,0,0,Nuclear-family environmental variance,20,2.161786512195733,2.1209792171960604,1.8989367788918265,2.497380330541886,2.25,2.161786512195733,After the historical event,Event not experienced
-0.21999999999999975,1,0,0,Nonshared environmental variance,20,9.078403915784499,9.076413559362535,8.795493634724895,9.477983851282865,4,9.078403915784499,After the historical event,Event not experienced
-0.21999999999999975,1,0,0,Phenotypic variance,20,15.04368241314556,15.035948819256106,14.694990253566385,15.453633448411551,10.04094133315831,15.04368241314556,After the historical event,Event not experienced
-0.21999999999999975,1,1,1,Additive genetic variance,20,5.742919495851105,5.80837476989085,4.281747970011437,7.563274592606177,5.65541990811469,5.742919495851105,After the historical event,Event experienced
-0.21999999999999975,1,1,1,Nuclear-family environmental variance,20,2.130233539894954,2.095418651370055,1.7507177424648988,2.6014306152572764,2.25,2.130233539894954,After the historical event,Event experienced
-0.21999999999999975,1,1,1,Nonshared environmental variance,20,9.051493085791028,9.097674118809515,8.422994947730691,9.779768670061596,4,9.051493085791028,After the historical event,Event experienced
-0.21999999999999975,1,1,1,Phenotypic variance,20,16.924646121537087,16.892282805345797,15.670079917155917,18.407129673020734,11.905419908114691,16.924646121537087,After the historical event,Event experienced
-0.19999999999999973,0,0,0,Additive genetic variance,20,3.8239796993811317,3.7212285688898366,3.4216553546541655,4.378085137230589,3.8125351483100185,3.8239796993811317,Before the historical event,Event not experienced
-0.19999999999999973,0,0,0,Nuclear-family environmental variance,20,2.1625540295874393,2.1245888715251544,1.9013898181796831,2.493731274197687,2.25,2.1625540295874393,Before the historical event,Event not experienced
-0.19999999999999973,0,0,0,Nonshared environmental variance,20,9.078429419227982,9.074106705821748,8.797209248981856,9.475291084710765,4,9.078429419227982,Before the historical event,Event not experienced
-0.19999999999999973,0,0,0,Phenotypic variance,20,15.064963148196552,15.054936310245118,14.719145042814844,15.47517236786961,10.062535148310019,15.064963148196552,Before the historical event,Event not experienced
-0.19999999999999973,0,1,0,Additive genetic variance,20,3.8239796993811317,3.7212285688898366,3.4216553546541655,4.378085137230589,3.8125351483100185,3.8239796993811317,Before the historical event,Event experienced
-0.19999999999999973,0,1,0,Nuclear-family environmental variance,20,2.1625540295874393,2.1245888715251544,1.9013898181796831,2.493731274197687,2.25,2.1625540295874393,Before the historical event,Event experienced
-0.19999999999999973,0,1,0,Nonshared environmental variance,20,9.078429419227982,9.074106705821748,8.797209248981856,9.475291084710765,4,9.078429419227982,Before the historical event,Event experienced
-0.19999999999999973,0,1,0,Phenotypic variance,20,15.064963148196552,15.054936310245118,14.719145042814844,15.47517236786961,10.062535148310019,15.064963148196552,Before the historical event,Event experienced
-0.19999999999999973,1,0,0,Additive genetic variance,20,3.8239796993811317,3.7212285688898366,3.4216553546541655,4.378085137230589,3.8125351483100185,3.8239796993811317,After the historical event,Event not experienced
-0.19999999999999973,1,0,0,Nuclear-family environmental variance,20,2.1625540295874393,2.1245888715251544,1.9013898181796831,2.493731274197687,2.25,2.1625540295874393,After the historical event,Event not experienced
-0.19999999999999973,1,0,0,Nonshared environmental variance,20,9.078429419227982,9.074106705821748,8.797209248981856,9.475291084710765,4,9.078429419227982,After the historical event,Event not experienced
-0.19999999999999973,1,0,0,Phenotypic variance,20,15.064963148196552,15.054936310245118,14.719145042814844,15.47517236786961,10.062535148310019,15.064963148196552,After the historical event,Event not experienced
-0.19999999999999973,1,1,1,Additive genetic variance,20,5.773811305222249,5.842383194169037,4.309389613832687,7.606234626324661,5.68763409487431,5.773811305222249,After the historical event,Event experienced
-0.19999999999999973,1,1,1,Nuclear-family environmental variance,20,2.1309931508112627,2.097167618323512,1.7536828951532406,2.601183886873626,2.25,2.1309931508112627,After the historical event,Event experienced
-0.19999999999999973,1,1,1,Nonshared environmental variance,20,9.051470386273781,9.098100068224785,8.427816953081615,9.775905070309042,4,9.051470386273781,After the historical event,Event experienced
-0.19999999999999973,1,1,1,Phenotypic variance,20,16.956274842307295,16.92130679103,15.696815063892608,18.450677537085934,11.93763409487431,16.956274842307295,After the historical event,Event experienced
-0.18000000000000016,0,0,0,Additive genetic variance,20,3.843977977282881,3.74259789137426,3.4388299241705633,4.3984295285052974,3.8336385340877466,3.843977977282881,Before the historical event,Event not experienced
-0.18000000000000016,0,0,0,Nuclear-family environmental variance,20,2.1633240752685445,2.128833561085324,1.9038461050093654,2.4901160365529664,2.25,2.1633240752685445,Before the historical event,Event not experienced
-0.18000000000000016,0,0,0,Nonshared environmental variance,20,9.078447837446634,9.07180908445318,8.798794985480022,9.472604881148776,4,9.078447837446634,Before the historical event,Event not experienced
-0.18000000000000016,0,0,0,Phenotypic variance,20,15.085749889998059,15.073484341180798,14.742847707522028,15.496147830218657,10.083638534087747,15.085749889998059,Before the historical event,Event not experienced
-0.18000000000000016,0,1,0,Additive genetic variance,20,3.843977977282881,3.74259789137426,3.4388299241705633,4.3984295285052974,3.8336385340877466,3.843977977282881,Before the historical event,Event experienced
-0.18000000000000016,0,1,0,Nuclear-family environmental variance,20,2.1633240752685445,2.128833561085324,1.9038461050093654,2.4901160365529664,2.25,2.1633240752685445,Before the historical event,Event experienced
-0.18000000000000016,0,1,0,Nonshared environmental variance,20,9.078447837446634,9.07180908445318,8.798794985480022,9.472604881148776,4,9.078447837446634,Before the historical event,Event experienced
-0.18000000000000016,0,1,0,Phenotypic variance,20,15.085749889998059,15.073484341180798,14.742847707522028,15.496147830218657,10.083638534087747,15.085749889998059,Before the historical event,Event experienced
-0.18000000000000016,1,0,0,Additive genetic variance,20,3.843977977282881,3.74259789137426,3.4388299241705633,4.3984295285052974,3.8336385340877466,3.843977977282881,After the historical event,Event not experienced
-0.18000000000000016,1,0,0,Nuclear-family environmental variance,20,2.1633240752685445,2.128833561085324,1.9038461050093654,2.4901160365529664,2.25,2.1633240752685445,After the historical event,Event not experienced
-0.18000000000000016,1,0,0,Nonshared environmental variance,20,9.078447837446634,9.07180908445318,8.798794985480022,9.472604881148776,4,9.078447837446634,After the historical event,Event not experienced
-0.18000000000000016,1,0,0,Phenotypic variance,20,15.085749889998059,15.073484341180798,14.742847707522028,15.496147830218657,10.083638534087747,15.085749889998059,After the historical event,Event not experienced
-0.18000000000000016,1,1,1,Additive genetic variance,20,5.803962425202798,5.875641203536989,4.336509547615373,7.648083406169235,5.719116646981375,5.803962425202798,After the historical event,Event experienced
-0.18000000000000016,1,1,1,Nuclear-family environmental variance,20,2.1317547642716117,2.0989082839485342,1.7566440585178114,2.6009325057445682,2.25,2.1317547642716117,After the historical event,Event experienced
-0.18000000000000016,1,1,1,Nonshared environmental variance,20,9.051440849419148,9.098503218398664,8.43259899174235,9.772059537623024,4,9.051440849419148,After the historical event,Event experienced
-0.18000000000000016,1,1,1,Phenotypic variance,20,16.987158038893558,16.949595561430876,15.723046295711399,18.493124704309352,11.969116646981375,16.987158038893558,After the historical event,Event experienced
-0.16000000000000014,0,0,0,Additive genetic variance,20,3.8634777996339382,3.7634828928095168,3.455572242715021,4.418137200035674,3.8542420046040085,3.8634777996339382,Before the historical event,Event not experienced
-0.16000000000000014,0,0,0,Nuclear-family environmental variance,20,2.164096530716185,2.1330574729339027,1.9063055644870428,2.4865344853288027,2.25,2.164096530716185,Before the historical event,Event not experienced
-0.16000000000000014,0,0,0,Nonshared environmental variance,20,9.078459127798164,9.069520656266256,8.800377540637761,9.469925211329873,4,9.078459127798164,Before the historical event,Event not experienced
-0.16000000000000014,0,0,0,Phenotypic variance,20,15.106033458148287,15.091585293251807,14.761462064800902,15.51654911483882,10.104242004604009,15.106033458148287,Before the historical event,Event not experienced
-0.16000000000000014,0,1,0,Additive genetic variance,20,3.8634777996339382,3.7634828928095168,3.455572242715021,4.418137200035674,3.8542420046040085,3.8634777996339382,Before the historical event,Event experienced
-0.16000000000000014,0,1,0,Nuclear-family environmental variance,20,2.164096530716185,2.1330574729339027,1.9063055644870428,2.4865344853288027,2.25,2.164096530716185,Before the historical event,Event experienced
-0.16000000000000014,0,1,0,Nonshared environmental variance,20,9.078459127798164,9.069520656266256,8.800377540637761,9.469925211329873,4,9.078459127798164,Before the historical event,Event experienced
-0.16000000000000014,0,1,0,Phenotypic variance,20,15.106033458148287,15.091585293251807,14.761462064800902,15.51654911483882,10.104242004604009,15.106033458148287,Before the historical event,Event experienced
-0.16000000000000014,1,0,0,Additive genetic variance,20,3.8634777996339382,3.7634828928095168,3.455572242715021,4.418137200035674,3.8542420046040085,3.8634777996339382,After the historical event,Event not experienced
-0.16000000000000014,1,0,0,Nuclear-family environmental variance,20,2.164096530716185,2.1330574729339027,1.9063055644870428,2.4865344853288027,2.25,2.164096530716185,After the historical event,Event not experienced
-0.16000000000000014,1,0,0,Nonshared environmental variance,20,9.078459127798164,9.069520656266256,8.800377540637761,9.469925211329873,4,9.078459127798164,After the historical event,Event not experienced
-0.16000000000000014,1,0,0,Phenotypic variance,20,15.106033458148287,15.091585293251807,14.761462064800902,15.51654911483882,10.104242004604009,15.106033458148287,After the historical event,Event not experienced
-0.16000000000000014,1,1,1,Additive genetic variance,20,5.83335922976707,5.908133666954306,4.363095428995983,7.688799969479906,5.749853413154658,5.83335922976707,After the historical event,Event experienced
-0.16000000000000014,1,1,1,Nuclear-family environmental variance,20,2.1325182625144556,2.100640600502712,1.7585331989297397,2.6006763412682146,2.25,2.1325182625144556,After the historical event,Event experienced
-0.16000000000000014,1,1,1,Nonshared environmental variance,20,9.051404432869397,9.098883563274171,8.43734098297835,9.768232050430758,4,9.051404432869397,After the historical event,Event experienced
-0.16000000000000014,1,1,1,Phenotypic variance,20,17.01728192515092,16.977137485898396,15.748760818479347,18.53445005134221,11.999853413154657,17.01728192515092,After the historical event,Event experienced
-0.14000000000000012,0,0,0,Additive genetic variance,20,3.8824703362170387,3.783874055106697,3.471875190012736,4.437198634625151,3.8743362628202704,3.8824703362170387,Before the historical event,Event not experienced
-0.14000000000000012,0,0,0,Nuclear-family environmental variance,20,2.1648712782703625,2.137260332275465,1.9087681218765358,2.4829864897395595,2.25,2.1648712782703625,Before the historical event,Event not experienced
-0.14000000000000012,0,0,0,Nonshared environmental variance,20,9.078463248076407,9.067241382672819,8.801956829443649,9.467252046350637,4,9.078463248076407,Before the historical event,Event not experienced
-0.14000000000000012,0,0,0,Phenotypic variance,20,15.12580486256381,15.109231695130145,14.779633930657496,15.5363657412039,10.12433626282027,15.12580486256381,Before the historical event,Event not experienced
-0.14000000000000012,0,1,0,Additive genetic variance,20,3.8824703362170387,3.783874055106697,3.471875190012736,4.437198634625151,3.8743362628202704,3.8824703362170387,Before the historical event,Event experienced
-0.14000000000000012,0,1,0,Nuclear-family environmental variance,20,2.1648712782703625,2.137260332275465,1.9087681218765358,2.4829864897395595,2.25,2.1648712782703625,Before the historical event,Event experienced
-0.14000000000000012,0,1,0,Nonshared environmental variance,20,9.078463248076407,9.067241382672819,8.801956829443649,9.467252046350637,4,9.078463248076407,Before the historical event,Event experienced
-0.14000000000000012,0,1,0,Phenotypic variance,20,15.12580486256381,15.109231695130145,14.779633930657496,15.5363657412039,10.12433626282027,15.12580486256381,Before the historical event,Event experienced
-0.14000000000000012,1,0,0,Additive genetic variance,20,3.8824703362170387,3.783874055106697,3.471875190012736,4.437198634625151,3.8743362628202704,3.8824703362170387,After the historical event,Event not experienced
-0.14000000000000012,1,0,0,Nuclear-family environmental variance,20,2.1648712782703625,2.137260332275465,1.9087681218765358,2.4829864897395595,2.25,2.1648712782703625,After the historical event,Event not experienced
-0.14000000000000012,1,0,0,Nonshared environmental variance,20,9.078463248076407,9.067241382672819,8.801956829443649,9.467252046350637,4,9.078463248076407,After the historical event,Event not experienced
-0.14000000000000012,1,0,0,Phenotypic variance,20,15.12580486256381,15.109231695130145,14.779633930657496,15.5363657412039,10.12433626282027,15.12580486256381,After the historical event,Event not experienced
-0.14000000000000012,1,1,1,Additive genetic variance,20,5.861988379829061,5.9398457480052365,4.389135095360736,7.728363844154044,5.77983052384246,5.861988379829061,After the historical event,Event experienced
-0.14000000000000012,1,1,1,Nuclear-family environmental variance,20,2.1332835286382914,2.102364520649351,1.7597625410974413,2.600415263970431,2.25,2.1332835286382914,After the historical event,Event experienced
-0.14000000000000012,1,1,1,Nonshared environmental variance,20,9.051361094699944,9.099241096986525,8.442042846714232,9.764422587263667,4,9.051361094699944,After the historical event,Event experienced
-0.14000000000000012,1,1,1,Phenotypic variance,20,17.046633003167297,17.003921210527942,15.773946015027104,18.574632941602758,12.02983052384246,17.046633003167297,After the historical event,Event experienced
-0.1200000000000001,0,0,0,Additive genetic variance,20,3.9009469525677534,3.8037620521185196,3.4877318102621704,4.4556045963266,3.8939122075272037,3.9009469525677534,Before the historical event,Event not experienced
-0.1200000000000001,0,0,0,Nuclear-family environmental variance,20,2.1656482011388287,2.1414418653318497,1.9112337026024817,2.479471920483887,2.25,2.1656482011388287,Before the historical event,Event not experienced
-0.1200000000000001,0,0,0,Nonshared environmental variance,20,9.078460156511946,9.06497122548636,8.80353276791098,9.4645853576707,4,9.078460156511946,Before the historical event,Event not experienced
-0.1200000000000001,0,0,0,Phenotypic variance,20,15.145055310218527,15.126416228053447,14.797355957827133,15.555587477530965,10.143912207527205,15.145055310218527,Before the historical event,Event not experienced
-0.1200000000000001,0,1,0,Additive genetic variance,20,3.9009469525677534,3.8037620521185196,3.4877318102621704,4.4556045963266,3.8939122075272037,3.9009469525677534,Before the historical event,Event experienced
-0.1200000000000001,0,1,0,Nuclear-family environmental variance,20,2.1656482011388287,2.1414418653318497,1.9112337026024817,2.479471920483887,2.25,2.1656482011388287,Before the historical event,Event experienced
-0.1200000000000001,0,1,0,Nonshared environmental variance,20,9.078460156511946,9.06497122548636,8.80353276791098,9.4645853576707,4,9.078460156511946,Before the historical event,Event experienced
-0.1200000000000001,0,1,0,Phenotypic variance,20,15.145055310218527,15.126416228053447,14.797355957827133,15.555587477530965,10.143912207527205,15.145055310218527,Before the historical event,Event experienced
-0.1200000000000001,1,0,0,Additive genetic variance,20,3.9009469525677534,3.8037620521185196,3.4877318102621704,4.4556045963266,3.8939122075272037,3.9009469525677534,After the historical event,Event not experienced
-0.1200000000000001,1,0,0,Nuclear-family environmental variance,20,2.1656482011388287,2.1414418653318497,1.9112337026024817,2.479471920483887,2.25,2.1656482011388287,After the historical event,Event not experienced
-0.1200000000000001,1,0,0,Nonshared environmental variance,20,9.078460156511946,9.06497122548636,8.80353276791098,9.4645853576707,4,9.078460156511946,After the historical event,Event not experienced
-0.1200000000000001,1,0,0,Phenotypic variance,20,15.145055310218527,15.126416228053447,14.797355957827133,15.555587477530965,10.143912207527205,15.145055310218527,After the historical event,Event not experienced
-0.1200000000000001,1,1,1,Additive genetic variance,20,5.889836833438044,5.970762916392216,4.4146165730873355,7.766755065790669,5.809034401635921,5.889836833438044,After the historical event,Event experienced
-0.1200000000000001,1,1,1,Nuclear-family environmental variance,20,2.1340504466067944,2.1040799974605573,1.761004730610847,2.600149145509431,2.25,2.1340504466067944,After the historical event,Event experienced
-0.1200000000000001,1,1,1,Nonshared environmental variance,20,9.051310793419947,9.099575813863222,8.446704503536285,9.760631126757199,4,9.051310793419947,After the historical event,Event experienced
-0.1200000000000001,1,1,1,Phenotypic variance,20,17.075198073464787,17.029935666017415,15.798589454731335,18.613653242395987,12.059034401635921,17.075198073464787,After the historical event,Event experienced
-0.10000000000000009,0,0,0,Additive genetic variance,20,3.9188992165867136,3.8231377568775318,3.503135317081499,4.473346137946887,3.9129609402048398,3.9188992165867136,Before the historical event,Event not experienced
-0.10000000000000009,0,0,0,Nuclear-family environmental variance,20,2.1664271834019924,2.145765746830876,1.9137022322535162,2.4759906497358437,2.25,2.1664271834019924,Before the historical event,Event not experienced
-0.10000000000000009,0,0,0,Nonshared environmental variance,20,9.078449811772716,9.06271014692127,8.805105273079459,9.461925117112129,4,9.078449811772716,Before the historical event,Event not experienced
-0.10000000000000009,0,0,0,Phenotypic variance,20,15.163776211761421,15.143131730821915,14.81462096667921,15.574204349264651,10.16296094020484,15.163776211761421,Before the historical event,Event not experienced
-0.10000000000000009,0,1,0,Additive genetic variance,20,3.9188992165867136,3.8231377568775318,3.503135317081499,4.473346137946887,3.9129609402048398,3.9188992165867136,Before the historical event,Event experienced
-0.10000000000000009,0,1,0,Nuclear-family environmental variance,20,2.1664271834019924,2.145765746830876,1.9137022322535162,2.4759906497358437,2.25,2.1664271834019924,Before the historical event,Event experienced
-0.10000000000000009,0,1,0,Nonshared environmental variance,20,9.078449811772716,9.06271014692127,8.805105273079459,9.461925117112129,4,9.078449811772716,Before the historical event,Event experienced
-0.10000000000000009,0,1,0,Phenotypic variance,20,15.163776211761421,15.143131730821915,14.81462096667921,15.574204349264651,10.16296094020484,15.163776211761421,Before the historical event,Event experienced
-0.10000000000000009,1,0,0,Additive genetic variance,20,3.9188992165867136,3.8231377568775318,3.503135317081499,4.473346137946887,3.9129609402048398,3.9188992165867136,After the historical event,Event not experienced
-0.10000000000000009,1,0,0,Nuclear-family environmental variance,20,2.1664271834019924,2.145765746830876,1.9137022322535162,2.4759906497358437,2.25,2.1664271834019924,After the historical event,Event not experienced
-0.10000000000000009,1,0,0,Nonshared environmental variance,20,9.078449811772716,9.06271014692127,8.805105273079459,9.461925117112129,4,9.078449811772716,After the historical event,Event not experienced
-0.10000000000000009,1,0,0,Phenotypic variance,20,15.163776211761421,15.143131730821915,14.81462096667921,15.574204349264651,10.16296094020484,15.163776211761421,After the historical event,Event not experienced
-0.10000000000000009,1,1,1,Additive genetic variance,20,5.916891855789345,5.997363808753905,4.439528086694578,7.80395419447259,5.8374517715031855,5.916891855789345,After the historical event,Event experienced
-0.10000000000000009,1,1,1,Nuclear-family environmental variance,20,2.134818901253976,2.1057869844203063,1.7622596453030084,2.5998778586803333,2.25,2.134818901253976,After the historical event,Event experienced
-0.10000000000000009,1,1,1,Nonshared environmental variance,20,9.051253487972918,9.099887708424188,8.451325874695007,9.756857647650602,4,9.051253487972918,After the historical event,Event experienced
-0.10000000000000009,1,1,1,Phenotypic variance,20,17.10296424501624,17.05517007534707,15.822678903010267,18.65149134167705,12.087451771503186,17.10296424501624,After the historical event,Event experienced
-0.08000000000000007,0,0,0,Additive genetic variance,20,3.936318905023433,3.8419922487056217,3.5180790983501264,4.4904146083414735,3.9314737717553903,3.936318905023433,Before the historical event,Event not experienced
-0.08000000000000007,0,0,0,Nuclear-family environmental variance,20,2.167208110017846,2.1509773831436947,1.9161736365854767,2.4725425511361294,2.25,2.167208110017846,Before the historical event,Event not experienced
-0.08000000000000007,0,0,0,Nonshared environmental variance,20,9.078432172964606,9.06078883859934,8.80667426301683,9.459271296858883,4,9.078432172964606,Before the historical event,Event not experienced
-0.08000000000000007,0,0,0,Phenotypic variance,20,15.181959188005884,15.159371204705058,14.831421950049798,15.592206647386204,10.18147377175539,15.181959188005884,Before the historical event,Event not experienced
-0.08000000000000007,0,1,0,Additive genetic variance,20,3.936318905023433,3.8419922487056217,3.5180790983501264,4.4904146083414735,3.9314737717553903,3.936318905023433,Before the historical event,Event experienced
-0.08000000000000007,0,1,0,Nuclear-family environmental variance,20,2.167208110017846,2.1509773831436947,1.9161736365854767,2.4725425511361294,2.25,2.167208110017846,Before the historical event,Event experienced
-0.08000000000000007,0,1,0,Nonshared environmental variance,20,9.078432172964606,9.06078883859934,8.80667426301683,9.459271296858883,4,9.078432172964606,Before the historical event,Event experienced
-0.08000000000000007,0,1,0,Phenotypic variance,20,15.181959188005884,15.159371204705058,14.831421950049798,15.592206647386204,10.18147377175539,15.181959188005884,Before the historical event,Event experienced
-0.08000000000000007,1,0,0,Additive genetic variance,20,3.936318905023433,3.8419922487056217,3.5180790983501264,4.4904146083414735,3.9314737717553903,3.936318905023433,After the historical event,Event not experienced
-0.08000000000000007,1,0,0,Nuclear-family environmental variance,20,2.167208110017846,2.1509773831436947,1.9161736365854767,2.4725425511361294,2.25,2.167208110017846,After the historical event,Event not experienced
-0.08000000000000007,1,0,0,Nonshared environmental variance,20,9.078432172964606,9.06078883859934,8.80667426301683,9.459271296858883,4,9.078432172964606,After the historical event,Event not experienced
-0.08000000000000007,1,0,0,Phenotypic variance,20,15.181959188005884,15.159371204705058,14.831421950049798,15.592206647386204,10.18147377175539,15.181959188005884,After the historical event,Event not experienced
-0.08000000000000007,1,1,1,Additive genetic variance,20,5.943141029039454,6.017960097382294,4.4638580678900786,7.8399423311666805,5.86506967083357,5.943141029039454,After the historical event,Event experienced
-0.08000000000000007,1,1,1,Nuclear-family environmental variance,20,2.1355887782893572,2.107485435427484,1.7635271639597372,2.599601277419672,2.25,2.1355887782893572,After the historical event,Event experienced
-0.08000000000000007,1,1,1,Nonshared environmental variance,20,9.05118913773729,9.10017677538187,8.45590688210756,9.753102128786725,4,9.05118913773729,After the historical event,Event experienced
-0.08000000000000007,1,1,1,Phenotypic variance,20,17.129918945066102,17.07961396127451,15.846202330722058,18.68812816443866,12.11506967083357,17.129918945066102,After the historical event,Event experienced
-0.06000000000000005,0,0,0,Additive genetic variance,20,3.9531980098246797,3.860316820186962,3.532556720940412,4.50680165949072,3.949442229101612,3.9531980098246797,Before the historical event,Event not experienced
-0.06000000000000005,0,0,0,Nuclear-family environmental variance,20,2.167990866826912,2.1561499854853228,1.9186478415246189,2.469127499783437,2.25,2.167990866826912,Before the historical event,Event not experienced
-0.06000000000000005,0,0,0,Nonshared environmental variance,20,9.07840719963206,9.061513231069632,8.808239656820547,9.456623869456223,4,9.07840719963206,Before the historical event,Event not experienced
-0.06000000000000005,0,0,0,Phenotypic variance,20,15.199596076283653,15.17512781825351,14.847752077968565,15.609584936537424,10.199442229101612,15.199596076283653,Before the historical event,Event not experienced
-0.06000000000000005,0,1,0,Additive genetic variance,20,3.9531980098246797,3.860316820186962,3.532556720940412,4.50680165949072,3.949442229101612,3.9531980098246797,Before the historical event,Event experienced
-0.06000000000000005,0,1,0,Nuclear-family environmental variance,20,2.167990866826912,2.1561499854853228,1.9186478415246189,2.469127499783437,2.25,2.167990866826912,Before the historical event,Event experienced
-0.06000000000000005,0,1,0,Nonshared environmental variance,20,9.07840719963206,9.061513231069632,8.808239656820547,9.456623869456223,4,9.07840719963206,Before the historical event,Event experienced
-0.06000000000000005,0,1,0,Phenotypic variance,20,15.199596076283653,15.17512781825351,14.847752077968565,15.609584936537424,10.199442229101612,15.199596076283653,Before the historical event,Event experienced
-0.06000000000000005,1,0,0,Additive genetic variance,20,3.9531980098246797,3.860316820186962,3.532556720940412,4.50680165949072,3.949442229101612,3.9531980098246797,After the historical event,Event not experienced
-0.06000000000000005,1,0,0,Nuclear-family environmental variance,20,2.167990866826912,2.1561499854853228,1.9186478415246189,2.469127499783437,2.25,2.167990866826912,After the historical event,Event not experienced
-0.06000000000000005,1,0,0,Nonshared environmental variance,20,9.07840719963206,9.061513231069632,8.808239656820547,9.456623869456223,4,9.07840719963206,After the historical event,Event not experienced
-0.06000000000000005,1,0,0,Phenotypic variance,20,15.199596076283653,15.17512781825351,14.847752077968565,15.609584936537424,10.199442229101612,15.199596076283653,After the historical event,Event not experienced
-0.06000000000000005,1,1,1,Additive genetic variance,20,5.968572261914756,6.0378695973181,4.487595164506418,7.874701133722953,5.8918754592811755,5.968572261914756,After the historical event,Event experienced
-0.06000000000000005,1,1,1,Nuclear-family environmental variance,20,2.136359964303155,2.109175304798919,1.7648071663173976,2.5993192768098723,2.25,2.136359964303155,After the historical event,Event experienced
-0.06000000000000005,1,1,1,Nonshared environmental variance,20,9.051117702527023,9.100229007544726,8.46044744836026,9.749364549111833,4,9.051117702527023,After the historical event,Event experienced
-0.06000000000000005,1,1,1,Phenotypic variance,20,17.15604992874493,17.103257153637248,15.869147923456005,18.723545188703184,12.141875459281176,17.15604992874493,After the historical event,Event experienced
-0.040000000000000036,0,0,0,Additive genetic variance,20,3.9695287443404674,3.878102983996619,3.546561935334884,4.522499253349697,3.966858061643717,3.9695287443404674,Before the historical event,Event not experienced
-0.040000000000000036,0,0,0,Nuclear-family environmental variance,20,2.168775340557206,2.1612831869473137,1.921124773170856,2.465745372225924,2.25,2.168775340557206,Before the historical event,Event not experienced
-0.040000000000000036,0,0,0,Nonshared environmental variance,20,9.078374851758673,9.062958769815722,8.80980137461939,9.45398280781014,4,9.078374851758673,Before the historical event,Event not experienced
-0.040000000000000036,0,0,0,Phenotypic variance,20,15.216678936656347,15.190394912011342,14.86360470227529,15.626330062949933,10.216858061643716,15.216678936656347,Before the historical event,Event not experienced
-0.040000000000000036,0,1,0,Additive genetic variance,20,3.9695287443404674,3.878102983996619,3.546561935334884,4.522499253349697,3.966858061643717,3.9695287443404674,Before the historical event,Event experienced
-0.040000000000000036,0,1,0,Nuclear-family environmental variance,20,2.168775340557206,2.1612831869473137,1.921124773170856,2.465745372225924,2.25,2.168775340557206,Before the historical event,Event experienced
-0.040000000000000036,0,1,0,Nonshared environmental variance,20,9.078374851758673,9.062958769815722,8.80980137461939,9.45398280781014,4,9.078374851758673,Before the historical event,Event experienced
-0.040000000000000036,0,1,0,Phenotypic variance,20,15.216678936656347,15.190394912011342,14.86360470227529,15.626330062949933,10.216858061643716,15.216678936656347,Before the historical event,Event experienced
-0.040000000000000036,1,0,0,Additive genetic variance,20,3.9695287443404674,3.878102983996619,3.546561935334884,4.522499253349697,3.966858061643717,3.9695287443404674,After the historical event,Event not experienced
-0.040000000000000036,1,0,0,Nuclear-family environmental variance,20,2.168775340557206,2.1612831869473137,1.921124773170856,2.465745372225924,2.25,2.168775340557206,After the historical event,Event not experienced
-0.040000000000000036,1,0,0,Nonshared environmental variance,20,9.078374851758673,9.062958769815722,8.80980137461939,9.45398280781014,4,9.078374851758673,After the historical event,Event not experienced
-0.040000000000000036,1,0,0,Phenotypic variance,20,15.216678936656347,15.190394912011342,14.86360470227529,15.626330062949933,10.216858061643716,15.216678936656347,After the historical event,Event not experienced
-0.040000000000000036,1,1,1,Additive genetic variance,20,5.9931737991033565,6.057084755858305,4.510728249316058,7.9082128324534136,5.917856828397474,5.9931737991033565,After the historical event,Event experienced
-0.040000000000000036,1,1,1,Nuclear-family environmental variance,20,2.1371323467714807,2.1108565472723866,1.7660995330608,2.599031733083682,2.25,2.1371323467714807,After the historical event,Event experienced
-0.040000000000000036,1,1,1,Nonshared environmental variance,20,9.051039142592172,9.098373257402933,8.464947496711012,9.745644887675379,4,9.051039142592172,After the historical event,Event experienced
-0.040000000000000036,1,1,1,Phenotypic variance,20,17.18134528846701,17.126089796455727,15.891504090706519,18.75772446110058,12.167856828397474,17.18134528846701,After the historical event,Event experienced
-0.020000000000000018,0,0,0,Additive genetic variance,20,3.98530354938085,3.895342479577196,3.5600886801242915,4.53749966846361,3.9837132475679375,3.98530354938085,Before the historical event,Event not experienced
-0.020000000000000018,0,0,0,Nuclear-family environmental variance,20,2.169561418829214,2.166376622609775,1.9236043578010102,2.46239604645279,2.25,2.169561418829214,Before the historical event,Event not experienced
-0.020000000000000018,0,0,0,Nonshared environmental variance,20,9.078335089767766,9.064909248375136,8.811359337575126,9.451348085186797,4,9.078335089767766,Before the historical event,Event not experienced
-0.020000000000000018,0,0,0,Phenotypic variance,20,15.23320005797783,15.20516600312419,14.878046195631661,15.642433162170246,10.233713247567938,15.23320005797783,Before the historical event,Event not experienced
-0.020000000000000018,0,1,0,Additive genetic variance,20,3.98530354938085,3.895342479577196,3.5600886801242915,4.53749966846361,3.9837132475679375,3.98530354938085,Before the historical event,Event experienced
-0.020000000000000018,0,1,0,Nuclear-family environmental variance,20,2.169561418829214,2.166376622609775,1.9236043578010102,2.46239604645279,2.25,2.169561418829214,Before the historical event,Event experienced
-0.020000000000000018,0,1,0,Nonshared environmental variance,20,9.078335089767766,9.064909248375136,8.811359337575126,9.451348085186797,4,9.078335089767766,Before the historical event,Event experienced
-0.020000000000000018,0,1,0,Phenotypic variance,20,15.23320005797783,15.20516600312419,14.878046195631661,15.642433162170246,10.233713247567938,15.23320005797783,Before the historical event,Event experienced
-0.020000000000000018,1,0,0,Additive genetic variance,20,3.98530354938085,3.895342479577196,3.5600886801242915,4.53749966846361,3.9837132475679375,3.98530354938085,After the historical event,Event not experienced
-0.020000000000000018,1,0,0,Nuclear-family environmental variance,20,2.169561418829214,2.166376622609775,1.9236043578010102,2.46239604645279,2.25,2.169561418829214,After the historical event,Event not experienced
-0.020000000000000018,1,0,0,Nonshared environmental variance,20,9.078335089767766,9.064909248375136,8.811359337575126,9.451348085186797,4,9.078335089767766,After the historical event,Event not experienced
-0.020000000000000018,1,0,0,Phenotypic variance,20,15.23320005797783,15.20516600312419,14.878046195631661,15.642433162170246,10.233713247567938,15.23320005797783,After the historical event,Event not experienced
-0.020000000000000018,1,1,1,Additive genetic variance,20,6.016934230419705,6.075598257360815,4.533246428715475,7.940460245272236,5.943001811042563,6.016934230419705,After the historical event,Event experienced
-0.020000000000000018,1,1,1,Nuclear-family environmental variance,20,2.137905814061558,2.112529118009597,1.767404145821197,2.5987385236285574,2.25,2.137905814061558,After the historical event,Event experienced
-0.020000000000000018,1,1,1,Nonshared environmental variance,20,9.050953418619468,9.096518787818582,8.469406951091752,9.74194312362981,4,9.050953418619468,After the historical event,Event experienced
-0.020000000000000018,1,1,1,Phenotypic variance,20,17.20579346310073,17.14810235482942,15.913259474919808,18.79064861201362,12.193001811042564,17.20579346310073,After the historical event,Event experienced
0,0,0,0,Additive genetic variance,20,4.000515099116871,3.9120272796560394,3.5731310863819585,4.551795506341181,4,4.000515099116871,Before the historical event,Event not experienced
0,0,0,0,Nuclear-family environmental variance,20,2.1703489901608854,2.1714299295858748,1.9260865218720844,2.4590794018859734,2.25,2.1703489901608854,Before the historical event,Event not experienced
0,0,0,0,Nonshared environmental variance,20,9.07828787452298,9.066131372662916,8.812913467884108,9.448719675211967,4,9.07828787452298,Before the historical event,Event not experienced
0,0,0,0,Phenotypic variance,20,15.249151963800736,15.219434789838814,14.891467292718481,15.65788566657146,10.25,15.249151963800736,Before the historical event,Event not experienced
0,0,1,0,Additive genetic variance,20,4.000515099116871,3.9120272796560394,3.5731310863819585,4.551795506341181,4,4.000515099116871,Before the historical event,Event experienced
0,0,1,0,Nuclear-family environmental variance,20,2.1703489901608854,2.1714299295858748,1.9260865218720844,2.4590794018859734,2.25,2.1703489901608854,Before the historical event,Event experienced
0,0,1,0,Nonshared environmental variance,20,9.07828787452298,9.066131372662916,8.812913467884108,9.448719675211967,4,9.07828787452298,Before the historical event,Event experienced
0,0,1,0,Phenotypic variance,20,15.249151963800736,15.219434789838814,14.891467292718481,15.65788566657146,10.25,15.249151963800736,Before the historical event,Event experienced
0,1,0,0,Additive genetic variance,20,4.000515099116871,3.9120272796560394,3.5731310863819585,4.551795506341181,4,4.000515099116871,After the historical event,Event not experienced
0,1,0,0,Nuclear-family environmental variance,20,2.1703489901608854,2.1714299295858748,1.9260865218720844,2.4590794018859734,2.25,2.1703489901608854,After the historical event,Event not experienced
0,1,0,0,Nonshared environmental variance,20,9.07828787452298,9.066131372662916,8.812913467884108,9.448719675211967,4,9.07828787452298,After the historical event,Event not experienced
0,1,0,0,Phenotypic variance,20,15.249151963800736,15.219434789838814,14.891467292718481,15.65788566657146,10.25,15.249151963800736,After the historical event,Event not experienced
0,1,1,1,Additive genetic variance,20,6.039842499731859,6.09340302790217,4.551809022218684,7.971426792379174,5.967298790565081,6.039842499731859,After the historical event,Event experienced
0,1,1,1,Nuclear-family environmental variance,20,2.138680255436943,2.1141929725991577,1.7687208871743758,2.598629052113055,2.25,2.138680255436943,After the historical event,Event experienced
0,1,1,1,Nonshared environmental variance,20,9.050860491732882,9.094665593014776,8.473825736110824,9.738259236230384,4,9.050860491732882,After the historical event,Event experienced
0,1,1,1,Phenotypic variance,20,17.229383246901683,17.169285621619373,15.934402960403443,18.82230087027248,12.217298790565081,17.229383246901683,After the historical event,Event experienced
0.020000000000000018,0,0,0,Additive genetic variance,20,4.015156306819121,3.928977202749463,3.5856834819100243,4.5653796975785355,4.01571077299691,4.015156306819121,Before the historical event,Event not experienced
0.020000000000000018,0,0,0,Nuclear-family environmental variance,20,2.1711379439726413,2.1764427470662078,1.9285711920245516,2.4557953193719593,2.25,2.1711379439726413,Before the historical event,Event not experienced
0.020000000000000018,0,0,0,Nonshared environmental variance,20,9.07823316732884,9.066801701019362,8.81446368877888,9.446097551870452,4,9.07823316732884,Before the historical event,Event not experienced
0.020000000000000018,0,0,0,Phenotypic variance,20,15.264527418120602,15.233195155889634,14.904425928580935,15.672679312642405,10.265710772996911,15.264527418120602,Before the historical event,Event not experienced
0.020000000000000018,0,1,0,Additive genetic variance,20,4.015156306819121,3.928977202749463,3.5856834819100243,4.5653796975785355,4.01571077299691,4.015156306819121,Before the historical event,Event experienced
0.020000000000000018,0,1,0,Nuclear-family environmental variance,20,2.1711379439726413,2.1764427470662078,1.9285711920245516,2.4557953193719593,2.25,2.1711379439726413,Before the historical event,Event experienced
0.020000000000000018,0,1,0,Nonshared environmental variance,20,9.07823316732884,9.066801701019362,8.81446368877888,9.446097551870452,4,9.07823316732884,Before the historical event,Event experienced
0.020000000000000018,0,1,0,Phenotypic variance,20,15.264527418120602,15.233195155889634,14.904425928580935,15.672679312642405,10.265710772996911,15.264527418120602,Before the historical event,Event experienced
0.020000000000000018,1,0,0,Additive genetic variance,20,4.015156306819121,3.928977202749463,3.5856834819100243,4.5653796975785355,4.01571077299691,4.015156306819121,After the historical event,Event not experienced
0.020000000000000018,1,0,0,Nuclear-family environmental variance,20,2.1711379439726413,2.1764427470662078,1.9285711920245516,2.4557953193719593,2.25,2.1711379439726413,After the historical event,Event not experienced
0.020000000000000018,1,0,0,Nonshared environmental variance,20,9.07823316732884,9.066801701019362,8.81446368877888,9.446097551870452,4,9.07823316732884,After the historical event,Event not experienced
0.020000000000000018,1,0,0,Phenotypic variance,20,15.264527418120602,15.233195155889634,14.904425928580935,15.672679312642405,10.265710772996911,15.264527418120602,After the historical event,Event not experienced
0.020000000000000018,1,1,1,Additive genetic variance,20,6.061887913641543,6.110492239798172,4.568187823623125,8.001096510468622,5.990736509740908,6.061887913641543,After the historical event,Event experienced
0.020000000000000018,1,1,1,Nuclear-family environmental variance,20,2.1394555610627575,2.1146260846257388,1.7700496406388502,2.598663597912878,2.25,2.1394555610627575,After the historical event,Event experienced
0.020000000000000018,1,1,1,Nonshared environmental variance,20,9.05076032349419,9.0948255181728,8.4782037770554,9.734593204834955,4,9.05076032349419,After the historical event,Event experienced
0.020000000000000018,1,1,1,Phenotypic variance,20,17.25210379819849,17.189630723910227,15.954375439154472,18.85266507738103,12.240736509740909,17.25210379819849,After the historical event,Event experienced
0.040000000000000036,0,0,0,Additive genetic variance,20,4.029220330427562,3.9486209150465923,3.597740395353257,4.5782455077265,4.0308382673706,4.029220330427562,Before the historical event,Event not experienced
0.040000000000000036,0,0,0,Nuclear-family environmental variance,20,2.171928170592391,2.1809121694945883,1.931058295085657,2.452543681173699,2.25,2.171928170592391,Before the historical event,Event not experienced
0.040000000000000036,0,0,0,Nonshared environmental variance,20,9.078170929931327,9.067465144410104,8.816009924529805,9.44348168950555,4,9.078170929931327,Before the historical event,Event not experienced
0.040000000000000036,0,0,0,Phenotypic variance,20,15.279319430951281,15.246441174767964,14.916722153561825,15.686806148045621,10.2808382673706,15.279319430951281,Before the historical event,Event not experienced
0.040000000000000036,0,1,0,Additive genetic variance,20,4.029220330427562,3.9486209150465923,3.597740395353257,4.5782455077265,4.0308382673706,4.029220330427562,Before the historical event,Event experienced
0.040000000000000036,0,1,0,Nuclear-family environmental variance,20,2.171928170592391,2.1809121694945883,1.931058295085657,2.452543681173699,2.25,2.171928170592391,Before the historical event,Event experienced
0.040000000000000036,0,1,0,Nonshared environmental variance,20,9.078170929931327,9.067465144410104,8.816009924529805,9.44348168950555,4,9.078170929931327,Before the historical event,Event experienced
0.040000000000000036,0,1,0,Phenotypic variance,20,15.279319430951281,15.246441174767964,14.916722153561825,15.686806148045621,10.2808382673706,15.279319430951281,Before the historical event,Event experienced
0.040000000000000036,1,0,0,Additive genetic variance,20,4.029220330427562,3.9486209150465923,3.597740395353257,4.5782455077265,4.0308382673706,4.029220330427562,After the historical event,Event not experienced
0.040000000000000036,1,0,0,Nuclear-family environmental variance,20,2.171928170592391,2.1809121694945883,1.931058295085657,2.452543681173699,2.25,2.171928170592391,After the historical event,Event not experienced
0.040000000000000036,1,0,0,Nonshared environmental variance,20,9.078170929931327,9.067465144410104,8.816009924529805,9.44348168950555,4,9.078170929931327,After the historical event,Event not experienced
0.040000000000000036,1,0,0,Phenotypic variance,20,15.279319430951281,15.246441174767964,14.916722153561825,15.686806148045621,10.2808382673706,15.279319430951281,After the historical event,Event not experienced
0.040000000000000036,1,1,1,Additive genetic variance,20,6.08306014990732,6.126859315983405,4.583948432966284,8.02945406644732,6.013304079461006,6.08306014990732,After the historical event,Event experienced
0.040000000000000036,1,1,1,Nuclear-family environmental variance,20,2.14023162201093,2.113596876953248,1.7713902906741497,2.5986889625827114,2.25,2.14023162201093,After the historical event,Event experienced
0.040000000000000036,1,1,1,Nonshared environmental variance,20,9.050652875903525,9.09625350219359,8.482540999893818,9.730945008903774,4,9.050652875903525,After the historical event,Event experienced
0.040000000000000036,1,1,1,Phenotypic variance,20,17.273944647821775,17.209129129245312,15.973515740684936,18.88172570125797,12.263304079461006,17.273944647821775,After the historical event,Event experienced
0.06000000000000005,0,0,0,Additive genetic variance,20,4.042700577946402,3.967739626856175,3.6092965601762774,4.590386542894398,4.045375436337134,4.042700577946402,Before the historical event,Event not experienced
0.06000000000000005,0,0,0,Nuclear-family environmental variance,20,2.172719561260561,2.182067326238551,1.9335477580727418,2.4493243709626413,2.25,2.172719561260561,Before the historical event,Event not experienced
0.06000000000000005,0,0,0,Nonshared environmental variance,20,9.078101124518446,9.068121683729121,8.817552100446633,9.440872062818471,4,9.078101124518446,Before the historical event,Event not experienced
0.06000000000000005,0,0,0,Phenotypic variance,20,15.293521263725408,15.259167113869761,14.928372411217078,15.700258538435405,10.295375436337135,15.293521263725408,Before the historical event,Event not experienced
0.06000000000000005,0,1,0,Additive genetic variance,20,4.042700577946402,3.967739626856175,3.6092965601762774,4.590386542894398,4.045375436337134,4.042700577946402,Before the historical event,Event experienced
0.06000000000000005,0,1,0,Nuclear-family environmental variance,20,2.172719561260561,2.182067326238551,1.9335477580727418,2.4493243709626413,2.25,2.172719561260561,Before the historical event,Event experienced
0.06000000000000005,0,1,0,Nonshared environmental variance,20,9.078101124518446,9.068121683729121,8.817552100446633,9.440872062818471,4,9.078101124518446,Before the historical event,Event experienced
0.06000000000000005,0,1,0,Phenotypic variance,20,15.293521263725408,15.259167113869761,14.928372411217078,15.700258538435405,10.295375436337135,15.293521263725408,Before the historical event,Event experienced
0.06000000000000005,1,0,0,Additive genetic variance,20,4.042700577946402,3.967739626856175,3.6092965601762774,4.590386542894398,4.045375436337134,4.042700577946402,After the historical event,Event not experienced
0.06000000000000005,1,0,0,Nuclear-family environmental variance,20,2.172719561260561,2.182067326238551,1.9335477580727418,2.4493243709626413,2.25,2.172719561260561,After the historical event,Event not experienced
0.06000000000000005,1,0,0,Nonshared environmental variance,20,9.078101124518446,9.068121683729121,8.817552100446633,9.440872062818471,4,9.078101124518446,After the historical event,Event not experienced
0.06000000000000005,1,0,0,Phenotypic variance,20,15.293521263725408,15.259167113869761,14.928372411217078,15.700258538435405,10.295375436337135,15.293521263725408,After the historical event,Event not experienced
0.06000000000000005,1,1,1,Additive genetic variance,20,6.103349265601486,6.142497934245682,4.599084080964999,8.056484770644143,6.034990987159068,6.103349265601486,After the historical event,Event experienced
0.06000000000000005,1,1,1,Nuclear-family environmental variance,20,2.1410083302654415,2.1125903231897407,1.772742722679207,2.59870502461544,2.25,2.1410083302654415,After the historical event,Event experienced
0.06000000000000005,1,1,1,Nonshared environmental variance,20,9.050538111399932,9.097658302978282,8.486837331277941,9.727314627999302,4,9.050538111399932,After the historical event,Event experienced
0.06000000000000005,1,1,1,Phenotypic variance,20,17.29489570726686,17.227772651628484,15.992014055425255,18.909467849476115,12.284990987159068,17.29489570726686,After the historical event,Event experienced
0.08000000000000007,0,0,0,Additive genetic variance,20,4.055590712658002,3.9843362118489547,3.620346918500121,4.601796755083829,4.05931549098538,4.055590712658002,Before the historical event,Event not experienced
0.08000000000000007,0,0,0,Nuclear-family environmental variance,20,2.1735120081351305,2.183212918646433,1.9360395081965776,2.44613727381087,2.25,2.1735120081351305,Before the historical event,Event not experienced
0.08000000000000007,0,0,0,Nonshared environmental variance,20,9.078023713720771,9.068771300017627,8.819090142880103,9.438268646867813,4,9.078023713720771,Before the historical event,Event not experienced
0.08000000000000007,0,0,0,Phenotypic variance,20,15.307126434513904,15.271367438517798,14.938536921259036,15.713029174027806,10.30931549098538,15.307126434513904,Before the historical event,Event not experienced
0.08000000000000007,0,1,0,Additive genetic variance,20,4.055590712658002,3.9843362118489547,3.620346918500121,4.601796755083829,4.05931549098538,4.055590712658002,Before the historical event,Event experienced
0.08000000000000007,0,1,0,Nuclear-family environmental variance,20,2.1735120081351305,2.183212918646433,1.9360395081965776,2.44613727381087,2.25,2.1735120081351305,Before the historical event,Event experienced
0.08000000000000007,0,1,0,Nonshared environmental variance,20,9.078023713720771,9.068771300017627,8.819090142880103,9.438268646867813,4,9.078023713720771,Before the historical event,Event experienced
0.08000000000000007,0,1,0,Phenotypic variance,20,15.307126434513904,15.271367438517798,14.938536921259036,15.713029174027806,10.30931549098538,15.307126434513904,Before the historical event,Event experienced
0.08000000000000007,1,0,0,Additive genetic variance,20,4.055590712658002,3.9843362118489547,3.620346918500121,4.601796755083829,4.05931549098538,4.055590712658002,After the historical event,Event not experienced
0.08000000000000007,1,0,0,Nuclear-family environmental variance,20,2.1735120081351305,2.183212918646433,1.9360395081965776,2.44613727381087,2.25,2.1735120081351305,After the historical event,Event not experienced
0.08000000000000007,1,0,0,Nonshared environmental variance,20,9.078023713720771,9.068771300017627,8.819090142880103,9.438268646867813,4,9.078023713720771,After the historical event,Event not experienced
0.08000000000000007,1,0,0,Phenotypic variance,20,15.307126434513904,15.271367438517798,14.938536921259036,15.713029174027806,10.30931549098538,15.307126434513904,After the historical event,Event not experienced
0.08000000000000007,1,1,1,Additive genetic variance,20,6.122745704991571,6.1574020313116,4.613588253347075,8.082174589496095,6.055787104969791,6.122745704991571,After the historical event,Event experienced
0.08000000000000007,1,1,1,Nuclear-family environmental variance,20,2.14178557872758,2.111606357512224,1.774106822990839,2.5987116637361196,2.25,2.14178557872758,After the historical event,Event experienced
0.08000000000000007,1,1,1,Nonshared environmental variance,20,9.050415992861916,9.094811245502692,8.490897963942736,9.72370204178602,4,9.050415992861916,After the historical event,Event experienced
0.08000000000000007,1,1,1,Phenotypic variance,20,17.31494727658107,17.24555345728662,16.009860746883817,18.93587728198412,12.305787104969792,17.31494727658107,After the historical event,Event experienced
0.10000000000000009,0,0,0,Additive genetic variance,20,4.067884658149984,3.998017584423538,3.630886624794246,4.612470447246096,4.072651905559175,4.067884658149984,Before the historical event,Event not experienced
0.10000000000000009,0,0,0,Nuclear-family environmental variance,20,2.174305404296678,2.184348841688138,1.9385334728647239,2.442982276183357,2.25,2.174305404296678,Before the historical event,Event not experienced
0.10000000000000009,0,0,0,Nonshared environmental variance,20,9.077938660612011,9.068105066862795,8.820623979223495,9.435671417068994,4,9.077938660612011,Before the historical event,Event not experienced
0.10000000000000009,0,0,0,Phenotypic variance,20,15.320128723058673,15.283036815854267,14.947034961235989,15.725111075914356,10.322651905559175,15.320128723058673,Before the historical event,Event not experienced
0.10000000000000009,0,1,0,Additive genetic variance,20,4.067884658149984,3.998017584423538,3.630886624794246,4.612470447246096,4.072651905559175,4.067884658149984,Before the historical event,Event experienced
0.10000000000000009,0,1,0,Nuclear-family environmental variance,20,2.174305404296678,2.184348841688138,1.9385334728647239,2.442982276183357,2.25,2.174305404296678,Before the historical event,Event experienced
0.10000000000000009,0,1,0,Nonshared environmental variance,20,9.077938660612011,9.068105066862795,8.820623979223495,9.435671417068994,4,9.077938660612011,Before the historical event,Event experienced
0.10000000000000009,0,1,0,Phenotypic variance,20,15.320128723058673,15.283036815854267,14.947034961235989,15.725111075914356,10.322651905559175,15.320128723058673,Before the historical event,Event experienced
0.10000000000000009,1,0,0,Additive genetic variance,20,4.067884658149984,3.998017584423538,3.630886624794246,4.612470447246096,4.072651905559175,4.067884658149984,After the historical event,Event not experienced
0.10000000000000009,1,0,0,Nuclear-family environmental variance,20,2.174305404296678,2.184348841688138,1.9385334728647239,2.442982276183357,2.25,2.174305404296678,After the historical event,Event not experienced
0.10000000000000009,1,0,0,Nonshared environmental variance,20,9.077938660612011,9.068105066862795,8.820623979223495,9.435671417068994,4,9.077938660612011,After the historical event,Event not experienced
0.10000000000000009,1,0,0,Phenotypic variance,20,15.320128723058673,15.283036815854267,14.947034961235989,15.725111075914356,10.322651905559175,15.320128723058673,After the historical event,Event not experienced
0.10000000000000009,1,1,1,Additive genetic variance,20,6.141240307137576,6.171565806779476,4.627454695528244,8.106510157695107,6.075682697608959,6.141240307137576,After the historical event,Event experienced
0.10000000000000009,1,1,1,Nuclear-family environmental variance,20,2.1425632612211967,2.1106449151545688,1.7754824788823245,2.5987087609068693,2.25,2.1425632612211967,After the historical event,Event experienced
0.10000000000000009,1,1,1,Nonshared environmental variance,20,9.050286483607968,9.091086810876018,8.491582592506113,9.720107230030202,4,9.050286483607968,After the historical event,Event experienced
0.10000000000000009,1,1,1,Phenotypic variance,20,17.33409005196674,17.262464070186905,16.027046461883767,18.96094042329504,12.325682697608958,17.33409005196674,After the historical event,Event experienced
0.1200000000000001,0,0,0,Additive genetic variance,20,4.079576603149857,4.0111186697260734,3.6409110494201897,4.622402278057385,4.085378422547272,4.079576603149857,Before the historical event,Event not experienced
0.1200000000000001,0,0,0,Nuclear-family environmental variance,20,2.175099643753433,2.185474991358554,1.941029579684894,2.4398592659303153,2.25,2.175099643753433,Before the historical event,Event not experienced
0.1200000000000001,0,0,0,Nonshared environmental variance,20,9.07784592870954,9.067340628264194,8.822153537914204,9.4330803491937,4,9.07784592870954,Before the historical event,Event not experienced
0.1200000000000001,0,0,0,Phenotypic variance,20,15.332522175612828,15.294170118599986,14.955035676974758,15.739330456438829,10.335378422547272,15.332522175612828,Before the historical event,Event not experienced
0.1200000000000001,0,1,0,Additive genetic variance,20,4.079576603149857,4.0111186697260734,3.6409110494201897,4.622402278057385,4.085378422547272,4.079576603149857,Before the historical event,Event experienced
0.1200000000000001,0,1,0,Nuclear-family environmental variance,20,2.175099643753433,2.185474991358554,1.941029579684894,2.4398592659303153,2.25,2.175099643753433,Before the historical event,Event experienced
0.1200000000000001,0,1,0,Nonshared environmental variance,20,9.07784592870954,9.067340628264194,8.822153537914204,9.4330803491937,4,9.07784592870954,Before the historical event,Event experienced
0.1200000000000001,0,1,0,Phenotypic variance,20,15.332522175612828,15.294170118599986,14.955035676974758,15.739330456438829,10.335378422547272,15.332522175612828,Before the historical event,Event experienced
0.1200000000000001,1,0,0,Additive genetic variance,20,4.079576603149857,4.0111186697260734,3.6409110494201897,4.622402278057385,4.085378422547272,4.079576603149857,After the historical event,Event not experienced
0.1200000000000001,1,0,0,Nuclear-family environmental variance,20,2.175099643753433,2.185474991358554,1.941029579684894,2.4398592659303153,2.25,2.175099643753433,After the historical event,Event not experienced
0.1200000000000001,1,0,0,Nonshared environmental variance,20,9.07784592870954,9.067340628264194,8.822153537914204,9.4330803491937,4,9.07784592870954,After the historical event,Event not experienced
0.1200000000000001,1,0,0,Phenotypic variance,20,15.332522175612828,15.294170118599986,14.955035676974758,15.739330456438829,10.335378422547272,15.332522175612828,After the historical event,Event not experienced
0.1200000000000001,1,1,1,Additive genetic variance,20,6.158824313196389,6.1849837268961085,4.640677417111469,8.129478789780975,6.094668429966753,6.158824313196389,After the historical event,Event experienced
0.1200000000000001,1,1,1,Nuclear-family environmental variance,20,2.14334127249796,2.1097059324018446,1.7768695785620752,2.598696198331718,2.25,2.14334127249796,After the historical event,Event experienced
0.1200000000000001,1,1,1,Nonshared environmental variance,20,9.05014954739711,9.087389925368559,8.49227644618193,9.716530172599764,4,9.05014954739711,After the historical event,Event experienced
0.1200000000000001,1,1,1,Phenotypic variance,20,17.35231513309146,17.278497377303346,16.04356213807104,18.98464437412727,12.344668429966752,17.35231513309146,After the historical event,Event experienced
0.14000000000000012,0,0,0,Additive genetic variance,20,4.090661006161757,4.023633485004793,3.6504157820232632,4.631670909518851,4.097489057575477,4.090661006161757,Before the historical event,Event not experienced
0.14000000000000012,0,0,0,Nuclear-family environmental variance,20,2.1758946214463304,2.1865912646853753,1.9435277564683422,2.4367681322796724,2.25,2.1758946214463304,Before the historical event,Event not experienced
0.14000000000000012,0,0,0,Nonshared environmental variance,20,9.07774548197494,9.067366430007116,8.823678748435302,9.430495419369358,4,9.07774548197494,Before the historical event,Event not experienced
0.14000000000000012,0,0,0,Phenotypic variance,20,15.344301109583029,15.30476242867649,14.962536308443992,15.753249969897812,10.347489057575476,15.344301109583029,Before the historical event,Event not experienced
0.14000000000000012,0,1,0,Additive genetic variance,20,4.090661006161757,4.023633485004793,3.6504157820232632,4.631670909518851,4.097489057575477,4.090661006161757,Before the historical event,Event experienced
0.14000000000000012,0,1,0,Nuclear-family environmental variance,20,2.1758946214463304,2.1865912646853753,1.9435277564683422,2.4367681322796724,2.25,2.1758946214463304,Before the historical event,Event experienced
0.14000000000000012,0,1,0,Nonshared environmental variance,20,9.07774548197494,9.067366430007116,8.823678748435302,9.430495419369358,4,9.07774548197494,Before the historical event,Event experienced
0.14000000000000012,0,1,0,Phenotypic variance,20,15.344301109583029,15.30476242867649,14.962536308443992,15.753249969897812,10.347489057575476,15.344301109583029,Before the historical event,Event experienced
0.14000000000000012,1,0,0,Additive genetic variance,20,4.090661006161757,4.023633485004793,3.6504157820232632,4.631670909518851,4.097489057575477,4.090661006161757,After the historical event,Event not experienced
0.14000000000000012,1,0,0,Nuclear-family environmental variance,20,2.1758946214463304,2.1865912646853753,1.9435277564683422,2.4367681322796724,2.25,2.1758946214463304,After the historical event,Event not experienced
0.14000000000000012,1,0,0,Nonshared environmental variance,20,9.07774548197494,9.067366430007116,8.823678748435302,9.430495419369358,4,9.07774548197494,After the historical event,Event not experienced
0.14000000000000012,1,0,0,Phenotypic variance,20,15.344301109583029,15.30476242867649,14.962536308443992,15.753249969897812,10.347489057575476,15.344301109583029,After the historical event,Event not experienced
0.14000000000000012,1,1,1,Additive genetic variance,20,6.175489373425149,6.197650528173898,4.653250696204065,8.151068491166301,6.1127353744059505,6.175489373425149,After the historical event,Event experienced
0.14000000000000012,1,1,1,Nuclear-family environmental variance,20,2.14411950824262,2.108789346584742,1.778268011172403,2.59867385946139,2.25,2.14411950824262,After the historical event,Event experienced
0.14000000000000012,1,1,1,Nonshared environmental variance,20,9.050005148429419,9.083720553594988,8.492979496688296,9.71297084946404,4,9.050005148429419,After the historical event,Event experienced
0.14000000000000012,1,1,1,Phenotypic variance,20,17.36961403009719,17.29364663362709,16.05939901121954,19.006976922483503,12.36273537440595,17.36961403009719,After the historical event,Event experienced
0.16000000000000014,0,0,0,Additive genetic variance,20,4.101132599900018,4.03555630761797,3.6593966347687816,4.64302426754216,4.10897810409564,4.101132599900018,Before the historical event,Event not experienced
0.16000000000000014,0,0,0,Nuclear-family environmental variance,20,2.17669023325407,2.1876975597368506,1.946027931233262,2.4337087658296355,2.25,2.17669023325407,Before the historical event,Event not experienced
0.16000000000000014,0,0,0,Nonshared environmental variance,20,9.077637284814543,9.067812568679425,8.825199541317062,9.427916604078577,4,9.077637284814543,Before the historical event,Event not experienced
0.16000000000000014,0,0,0,Phenotypic variance,20,15.355460117968631,15.314809040687319,14.969534291024676,15.76641220599761,10.358978104095641,15.355460117968631,Before the historical event,Event not experienced
0.16000000000000014,0,1,0,Additive genetic variance,20,4.101132599900018,4.03555630761797,3.6593966347687816,4.64302426754216,4.10897810409564,4.101132599900018,Before the historical event,Event experienced
0.16000000000000014,0,1,0,Nuclear-family environmental variance,20,2.17669023325407,2.1876975597368506,1.946027931233262,2.4337087658296355,2.25,2.17669023325407,Before the historical event,Event experienced
0.16000000000000014,0,1,0,Nonshared environmental variance,20,9.077637284814543,9.067812568679425,8.825199541317062,9.427916604078577,4,9.077637284814543,Before the historical event,Event experienced
0.16000000000000014,0,1,0,Phenotypic variance,20,15.355460117968631,15.314809040687319,14.969534291024676,15.76641220599761,10.358978104095641,15.355460117968631,Before the historical event,Event experienced
0.16000000000000014,1,0,0,Additive genetic variance,20,4.101132599900018,4.03555630761797,3.6593966347687816,4.64302426754216,4.10897810409564,4.101132599900018,After the historical event,Event not experienced
0.16000000000000014,1,0,0,Nuclear-family environmental variance,20,2.17669023325407,2.1876975597368506,1.946027931233262,2.4337087658296355,2.25,2.17669023325407,After the historical event,Event not experienced
0.16000000000000014,1,0,0,Nonshared environmental variance,20,9.077637284814543,9.067812568679425,8.825199541317062,9.427916604078577,4,9.077637284814543,After the historical event,Event not experienced
0.16000000000000014,1,0,0,Phenotypic variance,20,15.355460117968631,15.314809040687319,14.969534291024676,15.76641220599761,10.358978104095641,15.355460117968631,After the historical event,Event not experienced
0.16000000000000014,1,1,1,Additive genetic variance,20,6.191227553875589,6.209561220844981,4.665169083548265,8.171267968580043,6.129875017757078,6.191227553875589,After the historical event,Event experienced
0.16000000000000014,1,1,1,Nuclear-family environmental variance,20,2.144897865078264,2.107895096074091,1.7796776667883765,2.5986416289980303,2.25,2.144897865078264,After the historical event,Event experienced
0.16000000000000014,1,1,1,Nonshared environmental variance,20,9.049853251346542,9.08074344963499,8.493691716231229,9.709429240693606,4,9.049853251346542,After the historical event,Event experienced
0.16000000000000014,1,1,1,Phenotypic variance,20,17.385978670300396,17.307905466915447,16.074548622325064,19.027926554154405,12.379875017757078,17.385978670300396,After the historical event,Event experienced
0.18000000000000016,0,0,0,Additive genetic variance,20,4.11098639551457,4.046881679451635,3.6678496454195297,4.653559577775136,4.119840137866362,4.11098639551457,Before the historical event,Event not experienced
0.18000000000000016,0,0,0,Nuclear-family environmental variance,20,2.1774863759981806,2.1887937756294757,1.9485300322082049,2.430681058541375,2.25,2.1774863759981806,Before the historical event,Event not experienced
0.18000000000000016,0,0,0,Nonshared environmental variance,20,9.07752130207994,9.068233384678315,8.826715848138495,9.425343880158618,4,9.07752130207994,Before the historical event,Event not experienced
0.18000000000000016,0,0,0,Phenotypic variance,20,15.36599407359269,15.324305465255165,14.976027257084036,15.778809695004156,10.369840137866362,15.36599407359269,Before the historical event,Event not experienced
0.18000000000000016,0,1,0,Additive genetic variance,20,4.11098639551457,4.046881679451635,3.6678496454195297,4.653559577775136,4.119840137866362,4.11098639551457,Before the historical event,Event experienced
0.18000000000000016,0,1,0,Nuclear-family environmental variance,20,2.1774863759981806,2.1887937756294757,1.9485300322082049,2.430681058541375,2.25,2.1774863759981806,Before the historical event,Event experienced
0.18000000000000016,0,1,0,Nonshared environmental variance,20,9.07752130207994,9.068233384678315,8.826715848138495,9.425343880158618,4,9.07752130207994,Before the historical event,Event experienced
0.18000000000000016,0,1,0,Phenotypic variance,20,15.36599407359269,15.324305465255165,14.976027257084036,15.778809695004156,10.369840137866362,15.36599407359269,Before the historical event,Event experienced
0.18000000000000016,1,0,0,Additive genetic variance,20,4.11098639551457,4.046881679451635,3.6678496454195297,4.653559577775136,4.119840137866362,4.11098639551457,After the historical event,Event not experienced
0.18000000000000016,1,0,0,Nuclear-family environmental variance,20,2.1774863759981806,2.1887937756294757,1.9485300322082049,2.430681058541375,2.25,2.1774863759981806,After the historical event,Event not experienced
0.18000000000000016,1,0,0,Nonshared environmental variance,20,9.07752130207994,9.068233384678315,8.826715848138495,9.425343880158618,4,9.07752130207994,After the historical event,Event not experienced
0.18000000000000016,1,0,0,Phenotypic variance,20,15.36599407359269,15.324305465255165,14.976027257084036,15.778809695004156,10.369840137866362,15.36599407359269,After the historical event,Event not experienced
0.18000000000000016,1,1,1,Additive genetic variance,20,6.206031342771781,6.220711092149239,4.67642740646107,8.190066639916973,6.146079268002854,6.206031342771781,After the historical event,Event experienced
0.18000000000000016,1,1,1,Nuclear-family environmental variance,20,2.1456762405715764,2.1070231202754615,1.7810984364167732,2.598599392899877,2.25,2.1456762405715764,After the historical event,Event experienced
0.18000000000000016,1,1,1,Nonshared environmental variance,20,9.049693821232218,9.078043294259324,8.49441307750449,9.705905326460083,4,9.049693821232218,After the historical event,Event experienced
0.18000000000000016,1,1,1,Phenotypic variance,20,17.401401404575573,17.32126788217486,16.089002824480016,19.04748246263422,12.396079268002854,17.401401404575573,After the historical event,Event experienced
0.20000000000000018,0,0,0,Additive genetic variance,20,4.120217686603351,4.0576044111379765,3.675771080251261,4.663271144522213,4.130070021220473,4.120217686603351,Before the historical event,Event not experienced
0.20000000000000018,0,0,0,Nuclear-family environmental variance,20,2.1782829474480794,2.189879812535623,1.951033987835508,2.427684903731805,2.25,2.1782829474480794,Before the historical event,Event not experienced
0.20000000000000018,0,0,0,Nonshared environmental variance,20,9.077397499068512,9.068628874444357,8.828227601528878,9.422777224800853,4,9.077397499068512,Before the historical event,Event not experienced
0.20000000000000018,0,0,0,Phenotypic variance,20,15.375898133119943,15.333247432211401,14.982013037418344,15.790435385356632,10.380070021220472,15.375898133119943,Before the historical event,Event not experienced
0.20000000000000018,0,1,0,Additive genetic variance,20,4.120217686603351,4.0576044111379765,3.675771080251261,4.663271144522213,4.130070021220473,4.120217686603351,Before the historical event,Event experienced
0.20000000000000018,0,1,0,Nuclear-family environmental variance,20,2.1782829474480794,2.189879812535623,1.951033987835508,2.427684903731805,2.25,2.1782829474480794,Before the historical event,Event experienced
0.20000000000000018,0,1,0,Nonshared environmental variance,20,9.077397499068512,9.068628874444357,8.828227601528878,9.422777224800853,4,9.077397499068512,Before the historical event,Event experienced
0.20000000000000018,0,1,0,Phenotypic variance,20,15.375898133119943,15.333247432211401,14.982013037418344,15.790435385356632,10.380070021220472,15.375898133119943,Before the historical event,Event experienced
0.20000000000000018,1,0,0,Additive genetic variance,20,4.120217686603351,4.0576044111379765,3.675771080251261,4.663271144522213,4.130070021220473,4.120217686603351,After the historical event,Event not experienced
0.20000000000000018,1,0,0,Nuclear-family environmental variance,20,2.1782829474480794,2.189879812535623,1.951033987835508,2.427684903731805,2.25,2.1782829474480794,After the historical event,Event not experienced
0.20000000000000018,1,0,0,Nonshared environmental variance,20,9.077397499068512,9.068628874444357,8.828227601528878,9.422777224800853,4,9.077397499068512,After the historical event,Event not experienced
0.20000000000000018,1,0,0,Phenotypic variance,20,15.375898133119943,15.333247432211401,14.982013037418344,15.790435385356632,10.380070021220472,15.375898133119943,After the historical event,Event not experienced
0.20000000000000018,1,1,1,Additive genetic variance,20,6.219893656563992,6.231095709453103,4.687020772579373,8.207454643480908,6.161340460644508,6.219893656563992,After the historical event,Event experienced
0.20000000000000018,1,1,1,Nuclear-family environmental variance,20,2.1464545332380913,2.106173359623858,1.782530211995121,2.5985470383858664,2.25,2.1464545332380913,After the historical event,Event experienced
0.20000000000000018,1,1,1,Nonshared environmental variance,20,9.049526823612776,9.076202548426764,8.495143553689434,9.702399087035952,4,9.049526823612776,After the historical event,Event experienced
0.20000000000000018,1,1,1,Phenotypic variance,20,17.41587501341486,17.333728265873063,16.102753789520868,19.065634558436095,12.411340460644508,17.41587501341486,After the historical event,Event experienced
0.2200000000000002,0,0,0,Additive genetic variance,20,4.12882205300717,4.067719586069773,3.6831574368032616,4.672153709272239,4.139662907114614,4.12882205300717,Before the historical event,Event not experienced
0.2200000000000002,0,0,0,Nuclear-family environmental variance,20,2.179079846326137,2.190955571691103,1.9535397267747407,2.4247201960664735,2.25,2.179079846326137,Before the historical event,Event not experienced
0.2200000000000002,0,0,0,Nonshared environmental variance,20,9.077265841523941,9.068999034630513,8.829734735169264,9.420216615550235,4,9.077265841523941,Before the historical event,Event not experienced
0.2200000000000002,0,0,0,Phenotypic variance,20,15.385167740857248,15.341630893634933,14.987489662563256,15.80128265013779,10.389662907114614,15.385167740857248,Before the historical event,Event not experienced
0.2200000000000002,0,1,0,Additive genetic variance,20,4.12882205300717,4.067719586069773,3.6831574368032616,4.672153709272239,4.139662907114614,4.12882205300717,Before the historical event,Event experienced
0.2200000000000002,0,1,0,Nuclear-family environmental variance,20,2.179079846326137,2.190955571691103,1.9535397267747407,2.4247201960664735,2.25,2.179079846326137,Before the historical event,Event experienced
0.2200000000000002,0,1,0,Nonshared environmental variance,20,9.077265841523941,9.068999034630513,8.829734735169264,9.420216615550235,4,9.077265841523941,Before the historical event,Event experienced
0.2200000000000002,0,1,0,Phenotypic variance,20,15.385167740857248,15.341630893634933,14.987489662563256,15.80128265013779,10.389662907114614,15.385167740857248,Before the historical event,Event experienced
0.2200000000000002,1,0,0,Additive genetic variance,20,4.12882205300717,4.067719586069773,3.6831574368032616,4.672153709272239,4.139662907114614,4.12882205300717,After the historical event,Event not experienced
0.2200000000000002,1,0,0,Nuclear-family environmental variance,20,2.179079846326137,2.190955571691103,1.9535397267747407,2.4247201960664735,2.25,2.179079846326137,After the historical event,Event not experienced
0.2200000000000002,1,0,0,Nonshared environmental variance,20,9.077265841523941,9.068999034630513,8.829734735169264,9.420216615550235,4,9.077265841523941,After the historical event,Event not experienced
0.2200000000000002,1,0,0,Phenotypic variance,20,15.385167740857248,15.341630893634933,14.987489662563256,15.80128265013779,10.389662907114614,15.385167740857248,After the historical event,Event not experienced
0.2200000000000002,1,1,1,Additive genetic variance,20,6.232807845651763,6.240710923196267,4.696944573406572,8.223422846610557,6.175651364743042,6.232807845651763,After the historical event,Event experienced
0.2200000000000002,1,1,1,Nuclear-family environmental variance,20,2.147232642547442,2.1053457555784965,1.7839728863908308,2.598484453940186,2.25,2.147232642547442,After the historical event,Event experienced
0.2200000000000002,1,1,1,Nonshared environmental variance,20,9.04935222445765,9.07436301949111,8.495883118454866,9.698910502794353,4,9.04935222445765,After the historical event,Event experienced
0.2200000000000002,1,1,1,Phenotypic variance,20,17.429392712656853,17.345281389876344,16.115794014440922,19.08237347779596,12.425651364743043,17.429392712656853,After the historical event,Event experienced
0.2400000000000002,0,0,0,Additive genetic variance,20,4.136795364382667,4.077222564206494,3.6900054464611096,4.680202455443736,4.148614242956412,4.136795364382667,Before the historical event,Event not experienced
0.2400000000000002,0,0,0,Nuclear-family environmental variance,20,2.179876972312737,2.192020955402662,1.9560471779061652,2.4217868315525553,2.25,2.179876972312737,Before the historical event,Event not experienced
0.2400000000000002,0,0,0,Nonshared environmental variance,20,9.077126295636713,9.069343862102187,8.831237183793966,9.417662030304761,4,9.077126295636713,Before the historical event,Event not experienced
0.2400000000000002,0,0,0,Phenotypic variance,20,15.393798632332118,15.349452026737206,14.992455363970317,15.81134529316502,10.398614242956413,15.393798632332118,Before the historical event,Event not experienced
0.2400000000000002,0,1,0,Additive genetic variance,20,4.136795364382667,4.077222564206494,3.6900054464611096,4.680202455443736,4.148614242956412,4.136795364382667,Before the historical event,Event experienced
0.2400000000000002,0,1,0,Nuclear-family environmental variance,20,2.179876972312737,2.192020955402662,1.9560471779061652,2.4217868315525553,2.25,2.179876972312737,Before the historical event,Event experienced
0.2400000000000002,0,1,0,Nonshared environmental variance,20,9.077126295636713,9.069343862102187,8.831237183793966,9.417662030304761,4,9.077126295636713,Before the historical event,Event experienced
0.2400000000000002,0,1,0,Phenotypic variance,20,15.393798632332118,15.349452026737206,14.992455363970317,15.81134529316502,10.398614242956413,15.393798632332118,Before the historical event,Event experienced
0.2400000000000002,1,0,0,Additive genetic variance,20,4.136795364382667,4.077222564206494,3.6900054464611096,4.680202455443736,4.148614242956412,4.136795364382667,After the historical event,Event not experienced
0.2400000000000002,1,0,0,Nuclear-family environmental variance,20,2.179876972312737,2.192020955402662,1.9560471779061652,2.4217868315525553,2.25,2.179876972312737,After the historical event,Event not experienced
0.2400000000000002,1,0,0,Nonshared environmental variance,20,9.077126295636713,9.069343862102187,8.831237183793966,9.417662030304761,4,9.077126295636713,After the historical event,Event not experienced
0.2400000000000002,1,0,0,Phenotypic variance,20,15.393798632332118,15.349452026737206,14.992455363970317,15.81134529316502,10.398614242956413,15.393798632332118,After the historical event,Event not experienced
0.2400000000000002,1,1,1,Additive genetic variance,20,6.244767699769627,6.249552869663562,4.706194487657049,8.23796285367726,6.189005188628717,6.244767699769627,After the historical event,Event experienced
0.2400000000000002,1,1,1,Nuclear-family environmental variance,20,2.1480104689286077,2.1045402506176734,1.785426353400421,2.5984115293167593,2.25,2.1480104689286077,After the historical event,Event experienced
0.2400000000000002,1,1,1,Nonshared environmental variance,20,9.049169990179859,9.072524702702651,8.496631745956897,9.695439554208921,4,9.049169990179859,After the historical event,Event experienced
0.2400000000000002,1,1,1,Phenotypic variance,20,17.441948158878095,17.355922415107646,16.12811632756082,19.09769059075411,12.439005188628716,17.441948158878095,After the historical event,Event experienced
0.26000000000000023,0,0,0,Additive genetic variance,20,4.1441337835493,4.0861089856678525,3.6961578956196215,4.687413012737673,4.156919774205063,4.1441337835493,Before the historical event,Event not experienced
0.26000000000000023,0,0,0,Nuclear-family environmental variance,20,2.180674226051332,2.1930758670554136,1.9585562703342099,2.418884707531946,2.25,2.180674226051332,Before the historical event,Event not experienced
0.26000000000000023,0,0,0,Nonshared environmental variance,20,9.076978828044625,9.06966335393725,8.832734883192078,9.415113447314948,4,9.076978828044625,Before the historical event,Event not experienced
0.26000000000000023,0,0,0,Phenotypic variance,20,15.401786837645258,15.356707236590536,14.996908575048515,15.820617554694206,10.406919774205063,15.401786837645258,Before the historical event,Event not experienced
0.26000000000000023,0,1,0,Additive genetic variance,20,4.1441337835493,4.0861089856678525,3.6961578956196215,4.687413012737673,4.156919774205063,4.1441337835493,Before the historical event,Event experienced
0.26000000000000023,0,1,0,Nuclear-family environmental variance,20,2.180674226051332,2.1930758670554136,1.9585562703342099,2.418884707531946,2.25,2.180674226051332,Before the historical event,Event experienced
0.26000000000000023,0,1,0,Nonshared environmental variance,20,9.076978828044625,9.06966335393725,8.832734883192078,9.415113447314948,4,9.076978828044625,Before the historical event,Event experienced
0.26000000000000023,0,1,0,Phenotypic variance,20,15.401786837645258,15.356707236590536,14.996908575048515,15.820617554694206,10.406919774205063,15.401786837645258,Before the historical event,Event experienced
0.26000000000000023,1,0,0,Additive genetic variance,20,4.1441337835493,4.0861089856678525,3.6961578956196215,4.687413012737673,4.156919774205063,4.1441337835493,After the historical event,Event not experienced
0.26000000000000023,1,0,0,Nuclear-family environmental variance,20,2.180674226051332,2.1930758670554136,1.9585562703342099,2.418884707531946,2.25,2.180674226051332,After the historical event,Event not experienced
0.26000000000000023,1,0,0,Nonshared environmental variance,20,9.076978828044625,9.06966335393725,8.832734883192078,9.415113447314948,4,9.076978828044625,After the historical event,Event not experienced
0.26000000000000023,1,0,0,Phenotypic variance,20,15.401786837645258,15.356707236590536,14.996908575048515,15.820617554694206,10.406919774205063,15.401786837645258,After the historical event,Event not experienced
0.26000000000000023,1,1,1,Additive genetic variance,20,6.255767453029312,6.257617973579398,4.714766484395145,8.251067013444946,6.2013955852724845,6.255767453029312,After the historical event,Event experienced
0.26000000000000023,1,1,1,Nuclear-family environmental variance,20,2.1487879137751484,2.1037567882337207,1.7868905077488288,2.5983281555436766,2.25,2.1487879137751484,After the historical event,Event experienced
0.26000000000000023,1,1,1,Nonshared environmental variance,20,9.048980087636513,9.070687593396713,8.497389410838828,9.691986221853572,4,9.048980087636513,After the historical event,Event experienced
0.26000000000000023,1,1,1,Phenotypic variance,20,17.453535454440974,17.365646894921948,16.13971389444975,19.11157800860478,12.451395585272484,17.453535454440974,After the historical event,Event experienced
0.28000000000000025,0,0,0,Additive genetic variance,20,4.150833769606486,4.094374774110889,3.698073467631655,4.693781461092285,4.164575547741305,4.150833769606486,Before the historical event,Event not experienced
0.28000000000000025,0,0,0,Nuclear-family environmental variance,20,2.1814715091535,2.1941202111202003,1.961066933390957,2.416013722674462,2.25,2.1814715091535,Before the historical event,Event not experienced
0.28000000000000025,0,0,0,Nonshared environmental variance,20,9.07682340583327,9.069957507426116,8.834227770208908,9.412570845183303,4,9.07682340583327,Before the historical event,Event not experienced
0.28000000000000025,0,0,0,Phenotypic variance,20,15.409128684593254,15.363393158697011,15.000847932069748,15.829094116728964,10.414575547741304,15.409128684593254,Before the historical event,Event not experienced
0.28000000000000025,0,1,0,Additive genetic variance,20,4.150833769606486,4.094374774110889,3.698073467631655,4.693781461092285,4.164575547741305,4.150833769606486,Before the historical event,Event experienced
0.28000000000000025,0,1,0,Nuclear-family environmental variance,20,2.1814715091535,2.1941202111202003,1.961066933390957,2.416013722674462,2.25,2.1814715091535,Before the historical event,Event experienced
0.28000000000000025,0,1,0,Nonshared environmental variance,20,9.07682340583327,9.069957507426116,8.834227770208908,9.412570845183303,4,9.07682340583327,Before the historical event,Event experienced
0.28000000000000025,0,1,0,Phenotypic variance,20,15.409128684593254,15.363393158697011,15.000847932069748,15.829094116728964,10.414575547741304,15.409128684593254,Before the historical event,Event experienced
0.28000000000000025,1,0,0,Additive genetic variance,20,4.150833769606486,4.094374774110889,3.698073467631655,4.693781461092285,4.164575547741305,4.150833769606486,After the historical event,Event not experienced
0.28000000000000025,1,0,0,Nuclear-family environmental variance,20,2.1814715091535,2.1941202111202003,1.961066933390957,2.416013722674462,2.25,2.1814715091535,After the historical event,Event not experienced
0.28000000000000025,1,0,0,Nonshared environmental variance,20,9.07682340583327,9.069957507426116,8.834227770208908,9.412570845183303,4,9.07682340583327,After the historical event,Event not experienced
0.28000000000000025,1,0,0,Phenotypic variance,20,15.409128684593254,15.363393158697011,15.000847932069748,15.829094116728964,10.414575547741304,15.409128684593254,After the historical event,Event not experienced
0.28000000000000025,1,1,1,Additive genetic variance,20,6.265801788612604,6.264902950522306,4.7226568259654105,8.26272842578316,6.212816657313399,6.265801788612604,After the historical event,Event experienced
0.28000000000000025,1,1,1,Nuclear-family environmental variance,20,2.1495648794504345,2.10299531292804,1.7883652450888112,2.5982342249275545,2.25,2.1495648794504345,After the historical event,Event experienced
0.28000000000000025,1,1,1,Nonshared environmental variance,20,9.04878248412928,9.06885168699354,8.498156088231003,9.688550486402338,4,9.04878248412928,After the historical event,Event experienced
0.28000000000000025,1,1,1,Phenotypic variance,20,17.464149152192316,17.374450778195392,16.15058022359036,19.12402859070444,12.4628166573134,17.464149152192316,After the historical event,Event experienced
0.30000000000000027,0,0,0,Additive genetic variance,20,4.156892080817338,4.102016139886869,3.6994904637509705,4.699304334234885,4.171577915003053,4.156892080817338,Before the historical event,Event not experienced
0.30000000000000027,0,0,0,Nuclear-family environmental variance,20,2.182268724203987,2.1934195477161156,1.963438331238347,2.4131737769711377,2.25,2.182268724203987,Before the historical event,Event not experienced
0.30000000000000027,0,0,0,Nonshared environmental variance,20,9.076659996536533,9.070226320071747,8.835715782747489,9.410034202863809,4,9.076659996536533,Before the historical event,Event not experienced
0.30000000000000027,0,0,0,Phenotypic variance,20,15.415820801557857,15.369506661395366,15.00427227493737,15.83677010792844,10.421577915003052,15.415820801557857,Before the historical event,Event not experienced
0.30000000000000027,0,1,0,Additive genetic variance,20,4.156892080817338,4.102016139886869,3.6994904637509705,4.699304334234885,4.171577915003053,4.156892080817338,Before the historical event,Event experienced
0.30000000000000027,0,1,0,Nuclear-family environmental variance,20,2.182268724203987,2.1934195477161156,1.963438331238347,2.4131737769711377,2.25,2.182268724203987,Before the historical event,Event experienced
0.30000000000000027,0,1,0,Nonshared environmental variance,20,9.076659996536533,9.070226320071747,8.835715782747489,9.410034202863809,4,9.076659996536533,Before the historical event,Event experienced
0.30000000000000027,0,1,0,Phenotypic variance,20,15.415820801557857,15.369506661395366,15.00427227493737,15.83677010792844,10.421577915003052,15.415820801557857,Before the historical event,Event experienced
0.30000000000000027,1,0,0,Additive genetic variance,20,4.156892080817338,4.102016139886869,3.6994904637509705,4.699304334234885,4.171577915003053,4.156892080817338,After the historical event,Event not experienced
0.30000000000000027,1,0,0,Nuclear-family environmental variance,20,2.182268724203987,2.1934195477161156,1.963438331238347,2.4131737769711377,2.25,2.182268724203987,After the historical event,Event not experienced
0.30000000000000027,1,0,0,Nonshared environmental variance,20,9.076659996536533,9.070226320071747,8.835715782747489,9.410034202863809,4,9.076659996536533,After the historical event,Event not experienced
0.30000000000000027,1,0,0,Phenotypic variance,20,15.415820801557857,15.369506661395366,15.00427227493737,15.83677010792844,10.421577915003052,15.415820801557857,After the historical event,Event not experienced
0.30000000000000027,1,1,1,Additive genetic variance,20,6.274865843109471,6.2714048091573185,4.729862070711148,8.27294094772501,6.22326296173643,6.274865843109471,After the historical event,Event experienced
0.30000000000000027,1,1,1,Nuclear-family environmental variance,20,2.1503412692928667,2.1022557702062312,1.7898504620004358,2.598129631057838,2.25,2.1503412692928667,After the historical event,Event experienced
0.30000000000000027,1,1,1,Nonshared environmental variance,20,9.04857714740487,9.067016978998247,8.498931753750732,9.685132328629166,4,9.04857714740487,After the historical event,Event experienced
0.30000000000000027,1,1,1,Phenotypic variance,20,17.473784259807207,17.382330412125,16.16070917178094,19.135035950630595,12.473262961736431,17.473784259807207,After the historical event,Event experienced
0.3200000000000003,0,0,0,Additive genetic variance,20,4.162305777255656,4.109029582974522,3.700408219256289,4.7039786228262095,4.177923534883223,4.162305777255656,Before the historical event,Event not experienced
0.3200000000000003,0,0,0,Nuclear-family environmental variance,20,2.183065774765752,2.19206056856408,1.9657272390408296,2.4103647717276298,2.25,2.183065774765752,Before the historical event,Event not experienced
0.3200000000000003,0,0,0,Nonshared environmental variance,20,9.076488568137068,9.070469789589705,8.837198859770012,9.40750349966139,4,9.076488568137068,Before the historical event,Event not experienced
0.3200000000000003,0,0,0,Phenotypic variance,20,15.421860120158476,15.375044848103368,15.00718064781701,15.843641108107184,10.427923534883224,15.421860120158476,Before the historical event,Event not experienced
0.3200000000000003,0,1,0,Additive genetic variance,20,4.162305777255656,4.109029582974522,3.700408219256289,4.7039786228262095,4.177923534883223,4.162305777255656,Before the historical event,Event experienced
0.3200000000000003,0,1,0,Nuclear-family environmental variance,20,2.183065774765752,2.19206056856408,1.9657272390408296,2.4103647717276298,2.25,2.183065774765752,Before the historical event,Event experienced
0.3200000000000003,0,1,0,Nonshared environmental variance,20,9.076488568137068,9.070469789589705,8.837198859770012,9.40750349966139,4,9.076488568137068,Before the historical event,Event experienced
0.3200000000000003,0,1,0,Phenotypic variance,20,15.421860120158476,15.375044848103368,15.00718064781701,15.843641108107184,10.427923534883224,15.421860120158476,Before the historical event,Event experienced
0.3200000000000003,1,0,0,Additive genetic variance,20,4.162305777255656,4.109029582974522,3.700408219256289,4.7039786228262095,4.177923534883223,4.162305777255656,After the historical event,Event not experienced
0.3200000000000003,1,0,0,Nuclear-family environmental variance,20,2.183065774765752,2.19206056856408,1.9657272390408296,2.4103647717276298,2.25,2.183065774765752,After the historical event,Event not experienced
0.3200000000000003,1,0,0,Nonshared environmental variance,20,9.076488568137068,9.070469789589705,8.837198859770012,9.40750349966139,4,9.076488568137068,After the historical event,Event not experienced
0.3200000000000003,1,0,0,Phenotypic variance,20,15.421860120158476,15.375044848103368,15.00718064781701,15.843641108107184,10.427923534883224,15.421860120158476,After the historical event,Event not experienced
0.3200000000000003,1,1,1,Additive genetic variance,20,6.28295521049643,6.2771208532840514,4.736379075478493,8.28169919886248,6.232729514195512,6.28295521049643,After the historical event,Event experienced
0.3200000000000003,1,1,1,Nuclear-family environmental variance,20,2.1511169876210836,2.1015381065733023,1.7913460559906567,2.598014268811041,2.25,2.1511169876210836,After the historical event,Event experienced
0.3200000000000003,1,1,1,Nonshared environmental variance,20,9.048364045655507,9.065183465000686,8.499716383502161,9.681731729407758,4,9.048364045655507,After the historical event,Event experienced
0.3200000000000003,1,1,1,Phenotypic variance,20,17.482436243773023,17.389282544736105,16.17009494926824,19.144594461683404,12.482729514195512,17.482436243773023,After the historical event,Event experienced
0.33999999999999986,0,0,0,Additive genetic variance,20,4.167072223213101,4.115411895686422,3.700826275411816,4.707801777193266,4.183609376386509,4.167072223213101,Before the historical event,Event not experienced
0.33999999999999986,0,0,0,Nuclear-family environmental variance,20,2.183862565384996,2.190729716757218,1.9680189168052027,2.407586609557713,2.25,2.183862565384996,Before the historical event,Event not experienced
0.33999999999999986,0,0,0,Nonshared environmental variance,20,9.076309089066768,9.07068791390818,8.838676941299271,9.404978715231401,4,9.076309089066768,Before the historical event,Event not experienced
0.33999999999999986,0,0,0,Phenotypic variance,20,15.427243877664864,15.380005059393506,15.009572299628976,15.849703152321274,10.43360937638651,15.427243877664864,Before the historical event,Event not experienced
0.33999999999999986,0,1,0,Additive genetic variance,20,4.167072223213101,4.115411895686422,3.700826275411816,4.707801777193266,4.183609376386509,4.167072223213101,Before the historical event,Event experienced
0.33999999999999986,0,1,0,Nuclear-family environmental variance,20,2.183862565384996,2.190729716757218,1.9680189168052027,2.407586609557713,2.25,2.183862565384996,Before the historical event,Event experienced
0.33999999999999986,0,1,0,Nonshared environmental variance,20,9.076309089066768,9.07068791390818,8.838676941299271,9.404978715231401,4,9.076309089066768,Before the historical event,Event experienced
0.33999999999999986,0,1,0,Phenotypic variance,20,15.427243877664864,15.380005059393506,15.009572299628976,15.849703152321274,10.43360937638651,15.427243877664864,Before the historical event,Event experienced
0.33999999999999986,1,0,0,Additive genetic variance,20,4.167072223213101,4.115411895686422,3.700826275411816,4.707801777193266,4.183609376386509,4.167072223213101,After the historical event,Event not experienced
0.33999999999999986,1,0,0,Nuclear-family environmental variance,20,2.183862565384996,2.190729716757218,1.9680189168052027,2.407586609557713,2.25,2.183862565384996,After the historical event,Event not experienced
0.33999999999999986,1,0,0,Nonshared environmental variance,20,9.076309089066768,9.07068791390818,8.838676941299271,9.404978715231401,4,9.076309089066768,After the historical event,Event not experienced
0.33999999999999986,1,0,0,Phenotypic variance,20,15.427243877664864,15.380005059393506,15.009572299628976,15.849703152321274,10.43360937638651,15.427243877664864,After the historical event,Event not experienced
0.33999999999999986,1,1,1,Additive genetic variance,20,6.29006594575054,6.282048683698516,4.742204997903462,8.288998566072603,6.241211792976988,6.29006594575054,After the historical event,Event experienced
0.33999999999999986,1,1,1,Nuclear-family environmental variance,20,2.151891939739158,2.100842269528961,1.7928519254929778,2.59788803435491,2.25,2.151891939739158,After the historical event,Event experienced
0.33999999999999986,1,1,1,Nonshared environmental variance,20,9.048143147519387,9.063351140675408,8.500509954076193,9.678348669711351,4,9.048143147519387,After the historical event,Event experienced
0.33999999999999986,1,1,1,Phenotypic variance,20,17.490101033009086,17.395304327094987,16.17873212460523,19.152699261723463,12.491211792976987,17.490101033009086,After the historical event,Event experienced
0.3599999999999999,0,0,0,Additive genetic variance,20,4.17118908936377,4.121160165145521,3.700744379840155,4.710771709647226,4.188632721042165,4.17118908936377,Before the historical event,Event not experienced
0.3599999999999999,0,0,0,Nuclear-family environmental variance,20,2.184659001596187,2.189636753218,1.9703133018507508,2.404839194376886,2.25,2.184659001596187,Before the historical event,Event not experienced
0.3599999999999999,0,0,0,Nonshared environmental variance,20,9.076121528207242,9.070880691168027,8.838854947917081,9.402459829579122,4,9.076121528207242,Before the historical event,Event not experienced
0.3599999999999999,0,0,0,Phenotypic variance,20,15.4319696191672,15.384384874899848,15.011446684401777,15.854952734535352,10.438632721042165,15.4319696191672,Before the historical event,Event not experienced
0.3599999999999999,0,1,0,Additive genetic variance,20,4.17118908936377,4.121160165145521,3.700744379840155,4.710771709647226,4.188632721042165,4.17118908936377,Before the historical event,Event experienced
0.3599999999999999,0,1,0,Nuclear-family environmental variance,20,2.184659001596187,2.189636753218,1.9703133018507508,2.404839194376886,2.25,2.184659001596187,Before the historical event,Event experienced
0.3599999999999999,0,1,0,Nonshared environmental variance,20,9.076121528207242,9.070880691168027,8.838854947917081,9.402459829579122,4,9.076121528207242,Before the historical event,Event experienced
0.3599999999999999,0,1,0,Phenotypic variance,20,15.4319696191672,15.384384874899848,15.011446684401777,15.854952734535352,10.438632721042165,15.4319696191672,Before the historical event,Event experienced
0.3599999999999999,1,0,0,Additive genetic variance,20,4.17118908936377,4.121160165145521,3.700744379840155,4.710771709647226,4.188632721042165,4.17118908936377,After the historical event,Event not experienced
0.3599999999999999,1,0,0,Nuclear-family environmental variance,20,2.184659001596187,2.189636753218,1.9703133018507508,2.404839194376886,2.25,2.184659001596187,After the historical event,Event not experienced
0.3599999999999999,1,0,0,Nonshared environmental variance,20,9.076121528207242,9.070880691168027,8.838854947917081,9.402459829579122,4,9.076121528207242,After the historical event,Event not experienced
0.3599999999999999,1,0,0,Phenotypic variance,20,15.4319696191672,15.384384874899848,15.011446684401777,15.854952734535352,10.438632721042165,15.4319696191672,After the historical event,Event not experienced
0.3599999999999999,1,1,1,Additive genetic variance,20,6.29619456809483,6.286186199866883,4.747337298479646,8.294835207568525,6.248705742599059,6.29619456809483,After the historical event,Event experienced
0.3599999999999999,1,1,1,Nuclear-family environmental variance,20,2.1526660319417807,2.100168207562993,1.7943679698672037,2.5977508251525383,2.25,2.1526660319417807,After the historical event,Event experienced
0.3599999999999999,1,1,1,Nonshared environmental variance,20,9.047914422081135,9.061520001781533,8.501312442550395,9.674983130612576,4,9.047914422081135,After the historical event,Event experienced
0.3599999999999999,1,1,1,Phenotypic variance,20,17.496775022117745,17.400393315224374,16.18661562922776,19.159346257339777,12.498705742599059,17.496775022117745,After the historical event,Event experienced
0.3799999999999999,0,0,0,Additive genetic variance,20,4.174654354683669,4.126271775529132,3.700162486750611,4.7128867963834145,4.192991165070102,4.174654354683669,Before the historical event,Event not experienced
0.3799999999999999,0,0,0,Nuclear-family environmental variance,20,2.1854549899270697,2.1899383049263816,1.9726103317567567,2.402122431396071,2.25,2.1854549899270697,Before the historical event,Event not experienced
0.3799999999999999,0,0,0,Nonshared environmental variance,20,9.075925854890269,9.071048119722779,8.836656021110198,9.399946823059217,4,9.075925854890269,Before the historical event,Event not experienced
0.3799999999999999,0,0,0,Phenotypic variance,20,15.436035199501008,15.388182115054093,15.012803461486424,15.859386810865782,10.4429911650701,15.436035199501008,Before the historical event,Event not experienced
0.3799999999999999,0,1,0,Additive genetic variance,20,4.174654354683669,4.126271775529132,3.700162486750611,4.7128867963834145,4.192991165070102,4.174654354683669,Before the historical event,Event experienced
0.3799999999999999,0,1,0,Nuclear-family environmental variance,20,2.1854549899270697,2.1899383049263816,1.9726103317567567,2.402122431396071,2.25,2.1854549899270697,Before the historical event,Event experienced
0.3799999999999999,0,1,0,Nonshared environmental variance,20,9.075925854890269,9.071048119722779,8.836656021110198,9.399946823059217,4,9.075925854890269,Before the historical event,Event experienced
0.3799999999999999,0,1,0,Phenotypic variance,20,15.436035199501008,15.388182115054093,15.012803461486424,15.859386810865782,10.4429911650701,15.436035199501008,Before the historical event,Event experienced
0.3799999999999999,1,0,0,Additive genetic variance,20,4.174654354683669,4.126271775529132,3.700162486750611,4.7128867963834145,4.192991165070102,4.174654354683669,After the historical event,Event not experienced
0.3799999999999999,1,0,0,Nuclear-family environmental variance,20,2.1854549899270697,2.1899383049263816,1.9726103317567567,2.402122431396071,2.25,2.1854549899270697,After the historical event,Event not experienced
0.3799999999999999,1,0,0,Nonshared environmental variance,20,9.075925854890269,9.071048119722779,8.836656021110198,9.399946823059217,4,9.075925854890269,After the historical event,Event not experienced
0.3799999999999999,1,0,0,Phenotypic variance,20,15.436035199501008,15.388182115054093,15.012803461486424,15.859386810865782,10.4429911650701,15.436035199501008,After the historical event,Event not experienced
0.3799999999999999,1,1,1,Additive genetic variance,20,6.301338063871365,6.289531601409535,4.751773742404447,8.299206056270618,6.255207777043224,6.301338063871365,After the historical event,Event experienced
0.3799999999999999,1,1,1,Nuclear-family environmental variance,20,2.153439171519426,2.099515870150722,1.795894089399272,2.5976025399664024,2.25,2.153439171519426,After the historical event,Event experienced
0.3799999999999999,1,1,1,Nonshared environmental variance,20,9.047677838872259,9.059690044162682,8.502123826488912,9.671635093283253,4,9.047677838872259,After the historical event,Event experienced
0.3799999999999999,1,1,1,Phenotypic variance,20,17.50245507426305,17.40454747171998,16.19374076174486,19.164532127342788,12.505207777043225,17.50245507426305,After the historical event,Event experienced
0.3999999999999999,0,0,0,Additive genetic variance,20,4.17746630812281,4.130744410077913,3.6990807570226307,4.714145878960972,4.196682621297882,4.17746630812281,Before the historical event,Event not experienced
0.3999999999999999,0,0,0,Nuclear-family environmental variance,20,2.1862504379036656,2.190254997022858,1.9749099443657494,2.400958393838475,2.25,2.1862504379036656,Before the historical event,Event not experienced
0.3999999999999999,0,0,0,Nonshared environmental variance,20,9.075722038898252,9.071190198138675,8.834083919736507,9.397439676375253,4,9.075722038898252,Before the historical event,Event not experienced
0.3999999999999999,0,0,0,Phenotypic variance,20,15.439438784924729,15.391394842649163,15.013642495631132,15.863002802395636,10.446682621297882,15.439438784924729,Before the historical event,Event not experienced
0.3999999999999999,0,1,0,Additive genetic variance,20,4.17746630812281,4.130744410077913,3.6990807570226307,4.714145878960972,4.196682621297882,4.17746630812281,Before the historical event,Event experienced
0.3999999999999999,0,1,0,Nuclear-family environmental variance,20,2.1862504379036656,2.190254997022858,1.9749099443657494,2.400958393838475,2.25,2.1862504379036656,Before the historical event,Event experienced
0.3999999999999999,0,1,0,Nonshared environmental variance,20,9.075722038898252,9.071190198138675,8.834083919736507,9.397439676375253,4,9.075722038898252,Before the historical event,Event experienced
0.3999999999999999,0,1,0,Phenotypic variance,20,15.439438784924729,15.391394842649163,15.013642495631132,15.863002802395636,10.446682621297882,15.439438784924729,Before the historical event,Event experienced
0.3999999999999999,1,0,0,Additive genetic variance,20,4.17746630812281,4.130744410077913,3.6990807570226307,4.714145878960972,4.196682621297882,4.17746630812281,After the historical event,Event not experienced
0.3999999999999999,1,0,0,Nuclear-family environmental variance,20,2.1862504379036656,2.190254997022858,1.9749099443657494,2.400958393838475,2.25,2.1862504379036656,After the historical event,Event not experienced
0.3999999999999999,1,0,0,Nonshared environmental variance,20,9.075722038898252,9.071190198138675,8.834083919736507,9.397439676375253,4,9.075722038898252,After the historical event,Event not experienced
0.3999999999999999,1,0,0,Phenotypic variance,20,15.439438784924729,15.391394842649163,15.013642495631132,15.863002802395636,10.446682621297882,15.439438784924729,After the historical event,Event not experienced
0.3999999999999999,1,1,1,Additive genetic variance,20,6.3054938890386305,6.292083389393989,4.755512401201955,8.302108822493427,6.260714782614087,6.3054938890386305,After the historical event,Event experienced
0.3999999999999999,1,1,1,Nuclear-family environmental variance,20,2.1542112667635065,2.0988852077485527,1.7974301853011783,2.5974430788623386,2.25,2.1542112667635065,After the historical event,Event experienced
0.3999999999999999,1,1,1,Nonshared environmental variance,20,9.047433367871589,9.057861263746894,8.50294408394241,9.668304538994207,4,9.047433367871589,After the historical event,Event experienced
0.3999999999999999,1,1,1,Phenotypic variance,20,17.507138523673728,17.407765167066298,16.200103191937473,19.168254325578204,12.510714782614087,17.507138523673728,After the historical event,Event experienced
0.41999999999999993,0,0,0,Additive genetic variance,20,4.179623550027999,4.1345760528676685,3.6974995581442203,4.714548265360294,4.1997053208264665,4.179623550027999,Before the historical event,Event not experienced
0.41999999999999993,0,0,0,Nuclear-family environmental variance,20,2.1870452540552616,2.1905867690023424,1.9772120777867617,2.4017159557727137,2.25,2.1870452540552616,Before the historical event,Event not experienced
0.41999999999999993,0,0,0,Nonshared environmental variance,20,9.075510050464668,9.072892759301515,8.831556528784287,9.394938370579185,4,9.075510050464668,Before the historical event,Event not experienced
0.41999999999999993,0,0,0,Phenotypic variance,20,15.442178854547928,15.394021364228625,15.013963856916517,15.865798597557879,10.449705320826467,15.442178854547928,Before the historical event,Event not experienced
0.41999999999999993,0,1,0,Additive genetic variance,20,4.179623550027999,4.1345760528676685,3.6974995581442203,4.714548265360294,4.1997053208264665,4.179623550027999,Before the historical event,Event experienced
0.41999999999999993,0,1,0,Nuclear-family environmental variance,20,2.1870452540552616,2.1905867690023424,1.9772120777867617,2.4017159557727137,2.25,2.1870452540552616,Before the historical event,Event experienced
0.41999999999999993,0,1,0,Nonshared environmental variance,20,9.075510050464668,9.072892759301515,8.831556528784287,9.394938370579185,4,9.075510050464668,Before the historical event,Event experienced
0.41999999999999993,0,1,0,Phenotypic variance,20,15.442178854547928,15.394021364228625,15.013963856916517,15.865798597557879,10.449705320826467,15.442178854547928,Before the historical event,Event experienced
0.41999999999999993,1,0,0,Additive genetic variance,20,4.179623550027999,4.1345760528676685,3.6974995581442203,4.714548265360294,4.1997053208264665,4.179623550027999,After the historical event,Event not experienced
0.41999999999999993,1,0,0,Nuclear-family environmental variance,20,2.1870452540552616,2.1905867690023424,1.9772120777867617,2.4017159557727137,2.25,2.1870452540552616,After the historical event,Event not experienced
0.41999999999999993,1,0,0,Nonshared environmental variance,20,9.075510050464668,9.072892759301515,8.831556528784287,9.394938370579185,4,9.075510050464668,After the historical event,Event not experienced
0.41999999999999993,1,0,0,Phenotypic variance,20,15.442178854547928,15.394021364228625,15.013963856916517,15.865798597557879,10.449705320826467,15.442178854547928,After the historical event,Event not experienced
0.41999999999999993,1,1,1,Additive genetic variance,20,6.308659971290243,6.293840367435351,4.758551654120839,8.303541995945146,6.265224120424377,6.308659971290243,After the historical event,Event experienced
0.41999999999999993,1,1,1,Nuclear-family environmental variance,20,2.1549822269715047,2.098276171789597,1.7989761597109752,2.5972723432134437,2.25,2.1549822269715047,After the historical event,Event experienced
0.41999999999999993,1,1,1,Nonshared environmental variance,20,9.04718097950572,9.056033656546528,8.503773193448005,9.664991449115107,4,9.04718097950572,After the historical event,Event experienced
0.41999999999999993,1,1,1,Phenotypic variance,20,17.510823177767467,17.410045180650453,16.205698964460858,19.170511083058155,12.515224120424378,17.510823177767467,After the historical event,Event experienced
0.43999999999999995,0,0,0,Additive genetic variance,20,4.181124993314641,4.139942308601675,3.695419464005388,4.714093730616918,4.202057814442863,4.181124993314641,Before the historical event,Event not experienced
0.43999999999999995,0,0,0,Nuclear-family environmental variance,20,2.1878393479193794,2.1909335615283823,1.9795166703986031,2.40246533794799,2.25,2.1878393479193794,Before the historical event,Event not experienced
0.43999999999999995,0,0,0,Nonshared environmental variance,20,9.075289860274507,9.075281711091943,8.82907381266479,9.392442887070848,4,9.075289860274507,Before the historical event,Event not experienced
0.43999999999999995,0,0,0,Phenotypic variance,20,15.44425420150853,15.396060231300627,15.013767820551152,15.867772554083569,10.452057814442863,15.44425420150853,Before the historical event,Event not experienced
0.43999999999999995,0,1,0,Additive genetic variance,20,4.181124993314641,4.139942308601675,3.695419464005388,4.714093730616918,4.202057814442863,4.181124993314641,Before the historical event,Event experienced
0.43999999999999995,0,1,0,Nuclear-family environmental variance,20,2.1878393479193794,2.1909335615283823,1.9795166703986031,2.40246533794799,2.25,2.1878393479193794,Before the historical event,Event experienced
0.43999999999999995,0,1,0,Nonshared environmental variance,20,9.075289860274507,9.075281711091943,8.82907381266479,9.392442887070848,4,9.075289860274507,Before the historical event,Event experienced
0.43999999999999995,0,1,0,Phenotypic variance,20,15.44425420150853,15.396060231300627,15.013767820551152,15.867772554083569,10.452057814442863,15.44425420150853,Before the historical event,Event experienced
0.43999999999999995,1,0,0,Additive genetic variance,20,4.181124993314641,4.139942308601675,3.695419464005388,4.714093730616918,4.202057814442863,4.181124993314641,After the historical event,Event not experienced
0.43999999999999995,1,0,0,Nuclear-family environmental variance,20,2.1878393479193794,2.1909335615283823,1.9795166703986031,2.40246533794799,2.25,2.1878393479193794,After the historical event,Event not experienced
0.43999999999999995,1,0,0,Nonshared environmental variance,20,9.075289860274507,9.075281711091943,8.82907381266479,9.392442887070848,4,9.075289860274507,After the historical event,Event not experienced
0.43999999999999995,1,0,0,Phenotypic variance,20,15.44425420150853,15.396060231300627,15.013767820551152,15.867772554083569,10.452057814442863,15.44425420150853,After the historical event,Event not experienced
0.43999999999999995,1,1,1,Additive genetic variance,20,6.310834711792563,6.2953236494950335,4.760890189305828,8.303504847037221,6.268733628502362,6.310834711792563,After the historical event,Event experienced
0.43999999999999995,1,1,1,Nuclear-family environmental variance,20,2.1557519624520918,2.09768871467938,1.800531915692864,2.5970902357039183,2.25,2.1557519624520918,After the historical event,Event experienced
0.43999999999999995,1,1,1,Nonshared environmental variance,20,9.046920644649434,9.054207218658199,8.504611134029217,9.661695805114281,4,9.046920644649434,After the historical event,Event experienced
0.43999999999999995,1,1,1,Phenotypic variance,20,17.51350731889409,17.411386701473045,16.210524502246216,19.171301409407114,12.518733628502362,17.51350731889409,After the historical event,Event experienced
0.45999999999999996,0,0,0,Additive genetic variance,20,4.181969864386171,4.145069154310402,3.692841254546753,4.712782517031009,4.203738973778092,4.181969864386171,Before the historical event,Event not experienced
0.45999999999999996,0,0,0,Nuclear-family environmental variance,20,2.1886326300467336,2.191295316429862,1.9818236608531439,2.403206359380829,2.25,2.1886326300467336,Before the historical event,Event not experienced
0.45999999999999996,0,0,0,Nonshared environmental variance,20,9.075061439464708,9.077626472382084,8.826635736472277,9.389953207597436,4,9.075061439464708,Before the historical event,Event not experienced
0.45999999999999996,0,0,0,Phenotypic variance,20,15.445663933897611,15.397510241375006,15.013054866527789,15.868923500512512,10.453738973778092,15.445663933897611,Before the historical event,Event not experienced
0.45999999999999996,0,1,0,Additive genetic variance,20,4.181969864386171,4.145069154310402,3.692841254546753,4.712782517031009,4.203738973778092,4.181969864386171,Before the historical event,Event experienced
0.45999999999999996,0,1,0,Nuclear-family environmental variance,20,2.1886326300467336,2.191295316429862,1.9818236608531439,2.403206359380829,2.25,2.1886326300467336,Before the historical event,Event experienced
0.45999999999999996,0,1,0,Nonshared environmental variance,20,9.075061439464708,9.077626472382084,8.826635736472277,9.389953207597436,4,9.075061439464708,Before the historical event,Event experienced
0.45999999999999996,0,1,0,Phenotypic variance,20,15.445663933897611,15.397510241375006,15.013054866527789,15.868923500512512,10.453738973778092,15.445663933897611,Before the historical event,Event experienced
0.45999999999999996,1,0,0,Additive genetic variance,20,4.181969864386171,4.145069154310402,3.692841254546753,4.712782517031009,4.203738973778092,4.181969864386171,After the historical event,Event not experienced
0.45999999999999996,1,0,0,Nuclear-family environmental variance,20,2.1886326300467336,2.191295316429862,1.9818236608531439,2.403206359380829,2.25,2.1886326300467336,After the historical event,Event not experienced
0.45999999999999996,1,0,0,Nonshared environmental variance,20,9.075061439464708,9.077626472382084,8.826635736472277,9.389953207597436,4,9.075061439464708,After the historical event,Event not experienced
0.45999999999999996,1,0,0,Phenotypic variance,20,15.445663933897611,15.397510241375006,15.013054866527789,15.868923500512512,10.453738973778092,15.445663933897611,After the historical event,Event not experienced
0.45999999999999996,1,1,1,Additive genetic variance,20,6.312016986539096,6.299260053491878,4.762527004741574,8.30199742750246,6.271241623519326,6.312016986539096,After the historical event,Event experienced
0.45999999999999996,1,1,1,Nuclear-family environmental variance,20,2.156520384530222,2.0975923763743562,1.8020973572373635,2.5968966603328325,2.25,2.156520384530222,After the historical event,Event experienced
0.45999999999999996,1,1,1,Nonshared environmental variance,20,9.046652334626126,9.052381946262646,8.50545788519591,9.658417588558535,4,9.046652334626126,After the historical event,Event experienced
0.45999999999999996,1,1,1,Phenotypic variance,20,17.51518970569544,17.41178932855525,16.214576609597337,19.170625093620778,12.521241623519327,17.51518970569544,After the historical event,Event experienced
0.48,0,0,0,Additive genetic variance,20,4.1821577038000015,4.149540556669564,3.689765915263625,4.710615333952214,4.2047479922091675,4.1821577038000015,Before the historical event,Event not experienced
0.48,0,0,0,Nuclear-family environmental variance,20,2.189425012006169,2.191671976697805,1.9839869756915358,2.4039388404083737,2.25,2.189425012006169,Before the historical event,Event not experienced
0.48,0,0,0,Nonshared environmental variance,20,9.074824759624581,9.077131328332328,8.824242265983191,9.387469314253035,4,9.074824759624581,Before the historical event,Event not experienced
0.48,0,0,0,Phenotypic variance,20,15.446407475430751,15.39837043882266,15.011825679140465,15.869250737264464,10.454747992209168,15.446407475430751,Before the historical event,Event not experienced
0.48,0,1,0,Additive genetic variance,20,4.1821577038000015,4.149540556669564,3.689765915263625,4.710615333952214,4.2047479922091675,4.1821577038000015,Before the historical event,Event experienced
0.48,0,1,0,Nuclear-family environmental variance,20,2.189425012006169,2.191671976697805,1.9839869756915358,2.4039388404083737,2.25,2.189425012006169,Before the historical event,Event experienced
0.48,0,1,0,Nonshared environmental variance,20,9.074824759624581,9.077131328332328,8.824242265983191,9.387469314253035,4,9.074824759624581,Before the historical event,Event experienced
0.48,0,1,0,Phenotypic variance,20,15.446407475430751,15.39837043882266,15.011825679140465,15.869250737264464,10.454747992209168,15.446407475430751,Before the historical event,Event experienced
0.48,1,0,0,Additive genetic variance,20,4.1821577038000015,4.149540556669564,3.689765915263625,4.710615333952214,4.2047479922091675,4.1821577038000015,After the historical event,Event not experienced
0.48,1,0,0,Nuclear-family environmental variance,20,2.189425012006169,2.191671976697805,1.9839869756915358,2.4039388404083737,2.25,2.189425012006169,After the historical event,Event not experienced
0.48,1,0,0,Nonshared environmental variance,20,9.074824759624581,9.077131328332328,8.824242265983191,9.387469314253035,4,9.074824759624581,After the historical event,Event not experienced
0.48,1,0,0,Phenotypic variance,20,15.446407475430751,15.39837043882266,15.011825679140465,15.869250737264464,10.454747992209168,15.446407475430751,After the historical event,Event not experienced
0.48,1,1,1,Additive genetic variance,20,6.312206147320091,6.302306377419924,4.763461408967984,8.299020570320936,6.2727469021351805,6.312206147320091,After the historical event,Event experienced
0.48,1,1,1,Nuclear-family environmental variance,20,2.157287405552208,2.097644337369136,1.8036723892615654,2.596691522417827,2.25,2.157287405552208,After the historical event,Event experienced
0.48,1,1,1,Nonshared environmental variance,20,9.046376021208225,9.053384368509976,8.506313426944278,9.655156781112971,4,9.046376021208225,After the historical event,Event experienced
0.48,1,1,1,Phenotypic variance,20,17.515869574080526,17.411253071041948,16.2178524749786,19.168482704137034,12.52274690213518,17.515869574080526,After the historical event,Event experienced
0.5,0,0,0,Additive genetic variance,20,4.181688366679209,4.153354330257593,3.6861946365660208,4.707593357140123,4.2050843855040965,4.181688366679209,Before the historical event,Event not experienced
0.5,0,0,0,Nuclear-family environmental variance,20,2.1902164063895837,2.1916174756143576,1.983818016656858,2.4046626027017965,2.25,2.1902164063895837,Before the historical event,Event not experienced
0.5,0,0,0,Nonshared environmental variance,20,9.074579792796232,9.075090249797395,8.821893367655345,9.384991189478114,4,9.074579792796232,Before the historical event,Event not experienced
0.5,0,0,0,Phenotypic variance,20,15.446484565865024,15.39864011555617,15.010081146363014,15.868754037269287,10.455084385504097,15.446484565865024,Before the historical event,Event not experienced
0.5,0,1,0,Additive genetic variance,20,4.181688366679209,4.153354330257593,3.6861946365660208,4.707593357140123,4.2050843855040965,4.181688366679209,Before the historical event,Event experienced
0.5,0,1,0,Nuclear-family environmental variance,20,2.1902164063895837,2.1916174756143576,1.983818016656858,2.4046626027017965,2.25,2.1902164063895837,Before the historical event,Event experienced
0.5,0,1,0,Nonshared environmental variance,20,9.074579792796232,9.075090249797395,8.821893367655345,9.384991189478114,4,9.074579792796232,Before the historical event,Event experienced
0.5,0,1,0,Phenotypic variance,20,15.446484565865024,15.39864011555617,15.010081146363014,15.868754037269287,10.455084385504097,15.446484565865024,Before the historical event,Event experienced
0.5,1,0,0,Additive genetic variance,20,4.181688366679209,4.153354330257593,3.6861946365660208,4.707593357140123,4.2050843855040965,4.181688366679209,After the historical event,Event not experienced
0.5,1,0,0,Nuclear-family environmental variance,20,2.1902164063895837,2.1916174756143576,1.983818016656858,2.4046626027017965,2.25,2.1902164063895837,After the historical event,Event not experienced
0.5,1,0,0,Nonshared environmental variance,20,9.074579792796232,9.075090249797395,8.821893367655345,9.384991189478114,4,9.074579792796232,After the historical event,Event not experienced
0.5,1,0,0,Phenotypic variance,20,15.446484565865024,15.39864011555617,15.010081146363014,15.868754037269287,10.455084385504097,15.446484565865024,After the historical event,Event not experienced
0.5,1,1,1,Additive genetic variance,20,6.311402022306167,6.304461348288406,4.763693021566269,8.294575888953784,6.273248741960675,6.311402022306167,After the historical event,Event experienced
0.5,1,1,1,Nuclear-family environmental variance,20,2.158052938890776,2.097709506511239,1.8052569176094686,2.596474728598741,2.25,2.158052938890776,After the historical event,Event experienced
0.5,1,1,1,Nonshared environmental variance,20,9.0460916766176,9.054734276575857,8.507177739756795,9.651913364540837,4,9.0460916766176,After the historical event,Event experienced
0.5,1,1,1,Phenotypic variance,20,17.51554663781454,17.40977834800061,16.22034967349082,19.164875588218933,12.523248741960675,17.51554663781454,After the historical event,Event experienced
0.52,0,0,0,Additive genetic variance,20,4.180562022869421,4.156508607303856,3.682128812995195,4.703718227701142,4.2047479922091675,4.180562022869421,Before the historical event,Event not experienced
0.52,0,0,0,Nuclear-family environmental variance,20,2.191006726816829,2.190130962118675,1.9836706387432859,2.405377469279636,2.25,2.191006726816829,Before the historical event,Event not experienced
0.52,0,0,0,Nonshared environmental variance,20,9.074326511474972,9.073055391591442,8.819589008627137,9.382563998479366,4,9.074326511474972,Before the historical event,Event not experienced
0.52,0,0,0,Phenotypic variance,20,15.44589526116122,15.398318811531015,15.007822359089506,15.867433646155432,10.454747992209168,15.44589526116122,Before the historical event,Event not experienced
0.52,0,1,0,Additive genetic variance,20,4.180562022869421,4.156508607303856,3.682128812995195,4.703718227701142,4.2047479922091675,4.180562022869421,Before the historical event,Event experienced
0.52,0,1,0,Nuclear-family environmental variance,20,2.191006726816829,2.190130962118675,1.9836706387432859,2.405377469279636,2.25,2.191006726816829,Before the historical event,Event experienced
0.52,0,1,0,Nonshared environmental variance,20,9.074326511474972,9.073055391591442,8.819589008627137,9.382563998479366,4,9.074326511474972,Before the historical event,Event experienced
0.52,0,1,0,Phenotypic variance,20,15.44589526116122,15.398318811531015,15.007822359089506,15.867433646155432,10.454747992209168,15.44589526116122,Before the historical event,Event experienced
0.52,1,0,0,Additive genetic variance,20,4.180562022869421,4.156508607303856,3.682128812995195,4.703718227701142,4.2047479922091675,4.180562022869421,After the historical event,Event not experienced
0.52,1,0,0,Nuclear-family environmental variance,20,2.191006726816829,2.190130962118675,1.9836706387432859,2.405377469279636,2.25,2.191006726816829,After the historical event,Event not experienced
0.52,1,0,0,Nonshared environmental variance,20,9.074326511474972,9.073055391591442,8.819589008627137,9.382563998479366,4,9.074326511474972,After the historical event,Event not experienced
0.52,1,0,0,Phenotypic variance,20,15.44589526116122,15.398318811531015,15.007822359089506,15.867433646155432,10.454747992209168,15.44589526116122,After the historical event,Event not experienced
0.52,1,1,1,Additive genetic variance,20,6.309604916245206,6.3057240714603635,4.763221773415256,8.288665775885903,6.2727469021351805,6.309604916245206,After the historical event,Event experienced
0.52,1,1,1,Nuclear-family environmental variance,20,2.1588168989500915,2.0977878194710993,1.8068508490523967,2.5962461868411713,2.25,2.1588168989500915,After the historical event,Event experienced
0.52,1,1,1,Nonshared environmental variance,20,9.04579927352596,9.056041854267834,8.508050804602203,9.64868732070332,4,9.04579927352596,After the historical event,Event experienced
0.52,1,1,1,Phenotypic variance,20,17.514221088721257,17.407365987916428,16.222066169031866,19.15980587065056,12.52274690213518,17.514221088721257,After the historical event,Event experienced
0.54,0,0,0,Additive genetic variance,20,4.178779156840691,4.15900183923584,3.677570042297429,4.698992050603158,4.203738973778092,4.178779156840691,Before the historical event,Event not experienced
0.54,0,0,0,Nuclear-family environmental variance,20,2.191795887940592,2.189514774748004,1.9835448332280001,2.4060832645210626,2.25,2.191795887940592,Before the historical event,Event not experienced
0.54,0,0,0,Nonshared environmental variance,20,9.07406488860973,9.071474867403344,8.817329156716774,9.380219261914647,4,9.07406488860973,Before the historical event,Event not experienced
0.54,0,0,0,Phenotypic variance,20,15.444639933391013,15.397406315066931,15.005050610237422,15.865290281996305,10.453738973778092,15.444639933391013,Before the historical event,Event not experienced
0.54,0,1,0,Additive genetic variance,20,4.178779156840691,4.15900183923584,3.677570042297429,4.698992050603158,4.203738973778092,4.178779156840691,Before the historical event,Event experienced
0.54,0,1,0,Nuclear-family environmental variance,20,2.191795887940592,2.189514774748004,1.9835448332280001,2.4060832645210626,2.25,2.191795887940592,Before the historical event,Event experienced
0.54,0,1,0,Nonshared environmental variance,20,9.07406488860973,9.071474867403344,8.817329156716774,9.380219261914647,4,9.07406488860973,Before the historical event,Event experienced
0.54,0,1,0,Phenotypic variance,20,15.444639933391013,15.397406315066931,15.005050610237422,15.865290281996305,10.453738973778092,15.444639933391013,Before the historical event,Event experienced
0.54,1,0,0,Additive genetic variance,20,4.178779156840691,4.15900183923584,3.677570042297429,4.698992050603158,4.203738973778092,4.178779156840691,After the historical event,Event not experienced
0.54,1,0,0,Nuclear-family environmental variance,20,2.191795887940592,2.189514774748004,1.9835448332280001,2.4060832645210626,2.25,2.191795887940592,After the historical event,Event not experienced
0.54,1,0,0,Nonshared environmental variance,20,9.07406488860973,9.071474867403344,8.817329156716774,9.380219261914647,4,9.07406488860973,After the historical event,Event not experienced
0.54,1,0,0,Phenotypic variance,20,15.444639933391013,15.397406315066931,15.005050610237422,15.865290281996305,10.453738973778092,15.444639933391013,After the historical event,Event not experienced
0.54,1,1,1,Additive genetic variance,20,6.306815610272265,6.306094031271535,4.762047906717715,8.281293400479425,6.271241623519326,6.306815610272265,After the historical event,Event experienced
0.54,1,1,1,Nuclear-family environmental variance,20,2.1595792011707684,2.097879212902749,1.8083817627772676,2.596005806439959,2.25,2.1595792011707684,After the historical event,Event experienced
0.54,1,1,1,Nonshared environmental variance,20,9.045498785055257,9.057307059024431,8.508810364612348,9.645478631559397,4,9.045498785055257,After the historical event,Event experienced
0.54,1,1,1,Phenotypic variance,20,17.51189359649829,17.40401722788406,16.223000316139416,19.15327645174729,12.521241623519327,17.51189359649829,After the historical event,Event experienced
0.56,0,0,0,Additive genetic variance,20,4.1763405673344405,4.160832797964913,3.672520124355958,4.693417392769822,4.202057814442863,4.1763405673344405,Before the historical event,Event not experienced
0.56,0,0,0,Nuclear-family environmental variance,20,2.192583805451254,2.1889146298488678,1.9834405921361076,2.4067798141790657,2.25,2.192583805451254,Before the historical event,Event not experienced
0.56,0,0,0,Nonshared environmental variance,20,9.073794897603435,9.071246291235589,8.815113780421516,9.37787700690552,4,9.073794897603435,Before the historical event,Event not experienced
0.56,0,0,0,Phenotypic variance,20,15.442719270389128,15.395902662988977,15.001767393714307,15.862325134614935,10.452057814442863,15.442719270389128,Before the historical event,Event not experienced
0.56,0,1,0,Additive genetic variance,20,4.1763405673344405,4.160832797964913,3.672520124355958,4.693417392769822,4.202057814442863,4.1763405673344405,Before the historical event,Event experienced
0.56,0,1,0,Nuclear-family environmental variance,20,2.192583805451254,2.1889146298488678,1.9834405921361076,2.4067798141790657,2.25,2.192583805451254,Before the historical event,Event experienced
0.56,0,1,0,Nonshared environmental variance,20,9.073794897603435,9.071246291235589,8.815113780421516,9.37787700690552,4,9.073794897603435,Before the historical event,Event experienced
0.56,0,1,0,Phenotypic variance,20,15.442719270389128,15.395902662988977,15.001767393714307,15.862325134614935,10.452057814442863,15.442719270389128,Before the historical event,Event experienced
0.56,1,0,0,Additive genetic variance,20,4.1763405673344405,4.160832797964913,3.672520124355958,4.693417392769822,4.202057814442863,4.1763405673344405,After the historical event,Event not experienced
0.56,1,0,0,Nuclear-family environmental variance,20,2.192583805451254,2.1889146298488678,1.9834405921361076,2.4067798141790657,2.25,2.192583805451254,After the historical event,Event not experienced
0.56,1,0,0,Nonshared environmental variance,20,9.073794897603435,9.071246291235589,8.815113780421516,9.37787700690552,4,9.073794897603435,After the historical event,Event not experienced
0.56,1,0,0,Phenotypic variance,20,15.442719270389128,15.395902662988977,15.001767393714307,15.862325134614935,10.452057814442863,15.442719270389128,After the historical event,Event not experienced
0.56,1,1,1,Additive genetic variance,20,6.303035361332643,6.305571091380852,4.760171974796703,8.272721916259899,6.268733628502362,6.303035361332643,After the historical event,Event experienced
0.56,1,1,1,Nuclear-family environmental variance,20,2.160339762034845,2.0979836244403725,1.8097401908400215,2.5957534980226056,2.25,2.160339762034845,After the historical event,Event experienced
0.56,1,1,1,Nonshared environmental variance,20,9.045190184778063,9.058529849132714,8.509542651664866,9.642287279165654,4,9.045190184778063,After the historical event,Event experienced
0.56,1,1,1,Phenotypic variance,20,17.508565308145553,17.399733712497024,16.2231508615134,19.145291004683028,12.518733628502362,17.508565308145553,After the historical event,Event experienced
0.5800000000000001,0,0,0,Additive genetic variance,20,4.173247366755825,4.162000576909157,3.666981059982051,4.686997280756925,4.1997053208264665,4.173247366755825,Before the historical event,Event not experienced
0.5800000000000001,0,0,0,Nuclear-family environmental variance,20,2.193370396081726,2.188042845988977,1.983357908239982,2.4074669453935624,2.25,2.193370396081726,Before the historical event,Event not experienced
0.5800000000000001,0,0,0,Nonshared environmental variance,20,9.073516512313434,9.071635710435238,8.812942848916947,9.375537219863407,4,9.073516512313434,Before the historical event,Event not experienced
0.5800000000000001,0,0,0,Phenotypic variance,20,15.440134275150985,15.393808140588277,14.997974403249048,15.858539864447842,10.449705320826467,15.440134275150985,Before the historical event,Event not experienced
0.5800000000000001,0,1,0,Additive genetic variance,20,4.173247366755825,4.162000576909157,3.666981059982051,4.686997280756925,4.1997053208264665,4.173247366755825,Before the historical event,Event experienced
0.5800000000000001,0,1,0,Nuclear-family environmental variance,20,2.193370396081726,2.188042845988977,1.983357908239982,2.4074669453935624,2.25,2.193370396081726,Before the historical event,Event experienced
0.5800000000000001,0,1,0,Nonshared environmental variance,20,9.073516512313434,9.071635710435238,8.812942848916947,9.375537219863407,4,9.073516512313434,Before the historical event,Event experienced
0.5800000000000001,0,1,0,Phenotypic variance,20,15.440134275150985,15.393808140588277,14.997974403249048,15.858539864447842,10.449705320826467,15.440134275150985,Before the historical event,Event experienced
0.5800000000000001,1,0,0,Additive genetic variance,20,4.173247366755825,4.162000576909157,3.666981059982051,4.686997280756925,4.1997053208264665,4.173247366755825,After the historical event,Event not experienced
0.5800000000000001,1,0,0,Nuclear-family environmental variance,20,2.193370396081726,2.188042845988977,1.983357908239982,2.4074669453935624,2.25,2.193370396081726,After the historical event,Event not experienced
0.5800000000000001,1,0,0,Nonshared environmental variance,20,9.073516512313434,9.071635710435238,8.812942848916947,9.375537219863407,4,9.073516512313434,After the historical event,Event not experienced
0.5800000000000001,1,0,0,Phenotypic variance,20,15.440134275150985,15.393808140588277,14.997974403249048,15.858539864447842,10.449705320826467,15.440134275150985,After the historical event,Event not experienced
0.5800000000000001,1,1,1,Additive genetic variance,20,6.298265901218725,6.3041554948522505,4.7575948416621525,8.262764610123911,6.265224120424377,6.298265901218725,After the historical event,Event experienced
0.5800000000000001,1,1,1,Nuclear-family environmental variance,20,2.1610984990707376,2.098100992694925,1.8111099972102642,2.5954891735526116,2.25,2.1610984990707376,After the historical event,Event experienced
0.5800000000000001,1,1,1,Nonshared environmental variance,20,9.044873446717972,9.059710183730033,8.510287251636077,9.639113245676118,4,9.044873446717972,After the historical event,Event experienced
0.5800000000000001,1,1,1,Phenotypic variance,20,17.504237847007435,17.39451749243593,16.222516945216295,19.135853972137873,12.515224120424378,17.504237847007435,After the historical event,Event experienced
0.6000000000000001,0,0,0,Additive genetic variance,20,4.169500980312183,4.162504591752045,3.660955049566412,4.679735198013772,4.196682621297882,4.169500980312183,Before the historical event,Event not experienced
0.6000000000000001,0,0,0,Nuclear-family environmental variance,20,2.1941555776122628,2.185528690458052,1.983296775058649,2.4081444867044253,2.25,2.1941555776122628,Before the historical event,Event not experienced
0.6000000000000001,0,0,0,Nonshared environmental variance,20,9.073229707051851,9.073157356240767,8.81081633205624,9.373199887535216,4,9.073229707051851,Before the historical event,Event not experienced
0.6000000000000001,0,0,0,Phenotypic variance,20,15.436886264976298,15.39289352670415,14.99367353108872,15.8539366009695,10.446682621297882,15.436886264976298,Before the historical event,Event not experienced
0.6000000000000001,0,1,0,Additive genetic variance,20,4.169500980312183,4.162504591752045,3.660955049566412,4.679735198013772,4.196682621297882,4.169500980312183,Before the historical event,Event experienced
0.6000000000000001,0,1,0,Nuclear-family environmental variance,20,2.1941555776122628,2.185528690458052,1.983296775058649,2.4081444867044253,2.25,2.1941555776122628,Before the historical event,Event experienced
0.6000000000000001,0,1,0,Nonshared environmental variance,20,9.073229707051851,9.073157356240767,8.81081633205624,9.373199887535216,4,9.073229707051851,Before the historical event,Event experienced
0.6000000000000001,0,1,0,Phenotypic variance,20,15.436886264976298,15.39289352670415,14.99367353108872,15.8539366009695,10.446682621297882,15.436886264976298,Before the historical event,Event experienced
0.6000000000000001,1,0,0,Additive genetic variance,20,4.169500980312183,4.162504591752045,3.660955049566412,4.679735198013772,4.196682621297882,4.169500980312183,After the historical event,Event not experienced
0.6000000000000001,1,0,0,Nuclear-family environmental variance,20,2.1941555776122628,2.185528690458052,1.983296775058649,2.4081444867044253,2.25,2.1941555776122628,After the historical event,Event not experienced
0.6000000000000001,1,0,0,Nonshared environmental variance,20,9.073229707051851,9.073157356240767,8.81081633205624,9.373199887535216,4,9.073229707051851,After the historical event,Event not experienced
0.6000000000000001,1,0,0,Phenotypic variance,20,15.436886264976298,15.39289352670415,14.99367353108872,15.8539366009695,10.446682621297882,15.436886264976298,After the historical event,Event not experienced
0.6000000000000001,1,1,1,Additive genetic variance,20,6.2925094352216435,6.30184786396769,4.754317681348198,8.25136107120757,6.260714782614087,6.2925094352216435,After the historical event,Event experienced
0.6000000000000001,1,1,1,Nuclear-family environmental variance,20,2.1618553308581645,2.098231257250837,1.8124910956712932,2.5952127463327503,2.25,2.1618553308581645,After the historical event,Event experienced
0.6000000000000001,1,1,1,Nonshared environmental variance,20,9.044548545349947,9.060848022805693,8.51104414793325,9.63595651334207,4,9.044548545349947,After the historical event,Event experienced
0.6000000000000001,1,1,1,Phenotypic variance,20,17.498913311429757,17.388371022756978,16.221098101549487,19.1249705622701,12.510714782614087,17.498913311429757,After the historical event,Event experienced
0.6200000000000001,0,0,0,Additive genetic variance,20,4.165103144898533,4.162344580936075,3.6544444915921845,4.671635081733031,4.192991165070102,4.165103144898533,Before the historical event,Event not experienced
0.6200000000000001,0,0,0,Nuclear-family environmental variance,20,2.1949392688752485,2.1830410867084233,1.983257186857216,2.408812268064429,2.25,2.1949392688752485,Before the historical event,Event not experienced
0.6200000000000001,0,0,0,Nonshared environmental variance,20,9.072934456585985,9.074654831403318,8.808734200369472,9.370864997002894,4,9.072934456585985,Before the historical event,Event not experienced
0.6200000000000001,0,0,0,Phenotypic variance,20,15.432976870359768,15.392502242171071,14.988866866562418,15.848517940679539,10.4429911650701,15.432976870359768,Before the historical event,Event not experienced
0.6200000000000001,0,1,0,Additive genetic variance,20,4.165103144898533,4.162344580936075,3.6544444915921845,4.671635081733031,4.192991165070102,4.165103144898533,Before the historical event,Event experienced
0.6200000000000001,0,1,0,Nuclear-family environmental variance,20,2.1949392688752485,2.1830410867084233,1.983257186857216,2.408812268064429,2.25,2.1949392688752485,Before the historical event,Event experienced
0.6200000000000001,0,1,0,Nonshared environmental variance,20,9.072934456585985,9.074654831403318,8.808734200369472,9.370864997002894,4,9.072934456585985,Before the historical event,Event experienced
0.6200000000000001,0,1,0,Phenotypic variance,20,15.432976870359768,15.392502242171071,14.988866866562418,15.848517940679539,10.4429911650701,15.432976870359768,Before the historical event,Event experienced
0.6200000000000001,1,0,0,Additive genetic variance,20,4.165103144898533,4.162344580936075,3.6544444915921845,4.671635081733031,4.192991165070102,4.165103144898533,After the historical event,Event not experienced
0.6200000000000001,1,0,0,Nuclear-family environmental variance,20,2.1949392688752485,2.1830410867084233,1.983257186857216,2.408812268064429,2.25,2.1949392688752485,After the historical event,Event not experienced
0.6200000000000001,1,0,0,Nonshared environmental variance,20,9.072934456585985,9.074654831403318,8.808734200369472,9.370864997002894,4,9.072934456585985,After the historical event,Event not experienced
0.6200000000000001,1,0,0,Phenotypic variance,20,15.432976870359768,15.392502242171071,14.988866866562418,15.848517940679539,10.4429911650701,15.432976870359768,After the historical event,Event not experienced
0.6200000000000001,1,1,1,Additive genetic variance,20,6.2857686403992705,6.2986491997716065,4.750341977021915,8.238517356570735,6.255207777043224,6.2857686403992705,After the historical event,Event experienced
0.6200000000000001,1,1,1,Nuclear-family environmental variance,20,2.16261017703304,2.098374358662787,1.8138834010174714,2.59492413100826,2.25,2.16261017703304,After the historical event,Event experienced
0.6200000000000001,1,1,1,Nonshared environmental variance,20,9.044215455600721,9.061943327202648,8.511813324476737,9.632817064511915,4,9.044215455600721,After the historical event,Event experienced
0.6200000000000001,1,1,1,Phenotypic variance,20,17.49259427303303,17.381480627511,16.218894259604674,19.112646744017802,12.505207777043225,17.49259427303303,After the historical event,Event experienced
0.6400000000000001,0,0,0,Additive genetic variance,20,4.160055907731341,4.16152060589077,3.647451981011021,4.662701319293063,4.188632721042165,4.160055907731341,Before the historical event,Event not experienced
0.6400000000000001,0,0,0,Nuclear-family environmental variance,20,2.1957213897599583,2.1805799493442173,1.9832391386463484,2.4094701208521054,2.25,2.1957213897599583,Before the historical event,Event not experienced
0.6400000000000001,0,0,0,Nonshared environmental variance,20,9.072630736138663,9.075350020245352,8.80669642506292,9.36853253568296,4,9.072630736138663,Before the historical event,Event not experienced
0.6400000000000001,0,0,0,Phenotypic variance,20,15.428408033629962,15.3914373060743,14.983556694513387,15.84228694465525,10.438632721042165,15.428408033629962,Before the historical event,Event not experienced
0.6400000000000001,0,1,0,Additive genetic variance,20,4.160055907731341,4.16152060589077,3.647451981011021,4.662701319293063,4.188632721042165,4.160055907731341,Before the historical event,Event experienced
0.6400000000000001,0,1,0,Nuclear-family environmental variance,20,2.1957213897599583,2.1805799493442173,1.9832391386463484,2.4094701208521054,2.25,2.1957213897599583,Before the historical event,Event experienced
0.6400000000000001,0,1,0,Nonshared environmental variance,20,9.072630736138663,9.075350020245352,8.80669642506292,9.36853253568296,4,9.072630736138663,Before the historical event,Event experienced
0.6400000000000001,0,1,0,Phenotypic variance,20,15.428408033629962,15.3914373060743,14.983556694513387,15.84228694465525,10.438632721042165,15.428408033629962,Before the historical event,Event experienced
0.6400000000000001,1,0,0,Additive genetic variance,20,4.160055907731341,4.16152060589077,3.647451981011021,4.662701319293063,4.188632721042165,4.160055907731341,After the historical event,Event not experienced
0.6400000000000001,1,0,0,Nuclear-family environmental variance,20,2.1957213897599583,2.1805799493442173,1.9832391386463484,2.4094701208521054,2.25,2.1957213897599583,After the historical event,Event not experienced
0.6400000000000001,1,0,0,Nonshared environmental variance,20,9.072630736138663,9.075350020245352,8.80669642506292,9.36853253568296,4,9.072630736138663,After the historical event,Event not experienced
0.6400000000000001,1,0,0,Phenotypic variance,20,15.428408033629962,15.3914373060743,14.983556694513387,15.84228694465525,10.438632721042165,15.428408033629962,After the historical event,Event not experienced
0.6400000000000001,1,1,1,Additive genetic variance,20,6.278046663462466,6.294560881347255,4.7456695198644745,8.224240277339488,6.248705742599059,6.278046663462466,After the historical event,Event experienced
0.6400000000000001,1,1,1,Nuclear-family environmental variance,20,2.1633629582923386,2.098530238452552,1.8152868290545845,2.594623243569963,2.25,2.1633629582923386,After the historical event,Event experienced
0.6400000000000001,1,1,1,Nonshared environmental variance,20,9.043874152849124,9.06299605861915,8.512594765699912,9.629694881630968,4,9.043874152849124,After the historical event,Event experienced
0.6400000000000001,1,1,1,Phenotypic variance,20,17.48528377460393,17.375908228592507,16.215905743489337,19.09888924173578,12.498705742599059,17.48528377460393,After the historical event,Event experienced
0.6600000000000001,0,0,0,Additive genetic variance,20,4.1543616247320925,4.160033050994761,3.639980307483757,4.6529387442972014,4.183609376386509,4.1543616247320925,Before the historical event,Event not experienced
0.6600000000000001,0,0,0,Nuclear-family environmental variance,20,2.1965018612172904,2.1785197642839247,1.9832426261817895,2.4101178778845194,2.25,2.1965018612172904,Before the historical event,Event not experienced
0.6600000000000001,0,0,0,Nonshared environmental variance,20,9.072318521388619,9.074960954770606,8.804702978018408,9.366202491326082,4,9.072318521388619,Before the historical event,Event not experienced
0.6600000000000001,0,0,0,Phenotypic variance,20,15.423182007338001,15.38969878110817,14.977745493600924,15.835247135672585,10.43360937638651,15.423182007338001,Before the historical event,Event not experienced
0.6600000000000001,0,1,0,Additive genetic variance,20,4.1543616247320925,4.160033050994761,3.639980307483757,4.6529387442972014,4.183609376386509,4.1543616247320925,Before the historical event,Event experienced
0.6600000000000001,0,1,0,Nuclear-family environmental variance,20,2.1965018612172904,2.1785197642839247,1.9832426261817895,2.4101178778845194,2.25,2.1965018612172904,Before the historical event,Event experienced
0.6600000000000001,0,1,0,Nonshared environmental variance,20,9.072318521388619,9.074960954770606,8.804702978018408,9.366202491326082,4,9.072318521388619,Before the historical event,Event experienced
0.6600000000000001,0,1,0,Phenotypic variance,20,15.423182007338001,15.38969878110817,14.977745493600924,15.835247135672585,10.43360937638651,15.423182007338001,Before the historical event,Event experienced
0.6600000000000001,1,0,0,Additive genetic variance,20,4.1543616247320925,4.160033050994761,3.639980307483757,4.6529387442972014,4.183609376386509,4.1543616247320925,After the historical event,Event not experienced
0.6600000000000001,1,0,0,Nuclear-family environmental variance,20,2.1965018612172904,2.1785197642839247,1.9832426261817895,2.4101178778845194,2.25,2.1965018612172904,After the historical event,Event not experienced
0.6600000000000001,1,0,0,Nonshared environmental variance,20,9.072318521388619,9.074960954770606,8.804702978018408,9.366202491326082,4,9.072318521388619,After the historical event,Event not experienced
0.6600000000000001,1,0,0,Phenotypic variance,20,15.423182007338001,15.38969878110817,14.977745493600924,15.835247135672585,10.43360937638651,15.423182007338001,After the historical event,Event not experienced
0.6600000000000001,1,1,1,Additive genetic variance,20,6.269347118281962,6.2895846648256715,4.74030240772583,8.208537392684862,6.241211792976988,6.269347118281962,After the historical event,Event experienced
0.6600000000000001,1,1,1,Nuclear-family environmental variance,20,2.164113596398928,2.098698839105933,1.8167012966002827,2.594310001357316,2.25,2.164113596398928,After the historical event,Event experienced
0.6600000000000001,1,1,1,Nonshared environmental variance,20,9.043524612926465,9.063748524341875,8.513388456549237,9.626589947241314,4,9.043524612926465,After the historical event,Event experienced
0.6600000000000001,1,1,1,Phenotypic variance,20,17.476985327607355,17.369424698756156,16.212133272225806,19.083705529174452,12.491211792976987,17.476985327607355,After the historical event,Event experienced
0.6800000000000002,0,0,0,Additive genetic variance,20,4.14802295866251,4.157882623271979,3.632032453487411,4.6423526322150295,4.177923534883223,4.14802295866251,Before the historical event,Event not experienced
0.6800000000000002,0,0,0,Nuclear-family environmental variance,20,2.197280605264471,2.1768832546215124,1.983267645963929,2.410755373429949,2.25,2.197280605264471,Before the historical event,Event not experienced
0.6800000000000002,0,0,0,Nonshared environmental variance,20,9.071997788470835,9.074570635326431,8.80275383179265,9.363874852016615,4,9.071997788470835,Before the historical event,Event not experienced
0.6800000000000002,0,0,0,Phenotypic variance,20,15.417301352397816,15.387304397158747,14.971435934473817,15.827402494899431,10.427923534883224,15.417301352397816,Before the historical event,Event not experienced
0.6800000000000002,0,1,0,Additive genetic variance,20,4.14802295866251,4.157882623271979,3.632032453487411,4.6423526322150295,4.177923534883223,4.14802295866251,Before the historical event,Event experienced
0.6800000000000002,0,1,0,Nuclear-family environmental variance,20,2.197280605264471,2.1768832546215124,1.983267645963929,2.410755373429949,2.25,2.197280605264471,Before the historical event,Event experienced
0.6800000000000002,0,1,0,Nonshared environmental variance,20,9.071997788470835,9.074570635326431,8.80275383179265,9.363874852016615,4,9.071997788470835,Before the historical event,Event experienced
0.6800000000000002,0,1,0,Phenotypic variance,20,15.417301352397816,15.387304397158747,14.971435934473817,15.827402494899431,10.427923534883224,15.417301352397816,Before the historical event,Event experienced
0.6800000000000002,1,0,0,Additive genetic variance,20,4.14802295866251,4.157882623271979,3.632032453487411,4.6423526322150295,4.177923534883223,4.14802295866251,After the historical event,Event not experienced
0.6800000000000002,1,0,0,Nuclear-family environmental variance,20,2.197280605264471,2.1768832546215124,1.983267645963929,2.410755373429949,2.25,2.197280605264471,After the historical event,Event not experienced
0.6800000000000002,1,0,0,Nonshared environmental variance,20,9.071997788470835,9.074570635326431,8.80275383179265,9.363874852016615,4,9.071997788470835,After the historical event,Event not experienced
0.6800000000000002,1,0,0,Phenotypic variance,20,15.417301352397816,15.387304397158747,14.971435934473817,15.827402494899431,10.427923534883224,15.417301352397816,After the historical event,Event not experienced
0.6800000000000002,1,1,1,Additive genetic variance,20,6.259674083018702,6.283722682128259,4.734243043554404,8.191417003151068,6.232729514195512,6.259674083018702,After the historical event,Event experienced
0.6800000000000002,1,1,1,Nuclear-family environmental variance,20,2.164862014186369,2.0996091363701592,1.8181267214846055,2.596381433785358,2.25,2.164862014186369,After the historical event,Event experienced
0.6800000000000002,1,1,1,Nonshared environmental variance,20,9.04316681211686,9.061426220128926,8.51419438248422,9.62350224398163,4,9.04316681211686,After the historical event,Event experienced
0.6800000000000002,1,1,1,Phenotypic variance,20,17.46770290932193,17.362032899059344,16.207577959323984,19.067103822808242,12.482729514195512,17.46770290932193,After the historical event,Event experienced
0.7000000000000002,0,0,0,Additive genetic variance,20,4.141042877013476,4.1550703518223155,3.623611592290339,4.63094869563111,4.171577915003053,4.141042877013476,Before the historical event,Event not experienced
0.7000000000000002,0,0,0,Nuclear-family environmental variance,20,2.1980575449897293,2.1752768496566253,1.9833141952374125,2.411382443220479,2.25,2.1980575449897293,Before the historical event,Event not experienced
0.7000000000000002,0,0,0,Nonshared environmental variance,20,9.071668513976903,9.074179061519487,8.800848959616612,9.361549606172153,4,9.071668513976903,Before the historical event,Event not experienced
0.7000000000000002,0,0,0,Phenotypic variance,20,15.410768935980109,15.384371031953473,14.964630877816948,15.818757458165408,10.421577915003052,15.410768935980109,Before the historical event,Event not experienced
0.7000000000000002,0,1,0,Additive genetic variance,20,4.141042877013476,4.1550703518223155,3.623611592290339,4.63094869563111,4.171577915003053,4.141042877013476,Before the historical event,Event experienced
0.7000000000000002,0,1,0,Nuclear-family environmental variance,20,2.1980575449897293,2.1752768496566253,1.9833141952374125,2.411382443220479,2.25,2.1980575449897293,Before the historical event,Event experienced
0.7000000000000002,0,1,0,Nonshared environmental variance,20,9.071668513976903,9.074179061519487,8.800848959616612,9.361549606172153,4,9.071668513976903,Before the historical event,Event experienced
0.7000000000000002,0,1,0,Phenotypic variance,20,15.410768935980109,15.384371031953473,14.964630877816948,15.818757458165408,10.421577915003052,15.410768935980109,Before the historical event,Event experienced
0.7000000000000002,1,0,0,Additive genetic variance,20,4.141042877013476,4.1550703518223155,3.623611592290339,4.63094869563111,4.171577915003053,4.141042877013476,After the historical event,Event not experienced
0.7000000000000002,1,0,0,Nuclear-family environmental variance,20,2.1980575449897293,2.1752768496566253,1.9833141952374125,2.411382443220479,2.25,2.1980575449897293,After the historical event,Event not experienced
0.7000000000000002,1,0,0,Nonshared environmental variance,20,9.071668513976903,9.074179061519487,8.800848959616612,9.361549606172153,4,9.071668513976903,After the historical event,Event not experienced
0.7000000000000002,1,0,0,Phenotypic variance,20,15.410768935980109,15.384371031953473,14.964630877816948,15.818757458165408,10.421577915003052,15.410768935980109,After the historical event,Event not experienced
0.7000000000000002,1,1,1,Additive genetic variance,20,6.249032096880874,6.276977439444266,4.727494133603399,8.172888143341353,6.22326296173643,6.249032096880874,After the historical event,Event experienced
0.7000000000000002,1,1,1,Nuclear-family environmental variance,20,2.16560813556368,2.10107346002666,1.8195630225505948,2.599649039266861,2.25,2.16560813556368,After the historical event,Event experienced
0.7000000000000002,1,1,1,Nonshared environmental variance,20,9.04280072715758,9.059114142516405,8.515012529477474,9.620431754587027,4,9.04280072715758,After the historical event,Event experienced
0.7000000000000002,1,1,1,Phenotypic variance,20,17.457440959602135,17.353736078476082,16.20224131202778,19.04909307452156,12.473262961736431,17.457440959602135,After the historical event,Event experienced
0.7200000000000002,0,0,0,Additive genetic variance,20,4.133424649650074,4.151597586987373,3.6147210857975076,4.618733079107205,4.164575547741305,4.133424649650074,Before the historical event,Event not experienced
0.7200000000000002,0,0,0,Nuclear-family environmental variance,20,2.1988326045569404,2.1737004928954855,1.983382271990799,2.4119989244644913,2.25,2.1988326045569404,Before the historical event,Event not experienced
0.7200000000000002,0,0,0,Nonshared environmental variance,20,9.071330674955362,9.073786233136827,8.798988335394906,9.359226742543083,4,9.071330674955362,Before the historical event,Event not experienced
0.7200000000000002,0,0,0,Phenotypic variance,20,15.403587929162375,15.380777139977209,14.957333372273037,15.809316911813116,10.414575547741304,15.403587929162375,Before the historical event,Event not experienced
0.7200000000000002,0,1,0,Additive genetic variance,20,4.133424649650074,4.151597586987373,3.6147210857975076,4.618733079107205,4.164575547741305,4.133424649650074,Before the historical event,Event experienced
0.7200000000000002,0,1,0,Nuclear-family environmental variance,20,2.1988326045569404,2.1737004928954855,1.983382271990799,2.4119989244644913,2.25,2.1988326045569404,Before the historical event,Event experienced
0.7200000000000002,0,1,0,Nonshared environmental variance,20,9.071330674955362,9.073786233136827,8.798988335394906,9.359226742543083,4,9.071330674955362,Before the historical event,Event experienced
0.7200000000000002,0,1,0,Phenotypic variance,20,15.403587929162375,15.380777139977209,14.957333372273037,15.809316911813116,10.414575547741304,15.403587929162375,Before the historical event,Event experienced
0.7200000000000002,1,0,0,Additive genetic variance,20,4.133424649650074,4.151597586987373,3.6147210857975076,4.618733079107205,4.164575547741305,4.133424649650074,After the historical event,Event not experienced
0.7200000000000002,1,0,0,Nuclear-family environmental variance,20,2.1988326045569404,2.1737004928954855,1.983382271990799,2.4119989244644913,2.25,2.1988326045569404,After the historical event,Event not experienced
0.7200000000000002,1,0,0,Nonshared environmental variance,20,9.071330674955362,9.073786233136827,8.798988335394906,9.359226742543083,4,9.071330674955362,After the historical event,Event not experienced
0.7200000000000002,1,0,0,Phenotypic variance,20,15.403587929162375,15.380777139977209,14.957333372273037,15.809316911813116,10.414575547741304,15.403587929162375,After the historical event,Event not experienced
0.7200000000000002,1,1,1,Additive genetic variance,20,6.237426156511306,6.269351815444644,4.720058685415596,8.152960573970635,6.212816657313399,6.237426156511306,After the historical event,Event experienced
0.7200000000000002,1,1,1,Nuclear-family environmental variance,20,2.1663518855200703,2.1025362588295184,1.8210101196549884,2.602862591441837,2.25,2.1663518855200703,After the historical event,Event experienced
0.7200000000000002,1,1,1,Nonshared environmental variance,20,9.042426335239385,9.056812276562505,8.515842884014743,9.617378461888883,4,9.042426335239385,After the historical event,Event experienced
0.7200000000000002,1,1,1,Phenotypic variance,20,17.44620437727076,17.34453787126484,16.1961252302362,19.03657728157824,12.4628166573134,17.44620437727076,After the historical event,Event experienced
0.7400000000000002,0,0,0,Additive genetic variance,20,4.125171846215396,4.144740706227963,3.6053644822679694,4.605712353664411,4.156919774205063,4.125171846215396,Before the historical event,Event not experienced
0.7400000000000002,0,0,0,Nuclear-family environmental variance,20,2.1996057092102386,2.1721541292013216,1.9834718749562623,2.412604655859072,2.25,2.1996057092102386,Before the historical event,Event not experienced
0.7400000000000002,0,0,0,Nonshared environmental variance,20,9.070984248912028,9.073392150145828,8.79717193370518,9.356906250212173,4,9.070984248912028,Before the historical event,Event not experienced
0.7400000000000002,0,0,0,Phenotypic variance,20,15.395761804337663,15.376523569629294,14.949546652241509,15.799086188136162,10.406919774205063,15.395761804337663,Before the historical event,Event not experienced
0.7400000000000002,0,1,0,Additive genetic variance,20,4.125171846215396,4.144740706227963,3.6053644822679694,4.605712353664411,4.156919774205063,4.125171846215396,Before the historical event,Event experienced
0.7400000000000002,0,1,0,Nuclear-family environmental variance,20,2.1996057092102386,2.1721541292013216,1.9834718749562623,2.412604655859072,2.25,2.1996057092102386,Before the historical event,Event experienced
0.7400000000000002,0,1,0,Nonshared environmental variance,20,9.070984248912028,9.073392150145828,8.79717193370518,9.356906250212173,4,9.070984248912028,Before the historical event,Event experienced
0.7400000000000002,0,1,0,Phenotypic variance,20,15.395761804337663,15.376523569629294,14.949546652241509,15.799086188136162,10.406919774205063,15.395761804337663,Before the historical event,Event experienced
0.7400000000000002,1,0,0,Additive genetic variance,20,4.125171846215396,4.144740706227963,3.6053644822679694,4.605712353664411,4.156919774205063,4.125171846215396,After the historical event,Event not experienced
0.7400000000000002,1,0,0,Nuclear-family environmental variance,20,2.1996057092102386,2.1721541292013216,1.9834718749562623,2.412604655859072,2.25,2.1996057092102386,After the historical event,Event not experienced
0.7400000000000002,1,0,0,Nonshared environmental variance,20,9.070984248912028,9.073392150145828,8.79717193370518,9.356906250212173,4,9.070984248912028,After the historical event,Event not experienced
0.7400000000000002,1,0,0,Phenotypic variance,20,15.395761804337663,15.376523569629294,14.949546652241509,15.799086188136162,10.406919774205063,15.395761804337663,After the historical event,Event not experienced
0.7400000000000002,1,1,1,Additive genetic variance,20,6.224861712009323,6.260849059234122,4.711940005588779,8.131644773294578,6.2013955852724845,6.224861712009323,After the historical event,Event experienced
0.7400000000000002,1,1,1,Nuclear-family environmental variance,20,2.167093190129633,2.1039975217544935,1.822467933668999,2.6060218477121087,2.25,2.167093190129633,After the historical event,Event experienced
0.7400000000000002,1,1,1,Nonshared environmental variance,20,9.042043614006838,9.054520607564141,8.51668543309494,9.614342348814684,4,9.042043614006838,After the historical event,Event experienced
0.7400000000000002,1,1,1,Phenotypic variance,20,17.433998516145795,17.33444229406186,16.189232005099896,19.023539071195742,12.451395585272484,17.433998516145795,After the historical event,Event experienced
0.7600000000000002,0,0,0,Additive genetic variance,20,4.1162883332960485,4.136305440770839,3.5955455139067443,4.59189351089219,4.148614242956412,4.1162883332960485,Before the historical event,Event not experienced
0.7600000000000002,0,0,0,Nuclear-family environmental variance,20,2.200376785278595,2.1707083218514036,1.9835830036093378,2.41319947760231,2.25,2.200376785278595,Before the historical event,Event not experienced
0.7600000000000002,0,0,0,Nonshared environmental variance,20,9.070629213810328,9.072996812694175,8.795399729797541,9.354588118594087,4,9.070629213810328,Before the historical event,Event not experienced
0.7600000000000002,0,0,0,Phenotypic variance,20,15.387294332384972,15.367854115474564,14.941274135556586,15.788071060409909,10.398614242956413,15.387294332384972,Before the historical event,Event not experienced
0.7600000000000002,0,1,0,Additive genetic variance,20,4.1162883332960485,4.136305440770839,3.5955455139067443,4.59189351089219,4.148614242956412,4.1162883332960485,Before the historical event,Event experienced
0.7600000000000002,0,1,0,Nuclear-family environmental variance,20,2.200376785278595,2.1707083218514036,1.9835830036093378,2.41319947760231,2.25,2.200376785278595,Before the historical event,Event experienced
0.7600000000000002,0,1,0,Nonshared environmental variance,20,9.070629213810328,9.072996812694175,8.795399729797541,9.354588118594087,4,9.070629213810328,Before the historical event,Event experienced
0.7600000000000002,0,1,0,Phenotypic variance,20,15.387294332384972,15.367854115474564,14.941274135556586,15.788071060409909,10.398614242956413,15.387294332384972,Before the historical event,Event experienced
0.7600000000000002,1,0,0,Additive genetic variance,20,4.1162883332960485,4.136305440770839,3.5955455139067443,4.59189351089219,4.148614242956412,4.1162883332960485,After the historical event,Event not experienced
0.7600000000000002,1,0,0,Nuclear-family environmental variance,20,2.200376785278595,2.1707083218514036,1.9835830036093378,2.41319947760231,2.25,2.200376785278595,After the historical event,Event not experienced
0.7600000000000002,1,0,0,Nonshared environmental variance,20,9.070629213810328,9.072996812694175,8.795399729797541,9.354588118594087,4,9.070629213810328,After the historical event,Event not experienced
0.7600000000000002,1,0,0,Phenotypic variance,20,15.387294332384972,15.367854115474564,14.941274135556586,15.788071060409909,10.398614242956413,15.387294332384972,After the historical event,Event not experienced
0.7600000000000002,1,1,1,Additive genetic variance,20,6.211344662591559,6.251472788043477,4.703141697324052,8.108951927925775,6.189005188628717,6.211344662591559,After the historical event,Event experienced
0.7600000000000002,1,1,1,Nuclear-family environmental variance,20,2.1678319765560046,2.106058224726344,1.8239363864791762,2.6091265690528087,2.25,2.1678319765560046,After the historical event,Event experienced
0.7600000000000002,1,1,1,Nonshared environmental variance,20,9.041652541558635,9.052239121056582,8.517540164230208,9.611323398387835,4,9.041652541558635,After the historical event,Event experienced
0.7600000000000002,1,1,1,Phenotypic variance,20,17.4208291807062,17.323453742702906,16.181564317294836,19.009145833713614,12.439005188628716,17.4208291807062,After the historical event,Event experienced
0.7800000000000002,0,0,0,Additive genetic variance,20,4.106778271352557,4.126909742038292,3.5852680943334665,4.577283956691649,4.139662907114614,4.106778271352557,Before the historical event,Event not experienced
0.7800000000000002,0,0,0,Nuclear-family environmental variance,20,2.201145760180364,2.17096266181412,1.9837156581687125,2.4137832314055006,2.25,2.201145760180364,Before the historical event,Event not experienced
0.7800000000000002,0,0,0,Nonshared environmental variance,20,9.07026554807161,9.072600221109816,8.793671699593993,9.352272337434984,4,9.07026554807161,Before the historical event,Event not experienced
0.7800000000000002,0,0,0,Phenotypic variance,20,15.37818957960453,15.356663881993141,14.93251942104689,15.776277737521422,10.389662907114614,15.37818957960453,Before the historical event,Event not experienced
0.7800000000000002,0,1,0,Additive genetic variance,20,4.106778271352557,4.126909742038292,3.5852680943334665,4.577283956691649,4.139662907114614,4.106778271352557,Before the historical event,Event experienced
0.7800000000000002,0,1,0,Nuclear-family environmental variance,20,2.201145760180364,2.17096266181412,1.9837156581687125,2.4137832314055006,2.25,2.201145760180364,Before the historical event,Event experienced
0.7800000000000002,0,1,0,Nonshared environmental variance,20,9.07026554807161,9.072600221109816,8.793671699593993,9.352272337434984,4,9.07026554807161,Before the historical event,Event experienced
0.7800000000000002,0,1,0,Phenotypic variance,20,15.37818957960453,15.356663881993141,14.93251942104689,15.776277737521422,10.389662907114614,15.37818957960453,Before the historical event,Event experienced
0.7800000000000002,1,0,0,Additive genetic variance,20,4.106778271352557,4.126909742038292,3.5852680943334665,4.577283956691649,4.139662907114614,4.106778271352557,After the historical event,Event not experienced
0.7800000000000002,1,0,0,Nuclear-family environmental variance,20,2.201145760180364,2.17096266181412,1.9837156581687125,2.4137832314055006,2.25,2.201145760180364,After the historical event,Event not experienced
0.7800000000000002,1,0,0,Nonshared environmental variance,20,9.07026554807161,9.072600221109816,8.793671699593993,9.352272337434984,4,9.07026554807161,After the historical event,Event not experienced
0.7800000000000002,1,0,0,Phenotypic variance,20,15.37818957960453,15.356663881993141,14.93251942104689,15.776277737521422,10.389662907114614,15.37818957960453,After the historical event,Event not experienced
0.7800000000000002,1,1,1,Additive genetic variance,20,6.196881351896651,6.241226984664356,4.693667657759676,8.08489392304819,6.175651364743042,6.196881351896651,After the historical event,Event experienced
0.7800000000000002,1,1,1,Nuclear-family environmental variance,20,2.1685681730569826,2.108821719359838,1.8254154009883505,2.612176520044007,2.25,2.1685681730569826,After the historical event,Event experienced
0.7800000000000002,1,1,1,Nonshared environmental variance,20,9.04125309644791,9.049967802813065,8.518407065445976,9.60832159372754,4,9.04125309644791,After the historical event,Event experienced
0.7800000000000002,1,1,1,Phenotypic variance,20,17.406702621401543,17.311576988776856,16.173125234974712,18.99340489250073,12.425651364743043,17.406702621401543,After the historical event,Event experienced
0.8000000000000003,0,0,0,Additive genetic variance,20,4.096646111418132,4.116817159538331,3.574536315930208,4.561891504660936,4.130070021220473,4.096646111418132,Before the historical event,Event not experienced
0.8000000000000003,0,0,0,Nuclear-family environmental variance,20,2.201912562427791,2.171218875470907,1.983869839596065,2.414355760505246,2.25,2.201912562427791,Before the historical event,Event not experienced
0.8000000000000003,0,0,0,Nonshared environmental variance,20,9.069893230575467,9.072202375900915,8.791987819687883,9.349958896812062,4,9.069893230575467,Before the historical event,Event not experienced
0.8000000000000003,0,0,0,Phenotypic variance,20,15.36845190442139,15.345686780514608,14.923286285978836,15.763712858205505,10.380070021220472,15.36845190442139,Before the historical event,Event not experienced
0.8000000000000003,0,1,0,Additive genetic variance,20,4.096646111418132,4.116817159538331,3.574536315930208,4.561891504660936,4.130070021220473,4.096646111418132,Before the historical event,Event experienced
0.8000000000000003,0,1,0,Nuclear-family environmental variance,20,2.201912562427791,2.171218875470907,1.983869839596065,2.414355760505246,2.25,2.201912562427791,Before the historical event,Event experienced
0.8000000000000003,0,1,0,Nonshared environmental variance,20,9.069893230575467,9.072202375900915,8.791987819687883,9.349958896812062,4,9.069893230575467,Before the historical event,Event experienced
0.8000000000000003,0,1,0,Phenotypic variance,20,15.36845190442139,15.345686780514608,14.923286285978836,15.763712858205505,10.380070021220472,15.36845190442139,Before the historical event,Event experienced
0.8000000000000003,1,0,0,Additive genetic variance,20,4.096646111418132,4.116817159538331,3.574536315930208,4.561891504660936,4.130070021220473,4.096646111418132,After the historical event,Event not experienced
0.8000000000000003,1,0,0,Nuclear-family environmental variance,20,2.201912562427791,2.171218875470907,1.983869839596065,2.414355760505246,2.25,2.201912562427791,After the historical event,Event not experienced
0.8000000000000003,1,0,0,Nonshared environmental variance,20,9.069893230575467,9.072202375900915,8.791987819687883,9.349958896812062,4,9.069893230575467,After the historical event,Event not experienced
0.8000000000000003,1,0,0,Phenotypic variance,20,15.36845190442139,15.345686780514608,14.923286285978836,15.763712858205505,10.380070021220472,15.36845190442139,After the historical event,Event not experienced
0.8000000000000003,1,1,1,Additive genetic variance,20,6.181478562939128,6.2301159946291484,4.683522075093092,8.059483332041932,6.161340460644508,6.181478562939128,After the historical event,Event experienced
0.8000000000000003,1,1,1,Nuclear-family environmental variance,20,2.1693017089891087,2.111559845453561,1.8269049011166603,2.615171468901943,2.25,2.1693017089891087,After the historical event,Event experienced
0.8000000000000003,1,1,1,Nonshared environmental variance,20,9.040845257682538,9.04770663884446,8.519286125281035,9.60533691804861,4,9.040845257682538,After the historical event,Event experienced
0.8000000000000003,1,1,1,Phenotypic variance,20,17.391625529610774,17.298817175914692,16.163918211404443,18.976324253635973,12.411340460644508,17.391625529610774,After the historical event,Event experienced
0.8200000000000003,0,0,0,Additive genetic variance,20,4.0858965915695356,4.1060766898007515,3.5633544470710685,4.545724369131015,4.119840137866362,4.0858965915695356,Before the historical event,Event not experienced
0.8200000000000003,0,0,0,Nuclear-family environmental variance,20,2.2026771216314884,2.171476908831484,1.9840455495959435,2.41491690967545,2.25,2.2026771216314884,Before the historical event,Event not experienced
0.8200000000000003,0,0,0,Nonshared environmental variance,20,9.06951224066003,9.071803277755818,8.790348067343373,9.347647787133138,4,9.06951224066003,Before the historical event,Event not experienced
0.8200000000000003,0,0,0,Phenotypic variance,20,15.358085953861055,15.334060066922993,14.91357868338634,15.750383484894352,10.369840137866362,15.358085953861055,Before the historical event,Event not experienced
0.8200000000000003,0,1,0,Additive genetic variance,20,4.0858965915695356,4.1060766898007515,3.5633544470710685,4.545724369131015,4.119840137866362,4.0858965915695356,Before the historical event,Event experienced
0.8200000000000003,0,1,0,Nuclear-family environmental variance,20,2.2026771216314884,2.171476908831484,1.9840455495959435,2.41491690967545,2.25,2.2026771216314884,Before the historical event,Event experienced
0.8200000000000003,0,1,0,Nonshared environmental variance,20,9.06951224066003,9.071803277755818,8.790348067343373,9.347647787133138,4,9.06951224066003,Before the historical event,Event experienced
0.8200000000000003,0,1,0,Phenotypic variance,20,15.358085953861055,15.334060066922993,14.91357868338634,15.750383484894352,10.369840137866362,15.358085953861055,Before the historical event,Event experienced
0.8200000000000003,1,0,0,Additive genetic variance,20,4.0858965915695356,4.1060766898007515,3.5633544470710685,4.545724369131015,4.119840137866362,4.0858965915695356,After the historical event,Event not experienced
0.8200000000000003,1,0,0,Nuclear-family environmental variance,20,2.2026771216314884,2.171476908831484,1.9840455495959435,2.41491690967545,2.25,2.2026771216314884,After the historical event,Event not experienced
0.8200000000000003,1,0,0,Nonshared environmental variance,20,9.06951224066003,9.071803277755818,8.790348067343373,9.347647787133138,4,9.06951224066003,After the historical event,Event not experienced
0.8200000000000003,1,0,0,Phenotypic variance,20,15.358085953861055,15.334060066922993,14.91357868338634,15.750383484894352,10.369840137866362,15.358085953861055,After the historical event,Event not experienced
0.8200000000000003,1,1,1,Additive genetic variance,20,6.165143512718192,6.218144523138722,4.672709425494202,8.032733405531001,6.146079268002854,6.165143512718192,After the historical event,Event experienced
0.8200000000000003,1,1,1,Nuclear-family environmental variance,20,2.170032514812206,2.1142724741348022,1.8284048118026608,2.61811118750983,2.25,2.170032514812206,After the historical event,Event experienced
0.8200000000000003,1,1,1,Nonshared environmental variance,20,9.040429004725432,9.045455615398879,8.520177332787611,9.602369354661313,4,9.040429004725432,After the historical event,Event experienced
0.8200000000000003,1,1,1,Phenotypic variance,20,17.37560503225583,17.285179815817703,16.153947082277163,18.9579125987911,12.396079268002854,17.37560503225583,After the historical event,Event experienced
0.8399999999999999,0,0,0,Additive genetic variance,20,4.074534733174,4.094693376834438,3.5517269292362013,4.528791157860493,4.10897810409564,4.074534733174,Before the historical event,Event not experienced
0.8399999999999999,0,0,0,Nuclear-family environmental variance,20,2.2034393685048705,2.1717367098092937,1.9842427906156939,2.4156955651195418,2.25,2.2034393685048705,Before the historical event,Event not experienced
0.8399999999999999,0,0,0,Nonshared environmental variance,20,9.06912255812228,9.07140292754302,8.788752420494935,9.3453389991362,4,9.06912255812228,Before the historical event,Event not experienced
0.8399999999999999,0,0,0,Phenotypic variance,20,15.34709665980115,15.32178949939836,14.903400739289395,15.736297097188698,10.358978104095641,15.34709665980115,Before the historical event,Event not experienced
0.8399999999999999,0,1,0,Additive genetic variance,20,4.074534733174,4.094693376834438,3.5517269292362013,4.528791157860493,4.10897810409564,4.074534733174,Before the historical event,Event experienced
0.8399999999999999,0,1,0,Nuclear-family environmental variance,20,2.2034393685048705,2.1717367098092937,1.9842427906156939,2.4156955651195418,2.25,2.2034393685048705,Before the historical event,Event experienced
0.8399999999999999,0,1,0,Nonshared environmental variance,20,9.06912255812228,9.07140292754302,8.788752420494935,9.3453389991362,4,9.06912255812228,Before the historical event,Event experienced
0.8399999999999999,0,1,0,Phenotypic variance,20,15.34709665980115,15.32178949939836,14.903400739289395,15.736297097188698,10.358978104095641,15.34709665980115,Before the historical event,Event experienced
0.8399999999999999,1,0,0,Additive genetic variance,20,4.074534733174,4.094693376834438,3.5517269292362013,4.528791157860493,4.10897810409564,4.074534733174,After the historical event,Event not experienced
0.8399999999999999,1,0,0,Nuclear-family environmental variance,20,2.2034393685048705,2.1717367098092937,1.9842427906156939,2.4156955651195418,2.25,2.2034393685048705,After the historical event,Event not experienced
0.8399999999999999,1,0,0,Nonshared environmental variance,20,9.06912255812228,9.07140292754302,8.788752420494935,9.3453389991362,4,9.06912255812228,After the historical event,Event not experienced
0.8399999999999999,1,0,0,Phenotypic variance,20,15.34709665980115,15.32178949939836,14.903400739289395,15.736297097188698,10.358978104095641,15.34709665980115,After the historical event,Event not experienced
0.8399999999999999,1,1,1,Additive genetic variance,20,6.147883846487501,6.204468822739889,4.6612344698130155,8.004658059867356,6.129875017757078,6.147883846487501,After the historical event,Event experienced
0.8399999999999999,1,1,1,Nuclear-family environmental variance,20,2.1707605220938806,2.1169594777748095,1.8299150590045128,2.6209954514482345,2.25,2.1707605220938806,After the historical event,Event experienced
0.8399999999999999,1,1,1,Nonshared environmental variance,20,9.040004317494834,9.043214718961352,8.521080677531476,9.599418886971216,4,9.040004317494834,After the historical event,Event experienced
0.8399999999999999,1,1,1,Phenotypic variance,20,17.358648686076215,17.270670784029146,16.143216062717794,18.938179277535777,12.379875017757078,17.358648686076215,After the historical event,Event experienced
0.8599999999999999,0,0,0,Additive genetic variance,20,4.062565836916452,4.082672570808537,3.53965837401305,4.511100864398619,4.097489057575476,4.062565836916452,Before the historical event,Event not experienced
0.8599999999999999,0,0,0,Nuclear-family environmental variance,20,2.2041992348685526,2.1719982282222783,1.984461565845432,2.4196379013285743,2.25,2.2041992348685526,Before the historical event,Event not experienced
0.8599999999999999,0,0,0,Nonshared environmental variance,20,9.068724163218311,9.071001326311105,8.787200857746836,9.343032523888985,4,9.068724163218311,Before the historical event,Event not experienced
0.8599999999999999,0,0,0,Phenotypic variance,20,15.335489235003315,15.310659554162223,14.892756749804109,15.721461584958913,10.347489057575476,15.335489235003315,Before the historical event,Event not experienced
0.8599999999999999,0,1,0,Additive genetic variance,20,4.062565836916452,4.082672570808537,3.53965837401305,4.511100864398619,4.097489057575476,4.062565836916452,Before the historical event,Event experienced
0.8599999999999999,0,1,0,Nuclear-family environmental variance,20,2.2041992348685526,2.1719982282222783,1.984461565845432,2.4196379013285743,2.25,2.2041992348685526,Before the historical event,Event experienced
0.8599999999999999,0,1,0,Nonshared environmental variance,20,9.068724163218311,9.071001326311105,8.787200857746836,9.343032523888985,4,9.068724163218311,Before the historical event,Event experienced
0.8599999999999999,0,1,0,Phenotypic variance,20,15.335489235003315,15.310659554162223,14.892756749804109,15.721461584958913,10.347489057575476,15.335489235003315,Before the historical event,Event experienced
0.8599999999999999,1,0,0,Additive genetic variance,20,4.062565836916452,4.082672570808537,3.53965837401305,4.511100864398619,4.097489057575476,4.062565836916452,After the historical event,Event not experienced
0.8599999999999999,1,0,0,Nuclear-family environmental variance,20,2.2041992348685526,2.1719982282222783,1.984461565845432,2.4196379013285743,2.25,2.2041992348685526,After the historical event,Event not experienced
0.8599999999999999,1,0,0,Nonshared environmental variance,20,9.068724163218311,9.071001326311105,8.787200857746836,9.343032523888985,4,9.068724163218311,After the historical event,Event not experienced
0.8599999999999999,1,0,0,Phenotypic variance,20,15.335489235003315,15.310659554162223,14.892756749804109,15.721461584958913,10.347489057575476,15.335489235003315,After the historical event,Event not experienced
0.8599999999999999,1,1,1,Additive genetic variance,20,6.129707631692412,6.184689161080635,4.649102250085104,7.97527186506535,6.112735374405948,6.129707631692412,After the historical event,Event experienced
0.8599999999999999,1,1,1,Nuclear-family environmental variance,20,2.1714856635139754,2.119620730001153,1.8314355697012543,2.6238240400250286,2.25,2.1714856635139754,After the historical event,Event experienced
0.8599999999999999,1,1,1,Nonshared environmental variance,20,9.039571176364584,9.04098393625343,8.52199614959201,9.596485498479023,4,9.039571176364584,After the historical event,Event experienced
0.8599999999999999,1,1,1,Phenotypic variance,20,17.34076447157097,17.255296315453613,16.131729743976344,18.91713429907414,12.362735374405947,17.34076447157097,After the historical event,Event experienced
0.8799999999999999,0,0,0,Additive genetic variance,20,4.049995478611495,4.070019923817108,3.5271535599876884,4.492662860125929,4.085378422547272,4.049995478611495,Before the historical event,Event not experienced
0.8799999999999999,0,0,0,Nuclear-family environmental variance,20,2.2049566536547105,2.1722614157936873,1.9847018792180582,2.423589802072316,2.25,2.2049566536547105,Before the historical event,Event not experienced
0.8799999999999999,0,0,0,Nonshared environmental variance,20,9.06831703666365,9.070598475288726,8.785693358372681,9.340728352788558,4,9.06831703666365,Before the historical event,Event not experienced
0.8799999999999999,0,0,0,Phenotypic variance,20,15.323269168929857,15.30142277857026,14.881651178147077,15.705885241084912,10.335378422547272,15.323269168929857,Before the historical event,Event not experienced
0.8799999999999999,0,1,0,Additive genetic variance,20,4.049995478611495,4.070019923817108,3.5271535599876884,4.492662860125929,4.085378422547272,4.049995478611495,Before the historical event,Event experienced
0.8799999999999999,0,1,0,Nuclear-family environmental variance,20,2.2049566536547105,2.1722614157936873,1.9847018792180582,2.423589802072316,2.25,2.2049566536547105,Before the historical event,Event experienced
0.8799999999999999,0,1,0,Nonshared environmental variance,20,9.06831703666365,9.070598475288726,8.785693358372681,9.340728352788558,4,9.06831703666365,Before the historical event,Event experienced
0.8799999999999999,0,1,0,Phenotypic variance,20,15.323269168929857,15.30142277857026,14.881651178147077,15.705885241084912,10.335378422547272,15.323269168929857,Before the historical event,Event experienced
0.8799999999999999,1,0,0,Additive genetic variance,20,4.049995478611495,4.070019923817108,3.5271535599876884,4.492662860125929,4.085378422547272,4.049995478611495,After the historical event,Event not experienced
0.8799999999999999,1,0,0,Nuclear-family environmental variance,20,2.2049566536547105,2.1722614157936873,1.9847018792180582,2.423589802072316,2.25,2.2049566536547105,After the historical event,Event not experienced
0.8799999999999999,1,0,0,Nonshared environmental variance,20,9.06831703666365,9.070598475288726,8.785693358372681,9.340728352788558,4,9.06831703666365,After the historical event,Event not experienced
0.8799999999999999,1,0,0,Phenotypic variance,20,15.323269168929857,15.30142277857026,14.881651178147077,15.705885241084912,10.335378422547272,15.323269168929857,After the historical event,Event not experienced
0.8799999999999999,1,1,1,Additive genetic variance,20,6.110623351581515,6.164100580186512,4.636318085838432,7.9445900322011305,6.094668429966753,6.110623351581515,After the historical event,Event experienced
0.8799999999999999,1,1,1,Nuclear-family environmental variance,20,2.1722078728689866,2.122256105709976,1.832966271894152,2.6265967363049048,2.25,2.1722078728689866,After the historical event,Event experienced
0.8799999999999999,1,1,1,Nonshared environmental variance,20,9.039129562164412,9.03876325423288,8.522923739562346,9.593569172780416,4,9.039129562164412,After the historical event,Event experienced
0.8799999999999999,1,1,1,Phenotypic variance,20,17.321960786614916,17.239062999628747,16.11949308981468,18.89478832342287,12.344668429966752,17.321960786614916,After the historical event,Event experienced
0.8999999999999999,0,0,0,Additive genetic variance,20,4.036829504804855,4.056741385402141,3.5142174295292525,4.473486885982377,4.072651905559175,4.036829504804855,Before the historical event,Event not experienced
0.8999999999999999,0,0,0,Nuclear-family environmental variance,20,2.2057115589114,2.172526226152903,1.9849637354093193,2.4274852033331644,2.25,2.2057115589114,Before the historical event,Event not experienced
0.8999999999999999,0,0,0,Nonshared environmental variance,20,9.067901159633497,9.070194375884554,8.78422990231493,9.338426477560873,4,9.067901159633497,Before the historical event,Event not experienced
0.8999999999999999,0,0,0,Phenotypic variance,20,15.310442223349751,15.291627350909199,14.870088651536882,15.68957675384418,10.322651905559175,15.310442223349751,Before the historical event,Event not experienced
0.8999999999999999,0,1,0,Additive genetic variance,20,4.036829504804855,4.056741385402141,3.5142174295292525,4.473486885982377,4.072651905559175,4.036829504804855,Before the historical event,Event experienced
0.8999999999999999,0,1,0,Nuclear-family environmental variance,20,2.2057115589114,2.172526226152903,1.9849637354093193,2.4274852033331644,2.25,2.2057115589114,Before the historical event,Event experienced
0.8999999999999999,0,1,0,Nonshared environmental variance,20,9.067901159633497,9.070194375884554,8.78422990231493,9.338426477560873,4,9.067901159633497,Before the historical event,Event experienced
0.8999999999999999,0,1,0,Phenotypic variance,20,15.310442223349751,15.291627350909199,14.870088651536882,15.68957675384418,10.322651905559175,15.310442223349751,Before the historical event,Event experienced
0.8999999999999999,1,0,0,Additive genetic variance,20,4.036829504804855,4.056741385402141,3.5142174295292525,4.473486885982377,4.072651905559175,4.036829504804855,After the historical event,Event not experienced
0.8999999999999999,1,0,0,Nuclear-family environmental variance,20,2.2057115589114,2.172526226152903,1.9849637354093193,2.4274852033331644,2.25,2.2057115589114,After the historical event,Event not experienced
0.8999999999999999,1,0,0,Nonshared environmental variance,20,9.067901159633497,9.070194375884554,8.78422990231493,9.338426477560873,4,9.067901159633497,After the historical event,Event not experienced
0.8999999999999999,1,0,0,Phenotypic variance,20,15.310442223349751,15.291627350909199,14.870088651536882,15.68957675384418,10.322651905559175,15.310442223349751,After the historical event,Event not experienced
0.8999999999999999,1,1,1,Additive genetic variance,20,6.090639898499674,6.142711561326766,4.622887570205355,7.912628400292319,6.075682697608959,6.090639898499674,After the historical event,Event experienced
0.8999999999999999,1,1,1,Nuclear-family environmental variance,20,2.17292708507643,2.1248654810781322,1.834100521141128,2.6293133271384455,2.25,2.17292708507643,After the historical event,Event experienced
0.8999999999999999,1,1,1,Nonshared environmental variance,20,9.038679456180192,9.03655266009332,8.523863438549474,9.590669893565913,4,9.038679456180192,After the historical event,Event experienced
0.8999999999999999,1,1,1,Phenotypic variance,20,17.302246439756296,17.221977775754247,16.10651143259071,18.871152652041623,12.325682697608958,17.302246439756296,After the historical event,Event experienced
0.9199999999999999,0,0,0,Additive genetic variance,20,4.023074028169215,4.0428431978399235,3.500855085470546,4.453583043893213,4.059315490985379,4.023074028169215,Before the historical event,Event not experienced
0.9199999999999999,0,0,0,Nuclear-family environmental variance,20,2.2064638858068326,2.1727926148362915,1.9852471398379135,2.4313238113220166,2.25,2.2064638858068326,Before the historical event,Event not experienced
0.9199999999999999,0,0,0,Nonshared environmental variance,20,9.067476513763014,9.069789029687225,8.782810470184472,9.336126890260347,4,9.067476513763014,Before the historical event,Event not experienced
0.9199999999999999,0,0,0,Phenotypic variance,20,15.297014427739061,15.281276870211215,14.858073957995673,15.672545198957675,10.30931549098538,15.297014427739061,Before the historical event,Event not experienced
0.9199999999999999,0,1,0,Additive genetic variance,20,4.023074028169215,4.0428431978399235,3.500855085470546,4.453583043893213,4.059315490985379,4.023074028169215,Before the historical event,Event experienced
0.9199999999999999,0,1,0,Nuclear-family environmental variance,20,2.2064638858068326,2.1727926148362915,1.9852471398379135,2.4313238113220166,2.25,2.2064638858068326,Before the historical event,Event experienced
0.9199999999999999,0,1,0,Nonshared environmental variance,20,9.067476513763014,9.069789029687225,8.782810470184472,9.336126890260347,4,9.067476513763014,Before the historical event,Event experienced
0.9199999999999999,0,1,0,Phenotypic variance,20,15.297014427739061,15.281276870211215,14.858073957995673,15.672545198957675,10.30931549098538,15.297014427739061,Before the historical event,Event experienced
0.9199999999999999,1,0,0,Additive genetic variance,20,4.023074028169215,4.0428431978399235,3.500855085470546,4.453583043893213,4.059315490985379,4.023074028169215,After the historical event,Event not experienced
0.9199999999999999,1,0,0,Nuclear-family environmental variance,20,2.2064638858068326,2.1727926148362915,1.9852471398379135,2.4313238113220166,2.25,2.2064638858068326,After the historical event,Event not experienced
0.9199999999999999,1,0,0,Nonshared environmental variance,20,9.067476513763014,9.069789029687225,8.782810470184472,9.336126890260347,4,9.067476513763014,After the historical event,Event not experienced
0.9199999999999999,1,0,0,Phenotypic variance,20,15.297014427739061,15.281276870211215,14.858073957995673,15.672545198957675,10.30931549098538,15.297014427739061,After the historical event,Event not experienced
0.9199999999999999,1,1,1,Additive genetic variance,20,6.069766566870071,6.120530896413898,4.607964813177201,7.879403422673748,6.055787104969788,6.069766566870071,After the historical event,Event experienced
0.9199999999999999,1,1,1,Nuclear-family environmental variance,20,2.1736432361791667,2.1274487335752,1.8336468140435769,2.63197360319075,2.25,2.1736432361791667,After the historical event,Event experienced
0.9199999999999999,1,1,1,Nonshared environmental variance,20,9.038220840154203,9.03435214126387,8.524815238174362,9.587787644620686,4,9.038220840154203,After the historical event,Event experienced
0.9199999999999999,1,1,1,Phenotypic variance,20,17.281630643203442,17.204047927483106,16.092790469044402,18.84623921792702,12.305787104969788,17.281630643203442,After the historical event,Event experienced
0.94,0,0,0,Additive genetic variance,20,4.008735422699612,4.028331891196088,3.487071787687995,4.433065988192945,4.045375436337134,4.008735422699612,Before the historical event,Event not experienced
0.94,0,0,0,Nuclear-family environmental variance,20,2.2072135706336162,2.1730605392880724,1.9855520986656443,2.435105336310741,2.25,2.2072135706336162,Before the historical event,Event not experienced
0.94,0,0,0,Nonshared environmental variance,20,9.06704308114757,9.067578827756297,8.78143504326018,9.333829583269445,4,9.06704308114757,Before the historical event,Event not experienced
0.94,0,0,0,Phenotypic variance,20,15.282992074480799,15.270375159911033,14.845612043053887,15.654800031303758,10.295375436337135,15.282992074480799,Before the historical event,Event not experienced
0.94,0,1,0,Additive genetic variance,20,4.008735422699612,4.028331891196088,3.487071787687995,4.433065988192945,4.045375436337134,4.008735422699612,Before the historical event,Event experienced
0.94,0,1,0,Nuclear-family environmental variance,20,2.2072135706336162,2.1730605392880724,1.9855520986656443,2.435105336310741,2.25,2.2072135706336162,Before the historical event,Event experienced
0.94,0,1,0,Nonshared environmental variance,20,9.06704308114757,9.067578827756297,8.78143504326018,9.333829583269445,4,9.06704308114757,Before the historical event,Event experienced
0.94,0,1,0,Phenotypic variance,20,15.282992074480799,15.270375159911033,14.845612043053887,15.654800031303758,10.295375436337135,15.282992074480799,Before the historical event,Event experienced
0.94,1,0,0,Additive genetic variance,20,4.008735422699612,4.028331891196088,3.487071787687995,4.433065988192945,4.045375436337134,4.008735422699612,After the historical event,Event not experienced
0.94,1,0,0,Nuclear-family environmental variance,20,2.2072135706336162,2.1730605392880724,1.9855520986656443,2.435105336310741,2.25,2.2072135706336162,After the historical event,Event not experienced
0.94,1,0,0,Nonshared environmental variance,20,9.06704308114757,9.067578827756297,8.78143504326018,9.333829583269445,4,9.06704308114757,After the historical event,Event not experienced
0.94,1,0,0,Phenotypic variance,20,15.282992074480799,15.270375159911033,14.845612043053887,15.654800031303758,10.295375436337135,15.282992074480799,After the historical event,Event not experienced
0.94,1,1,1,Additive genetic variance,20,6.048013045873168,6.097567681978485,4.58887750769483,7.844932152885691,6.034990987159068,6.048013045873168,After the historical event,Event experienced
0.94,1,1,1,Nuclear-family environmental variance,20,2.174356263349679,2.1300057419753866,1.8332162254052693,2.6345773589696053,2.25,2.174356263349679,After the historical event,Event experienced
0.94,1,1,1,Nonshared environmental variance,20,9.03775369628538,9.032161685408814,8.525779130572102,9.584922409824442,4,9.03775369628538,After the historical event,Event experienced
0.94,1,1,1,Phenotypic variance,20,17.260123005508227,17.185281077480553,16.0766591981741,18.8200605751823,12.284990987159068,17.260123005508227,After the historical event,Event experienced
0.96,0,0,0,Additive genetic variance,20,3.993820318713733,4.013214278154868,3.4728729495842234,4.41184309372232,4.0308382673706,3.993820318713733,Before the historical event,Event not experienced
0.96,0,0,0,Nuclear-family environmental variance,20,2.207960550812943,2.173329958861216,1.9858786187976118,2.4388294926694787,2.25,2.207960550812943,Before the historical event,Event not experienced
0.96,0,0,0,Nonshared environmental variance,20,9.066600844343007,9.066108504705788,8.780103603488513,9.331534549298262,4,9.066600844343007,Before the historical event,Event not experienced
0.96,0,0,0,Phenotypic variance,20,15.268381713869685,15.25892626510233,14.83270800636126,15.636351076310746,10.2808382673706,15.268381713869685,Before the historical event,Event not experienced
0.96,0,1,0,Additive genetic variance,20,3.993820318713733,4.013214278154868,3.4728729495842234,4.41184309372232,4.0308382673706,3.993820318713733,Before the historical event,Event experienced
0.96,0,1,0,Nuclear-family environmental variance,20,2.207960550812943,2.173329958861216,1.9858786187976118,2.4388294926694787,2.25,2.207960550812943,Before the historical event,Event experienced
0.96,0,1,0,Nonshared environmental variance,20,9.066600844343007,9.066108504705788,8.780103603488513,9.331534549298262,4,9.066600844343007,Before the historical event,Event experienced
0.96,0,1,0,Phenotypic variance,20,15.268381713869685,15.25892626510233,14.83270800636126,15.636351076310746,10.2808382673706,15.268381713869685,Before the historical event,Event experienced
0.96,1,0,0,Additive genetic variance,20,3.993820318713733,4.013214278154868,3.4728729495842234,4.41184309372232,4.0308382673706,3.993820318713733,After the historical event,Event not experienced
0.96,1,0,0,Nuclear-family environmental variance,20,2.207960550812943,2.173329958861216,1.9858786187976118,2.4388294926694787,2.25,2.207960550812943,After the historical event,Event not experienced
0.96,1,0,0,Nonshared environmental variance,20,9.066600844343007,9.066108504705788,8.780103603488513,9.331534549298262,4,9.066600844343007,After the historical event,Event not experienced
0.96,1,0,0,Phenotypic variance,20,15.268381713869685,15.25892626510233,14.83270800636126,15.636351076310746,10.2808382673706,15.268381713869685,After the historical event,Event not experienced
0.96,1,1,1,Additive genetic variance,20,6.0253894118307425,6.073831312949753,4.56918056807964,7.809232230091533,6.013304079461006,6.0253894118307425,After the historical event,Event experienced
0.96,1,1,1,Nuclear-family environmental variance,20,2.175066104894302,2.1324389188619595,1.83280873866355,2.6371243928531944,2.25,2.175066104894302,After the historical event,Event experienced
0.96,1,1,1,Nonshared environmental variance,20,9.037278007229558,9.02998128042729,8.526755108392049,9.582074173151232,4,9.037278007229558,After the historical event,Event experienced
0.96,1,1,1,Phenotypic variance,20,17.237733523954603,17.16568518175614,16.05683728327486,18.792629888075197,12.263304079461006,17.237733523954603,After the historical event,Event experienced
0.98,0,0,0,Additive genetic variance,20,3.9783355976627,3.99749744862834,3.4582641344766003,4.3899230203896895,4.01571077299691,3.9783355976627,Before the historical event,Event not experienced
0.98,0,0,0,Nuclear-family environmental variance,20,2.2087047648987426,2.173600834818356,1.9862267078824574,2.442495998903434,2.25,2.2087047648987426,Before the historical event,Event not experienced
0.98,0,0,0,Nonshared environmental variance,20,9.066149786365875,9.066726702853316,8.778816133483112,9.329241781384084,4,9.066149786365875,Before the historical event,Event not experienced
0.98,0,0,0,Phenotypic variance,20,15.253190148927319,15.244403866121509,14.819367098207245,15.61720852103893,10.265710772996911,15.253190148927319,Before the historical event,Event not experienced
0.98,0,1,0,Additive genetic variance,20,3.9783355976627,3.99749744862834,3.4582641344766003,4.3899230203896895,4.01571077299691,3.9783355976627,Before the historical event,Event experienced
0.98,0,1,0,Nuclear-family environmental variance,20,2.2087047648987426,2.173600834818356,1.9862267078824574,2.442495998903434,2.25,2.2087047648987426,Before the historical event,Event experienced
0.98,0,1,0,Nonshared environmental variance,20,9.066149786365875,9.066726702853316,8.778816133483112,9.329241781384084,4,9.066149786365875,Before the historical event,Event experienced
0.98,0,1,0,Phenotypic variance,20,15.253190148927319,15.244403866121509,14.819367098207245,15.61720852103893,10.265710772996911,15.253190148927319,Before the historical event,Event experienced
0.98,1,0,0,Additive genetic variance,20,3.9783355976627,3.99749744862834,3.4582641344766003,4.3899230203896895,4.01571077299691,3.9783355976627,After the historical event,Event not experienced
0.98,1,0,0,Nuclear-family environmental variance,20,2.2087047648987426,2.173600834818356,1.9862267078824574,2.442495998903434,2.25,2.2087047648987426,After the historical event,Event not experienced
0.98,1,0,0,Nonshared environmental variance,20,9.066149786365875,9.066726702853316,8.778816133483112,9.329241781384084,4,9.066149786365875,After the historical event,Event not experienced
0.98,1,0,0,Phenotypic variance,20,15.253190148927319,15.244403866121509,14.819367098207245,15.61720852103893,10.265710772996911,15.253190148927319,After the historical event,Event not experienced
0.98,1,1,1,Additive genetic variance,20,6.0019061203035395,6.0493314762478345,4.54888253099612,7.772321864042292,5.990736509740908,6.0019061203035395,After the historical event,Event experienced
0.98,1,1,1,Nuclear-family environmental variance,20,2.1757727002574057,2.1336280586580365,1.832424338289059,2.63961450711735,2.25,2.1757727002574057,After the historical event,Event experienced
0.98,1,1,1,Nonshared environmental variance,20,9.036793756099712,9.027810914452916,8.527743164797982,9.579242918669323,4,9.036793756099712,After the historical event,Event experienced
0.98,1,1,1,Phenotypic variance,20,17.214472576660658,17.145268523774718,16.036410501491517,18.763960919597242,12.240736509740909,17.214472576660658,After the historical event,Event experienced
1,0,0,0,Additive genetic variance,20,3.9622883867581074,3.9811887641517343,3.44325105189518,4.3673171834697015,4,3.9622883867581074,Before the historical event,Event not experienced
1,0,0,0,Nuclear-family environmental variance,20,2.209446152581785,2.1738731303327272,1.9865963743126462,2.4461045776891686,2.25,2.209446152581785,Before the historical event,Event not experienced
1,0,0,0,Nonshared environmental variance,20,9.065689890693667,9.067309505429876,8.777572616524441,9.326951272890994,4,9.065689890693667,Before the historical event,Event not experienced
1,0,0,0,Phenotypic variance,20,15.237424430033558,15.228114374247076,14.805594715954234,15.597382904963483,10.25,15.237424430033558,Before the historical event,Event not experienced
1,0,1,0,Additive genetic variance,20,3.9622883867581074,3.9811887641517343,3.44325105189518,4.3673171834697015,4,3.9622883867581074,Before the historical event,Event experienced
1,0,1,0,Nuclear-family environmental variance,20,2.209446152581785,2.1738731303327272,1.9865963743126462,2.4461045776891686,2.25,2.209446152581785,Before the historical event,Event experienced
1,0,1,0,Nonshared environmental variance,20,9.065689890693667,9.067309505429876,8.777572616524441,9.326951272890994,4,9.065689890693667,Before the historical event,Event experienced
1,0,1,0,Phenotypic variance,20,15.237424430033558,15.228114374247076,14.805594715954234,15.597382904963483,10.25,15.237424430033558,Before the historical event,Event experienced
1,1,0,0,Additive genetic variance,20,3.9622883867581074,3.9811887641517343,3.44325105189518,4.3673171834697015,4,3.9622883867581074,After the historical event,Event not experienced
1,1,0,0,Nuclear-family environmental variance,20,2.209446152581785,2.1738731303327272,1.9865963743126462,2.4461045776891686,2.25,2.209446152581785,After the historical event,Event not experienced
1,1,0,0,Nonshared environmental variance,20,9.065689890693667,9.067309505429876,8.777572616524441,9.326951272890994,4,9.065689890693667,After the historical event,Event not experienced
1,1,0,0,Phenotypic variance,20,15.237424430033558,15.228114374247076,14.805594715954234,15.597382904963483,10.25,15.237424430033558,After the historical event,Event not experienced
1,1,1,1,Additive genetic variance,20,5.97757399791131,6.024078144193819,4.527992167067975,7.73421981960599,5.967298790565081,5.97757399791131,After the historical event,Event experienced
1,1,1,1,Nuclear-family environmental variance,20,2.1764759900255277,2.134533359495168,1.8320630097845685,2.6420475079623293,2.25,2.1764759900255277,After the historical event,Event experienced
1,1,1,1,Nonshared environmental variance,20,9.03630092646618,9.0256505758535,8.52874329346827,9.576428630541042,4,9.03630092646618,After the historical event,Event experienced
1,1,1,1,Phenotypic variance,20,17.19035091440302,17.124039708352363,16.01538763646303,18.734068019538217,12.217298790565081,17.19035091440302,After the historical event,Event experienced
1.0200000000000005,0,0,0,Additive genetic variance,20,3.9456860534212703,3.9642958520710434,3.427839553793566,4.344037313905487,3.9837132475679375,3.9456860534212703,Before the historical event,Event not experienced
1.0200000000000005,0,0,0,Nuclear-family environmental variance,20,2.2101846546937383,2.1741468104891206,1.9869876272248002,2.44965495591038,2.25,2.2101846546937383,Before the historical event,Event not experienced
1.0200000000000005,0,0,0,Nonshared environmental variance,20,9.065221141265056,9.067743664998913,8.776373036559406,9.324663017509437,4,9.065221141265056,Before the historical event,Event not experienced
1.0200000000000005,0,0,0,Phenotypic variance,20,15.221091849380063,15.211289600465513,14.791396400386855,15.576885110469789,10.233713247567938,15.221091849380063,Before the historical event,Event not experienced
1.0200000000000005,0,1,0,Additive genetic variance,20,3.9456860534212703,3.9642958520710434,3.427839553793566,4.344037313905487,3.9837132475679375,3.9456860534212703,Before the historical event,Event experienced
1.0200000000000005,0,1,0,Nuclear-family environmental variance,20,2.2101846546937383,2.1741468104891206,1.9869876272248002,2.44965495591038,2.25,2.2101846546937383,Before the historical event,Event experienced
1.0200000000000005,0,1,0,Nonshared environmental variance,20,9.065221141265056,9.067743664998913,8.776373036559406,9.324663017509437,4,9.065221141265056,Before the historical event,Event experienced
1.0200000000000005,0,1,0,Phenotypic variance,20,15.221091849380063,15.211289600465513,14.791396400386855,15.576885110469789,10.233713247567938,15.221091849380063,Before the historical event,Event experienced
1.0200000000000005,1,0,0,Additive genetic variance,20,3.9456860534212703,3.9642958520710434,3.427839553793566,4.344037313905487,3.9837132475679375,3.9456860534212703,After the historical event,Event not experienced
1.0200000000000005,1,0,0,Nuclear-family environmental variance,20,2.2101846546937383,2.1741468104891206,1.9869876272248002,2.44965495591038,2.25,2.2101846546937383,After the historical event,Event not experienced
1.0200000000000005,1,0,0,Nonshared environmental variance,20,9.065221141265056,9.067743664998913,8.776373036559406,9.324663017509437,4,9.065221141265056,After the historical event,Event not experienced
1.0200000000000005,1,0,0,Phenotypic variance,20,15.221091849380063,15.211289600465513,14.791396400386855,15.576885110469789,10.233713247567938,15.221091849380063,After the historical event,Event not experienced
1.0200000000000005,1,1,1,Additive genetic variance,20,5.952404233884345,5.9977409619804725,4.506518474566622,7.694945400880169,5.943001811042563,5.952404233884345,After the historical event,Event experienced
1.0200000000000005,1,1,1,Nuclear-family environmental variance,20,2.1771759159314583,2.1354479498500045,1.8317247396839043,2.6444232055391192,2.25,2.1771759159314583,After the historical event,Event experienced
1.0200000000000005,1,1,1,Nonshared environmental variance,20,9.035799502356888,9.023500253230694,8.529755488596042,9.573631293022615,4,9.035799502356888,After the historical event,Event experienced
1.0200000000000005,1,1,1,Phenotypic variance,20,17.165379652172692,17.102007655343286,15.99377770058589,18.70296611209013,12.193001811042564,17.165379652172692,After the historical event,Event experienced
1.04,0,0,0,Additive genetic variance,20,3.9285361995608232,3.946826599529463,3.412035630676259,4.320095448172494,3.966858061643717,3.9285361995608232,Before the historical event,Event not experienced
1.04,0,0,0,Nuclear-family environmental variance,20,2.2109202132111827,2.1744218422848602,1.9874004765000706,2.453146864693159,2.25,2.2109202132111827,Before the historical event,Event not experienced
1.04,0,0,0,Nonshared environmental variance,20,9.064743522480107,9.067330881477556,8.775217378201013,9.322377009255813,4,9.064743522480107,Before the historical event,Event not experienced
1.04,0,0,0,Phenotypic variance,20,15.204199935252113,15.193936194041802,14.7767778319808,15.55572635307323,10.216858061643716,15.204199935252113,Before the historical event,Event not experienced
1.04,0,1,0,Additive genetic variance,20,3.9285361995608232,3.946826599529463,3.412035630676259,4.320095448172494,3.966858061643717,3.9285361995608232,Before the historical event,Event experienced
1.04,0,1,0,Nuclear-family environmental variance,20,2.2109202132111827,2.1744218422848602,1.9874004765000706,2.453146864693159,2.25,2.2109202132111827,Before the historical event,Event experienced
1.04,0,1,0,Nonshared environmental variance,20,9.064743522480107,9.067330881477556,8.775217378201013,9.322377009255813,4,9.064743522480107,Before the historical event,Event experienced
1.04,0,1,0,Phenotypic variance,20,15.204199935252113,15.193936194041802,14.7767778319808,15.55572635307323,10.216858061643716,15.204199935252113,Before the historical event,Event experienced
1.04,1,0,0,Additive genetic variance,20,3.9285361995608232,3.946826599529463,3.412035630676259,4.320095448172494,3.966858061643717,3.9285361995608232,After the historical event,Event not experienced
1.04,1,0,0,Nuclear-family environmental variance,20,2.2109202132111827,2.1744218422848602,1.9874004765000706,2.453146864693159,2.25,2.2109202132111827,After the historical event,Event not experienced
1.04,1,0,0,Nonshared environmental variance,20,9.064743522480107,9.067330881477556,8.775217378201013,9.322377009255813,4,9.064743522480107,After the historical event,Event not experienced
1.04,1,0,0,Phenotypic variance,20,15.204199935252113,15.193936194041802,14.7767778319808,15.55572635307323,10.216858061643716,15.204199935252113,After the historical event,Event not experienced
1.04,1,1,1,Additive genetic variance,20,5.926408371355868,5.969941789620455,4.48447067295692,7.654518434906445,5.917856828397474,5.926408371355868,After the historical event,Event experienced
1.04,1,1,1,Nuclear-family environmental variance,20,2.1778724208582707,2.1363718156709703,1.831409515550951,2.6467414139752594,2.25,2.1778724208582707,After the historical event,Event experienced
1.04,1,1,1,Nonshared environmental variance,20,9.035289468257556,9.021359935419675,8.530779744889355,9.570850890464019,4,9.035289468257556,After the historical event,Event experienced
1.04,1,1,1,Phenotypic variance,20,17.139570260471697,17.079181593124133,15.971589928560164,18.670670682995542,12.167856828397474,17.139570260471697,After the historical event,Event experienced
1.0600000000000005,0,0,0,Additive genetic variance,20,3.9108466556849755,3.928789147259359,3.395845407646146,4.295503917918088,3.949442229101612,3.9108466556849755,Before the historical event,Event not experienced
1.0600000000000005,0,0,0,Nuclear-family environmental variance,20,2.2116527712595753,2.1746981946308015,1.9878349327645608,2.4565800394407264,2.25,2.2116527712595753,Before the historical event,Event not experienced
1.0600000000000005,0,0,0,Nonshared environmental variance,20,9.0642570192005,9.06815855554213,8.77410562672806,9.320093242472062,4,9.0642570192005,Before the historical event,Event not experienced
1.0600000000000005,0,0,0,Phenotypic variance,20,15.186756446145052,15.176061012449166,14.761744827094681,15.533918171375635,10.199442229101612,15.186756446145052,Before the historical event,Event not experienced
1.0600000000000005,0,1,0,Additive genetic variance,20,3.9108466556849755,3.928789147259359,3.395845407646146,4.295503917918088,3.949442229101612,3.9108466556849755,Before the historical event,Event experienced
1.0600000000000005,0,1,0,Nuclear-family environmental variance,20,2.2116527712595753,2.1746981946308015,1.9878349327645608,2.4565800394407264,2.25,2.2116527712595753,Before the historical event,Event experienced
1.0600000000000005,0,1,0,Nonshared environmental variance,20,9.0642570192005,9.06815855554213,8.77410562672806,9.320093242472062,4,9.0642570192005,Before the historical event,Event experienced
1.0600000000000005,0,1,0,Phenotypic variance,20,15.186756446145052,15.176061012449166,14.761744827094681,15.533918171375635,10.199442229101612,15.186756446145052,Before the historical event,Event experienced
1.0600000000000005,1,0,0,Additive genetic variance,20,3.9108466556849755,3.928789147259359,3.395845407646146,4.295503917918088,3.949442229101612,3.9108466556849755,After the historical event,Event not experienced
1.0600000000000005,1,0,0,Nuclear-family environmental variance,20,2.2116527712595753,2.1746981946308015,1.9878349327645608,2.4565800394407264,2.25,2.2116527712595753,After the historical event,Event not experienced
1.0600000000000005,1,0,0,Nonshared environmental variance,20,9.0642570192005,9.06815855554213,8.77410562672806,9.320093242472062,4,9.0642570192005,After the historical event,Event not experienced
1.0600000000000005,1,0,0,Phenotypic variance,20,15.186756446145052,15.176061012449166,14.761744827094681,15.533918171375635,10.199442229101612,15.186756446145052,After the historical event,Event not experienced
1.0600000000000005,1,1,1,Additive genetic variance,20,5.899598298404903,5.9412984044141375,4.46185819630667,7.6129592550063085,5.8918754592811755,5.899598298404903,After the historical event,Event experienced
1.0600000000000005,1,1,1,Nuclear-family environmental variance,20,2.178565448843304,2.1373049435744718,1.8311173259787448,2.6490019514001815,2.25,2.178565448843304,After the historical event,Event experienced
1.0600000000000005,1,1,1,Nonshared environmental variance,20,9.034770809111915,9.019229611488836,8.531816057571415,9.568087407308859,4,9.034770809111915,After the historical event,Event experienced
1.0600000000000005,1,1,1,Phenotypic variance,20,17.112934556360123,17.055571051882232,15.948833770799405,18.637197766255504,12.141875459281176,17.112934556360123,After the historical event,Event experienced
1.08,0,0,0,Additive genetic variance,20,3.8926254748549067,3.9101918831866933,3.379275140375849,4.270275339389414,3.9314737717553894,3.8926254748549067,Before the historical event,Event not experienced
1.08,0,0,0,Nuclear-family environmental variance,20,2.2123822731171643,2.174975838352344,1.9882910073897895,2.4599542198676323,2.25,2.2123822731171643,Before the historical event,Event not experienced
1.08,0,0,0,Nonshared environmental variance,20,9.063761616749735,9.0692253494833,8.77303776808482,9.317811711825268,4,9.063761616749735,Before the historical event,Event not experienced
1.08,0,0,0,Phenotypic variance,20,15.168769364721806,15.157671116439536,14.746303334088438,15.511472416771024,10.181473771755389,15.168769364721806,Before the historical event,Event not experienced
1.08,0,1,0,Additive genetic variance,20,3.8926254748549067,3.9101918831866933,3.379275140375849,4.270275339389414,3.9314737717553894,3.8926254748549067,Before the historical event,Event experienced
1.08,0,1,0,Nuclear-family environmental variance,20,2.2123822731171643,2.174975838352344,1.9882910073897895,2.4599542198676323,2.25,2.2123822731171643,Before the historical event,Event experienced
1.08,0,1,0,Nonshared environmental variance,20,9.063761616749735,9.0692253494833,8.77303776808482,9.317811711825268,4,9.063761616749735,Before the historical event,Event experienced
1.08,0,1,0,Phenotypic variance,20,15.168769364721806,15.157671116439536,14.746303334088438,15.511472416771024,10.181473771755389,15.168769364721806,Before the historical event,Event experienced
1.08,1,0,0,Additive genetic variance,20,3.8926254748549067,3.9101918831866933,3.379275140375849,4.270275339389414,3.9314737717553894,3.8926254748549067,After the historical event,Event not experienced
1.08,1,0,0,Nuclear-family environmental variance,20,2.2123822731171643,2.174975838352344,1.9882910073897895,2.4599542198676323,2.25,2.2123822731171643,After the historical event,Event not experienced
1.08,1,0,0,Nonshared environmental variance,20,9.063761616749735,9.0692253494833,8.77303776808482,9.317811711825268,4,9.063761616749735,After the historical event,Event not experienced
1.08,1,0,0,Phenotypic variance,20,15.168769364721806,15.157671116439536,14.746303334088438,15.511472416771024,10.181473771755389,15.168769364721806,After the historical event,Event not experienced
1.08,1,1,1,Additive genetic variance,20,5.871986238859481,5.911824452563558,4.438690686566428,7.570288683757698,5.8650696708335675,5.871986238859481,After the historical event,Event experienced
1.08,1,1,1,Nuclear-family environmental variance,20,2.179254945082091,2.138247320845351,1.8308481605886462,2.651204639970059,2.25,2.179254945082091,After the historical event,Event experienced
1.08,1,1,1,Nonshared environmental variance,20,9.034243510321902,9.01710927073947,8.532864422380765,9.565340828094179,4,9.034243510321902,After the historical event,Event experienced
1.08,1,1,1,Phenotypic variance,20,17.085484694263474,17.0311858567144,15.925518886710826,18.602563930413062,12.115069670833567,17.085484694263474,After the historical event,Event experienced
1.0999999999999996,0,0,0,Additive genetic variance,20,3.8738809264859104,3.8910434358550097,3.362331211006689,4.244422602662153,3.9129609402048398,3.8738809264859104,Before the historical event,Event not experienced
1.0999999999999996,0,0,0,Nuclear-family environmental variance,20,2.2131086642188578,2.1752547461904688,1.988768712493203,2.4632691500334207,2.25,2.2131086642188578,Before the historical event,Event not experienced
1.0999999999999996,0,0,0,Nonshared environmental variance,20,9.063257300913314,9.070269918986664,8.772013788880741,9.315532412307215,4,9.063257300913314,Before the historical event,Event not experienced
1.0999999999999996,0,0,0,Phenotypic variance,20,15.150246891618082,15.13877376498405,14.730459429371908,15.490034788824335,10.16296094020484,15.150246891618082,Before the historical event,Event not experienced
1.0999999999999996,0,1,0,Additive genetic variance,20,3.8738809264859104,3.8910434358550097,3.362331211006689,4.244422602662153,3.9129609402048398,3.8738809264859104,Before the historical event,Event experienced
1.0999999999999996,0,1,0,Nuclear-family environmental variance,20,2.2131086642188578,2.1752547461904688,1.988768712493203,2.4632691500334207,2.25,2.2131086642188578,Before the historical event,Event experienced
1.0999999999999996,0,1,0,Nonshared environmental variance,20,9.063257300913314,9.070269918986664,8.772013788880741,9.315532412307215,4,9.063257300913314,Before the historical event,Event experienced
1.0999999999999996,0,1,0,Phenotypic variance,20,15.150246891618082,15.13877376498405,14.730459429371908,15.490034788824335,10.16296094020484,15.150246891618082,Before the historical event,Event experienced
1.0999999999999996,1,0,0,Additive genetic variance,20,3.8738809264859104,3.8910434358550097,3.362331211006689,4.244422602662153,3.9129609402048398,3.8738809264859104,After the historical event,Event not experienced
1.0999999999999996,1,0,0,Nuclear-family environmental variance,20,2.2131086642188578,2.1752547461904688,1.988768712493203,2.4632691500334207,2.25,2.2131086642188578,After the historical event,Event not experienced
1.0999999999999996,1,0,0,Nonshared environmental variance,20,9.063257300913314,9.070269918986664,8.772013788880741,9.315532412307215,4,9.063257300913314,After the historical event,Event not experienced
1.0999999999999996,1,0,0,Phenotypic variance,20,15.150246891618082,15.13877376498405,14.730459429371908,15.490034788824335,10.16296094020484,15.150246891618082,After the historical event,Event not experienced
1.0999999999999996,1,1,1,Additive genetic variance,20,5.843584742870299,5.881533923774947,4.414977986726342,7.526528015632332,5.8374517715031855,5.843584742870299,After the historical event,Event experienced
1.0999999999999996,1,1,1,Nuclear-family environmental variance,20,2.179940855932233,2.13919893543739,1.8306020100296019,2.653349305892161,2.25,2.179940855932233,After the historical event,Event experienced
1.0999999999999996,1,1,1,Nonshared environmental variance,20,9.03370755774784,9.014998902705447,8.53392483557149,9.562611137450334,4,9.03370755774784,After the historical event,Event experienced
1.0999999999999996,1,1,1,Phenotypic variance,20,17.05723315655037,17.006036120543254,15.901655137852687,18.56678626442848,12.087451771503186,17.05723315655037,After the historical event,Event experienced
1.12,0,0,0,Additive genetic variance,20,3.8546214900030815,3.8713526676763017,3.3450201239791126,4.218978773963192,3.8939122075272037,3.8546214900030815,Before the historical event,Event not experienced
1.12,0,0,0,Nuclear-family environmental variance,20,2.213831891160041,2.175534892802792,1.9892680609387283,2.466524578375752,2.25,2.213831891160041,Before the historical event,Event not experienced
1.12,0,0,0,Nonshared environmental variance,20,9.062744057938954,9.07129224097169,8.77103367639018,9.313255339234018,4,9.062744057938954,Before the historical event,Event not experienced
1.12,0,0,0,Phenotypic variance,20,15.131197439102076,15.121591259954442,14.714219313387254,15.468832341330035,10.143912207527205,15.131197439102076,Before the historical event,Event not experienced
1.12,0,1,0,Additive genetic variance,20,3.8546214900030815,3.8713526676763017,3.3450201239791126,4.218978773963192,3.8939122075272037,3.8546214900030815,Before the historical event,Event experienced
1.12,0,1,0,Nuclear-family environmental variance,20,2.213831891160041,2.175534892802792,1.9892680609387283,2.466524578375752,2.25,2.213831891160041,Before the historical event,Event experienced
1.12,0,1,0,Nonshared environmental variance,20,9.062744057938954,9.07129224097169,8.77103367639018,9.313255339234018,4,9.062744057938954,Before the historical event,Event experienced
1.12,0,1,0,Phenotypic variance,20,15.131197439102076,15.121591259954442,14.714219313387254,15.468832341330035,10.143912207527205,15.131197439102076,Before the historical event,Event experienced
1.12,1,0,0,Additive genetic variance,20,3.8546214900030815,3.8713526676763017,3.3450201239791126,4.218978773963192,3.8939122075272037,3.8546214900030815,After the historical event,Event not experienced
1.12,1,0,0,Nuclear-family environmental variance,20,2.213831891160041,2.175534892802792,1.9892680609387283,2.466524578375752,2.25,2.213831891160041,After the historical event,Event not experienced
1.12,1,0,0,Nonshared environmental variance,20,9.062744057938954,9.07129224097169,8.77103367639018,9.313255339234018,4,9.062744057938954,After the historical event,Event not experienced
1.12,1,0,0,Phenotypic variance,20,15.131197439102076,15.121591259954442,14.714219313387254,15.468832341330035,10.143912207527205,15.131197439102076,After the historical event,Event not experienced
1.12,1,1,1,Additive genetic variance,20,5.814406677265131,5.8504411400812,4.390730133856815,7.48169899931403,5.809034401635921,5.814406677265131,After the historical event,Event experienced
1.12,1,1,1,Nuclear-family environmental variance,20,2.1806231289172215,2.140159775973847,1.830378865977488,2.6554357794487053,2.25,2.1806231289172215,After the historical event,Event experienced
1.12,1,1,1,Nonshared environmental variance,20,9.033162937708633,9.012898497152914,8.534997293913445,9.561137705158568,4,9.033162937708633,After the historical event,Event experienced
1.12,1,1,1,Phenotypic variance,20,17.028192743890987,16.98013223685801,15.877252580975412,18.52988236316306,12.059034401635921,17.028192743890987,After the historical event,Event experienced
1.1399999999999997,0,0,0,Additive genetic variance,20,3.8348558483584316,3.851128668016222,3.327348501798436,4.197815923732076,3.8743362628202704,3.8348558483584316,Before the historical event,Event not experienced
1.1399999999999997,0,0,0,Nuclear-family environmental variance,20,2.2145519017003448,2.1758162547646362,1.9897890663373747,2.469720257742966,2.25,2.2145519017003448,Before the historical event,Event not experienced
1.1399999999999997,0,0,0,Nonshared environmental variance,20,9.062221874536753,9.072292293170067,8.770097418552142,9.310980488245697,4,9.062221874536753,Before the historical event,Event not experienced
1.1399999999999997,0,0,0,Phenotypic variance,20,15.11162962459553,15.104040220977806,14.697589306528872,15.44700680152069,10.12433626282027,15.11162962459553,Before the historical event,Event not experienced
1.1399999999999997,0,1,0,Additive genetic variance,20,3.8348558483584316,3.851128668016222,3.327348501798436,4.197815923732076,3.8743362628202704,3.8348558483584316,Before the historical event,Event experienced
1.1399999999999997,0,1,0,Nuclear-family environmental variance,20,2.2145519017003448,2.1758162547646362,1.9897890663373747,2.469720257742966,2.25,2.2145519017003448,Before the historical event,Event experienced
1.1399999999999997,0,1,0,Nonshared environmental variance,20,9.062221874536753,9.072292293170067,8.770097418552142,9.310980488245697,4,9.062221874536753,Before the historical event,Event experienced
1.1399999999999997,0,1,0,Phenotypic variance,20,15.11162962459553,15.104040220977806,14.697589306528872,15.44700680152069,10.12433626282027,15.11162962459553,Before the historical event,Event experienced
1.1399999999999997,1,0,0,Additive genetic variance,20,3.8348558483584316,3.851128668016222,3.327348501798436,4.197815923732076,3.8743362628202704,3.8348558483584316,After the historical event,Event not experienced
1.1399999999999997,1,0,0,Nuclear-family environmental variance,20,2.2145519017003448,2.1758162547646362,1.9897890663373747,2.469720257742966,2.25,2.2145519017003448,After the historical event,Event not experienced
1.1399999999999997,1,0,0,Nonshared environmental variance,20,9.062221874536753,9.072292293170067,8.770097418552142,9.310980488245697,4,9.062221874536753,After the historical event,Event not experienced
1.1399999999999997,1,0,0,Phenotypic variance,20,15.11162962459553,15.104040220977806,14.697589306528872,15.44700680152069,10.12433626282027,15.11162962459553,After the historical event,Event not experienced
1.1399999999999997,1,1,1,Additive genetic variance,20,5.784465215694516,5.818560744446062,4.365957352039839,7.435823819718497,5.77983052384246,5.784465215694516,After the historical event,Event experienced
1.1399999999999997,1,1,1,Nuclear-family environmental variance,20,2.181301712730204,2.1411298317480325,1.8301787211345384,2.6574638950202116,2.25,2.181301712730204,After the historical event,Event experienced
1.1399999999999997,1,1,1,Nonshared environmental variance,20,9.03260963698194,9.010808044080008,8.536081794692482,9.559996532724004,4,9.03260963698194,After the historical event,Event experienced
1.1399999999999997,1,1,1,Phenotypic variance,20,16.998376565406662,16.953484872286968,15.852321460953531,18.491870312488455,12.02983052384246,16.998376565406662,After the historical event,Event experienced
1.1600000000000001,0,0,0,Additive genetic variance,20,3.8145928814164676,3.8303807461212735,3.3093230807398317,4.176195568646431,3.8542420046040085,3.8145928814164676,Before the historical event,Event not experienced
1.1600000000000001,0,0,0,Nuclear-family environmental variance,20,2.2152686447673555,2.1760988105701227,1.9903317430478793,2.4728559454261005,2.25,2.2152686447673555,Before the historical event,Event not experienced
1.1600000000000001,0,0,0,Nonshared environmental variance,20,9.061690737879376,9.073270054126535,8.769205003970033,9.30870785530578,4,9.061690737879376,Before the historical event,Event not experienced
1.1600000000000001,0,0,0,Phenotypic variance,20,15.0915522640632,15.086008212517733,14.680575845004633,15.42456917578243,10.104242004604009,15.0915522640632,Before the historical event,Event not experienced
1.1600000000000001,0,1,0,Additive genetic variance,20,3.8145928814164676,3.8303807461212735,3.3093230807398317,4.176195568646431,3.8542420046040085,3.8145928814164676,Before the historical event,Event experienced
1.1600000000000001,0,1,0,Nuclear-family environmental variance,20,2.2152686447673555,2.1760988105701227,1.9903317430478793,2.4728559454261005,2.25,2.2152686447673555,Before the historical event,Event experienced
1.1600000000000001,0,1,0,Nonshared environmental variance,20,9.061690737879376,9.073270054126535,8.769205003970033,9.30870785530578,4,9.061690737879376,Before the historical event,Event experienced
1.1600000000000001,0,1,0,Phenotypic variance,20,15.0915522640632,15.086008212517733,14.680575845004633,15.42456917578243,10.104242004604009,15.0915522640632,Before the historical event,Event experienced
1.1600000000000001,1,0,0,Additive genetic variance,20,3.8145928814164676,3.8303807461212735,3.3093230807398317,4.176195568646431,3.8542420046040085,3.8145928814164676,After the historical event,Event not experienced
1.1600000000000001,1,0,0,Nuclear-family environmental variance,20,2.2152686447673555,2.1760988105701227,1.9903317430478793,2.4728559454261005,2.25,2.2152686447673555,After the historical event,Event not experienced
1.1600000000000001,1,0,0,Nonshared environmental variance,20,9.061690737879376,9.073270054126535,8.769205003970033,9.30870785530578,4,9.061690737879376,After the historical event,Event not experienced
1.1600000000000001,1,0,0,Phenotypic variance,20,15.0915522640632,15.086008212517733,14.680575845004633,15.42456917578243,10.104242004604009,15.0915522640632,After the historical event,Event not experienced
1.1600000000000001,1,1,1,Additive genetic variance,20,5.753773828579432,5.785907689162823,4.340670045197987,7.388925079735383,5.749853413154658,5.753773828579432,After the historical event,Event experienced
1.1600000000000001,1,1,1,Nuclear-family environmental variance,20,2.1819765572376957,2.142109092723924,1.8300015692288572,2.6594334911083397,2.25,2.1819765572376957,After the historical event,Event experienced
1.1600000000000001,1,1,1,Nonshared environmental variance,20,9.032047642804333,9.008727533716524,8.537178335710681,9.55885051164891,4,9.032047642804333,After the historical event,Event experienced
1.1600000000000001,1,1,1,Phenotypic variance,20,16.967798028621463,16.926104959008917,15.826872203615268,18.45276867403919,11.999853413154657,16.967798028621463,After the historical event,Event experienced
1.1799999999999997,0,0,0,Additive genetic variance,20,3.7938416592153876,3.809118423895792,3.290950706496527,4.154286641396206,3.8336385340877475,3.7938416592153876,Before the historical event,Event not experienced
1.1799999999999997,0,0,0,Nuclear-family environmental variance,20,2.215982070460284,2.176382540633278,1.9908961061773969,2.475931403190336,2.25,2.215982070460284,Before the historical event,Event not experienced
1.1799999999999997,0,0,0,Nonshared environmental variance,20,9.06115063560221,9.073212764997788,8.768356421911458,9.306437436700875,4,9.06115063560221,Before the historical event,Event not experienced
1.1799999999999997,0,0,0,Phenotypic variance,20,15.070974365277882,15.067502104687108,14.663185476642095,15.401530749341239,10.083638534087747,15.070974365277882,Before the historical event,Event not experienced
1.1799999999999997,0,1,0,Additive genetic variance,20,3.7938416592153876,3.809118423895792,3.290950706496527,4.154286641396206,3.8336385340877475,3.7938416592153876,Before the historical event,Event experienced
1.1799999999999997,0,1,0,Nuclear-family environmental variance,20,2.215982070460284,2.176382540633278,1.9908961061773969,2.475931403190336,2.25,2.215982070460284,Before the historical event,Event experienced
1.1799999999999997,0,1,0,Nonshared environmental variance,20,9.06115063560221,9.073212764997788,8.768356421911458,9.306437436700875,4,9.06115063560221,Before the historical event,Event experienced
1.1799999999999997,0,1,0,Phenotypic variance,20,15.070974365277882,15.067502104687108,14.663185476642095,15.401530749341239,10.083638534087747,15.070974365277882,Before the historical event,Event experienced
1.1799999999999997,1,0,0,Additive genetic variance,20,3.7938416592153876,3.809118423895792,3.290950706496527,4.154286641396206,3.8336385340877475,3.7938416592153876,After the historical event,Event not experienced
1.1799999999999997,1,0,0,Nuclear-family environmental variance,20,2.215982070460284,2.176382540633278,1.9908961061773969,2.475931403190336,2.25,2.215982070460284,After the historical event,Event not experienced
1.1799999999999997,1,0,0,Nonshared environmental variance,20,9.06115063560221,9.073212764997788,8.768356421911458,9.306437436700875,4,9.06115063560221,After the historical event,Event not experienced
1.1799999999999997,1,0,0,Phenotypic variance,20,15.070974365277882,15.067502104687108,14.663185476642095,15.401530749341239,10.083638534087747,15.070974365277882,After the historical event,Event not experienced
1.1799999999999997,1,1,1,Additive genetic variance,20,5.722346272871825,5.752497224060514,4.314878789828084,7.341025781713589,5.7191166469813774,5.722346272871825,After the historical event,Event experienced
1.1799999999999997,1,1,1,Nuclear-family environmental variance,20,2.1826476134832293,2.1430975495368196,1.8298474050140168,2.66134441035822,2.25,2.1826476134832293,After the historical event,Event experienced
1.1799999999999997,1,1,1,Nonshared environmental variance,20,9.031476942871468,9.006656956523647,8.538286915286625,9.557699642623046,4,9.031476942871468,After the historical event,Event experienced
1.1799999999999997,1,1,1,Phenotypic variance,20,16.936470829226522,16.898003687011023,15.800915408476882,18.41259646962611,11.969116646981377,16.936470829226522,After the historical event,Event experienced
1.2000000000000002,0,0,0,Additive genetic variance,20,3.7726114351111257,3.787351428536633,3.272238329775199,4.131755087761813,3.8125351483100185,3.7726114351111257,Before the historical event,Event not experienced
1.2000000000000002,0,0,0,Nuclear-family environmental variance,20,2.2166921300535707,2.1766674272891637,1.9914821715822364,2.4789463973058794,2.25,2.2166921300535707,Before the historical event,Event not experienced
1.2000000000000002,0,0,0,Nonshared environmental variance,20,9.060601555803533,9.072966563892647,8.767551662307978,9.30416922904032,4,9.060601555803533,Before the historical event,Event not experienced
1.2000000000000002,0,0,0,Phenotypic variance,20,15.04990512096823,15.04940475561248,14.645388406683328,15.377903076255663,10.062535148310019,15.04990512096823,Before the historical event,Event not experienced
1.2000000000000002,0,1,0,Additive genetic variance,20,3.7726114351111257,3.787351428536633,3.272238329775199,4.131755087761813,3.8125351483100185,3.7726114351111257,Before the historical event,Event experienced
1.2000000000000002,0,1,0,Nuclear-family environmental variance,20,2.2166921300535707,2.1766674272891637,1.9914821715822364,2.4789463973058794,2.25,2.2166921300535707,Before the historical event,Event experienced
1.2000000000000002,0,1,0,Nonshared environmental variance,20,9.060601555803533,9.072966563892647,8.767551662307978,9.30416922904032,4,9.060601555803533,Before the historical event,Event experienced
1.2000000000000002,0,1,0,Phenotypic variance,20,15.04990512096823,15.04940475561248,14.645388406683328,15.377903076255663,10.062535148310019,15.04990512096823,Before the historical event,Event experienced
1.2000000000000002,1,0,0,Additive genetic variance,20,3.7726114351111257,3.787351428536633,3.272238329775199,4.131755087761813,3.8125351483100185,3.7726114351111257,After the historical event,Event not experienced
1.2000000000000002,1,0,0,Nuclear-family environmental variance,20,2.2166921300535707,2.1766674272891637,1.9914821715822364,2.4789463973058794,2.25,2.2166921300535707,After the historical event,Event not experienced
1.2000000000000002,1,0,0,Nonshared environmental variance,20,9.060601555803533,9.072966563892647,8.767551662307978,9.30416922904032,4,9.060601555803533,After the historical event,Event not experienced
1.2000000000000002,1,0,0,Phenotypic variance,20,15.04990512096823,15.04940475561248,14.645388406683328,15.377903076255663,10.062535148310019,15.04990512096823,After the historical event,Event not experienced
1.2000000000000002,1,1,1,Additive genetic variance,20,5.6901965816390225,5.718344884530708,4.2885943276466225,7.29214930871098,5.68763409487431,5.6901965816390225,After the historical event,Event experienced
1.2000000000000002,1,1,1,Nuclear-family environmental variance,20,2.1833148336909565,2.144095193494028,1.8297162242687377,2.6631964995802617,2.25,2.1833148336909565,After the historical event,Event experienced
1.2000000000000002,1,1,1,Nonshared environmental variance,20,9.030897525338226,9.004596303193637,8.539407532255616,9.55654392646414,4,9.030897525338226,After the historical event,Event experienced
1.2000000000000002,1,1,1,Phenotypic variance,20,16.904408940668205,16.86919249620062,15.7744618413888,18.371373165328997,11.93763409487431,16.904408940668205,After the historical event,Event experienced
1.2199999999999998,0,0,0,Additive genetic variance,20,3.750911638811607,3.764831522035294,3.253193001842596,4.108612353076825,3.7909413331583095,3.750911638811607,Before the historical event,Event not experienced
1.2199999999999998,0,0,0,Nuclear-family environmental variance,20,2.217398776000444,2.1781377738543664,1.99208995586864,2.481900698578272,2.25,2.217398776000444,Before the historical event,Event not experienced
1.2199999999999998,0,0,0,Nonshared environmental variance,20,9.060043487044663,9.072727311219907,8.766790715754958,9.301903229255744,4,9.060043487044663,Before the historical event,Event not experienced
1.2199999999999998,0,0,0,Phenotypic variance,20,15.028353901856715,15.031274639207314,14.62709732823738,15.35369796921988,10.04094133315831,15.028353901856715,Before the historical event,Event not experienced
1.2199999999999998,0,1,0,Additive genetic variance,20,3.750911638811607,3.764831522035294,3.253193001842596,4.108612353076825,3.7909413331583095,3.750911638811607,Before the historical event,Event experienced
1.2199999999999998,0,1,0,Nuclear-family environmental variance,20,2.217398776000444,2.1781377738543664,1.99208995586864,2.481900698578272,2.25,2.217398776000444,Before the historical event,Event experienced
1.2199999999999998,0,1,0,Nonshared environmental variance,20,9.060043487044663,9.072727311219907,8.766790715754958,9.301903229255744,4,9.060043487044663,Before the historical event,Event experienced
1.2199999999999998,0,1,0,Phenotypic variance,20,15.028353901856715,15.031274639207314,14.62709732823738,15.35369796921988,10.04094133315831,15.028353901856715,Before the historical event,Event experienced
1.2199999999999998,1,0,0,Additive genetic variance,20,3.750911638811607,3.764831522035294,3.253193001842596,4.108612353076825,3.7909413331583095,3.750911638811607,After the historical event,Event not experienced
1.2199999999999998,1,0,0,Nuclear-family environmental variance,20,2.217398776000444,2.1781377738543664,1.99208995586864,2.481900698578272,2.25,2.217398776000444,After the historical event,Event not experienced
1.2199999999999998,1,0,0,Nonshared environmental variance,20,9.060043487044663,9.072727311219907,8.766790715754958,9.301903229255744,4,9.060043487044663,After the historical event,Event not experienced
1.2199999999999998,1,0,0,Phenotypic variance,20,15.028353901856715,15.031274639207314,14.62709732823738,15.35369796921988,10.04094133315831,15.028353901856715,After the historical event,Event not experienced
1.2199999999999998,1,1,1,Additive genetic variance,20,5.657339053483232,5.683466479388223,4.261827558154094,7.242319405529853,5.65541990811469,5.657339053483232,After the historical event,Event experienced
1.2199999999999998,1,1,1,Nuclear-family environmental variance,20,2.1839781712691826,2.145102016575602,1.8296080237966543,2.6649896097714407,2.25,2.1839781712691826,After the historical event,Event experienced
1.2199999999999998,1,1,1,Nonshared environmental variance,20,9.030309378818869,9.002545564649555,8.540540185969974,9.555383364117816,4,9.030309378818869,After the historical event,Event experienced
1.2199999999999998,1,1,1,Phenotypic variance,20,16.871626603571283,16.83968306837863,15.7475224271007,18.329118655286823,11.905419908114691,16.871626603571283,After the historical event,Event experienced
1.2400000000000002,0,0,0,Additive genetic variance,20,3.7287518693086255,3.740595163256911,3.233821870027433,4.084870145202028,3.768866756276015,3.7287518693086255,Before the historical event,Event not experienced
1.2400000000000002,0,0,0,Nuclear-family environmental variance,20,2.2181019619364206,2.180379796699807,1.9927194763936134,2.484794082378113,2.25,2.2181019619364206,Before the historical event,Event not experienced
1.2400000000000002,0,0,0,Nonshared environmental variance,20,9.059476418350092,9.07249500828875,8.766073573511356,9.299639434600673,4,9.059476418350092,Before the historical event,Event not experienced
1.2400000000000002,0,0,0,Phenotypic variance,20,15.00633024959514,15.012678604353006,14.608445708643231,15.328927489189631,10.018866756276015,15.00633024959514,Before the historical event,Event not experienced
1.2400000000000002,0,1,0,Additive genetic variance,20,3.7287518693086255,3.740595163256911,3.233821870027433,4.084870145202028,3.768866756276015,3.7287518693086255,Before the historical event,Event experienced
1.2400000000000002,0,1,0,Nuclear-family environmental variance,20,2.2181019619364206,2.180379796699807,1.9927194763936134,2.484794082378113,2.25,2.2181019619364206,Before the historical event,Event experienced
1.2400000000000002,0,1,0,Nonshared environmental variance,20,9.059476418350092,9.07249500828875,8.766073573511356,9.299639434600673,4,9.059476418350092,Before the historical event,Event experienced
1.2400000000000002,0,1,0,Phenotypic variance,20,15.00633024959514,15.012678604353006,14.608445708643231,15.328927489189631,10.018866756276015,15.00633024959514,Before the historical event,Event experienced
1.2400000000000002,1,0,0,Additive genetic variance,20,3.7287518693086255,3.740595163256911,3.233821870027433,4.084870145202028,3.768866756276015,3.7287518693086255,After the historical event,Event not experienced
1.2400000000000002,1,0,0,Nuclear-family environmental variance,20,2.2181019619364206,2.180379796699807,1.9927194763936134,2.484794082378113,2.25,2.2181019619364206,After the historical event,Event not experienced
1.2400000000000002,1,0,0,Nonshared environmental variance,20,9.059476418350092,9.07249500828875,8.766073573511356,9.299639434600673,4,9.059476418350092,After the historical event,Event not experienced
1.2400000000000002,1,0,0,Phenotypic variance,20,15.00633024959514,15.012678604353006,14.608445708643231,15.328927489189631,10.018866756276015,15.00633024959514,After the historical event,Event not experienced
1.2400000000000002,1,1,1,Additive genetic variance,20,5.6237882418073895,5.6478780785790565,4.2345895311253985,7.191560159559611,5.622488509131701,5.6237882418073895,After the historical event,Event experienced
1.2400000000000002,1,1,1,Nuclear-family environmental variance,20,2.184637580813848,2.146118011435104,1.8295228014261637,2.6667235961360625,2.25,2.184637580813848,After the historical event,Event experienced
1.2400000000000002,1,1,1,Nonshared environmental variance,20,9.029712492387166,9.00050473204497,8.541684876299303,9.55421795665752,4,9.029712492387166,After the historical event,Event experienced
1.2400000000000002,1,1,1,Phenotypic variance,20,16.838138315008404,16.809487319082436,15.720108241752744,18.285853245204386,11.872488509131701,16.838138315008404,After the historical event,Event experienced
1.2599999999999998,0,0,0,Additive genetic variance,20,3.706141887714859,3.7162072475888337,3.2141321731816443,4.060540424676927,3.7463212598640445,3.706141887714859,Before the historical event,Event not experienced
1.2599999999999998,0,0,0,Nuclear-family environmental variance,20,2.218801642682753,2.1825946437017008,1.9933707512657934,2.487626328670208,2.25,2.218801642682753,Before the historical event,Event not experienced
1.2599999999999998,0,0,0,Nonshared environmental variance,20,9.05890033920764,9.072269656499646,8.765400227499606,9.297377842650155,4,9.05890033920764,Before the historical event,Event not experienced
1.2599999999999998,0,0,0,Phenotypic variance,20,14.98384386960525,14.993624023255471,14.58944062679698,15.303603934843606,9.996321259864045,14.98384386960525,Before the historical event,Event not experienced
1.2599999999999998,0,1,0,Additive genetic variance,20,3.706141887714859,3.7162072475888337,3.2141321731816443,4.060540424676927,3.7463212598640445,3.706141887714859,Before the historical event,Event experienced
1.2599999999999998,0,1,0,Nuclear-family environmental variance,20,2.218801642682753,2.1825946437017008,1.9933707512657934,2.487626328670208,2.25,2.218801642682753,Before the historical event,Event experienced
1.2599999999999998,0,1,0,Nonshared environmental variance,20,9.05890033920764,9.072269656499646,8.765400227499606,9.297377842650155,4,9.05890033920764,Before the historical event,Event experienced
1.2599999999999998,0,1,0,Phenotypic variance,20,14.98384386960525,14.993624023255471,14.58944062679698,15.303603934843606,9.996321259864045,14.98384386960525,Before the historical event,Event experienced
1.2599999999999998,1,0,0,Additive genetic variance,20,3.706141887714859,3.7162072475888337,3.2141321731816443,4.060540424676927,3.7463212598640445,3.706141887714859,After the historical event,Event not experienced
1.2599999999999998,1,0,0,Nuclear-family environmental variance,20,2.218801642682753,2.1825946437017008,1.9933707512657934,2.487626328670208,2.25,2.218801642682753,After the historical event,Event not experienced
1.2599999999999998,1,0,0,Nonshared environmental variance,20,9.05890033920764,9.072269656499646,8.765400227499606,9.297377842650155,4,9.05890033920764,After the historical event,Event not experienced
1.2599999999999998,1,0,0,Phenotypic variance,20,14.98384386960525,14.993624023255471,14.58944062679698,15.303603934843606,9.996321259864045,14.98384386960525,After the historical event,Event not experienced
1.2599999999999998,1,1,1,Additive genetic variance,20,5.589558943938796,5.61159600074908,4.206891439033566,7.1398959814481895,5.588854580763741,5.589558943938796,After the historical event,Event experienced
1.2599999999999998,1,1,1,Nuclear-family environmental variance,20,2.185293018111949,2.147143171400416,1.8294605560103596,2.6683983181059885,2.25,2.185293018111949,After the historical event,Event experienced
1.2599999999999998,1,1,1,Nonshared environmental variance,20,9.029106855576527,8.99847379676368,8.54284160363078,9.553047705284445,4,9.029106855576527,After the historical event,Event experienced
1.2599999999999998,1,1,1,Phenotypic variance,20,16.803958817627272,16.778617389305907,15.692230505300126,18.24159763559434,11.83885458076374,16.803958817627272,After the historical event,Event experienced
1.2800000000000002,0,0,0,Additive genetic variance,20,3.683091610013571,3.692731682492173,3.19413123710507,4.035635394703722,3.723314853384517,3.683091610013571,Before the historical event,Event not experienced
1.2800000000000002,0,0,0,Nuclear-family environmental variance,20,2.2194977742498163,2.184782240214609,1.9940437993463673,2.490397222042113,2.25,2.2194977742498163,Before the historical event,Event not experienced
1.2800000000000002,0,0,0,Nonshared environmental variance,20,9.058315239568559,9.072051257344372,8.764770670305449,9.29511845130035,4,9.058315239568559,Before the historical event,Event not experienced
1.2800000000000002,0,0,0,Phenotypic variance,20,14.960904623831945,14.974118424658103,14.570089253794556,15.277739831893,9.973314853384517,14.960904623831945,Before the historical event,Event not experienced
1.2800000000000002,0,1,0,Additive genetic variance,20,3.683091610013571,3.692731682492173,3.19413123710507,4.035635394703722,3.723314853384517,3.683091610013571,Before the historical event,Event experienced
1.2800000000000002,0,1,0,Nuclear-family environmental variance,20,2.2194977742498163,2.184782240214609,1.9940437993463673,2.490397222042113,2.25,2.2194977742498163,Before the historical event,Event experienced
1.2800000000000002,0,1,0,Nonshared environmental variance,20,9.058315239568559,9.072051257344372,8.764770670305449,9.29511845130035,4,9.058315239568559,Before the historical event,Event experienced
1.2800000000000002,0,1,0,Phenotypic variance,20,14.960904623831945,14.974118424658103,14.570089253794556,15.277739831893,9.973314853384517,14.960904623831945,Before the historical event,Event experienced
1.2800000000000002,1,0,0,Additive genetic variance,20,3.683091610013571,3.692731682492173,3.19413123710507,4.035635394703722,3.723314853384517,3.683091610013571,After the historical event,Event not experienced
1.2800000000000002,1,0,0,Nuclear-family environmental variance,20,2.2194977742498163,2.184782240214609,1.9940437993463673,2.490397222042113,2.25,2.2194977742498163,After the historical event,Event not experienced
1.2800000000000002,1,0,0,Nonshared environmental variance,20,9.058315239568559,9.072051257344372,8.764770670305449,9.29511845130035,4,9.058315239568559,After the historical event,Event not experienced
1.2800000000000002,1,0,0,Phenotypic variance,20,14.960904623831945,14.974118424658103,14.570089253794556,15.277739831893,9.973314853384517,14.960904623831945,After the historical event,Event not experienced
1.2800000000000002,1,1,1,Additive genetic variance,20,5.554666190122029,5.574636800686961,4.178744609414015,7.087351585623852,5.554533055373609,5.554666190122029,After the historical event,Event experienced
1.2800000000000002,1,1,1,Nuclear-family environmental variance,20,2.1859444401448953,2.1481774904745827,1.8294212874270481,2.670013639360336,2.25,2.1859444401448953,After the historical event,Event experienced
1.2800000000000002,1,1,1,Nonshared environmental variance,20,9.028492458380121,8.996452750419419,8.544010368869433,9.551872611327457,4,9.028492458380121,After the historical event,Event experienced
1.2800000000000002,1,1,1,Phenotypic variance,20,16.769103088647046,16.747085637104718,15.66390057387828,18.19637290477383,11.804533055373609,16.769103088647046,After the historical event,Event experienced
1.2999999999999998,0,0,0,Additive genetic variance,20,3.659611099728642,3.6687887495478524,3.173826469937681,4.010167490975496,3.6998577061741575,3.659611099728642,Before the historical event,Event not experienced
1.2999999999999998,0,0,0,Nuclear-family environmental variance,20,2.2201903138404466,2.1869425126990936,1.9947386402500356,2.4931065517320965,2.25,2.2201903138404466,Before the historical event,Event not experienced
1.2999999999999998,0,0,0,Nonshared environmental variance,20,9.057721109847673,9.071839812405997,8.764184895177815,9.292861258768141,4,9.057721109847673,Before the historical event,Event not experienced
1.2999999999999998,0,0,0,Phenotypic variance,20,14.937522523416762,14.95416948864326,14.55039884834317,15.25134792225214,9.949857706174157,14.937522523416762,Before the historical event,Event not experienced
1.2999999999999998,0,1,0,Additive genetic variance,20,3.659611099728642,3.6687887495478524,3.173826469937681,4.010167490975496,3.6998577061741575,3.659611099728642,Before the historical event,Event experienced
1.2999999999999998,0,1,0,Nuclear-family environmental variance,20,2.2201903138404466,2.1869425126990936,1.9947386402500356,2.4931065517320965,2.25,2.2201903138404466,Before the historical event,Event experienced
1.2999999999999998,0,1,0,Nonshared environmental variance,20,9.057721109847673,9.071839812405997,8.764184895177815,9.292861258768141,4,9.057721109847673,Before the historical event,Event experienced
1.2999999999999998,0,1,0,Phenotypic variance,20,14.937522523416762,14.95416948864326,14.55039884834317,15.25134792225214,9.949857706174157,14.937522523416762,Before the historical event,Event experienced
1.2999999999999998,1,0,0,Additive genetic variance,20,3.659611099728642,3.6687887495478524,3.173826469937681,4.010167490975496,3.6998577061741575,3.659611099728642,After the historical event,Event not experienced
1.2999999999999998,1,0,0,Nuclear-family environmental variance,20,2.2201903138404466,2.1869425126990936,1.9947386402500356,2.4931065517320965,2.25,2.2201903138404466,After the historical event,Event not experienced
1.2999999999999998,1,0,0,Nonshared environmental variance,20,9.057721109847673,9.071839812405997,8.764184895177815,9.292861258768141,4,9.057721109847673,After the historical event,Event not experienced
1.2999999999999998,1,0,0,Phenotypic variance,20,14.937522523416762,14.95416948864326,14.55039884834317,15.25134792225214,9.949857706174157,14.937522523416762,After the historical event,Event not experienced
1.2999999999999998,1,1,1,Additive genetic variance,20,5.519125232392739,5.537017256654999,4.1501604971766355,7.033951970689024,5.519539103828987,5.519125232392739,After the historical event,Event experienced
1.2999999999999998,1,1,1,Nuclear-family environmental variance,20,2.1865918050918127,2.149220963336698,1.829404996578852,2.671569427844636,2.25,2.1865918050918127,After the historical event,Event experienced
1.2999999999999998,1,1,1,Nonshared environmental variance,20,9.027869291250992,8.994441584855597,8.545191173438464,9.55069267624304,4,9.027869291250992,After the historical event,Event experienced
1.2999999999999998,1,1,1,Phenotypic variance,20,16.733586328735544,16.71490462909476,15.635129932115873,18.150200491635143,11.769539103828986,16.733586328735544,After the historical event,Event experienced
1.3200000000000003,0,0,0,Additive genetic variance,20,3.635710560522561,3.644389737457688,3.153225357523451,3.9841493713604095,3.6759601399749386,3.635710560522561,Before the historical event,Event not experienced
1.3200000000000003,0,0,0,Nuclear-family environmental variance,20,2.2208792198532143,2.1890753887259344,1.995455294346018,2.49575411165649,2.25,2.2208792198532143,Before the historical event,Event not experienced
1.3200000000000003,0,0,0,Nonshared environmental variance,20,9.057117940923478,9.071635323358905,8.763642896028728,9.290606263590746,4,9.057117940923478,Before the historical event,Event not experienced
1.3200000000000003,0,0,0,Phenotypic variance,20,14.913707721299254,14.933785041351381,14.53037675214399,15.224441153083099,9.925960139974938,14.913707721299254,Before the historical event,Event not experienced
1.3200000000000003,0,1,0,Additive genetic variance,20,3.635710560522561,3.644389737457688,3.153225357523451,3.9841493713604095,3.6759601399749386,3.635710560522561,Before the historical event,Event experienced
1.3200000000000003,0,1,0,Nuclear-family environmental variance,20,2.2208792198532143,2.1890753887259344,1.995455294346018,2.49575411165649,2.25,2.2208792198532143,Before the historical event,Event experienced
1.3200000000000003,0,1,0,Nonshared environmental variance,20,9.057117940923478,9.071635323358905,8.763642896028728,9.290606263590746,4,9.057117940923478,Before the historical event,Event experienced
1.3200000000000003,0,1,0,Phenotypic variance,20,14.913707721299254,14.933785041351381,14.53037675214399,15.224441153083099,9.925960139974938,14.913707721299254,Before the historical event,Event experienced
1.3200000000000003,1,0,0,Additive genetic variance,20,3.635710560522561,3.644389737457688,3.153225357523451,3.9841493713604095,3.6759601399749386,3.635710560522561,After the historical event,Event not experienced
1.3200000000000003,1,0,0,Nuclear-family environmental variance,20,2.2208792198532143,2.1890753887259344,1.995455294346018,2.49575411165649,2.25,2.2208792198532143,After the historical event,Event not experienced
1.3200000000000003,1,0,0,Nonshared environmental variance,20,9.057117940923478,9.071635323358905,8.763642896028728,9.290606263590746,4,9.057117940923478,After the historical event,Event not experienced
1.3200000000000003,1,0,0,Phenotypic variance,20,14.913707721299254,14.933785041351381,14.53037675214399,15.224441153083099,9.925960139974938,14.913707721299254,After the historical event,Event not experienced
1.3200000000000003,1,1,1,Additive genetic variance,20,5.482951533343924,5.498754357621442,4.1211506768729365,6.9797223997077635,5.483888124359475,5.482951533343924,After the historical event,Event experienced
1.3200000000000003,1,1,1,Nuclear-family environmental variance,20,2.1872350723327783,2.150273585342829,1.829411685393393,2.6730655557894405,2.25,2.1872350723327783,After the historical event,Event experienced
1.3200000000000003,1,1,1,Nonshared environmental variance,20,9.02723734510216,8.992440292145027,8.546384019279554,9.549507901615183,4,9.02723734510216,After the historical event,Event experienced
1.3200000000000003,1,1,1,Phenotypic variance,20,16.697423950778862,16.68208713185188,15.605930185402993,18.103102178209898,11.733888124359474,16.697423950778862,After the historical event,Event experienced
1.3399999999999999,0,0,0,Additive genetic variance,20,3.611400328730101,3.6195460899533147,3.1323354587499876,3.957593905453888,3.65163262138969,3.611400328730101,Before the historical event,Event not experienced
1.3399999999999999,0,0,0,Nuclear-family environmental variance,20,2.2215644518856426,2.1911807969802632,1.9961937827591099,2.498339700436438,2.25,2.2215644518856426,Before the historical event,Event not experienced
1.3399999999999999,0,0,0,Nonshared environmental variance,20,9.05650572413825,9.071437791968783,8.763144667433211,9.288353464625327,4,9.05650572413825,Before the historical event,Event not experienced
1.3399999999999999,0,0,0,Phenotypic variance,20,14.889470504753993,14.912973049622867,14.510030385250172,15.197032665727352,9.901632621389691,14.889470504753993,Before the historical event,Event not experienced
1.3399999999999999,0,1,0,Additive genetic variance,20,3.611400328730101,3.6195460899533147,3.1323354587499876,3.957593905453888,3.65163262138969,3.611400328730101,Before the historical event,Event experienced
1.3399999999999999,0,1,0,Nuclear-family environmental variance,20,2.2215644518856426,2.1911807969802632,1.9961937827591099,2.498339700436438,2.25,2.2215644518856426,Before the historical event,Event experienced
1.3399999999999999,0,1,0,Nonshared environmental variance,20,9.05650572413825,9.071437791968783,8.763144667433211,9.288353464625327,4,9.05650572413825,Before the historical event,Event experienced
1.3399999999999999,0,1,0,Phenotypic variance,20,14.889470504753993,14.912973049622867,14.510030385250172,15.197032665727352,9.901632621389691,14.889470504753993,Before the historical event,Event experienced
1.3399999999999999,1,0,0,Additive genetic variance,20,3.611400328730101,3.6195460899533147,3.1323354587499876,3.957593905453888,3.65163262138969,3.611400328730101,After the historical event,Event not experienced
1.3399999999999999,1,0,0,Nuclear-family environmental variance,20,2.2215644518856426,2.1911807969802632,1.9961937827591099,2.498339700436438,2.25,2.2215644518856426,After the historical event,Event not experienced
1.3399999999999999,1,0,0,Nonshared environmental variance,20,9.05650572413825,9.071437791968783,8.763144667433211,9.288353464625327,4,9.05650572413825,After the historical event,Event not experienced
1.3399999999999999,1,0,0,Phenotypic variance,20,14.889470504753993,14.912973049622867,14.510030385250172,15.197032665727352,9.901632621389691,14.889470504753993,After the historical event,Event not experienced
1.3399999999999999,1,1,1,Additive genetic variance,20,5.446160754796455,5.459865290408009,4.091726834925552,6.924688380408568,5.447595731301673,5.446160754796455,After the historical event,Event experienced
1.3399999999999999,1,1,1,Nuclear-family environmental variance,20,2.1878742024519964,2.151335352526976,1.8294413568235646,2.6745018997283996,2.25,2.1878742024519964,After the historical event,Event experienced
1.3399999999999999,1,1,1,Nonshared environmental variance,20,9.026596611306717,8.99044886458964,8.547588908853193,9.548318289155329,4,9.026596611306717,After the historical event,Event experienced
1.3399999999999999,1,1,1,Phenotypic variance,20,16.660631568555168,16.648646103220987,15.57631305212167,18.055100072046567,11.697595731301673,16.660631568555168,After the historical event,Event experienced
1.3600000000000003,0,0,0,Additive genetic variance,20,3.5866908658353704,3.594269396780768,3.111164400868015,3.9305141640107624,3.6268857542702992,3.5866908658353704,Before the historical event,Event not experienced
1.3600000000000003,0,0,0,Nuclear-family environmental variance,20,2.222245970737369,2.193258667265619,1.996954127370782,2.5008631214240338,2.25,2.222245970737369,Before the historical event,Event not experienced
1.3600000000000003,0,0,0,Nonshared environmental variance,20,9.055884451298136,9.071247220092648,8.762690204629218,9.286102861048604,4,9.055884451298136,Before the historical event,Event not experienced
1.3600000000000003,0,0,0,Phenotypic variance,20,14.864821287870875,14.891741615567739,14.489367241404317,15.16913578453753,9.8768857542703,14.864821287870875,Before the historical event,Event not experienced
1.3600000000000003,0,1,0,Additive genetic variance,20,3.5866908658353704,3.594269396780768,3.111164400868015,3.9305141640107624,3.6268857542702992,3.5866908658353704,Before the historical event,Event experienced
1.3600000000000003,0,1,0,Nuclear-family environmental variance,20,2.222245970737369,2.193258667265619,1.996954127370782,2.5008631214240338,2.25,2.222245970737369,Before the historical event,Event experienced
1.3600000000000003,0,1,0,Nonshared environmental variance,20,9.055884451298136,9.071247220092648,8.762690204629218,9.286102861048604,4,9.055884451298136,Before the historical event,Event experienced
1.3600000000000003,0,1,0,Phenotypic variance,20,14.864821287870875,14.891741615567739,14.489367241404317,15.16913578453753,9.8768857542703,14.864821287870875,Before the historical event,Event experienced
1.3600000000000003,1,0,0,Additive genetic variance,20,3.5866908658353704,3.594269396780768,3.111164400868015,3.9305141640107624,3.6268857542702992,3.5866908658353704,After the historical event,Event not experienced
1.3600000000000003,1,0,0,Nuclear-family environmental variance,20,2.222245970737369,2.193258667265619,1.996954127370782,2.5008631214240338,2.25,2.222245970737369,After the historical event,Event not experienced
1.3600000000000003,1,0,0,Nonshared environmental variance,20,9.055884451298136,9.071247220092648,8.762690204629218,9.286102861048604,4,9.055884451298136,After the historical event,Event not experienced
1.3600000000000003,1,0,0,Phenotypic variance,20,14.864821287870875,14.891741615567739,14.489367241404317,15.16913578453753,9.8768857542703,14.864821287870875,After the historical event,Event not experienced
1.3600000000000003,1,1,1,Additive genetic variance,20,5.4087687463854905,5.4203674267662105,4.061900761827352,6.868875645323989,5.410677743743721,5.4087687463854905,After the historical event,Event experienced
1.3600000000000003,1,1,1,Nuclear-family environmental variance,20,2.1885091572409134,2.1524062616020725,1.8294940148478833,2.675878340515776,2.25,2.1885091572409134,After the historical event,Event experienced
1.3600000000000003,1,1,1,Nonshared environmental variance,20,9.025947081697927,8.988467294720232,8.548805845138986,9.547123840702302,4,9.025947081697927,After the historical event,Event experienced
1.3600000000000003,1,1,1,Phenotypic variance,20,16.62322498532433,16.614594683542705,15.546290355846129,18.006216588420997,11.66067774374372,16.62322498532433,After the historical event,Event experienced
1.38,0,0,0,Additive genetic variance,20,3.56159275089999,3.5685713846251934,3.0897198747948247,3.902923408269534,3.6017302720462876,3.56159275089999,Before the historical event,Event not experienced
1.38,0,0,0,Nuclear-family environmental variance,20,2.222923738413246,2.19530893050792,1.9977363508203227,2.503324182727839,2.25,2.222923738413246,Before the historical event,Event not experienced
1.38,0,0,0,Nonshared environmental variance,20,9.055254114673248,9.071063609678838,8.762279503517568,9.283854452356472,4,9.055254114673248,Before the historical event,Event not experienced
1.38,0,0,0,Phenotypic variance,20,14.839770603986484,14.870098971068352,14.46839488335948,15.140764005622433,9.851730272046288,14.839770603986484,Before the historical event,Event not experienced
1.38,0,1,0,Additive genetic variance,20,3.56159275089999,3.5685713846251934,3.0897198747948247,3.902923408269534,3.6017302720462876,3.56159275089999,Before the historical event,Event experienced
1.38,0,1,0,Nuclear-family environmental variance,20,2.222923738413246,2.19530893050792,1.9977363508203227,2.503324182727839,2.25,2.222923738413246,Before the historical event,Event experienced
1.38,0,1,0,Nonshared environmental variance,20,9.055254114673248,9.071063609678838,8.762279503517568,9.283854452356472,4,9.055254114673248,Before the historical event,Event experienced
1.38,0,1,0,Phenotypic variance,20,14.839770603986484,14.870098971068352,14.46839488335948,15.140764005622433,9.851730272046288,14.839770603986484,Before the historical event,Event experienced
1.38,1,0,0,Additive genetic variance,20,3.56159275089999,3.5685713846251934,3.0897198747948247,3.902923408269534,3.6017302720462876,3.56159275089999,After the historical event,Event not experienced
1.38,1,0,0,Nuclear-family environmental variance,20,2.222923738413246,2.19530893050792,1.9977363508203227,2.503324182727839,2.25,2.222923738413246,After the historical event,Event not experienced
1.38,1,0,0,Nonshared environmental variance,20,9.055254114673248,9.071063609678838,8.762279503517568,9.283854452356472,4,9.055254114673248,After the historical event,Event not experienced
1.38,1,0,0,Phenotypic variance,20,14.839770603986484,14.870098971068352,14.46839488335948,15.140764005622433,9.851730272046288,14.839770603986484,After the historical event,Event not experienced
1.38,1,1,1,Additive genetic variance,20,5.370791534074586,5.380278310396169,4.031684344317403,6.8123101318886246,5.3731501740808625,5.370791534074586,After the historical event,Event experienced
1.38,1,1,1,Nuclear-family environmental variance,20,2.189139899701264,2.153486309961028,1.8295696644709283,2.677194763343408,2.25,2.189139899701264,After the historical event,Event experienced
1.38,1,1,1,Nonshared environmental variance,20,9.025288748569297,8.98649557529621,8.55003483163604,9.5459245582222,4,9.025288748569297,After the historical event,Event experienced
1.38,1,1,1,Phenotypic variance,20,16.585220182345147,16.57994618680579,15.515874017519852,17.9564744323999,11.623150174080862,16.585220182345147,After the historical event,Event experienced
1.4000000000000004,0,0,0,Additive genetic variance,20,3.5361166729500977,3.542463907985666,3.06800963040576,3.874835079180839,3.5761770300014275,3.5361166729500977,Before the historical event,Event not experienced
1.4000000000000004,0,0,0,Nuclear-family environmental variance,20,2.223597718126379,2.1973315187593547,1.998540476506034,2.5057226972377884,2.25,2.223597718126379,Before the historical event,Event not experienced
1.4000000000000004,0,0,0,Nonshared environmental variance,20,9.054614706997741,9.07088696276702,8.761912560661923,9.281608238363614,4,9.054614706997741,Before the historical event,Event not experienced
1.4000000000000004,0,0,0,Phenotypic variance,20,14.814329098074218,14.848053472220217,14.447120938187776,15.111930985518388,9.826177030001428,14.814329098074218,Before the historical event,Event not experienced
1.4000000000000004,0,1,0,Additive genetic variance,20,3.5361166729500977,3.542463907985666,3.06800963040576,3.874835079180839,3.5761770300014275,3.5361166729500977,Before the historical event,Event experienced
1.4000000000000004,0,1,0,Nuclear-family environmental variance,20,2.223597718126379,2.1973315187593547,1.998540476506034,2.5057226972377884,2.25,2.223597718126379,Before the historical event,Event experienced
1.4000000000000004,0,1,0,Nonshared environmental variance,20,9.054614706997741,9.07088696276702,8.761912560661923,9.281608238363614,4,9.054614706997741,Before the historical event,Event experienced
1.4000000000000004,0,1,0,Phenotypic variance,20,14.814329098074218,14.848053472220217,14.447120938187776,15.111930985518388,9.826177030001428,14.814329098074218,Before the historical event,Event experienced
1.4000000000000004,1,0,0,Additive genetic variance,20,3.5361166729500977,3.542463907985666,3.06800963040576,3.874835079180839,3.5761770300014275,3.5361166729500977,After the historical event,Event not experienced
1.4000000000000004,1,0,0,Nuclear-family environmental variance,20,2.223597718126379,2.1973315187593547,1.998540476506034,2.5057226972377884,2.25,2.223597718126379,After the historical event,Event not experienced
1.4000000000000004,1,0,0,Nonshared environmental variance,20,9.054614706997741,9.07088696276702,8.761912560661923,9.281608238363614,4,9.054614706997741,After the historical event,Event not experienced
1.4000000000000004,1,0,0,Phenotypic variance,20,14.814329098074218,14.848053472220217,14.447120938187776,15.111930985518388,9.826177030001428,14.814329098074218,After the historical event,Event not experienced
1.4000000000000004,1,1,1,Additive genetic variance,20,5.332245308609196,5.339615643921487,4.001089557540983,6.755017962516762,5.335029216493536,5.332245308609196,After the historical event,Event experienced
1.4000000000000004,1,1,1,Nuclear-family environmental variance,20,2.1897663940480605,2.1545754956778036,1.8296683117238628,2.6784510577571226,2.25,2.1897663940480605,After the historical event,Event experienced
1.4000000000000004,1,1,1,Nonshared environmental variance,20,9.024621604674648,8.98453369930531,8.55127587236327,9.544720443808334,4,9.024621604674648,After the historical event,Event experienced
1.4000000000000004,1,1,1,Phenotypic variance,20,16.546633307331906,16.54471409173346,15.48507604761684,17.905896580777217,11.585029216493535,16.546633307331906,After the historical event,Event experienced
1.42,0,0,0,Additive genetic variance,20,3.5102734233299397,3.515958940010134,3.0460414718178344,3.8462627865523453,3.550236997506218,3.5102734233299397,Before the historical event,Event not experienced
1.42,0,0,0,Nuclear-family environmental variance,20,2.2242678743011126,2.1993263652021913,1.999366528586463,2.5080584826494574,2.25,2.2242678743011126,Before the historical event,Event not experienced
1.42,0,0,0,Nonshared environmental variance,20,9.053966221469876,9.070717281488216,8.761589373288743,9.279364219203124,4,9.053966221469876,Before the historical event,Event not experienced
1.42,0,0,0,Phenotypic variance,20,14.788507519100929,14.82561359371631,14.425553092580717,15.082650529800148,9.800236997506218,14.788507519100929,Before the historical event,Event not experienced
1.42,0,1,0,Additive genetic variance,20,3.5102734233299397,3.515958940010134,3.0460414718178344,3.8462627865523453,3.550236997506218,3.5102734233299397,Before the historical event,Event experienced
1.42,0,1,0,Nuclear-family environmental variance,20,2.2242678743011126,2.1993263652021913,1.999366528586463,2.5080584826494574,2.25,2.2242678743011126,Before the historical event,Event experienced
1.42,0,1,0,Nonshared environmental variance,20,9.053966221469876,9.070717281488216,8.761589373288743,9.279364219203124,4,9.053966221469876,Before the historical event,Event experienced
1.42,0,1,0,Phenotypic variance,20,14.788507519100929,14.82561359371631,14.425553092580717,15.082650529800148,9.800236997506218,14.788507519100929,Before the historical event,Event experienced
1.42,1,0,0,Additive genetic variance,20,3.5102734233299397,3.515958940010134,3.0460414718178344,3.8462627865523453,3.550236997506218,3.5102734233299397,After the historical event,Event not experienced
1.42,1,0,0,Nuclear-family environmental variance,20,2.2242678743011126,2.1993263652021913,1.999366528586463,2.5080584826494574,2.25,2.2242678743011126,After the historical event,Event not experienced
1.42,1,0,0,Nonshared environmental variance,20,9.053966221469876,9.070717281488216,8.761589373288743,9.279364219203124,4,9.053966221469876,After the historical event,Event not experienced
1.42,1,0,0,Phenotypic variance,20,14.788507519100929,14.82561359371631,14.425553092580717,15.082650529800148,9.800236997506218,14.788507519100929,After the historical event,Event not experienced
1.42,1,1,1,Additive genetic variance,20,5.293146413921326,5.298397275833778,3.9701284572008575,6.697025424680946,5.296331235359564,5.293146413921326,After the historical event,Event experienced
1.42,1,1,1,Nuclear-family environmental variance,20,2.190388605712511,2.1556738175085295,1.8297899636650423,2.679647117672577,2.25,2.190388605712511,After the historical event,Event experienced
1.42,1,1,1,Nonshared environmental variance,20,9.023945643228188,8.982581659963353,8.552528971859775,9.543511499681152,4,9.023945643228188,After the historical event,Event experienced
1.42,1,1,1,Phenotypic variance,20,16.507480662862026,16.508912032812006,15.453908538294087,17.85450626390323,11.546331235359563,16.507480662862026,After the historical event,Event experienced
1.4400000000000004,0,0,0,Additive genetic variance,20,3.484073888029705,3.4890685633003846,3.0238232526694855,3.81722029812226,3.5239212502138657,3.484073888029705,Before the historical event,Event not experienced
1.4400000000000004,0,0,0,Nuclear-family environmental variance,20,2.2249341725759466,2.2012934041525027,2.000214531981692,2.5103313614877125,2.25,2.2249341725759466,Before the historical event,Event not experienced
1.4400000000000004,0,0,0,Nonshared environmental variance,20,9.0533086517521,9.070323630014432,8.761309939287319,9.277122395326113,4,9.0533086517521,Before the historical event,Event not experienced
1.4400000000000004,0,0,0,Phenotypic variance,20,14.762316712357752,14.801772816731436,14.403699088145212,15.052936581644385,9.773921250213865,14.762316712357752,Before the historical event,Event not experienced
1.4400000000000004,0,1,0,Additive genetic variance,20,3.484073888029705,3.4890685633003846,3.0238232526694855,3.81722029812226,3.5239212502138657,3.484073888029705,Before the historical event,Event experienced
1.4400000000000004,0,1,0,Nuclear-family environmental variance,20,2.2249341725759466,2.2012934041525027,2.000214531981692,2.5103313614877125,2.25,2.2249341725759466,Before the historical event,Event experienced
1.4400000000000004,0,1,0,Nonshared environmental variance,20,9.0533086517521,9.070323630014432,8.761309939287319,9.277122395326113,4,9.0533086517521,Before the historical event,Event experienced
1.4400000000000004,0,1,0,Phenotypic variance,20,14.762316712357752,14.801772816731436,14.403699088145212,15.052936581644385,9.773921250213865,14.762316712357752,Before the historical event,Event experienced
1.4400000000000004,1,0,0,Additive genetic variance,20,3.484073888029705,3.4890685633003846,3.0238232526694855,3.81722029812226,3.5239212502138657,3.484073888029705,After the historical event,Event not experienced
1.4400000000000004,1,0,0,Nuclear-family environmental variance,20,2.2249341725759466,2.2012934041525027,2.000214531981692,2.5103313614877125,2.25,2.2249341725759466,After the historical event,Event not experienced
1.4400000000000004,1,0,0,Nonshared environmental variance,20,9.0533086517521,9.070323630014432,8.761309939287319,9.277122395326113,4,9.0533086517521,After the historical event,Event not experienced
1.4400000000000004,1,0,0,Phenotypic variance,20,14.762316712357752,14.801772816731436,14.403699088145212,15.052936581644385,9.773921250213865,14.762316712357752,After the historical event,Event not experienced
1.4400000000000004,1,1,1,Additive genetic variance,20,5.253511335496981,5.256641187420241,3.9388131717069115,6.638358951012451,5.257072753611949,5.253511335496981,After the historical event,Event experienced
1.4400000000000004,1,1,1,Nuclear-family environmental variance,20,2.1910065013448765,2.156781274892662,1.8299346283807043,2.680782841390549,2.25,2.1910065013448765,After the historical event,Event experienced
1.4400000000000004,1,1,1,Nonshared environmental variance,20,9.023260857904575,8.980639450714,8.553794135185228,9.542297728188139,4,9.023260857904575,After the historical event,Event experienced
1.4400000000000004,1,1,1,Phenotypic variance,20,16.467778694746432,16.47255379126972,15.42238365554255,17.802326947426433,11.507072753611949,16.467778694746432,After the historical event,Event experienced
1.46,0,0,0,Additive genetic variance,20,3.457529039995319,3.461804960697001,3.0013628714005414,3.7877215285736403,3.497240962227585,3.457529039995319,Before the historical event,Event not experienced
1.46,0,0,0,Nuclear-family environmental variance,20,2.2255965798063957,2.2032325710638103,2.001084512374663,2.512541161129718,2.25,2.2255965798063957,Before the historical event,Event not experienced
1.46,0,0,0,Nonshared environmental variance,20,9.052641991971084,9.068989459824346,8.761074257209753,9.274882767501358,4,9.052641991971084,Before the historical event,Event not experienced
1.46,0,0,0,Phenotypic variance,20,14.735767611772799,14.774559202952748,14.3815667166994,15.022803210358902,9.747240962227584,14.735767611772799,Before the historical event,Event not experienced
1.46,0,1,0,Additive genetic variance,20,3.457529039995319,3.461804960697001,3.0013628714005414,3.7877215285736403,3.497240962227585,3.457529039995319,Before the historical event,Event experienced
1.46,0,1,0,Nuclear-family environmental variance,20,2.2255965798063957,2.2032325710638103,2.001084512374663,2.512541161129718,2.25,2.2255965798063957,Before the historical event,Event experienced
1.46,0,1,0,Nonshared environmental variance,20,9.052641991971084,9.068989459824346,8.761074257209753,9.274882767501358,4,9.052641991971084,Before the historical event,Event experienced
1.46,0,1,0,Phenotypic variance,20,14.735767611772799,14.774559202952748,14.3815667166994,15.022803210358902,9.747240962227584,14.735767611772799,Before the historical event,Event experienced
1.46,1,0,0,Additive genetic variance,20,3.457529039995319,3.461804960697001,3.0013628714005414,3.7877215285736403,3.497240962227585,3.457529039995319,After the historical event,Event not experienced
1.46,1,0,0,Nuclear-family environmental variance,20,2.2255965798063957,2.2032325710638103,2.001084512374663,2.512541161129718,2.25,2.2255965798063957,After the historical event,Event not experienced
1.46,1,0,0,Nonshared environmental variance,20,9.052641991971084,9.068989459824346,8.761074257209753,9.274882767501358,4,9.052641991971084,After the historical event,Event not experienced
1.46,1,0,0,Phenotypic variance,20,14.735767611772799,14.774559202952748,14.3815667166994,15.022803210358902,9.747240962227584,14.735767611772799,After the historical event,Event not experienced
1.46,1,1,1,Additive genetic variance,20,5.213356688718117,5.214365479687771,3.9071558943312645,6.579045099444541,5.217270441053832,5.213356688718117,After the historical event,Event experienced
1.46,1,1,1,Nuclear-family environmental variance,20,2.1916200488172612,2.1578978679541776,1.8301023149857434,2.68185813161165,2.25,2.1916200488172612,After the historical event,Event experienced
1.46,1,1,1,Nonshared environmental variance,20,9.022567242838948,8.978707065228498,8.5550713679202115,9.541079131803741,4,9.022567242838948,After the historical event,Event experienced
1.46,1,1,1,Phenotypic variance,20,16.427543980374328,16.435653286014592,15.390513631343584,17.749382313967985,11.46727044105383,16.427543980374328,After the historical event,Event experienced
1.4800000000000004,0,0,0,Additive genetic variance,20,3.430649931427798,3.4341804060541,2.978668266536342,3.757780528501702,3.4702073982468358,3.430649931427798,Before the historical event,Event not experienced
1.4800000000000004,0,0,0,Nuclear-family environmental variance,20,2.2262550640677867,2.205143802530645,2.0019764962125564,2.5146877138273096,2.25,2.2262550640677867,Before the historical event,Event not experienced
1.4800000000000004,0,0,0,Nonshared environmental variance,20,9.051966236717783,9.067643997055878,8.760882326270995,9.272645336814891,4,9.051966236717783,Before the historical event,Event not experienced
1.4800000000000004,0,0,0,Phenotypic variance,20,14.708871232213367,14.747014719115505,14.359163815572149,14.992313107374294,9.720207398246835,14.708871232213367,Before the historical event,Event not experienced
1.4800000000000004,0,1,0,Additive genetic variance,20,3.430649931427798,3.4341804060541,2.978668266536342,3.757780528501702,3.4702073982468358,3.430649931427798,Before the historical event,Event experienced
1.4800000000000004,0,1,0,Nuclear-family environmental variance,20,2.2262550640677867,2.205143802530645,2.0019764962125564,2.5146877138273096,2.25,2.2262550640677867,Before the historical event,Event experienced
1.4800000000000004,0,1,0,Nonshared environmental variance,20,9.051966236717783,9.067643997055878,8.760882326270995,9.272645336814891,4,9.051966236717783,Before the historical event,Event experienced
1.4800000000000004,0,1,0,Phenotypic variance,20,14.708871232213367,14.747014719115505,14.359163815572149,14.992313107374294,9.720207398246835,14.708871232213367,Before the historical event,Event experienced
1.4800000000000004,1,0,0,Additive genetic variance,20,3.430649931427798,3.4341804060541,2.978668266536342,3.757780528501702,3.4702073982468358,3.430649931427798,After the historical event,Event not experienced
1.4800000000000004,1,0,0,Nuclear-family environmental variance,20,2.2262550640677867,2.205143802530645,2.0019764962125564,2.5146877138273096,2.25,2.2262550640677867,After the historical event,Event not experienced
1.4800000000000004,1,0,0,Nonshared environmental variance,20,9.051966236717783,9.067643997055878,8.760882326270995,9.272645336814891,4,9.051966236717783,After the historical event,Event not experienced
1.4800000000000004,1,0,0,Phenotypic variance,20,14.708871232213367,14.747014719115505,14.359163815572149,14.992313107374294,9.720207398246835,14.708871232213367,After the historical event,Event not experienced
1.4800000000000004,1,1,1,Additive genetic variance,20,5.172699207190616,5.171588360296762,3.8751688753758513,6.519110533419058,5.176941102642084,5.172699207190616,After the historical event,Event experienced
1.4800000000000004,1,1,1,Nuclear-family environmental variance,20,2.1922292172263376,2.1590235975028094,1.830293033624573,2.682872895450476,2.25,2.1922292172263376,After the historical event,Event experienced
1.4800000000000004,1,1,1,Nonshared environmental variance,20,9.021864792626985,8.976784497405433,8.556360676166644,9.539855713129274,4,9.021864792626985,After the historical event,Event experienced
1.4800000000000004,1,1,1,Phenotypic variance,20,16.38679321704394,16.398224564538793,15.35831075583793,17.6956962447486,11.426941102642084,16.38679321704394,After the historical event,Event experienced
1.5,0,0,0,Additive genetic variance,20,3.403447686079775,3.406207255013674,2.9557474119800142,3.7274114733462724,3.4428319057002312,3.403447686079775,Before the historical event,Event not experienced
1.5,0,0,0,Nuclear-family environmental variance,20,2.2269095946579935,2.2070270362920237,2.002890510708211,2.516770856728722,2.25,2.2269095946579935,Before the historical event,Event not experienced
1.5,0,0,0,Nonshared environmental variance,20,9.05128138104747,9.066287247491296,8.760734146348899,9.270410104669654,4,9.05128138104747,Before the historical event,Event not experienced
1.5,0,0,0,Phenotypic variance,20,14.68163866178524,14.719149530624376,14.336498262910293,14.961564780622735,9.692831905700231,14.68163866178524,Before the historical event,Event not experienced
1.5,0,1,0,Additive genetic variance,20,3.403447686079775,3.406207255013674,2.9557474119800142,3.7274114733462724,3.4428319057002312,3.403447686079775,Before the historical event,Event experienced
1.5,0,1,0,Nuclear-family environmental variance,20,2.2269095946579935,2.2070270362920237,2.002890510708211,2.516770856728722,2.25,2.2269095946579935,Before the historical event,Event experienced
1.5,0,1,0,Nonshared environmental variance,20,9.05128138104747,9.066287247491296,8.760734146348899,9.270410104669654,4,9.05128138104747,Before the historical event,Event experienced
1.5,0,1,0,Phenotypic variance,20,14.68163866178524,14.719149530624376,14.336498262910293,14.961564780622735,9.692831905700231,14.68163866178524,Before the historical event,Event experienced
1.5,1,0,0,Additive genetic variance,20,3.403447686079775,3.406207255013674,2.9557474119800142,3.7274114733462724,3.4428319057002312,3.403447686079775,After the historical event,Event not experienced
1.5,1,0,0,Nuclear-family environmental variance,20,2.2269095946579935,2.2070270362920237,2.002890510708211,2.516770856728722,2.25,2.2269095946579935,After the historical event,Event not experienced
1.5,1,0,0,Nonshared environmental variance,20,9.05128138104747,9.066287247491296,8.760734146348899,9.270410104669654,4,9.05128138104747,After the historical event,Event not experienced
1.5,1,0,0,Phenotypic variance,20,14.68163866178524,14.719149530624376,14.336498262910293,14.961564780622735,9.692831905700231,14.68163866178524,After the historical event,Event not experienced
1.5,1,1,1,Additive genetic variance,20,5.131555731069851,5.128328130517879,3.8428644143594757,6.458582002176742,5.1361016667509665,5.131555731069851,After the historical event,Event experienced
1.5,1,1,1,Nuclear-family environmental variance,20,2.1928339768960017,2.160158465035316,1.830506795472071,2.683827044449183,2.25,2.1928339768960017,After the historical event,Event experienced
1.5,1,1,1,Nonshared environmental variance,20,9.021153502324935,8.974871741370476,8.55766206654816,9.538627474892866,4,9.021153502324935,After the historical event,Event experienced
1.5,1,1,1,Phenotypic variance,20,16.34554321029079,16.36051602260822,15.325787369514206,17.64129280118757,11.386101666750967,16.34554321029079,After the historical event,Event experienced
1.5200000000000005,0,0,0,Additive genetic variance,20,3.3759334915567027,3.3778979357891905,2.932608312316781,3.696628652301458,3.415125906872682,3.3759334915567027,Before the historical event,Event not experienced
1.5200000000000005,0,0,0,Nuclear-family environmental variance,20,2.2275601421001072,2.2088822112348434,2.0038265838415974,2.51879043189967,2.25,2.2275601421001072,Before the historical event,Event not experienced
1.5200000000000005,0,0,0,Nonshared environmental variance,20,9.05058742047977,9.064919216958337,8.760629717984276,9.268177072785099,4,9.05058742047977,Before the historical event,Event not experienced
1.5200000000000005,0,0,0,Phenotypic variance,20,14.65408105413658,14.690973861510802,14.313577972997464,14.930433845659755,9.665125906872682,14.65408105413658,Before the historical event,Event not experienced
1.5200000000000005,0,1,0,Additive genetic variance,20,3.3759334915567027,3.3778979357891905,2.932608312316781,3.696628652301458,3.415125906872682,3.3759334915567027,Before the historical event,Event experienced
1.5200000000000005,0,1,0,Nuclear-family environmental variance,20,2.2275601421001072,2.2088822112348434,2.0038265838415974,2.51879043189967,2.25,2.2275601421001072,Before the historical event,Event experienced
1.5200000000000005,0,1,0,Nonshared environmental variance,20,9.05058742047977,9.064919216958337,8.760629717984276,9.268177072785099,4,9.05058742047977,Before the historical event,Event experienced
1.5200000000000005,0,1,0,Phenotypic variance,20,14.65408105413658,14.690973861510802,14.313577972997464,14.930433845659755,9.665125906872682,14.65408105413658,Before the historical event,Event experienced
1.5200000000000005,1,0,0,Additive genetic variance,20,3.3759334915567027,3.3778979357891905,2.932608312316781,3.696628652301458,3.415125906872682,3.3759334915567027,After the historical event,Event not experienced
1.5200000000000005,1,0,0,Nuclear-family environmental variance,20,2.2275601421001072,2.2088822112348434,2.0038265838415974,2.51879043189967,2.25,2.2275601421001072,After the historical event,Event not experienced
1.5200000000000005,1,0,0,Nonshared environmental variance,20,9.05058742047977,9.064919216958337,8.760629717984276,9.268177072785099,4,9.05058742047977,After the historical event,Event not experienced
1.5200000000000005,1,0,0,Phenotypic variance,20,14.65408105413658,14.690973861510802,14.313577972997464,14.930433845659755,9.665125906872682,14.65408105413658,After the historical event,Event not experienced
1.5200000000000005,1,1,1,Additive genetic variance,20,5.089943195395209,5.0846031722246625,3.81025485223115,6.397486321151253,5.094769173427207,5.089943195395209,After the historical event,Event experienced
1.5200000000000005,1,1,1,Nuclear-family environmental variance,20,2.1934342993799674,2.1613024727368013,1.8307436127346057,2.6847204945904837,2.25,2.1934342993799674,After the historical event,Event experienced
1.5200000000000005,1,1,1,Nonshared environmental variance,20,9.020433367449634,8.972968791476172,8.558975546210519,9.537394419949322,4,9.020433367449634,After the historical event,Event experienced
1.5200000000000005,1,1,1,Phenotypic variance,20,16.30381086222481,16.3228060124437,15.292955855423742,17.586196206493575,11.344769173427206,16.30381086222481,After the historical event,Event experienced
1.54,0,0,0,Additive genetic variance,20,3.348118591630221,3.3492649399680685,2.909258998134221,3.6654464572145846,3.387100891034402,3.348118591630221,Before the historical event,Event not experienced
1.54,0,0,0,Nuclear-family environmental variance,20,2.2282066781450443,2.21070926739719,2.0047847443613276,2.5207462863437815,2.25,2.2282066781450443,Before the historical event,Event not experienced
1.54,0,0,0,Nonshared environmental variance,20,9.049884350998683,9.063539911330125,8.760569042380986,9.265946243196847,4,9.049884350998683,Before the historical event,Event not experienced
1.54,0,0,0,Phenotypic variance,20,14.626209620773949,14.662497987992403,14.290410891588412,14.898934636325025,9.637100891034402,14.626209620773949,Before the historical event,Event not experienced
1.54,0,1,0,Additive genetic variance,20,3.348118591630221,3.3492649399680685,2.909258998134221,3.6654464572145846,3.387100891034402,3.348118591630221,Before the historical event,Event experienced
1.54,0,1,0,Nuclear-family environmental variance,20,2.2282066781450443,2.21070926739719,2.0047847443613276,2.5207462863437815,2.25,2.2282066781450443,Before the historical event,Event experienced
1.54,0,1,0,Nonshared environmental variance,20,9.049884350998683,9.063539911330125,8.760569042380986,9.265946243196847,4,9.049884350998683,Before the historical event,Event experienced
1.54,0,1,0,Phenotypic variance,20,14.626209620773949,14.662497987992403,14.290410891588412,14.898934636325025,9.637100891034402,14.626209620773949,Before the historical event,Event experienced
1.54,1,0,0,Additive genetic variance,20,3.348118591630221,3.3492649399680685,2.909258998134221,3.6654464572145846,3.387100891034402,3.348118591630221,After the historical event,Event not experienced
1.54,1,0,0,Nuclear-family environmental variance,20,2.2282066781450443,2.21070926739719,2.0047847443613276,2.5207462863437815,2.25,2.2282066781450443,After the historical event,Event not experienced
1.54,1,0,0,Nonshared environmental variance,20,9.049884350998683,9.063539911330125,8.760569042380986,9.265946243196847,4,9.049884350998683,After the historical event,Event not experienced
1.54,1,0,0,Phenotypic variance,20,14.626209620773949,14.662497987992403,14.290410891588412,14.898934636325025,9.637100891034402,14.626209620773949,After the historical event,Event not experienced
1.54,1,1,1,Additive genetic variance,20,5.047878618444931,5.0404319349349525,3.7773525636165934,6.335850352486755,5.052960762647874,5.047878618444931,After the historical event,Event experienced
1.54,1,1,1,Nuclear-family environmental variance,20,2.194030157464286,2.161592441308459,1.8310034986511554,2.685553166310074,2.25,2.194030157464286,After the historical event,Event experienced
1.54,1,1,1,Nonshared environmental variance,20,9.019704383978539,8.971075642301683,8.560301122822018,9.536156551280083,4,9.019704383978539,After the historical event,Event experienced
1.54,1,1,1,Phenotypic variance,20,16.261613159887755,16.283330036522955,15.259828631428636,17.5304308272667,11.302960762647874,16.261613159887755,After the historical event,Event experienced
1.5600000000000005,0,0,0,Additive genetic variance,20,3.3200142785710405,3.320320813342495,2.885707521362262,3.6373993055546983,3.358768406579237,3.3200142785710405,Before the historical event,Event not experienced
1.5600000000000005,0,0,0,Nuclear-family environmental variance,20,2.228849175774094,2.212508145971565,2.0057650217862215,2.5226382720223732,2.25,2.228849175774094,Before the historical event,Event not experienced
1.5600000000000005,0,0,0,Nonshared environmental variance,20,9.049172169052596,9.063410699657023,8.76055212140602,9.263717618256285,4,9.049172169052596,Before the historical event,Event not experienced
1.5600000000000005,0,0,0,Phenotypic variance,20,14.598035623397731,14.636018689318073,14.26700499126261,14.867081558715617,9.608768406579237,14.598035623397731,Before the historical event,Event not experienced
1.5600000000000005,0,1,0,Additive genetic variance,20,3.3200142785710405,3.320320813342495,2.885707521362262,3.6373993055546983,3.358768406579237,3.3200142785710405,Before the historical event,Event experienced
1.5600000000000005,0,1,0,Nuclear-family environmental variance,20,2.228849175774094,2.212508145971565,2.0057650217862215,2.5226382720223732,2.25,2.228849175774094,Before the historical event,Event experienced
1.5600000000000005,0,1,0,Nonshared environmental variance,20,9.049172169052596,9.063410699657023,8.76055212140602,9.263717618256285,4,9.049172169052596,Before the historical event,Event experienced
1.5600000000000005,0,1,0,Phenotypic variance,20,14.598035623397731,14.636018689318073,14.26700499126261,14.867081558715617,9.608768406579237,14.598035623397731,Before the historical event,Event experienced
1.5600000000000005,1,0,0,Additive genetic variance,20,3.3200142785710405,3.320320813342495,2.885707521362262,3.6373993055546983,3.358768406579237,3.3200142785710405,After the historical event,Event not experienced
1.5600000000000005,1,0,0,Nuclear-family environmental variance,20,2.228849175774094,2.212508145971565,2.0057650217862215,2.5226382720223732,2.25,2.228849175774094,After the historical event,Event not experienced
1.5600000000000005,1,0,0,Nonshared environmental variance,20,9.049172169052596,9.063410699657023,8.76055212140602,9.263717618256285,4,9.049172169052596,After the historical event,Event not experienced
1.5600000000000005,1,0,0,Phenotypic variance,20,14.598035623397731,14.636018689318073,14.26700499126261,14.867081558715617,9.608768406579237,14.598035623397731,After the historical event,Event not experienced
1.5600000000000005,1,1,1,Additive genetic variance,20,5.005379090122407,4.999446811270559,3.744169949104525,6.273700985698312,5.010693662592122,5.005379090122407,After the historical event,Event experienced
1.5600000000000005,1,1,1,Nuclear-family environmental variance,20,2.1946215251698034,2.161330445587007,1.8312864674945053,2.686324984508474,2.25,2.1946215251698034,After the historical event,Event experienced
1.5600000000000005,1,1,1,Nonshared environmental variance,20,9.018966548349715,8.969192288652565,8.561638804573928,9.534913871993094,4,9.018966548349715,After the historical event,Event experienced
1.5600000000000005,1,1,1,Phenotypic variance,20,16.218967163641924,16.236938767901062,15.226418142489614,17.474021155130934,11.260693662592121,16.218967163641924,After the historical event,Event experienced
1.58,0,0,0,Additive genetic variance,20,3.291631885508673,3.291078146777954,2.8619619506367355,3.6112326144814695,3.330140053179798,3.291631885508673,Before the historical event,Event not experienced
1.58,0,0,0,Nuclear-family environmental variance,20,2.2294876092013935,2.2142787893080262,2.0067674464069154,2.5244662458735685,2.25,2.2294876092013935,Before the historical event,Event not experienced
1.58,0,0,0,Nonshared environmental variance,20,9.048450871554298,9.063572655292877,8.760578957589624,9.261491200630225,4,9.048450871554298,Before the historical event,Event not experienced
1.58,0,0,0,Phenotypic variance,20,14.569570366264365,14.609690080911381,14.240169370343285,14.834889079870749,9.580140053179798,14.569570366264365,Before the historical event,Event not experienced
1.58,0,1,0,Additive genetic variance,20,3.291631885508673,3.291078146777954,2.8619619506367355,3.6112326144814695,3.330140053179798,3.291631885508673,Before the historical event,Event experienced
1.58,0,1,0,Nuclear-family environmental variance,20,2.2294876092013935,2.2142787893080262,2.0067674464069154,2.5244662458735685,2.25,2.2294876092013935,Before the historical event,Event experienced
1.58,0,1,0,Nonshared environmental variance,20,9.048450871554298,9.063572655292877,8.760578957589624,9.261491200630225,4,9.048450871554298,Before the historical event,Event experienced
1.58,0,1,0,Phenotypic variance,20,14.569570366264365,14.609690080911381,14.240169370343285,14.834889079870749,9.580140053179798,14.569570366264365,Before the historical event,Event experienced
1.58,1,0,0,Additive genetic variance,20,3.291631885508673,3.291078146777954,2.8619619506367355,3.6112326144814695,3.330140053179798,3.291631885508673,After the historical event,Event not experienced
1.58,1,0,0,Nuclear-family environmental variance,20,2.2294876092013935,2.2142787893080262,2.0067674464069154,2.5244662458735685,2.25,2.2294876092013935,After the historical event,Event not experienced
1.58,1,0,0,Nonshared environmental variance,20,9.048450871554298,9.063572655292877,8.760578957589624,9.261491200630225,4,9.048450871554298,After the historical event,Event not experienced
1.58,1,0,0,Phenotypic variance,20,14.569570366264365,14.609690080911381,14.240169370343285,14.834889079870749,9.580140053179798,14.569570366264365,After the historical event,Event not experienced
1.58,1,1,1,Additive genetic variance,20,4.962461760385064,4.962488094948739,3.7107194275794244,6.211065118494332,4.9679851779380355,4.962461760385064,After the historical event,Event experienced
1.58,1,1,1,Nuclear-family environmental variance,20,2.1952083777545455,2.161097821423977,1.8315925345725332,2.6870358785622823,2.25,2.1952083777545455,After the historical event,Event experienced
1.58,1,1,1,Nonshared environmental variance,20,9.018219857461865,8.967318725560528,8.562988600180919,9.53366638532276,4,9.018219857461865,After the historical event,Event experienced
1.58,1,1,1,Phenotypic variance,20,16.175889995601473,16.19010064636037,15.192736853000456,17.416991788416304,11.217985177938036,16.175889995601473,After the historical event,Event experienced
1.6000000000000005,0,0,0,Additive genetic variance,20,3.262982778825185,3.2615495671286743,2.8380303666901687,3.5846828416882177,3.301227473966728,3.262982778825185,Before the historical event,Event not experienced
1.6000000000000005,0,0,0,Nuclear-family environmental variance,20,2.23012195387635,2.216021140917244,2.0077920492875174,2.5262300698307554,2.25,2.23012195387635,Before the historical event,Event not experienced
1.6000000000000005,0,0,0,Nonshared environmental variance,20,9.047720455880967,9.063732494290083,8.76064955412544,9.260126406449103,4,9.047720455880967,Before the historical event,Event not experienced
1.6000000000000005,0,0,0,Phenotypic variance,20,14.540825188582502,14.583061771844838,14.209858292177918,14.802371716506185,9.551227473966728,14.540825188582502,Before the historical event,Event not experienced
1.6000000000000005,0,1,0,Additive genetic variance,20,3.262982778825185,3.2615495671286743,2.8380303666901687,3.5846828416882177,3.301227473966728,3.262982778825185,Before the historical event,Event experienced
1.6000000000000005,0,1,0,Nuclear-family environmental variance,20,2.23012195387635,2.216021140917244,2.0077920492875174,2.5262300698307554,2.25,2.23012195387635,Before the historical event,Event experienced
1.6000000000000005,0,1,0,Nonshared environmental variance,20,9.047720455880967,9.063732494290083,8.76064955412544,9.260126406449103,4,9.047720455880967,Before the historical event,Event experienced
1.6000000000000005,0,1,0,Phenotypic variance,20,14.540825188582502,14.583061771844838,14.209858292177918,14.802371716506185,9.551227473966728,14.540825188582502,Before the historical event,Event experienced
1.6000000000000005,1,0,0,Additive genetic variance,20,3.262982778825185,3.2615495671286743,2.8380303666901687,3.5846828416882177,3.301227473966728,3.262982778825185,After the historical event,Event not experienced
1.6000000000000005,1,0,0,Nuclear-family environmental variance,20,2.23012195387635,2.216021140917244,2.0077920492875174,2.5262300698307554,2.25,2.23012195387635,After the historical event,Event not experienced
1.6000000000000005,1,0,0,Nonshared environmental variance,20,9.047720455880967,9.063732494290083,8.76064955412544,9.260126406449103,4,9.047720455880967,After the historical event,Event not experienced
1.6000000000000005,1,0,0,Phenotypic variance,20,14.540825188582502,14.583061771844838,14.209858292177918,14.802371716506185,9.551227473966728,14.540825188582502,After the historical event,Event not experienced
1.6000000000000005,1,1,1,Additive genetic variance,20,4.9191438277266695,4.925119795431337,3.6770134286072014,6.147969637779535,4.924852678195468,4.9191438277266695,After the historical event,Event experienced
1.6000000000000005,1,1,1,Nuclear-family environmental variance,20,2.195790691716036,2.160894560223348,1.8319217162295807,2.6876857823348552,2.25,2.195790691716036,After the historical event,Event experienced
1.6000000000000005,1,1,1,Nonshared environmental variance,20,9.017464308674304,8.965454948283242,8.56435051888151,9.532414094629807,4,9.017464308674304,After the historical event,Event experienced
1.6000000000000005,1,1,1,Phenotypic variance,20,16.13239882811701,16.142835299529615,15.158797239175364,17.359367413909446,11.174852678195467,16.13239882811701,After the historical event,Event experienced
1.62,0,0,0,Additive genetic variance,20,3.234078350590099,3.233639263750696,2.8139208577735113,3.557761321702195,3.272042347739404,3.234078350590099,Before the historical event,Event not experienced
1.62,0,0,0,Nuclear-family environmental variance,20,2.2307521864859847,2.217735145473473,2.0088388622673103,2.5279296108403777,2.25,2.2307521864859847,Before the historical event,Event not experienced
1.62,0,0,0,Nonshared environmental variance,20,9.046980919874176,9.06389021836166,8.76076391487063,9.259144737345046,4,9.046980919874176,Before the historical event,Event not experienced
1.62,0,0,0,Phenotypic variance,20,14.51181145695026,14.555806550707985,14.179350211672693,14.76954402381035,9.522042347739404,14.51181145695026,Before the historical event,Event not experienced
1.62,0,1,0,Additive genetic variance,20,3.234078350590099,3.233639263750696,2.8139208577735113,3.557761321702195,3.272042347739404,3.234078350590099,Before the historical event,Event experienced
1.62,0,1,0,Nuclear-family environmental variance,20,2.2307521864859847,2.217735145473473,2.0088388622673103,2.5279296108403777,2.25,2.2307521864859847,Before the historical event,Event experienced
1.62,0,1,0,Nonshared environmental variance,20,9.046980919874176,9.06389021836166,8.76076391487063,9.259144737345046,4,9.046980919874176,Before the historical event,Event experienced
1.62,0,1,0,Phenotypic variance,20,14.51181145695026,14.555806550707985,14.179350211672693,14.76954402381035,9.522042347739404,14.51181145695026,Before the historical event,Event experienced
1.62,1,0,0,Additive genetic variance,20,3.234078350590099,3.233639263750696,2.8139208577735113,3.557761321702195,3.272042347739404,3.234078350590099,After the historical event,Event not experienced
1.62,1,0,0,Nuclear-family environmental variance,20,2.2307521864859847,2.217735145473473,2.0088388622673103,2.5279296108403777,2.25,2.2307521864859847,After the historical event,Event not experienced
1.62,1,0,0,Nonshared environmental variance,20,9.046980919874176,9.06389021836166,8.76076391487063,9.259144737345046,4,9.046980919874176,After the historical event,Event not experienced
1.62,1,0,0,Phenotypic variance,20,14.51181145695026,14.555806550707985,14.179350211672693,14.76954402381035,9.522042347739404,14.51181145695026,After the historical event,Event not experienced
1.62,1,1,1,Additive genetic variance,20,4.8754425277238935,4.887355356114403,3.6430643848802218,6.084441400856852,4.881313586085768,4.8754425277238935,After the historical event,Event experienced
1.62,1,1,1,Nuclear-family environmental variance,20,2.196368444793548,2.160720654585851,1.832274029847909,2.688274634186387,2.25,2.196368444793548,After the historical event,Event experienced
1.62,1,1,1,Nonshared environmental variance,20,9.01669989980695,8.963600952304066,8.565724570438517,9.53115700340123,4,9.01669989980695,After the historical event,Event experienced
1.62,1,1,1,Phenotypic variance,20,16.08851087232439,16.09516238393408,15.124611781495712,17.30117278869124,11.131313586085767,16.08851087232439,After the historical event,Event experienced
1.6399999999999997,0,0,0,Additive genetic variance,20,3.204930011043405,3.2086331491416695,2.789641515112375,3.5304794837106446,3.2425963812152148,3.204930011043405,Before the historical event,Event not experienced
1.6399999999999997,0,0,0,Nuclear-family environmental variance,20,2.2313782849572243,2.2194207488174404,2.0099079179625052,2.529564740879059,2.25,2.2313782849572243,Before the historical event,Event not experienced
1.6399999999999997,0,0,0,Nonshared environmental variance,20,9.046232261839865,9.064045829233986,8.760922044346055,9.258116700529808,4,9.046232261839865,Before the historical event,Event not experienced
1.6399999999999997,0,0,0,Phenotypic variance,20,14.482540557840494,14.526917070211276,14.14865753541388,14.736420584313867,9.492596381215215,14.482540557840494,Before the historical event,Event not experienced
1.6399999999999997,0,1,0,Additive genetic variance,20,3.204930011043405,3.2086331491416695,2.789641515112375,3.5304794837106446,3.2425963812152148,3.204930011043405,Before the historical event,Event experienced
1.6399999999999997,0,1,0,Nuclear-family environmental variance,20,2.2313782849572243,2.2194207488174404,2.0099079179625052,2.529564740879059,2.25,2.2313782849572243,Before the historical event,Event experienced
1.6399999999999997,0,1,0,Nonshared environmental variance,20,9.046232261839865,9.064045829233986,8.760922044346055,9.258116700529808,4,9.046232261839865,Before the historical event,Event experienced
1.6399999999999997,0,1,0,Phenotypic variance,20,14.482540557840494,14.526917070211276,14.14865753541388,14.736420584313867,9.492596381215215,14.482540557840494,Before the historical event,Event experienced
1.6399999999999997,1,0,0,Additive genetic variance,20,3.204930011043405,3.2086331491416695,2.789641515112375,3.5304794837106446,3.2425963812152148,3.204930011043405,After the historical event,Event not experienced
1.6399999999999997,1,0,0,Nuclear-family environmental variance,20,2.2313782849572243,2.2194207488174404,2.0099079179625052,2.529564740879059,2.25,2.2313782849572243,After the historical event,Event not experienced
1.6399999999999997,1,0,0,Nonshared environmental variance,20,9.046232261839865,9.064045829233986,8.760922044346055,9.258116700529808,4,9.046232261839865,After the historical event,Event not experienced
1.6399999999999997,1,0,0,Phenotypic variance,20,14.482540557840494,14.526917070211276,14.14865753541388,14.736420584313867,9.492596381215215,14.482540557840494,After the historical event,Event not experienced
1.6399999999999997,1,1,1,Additive genetic variance,20,4.831375121657639,4.849208281936079,3.6088847247279228,6.020507216845997,4.837385365979065,4.831375121657639,After the historical event,Event experienced
1.6399999999999997,1,1,1,Nuclear-family environmental variance,20,2.1969416159702773,2.1605760983085247,1.8326494938492408,2.688802376983407,2.25,2.1969416159702773,After the historical event,Event experienced
1.6399999999999997,1,1,1,Nonshared environmental variance,20,9.015926629140305,8.961756733331875,8.567110765139518,9.529895115250168,4,9.015926629140305,After the historical event,Event experienced
1.6399999999999997,1,1,1,Phenotypic variance,20,16.04424336676822,16.047101571187127,15.090192957222468,17.24243272207987,11.087385365979065,16.04424336676822,After the historical event,Event experienced
1.6600000000000001,0,0,0,Additive genetic variance,20,3.175549181133574,3.1833588024431405,2.7652004284013403,3.5028488434228606,3.2129013013245324,3.175549181133574,Before the historical event,Event not experienced
1.6600000000000001,0,0,0,Nuclear-family environmental variance,20,2.2320002284591163,2.2210778979591463,2.010999249768037,2.5311353369700518,2.25,2.2320002284591163,Before the historical event,Event not experienced
1.6600000000000001,0,0,0,Nonshared environmental variance,20,9.04547448054832,9.064199328646785,8.76112394773646,9.257042300105638,4,9.04547448054832,Before the historical event,Event not experienced
1.6600000000000001,0,0,0,Phenotypic variance,20,14.45302389014101,14.497787769618196,14.117792637022642,14.703015996844204,9.462901301324532,14.45302389014101,Before the historical event,Event not experienced
1.6600000000000001,0,1,0,Additive genetic variance,20,3.175549181133574,3.1833588024431405,2.7652004284013403,3.5028488434228606,3.2129013013245324,3.175549181133574,Before the historical event,Event experienced
1.6600000000000001,0,1,0,Nuclear-family environmental variance,20,2.2320002284591163,2.2210778979591463,2.010999249768037,2.5311353369700518,2.25,2.2320002284591163,Before the historical event,Event experienced
1.6600000000000001,0,1,0,Nonshared environmental variance,20,9.04547448054832,9.064199328646785,8.76112394773646,9.257042300105638,4,9.04547448054832,Before the historical event,Event experienced
1.6600000000000001,0,1,0,Phenotypic variance,20,14.45302389014101,14.497787769618196,14.117792637022642,14.703015996844204,9.462901301324532,14.45302389014101,Before the historical event,Event experienced
1.6600000000000001,1,0,0,Additive genetic variance,20,3.175549181133574,3.1833588024431405,2.7652004284013403,3.5028488434228606,3.2129013013245324,3.175549181133574,After the historical event,Event not experienced
1.6600000000000001,1,0,0,Nuclear-family environmental variance,20,2.2320002284591163,2.2210778979591463,2.010999249768037,2.5311353369700518,2.25,2.2320002284591163,After the historical event,Event not experienced
1.6600000000000001,1,0,0,Nonshared environmental variance,20,9.04547448054832,9.064199328646785,8.76112394773646,9.257042300105638,4,9.04547448054832,After the historical event,Event not experienced
1.6600000000000001,1,0,0,Phenotypic variance,20,14.45302389014101,14.497787769618196,14.117792637022642,14.703015996844204,9.462901301324532,14.45302389014101,After the historical event,Event not experienced
1.6600000000000001,1,1,1,Additive genetic variance,20,4.786958885219593,4.8106921314129405,3.5744868646991756,5.956193828336142,4.793085512399714,4.786958885219593,After the historical event,Event experienced
1.6600000000000001,1,1,1,Nuclear-family environmental variance,20,2.1975101854754566,2.1604608863843557,1.8330481276963881,2.689268958107686,2.25,2.1975101854754566,After the historical event,Event experienced
1.6600000000000001,1,1,1,Nonshared environmental variance,20,9.015144495415422,8.95992228730082,8.568509113797337,9.528628433915829,4,9.015144495415422,After the historical event,Event experienced
1.6600000000000001,1,1,1,Phenotypic variance,20,15.99961356611047,15.998672534306994,15.05555323298041,17.183172057697334,11.043085512399713,15.99961356611047,After the historical event,Event experienced
1.6799999999999997,0,0,0,Additive genetic variance,20,3.1459472851173085,3.1578256384986694,2.7406056813397894,3.4748809949244563,3.1829688475583007,3.1459472851173085,Before the historical event,Event not experienced
1.6799999999999997,0,0,0,Nuclear-family environmental variance,20,2.2326179974049833,2.2213602599952624,2.012112891859409,2.532641281199017,2.25,2.2326179974049833,Before the historical event,Event not experienced
1.6799999999999997,0,0,0,Nonshared environmental variance,20,9.044707575234142,9.064350718353136,8.761265382989293,9.256006276614958,4,9.044707575234142,Before the historical event,Event not experienced
1.6799999999999997,0,0,0,Phenotypic variance,20,14.423272857756432,14.468428700149214,14.086767849176896,14.669344865576758,9.4329688475583,14.423272857756432,Before the historical event,Event not experienced
1.6799999999999997,0,1,0,Additive genetic variance,20,3.1459472851173085,3.1578256384986694,2.7406056813397894,3.4748809949244563,3.1829688475583007,3.1459472851173085,Before the historical event,Event experienced
1.6799999999999997,0,1,0,Nuclear-family environmental variance,20,2.2326179974049833,2.2213602599952624,2.012112891859409,2.532641281199017,2.25,2.2326179974049833,Before the historical event,Event experienced
1.6799999999999997,0,1,0,Nonshared environmental variance,20,9.044707575234142,9.064350718353136,8.761265382989293,9.256006276614958,4,9.044707575234142,Before the historical event,Event experienced
1.6799999999999997,0,1,0,Phenotypic variance,20,14.423272857756432,14.468428700149214,14.086767849176896,14.669344865576758,9.4329688475583,14.423272857756432,Before the historical event,Event experienced
1.6799999999999997,1,0,0,Additive genetic variance,20,3.1459472851173085,3.1578256384986694,2.7406056813397894,3.4748809949244563,3.1829688475583007,3.1459472851173085,After the historical event,Event not experienced
1.6799999999999997,1,0,0,Nuclear-family environmental variance,20,2.2326179974049833,2.2213602599952624,2.012112891859409,2.532641281199017,2.25,2.2326179974049833,After the historical event,Event not experienced
1.6799999999999997,1,0,0,Nonshared environmental variance,20,9.044707575234142,9.064350718353136,8.761265382989293,9.256006276614958,4,9.044707575234142,After the historical event,Event not experienced
1.6799999999999997,1,0,0,Phenotypic variance,20,14.423272857756432,14.468428700149214,14.086767849176896,14.669344865576758,9.4329688475583,14.423272857756432,After the historical event,Event not experienced
1.6799999999999997,1,1,1,Additive genetic variance,20,4.7422110973141836,4.7718205087016665,3.5398832022224305,5.891527893289592,4.748431538610245,4.7422110973141836,After the historical event,Event experienced
1.6799999999999997,1,1,1,Nuclear-family environmental variance,20,2.1980741347863924,2.1603750150019927,1.8334699518949669,2.689674329464542,2.25,2.1980741347863924,After the historical event,Event experienced
1.6799999999999997,1,1,1,Nonshared environmental variance,20,9.014353497833872,8.958097610370125,8.569919627750508,9.527356963263395,4,9.014353497833872,After the historical event,Event experienced
1.6799999999999997,1,1,1,Phenotypic variance,20,15.954638729934446,15.9498949341719,15.020705057420155,17.123415655677185,10.998431538610244,15.954638729934446,After the historical event,Event experienced
1.7000000000000002,0,0,0,Additive genetic variance,20,3.116135743227616,3.1320431094046777,2.7158653472126395,3.4465876025319044,3.1528107643750807,3.116135743227616,Before the historical event,Event not experienced
1.7000000000000002,0,0,0,Nuclear-family environmental variance,20,2.2332315734545136,2.22126812191007,2.0132488791945917,2.534082460729123,2.25,2.2332315734545136,Before the historical event,Event not experienced
1.7000000000000002,0,0,0,Nonshared environmental variance,20,9.043931545596198,9.064500000119462,8.761380940439842,9.254997529057594,4,9.043931545596198,Before the historical event,Event not experienced
1.7000000000000002,0,0,0,Phenotypic variance,20,14.393298862278328,14.438849906500302,14.055595455756519,14.63542178919349,9.402810764375081,14.393298862278328,Before the historical event,Event not experienced
1.7000000000000002,0,1,0,Additive genetic variance,20,3.116135743227616,3.1320431094046777,2.7158653472126395,3.4465876025319044,3.1528107643750807,3.116135743227616,Before the historical event,Event experienced
1.7000000000000002,0,1,0,Nuclear-family environmental variance,20,2.2332315734545136,2.22126812191007,2.0132488791945917,2.534082460729123,2.25,2.2332315734545136,Before the historical event,Event experienced
1.7000000000000002,0,1,0,Nonshared environmental variance,20,9.043931545596198,9.064500000119462,8.761380940439842,9.254997529057594,4,9.043931545596198,Before the historical event,Event experienced
1.7000000000000002,0,1,0,Phenotypic variance,20,14.393298862278328,14.438849906500302,14.055595455756519,14.63542178919349,9.402810764375081,14.393298862278328,Before the historical event,Event experienced
1.7000000000000002,1,0,0,Additive genetic variance,20,3.116135743227616,3.1320431094046777,2.7158653472126395,3.4465876025319044,3.1528107643750807,3.116135743227616,After the historical event,Event not experienced
1.7000000000000002,1,0,0,Nuclear-family environmental variance,20,2.2332315734545136,2.22126812191007,2.0132488791945917,2.534082460729123,2.25,2.2332315734545136,After the historical event,Event not experienced
1.7000000000000002,1,0,0,Nonshared environmental variance,20,9.043931545596198,9.064500000119462,8.761380940439842,9.254997529057594,4,9.043931545596198,After the historical event,Event not experienced
1.7000000000000002,1,0,0,Phenotypic variance,20,14.393298862278328,14.438849906500302,14.055595455756519,14.63542178919349,9.402810764375081,14.393298862278328,After the historical event,Event not experienced
1.7000000000000002,1,1,1,Additive genetic variance,20,4.697149028965905,4.732607055692418,3.50508610834948,5.826535967212859,4.703440965283997,4.697149028965905,After the historical event,Event experienced
1.7000000000000002,1,1,1,Nuclear-family environmental variance,20,2.1986334466304336,2.1604509550158078,1.8339149879951964,2.6900184474905555,2.25,2.1986334466304336,After the historical event,Event experienced
1.7000000000000002,1,1,1,Nonshared environmental variance,20,9.01355363605769,8.956282698923879,8.57134231886378,9.526080707283906,4,9.01355363605769,After the historical event,Event experienced
1.7000000000000002,1,1,1,Phenotypic variance,20,15.909336111654028,15.90078840612627,14.985660853963886,17.063188375030773,10.953440965283997,15.909336111654028,After the historical event,Event experienced
1.7199999999999998,0,0,0,Additive genetic variance,20,3.0861259644167096,3.106020698750877,2.690987484519334,3.4179803926554184,3.122438793674299,3.0861259644167096,Before the historical event,Event not experienced
1.7199999999999998,0,0,0,Nuclear-family environmental variance,20,2.2338409395157774,2.2211760555110454,2.0144072475159573,2.5354587678154643,2.25,2.2338409395157774,Before the historical event,Event not experienced
1.7199999999999998,0,0,0,Nonshared environmental variance,20,9.043146391797588,9.064647175725527,8.761539802117568,9.253960971725952,4,9.043146391797588,Before the historical event,Event not experienced
1.7199999999999998,0,0,0,Phenotypic variance,20,14.363113295730075,14.409061421049426,14.024287684118672,14.60126135016003,9.372438793674299,14.363113295730075,Before the historical event,Event not experienced
1.7199999999999998,0,1,0,Additive genetic variance,20,3.0861259644167096,3.106020698750877,2.690987484519334,3.4179803926554184,3.122438793674299,3.0861259644167096,Before the historical event,Event experienced
1.7199999999999998,0,1,0,Nuclear-family environmental variance,20,2.2338409395157774,2.2211760555110454,2.0144072475159573,2.5354587678154643,2.25,2.2338409395157774,Before the historical event,Event experienced
1.7199999999999998,0,1,0,Nonshared environmental variance,20,9.043146391797588,9.064647175725527,8.761539802117568,9.253960971725952,4,9.043146391797588,Before the historical event,Event experienced
1.7199999999999998,0,1,0,Phenotypic variance,20,14.363113295730075,14.409061421049426,14.024287684118672,14.60126135016003,9.372438793674299,14.363113295730075,Before the historical event,Event experienced
1.7199999999999998,1,0,0,Additive genetic variance,20,3.0861259644167096,3.106020698750877,2.690987484519334,3.4179803926554184,3.122438793674299,3.0861259644167096,After the historical event,Event not experienced
1.7199999999999998,1,0,0,Nuclear-family environmental variance,20,2.2338409395157774,2.2211760555110454,2.0144072475159573,2.5354587678154643,2.25,2.2338409395157774,After the historical event,Event not experienced
1.7199999999999998,1,0,0,Nonshared environmental variance,20,9.043146391797588,9.064647175725527,8.761539802117568,9.253960971725952,4,9.043146391797588,After the historical event,Event not experienced
1.7199999999999998,1,0,0,Phenotypic variance,20,14.363113295730075,14.409061421049426,14.024287684118672,14.60126135016003,9.372438793674299,14.363113295730075,After the historical event,Event not experienced
1.7199999999999998,1,1,1,Additive genetic variance,20,4.651789932341858,4.693065444140316,3.47010792058863,5.761244485611147,4.658131309276533,4.651789932341858,After the historical event,Event experienced
1.7199999999999998,1,1,1,Nuclear-family environmental variance,20,2.199188104986868,2.1605628642570593,1.8343832585937878,2.69030127316069,2.25,2.199188104986868,After the historical event,Event experienced
1.7199999999999998,1,1,1,Nonshared environmental variance,20,9.012744910209332,8.954477549570818,8.572777199528613,9.524799670094183,4,9.012744910209332,After the historical event,Event experienced
1.7199999999999998,1,1,1,Phenotypic variance,20,15.863722947538058,15.851372546750522,14.950433013640502,17.002515056189164,10.908131309276534,15.863722947538058,After the historical event,Event experienced
1.7400000000000002,0,0,0,Additive genetic variance,20,3.055929339179997,3.079767915884601,2.665980132654284,3.389071145678087,3.0918646673422083,3.055929339179997,Before the historical event,Event not experienced
1.7400000000000002,0,0,0,Nuclear-family environmental variance,20,2.2344460797471823,2.2210840732792048,2.015588033352275,2.5367700998187983,2.25,2.2344460797471823,Before the historical event,Event not experienced
1.7400000000000002,0,0,0,Nonshared environmental variance,20,9.042352114465569,9.06479224696444,8.761741973237745,9.252896613822763,4,9.042352114465569,Before the historical event,Event not experienced
1.7400000000000002,0,0,0,Phenotypic variance,20,14.332727533392747,14.379073258126635,13.992679839058777,14.566878104131826,9.341864667342207,14.332727533392747,Before the historical event,Event not experienced
1.7400000000000002,0,1,0,Additive genetic variance,20,3.055929339179997,3.079767915884601,2.665980132654284,3.389071145678087,3.0918646673422083,3.055929339179997,Before the historical event,Event experienced
1.7400000000000002,0,1,0,Nuclear-family environmental variance,20,2.2344460797471823,2.2210840732792048,2.015588033352275,2.5367700998187983,2.25,2.2344460797471823,Before the historical event,Event experienced
1.7400000000000002,0,1,0,Nonshared environmental variance,20,9.042352114465569,9.06479224696444,8.761741973237745,9.252896613822763,4,9.042352114465569,Before the historical event,Event experienced
1.7400000000000002,0,1,0,Phenotypic variance,20,14.332727533392747,14.379073258126635,13.992679839058777,14.566878104131826,9.341864667342207,14.332727533392747,Before the historical event,Event experienced
1.7400000000000002,1,0,0,Additive genetic variance,20,3.055929339179997,3.079767915884601,2.665980132654284,3.389071145678087,3.0918646673422083,3.055929339179997,After the historical event,Event not experienced
1.7400000000000002,1,0,0,Nuclear-family environmental variance,20,2.2344460797471823,2.2210840732792048,2.015588033352275,2.5367700998187983,2.25,2.2344460797471823,After the historical event,Event not experienced
1.7400000000000002,1,0,0,Nonshared environmental variance,20,9.042352114465569,9.06479224696444,8.761741973237745,9.252896613822763,4,9.042352114465569,After the historical event,Event not experienced
1.7400000000000002,1,0,0,Phenotypic variance,20,14.332727533392747,14.379073258126635,13.992679839058777,14.566878104131826,9.341864667342207,14.332727533392747,After the historical event,Event not experienced
1.7400000000000002,1,1,1,Additive genetic variance,20,4.606151029898966,4.652418138481426,3.4349609358328053,5.695679746741533,4.612520072505516,4.606151029898966,After the historical event,Event experienced
1.7400000000000002,1,1,1,Nuclear-family environmental variance,20,2.1997380950887506,2.160692955283933,1.8348747873359175,2.690522771994806,2.25,2.1997380950887506,After the historical event,Event experienced
1.7400000000000002,1,1,1,Nonshared environmental variance,20,9.011927320871603,8.952682159144143,8.574224282663693,9.523513855936717,4,9.011927320871603,After the historical event,Event experienced
1.7400000000000002,1,1,1,Phenotypic variance,20,15.817816445859318,15.801666900806492,14.915033888015792,16.941420503737277,10.862520072505516,15.817816445859318,After the historical event,Event experienced
1.7599999999999998,0,0,0,Additive genetic variance,20,3.0255572324673676,3.0532942902038513,2.640851307641954,3.359871687859159,3.061100099877081,3.0255572324673676,Before the historical event,Event not experienced
1.7599999999999998,0,0,0,Nuclear-family environmental variance,20,2.2350469795593613,2.220992189486837,2.0167912740207457,2.538016359218596,2.25,2.2350469795593613,Before the historical event,Event not experienced
1.7599999999999998,0,0,0,Nonshared environmental variance,20,9.041548714691498,9.064935215642642,8.761987459666075,9.251804464801353,4,9.041548714691498,Before the historical event,Event not experienced
1.7599999999999998,0,0,0,Phenotypic variance,20,14.302152926718227,14.348895408352082,13.960709932602215,14.532286569499732,9.31110009987708,14.302152926718227,Before the historical event,Event not experienced
1.7599999999999998,0,1,0,Additive genetic variance,20,3.0255572324673676,3.0532942902038513,2.640851307641954,3.359871687859159,3.061100099877081,3.0255572324673676,Before the historical event,Event experienced
1.7599999999999998,0,1,0,Nuclear-family environmental variance,20,2.2350469795593613,2.220992189486837,2.0167912740207457,2.538016359218596,2.25,2.2350469795593613,Before the historical event,Event experienced
1.7599999999999998,0,1,0,Nonshared environmental variance,20,9.041548714691498,9.064935215642642,8.761987459666075,9.251804464801353,4,9.041548714691498,Before the historical event,Event experienced
1.7599999999999998,0,1,0,Phenotypic variance,20,14.302152926718227,14.348895408352082,13.960709932602215,14.532286569499732,9.31110009987708,14.302152926718227,Before the historical event,Event experienced
1.7599999999999998,1,0,0,Additive genetic variance,20,3.0255572324673676,3.0532942902038513,2.640851307641954,3.359871687859159,3.061100099877081,3.0255572324673676,After the historical event,Event not experienced
1.7599999999999998,1,0,0,Nuclear-family environmental variance,20,2.2350469795593613,2.220992189486837,2.0167912740207457,2.538016359218596,2.25,2.2350469795593613,After the historical event,Event not experienced
1.7599999999999998,1,0,0,Nonshared environmental variance,20,9.041548714691498,9.064935215642642,8.761987459666075,9.251804464801353,4,9.041548714691498,After the historical event,Event not experienced
1.7599999999999998,1,0,0,Phenotypic variance,20,14.302152926718227,14.348895408352082,13.960709932602215,14.532286569499732,9.31110009987708,14.302152926718227,After the historical event,Event not experienced
1.7599999999999998,1,1,1,Additive genetic variance,20,4.560249503665248,4.610444353954647,3.3996574033880798,5.629867894679809,4.566624730948788,4.560249503665248,After the historical event,Event experienced
1.7599999999999998,1,1,1,Nuclear-family environmental variance,20,2.200283403424656,2.16084121338819,1.8353895989172866,2.6906829140635815,2.25,2.200283403424656,After the historical event,Event experienced
1.7599999999999998,1,1,1,Nonshared environmental variance,20,9.011100869087594,8.95089652470131,8.575683581715449,9.522223269179573,4,9.011100869087594,After the historical event,Event experienced
1.7599999999999998,1,1,1,Phenotypic variance,20,15.771633776177497,15.7516909483703,14.879475782223068,16.87992946935651,10.816624730948789,15.771633776177497,After the historical event,Event experienced
1.7800000000000002,0,0,0,Additive genetic variance,20,2.9950209766877216,3.026609365483729,2.615608997929633,3.3303938832692195,3.0301567810998136,2.9950209766877216,Before the historical event,Event not experienced
1.7800000000000002,0,0,0,Nuclear-family environmental variance,20,2.2356436256169894,2.220900420197113,2.018017007629087,2.539197453625406,2.25,2.2356436256169894,Before the historical event,Event not experienced
1.7800000000000002,0,0,0,Nonshared environmental variance,20,9.040736194030766,9.065076083579903,8.762276267918889,9.25068453436554,4,9.040736194030766,Before the historical event,Event not experienced
1.7800000000000002,0,0,0,Phenotypic variance,20,14.271400796335476,14.318537833046346,13.928646448660992,14.497501217084995,9.280156781099814,14.271400796335476,Before the historical event,Event not experienced
1.7800000000000002,0,1,0,Additive genetic variance,20,2.9950209766877216,3.026609365483729,2.615608997929633,3.3303938832692195,3.0301567810998136,2.9950209766877216,Before the historical event,Event experienced
1.7800000000000002,0,1,0,Nuclear-family environmental variance,20,2.2356436256169894,2.220900420197113,2.018017007629087,2.539197453625406,2.25,2.2356436256169894,Before the historical event,Event experienced
1.7800000000000002,0,1,0,Nonshared environmental variance,20,9.040736194030766,9.065076083579903,8.762276267918889,9.25068453436554,4,9.040736194030766,Before the historical event,Event experienced
1.7800000000000002,0,1,0,Phenotypic variance,20,14.271400796335476,14.318537833046346,13.928646448660992,14.497501217084995,9.280156781099814,14.271400796335476,Before the historical event,Event experienced
1.7800000000000002,1,0,0,Additive genetic variance,20,2.9950209766877216,3.026609365483729,2.615608997929633,3.3303938832692195,3.0301567810998136,2.9950209766877216,After the historical event,Event not experienced
1.7800000000000002,1,0,0,Nuclear-family environmental variance,20,2.2356436256169894,2.220900420197113,2.018017007629087,2.539197453625406,2.25,2.2356436256169894,After the historical event,Event not experienced
1.7800000000000002,1,0,0,Nonshared environmental variance,20,9.040736194030766,9.065076083579903,8.762276267918889,9.25068453436554,4,9.040736194030766,After the historical event,Event not experienced
1.7800000000000002,1,0,0,Phenotypic variance,20,14.271400796335476,14.318537833046346,13.928646448660992,14.497501217084995,9.280156781099814,14.271400796335476,After the historical event,Event not experienced
1.7800000000000002,1,1,1,Additive genetic variance,20,4.51410248466415,4.568231381916821,3.3642095181078426,5.563834902715223,4.520462723769875,4.51410248466415,After the historical event,Event experienced
1.7800000000000002,1,1,1,Nuclear-family environmental variance,20,2.200824017740365,2.1610076244754546,1.8359277190862722,2.690781673993829,2.25,2.200824017740365,After the historical event,Event experienced
1.7800000000000002,1,1,1,Nonshared environmental variance,20,9.010265556360599,8.949120643523838,8.577155110658584,9.520927914316285,4,9.010265556360599,After the historical event,Event experienced
1.7800000000000002,1,1,1,Phenotypic variance,20,15.725192058765114,15.701464092164027,14.843770948099474,16.818066634991684,10.770462723769874,15.725192058765114,After the historical event,Event experienced
1.7999999999999998,0,0,0,Additive genetic variance,20,2.964331864812611,2.999722694240925,2.590261160240896,3.3006496257649642,2.9990463689561655,2.964331864812611,Before the historical event,Event not experienced
1.7999999999999998,0,0,0,Nuclear-family environmental variance,20,2.236236005840537,2.2208087832636867,2.0192601750858166,2.540313295792525,2.25,2.236236005840537,Before the historical event,Event not experienced
1.7999999999999998,0,0,0,Nonshared environmental variance,20,9.0399145545027,9.06521485260933,8.762608405163359,9.24953683246946,4,9.0399145545027,Before the historical event,Event not experienced
1.7999999999999998,0,0,0,Phenotypic variance,20,14.240482425155848,14.288010458717219,13.896501596581077,14.462536459993467,9.249046368956165,14.240482425155848,Before the historical event,Event not experienced
1.7999999999999998,0,1,0,Additive genetic variance,20,2.964331864812611,2.999722694240925,2.590261160240896,3.3006496257649642,2.9990463689561655,2.964331864812611,Before the historical event,Event experienced
1.7999999999999998,0,1,0,Nuclear-family environmental variance,20,2.236236005840537,2.2208087832636867,2.0192601750858166,2.540313295792525,2.25,2.236236005840537,Before the historical event,Event experienced
1.7999999999999998,0,1,0,Nonshared environmental variance,20,9.0399145545027,9.06521485260933,8.762608405163359,9.24953683246946,4,9.0399145545027,Before the historical event,Event experienced
1.7999999999999998,0,1,0,Phenotypic variance,20,14.240482425155848,14.288010458717219,13.896501596581077,14.462536459993467,9.249046368956165,14.240482425155848,Before the historical event,Event experienced
1.7999999999999998,1,0,0,Additive genetic variance,20,2.964331864812611,2.999722694240925,2.590261160240896,3.3006496257649642,2.9990463689561655,2.964331864812611,After the historical event,Event not experienced
1.7999999999999998,1,0,0,Nuclear-family environmental variance,20,2.236236005840537,2.2208087832636867,2.0192601750858166,2.540313295792525,2.25,2.236236005840537,After the historical event,Event not experienced
1.7999999999999998,1,0,0,Nonshared environmental variance,20,9.0399145545027,9.06521485260933,8.762608405163359,9.24953683246946,4,9.0399145545027,After the historical event,Event not experienced
1.7999999999999998,1,0,0,Phenotypic variance,20,14.240482425155848,14.288010458717219,13.896501596581077,14.462536459993467,9.249046368956165,14.240482425155848,After the historical event,Event not experienced
1.7999999999999998,1,1,1,Additive genetic variance,20,4.4677270424907745,4.525792813971195,3.3286294136377843,5.49760655708692,4.474051442580182,4.4677270424907745,After the historical event,Event experienced
1.7999999999999998,1,1,1,Nuclear-family environmental variance,20,2.2013599270404733,2.161192175063968,1.836489174646161,2.6908190309732074,2.25,2.2013599270404733,After the historical event,Event experienced
1.7999999999999998,1,1,1,Nonshared environmental variance,20,9.009421384654036,8.947354513117105,8.578638883996614,9.51962779596577,4,9.009421384654036,After the historical event,Event experienced
1.7999999999999998,1,1,1,Phenotypic variance,20,15.678508354185285,15.651005645097243,14.807931577433186,16.755856596257686,10.724051442580182,15.678508354185285,After the historical event,Event experienced
1.8200000000000003,0,0,0,Additive genetic variance,20,2.933501143584597,2.972643832140774,2.564815715492634,3.270650831011085,2.9677804824165164,2.933501143584597,Before the historical event,Event not experienced
1.8200000000000003,0,0,0,Nuclear-family environmental variance,20,2.236824109407952,2.2207172983302925,2.0205167929530905,2.541363803626984,2.25,2.236824109407952,Before the historical event,Event not experienced
1.8200000000000003,0,0,0,Nonshared environmental variance,20,9.039083798590488,9.065351524577343,8.762983879217792,9.248428594532072,4,9.039083798590488,Before the historical event,Event not experienced
1.8200000000000003,0,0,0,Phenotypic variance,20,14.209409051583037,14.257323171627014,13.864287487680858,14.427406643638426,9.217780482416517,14.209409051583037,Before the historical event,Event not experienced
1.8200000000000003,0,1,0,Additive genetic variance,20,2.933501143584597,2.972643832140774,2.564815715492634,3.270650831011085,2.9677804824165164,2.933501143584597,Before the historical event,Event experienced
1.8200000000000003,0,1,0,Nuclear-family environmental variance,20,2.236824109407952,2.2207172983302925,2.0205167929530905,2.541363803626984,2.25,2.236824109407952,Before the historical event,Event experienced
1.8200000000000003,0,1,0,Nonshared environmental variance,20,9.039083798590488,9.065351524577343,8.762983879217792,9.248428594532072,4,9.039083798590488,Before the historical event,Event experienced
1.8200000000000003,0,1,0,Phenotypic variance,20,14.209409051583037,14.257323171627014,13.864287487680858,14.427406643638426,9.217780482416517,14.209409051583037,Before the historical event,Event experienced
1.8200000000000003,1,0,0,Additive genetic variance,20,2.933501143584597,2.972643832140774,2.564815715492634,3.270650831011085,2.9677804824165164,2.933501143584597,After the historical event,Event not experienced
1.8200000000000003,1,0,0,Nuclear-family environmental variance,20,2.236824109407952,2.2207172983302925,2.0205167929530905,2.541363803626984,2.25,2.236824109407952,After the historical event,Event not experienced
1.8200000000000003,1,0,0,Nonshared environmental variance,20,9.039083798590488,9.065351524577343,8.762983879217792,9.248428594532072,4,9.039083798590488,After the historical event,Event not experienced
1.8200000000000003,1,0,0,Phenotypic variance,20,14.209409051583037,14.257323171627014,13.864287487680858,14.427406643638426,9.217780482416517,14.209409051583037,After the historical event,Event not experienced
1.8200000000000003,1,1,1,Additive genetic variance,20,4.421140175048485,4.479144080249078,3.292929155776555,5.43120844107519,4.427408220846682,4.421140175048485,After the historical event,Event experienced
1.8200000000000003,1,1,1,Nuclear-family environmental variance,20,2.201891121589932,2.1613948522833764,1.8370739934574738,2.690794968754333,2.25,2.201891121589932,After the historical event,Event experienced
1.8200000000000003,1,1,1,Nonshared environmental variance,20,9.008568356391349,8.945598131210193,8.580134916762422,9.51832291887219,4,9.008568356391349,After the historical event,Event experienced
1.8200000000000003,1,1,1,Phenotypic variance,20,15.631599653029767,15.600334818029047,14.77196979532632,16.69332384610073,10.677408220846683,15.631599653029767,After the historical event,Event experienced
1.8399999999999999,0,0,0,Additive genetic variance,20,2.9025400068358373,2.9453823324513992,2.5392805447784688,3.2404094285567364,2.9363706944790016,2.9025400068358373,Before the historical event,Event not experienced
1.8399999999999999,0,0,0,Nuclear-family environmental variance,20,2.237407926756277,2.220625986830347,2.021796548054101,2.542348900199828,2.25,2.237407926756277,Before the historical event,Event not experienced
1.8399999999999999,0,0,0,Nonshared environmental variance,20,9.03824392924108,9.065486101343698,8.763402698551849,9.247968065741947,4,9.03824392924108,Before the historical event,Event not experienced
1.8399999999999999,0,0,0,Phenotypic variance,20,14.178191862833195,14.226485812444368,13.832016128252839,14.392126035941114,9.186370694479002,14.178191862833195,Before the historical event,Event not experienced
1.8399999999999999,0,1,0,Additive genetic variance,20,2.9025400068358373,2.9453823324513992,2.5392805447784688,3.2404094285567364,2.9363706944790016,2.9025400068358373,Before the historical event,Event experienced
1.8399999999999999,0,1,0,Nuclear-family environmental variance,20,2.237407926756277,2.220625986830347,2.021796548054101,2.542348900199828,2.25,2.237407926756277,Before the historical event,Event experienced
1.8399999999999999,0,1,0,Nonshared environmental variance,20,9.03824392924108,9.065486101343698,8.763402698551849,9.247968065741947,4,9.03824392924108,Before the historical event,Event experienced
1.8399999999999999,0,1,0,Phenotypic variance,20,14.178191862833195,14.226485812444368,13.832016128252839,14.392126035941114,9.186370694479002,14.178191862833195,Before the historical event,Event experienced
1.8399999999999999,1,0,0,Additive genetic variance,20,2.9025400068358373,2.9453823324513992,2.5392805447784688,3.2404094285567364,2.9363706944790016,2.9025400068358373,After the historical event,Event not experienced
1.8399999999999999,1,0,0,Nuclear-family environmental variance,20,2.237407926756277,2.220625986830347,2.021796548054101,2.542348900199828,2.25,2.237407926756277,After the historical event,Event not experienced
1.8399999999999999,1,0,0,Nonshared environmental variance,20,9.03824392924108,9.065486101343698,8.763402698551849,9.247968065741947,4,9.03824392924108,After the historical event,Event not experienced
1.8399999999999999,1,0,0,Phenotypic variance,20,14.178191862833195,14.226485812444368,13.832016128252839,14.392126035941114,9.186370694479002,14.178191862833195,After the historical event,Event not experienced
1.8399999999999999,1,1,1,Additive genetic variance,20,4.374358798454211,4.429027919165577,3.2571207359569456,5.364665919460171,4.380550323453823,4.374358798454211,After the historical event,Event experienced
1.8399999999999999,1,1,1,Nuclear-family environmental variance,20,2.202417592915517,2.1616156438735636,1.8376822044403784,2.690709475658286,2.25,2.202417592915517,After the historical event,Event experienced
1.8399999999999999,1,1,1,Nonshared environmental variance,20,9.007706474455906,8.943851495755663,8.581643224518796,9.517013287904899,4,9.007706474455906,After the historical event,Event experienced
1.8399999999999999,1,1,1,Phenotypic variance,20,15.584482865825635,15.549470707760793,14.735897653678462,16.630492758728725,10.630550323453823,15.584482865825635,After the historical event,Event experienced
1.8600000000000003,0,0,0,Additive genetic variance,20,2.8714595889221433,2.91439980699608,2.510345569841559,3.2099373539738525,2.904828525281582,2.8714595889221433,Before the historical event,Event not experienced
1.8600000000000003,0,0,0,Nuclear-family environmental variance,20,2.2379874495831973,2.221360387521025,2.0230994822525785,2.543268513755713,2.25,2.2379874495831973,Before the historical event,Event not experienced
1.8600000000000003,0,0,0,Nonshared environmental variance,20,9.03739494986507,9.06561858478146,8.76386487228687,9.248404429282182,4,9.03739494986507,Before the historical event,Event not experienced
1.8600000000000003,0,0,0,Phenotypic variance,20,14.14684198837041,14.19613773290652,13.79969941274277,14.356708817717777,9.154828525281582,14.14684198837041,Before the historical event,Event not experienced
1.8600000000000003,0,1,0,Additive genetic variance,20,2.8714595889221433,2.91439980699608,2.510345569841559,3.2099373539738525,2.904828525281582,2.8714595889221433,Before the historical event,Event experienced
1.8600000000000003,0,1,0,Nuclear-family environmental variance,20,2.2379874495831973,2.221360387521025,2.0230994822525785,2.543268513755713,2.25,2.2379874495831973,Before the historical event,Event experienced
1.8600000000000003,0,1,0,Nonshared environmental variance,20,9.03739494986507,9.06561858478146,8.76386487228687,9.248404429282182,4,9.03739494986507,Before the historical event,Event experienced
1.8600000000000003,0,1,0,Phenotypic variance,20,14.14684198837041,14.19613773290652,13.79969941274277,14.356708817717777,9.154828525281582,14.14684198837041,Before the historical event,Event experienced
1.8600000000000003,1,0,0,Additive genetic variance,20,2.8714595889221433,2.91439980699608,2.510345569841559,3.2099373539738525,2.904828525281582,2.8714595889221433,After the historical event,Event not experienced
1.8600000000000003,1,0,0,Nuclear-family environmental variance,20,2.2379874495831973,2.221360387521025,2.0230994822525785,2.543268513755713,2.25,2.2379874495831973,After the historical event,Event not experienced
1.8600000000000003,1,0,0,Nonshared environmental variance,20,9.03739494986507,9.06561858478146,8.76386487228687,9.248404429282182,4,9.03739494986507,After the historical event,Event not experienced
1.8600000000000003,1,0,0,Phenotypic variance,20,14.14684198837041,14.19613773290652,13.79969941274277,14.356708817717777,9.154828525281582,14.14684198837041,After the historical event,Event not experienced
1.8600000000000003,1,1,1,Additive genetic variance,20,4.327399737120339,4.377287969138596,3.2212160648521264,5.298004123359888,4.333494936427934,4.327399737120339,After the historical event,Event experienced
1.8600000000000003,1,1,1,Nuclear-family environmental variance,20,2.2029393338072207,2.1618545381835177,1.8383138375771888,2.690562544577507,2.25,2.2029393338072207,After the historical event,Event experienced
1.8600000000000003,1,1,1,Nonshared environmental variance,20,9.006835742190892,8.942114604929397,8.583163823359047,9.515698908058274,4,9.006835742190892,After the historical event,Event experienced
1.8600000000000003,1,1,1,Phenotypic variance,20,15.537174813118451,15.498432285269432,14.69972712479521,16.56738757382465,10.583494936427934,15.537174813118451,After the historical event,Event experienced
1.88,0,0,0,Additive genetic variance,20,2.8402709582776375,2.8815765270601923,2.480089979976214,3.1792465410645128,2.8731654353285574,2.8402709582776375,Before the historical event,Event not experienced
1.88,0,0,0,Nuclear-family environmental variance,20,2.238562670848516,2.2222900874476306,2.024425638249734,2.544122577721795,2.25,2.238562670848516,Before the historical event,Event not experienced
1.88,0,0,0,Nonshared environmental variance,20,9.036536864336595,9.06574897677701,8.764370410196141,9.248793723051536,4,9.036536864336595,Before the historical event,Event not experienced
1.88,0,0,0,Phenotypic variance,20,14.115370493462748,14.168216534043417,13.767349117111003,14.323630663822488,9.123165435328557,14.115370493462748,Before the historical event,Event not experienced
1.88,0,1,0,Additive genetic variance,20,2.8402709582776375,2.8815765270601923,2.480089979976214,3.1792465410645128,2.8731654353285574,2.8402709582776375,Before the historical event,Event experienced
1.88,0,1,0,Nuclear-family environmental variance,20,2.238562670848516,2.2222900874476306,2.024425638249734,2.544122577721795,2.25,2.238562670848516,Before the historical event,Event experienced
1.88,0,1,0,Nonshared environmental variance,20,9.036536864336595,9.06574897677701,8.764370410196141,9.248793723051536,4,9.036536864336595,Before the historical event,Event experienced
1.88,0,1,0,Phenotypic variance,20,14.115370493462748,14.168216534043417,13.767349117111003,14.323630663822488,9.123165435328557,14.115370493462748,Before the historical event,Event experienced
1.88,1,0,0,Additive genetic variance,20,2.8402709582776375,2.8815765270601923,2.480089979976214,3.1792465410645128,2.8731654353285574,2.8402709582776375,After the historical event,Event not experienced
1.88,1,0,0,Nuclear-family environmental variance,20,2.238562670848516,2.2222900874476306,2.024425638249734,2.544122577721795,2.25,2.238562670848516,After the historical event,Event not experienced
1.88,1,0,0,Nonshared environmental variance,20,9.036536864336595,9.06574897677701,8.764370410196141,9.248793723051536,4,9.036536864336595,After the historical event,Event not experienced
1.88,1,0,0,Phenotypic variance,20,14.115370493462748,14.168216534043417,13.767349117111003,14.323630663822488,9.123165435328557,14.115370493462748,After the historical event,Event not experienced
1.88,1,1,1,Additive genetic variance,20,4.280279714020949,4.326106176501801,3.18522696611139,5.2312479354591,4.286259156832373,4.280279714020949,After the historical event,Event experienced
1.88,1,1,1,Nuclear-family environmental variance,20,2.203456338319577,2.162252537189091,1.8389689239149547,2.6903541729780933,2.25,2.203456338319577,After the historical event,Event experienced
1.88,1,1,1,Nonshared environmental variance,20,9.005956163399187,8.94038745713041,8.584696729907526,9.514379784451675,4,9.005956163399187,After the historical event,Event experienced
1.88,1,1,1,Phenotypic variance,20,15.489692215739712,15.44723838419084,14.663470095126385,16.504032381056533,10.536259156832372,15.489692215739712,After the historical event,Event experienced
1.9000000000000004,0,0,0,Additive genetic variance,20,2.8089851110948705,2.846632258783337,2.4497877732973024,3.148348914144324,2.841392818836708,2.8089851110948705,Before the historical event,Event not experienced
1.9000000000000004,0,0,0,Nuclear-family environmental variance,20,2.2391335847755705,2.2232419542483073,2.0257750595867257,2.5449110307159275,2.25,2.2391335847755705,Before the historical event,Event not experienced
1.9000000000000004,0,0,0,Nonshared environmental variance,20,9.035669676993209,9.065877279230033,8.764919322705232,9.249135943263127,4,9.035669676993209,Before the historical event,Event not experienced
1.9000000000000004,0,0,0,Phenotypic variance,20,14.083788372863651,14.140140732455237,13.734976892380612,14.291331926236094,9.091392818836708,14.083788372863651,Before the historical event,Event not experienced
1.9000000000000004,0,1,0,Additive genetic variance,20,2.8089851110948705,2.846632258783337,2.4497877732973024,3.148348914144324,2.841392818836708,2.8089851110948705,Before the historical event,Event experienced
1.9000000000000004,0,1,0,Nuclear-family environmental variance,20,2.2391335847755705,2.2232419542483073,2.0257750595867257,2.5449110307159275,2.25,2.2391335847755705,Before the historical event,Event experienced
1.9000000000000004,0,1,0,Nonshared environmental variance,20,9.035669676993209,9.065877279230033,8.764919322705232,9.249135943263127,4,9.035669676993209,Before the historical event,Event experienced
1.9000000000000004,0,1,0,Phenotypic variance,20,14.083788372863651,14.140140732455237,13.734976892380612,14.291331926236094,9.091392818836708,14.083788372863651,Before the historical event,Event experienced
1.9000000000000004,1,0,0,Additive genetic variance,20,2.8089851110948705,2.846632258783337,2.4497877732973024,3.148348914144324,2.841392818836708,2.8089851110948705,After the historical event,Event not experienced
1.9000000000000004,1,0,0,Nuclear-family environmental variance,20,2.2391335847755705,2.2232419542483073,2.0257750595867257,2.5449110307159275,2.25,2.2391335847755705,After the historical event,Event not experienced
1.9000000000000004,1,0,0,Nonshared environmental variance,20,9.035669676993209,9.065877279230033,8.764919322705232,9.249135943263127,4,9.035669676993209,After the historical event,Event not experienced
1.9000000000000004,1,0,0,Phenotypic variance,20,14.083788372863651,14.140140732455237,13.734976892380612,14.291331926236094,9.091392818836708,14.083788372863651,After the historical event,Event not experienced
1.9000000000000004,1,1,1,Additive genetic variance,20,4.233015341149703,4.282519832198327,3.14916517022959,5.164421975639553,4.238859982841149,4.233015341149703,After the historical event,Event experienced
1.9000000000000004,1,1,1,Nuclear-family environmental variance,20,2.20396860177291,2.163608772139886,1.839647495568141,2.6900843629014806,2.25,2.20396860177291,After the historical event,Event experienced
1.9000000000000004,1,1,1,Nonshared environmental variance,20,9.005067742343245,8.938670050980672,8.586241961320255,9.513055922329283,4,9.005067742343245,After the historical event,Event experienced
1.9000000000000004,1,1,1,Phenotypic variance,20,15.442051685265858,15.395907689562124,14.62713835913791,16.4404511048968,10.488859982841149,15.442051685265858,After the historical event,Event experienced
1.92,0,0,0,Additive genetic variance,20,2.7776129651351384,2.8115906326203643,2.4194497185135875,3.1172563804087368,2.809521997206206,2.7776129651351384,Before the historical event,Event not experienced
1.92,0,0,0,Nuclear-family environmental variance,20,2.239700186852571,2.224216006722314,2.0271477906471866,2.54563381655415,2.25,2.239700186852571,Before the historical event,Event not experienced
1.92,0,0,0,Nonshared environmental variance,20,9.034793392635754,9.066003494053538,8.765511620892308,9.249431086972152,4,9.034793392635754,Before the historical event,Event not experienced
1.92,0,0,0,Phenotypic variance,20,14.052106544623463,14.111957411888069,13.702594258376447,14.258851789192294,9.059521997206206,14.052106544623463,Before the historical event,Event not experienced
1.92,0,1,0,Additive genetic variance,20,2.7776129651351384,2.8115906326203643,2.4194497185135875,3.1172563804087368,2.809521997206206,2.7776129651351384,Before the historical event,Event experienced
1.92,0,1,0,Nuclear-family environmental variance,20,2.239700186852571,2.224216006722314,2.0271477906471866,2.54563381655415,2.25,2.239700186852571,Before the historical event,Event experienced
1.92,0,1,0,Nonshared environmental variance,20,9.034793392635754,9.066003494053538,8.765511620892308,9.249431086972152,4,9.034793392635754,Before the historical event,Event experienced
1.92,0,1,0,Phenotypic variance,20,14.052106544623463,14.111957411888069,13.702594258376447,14.258851789192294,9.059521997206206,14.052106544623463,Before the historical event,Event experienced
1.92,1,0,0,Additive genetic variance,20,2.7776129651351384,2.8115906326203643,2.4194497185135875,3.1172563804087368,2.809521997206206,2.7776129651351384,After the historical event,Event not experienced
1.92,1,0,0,Nuclear-family environmental variance,20,2.239700186852571,2.224216006722314,2.0271477906471866,2.54563381655415,2.25,2.239700186852571,After the historical event,Event not experienced
1.92,1,0,0,Nonshared environmental variance,20,9.034793392635754,9.066003494053538,8.765511620892308,9.249431086972152,4,9.034793392635754,After the historical event,Event not experienced
1.92,1,0,0,Phenotypic variance,20,14.052106544623463,14.111957411888069,13.702594258376447,14.258851789192294,9.059521997206206,14.052106544623463,After the historical event,Event not experienced
1.92,1,1,1,Additive genetic variance,20,4.185623110176523,4.23883540412676,3.1130423085543697,5.097550587021926,4.191314303998646,4.185623110176523,After the historical event,Event experienced
1.92,1,1,1,Nuclear-family environmental variance,20,2.2044761207545127,2.1649839362906924,1.8403495857213943,2.6897531209655257,2.25,2.2044761207545127,After the historical event,Event experienced
1.92,1,1,1,Nonshared environmental variance,20,9.004170483744959,8.936962385324957,8.587799535285502,9.511727327060022,4,9.004170483744959,After the historical event,Event experienced
1.92,1,1,1,Phenotypic variance,20,15.394269714675994,15.344458726831549,14.590743613321589,16.37666748976363,10.441314303998645,15.394269714675994,After the historical event,Event experienced
1.9400000000000004,0,0,0,Additive genetic variance,20,2.7461653536734443,2.7765419370792994,2.3890864681067256,3.0859808223889242,2.777564212621092,2.7461653536734443,Before the historical event,Event not experienced
1.9400000000000004,0,0,0,Nuclear-family environmental variance,20,2.2402624738338766,2.225212264604333,2.0285438766597967,2.5462908842574836,2.25,2.2402624738338766,Before the historical event,Event not experienced
1.9400000000000004,0,0,0,Nonshared environmental variance,20,9.033908016528217,9.066127623173816,8.766147316488501,9.249679152075899,4,9.033908016528217,Before the historical event,Event not experienced
1.9400000000000004,0,0,0,Phenotypic variance,20,14.020335844035538,14.085178270370932,13.670212597659162,14.226201707378724,9.027564212621092,14.020335844035538,Before the historical event,Event not experienced
1.9400000000000004,0,1,0,Additive genetic variance,20,2.7461653536734443,2.7765419370792994,2.3890864681067256,3.0859808223889242,2.777564212621092,2.7461653536734443,Before the historical event,Event experienced
1.9400000000000004,0,1,0,Nuclear-family environmental variance,20,2.2402624738338766,2.225212264604333,2.0285438766597967,2.5462908842574836,2.25,2.2402624738338766,Before the historical event,Event experienced
1.9400000000000004,0,1,0,Nonshared environmental variance,20,9.033908016528217,9.066127623173816,8.766147316488501,9.249679152075899,4,9.033908016528217,Before the historical event,Event experienced
1.9400000000000004,0,1,0,Phenotypic variance,20,14.020335844035538,14.085178270370932,13.670212597659162,14.226201707378724,9.027564212621092,14.020335844035538,Before the historical event,Event experienced
1.9400000000000004,1,0,0,Additive genetic variance,20,2.7461653536734443,2.7765419370792994,2.3890864681067256,3.0859808223889242,2.777564212621092,2.7461653536734443,After the historical event,Event not experienced
1.9400000000000004,1,0,0,Nuclear-family environmental variance,20,2.2402624738338766,2.225212264604333,2.0285438766597967,2.5462908842574836,2.25,2.2402624738338766,After the historical event,Event not experienced
1.9400000000000004,1,0,0,Nonshared environmental variance,20,9.033908016528217,9.066127623173816,8.766147316488501,9.249679152075899,4,9.033908016528217,After the historical event,Event not experienced
1.9400000000000004,1,0,0,Phenotypic variance,20,14.020335844035538,14.085178270370932,13.670212597659162,14.226201707378724,9.027564212621092,14.020335844035538,After the historical event,Event not experienced
1.9400000000000004,1,1,1,Additive genetic variance,20,4.13811938330977,4.195065028164031,3.0768699074349746,5.030657822428776,4.143638891672674,4.13811938330977,After the historical event,Event experienced
1.9400000000000004,1,1,1,Nuclear-family environmental variance,20,2.204978893119752,2.166378064234398,1.8410752286324017,2.6893604583649746,2.25,2.204978893119752,After the historical event,Event experienced
1.9400000000000004,1,1,1,Nonshared environmental variance,20,9.00326439278552,8.93526445923065,8.589369470024407,9.510394004137446,4,9.00326439278552,After the historical event,Event experienced
1.9400000000000004,1,1,1,Phenotypic variance,20,15.346362669215042,15.294380040666057,14.554297450346475,16.312705085496056,10.393638891672673,15.346362669215042,After the historical event,Event experienced
1.96,0,0,0,Additive genetic variance,20,2.714653019582444,2.7460726528942097,2.3587085525766485,3.0545340905038167,2.74553062178407,2.714653019582444,Before the historical event,Event not experienced
1.96,0,0,0,Nuclear-family environmental variance,20,2.240820443741197,2.2262307485656216,2.0299633637009142,2.546882188058017,2.25,2.240820443741197,Before the historical event,Event not experienced
1.96,0,0,0,Nonshared environmental variance,20,9.033013554397593,9.066249668530464,8.766826421878264,9.249880137313767,4,9.033013554397593,Before the historical event,Event not experienced
1.96,0,0,0,Phenotypic variance,20,13.988487017721233,14.058042161760794,13.63784314965776,14.193393080937467,8.99553062178407,13.988487017721233,Before the historical event,Event not experienced
1.96,0,1,0,Additive genetic variance,20,2.714653019582444,2.7460726528942097,2.3587085525766485,3.0545340905038167,2.74553062178407,2.714653019582444,Before the historical event,Event experienced
1.96,0,1,0,Nuclear-family environmental variance,20,2.240820443741197,2.2262307485656216,2.0299633637009142,2.546882188058017,2.25,2.240820443741197,Before the historical event,Event experienced
1.96,0,1,0,Nonshared environmental variance,20,9.033013554397593,9.066249668530464,8.766826421878264,9.249880137313767,4,9.033013554397593,Before the historical event,Event experienced
1.96,0,1,0,Phenotypic variance,20,13.988487017721233,14.058042161760794,13.63784314965776,14.193393080937467,8.99553062178407,13.988487017721233,Before the historical event,Event experienced
1.96,1,0,0,Additive genetic variance,20,2.714653019582444,2.7460726528942097,2.3587085525766485,3.0545340905038167,2.74553062178407,2.714653019582444,After the historical event,Event not experienced
1.96,1,0,0,Nuclear-family environmental variance,20,2.240820443741197,2.2262307485656216,2.0299633637009142,2.546882188058017,2.25,2.240820443741197,After the historical event,Event not experienced
1.96,1,0,0,Nonshared environmental variance,20,9.033013554397593,9.066249668530464,8.766826421878264,9.249880137313767,4,9.033013554397593,After the historical event,Event not experienced
1.96,1,0,0,Phenotypic variance,20,13.988487017721233,14.058042161760794,13.63784314965776,14.193393080937467,8.99553062178407,13.988487017721233,After the historical event,Event not experienced
1.96,1,1,1,Additive genetic variance,20,4.090520384370432,4.151220746090377,3.0406593825163584,4.963767431277478,4.095850389707868,4.090520384370432,After the historical event,Event experienced
1.96,1,1,1,Nuclear-family environmental variance,20,2.2054769179930984,2.167791191239904,1.8418244596348359,2.688906390871325,2.25,2.2054769179930984,After the historical event,Event experienced
1.96,1,1,1,Nonshared environmental variance,20,9.002349475105262,8.933576271987588,8.590951784291576,9.509055959179609,4,9.002349475105262,After the historical event,Event experienced
1.96,1,1,1,Phenotypic variance,20,15.298346777468794,15.247758086282015,14.517811353355604,16.248587233174213,10.345850389707868,15.298346777468794,After the historical event,Event experienced
1.9800000000000004,0,0,0,Additive genetic variance,20,2.6830866095594024,2.717223902566992,2.3283263748641536,3.0229279957145794,2.7134322897900174,2.6830866095594024,Before the historical event,Event not experienced
1.9800000000000004,0,0,0,Nuclear-family environmental variance,20,2.241374095864733,2.227271480215242,2.031406298697257,2.547407687404287,2.25,2.241374095864733,Before the historical event,Event not experienced
1.9800000000000004,0,0,0,Nonshared environmental variance,20,9.032110012433723,9.066369632076384,8.767548950099748,9.250034042267258,4,9.032110012433723,Before the historical event,Event not experienced
1.9800000000000004,0,0,0,Phenotypic variance,20,13.95657071785786,14.026230173716128,13.605497005004104,14.160437248645199,8.963432289790017,13.95657071785786,Before the historical event,Event not experienced
1.9800000000000004,0,1,0,Additive genetic variance,20,2.6830866095594024,2.717223902566992,2.3283263748641536,3.0229279957145794,2.7134322897900174,2.6830866095594024,Before the historical event,Event experienced
1.9800000000000004,0,1,0,Nuclear-family environmental variance,20,2.241374095864733,2.227271480215242,2.031406298697257,2.547407687404287,2.25,2.241374095864733,Before the historical event,Event experienced
1.9800000000000004,0,1,0,Nonshared environmental variance,20,9.032110012433723,9.066369632076384,8.767548950099748,9.250034042267258,4,9.032110012433723,Before the historical event,Event experienced
1.9800000000000004,0,1,0,Phenotypic variance,20,13.95657071785786,14.026230173716128,13.605497005004104,14.160437248645199,8.963432289790017,13.95657071785786,Before the historical event,Event experienced
1.9800000000000004,1,0,0,Additive genetic variance,20,2.6830866095594024,2.717223902566992,2.3283263748641536,3.0229279957145794,2.7134322897900174,2.6830866095594024,After the historical event,Event not experienced
1.9800000000000004,1,0,0,Nuclear-family environmental variance,20,2.241374095864733,2.227271480215242,2.031406298697257,2.547407687404287,2.25,2.241374095864733,After the historical event,Event not experienced
1.9800000000000004,1,0,0,Nonshared environmental variance,20,9.032110012433723,9.066369632076384,8.767548950099748,9.250034042267258,4,9.032110012433723,After the historical event,Event not experienced
1.9800000000000004,1,0,0,Phenotypic variance,20,13.95657071785786,14.026230173716128,13.605497005004104,14.160437248645199,8.963432289790017,13.95657071785786,After the historical event,Event not experienced
1.9800000000000004,1,1,1,Additive genetic variance,20,4.042842190084377,4.107314500405449,3.0044220331820073,4.896902846911213,4.047965305286052,4.042842190084377,After the historical event,Event experienced
1.9800000000000004,1,1,1,Nuclear-family environmental variance,20,2.205970195769087,2.169223353254192,1.8425973151413975,2.6883909388320797,2.25,2.205970195769087,After the historical event,Event experienced
1.9800000000000004,1,1,1,Nonshared environmental variance,20,9.001425736803522,8.93189782310791,8.592546497375741,9.507713197928986,4,9.001425736803522,After the historical event,Event experienced
1.9800000000000004,1,1,1,Phenotypic variance,20,15.250238122656986,15.201016513728076,14.48129669041154,16.184337051295493,10.297965305286052,15.250238122656986,After the historical event,Event experienced
2,0,0,0,Additive genetic variance,20,2.651476668500079,2.688314764007538,2.297950204954154,2.991174302287749,2.6812801841425573,2.651476668500079,Before the historical event,Event not experienced
2,0,0,0,Nuclear-family environmental variance,20,2.2419234307642415,2.2283344821013618,2.0328727294286404,2.547867346965966,2.25,2.2419234307642415,Before the historical event,Event not experienced
2,0,0,0,Nonshared environmental variance,20,9.031197397289137,9.066487515777752,8.768314914845217,9.250140867359901,4,9.031197397289137,Before the historical event,Event not experienced
2,0,0,0,Phenotypic variance,20,13.924597496553458,13.994375759889119,13.573185100072498,14.127345481223438,8.931280184142558,13.924597496553458,Before the historical event,Event not experienced
2,0,1,0,Additive genetic variance,20,2.651476668500079,2.688314764007538,2.297950204954154,2.991174302287749,2.6812801841425573,2.651476668500079,Before the historical event,Event experienced
2,0,1,0,Nuclear-family environmental variance,20,2.2419234307642415,2.2283344821013618,2.0328727294286404,2.547867346965966,2.25,2.2419234307642415,Before the historical event,Event experienced
2,0,1,0,Nonshared environmental variance,20,9.031197397289137,9.066487515777752,8.768314914845217,9.250140867359901,4,9.031197397289137,Before the historical event,Event experienced
2,0,1,0,Phenotypic variance,20,13.924597496553458,13.994375759889119,13.573185100072498,14.127345481223438,8.931280184142558,13.924597496553458,Before the historical event,Event experienced
2,1,0,0,Additive genetic variance,20,2.651476668500079,2.688314764007538,2.297950204954154,2.991174302287749,2.6812801841425573,2.651476668500079,After the historical event,Event not experienced
2,1,0,0,Nuclear-family environmental variance,20,2.2419234307642415,2.2283344821013618,2.0328727294286404,2.547867346965966,2.25,2.2419234307642415,After the historical event,Event not experienced
2,1,0,0,Nonshared environmental variance,20,9.031197397289137,9.066487515777752,8.768314914845217,9.250140867359901,4,9.031197397289137,After the historical event,Event not experienced
2,1,0,0,Phenotypic variance,20,13.924597496553458,13.994375759889119,13.573185100072498,14.127345481223438,8.931280184142558,13.924597496553458,After the historical event,Event not experienced
2,1,1,1,Additive genetic variance,20,3.9951007215985688,4.063358129264015,2.9681690371488,4.830087174375706,4.000000000000001,3.9951007215985688,After the historical event,Event experienced
2,1,1,1,Nuclear-family environmental variance,20,2.2064587281132026,2.1706745869044264,1.8433938326469401,2.6878141271693927,2.25,2.2064587281132026,After the historical event,Event experienced
2,1,1,1,Nonshared environmental variance,20,9.000493184438447,8.930229112325879,8.594153629100354,9.50636572625233,4,9.000493184438447,After the historical event,Event experienced
2,1,1,1,Phenotypic variance,20,15.202052634150219,15.154169561215213,14.444764709093928,16.119977422316886,10.25,15.202052634150219,After the historical event,Event experienced
2.0200000000000005,0,0,0,Additive genetic variance,20,2.619833634023135,2.6581980566800674,2.2675901746627067,2.959284720672958,2.649085168917676,2.619833634023135,Before the historical event,Event not experienced
2.0200000000000005,0,0,0,Nuclear-family environmental variance,20,2.242468450270035,2.2294197777126286,2.034362704530764,2.548261136637823,2.25,2.242468450270035,Before the historical event,Event not experienced
2.0200000000000005,0,0,0,Nonshared environmental variance,20,9.030275716078883,9.066496716866943,8.767547049722877,9.25020061385722,4,9.030275716078883,Before the historical event,Event not experienced
2.0200000000000005,0,0,0,Phenotypic variance,20,13.892577800372052,13.962867791676647,13.540918211727067,14.094130395908094,8.899085168917676,13.892577800372052,Before the historical event,Event not experienced
2.0200000000000005,0,1,0,Additive genetic variance,20,2.619833634023135,2.6581980566800674,2.2675901746627067,2.959284720672958,2.649085168917676,2.619833634023135,Before the historical event,Event experienced
2.0200000000000005,0,1,0,Nuclear-family environmental variance,20,2.242468450270035,2.2294197777126286,2.034362704530764,2.548261136637823,2.25,2.242468450270035,Before the historical event,Event experienced
2.0200000000000005,0,1,0,Nonshared environmental variance,20,9.030275716078883,9.066496716866943,8.767547049722877,9.25020061385722,4,9.030275716078883,Before the historical event,Event experienced
2.0200000000000005,0,1,0,Phenotypic variance,20,13.892577800372052,13.962867791676647,13.540918211727067,14.094130395908094,8.899085168917676,13.892577800372052,Before the historical event,Event experienced
2.0200000000000005,1,0,0,Additive genetic variance,20,2.619833634023135,2.6581980566800674,2.2675901746627067,2.959284720672958,2.649085168917676,2.619833634023135,After the historical event,Event not experienced
2.0200000000000005,1,0,0,Nuclear-family environmental variance,20,2.242468450270035,2.2294197777126286,2.034362704530764,2.548261136637823,2.25,2.242468450270035,After the historical event,Event not experienced
2.0200000000000005,1,0,0,Nonshared environmental variance,20,9.030275716078883,9.066496716866943,8.767547049722877,9.25020061385722,4,9.030275716078883,After the historical event,Event not experienced
2.0200000000000005,1,0,0,Phenotypic variance,20,13.892577800372052,13.962867791676647,13.540918211727067,14.094130395908094,8.899085168917676,13.892577800372052,After the historical event,Event not experienced
2.0200000000000005,1,1,1,Additive genetic variance,20,3.9473117362266263,4.019363361533854,2.9319114452169215,4.7633431786484675,3.9519706811465856,3.9473117362266263,After the historical event,Event experienced
2.0200000000000005,1,1,1,Nuclear-family environmental variance,20,2.2069425179626947,2.172144929500117,1.8442140507316926,2.687175985378106,2.25,2.2069425179626947,After the historical event,Event experienced
2.0200000000000005,1,1,1,Nonshared environmental variance,20,8.999551825026847,8.928570139597738,8.595773199824269,9.505013550140571,4,8.999551825026847,After the historical event,Event experienced
2.0200000000000005,1,1,1,Phenotypic variance,20,15.153806079216167,15.107231336971122,14.408226531252232,16.055530979573046,10.201970681146586,15.153806079216167,After the historical event,Event experienced
2.04,0,0,0,Additive genetic variance,20,2.5881678311485525,2.625828169554324,2.2372562726107814,2.927270900501062,2.616857999078307,2.5881678311485525,Before the historical event,Event not experienced
2.04,0,0,0,Nuclear-family environmental variance,20,2.243009157483913,2.2305273914796206,2.0358762734980624,2.548589031542998,2.25,2.243009157483913,Before the historical event,Event not experienced
2.04,0,0,0,Nonshared environmental variance,20,9.029344976380342,9.0650795696091,8.766556445679345,9.250213283866591,4,9.029344976380342,Before the historical event,Event not experienced
2.04,0,0,0,Phenotypic variance,20,13.860521965012808,13.931458672724268,13.508523047248815,14.061098224372312,8.866857999078308,13.860521965012808,Before the historical event,Event not experienced
2.04,0,1,0,Additive genetic variance,20,2.5881678311485525,2.625828169554324,2.2372562726107814,2.927270900501062,2.616857999078307,2.5881678311485525,Before the historical event,Event experienced
2.04,0,1,0,Nuclear-family environmental variance,20,2.243009157483913,2.2305273914796206,2.0358762734980624,2.548589031542998,2.25,2.243009157483913,Before the historical event,Event experienced
2.04,0,1,0,Nonshared environmental variance,20,9.029344976380342,9.0650795696091,8.766556445679345,9.250213283866591,4,9.029344976380342,Before the historical event,Event experienced
2.04,0,1,0,Phenotypic variance,20,13.860521965012808,13.931458672724268,13.508523047248815,14.061098224372312,8.866857999078308,13.860521965012808,Before the historical event,Event experienced
2.04,1,0,0,Additive genetic variance,20,2.5881678311485525,2.625828169554324,2.2372562726107814,2.927270900501062,2.616857999078307,2.5881678311485525,After the historical event,Event not experienced
2.04,1,0,0,Nuclear-family environmental variance,20,2.243009157483913,2.2305273914796206,2.0358762734980624,2.548589031542998,2.25,2.243009157483913,After the historical event,Event not experienced
2.04,1,0,0,Nonshared environmental variance,20,9.029344976380342,9.0650795696091,8.766556445679345,9.250213283866591,4,9.029344976380342,After the historical event,Event not experienced
2.04,1,0,0,Phenotypic variance,20,13.860521965012808,13.931458672724268,13.508523047248815,14.061098224372312,8.866857999078308,13.860521965012808,After the historical event,Event not experienced
2.04,1,1,1,Additive genetic variance,20,3.8994908194289657,3.975341811978389,2.8956601761777625,4.699791732266335,3.903893393245135,3.8994908194289657,After the historical event,Event experienced
2.04,1,1,1,Nuclear-family environmental variance,20,2.207421569527317,2.173634419035315,1.8450580090645718,2.6864765475231778,2.25,2.207421569527317,After the historical event,Event experienced
2.04,1,1,1,Nonshared environmental variance,20,8.998601666043998,8.926920905101563,8.597405230442384,9.503948668412022,4,8.998601666043998,After the historical event,Event experienced
2.04,1,1,1,Phenotypic variance,20,15.10551405500028,15.060215812438841,14.371693147916481,15.99102009457923,10.153893393245134,15.10551405500028,After the historical event,Event experienced
2.0600000000000005,0,0,0,Additive genetic variance,20,2.556489467133226,2.5930683051613226,2.2069583393873495,2.8951444237082145,2.5846093149434513,2.556489467133226,Before the historical event,Event not experienced
2.0600000000000005,0,0,0,Nuclear-family environmental variance,20,2.2435455567800213,2.2316573487763693,2.037413486686596,2.5488510120355596,2.25,2.2435455567800213,Before the historical event,Event not experienced
2.0600000000000005,0,0,0,Nonshared environmental variance,20,9.028405186233057,9.063643123600489,8.7655936375616,9.250178880337135,4,9.028405186233057,Before the historical event,Event not experienced
2.0600000000000005,0,0,0,Phenotypic variance,20,13.828440210146304,13.90000233994495,13.473500795784412,14.027960809166114,8.834609314943451,13.828440210146304,Before the historical event,Event not experienced
2.0600000000000005,0,1,0,Additive genetic variance,20,2.556489467133226,2.5930683051613226,2.2069583393873495,2.8951444237082145,2.5846093149434513,2.556489467133226,Before the historical event,Event experienced
2.0600000000000005,0,1,0,Nuclear-family environmental variance,20,2.2435455567800213,2.2316573487763693,2.037413486686596,2.5488510120355596,2.25,2.2435455567800213,Before the historical event,Event experienced
2.0600000000000005,0,1,0,Nonshared environmental variance,20,9.028405186233057,9.063643123600489,8.7655936375616,9.250178880337135,4,9.028405186233057,Before the historical event,Event experienced
2.0600000000000005,0,1,0,Phenotypic variance,20,13.828440210146304,13.90000233994495,13.473500795784412,14.027960809166114,8.834609314943451,13.828440210146304,Before the historical event,Event experienced
2.0600000000000005,1,0,0,Additive genetic variance,20,2.556489467133226,2.5930683051613226,2.2069583393873495,2.8951444237082145,2.5846093149434513,2.556489467133226,After the historical event,Event not experienced
2.0600000000000005,1,0,0,Nuclear-family environmental variance,20,2.2435455567800213,2.2316573487763693,2.037413486686596,2.5488510120355596,2.25,2.2435455567800213,After the historical event,Event not experienced
2.0600000000000005,1,0,0,Nonshared environmental variance,20,9.028405186233057,9.063643123600489,8.7655936375616,9.250178880337135,4,9.028405186233057,After the historical event,Event not experienced
2.0600000000000005,1,0,0,Phenotypic variance,20,13.828440210146304,13.90000233994495,13.473500795784412,14.027960809166114,8.834609314943451,13.828440210146304,After the historical event,Event not experienced
2.0600000000000005,1,1,1,Additive genetic variance,20,3.8516533770322585,3.931304976566329,2.859426011882416,4.637522075356214,3.8557840097863245,3.8516533770322585,After the historical event,Event experienced
2.0600000000000005,1,1,1,Nuclear-family environmental variance,20,2.2078958882899946,2.175143094190856,1.8459257484065845,2.6857158522365054,2.25,2.2078958882899946,After the historical event,Event experienced
2.0600000000000005,1,1,1,Nonshared environmental variance,20,8.997642715423458,8.925281409237101,8.599049742386306,9.503020112638154,4,8.997642715423458,After the historical event,Event experienced
2.0600000000000005,1,1,1,Phenotypic variance,20,15.05719198074571,15.013136815658408,14.335175414368667,15.92646686472754,10.105784009786325,15.05719198074571,After the historical event,Event experienced
2.08,0,0,0,Additive genetic variance,20,2.5248086264667715,2.5570777514867187,2.176706062904225,2.8629167977912893,2.5523496368153222,2.5248086264667715,Before the historical event,Event not experienced
2.08,0,0,0,Nuclear-family environmental variance,20,2.2440776538056473,2.232809675921958,2.038974395317011,2.5490470637023526,2.25,2.2440776538056473,Before the historical event,Event not experienced
2.08,0,0,0,Nonshared environmental variance,20,9.027456354138522,9.062187389894568,8.764658616706576,9.250097407059563,4,9.027456354138522,Before the historical event,Event not experienced
2.08,0,0,0,Phenotypic variance,20,13.79634263441094,13.868507495160706,13.438584137865083,13.994728916176573,8.802349636815322,13.79634263441094,Before the historical event,Event not experienced
2.08,0,1,0,Additive genetic variance,20,2.5248086264667715,2.5570777514867187,2.176706062904225,2.8629167977912893,2.5523496368153222,2.5248086264667715,Before the historical event,Event experienced
2.08,0,1,0,Nuclear-family environmental variance,20,2.2440776538056473,2.232809675921958,2.038974395317011,2.5490470637023526,2.25,2.2440776538056473,Before the historical event,Event experienced
2.08,0,1,0,Nonshared environmental variance,20,9.027456354138522,9.062187389894568,8.764658616706576,9.250097407059563,4,9.027456354138522,Before the historical event,Event experienced
2.08,0,1,0,Phenotypic variance,20,13.79634263441094,13.868507495160706,13.438584137865083,13.994728916176573,8.802349636815322,13.79634263441094,Before the historical event,Event experienced
2.08,1,0,0,Additive genetic variance,20,2.5248086264667715,2.5570777514867187,2.176706062904225,2.8629167977912893,2.5523496368153222,2.5248086264667715,After the historical event,Event not experienced
2.08,1,0,0,Nuclear-family environmental variance,20,2.2440776538056473,2.232809675921958,2.038974395317011,2.5490470637023526,2.25,2.2440776538056473,After the historical event,Event not experienced
2.08,1,0,0,Nonshared environmental variance,20,9.027456354138522,9.062187389894568,8.764658616706576,9.250097407059563,4,9.027456354138522,After the historical event,Event not experienced
2.08,1,0,0,Phenotypic variance,20,13.79634263441094,13.868507495160706,13.438584137865083,13.994728916176573,8.802349636815322,13.79634263441094,After the historical event,Event not experienced
2.08,1,1,1,Additive genetic variance,20,3.8038146276927627,3.8872642279106255,2.823219592473314,4.575270444619515,3.8076582252168243,3.8038146276927627,After the historical event,Event experienced
2.08,1,1,1,Nuclear-family environmental variance,20,2.2083654810074207,2.1766709943366567,1.8468173106143242,2.6848939427131366,2.25,2.2083654810074207,After the historical event,Event experienced
2.08,1,1,1,Nonshared environmental variance,20,8.996674981556874,8.92365165262563,8.600706757625034,9.502066010074447,4,8.996674981556874,After the historical event,Event experienced
2.08,1,1,1,Phenotypic variance,20,15.008855090257057,14.966008024835435,14.298684045377328,15.861893101384403,10.057658225216825,15.008855090257057,After the historical event,Event experienced
2.1000000000000005,0,0,0,Additive genetic variance,20,2.493135266030274,2.521130563211692,2.1465089739447203,2.83059944919977,2.520089359767648,2.493135266030274,Before the historical event,Event not experienced
2.1000000000000005,0,0,0,Nuclear-family environmental variance,20,2.244605455481944,2.2339844001821927,2.0405590514775453,2.5491771773641476,2.25,2.244605455481944,Before the historical event,Event not experienced
2.1000000000000005,0,0,0,Nonshared environmental variance,20,9.026498489059993,9.060712379709365,8.763751374758616,9.249968868665972,4,9.026498489059993,Before the historical event,Event not experienced
2.1000000000000005,0,0,0,Phenotypic variance,20,13.76423921057221,13.83698274274466,13.40378464028044,13.961413216704376,8.770089359767649,13.76423921057221,Before the historical event,Event not experienced
2.1000000000000005,0,1,0,Additive genetic variance,20,2.493135266030274,2.521130563211692,2.1465089739447203,2.83059944919977,2.520089359767648,2.493135266030274,Before the historical event,Event experienced
2.1000000000000005,0,1,0,Nuclear-family environmental variance,20,2.244605455481944,2.2339844001821927,2.0405590514775453,2.5491771773641476,2.25,2.244605455481944,Before the historical event,Event experienced
2.1000000000000005,0,1,0,Nonshared environmental variance,20,9.026498489059993,9.060712379709365,8.763751374758616,9.249968868665972,4,9.026498489059993,Before the historical event,Event experienced
2.1000000000000005,0,1,0,Phenotypic variance,20,13.76423921057221,13.83698274274466,13.40378464028044,13.961413216704376,8.770089359767649,13.76423921057221,Before the historical event,Event experienced
2.1000000000000005,1,0,0,Additive genetic variance,20,2.493135266030274,2.521130563211692,2.1465089739447203,2.83059944919977,2.520089359767648,2.493135266030274,After the historical event,Event not experienced
2.1000000000000005,1,0,0,Nuclear-family environmental variance,20,2.244605455481944,2.2339844001821927,2.0405590514775453,2.5491771773641476,2.25,2.244605455481944,After the historical event,Event not experienced
2.1000000000000005,1,0,0,Nonshared environmental variance,20,9.026498489059993,9.060712379709365,8.763751374758616,9.249968868665972,4,9.026498489059993,After the historical event,Event not experienced
2.1000000000000005,1,0,0,Phenotypic variance,20,13.76423921057221,13.83698274274466,13.40378464028044,13.961413216704376,8.770089359767649,13.76423921057221,After the historical event,Event not experienced
2.1000000000000005,1,1,1,Additive genetic variance,20,3.7559895956075877,3.843230810838711,2.7870514117812037,4.513058391808288,3.7595315471643547,3.7559895956075877,After the historical event,Event experienced
2.1000000000000005,1,1,1,Nuclear-family environmental variance,20,2.2088303557105795,2.178218159534051,1.847732738643563,2.6840108667068785,2.25,2.2088303557105795,After the historical event,Event experienced
2.1000000000000005,1,1,1,Nonshared environmental variance,20,8.995698473293768,8.922031636109825,8.602376298665629,9.501086372074802,4,8.995698473293768,After the historical event,Event experienced
2.1000000000000005,1,1,1,Phenotypic variance,20,14.960518424611934,14.918842962099948,14.262229610597574,15.797320318396489,10.009531547164354,14.960518424611934,After the historical event,Event experienced
2.12,0,0,0,Additive genetic variance,20,2.4614792104205727,2.4852390561190565,2.1163764419080215,2.7982037168690965,2.4878387485981897,2.4614792104205727,Before the historical event,Event not experienced
2.12,0,0,0,Nuclear-family environmental variance,20,2.2451289700045853,2.235181549771354,2.0421675081270907,2.5492413490760732,2.25,2.2451289700045853,Before the historical event,Event not experienced
2.12,0,0,0,Nonshared environmental variance,20,9.025531600422271,9.059218104427316,8.762871903669284,9.249793270629652,4,9.025531600422271,Before the historical event,Event not experienced
2.12,0,0,0,Phenotypic variance,20,13.73213978084743,13.805436585931144,13.369113640792815,13.928024281775478,8.73783874859819,13.73213978084743,Before the historical event,Event not experienced
2.12,0,1,0,Additive genetic variance,20,2.4614792104205727,2.4852390561190565,2.1163764419080215,2.7982037168690965,2.4878387485981897,2.4614792104205727,Before the historical event,Event experienced
2.12,0,1,0,Nuclear-family environmental variance,20,2.2451289700045853,2.235181549771354,2.0421675081270907,2.5492413490760732,2.25,2.2451289700045853,Before the historical event,Event experienced
2.12,0,1,0,Nonshared environmental variance,20,9.025531600422271,9.059218104427316,8.762871903669284,9.249793270629652,4,9.025531600422271,Before the historical event,Event experienced
2.12,0,1,0,Phenotypic variance,20,13.73213978084743,13.805436585931144,13.369113640792815,13.928024281775478,8.73783874859819,13.73213978084743,Before the historical event,Event experienced
2.12,1,0,0,Additive genetic variance,20,2.4614792104205727,2.4852390561190565,2.1163764419080215,2.7982037168690965,2.4878387485981897,2.4614792104205727,After the historical event,Event not experienced
2.12,1,0,0,Nuclear-family environmental variance,20,2.2451289700045853,2.235181549771354,2.0421675081270907,2.5492413490760732,2.25,2.2451289700045853,After the historical event,Event not experienced
2.12,1,0,0,Nonshared environmental variance,20,9.025531600422271,9.059218104427316,8.762871903669284,9.249793270629652,4,9.025531600422271,After the historical event,Event not experienced
2.12,1,0,0,Phenotypic variance,20,13.73213978084743,13.805436585931144,13.369113640792815,13.928024281775478,8.73783874859819,13.73213978084743,After the historical event,Event not experienced
2.12,1,1,1,Additive genetic variance,20,3.7081931034777806,3.7988844568130835,2.7509318128895988,4.450907157491454,3.71141928890773,3.7081931034777806,After the historical event,Event experienced
2.12,1,1,1,Nuclear-family environmental variance,20,2.209290521705194,2.179784630538178,1.8486720765529303,2.6830666765252973,2.25,2.209290521705194,After the historical event,Event experienced
2.12,1,1,1,Nonshared environmental variance,20,8.994713199941332,8.920421360753597,8.604058388553945,9.500081210743975,4,8.994713199941332,After the historical event,Event experienced
2.12,1,1,1,Phenotypic variance,20,14.912196825124308,14.871654987458815,14.225822530138567,15.732769721011877,9.96141928890773,14.912196825124308,After the historical event,Event experienced
2.1399999999999997,0,0,0,Additive genetic variance,20,2.4298501474423717,2.4528197550342563,2.086317670750824,2.765740845900134,2.4556079329481686,2.4298501474423717,Before the historical event,Event not experienced
2.1399999999999997,0,0,0,Nuclear-family environmental variance,20,2.245648206844355,2.236401153854014,2.043799819098313,2.549239580127349,2.25,2.245648206844355,Before the historical event,Event not experienced
2.1399999999999997,0,0,0,Nonshared environmental variance,20,9.024555698111485,9.057704575595078,8.762020195697273,9.249570619264826,4,9.024555698111485,Before the historical event,Event not experienced
2.1399999999999997,0,0,0,Phenotypic variance,20,13.700054052398212,13.773877423240656,13.334582243450672,13.89457257660665,8.705607932948169,13.700054052398212,Before the historical event,Event not experienced
2.1399999999999997,0,1,0,Additive genetic variance,20,2.4298501474423717,2.4528197550342563,2.086317670750824,2.765740845900134,2.4556079329481686,2.4298501474423717,Before the historical event,Event experienced
2.1399999999999997,0,1,0,Nuclear-family environmental variance,20,2.245648206844355,2.236401153854014,2.043799819098313,2.549239580127349,2.25,2.245648206844355,Before the historical event,Event experienced
2.1399999999999997,0,1,0,Nonshared environmental variance,20,9.024555698111485,9.057704575595078,8.762020195697273,9.249570619264826,4,9.024555698111485,Before the historical event,Event experienced
2.1399999999999997,0,1,0,Phenotypic variance,20,13.700054052398212,13.773877423240656,13.334582243450672,13.89457257660665,8.705607932948169,13.700054052398212,Before the historical event,Event experienced
2.1399999999999997,1,0,0,Additive genetic variance,20,2.4298501474423717,2.4528197550342563,2.086317670750824,2.765740845900134,2.4556079329481686,2.4298501474423717,After the historical event,Event not experienced
2.1399999999999997,1,0,0,Nuclear-family environmental variance,20,2.245648206844355,2.236401153854014,2.043799819098313,2.549239580127349,2.25,2.245648206844355,After the historical event,Event not experienced
2.1399999999999997,1,0,0,Nonshared environmental variance,20,9.024555698111485,9.057704575595078,8.762020195697273,9.249570619264826,4,9.024555698111485,After the historical event,Event not experienced
2.1399999999999997,1,0,0,Phenotypic variance,20,13.700054052398212,13.773877423240656,13.334582243450672,13.89457257660665,8.705607932948169,13.700054052398212,After the historical event,Event not experienced
2.1399999999999997,1,1,1,Additive genetic variance,20,3.660439765726631,3.7499563453843696,2.714870983868522,4.3917616139352305,3.6633365620959064,3.660439765726631,After the historical event,Event experienced
2.1399999999999997,1,1,1,Nuclear-family environmental variance,20,2.2097459895721068,2.1813704488004086,1.8496353695076935,2.6820614290241163,2.25,2.2097459895721068,After the historical event,Event experienced
2.1399999999999997,1,1,1,Nonshared environmental variance,20,8.993719171264209,8.918820827841987,8.605753050875284,9.499050538937016,4,8.993719171264209,After the historical event,Event experienced
2.1399999999999997,1,1,1,Phenotypic variance,20,14.863904926562945,14.824457292944722,14.189473070300433,15.668262195222475,9.913336562095907,14.863904926562945,After the historical event,Event experienced
2.16,0,0,0,Additive genetic variance,20,2.3982576237703057,2.421815356517985,2.0563416951276032,2.7332219813893053,2.423406902591211,2.3982576237703057,Before the historical event,Event not experienced
2.16,0,0,0,Nuclear-family environmental variance,20,2.2461631767476655,2.2376432425469375,2.045456039100829,2.5491718770403007,2.25,2.2461631767476655,Before the historical event,Event not experienced
2.16,0,0,0,Nonshared environmental variance,20,9.023570792474867,9.056171804923354,8.761196243408229,9.249300921726409,4,9.023570792474867,Before the historical event,Event not experienced
2.16,0,0,0,Phenotypic variance,20,13.667991592992838,13.742313545021352,13.300201314185145,13.861068455228446,8.67340690259121,13.667991592992838,Before the historical event,Event not experienced
2.16,0,1,0,Additive genetic variance,20,2.3982576237703057,2.421815356517985,2.0563416951276032,2.7332219813893053,2.423406902591211,2.3982576237703057,Before the historical event,Event experienced
2.16,0,1,0,Nuclear-family environmental variance,20,2.2461631767476655,2.2376432425469375,2.045456039100829,2.5491718770403007,2.25,2.2461631767476655,Before the historical event,Event experienced
2.16,0,1,0,Nonshared environmental variance,20,9.023570792474867,9.056171804923354,8.761196243408229,9.249300921726409,4,9.023570792474867,Before the historical event,Event experienced
2.16,0,1,0,Phenotypic variance,20,13.667991592992838,13.742313545021352,13.300201314185145,13.861068455228446,8.67340690259121,13.667991592992838,Before the historical event,Event experienced
2.16,1,0,0,Additive genetic variance,20,2.3982576237703057,2.421815356517985,2.0563416951276032,2.7332219813893053,2.423406902591211,2.3982576237703057,After the historical event,Event not experienced
2.16,1,0,0,Nuclear-family environmental variance,20,2.2461631767476655,2.2376432425469375,2.045456039100829,2.5491718770403007,2.25,2.2461631767476655,After the historical event,Event not experienced
2.16,1,0,0,Nonshared environmental variance,20,9.023570792474867,9.056171804923354,8.761196243408229,9.249300921726409,4,9.023570792474867,After the historical event,Event not experienced
2.16,1,0,0,Phenotypic variance,20,13.667991592992838,13.742313545021352,13.300201314185145,13.861068455228446,8.67340690259121,13.667991592992838,After the historical event,Event not experienced
2.16,1,1,1,Additive genetic variance,20,3.6127439819763616,3.7011043577166975,2.678878953679238,4.335764849940093,3.6152982697199008,3.6127439819763616,After the historical event,Event experienced
2.16,1,1,1,Nuclear-family environmental variance,20,2.210196771167583,2.1824475766035984,1.850622663783625,2.6809951856010033,2.25,2.210196771167583,After the historical event,Event experienced
2.16,1,1,1,Nonshared environmental variance,20,8.99271639748425,8.917230038880998,8.607460309755163,9.497994370258773,4,8.99271639748425,After the historical event,Event experienced
2.16,1,1,1,Phenotypic variance,20,14.815657150628194,14.772730835971858,14.153191339482145,15.603898376180823,9.8652982697199,14.815657150628194,After the historical event,Event experienced
2.1799999999999997,0,0,0,Additive genetic variance,20,2.3667110407828442,2.39081520812025,2.02645737673058,2.700658162413651,2.391245502894094,2.3667110407828442,Before the historical event,Event not experienced
2.1799999999999997,0,0,0,Nuclear-family environmental variance,20,2.2466738917370095,2.2389078469210535,2.0471362237244315,2.549038251568681,2.25,2.2466738917370095,Before the historical event,Event not experienced
2.1799999999999997,0,0,0,Nonshared environmental variance,20,9.02257689432052,9.054619804286705,8.760400039674652,9.24898418600967,4,9.02257689432052,Before the historical event,Event not experienced
2.1799999999999997,0,0,0,Phenotypic variance,20,13.635961826840374,13.710753130108639,13.265981476690168,13.828181664982058,8.641245502894094,13.635961826840374,Before the historical event,Event not experienced
2.1799999999999997,0,1,0,Additive genetic variance,20,2.3667110407828442,2.39081520812025,2.02645737673058,2.700658162413651,2.391245502894094,2.3667110407828442,Before the historical event,Event experienced
2.1799999999999997,0,1,0,Nuclear-family environmental variance,20,2.2466738917370095,2.2389078469210535,2.0471362237244315,2.549038251568681,2.25,2.2466738917370095,Before the historical event,Event experienced
2.1799999999999997,0,1,0,Nonshared environmental variance,20,9.02257689432052,9.054619804286705,8.760400039674652,9.24898418600967,4,9.02257689432052,Before the historical event,Event experienced
2.1799999999999997,0,1,0,Phenotypic variance,20,13.635961826840374,13.710753130108639,13.265981476690168,13.828181664982058,8.641245502894094,13.635961826840374,Before the historical event,Event experienced
2.1799999999999997,1,0,0,Additive genetic variance,20,2.3667110407828442,2.39081520812025,2.02645737673058,2.700658162413651,2.391245502894094,2.3667110407828442,After the historical event,Event not experienced
2.1799999999999997,1,0,0,Nuclear-family environmental variance,20,2.2466738917370095,2.2389078469210535,2.0471362237244315,2.549038251568681,2.25,2.2466738917370095,After the historical event,Event not experienced
2.1799999999999997,1,0,0,Nonshared environmental variance,20,9.02257689432052,9.054619804286705,8.760400039674652,9.24898418600967,4,9.02257689432052,After the historical event,Event not experienced
2.1799999999999997,1,0,0,Phenotypic variance,20,13.635961826840374,13.710753130108639,13.265981476690168,13.828181664982058,8.641245502894094,13.635961826840374,After the historical event,Event not experienced
2.1799999999999997,1,1,1,Additive genetic variance,20,3.565119930785998,3.652342074773094,2.642965588251438,4.2798216995607605,3.5673190993410295,3.565119930785998,After the historical event,Event experienced
2.1799999999999997,1,1,1,Nuclear-family environmental variance,20,2.210642879623546,2.182906607974555,1.8516340067709707,2.67986801218876,2.25,2.210642879623546,After the historical event,Event experienced
2.1799999999999997,1,1,1,Nonshared environmental variance,20,8.9917048892803,8.915648995597511,8.609180189859995,9.49691271906331,4,8.9917048892803,After the historical event,Event experienced
2.1799999999999997,1,1,1,Phenotypic variance,20,14.767467699689844,14.718301474134723,14.111991179217373,15.539880873127327,9.817319099341029,14.767467699689844,After the historical event,Event experienced
2.2,0,0,0,Additive genetic variance,20,2.335219650569669,2.359829376327513,1.9966734008301779,2.6680603161748198,2.3591334304514016,2.335219650569669,Before the historical event,Event not experienced
2.2,0,0,0,Nuclear-family environmental variance,20,2.247180365111345,2.240194999003503,2.0488404294423814,2.548838720695274,2.25,2.247180365111345,Before the historical event,Event not experienced
2.2,0,0,0,Nonshared environmental variance,20,9.021574014917173,9.053048585723378,8.759631577675751,9.248620420949958,4,9.021574014917173,Before the historical event,Event not experienced
2.2,0,0,0,Phenotypic variance,20,13.603974030598186,13.678479981951508,13.231933108586222,13.79767289988733,8.6091334304514,13.603974030598186,Before the historical event,Event not experienced
2.2,0,1,0,Additive genetic variance,20,2.335219650569669,2.359829376327513,1.9966734008301779,2.6680603161748198,2.3591334304514016,2.335219650569669,Before the historical event,Event experienced
2.2,0,1,0,Nuclear-family environmental variance,20,2.247180365111345,2.240194999003503,2.0488404294423814,2.548838720695274,2.25,2.247180365111345,Before the historical event,Event experienced
2.2,0,1,0,Nonshared environmental variance,20,9.021574014917173,9.053048585723378,8.759631577675751,9.248620420949958,4,9.021574014917173,Before the historical event,Event experienced
2.2,0,1,0,Phenotypic variance,20,13.603974030598186,13.678479981951508,13.231933108586222,13.79767289988733,8.6091334304514,13.603974030598186,Before the historical event,Event experienced
2.2,1,0,0,Additive genetic variance,20,2.335219650569669,2.359829376327513,1.9966734008301779,2.6680603161748198,2.3591334304514016,2.335219650569669,After the historical event,Event not experienced
2.2,1,0,0,Nuclear-family environmental variance,20,2.247180365111345,2.240194999003503,2.0488404294423814,2.548838720695274,2.25,2.247180365111345,After the historical event,Event not experienced
2.2,1,0,0,Nonshared environmental variance,20,9.021574014917173,9.053048585723378,8.759631577675751,9.248620420949958,4,9.021574014917173,After the historical event,Event not experienced
2.2,1,0,0,Phenotypic variance,20,13.603974030598186,13.678479981951508,13.231933108586222,13.79767289988733,8.6091334304514,13.603974030598186,After the historical event,Event not experienced
2.2,1,1,1,Additive genetic variance,20,3.5175815636528363,3.6036828590802887,2.6071405867341246,4.2239490344656225,3.5194135165785756,3.5175815636528363,After the historical event,Event experienced
2.2,1,1,1,Nuclear-family environmental variance,20,2.2110843293477376,2.183390752809302,1.8526694469785094,2.678679979247911,2.25,2.2110843293477376,After the historical event,Event experienced
2.2,1,1,1,Nonshared environmental variance,20,8.990684657787932,8.914077699939101,8.610912716397866,9.49580560045331,4,8.990684657787932,After the historical event,Event experienced
2.2,1,1,1,Phenotypic variance,20,14.719350550788507,14.665703968516855,14.070441333976959,15.475961733532154,9.769413516578576,14.719350550788507,After the historical event,Event experienced
2.2199999999999998,0,0,0,Additive genetic variance,20,2.303792552114013,2.3288677877393624,1.9669982730166025,2.635439252305853,2.3270802288959955,2.303792552114013,Before the historical event,Event not experienced
2.2199999999999998,0,0,0,Nuclear-family environmental variance,20,2.247682611446411,2.241504731779764,2.0505687136147497,2.548573306628797,2.25,2.247682611446411,Before the historical event,Event not experienced
2.2199999999999998,0,0,0,Nonshared environmental variance,20,9.020562165993933,9.051458161435107,8.758890850897341,9.248209636222297,4,9.020562165993933,Before the historical event,Event not experienced
2.2199999999999998,0,0,0,Phenotypic variance,20,13.572037329554357,13.64545309447367,13.198066337867512,13.767119938847008,8.577080228895996,13.572037329554357,Before the historical event,Event not experienced
2.2199999999999998,0,1,0,Additive genetic variance,20,2.303792552114013,2.3288677877393624,1.9669982730166025,2.635439252305853,2.3270802288959955,2.303792552114013,Before the historical event,Event experienced
2.2199999999999998,0,1,0,Nuclear-family environmental variance,20,2.247682611446411,2.241504731779764,2.0505687136147497,2.548573306628797,2.25,2.247682611446411,Before the historical event,Event experienced
2.2199999999999998,0,1,0,Nonshared environmental variance,20,9.020562165993933,9.051458161435107,8.758890850897341,9.248209636222297,4,9.020562165993933,Before the historical event,Event experienced
2.2199999999999998,0,1,0,Phenotypic variance,20,13.572037329554357,13.64545309447367,13.198066337867512,13.767119938847008,8.577080228895996,13.572037329554357,Before the historical event,Event experienced
2.2199999999999998,1,0,0,Additive genetic variance,20,2.303792552114013,2.3288677877393624,1.9669982730166025,2.635439252305853,2.3270802288959955,2.303792552114013,After the historical event,Event not experienced
2.2199999999999998,1,0,0,Nuclear-family environmental variance,20,2.247682611446411,2.241504731779764,2.0505687136147497,2.548573306628797,2.25,2.247682611446411,After the historical event,Event not experienced
2.2199999999999998,1,0,0,Nonshared environmental variance,20,9.020562165993933,9.051458161435107,8.758890850897341,9.248209636222297,4,9.020562165993933,After the historical event,Event not experienced
2.2199999999999998,1,0,0,Phenotypic variance,20,13.572037329554357,13.64545309447367,13.198066337867512,13.767119938847008,8.577080228895996,13.572037329554357,After the historical event,Event not experienced
2.2199999999999998,1,1,1,Additive genetic variance,20,3.470142599279674,3.555139849600507,2.5714134779212934,4.168163462496319,3.471595758859747,3.470142599279674,After the historical event,Event experienced
2.2199999999999998,1,1,1,Nuclear-family environmental variance,20,2.2115211360238094,2.1839000374750706,1.8537290340377086,2.677431161758684,2.25,2.2115211360238094,After the historical event,Event experienced
2.2199999999999998,1,1,1,Nonshared environmental variance,20,8.989655714599216,8.912516154073986,8.612657915119243,9.494673030279458,4,8.989655714599216,After the historical event,Event experienced
2.2199999999999998,1,1,1,Phenotypic variance,20,14.6713194499027,14.623913431734401,14.0290529356956,15.416968583287971,9.721595758859747,14.6713194499027,After the historical event,Event experienced
2.24,0,0,0,Additive genetic variance,20,2.272438687651127,2.297940224393476,1.9374403161427818,2.6028056573442853,2.2950952848869286,2.272438687651127,Before the historical event,Event not experienced
2.24,0,0,0,Nuclear-family environmental variance,20,2.2481806465949754,2.2428370791958527,2.0523211344918155,2.5482420368000955,2.25,2.2481806465949754,Before the historical event,Event not experienced
2.24,0,0,0,Nonshared environmental variance,20,9.019541359740025,9.049848543786927,8.75817785313174,9.24775184234106,4,9.019541359740025,Before the historical event,Event not experienced
2.24,0,0,0,Phenotypic variance,20,13.540160693986127,13.612437932919033,13.164391039631894,13.736531418364052,8.545095284886928,13.540160693986127,Before the historical event,Event not experienced
2.24,0,1,0,Additive genetic variance,20,2.272438687651127,2.297940224393476,1.9374403161427818,2.6028056573442853,2.2950952848869286,2.272438687651127,Before the historical event,Event experienced
2.24,0,1,0,Nuclear-family environmental variance,20,2.2481806465949754,2.2428370791958527,2.0523211344918155,2.5482420368000955,2.25,2.2481806465949754,Before the historical event,Event experienced
2.24,0,1,0,Nonshared environmental variance,20,9.019541359740025,9.049848543786927,8.75817785313174,9.24775184234106,4,9.019541359740025,Before the historical event,Event experienced
2.24,0,1,0,Phenotypic variance,20,13.540160693986127,13.612437932919033,13.164391039631894,13.736531418364052,8.545095284886928,13.540160693986127,Before the historical event,Event experienced
2.24,1,0,0,Additive genetic variance,20,2.272438687651127,2.297940224393476,1.9374403161427818,2.6028056573442853,2.2950952848869286,2.272438687651127,After the historical event,Event not experienced
2.24,1,0,0,Nuclear-family environmental variance,20,2.2481806465949754,2.2428370791958527,2.0523211344918155,2.5482420368000955,2.25,2.2481806465949754,After the historical event,Event not experienced
2.24,1,0,0,Nonshared environmental variance,20,9.019541359740025,9.049848543786927,8.75817785313174,9.24775184234106,4,9.019541359740025,After the historical event,Event not experienced
2.24,1,0,0,Phenotypic variance,20,13.540160693986127,13.612437932919033,13.164391039631894,13.736531418364052,8.545095284886928,13.540160693986127,After the historical event,Event not experienced
2.24,1,1,1,Additive genetic variance,20,3.42281651810955,3.5067259568393316,2.5357936168532533,4.112481320778061,3.4238798294343478,3.42281651810955,After the historical event,Event experienced
2.24,1,1,1,Nuclear-family environmental variance,20,2.2119533166113405,2.1843514058461198,1.85481281870698,2.676121639212396,2.25,2.2119533166113405,After the historical event,Event experienced
2.24,1,1,1,Nonshared environmental variance,20,8.988618071762438,8.910964360390825,8.614415812317768,9.4935150251398,4,8.988618071762438,After the historical event,Event experienced
2.24,1,1,1,Phenotypic variance,20,14.623387906483329,14.582151141977306,13.987837958940762,15.361359321139979,9.673879829434348,14.623387906483329,After the historical event,Event experienced
2.26,0,0,0,Additive genetic variance,20,2.241166839203935,2.267056319273764,1.908007667468814,2.5703180421218867,2.263187824276274,2.241166839203935,Before the historical event,Event not experienced
2.26,0,0,0,Nuclear-family environmental variance,20,2.248674487687018,2.2441920761605987,2.0540977512175265,2.5478449438576383,2.25,2.248674487687018,Before the historical event,Event not experienced
2.26,0,0,0,Nonshared environmental variance,20,9.018511608804529,9.048219745306989,8.757492578477631,9.247247050659514,4,9.018511608804529,Before the historical event,Event not experienced
2.26,0,0,0,Phenotypic variance,20,13.508352935695482,13.579444642000826,13.130916833092618,13.705915881622687,8.513187824276274,13.508352935695482,Before the historical event,Event not experienced
2.26,0,1,0,Additive genetic variance,20,2.241166839203935,2.267056319273764,1.908007667468814,2.5703180421218867,2.263187824276274,2.241166839203935,Before the historical event,Event experienced
2.26,0,1,0,Nuclear-family environmental variance,20,2.248674487687018,2.2441920761605987,2.0540977512175265,2.5478449438576383,2.25,2.248674487687018,Before the historical event,Event experienced
2.26,0,1,0,Nonshared environmental variance,20,9.018511608804529,9.048219745306989,8.757492578477631,9.247247050659514,4,9.018511608804529,Before the historical event,Event experienced
2.26,0,1,0,Phenotypic variance,20,13.508352935695482,13.579444642000826,13.130916833092618,13.705915881622687,8.513187824276274,13.508352935695482,Before the historical event,Event experienced
2.26,1,0,0,Additive genetic variance,20,2.241166839203935,2.267056319273764,1.908007667468814,2.5703180421218867,2.263187824276274,2.241166839203935,After the historical event,Event not experienced
2.26,1,0,0,Nuclear-family environmental variance,20,2.248674487687018,2.2441920761605987,2.0540977512175265,2.5478449438576383,2.25,2.248674487687018,After the historical event,Event not experienced
2.26,1,0,0,Nonshared environmental variance,20,9.018511608804529,9.048219745306989,8.757492578477631,9.247247050659514,4,9.018511608804529,After the historical event,Event not experienced
2.26,1,0,0,Phenotypic variance,20,13.508352935695482,13.579444642000826,13.130916833092618,13.705915881622687,8.513187824276274,13.508352935695482,After the historical event,Event not experienced
2.26,1,1,1,Additive genetic variance,20,3.3756165571294887,3.458453858190972,2.500290181594287,4.056918669144602,3.376279491656357,3.3756165571294887,After the historical event,Event experienced
2.26,1,1,1,Nuclear-family environmental variance,20,2.2123808893457855,2.18474175449127,1.8559208528760256,2.6747514956022416,2.25,2.2123808893457855,After the historical event,Event experienced
2.26,1,1,1,Nonshared environmental variance,20,8.98757174178185,8.909422321498676,8.61618643483098,9.492331602379078,4,8.98757174178185,After the historical event,Event experienced
2.26,1,1,1,Phenotypic variance,20,14.575569188257123,14.540428348506076,13.946808112825622,15.306255386510003,9.626279491656357,14.575569188257123,After the historical event,Event experienced
2.2800000000000002,0,0,0,Additive genetic variance,20,2.2099856252966137,2.2362255520036287,1.8787082760077016,2.5379633549049405,2.2313669084560694,2.2099856252966137,Before the historical event,Event not experienced
2.2800000000000002,0,0,0,Nuclear-family environmental variance,20,2.2491641531298456,2.2455697585479966,2.055898623833011,2.5473820656623034,2.25,2.2491641531298456,Before the historical event,Event not experienced
2.2800000000000002,0,0,0,Nonshared environmental variance,20,9.017472926296112,9.04657177868635,8.756835021340008,9.246695273369413,4,9.017472926296112,Before the historical event,Event not experienced
2.2800000000000002,0,0,0,Phenotypic variance,20,13.47662270472257,13.546301680981937,13.097653078870602,13.675281774808965,8.481366908456069,13.47662270472257,Before the historical event,Event not experienced
2.2800000000000002,0,1,0,Additive genetic variance,20,2.2099856252966137,2.2362255520036287,1.8787082760077016,2.5379633549049405,2.2313669084560694,2.2099856252966137,Before the historical event,Event experienced
2.2800000000000002,0,1,0,Nuclear-family environmental variance,20,2.2491641531298456,2.2455697585479966,2.055898623833011,2.5473820656623034,2.25,2.2491641531298456,Before the historical event,Event experienced
2.2800000000000002,0,1,0,Nonshared environmental variance,20,9.017472926296112,9.04657177868635,8.756835021340008,9.246695273369413,4,9.017472926296112,Before the historical event,Event experienced
2.2800000000000002,0,1,0,Phenotypic variance,20,13.47662270472257,13.546301680981937,13.097653078870602,13.675281774808965,8.481366908456069,13.47662270472257,Before the historical event,Event experienced
2.2800000000000002,1,0,0,Additive genetic variance,20,2.2099856252966137,2.2362255520036287,1.8787082760077016,2.5379633549049405,2.2313669084560694,2.2099856252966137,After the historical event,Event not experienced
2.2800000000000002,1,0,0,Nuclear-family environmental variance,20,2.2491641531298456,2.2455697585479966,2.055898623833011,2.5473820656623034,2.25,2.2491641531298456,After the historical event,Event not experienced
2.2800000000000002,1,0,0,Nonshared environmental variance,20,9.017472926296112,9.04657177868635,8.756835021340008,9.246695273369413,4,9.017472926296112,After the historical event,Event not experienced
2.2800000000000002,1,0,0,Phenotypic variance,20,13.47662270472257,13.546301680981937,13.097653078870602,13.675281774808965,8.481366908456069,13.47662270472257,After the historical event,Event not experienced
2.2800000000000002,1,1,1,Additive genetic variance,20,3.3285557049443324,3.410335993521855,2.4628380160858097,4.001491283879544,3.3288082635342127,3.3285557049443324,After the historical event,Event experienced
2.2800000000000002,1,1,1,Nuclear-family environmental variance,20,2.212803873738351,2.185145540617861,1.857053189570287,2.673320819413485,2.25,2.212803873738351,After the historical event,Event experienced
2.2800000000000002,1,1,1,Nonshared environmental variance,20,8.986516737617382,8.907890040226835,8.617969810041139,9.491122780088023,4,8.986516737617382,After the historical event,Event experienced
2.2800000000000002,1,1,1,Phenotypic variance,20,14.527876316300066,14.494871613934073,13.905974837204438,15.251279939707679,9.578808263534214,14.527876316300066,After the historical event,Event experienced
2.3,0,0,0,Additive genetic variance,20,2.1789034978467186,2.2054572447260834,1.849549900072002,2.505625153445652,2.1996414308864063,2.1789034978467186,Before the historical event,Event not experienced
2.3,0,0,0,Nuclear-family environmental variance,20,2.2496496626081397,2.2469701631996406,2.0577238132801523,2.5468534452814646,2.25,2.2496496626081397,Before the historical event,Event not experienced
2.3,0,0,0,Nonshared environmental variance,20,9.016425325782729,9.044904656778785,8.756205176430054,9.246096523500533,4,9.016425325782729,Before the historical event,Event not experienced
2.3,0,0,0,Phenotypic variance,20,13.444978486237588,13.511842573839115,13.064608876565512,13.644637443545609,8.449641430886405,13.444978486237588,Before the historical event,Event not experienced
2.3,0,1,0,Additive genetic variance,20,2.1789034978467186,2.2054572447260834,1.849549900072002,2.505625153445652,2.1996414308864063,2.1789034978467186,Before the historical event,Event experienced
2.3,0,1,0,Nuclear-family environmental variance,20,2.2496496626081397,2.2469701631996406,2.0577238132801523,2.5468534452814646,2.25,2.2496496626081397,Before the historical event,Event experienced
2.3,0,1,0,Nonshared environmental variance,20,9.016425325782729,9.044904656778785,8.756205176430054,9.246096523500533,4,9.016425325782729,Before the historical event,Event experienced
2.3,0,1,0,Phenotypic variance,20,13.444978486237588,13.511842573839115,13.064608876565512,13.644637443545609,8.449641430886405,13.444978486237588,Before the historical event,Event experienced
2.3,1,0,0,Additive genetic variance,20,2.1789034978467186,2.2054572447260834,1.849549900072002,2.505625153445652,2.1996414308864063,2.1789034978467186,After the historical event,Event not experienced
2.3,1,0,0,Nuclear-family environmental variance,20,2.2496496626081397,2.2469701631996406,2.0577238132801523,2.5468534452814646,2.25,2.2496496626081397,After the historical event,Event not experienced
2.3,1,0,0,Nonshared environmental variance,20,9.016425325782729,9.044904656778785,8.756205176430054,9.246096523500533,4,9.016425325782729,After the historical event,Event not experienced
2.3,1,0,0,Phenotypic variance,20,13.444978486237588,13.511842573839115,13.064608876565512,13.644637443545609,8.449641430886405,13.444978486237588,After the historical event,Event not experienced
2.3,1,1,1,Additive genetic variance,20,3.2816466971215177,3.3623845609933563,2.4249528676546603,3.9462146517754757,3.2814794125513247,3.2816466971215177,After the historical event,Event experienced
2.3,1,1,1,Nuclear-family environmental variance,20,2.213222290575802,2.1855627622573373,1.85820988295549,2.6718297036130525,2.25,2.213222290575802,After the historical event,Event experienced
2.3,1,1,1,Nonshared environmental variance,20,8.98545307268437,8.906367519624759,8.619765965875978,9.489888577102624,4,8.98545307268437,After the historical event,Event experienced
2.3,1,1,1,Phenotypic variance,20,14.48032206038169,14.448049145862608,13.865349299157913,15.196384712011987,9.531479412551324,14.48032206038169,After the historical event,Event experienced
2.3200000000000003,0,0,0,Additive genetic variance,20,2.147928739236174,2.1747605581721956,1.8205401050207142,2.473313403664732,2.168020113805423,2.147928739236174,Before the historical event,Event not experienced
2.3200000000000003,0,0,0,Nuclear-family environmental variance,20,2.2501310370839365,2.2483933279272255,2.0591942888691577,2.5462591309823766,2.25,2.2501310370839365,Before the historical event,Event not experienced
2.3200000000000003,0,0,0,Nonshared environmental variance,20,9.015368821291357,9.043218392600592,8.755603038765074,9.245450814920172,4,9.015368821291357,Before the historical event,Event not experienced
2.3200000000000003,0,0,0,Phenotypic variance,20,13.41342859761147,13.477474181249626,13.031793062603768,13.613991129442642,8.418020113805422,13.41342859761147,Before the historical event,Event not experienced
2.3200000000000003,0,1,0,Additive genetic variance,20,2.147928739236174,2.1747605581721956,1.8205401050207142,2.473313403664732,2.168020113805423,2.147928739236174,Before the historical event,Event experienced
2.3200000000000003,0,1,0,Nuclear-family environmental variance,20,2.2501310370839365,2.2483933279272255,2.0591942888691577,2.5462591309823766,2.25,2.2501310370839365,Before the historical event,Event experienced
2.3200000000000003,0,1,0,Nonshared environmental variance,20,9.015368821291357,9.043218392600592,8.755603038765074,9.245450814920172,4,9.015368821291357,Before the historical event,Event experienced
2.3200000000000003,0,1,0,Phenotypic variance,20,13.41342859761147,13.477474181249626,13.031793062603768,13.613991129442642,8.418020113805422,13.41342859761147,Before the historical event,Event experienced
2.3200000000000003,1,0,0,Additive genetic variance,20,2.147928739236174,2.1747605581721956,1.8205401050207142,2.473313403664732,2.168020113805423,2.147928739236174,After the historical event,Event not experienced
2.3200000000000003,1,0,0,Nuclear-family environmental variance,20,2.2501310370839365,2.2483933279272255,2.0591942888691577,2.5462591309823766,2.25,2.2501310370839365,After the historical event,Event not experienced
2.3200000000000003,1,0,0,Nonshared environmental variance,20,9.015368821291357,9.043218392600592,8.755603038765074,9.245450814920172,4,9.015368821291357,After the historical event,Event not experienced
2.3200000000000003,1,0,0,Phenotypic variance,20,13.41342859761147,13.477474181249626,13.031793062603768,13.613991129442642,8.418020113805422,13.41342859761147,After the historical event,Event not experienced
2.3200000000000003,1,1,1,Additive genetic variance,20,3.2349020118072214,3.31461151312406,2.3872537980228445,3.891103964511891,3.234305950757968,3.2349020118072214,After the historical event,Event experienced
2.3200000000000003,1,1,1,Nuclear-family environmental variance,20,2.2136361619201965,2.1859934177313978,1.8593909883422861,2.6702782456385386,2.25,2.2136361619201965,After the historical event,Event experienced
2.3200000000000003,1,1,1,Nonshared environmental variance,20,8.984380760853261,8.904854762961921,8.621501969698178,9.488629013003408,4,8.984380760853261,After the historical event,Event experienced
2.3200000000000003,1,1,1,Phenotypic variance,20,14.432918934580679,14.401327262385614,13.8249423897675,15.14158534142283,9.484305950757967,14.432918934580679,After the historical event,Event experienced
2.34,0,0,0,Additive genetic variance,20,2.117069459561331,2.1441444879191254,1.7916862612055775,2.4410379280289543,2.1365115051218235,2.117069459561331,Before the historical event,Event not experienced
2.34,0,0,0,Nuclear-family environmental variance,20,2.2506082987965472,2.2498392915151344,2.0600755022999038,2.5455991762248624,2.25,2.2506082987965472,Before the historical event,Event not experienced
2.34,0,0,0,Nonshared environmental variance,20,9.014303427307683,9.041512999330376,8.755028603668393,9.244758162332644,4,9.014303427307683,Before the historical event,Event not experienced
2.34,0,0,0,Phenotypic variance,20,13.38198118566556,13.443206554603345,12.999214208361169,13.583350966765458,8.386511505121824,13.38198118566556,Before the historical event,Event not experienced
2.34,0,1,0,Additive genetic variance,20,2.117069459561331,2.1441444879191254,1.7916862612055775,2.4410379280289543,2.1365115051218235,2.117069459561331,Before the historical event,Event experienced
2.34,0,1,0,Nuclear-family environmental variance,20,2.2506082987965472,2.2498392915151344,2.0600755022999038,2.5455991762248624,2.25,2.2506082987965472,Before the historical event,Event experienced
2.34,0,1,0,Nonshared environmental variance,20,9.014303427307683,9.041512999330376,8.755028603668393,9.244758162332644,4,9.014303427307683,Before the historical event,Event experienced
2.34,0,1,0,Phenotypic variance,20,13.38198118566556,13.443206554603345,12.999214208361169,13.583350966765458,8.386511505121824,13.38198118566556,Before the historical event,Event experienced
2.34,1,0,0,Additive genetic variance,20,2.117069459561331,2.1441444879191254,1.7916862612055775,2.4410379280289543,2.1365115051218235,2.117069459561331,After the historical event,Event not experienced
2.34,1,0,0,Nuclear-family environmental variance,20,2.2506082987965472,2.2498392915151344,2.0600755022999038,2.5455991762248624,2.25,2.2506082987965472,After the historical event,Event not experienced
2.34,1,0,0,Nonshared environmental variance,20,9.014303427307683,9.041512999330376,8.755028603668393,9.244758162332644,4,9.014303427307683,After the historical event,Event not experienced
2.34,1,0,0,Phenotypic variance,20,13.38198118566556,13.443206554603345,12.999214208361169,13.583350966765458,8.386511505121824,13.38198118566556,After the historical event,Event not experienced
2.34,1,1,1,Additive genetic variance,20,3.188333865614111,3.267028553091821,2.3497504899431747,3.836174113352607,3.18730063013546,3.188333865614111,After the historical event,Event experienced
2.34,1,1,1,Nuclear-family environmental variance,20,2.2140455111085533,2.18643750565172,1.8605965621909974,2.6686665473866196,2.25,2.2140455111085533,After the historical event,Event experienced
2.34,1,1,1,Nonshared environmental variance,20,8.983299816449305,8.903978100551589,8.623155313192179,9.487344108114627,4,8.983299816449305,After the historical event,Event experienced
2.34,1,1,1,Phenotypic variance,20,14.38567919317197,14.354717198891768,13.784764721177364,15.086897185645027,9.43730063013546,14.38567919317197,After the historical event,Event experienced
2.3600000000000003,0,0,0,Additive genetic variance,20,2.086333594061988,2.115819837113172,1.7629955421156351,2.408808401189815,2.1051239754902435,2.086333594061988,Before the historical event,Event not experienced
2.3600000000000003,0,0,0,Nuclear-family environmental variance,20,2.251081471262404,2.2513080937230994,2.06079828182385,2.5448736396532983,2.25,2.251081471262404,Before the historical event,Event not experienced
2.3600000000000003,0,0,0,Nonshared environmental variance,20,9.013229158775802,9.039788490308858,8.754481866769314,9.244018581278711,4,9.013229158775802,Before the historical event,Event not experienced
2.3600000000000003,0,0,0,Phenotypic variance,20,13.350644224100193,13.409049537823865,12.966880618557513,13.552724979221619,8.355123975490244,13.350644224100193,Before the historical event,Event not experienced
2.3600000000000003,0,1,0,Additive genetic variance,20,2.086333594061988,2.115819837113172,1.7629955421156351,2.408808401189815,2.1051239754902435,2.086333594061988,Before the historical event,Event experienced
2.3600000000000003,0,1,0,Nuclear-family environmental variance,20,2.251081471262404,2.2513080937230994,2.06079828182385,2.5448736396532983,2.25,2.251081471262404,Before the historical event,Event experienced
2.3600000000000003,0,1,0,Nonshared environmental variance,20,9.013229158775802,9.039788490308858,8.754481866769314,9.244018581278711,4,9.013229158775802,Before the historical event,Event experienced
2.3600000000000003,0,1,0,Phenotypic variance,20,13.350644224100193,13.409049537823865,12.966880618557513,13.552724979221619,8.355123975490244,13.350644224100193,Before the historical event,Event experienced
2.3600000000000003,1,0,0,Additive genetic variance,20,2.086333594061988,2.115819837113172,1.7629955421156351,2.408808401189815,2.1051239754902435,2.086333594061988,After the historical event,Event not experienced
2.3600000000000003,1,0,0,Nuclear-family environmental variance,20,2.251081471262404,2.2513080937230994,2.06079828182385,2.5448736396532983,2.25,2.251081471262404,After the historical event,Event not experienced
2.3600000000000003,1,0,0,Nonshared environmental variance,20,9.013229158775802,9.039788490308858,8.754481866769314,9.244018581278711,4,9.013229158775802,After the historical event,Event not experienced
2.3600000000000003,1,0,0,Phenotypic variance,20,13.350644224100193,13.409049537823865,12.966880618557513,13.552724979221619,8.355123975490244,13.350644224100193,After the historical event,Event not experienced
2.3600000000000003,1,1,1,Additive genetic variance,20,3.1419542097804833,3.219647131275532,2.312452372863318,3.7814396841628932,3.140475938233121,3.1419542097804833,After the historical event,Event experienced
2.3600000000000003,1,1,1,Nuclear-family environmental variance,20,2.2144503627524466,2.1868950249196897,1.8618266621164554,2.6669947152008726,2.25,2.2144503627524466,After the historical event,Event experienced
2.3600000000000003,1,1,1,Nonshared environmental variance,20,8.982210254252267,8.903340505594997,8.62481776117425,9.486033883503492,4,8.982210254252267,After the historical event,Event experienced
2.3600000000000003,1,1,1,Phenotypic variance,20,14.338614826785198,14.308229972023765,13.744826623942421,15.032335316136914,9.39047593823312,14.338614826785198,After the historical event,Event experienced
2.38,0,0,0,Additive genetic variance,20,2.055728900729177,2.087599936696374,1.734474922718801,2.3766343457998578,2.0738657155696565,2.055728900729177,Before the historical event,Event not experienced
2.38,0,0,0,Nuclear-family environmental variance,20,2.2515505792748476,2.252799775288941,2.0604270040977486,2.5440825850879056,2.25,2.2515505792748476,Before the historical event,Event not experienced
2.38,0,0,0,Nonshared environmental variance,20,9.012146031097906,9.038044879038646,8.75396282400302,9.243232088135048,4,9.012146031097906,Before the historical event,Event not experienced
2.38,0,0,0,Phenotypic variance,20,13.319425511101931,13.375012763667932,12.934800329920385,13.522121076867702,8.323865715569656,13.319425511101931,Before the historical event,Event not experienced
2.38,0,1,0,Additive genetic variance,20,2.055728900729177,2.087599936696374,1.734474922718801,2.3766343457998578,2.0738657155696565,2.055728900729177,Before the historical event,Event experienced
2.38,0,1,0,Nuclear-family environmental variance,20,2.2515505792748476,2.252799775288941,2.0604270040977486,2.5440825850879056,2.25,2.2515505792748476,Before the historical event,Event experienced
2.38,0,1,0,Nonshared environmental variance,20,9.012146031097906,9.038044879038646,8.75396282400302,9.243232088135048,4,9.012146031097906,Before the historical event,Event experienced
2.38,0,1,0,Phenotypic variance,20,13.319425511101931,13.375012763667932,12.934800329920385,13.522121076867702,8.323865715569656,13.319425511101931,Before the historical event,Event experienced
2.38,1,0,0,Additive genetic variance,20,2.055728900729177,2.087599936696374,1.734474922718801,2.3766343457998578,2.0738657155696565,2.055728900729177,After the historical event,Event not experienced
2.38,1,0,0,Nuclear-family environmental variance,20,2.2515505792748476,2.252799775288941,2.0604270040977486,2.5440825850879056,2.25,2.2515505792748476,After the historical event,Event not experienced
2.38,1,0,0,Nonshared environmental variance,20,9.012146031097906,9.038044879038646,8.75396282400302,9.243232088135048,4,9.012146031097906,After the historical event,Event not experienced
2.38,1,0,0,Phenotypic variance,20,13.319425511101931,13.375012763667932,12.934800329920385,13.522121076867702,8.323865715569656,13.319425511101931,After the historical event,Event not experienced
2.38,1,1,1,Additive genetic variance,20,3.095774726600413,3.1724784420363403,2.275368620653307,3.7269149527462897,3.093844094078299,3.095774726600413,After the historical event,Event experienced
2.38,1,1,1,Nuclear-family environmental variance,20,2.2148507427375326,2.1873659747261542,1.8630813468929448,2.665262859859017,2.25,2.2148507427375326,After the historical event,Event experienced
2.38,1,1,1,Nonshared environmental variance,20,8.981112089496097,8.902727697726228,8.626489340870531,9.484698360979323,4,8.981112089496097,After the historical event,Event experienced
2.38,1,1,1,Phenotypic variance,20,14.291737558834043,14.261876376332527,13.70513814466043,14.977914512483533,9.3438440940783,14.291737558834043,After the historical event,Event experienced
2.4000000000000004,0,0,0,Additive genetic variance,20,2.0252629580912123,2.0593813465613726,1.7061311779988464,2.3445251285082342,2.042744733464751,2.0252629580912123,Before the historical event,Event not experienced
2.4000000000000004,0,0,0,Nuclear-family environmental variance,20,2.2520156489038468,2.253382570514799,2.0600649117526184,2.543226081515347,2.25,2.2520156489038468,Before the historical event,Event not experienced
2.4000000000000004,0,0,0,Nonshared environmental variance,20,9.011054060133967,9.036282179184052,8.75347147161054,9.242398700113604,4,9.011054060133967,Before the historical event,Event not experienced
2.4000000000000004,0,0,0,Phenotypic variance,20,13.288332667129026,13.341105650264215,12.902981110114819,13.491547053137335,8.292744733464751,13.288332667129026,Before the historical event,Event not experienced
2.4000000000000004,0,1,0,Additive genetic variance,20,2.0252629580912123,2.0593813465613726,1.7061311779988464,2.3445251285082342,2.042744733464751,2.0252629580912123,Before the historical event,Event experienced
2.4000000000000004,0,1,0,Nuclear-family environmental variance,20,2.2520156489038468,2.253382570514799,2.0600649117526184,2.543226081515347,2.25,2.2520156489038468,Before the historical event,Event experienced
2.4000000000000004,0,1,0,Nonshared environmental variance,20,9.011054060133967,9.036282179184052,8.75347147161054,9.242398700113604,4,9.011054060133967,Before the historical event,Event experienced
2.4000000000000004,0,1,0,Phenotypic variance,20,13.288332667129026,13.341105650264215,12.902981110114819,13.491547053137335,8.292744733464751,13.288332667129026,Before the historical event,Event experienced
2.4000000000000004,1,0,0,Additive genetic variance,20,2.0252629580912123,2.0593813465613726,1.7061311779988464,2.3445251285082342,2.042744733464751,2.0252629580912123,After the historical event,Event not experienced
2.4000000000000004,1,0,0,Nuclear-family environmental variance,20,2.2520156489038468,2.253382570514799,2.0600649117526184,2.543226081515347,2.25,2.2520156489038468,After the historical event,Event not experienced
2.4000000000000004,1,0,0,Nonshared environmental variance,20,9.011054060133967,9.036282179184052,8.75347147161054,9.242398700113604,4,9.011054060133967,After the historical event,Event not experienced
2.4000000000000004,1,0,0,Phenotypic variance,20,13.288332667129026,13.341105650264215,12.902981110114819,13.491547053137335,8.292744733464751,13.288332667129026,After the historical event,Event not experienced
2.4000000000000004,1,1,1,Additive genetic variance,20,3.0498068261240947,3.1255334207377246,2.238508149586762,3.6726138805005935,3.04741704435935,3.0498068261240947,After the historical event,Event experienced
2.4000000000000004,1,1,1,Nuclear-family environmental variance,20,2.215246678223009,2.1878503545511743,1.8643606764592464,2.663471096559566,2.25,2.215246678223009,After the historical event,Event experienced
2.4000000000000004,1,1,1,Nonshared environmental variance,20,8.980005337868619,8.902706551900987,8.628170080027903,9.483337563092697,4,8.980005337868619,After the historical event,Event experienced
2.4000000000000004,1,1,1,Phenotypic variance,20,14.245058842215723,14.21566698114517,13.665709043885979,14.923649257095088,9.29741704435935,14.245058842215723,After the historical event,Event experienced
2.42,0,0,0,Additive genetic variance,20,1.9949431631773982,2.0297777426870605,1.6779708816861214,2.3124899561369556,2.0117688523500443,1.9949431631773982,Before the historical event,Event not experienced
2.42,0,0,0,Nuclear-family environmental variance,20,2.2524767074956524,2.253654644548524,2.059715682440233,2.5423042030786345,2.25,2.2524767074956524,Before the historical event,Event not experienced
2.42,0,0,0,Nonshared environmental variance,20,9.009953262201401,9.034500404570863,8.753007806138667,9.241518435261,4,9.009953262201401,Before the historical event,Event not experienced
2.42,0,0,0,Phenotypic variance,20,13.257373132874452,13.3073373978915,12.871430456935556,13.46101058199135,8.261768852350045,13.257373132874452,Before the historical event,Event not experienced
2.42,0,1,0,Additive genetic variance,20,1.9949431631773982,2.0297777426870605,1.6779708816861214,2.3124899561369556,2.0117688523500443,1.9949431631773982,Before the historical event,Event experienced
2.42,0,1,0,Nuclear-family environmental variance,20,2.2524767074956524,2.253654644548524,2.059715682440233,2.5423042030786345,2.25,2.2524767074956524,Before the historical event,Event experienced
2.42,0,1,0,Nonshared environmental variance,20,9.009953262201401,9.034500404570863,8.753007806138667,9.241518435261,4,9.009953262201401,Before the historical event,Event experienced
2.42,0,1,0,Phenotypic variance,20,13.257373132874452,13.3073373978915,12.871430456935556,13.46101058199135,8.261768852350045,13.257373132874452,Before the historical event,Event experienced
2.42,1,0,0,Additive genetic variance,20,1.9949431631773982,2.0297777426870605,1.6779708816861214,2.3124899561369556,2.0117688523500443,1.9949431631773982,After the historical event,Event not experienced
2.42,1,0,0,Nuclear-family environmental variance,20,2.2524767074956524,2.253654644548524,2.059715682440233,2.5423042030786345,2.25,2.2524767074956524,After the historical event,Event not experienced
2.42,1,0,0,Nonshared environmental variance,20,9.009953262201401,9.034500404570863,8.753007806138667,9.241518435261,4,9.009953262201401,After the historical event,Event not experienced
2.42,1,0,0,Phenotypic variance,20,13.257373132874452,13.3073373978915,12.871430456935556,13.46101058199135,8.261768852350045,13.257373132874452,After the historical event,Event not experienced
2.42,1,1,1,Additive genetic variance,20,3.0040616431273905,3.0788227410036746,2.2018796165737538,3.618550110392287,3.00120645988123,3.0040616431273905,After the historical event,Event experienced
2.42,1,1,1,Nuclear-family environmental variance,20,2.2156381976410047,2.1883481641637976,1.8656647119237806,2.661619544907897,2.25,2.2156381976410047,After the historical event,Event experienced
2.42,1,1,1,Nonshared environmental variance,20,8.978890015511194,8.903158370424695,8.629860006914797,9.48195151313459,4,8.978890015511194,After the historical event,Event experienced
2.42,1,1,1,Phenotypic variance,20,14.19858985627959,14.169612127646518,13.626548794323686,14.869553730231194,9.25120645988123,14.19858985627959,After the historical event,Event experienced
2.4400000000000004,0,0,0,Additive genetic variance,20,1.9647767296585166,1.9997327101959674,1.6500004051800232,2.2805378720389706,1.980945708276266,1.9647767296585166,Before the historical event,Event not experienced
2.4400000000000004,0,0,0,Nuclear-family environmental variance,20,2.252933783672392,2.253939421771272,2.0593886213474293,2.5413170290663363,2.25,2.252933783672392,Before the historical event,Event not experienced
2.4400000000000004,0,0,0,Nonshared environmental variance,20,9.008843654074743,9.032699569186125,8.752571824439944,9.240591312457866,4,9.008843654074743,Before the historical event,Event not experienced
2.4400000000000004,0,0,0,Phenotypic variance,20,13.22655416740565,13.273716985995907,12.840155597757931,13.430519215190973,8.230945708276266,13.22655416740565,Before the historical event,Event not experienced
2.4400000000000004,0,1,0,Additive genetic variance,20,1.9647767296585166,1.9997327101959674,1.6500004051800232,2.2805378720389706,1.980945708276266,1.9647767296585166,Before the historical event,Event experienced
2.4400000000000004,0,1,0,Nuclear-family environmental variance,20,2.252933783672392,2.253939421771272,2.0593886213474293,2.5413170290663363,2.25,2.252933783672392,Before the historical event,Event experienced
2.4400000000000004,0,1,0,Nonshared environmental variance,20,9.008843654074743,9.032699569186125,8.752571824439944,9.240591312457866,4,9.008843654074743,Before the historical event,Event experienced
2.4400000000000004,0,1,0,Phenotypic variance,20,13.22655416740565,13.273716985995907,12.840155597757931,13.430519215190973,8.230945708276266,13.22655416740565,Before the historical event,Event experienced
2.4400000000000004,1,0,0,Additive genetic variance,20,1.9647767296585166,1.9997327101959674,1.6500004051800232,2.2805378720389706,1.980945708276266,1.9647767296585166,After the historical event,Event not experienced
2.4400000000000004,1,0,0,Nuclear-family environmental variance,20,2.252933783672392,2.253939421771272,2.0593886213474293,2.5413170290663363,2.25,2.252933783672392,After the historical event,Event not experienced
2.4400000000000004,1,0,0,Nonshared environmental variance,20,9.008843654074743,9.032699569186125,8.752571824439944,9.240591312457866,4,9.008843654074743,After the historical event,Event not experienced
2.4400000000000004,1,0,0,Phenotypic variance,20,13.22655416740565,13.273716985995907,12.840155597757931,13.430519215190973,8.230945708276266,13.22655416740565,After the historical event,Event not experienced
2.4400000000000004,1,1,1,Additive genetic variance,20,2.9585500343491953,3.0323568122139104,2.1654914176428486,3.5647369632481807,2.955223732293013,2.9585500343491953,After the historical event,Event experienced
2.4400000000000004,1,1,1,Nuclear-family environmental variance,20,2.2160253306958997,2.1888594036218367,1.8669935155698545,2.6597083289017447,2.25,2.2160253306958997,After the historical event,Event experienced
2.4400000000000004,1,1,1,Nonshared environmental variance,20,8.97776613901839,8.903628794039108,8.631559150321934,9.480540235135443,4,8.97776613901839,After the historical event,Event experienced
2.4400000000000004,1,1,1,Phenotypic variance,20,14.152341504063486,14.124675813213361,13.587666579297917,14.815641805350857,9.205223732293014,14.152341504063486,After the historical event,Event experienced
2.46,0,0,0,Additive genetic variance,20,1.9347706861631109,1.9698332166936008,1.6222259166611164,2.2486777526390704,1.950282748158385,1.9347706861631109,Before the historical event,Event not experienced
2.46,0,0,0,Nuclear-family environmental variance,20,2.2533869073315937,2.254550256721243,2.0590837195095086,2.540264643901107,2.25,2.2533869073315937,Before the historical event,Event not experienced
2.46,0,0,0,Nonshared environmental variance,20,9.00772525298529,9.030879687177922,8.752163523672582,9.239617351418145,4,9.00772525298529,Before the historical event,Event not experienced
2.46,0,0,0,Phenotypic variance,20,13.195882846479995,13.240253170446572,12.809163489243613,13.400080379694742,8.200282748158385,13.195882846479995,Before the historical event,Event not experienced
2.46,0,1,0,Additive genetic variance,20,1.9347706861631109,1.9698332166936008,1.6222259166611164,2.2486777526390704,1.950282748158385,1.9347706861631109,Before the historical event,Event experienced
2.46,0,1,0,Nuclear-family environmental variance,20,2.2533869073315937,2.254550256721243,2.0590837195095086,2.540264643901107,2.25,2.2533869073315937,Before the historical event,Event experienced
2.46,0,1,0,Nonshared environmental variance,20,9.00772525298529,9.030879687177922,8.752163523672582,9.239617351418145,4,9.00772525298529,Before the historical event,Event experienced
2.46,0,1,0,Phenotypic variance,20,13.195882846479995,13.240253170446572,12.809163489243613,13.400080379694742,8.200282748158385,13.195882846479995,Before the historical event,Event experienced
2.46,1,0,0,Additive genetic variance,20,1.9347706861631109,1.9698332166936008,1.6222259166611164,2.2486777526390704,1.950282748158385,1.9347706861631109,After the historical event,Event not experienced
2.46,1,0,0,Nuclear-family environmental variance,20,2.2533869073315937,2.254550256721243,2.0590837195095086,2.540264643901107,2.25,2.2533869073315937,After the historical event,Event not experienced
2.46,1,0,0,Nonshared environmental variance,20,9.00772525298529,9.030879687177922,8.752163523672582,9.239617351418145,4,9.00772525298529,After the historical event,Event not experienced
2.46,1,0,0,Phenotypic variance,20,13.195882846479995,13.240253170446572,12.809163489243613,13.400080379694742,8.200282748158385,13.195882846479995,After the historical event,Event not experienced
2.46,1,1,1,Additive genetic variance,20,2.9132825759950465,2.986145777234903,2.1293516866697235,3.5111874343628604,2.9094799710863684,2.9132825759950465,After the historical event,Event experienced
2.46,1,1,1,Nuclear-family environmental variance,20,2.2164081083635803,2.1893840732716625,1.8683471508610103,2.6577375769161153,2.25,2.2164081083635803,After the historical event,Event experienced
2.46,1,1,1,Nonshared environmental variance,20,8.976633725437633,8.904117821954015,8.633267539563132,9.479103753864244,4,8.976633725437633,After the historical event,Event experienced
2.46,1,1,1,Phenotypic variance,20,14.106324409796262,14.082002294628731,13.549071291495753,14.761927044787878,9.159479971086368,14.106324409796262,After the historical event,Event experienced
2.4800000000000004,0,0,0,Additive genetic variance,20,1.9049318747683177,1.940086138250647,1.5946533803905436,2.216918304158308,1.919787227944425,1.9049318747683177,Before the historical event,Event not experienced
2.4800000000000004,0,0,0,Nuclear-family environmental variance,20,2.2538361096456545,2.255298065120992,2.0588009687066826,2.539147137127525,2.25,2.2538361096456545,Before the historical event,Event not experienced
2.4800000000000004,0,0,0,Nonshared environmental variance,20,9.006598076620769,9.02904077285518,8.751782901300462,9.23859657268841,4,9.006598076620769,Before the historical event,Event not experienced
2.4800000000000004,0,0,0,Phenotypic variance,20,13.16536606103474,13.207036488407223,12.778460817296825,13.369701375179755,8.169787227944425,13.16536606103474,Before the historical event,Event not experienced
2.4800000000000004,0,1,0,Additive genetic variance,20,1.9049318747683177,1.940086138250647,1.5946533803905436,2.216918304158308,1.919787227944425,1.9049318747683177,Before the historical event,Event experienced
2.4800000000000004,0,1,0,Nuclear-family environmental variance,20,2.2538361096456545,2.255298065120992,2.0588009687066826,2.539147137127525,2.25,2.2538361096456545,Before the historical event,Event experienced
2.4800000000000004,0,1,0,Nonshared environmental variance,20,9.006598076620769,9.02904077285518,8.751782901300462,9.23859657268841,4,9.006598076620769,Before the historical event,Event experienced
2.4800000000000004,0,1,0,Phenotypic variance,20,13.16536606103474,13.207036488407223,12.778460817296825,13.369701375179755,8.169787227944425,13.16536606103474,Before the historical event,Event experienced
2.4800000000000004,1,0,0,Additive genetic variance,20,1.9049318747683177,1.940086138250647,1.5946533803905436,2.216918304158308,1.919787227944425,1.9049318747683177,After the historical event,Event not experienced
2.4800000000000004,1,0,0,Nuclear-family environmental variance,20,2.2538361096456545,2.255298065120992,2.0588009687066826,2.539147137127525,2.25,2.2538361096456545,After the historical event,Event not experienced
2.4800000000000004,1,0,0,Nonshared environmental variance,20,9.006598076620769,9.02904077285518,8.751782901300462,9.23859657268841,4,9.006598076620769,After the historical event,Event not experienced
2.4800000000000004,1,0,0,Phenotypic variance,20,13.16536606103474,13.207036488407223,12.778460817296825,13.369701375179755,8.169787227944425,13.16536606103474,After the historical event,Event not experienced
2.4800000000000004,1,1,1,Additive genetic variance,20,2.8682695615050444,2.9401995103851695,2.0934682943494076,3.457914190420028,2.863986000863764,2.8682695615050444,After the historical event,Event experienced
2.4800000000000004,1,1,1,Nuclear-family environmental variance,20,2.216786562890627,2.189922173748008,1.8697256824464774,2.6557074216876275,2.25,2.216786562890627,After the historical event,Event experienced
2.4800000000000004,1,1,1,Nonshared environmental variance,20,8.97549279226886,8.904625453568933,8.634279283889578,9.477642094827583,4,8.97549279226886,After the historical event,Event experienced
2.4800000000000004,1,1,1,Phenotypic variance,20,14.06054891666453,14.03948765116133,13.510771531979875,14.708422695750961,9.113986000863765,14.06054891666453,After the historical event,Event experienced
2.5,0,0,0,Additive genetic variance,20,1.8752669496638983,1.9104981773044216,1.5672885561942456,2.1852680595224965,1.8894662109640588,1.8752669496638983,Before the historical event,Event not experienced
2.5,0,0,0,Nuclear-family environmental variance,20,2.254281423061239,2.2560758708924094,2.058540361463697,2.5379646033992476,2.25,2.254281423061239,Before the historical event,Event not experienced
2.5,0,0,0,Nonshared environmental variance,20,9.005462143124957,9.027182840687395,8.751429955093073,9.237528997647102,4,9.005462143124957,Before the historical event,Event not experienced
2.5,0,0,0,Phenotypic variance,20,13.135010515850093,13.178297630730409,12.748053997266581,13.339389371687709,8.13946621096406,13.135010515850093,Before the historical event,Event not experienced
2.5,0,1,0,Additive genetic variance,20,1.8752669496638983,1.9104981773044216,1.5672885561942456,2.1852680595224965,1.8894662109640588,1.8752669496638983,Before the historical event,Event experienced
2.5,0,1,0,Nuclear-family environmental variance,20,2.254281423061239,2.2560758708924094,2.058540361463697,2.5379646033992476,2.25,2.254281423061239,Before the historical event,Event experienced
2.5,0,1,0,Nonshared environmental variance,20,9.005462143124957,9.027182840687395,8.751429955093073,9.237528997647102,4,9.005462143124957,Before the historical event,Event experienced
2.5,0,1,0,Phenotypic variance,20,13.135010515850093,13.178297630730409,12.748053997266581,13.339389371687709,8.13946621096406,13.135010515850093,Before the historical event,Event experienced
2.5,1,0,0,Additive genetic variance,20,1.8752669496638983,1.9104981773044216,1.5672885561942456,2.1852680595224965,1.8894662109640588,1.8752669496638983,After the historical event,Event not experienced
2.5,1,0,0,Nuclear-family environmental variance,20,2.254281423061239,2.2560758708924094,2.058540361463697,2.5379646033992476,2.25,2.254281423061239,After the historical event,Event not experienced
2.5,1,0,0,Nonshared environmental variance,20,9.005462143124957,9.027182840687395,8.751429955093073,9.237528997647102,4,9.005462143124957,After the historical event,Event not experienced
2.5,1,0,0,Phenotypic variance,20,13.135010515850093,13.178297630730409,12.748053997266581,13.339389371687709,8.13946621096406,13.135010515850093,After the historical event,Event not experienced
2.5,1,1,1,Additive genetic variance,20,2.8235209995839594,2.8945276156331534,2.057848847409039,3.4051101907483794,2.818752358874854,2.8235209995839594,After the historical event,Event experienced
2.5,1,1,1,Nuclear-family environmental variance,20,2.217160727793432,2.190473705973782,1.8711291761667304,2.6536180002982834,2.25,2.217160727793432,After the historical event,Event experienced
2.5,1,1,1,Nonshared environmental variance,20,8.974343357464146,8.905151688473099,8.633681460076236,9.476155284268653,4,8.974343357464146,After the historical event,Event experienced
2.5,1,1,1,Phenotypic variance,20,14.015025084841538,13.997140088421798,13.472775609467707,14.655141686647458,9.068752358874853,14.015025084841538,After the historical event,Event experienced
2.5200000000000005,0,0,0,Additive genetic variance,20,1.8457823759878709,1.8810758612371612,1.5401369991292715,2.153735375455031,1.8593265664557523,1.8457823759878709,Before the historical event,Event not experienced
2.5200000000000005,0,0,0,Nuclear-family environmental variance,20,2.254722881298621,2.256883732837049,2.0583018910494975,2.5367171424654886,2.25,2.254722881298621,Before the historical event,Event not experienced
2.5200000000000005,0,0,0,Nonshared environmental variance,20,9.004317471097329,9.025305905304464,8.751104683125519,9.236414648503779,4,9.004317471097329,Before the historical event,Event not experienced
2.5200000000000005,0,0,0,Phenotypic variance,20,13.10482272838382,13.14968051900538,12.717949174390245,13.310129849803133,8.109326566455753,13.10482272838382,Before the historical event,Event not experienced
2.5200000000000005,0,1,0,Additive genetic variance,20,1.8457823759878709,1.8810758612371612,1.5401369991292715,2.153735375455031,1.8593265664557523,1.8457823759878709,Before the historical event,Event experienced
2.5200000000000005,0,1,0,Nuclear-family environmental variance,20,2.254722881298621,2.256883732837049,2.0583018910494975,2.5367171424654886,2.25,2.254722881298621,Before the historical event,Event experienced
2.5200000000000005,0,1,0,Nonshared environmental variance,20,9.004317471097329,9.025305905304464,8.751104683125519,9.236414648503779,4,9.004317471097329,Before the historical event,Event experienced
2.5200000000000005,0,1,0,Phenotypic variance,20,13.10482272838382,13.14968051900538,12.717949174390245,13.310129849803133,8.109326566455753,13.10482272838382,Before the historical event,Event experienced
2.5200000000000005,1,0,0,Additive genetic variance,20,1.8457823759878709,1.8810758612371612,1.5401369991292715,2.153735375455031,1.8593265664557523,1.8457823759878709,After the historical event,Event not experienced
2.5200000000000005,1,0,0,Nuclear-family environmental variance,20,2.254722881298621,2.256883732837049,2.0583018910494975,2.5367171424654886,2.25,2.254722881298621,After the historical event,Event not experienced
2.5200000000000005,1,0,0,Nonshared environmental variance,20,9.004317471097329,9.025305905304464,8.751104683125519,9.236414648503779,4,9.004317471097329,After the historical event,Event not experienced
2.5200000000000005,1,0,0,Phenotypic variance,20,13.10482272838382,13.14968051900538,12.717949174390245,13.310129849803133,8.109326566455753,13.10482272838382,After the historical event,Event not experienced
2.5200000000000005,1,1,1,Additive genetic variance,20,2.7790466124910536,2.8491394250257063,2.022500688057705,3.353153403503301,2.773789292819234,2.7790466124910536,After the historical event,Event experienced
2.5200000000000005,1,1,1,Nuclear-family environmental variance,20,2.2175306378572572,2.1910386711598973,1.8725576990591488,2.6514694541586716,2.25,2.2175306378572572,After the historical event,Event experienced
2.5200000000000005,1,1,1,Nonshared environmental variance,20,8.973185439427361,8.90569652644544,8.633066010889198,9.474643349166254,4,8.973185439427361,After the historical event,Event experienced
2.5200000000000005,1,1,1,Phenotypic variance,20,13.969762689775672,13.954967615571405,13.43461377226092,14.602096623729206,9.023789292819234,13.969762689775672,After the historical event,Event experienced
2.54,0,0,0,Additive genetic variance,20,1.8164844288320618,1.8518255411094162,1.513204059329359,2.122328429754167,1.8293749682710956,1.8164844288320618,Before the historical event,Event not experienced
2.54,0,0,0,Nuclear-family environmental variance,20,2.25516051935096,2.2577217111788332,2.0580855514769443,2.5354048591568104,2.25,2.25516051935096,Before the historical event,Event not experienced
2.54,0,0,0,Nonshared environmental variance,20,9.00316407959268,9.023409981496417,8.750807083778469,9.235253548298319,4,9.00316407959268,Before the historical event,Event not experienced
2.54,0,0,0,Phenotypic variance,20,13.074809027775704,13.121190515996744,12.68815222447352,13.281096781655371,8.079374968271097,13.074809027775704,Before the historical event,Event not experienced
2.54,0,1,0,Additive genetic variance,20,1.8164844288320618,1.8518255411094162,1.513204059329359,2.122328429754167,1.8293749682710956,1.8164844288320618,Before the historical event,Event experienced
2.54,0,1,0,Nuclear-family environmental variance,20,2.25516051935096,2.2577217111788332,2.0580855514769443,2.5354048591568104,2.25,2.25516051935096,Before the historical event,Event experienced
2.54,0,1,0,Nonshared environmental variance,20,9.00316407959268,9.023409981496417,8.750807083778469,9.235253548298319,4,9.00316407959268,Before the historical event,Event experienced
2.54,0,1,0,Phenotypic variance,20,13.074809027775704,13.121190515996744,12.68815222447352,13.281096781655371,8.079374968271097,13.074809027775704,Before the historical event,Event experienced
2.54,1,0,0,Additive genetic variance,20,1.8164844288320618,1.8518255411094162,1.513204059329359,2.122328429754167,1.8293749682710956,1.8164844288320618,After the historical event,Event not experienced
2.54,1,0,0,Nuclear-family environmental variance,20,2.25516051935096,2.2577217111788332,2.0580855514769443,2.5354048591568104,2.25,2.25516051935096,After the historical event,Event not experienced
2.54,1,0,0,Nonshared environmental variance,20,9.00316407959268,9.023409981496417,8.750807083778469,9.235253548298319,4,9.00316407959268,After the historical event,Event not experienced
2.54,1,0,0,Phenotypic variance,20,13.074809027775704,13.121190515996744,12.68815222447352,13.281096781655371,8.079374968271097,13.074809027775704,After the historical event,Event not experienced
2.54,1,1,1,Additive genetic variance,20,2.7348558345869938,2.804043997345067,1.9874308936698202,3.301491952492693,2.7291067589135354,2.7348558345869938,After the historical event,Event experienced
2.54,1,1,1,Nuclear-family environmental variance,20,2.217896329135219,2.191617070805108,1.8740113193637848,2.649261928990602,2.25,2.217896329135219,After the historical event,Event experienced
2.54,1,1,1,Nonshared environmental variance,20,8.972019057013773,8.90625996745456,8.632432938628988,9.473106317233743,4,8.972019057013773,After the historical event,Event experienced
2.54,1,1,1,Phenotypic variance,20,13.924771220735986,13.912978044075174,13.396620188184535,14.549299788058791,8.979106758913534,13.924771220735986,After the historical event,Event experienced
2.5600000000000005,0,0,0,Additive genetic variance,20,1.7873791924156348,1.8227533905472475,1.48649488202672,2.091055218754583,1.7996178937547236,1.7873791924156348,Before the historical event,Event not experienced
2.5600000000000005,0,0,0,Nuclear-family environmental variance,20,2.2555943734835195,2.25858986757014,2.057891337502559,2.534027863370251,2.25,2.2555943734835195,Before the historical event,Event not experienced
2.5600000000000005,0,0,0,Nonshared environmental variance,20,9.002001988120748,9.021495084213203,8.750537155738169,9.234045720900106,4,9.002001988120748,Before the historical event,Event not experienced
2.5600000000000005,0,0,0,Phenotypic variance,20,13.044975554019903,13.092832827991316,12.6586687548016,13.252141529675683,8.049617893754723,13.044975554019903,Before the historical event,Event not experienced
2.5600000000000005,0,1,0,Additive genetic variance,20,1.7873791924156348,1.8227533905472475,1.48649488202672,2.091055218754583,1.7996178937547236,1.7873791924156348,Before the historical event,Event experienced
2.5600000000000005,0,1,0,Nuclear-family environmental variance,20,2.2555943734835195,2.25858986757014,2.057891337502559,2.534027863370251,2.25,2.2555943734835195,Before the historical event,Event experienced
2.5600000000000005,0,1,0,Nonshared environmental variance,20,9.002001988120748,9.021495084213203,8.750537155738169,9.234045720900106,4,9.002001988120748,Before the historical event,Event experienced
2.5600000000000005,0,1,0,Phenotypic variance,20,13.044975554019903,13.092832827991316,12.6586687548016,13.252141529675683,8.049617893754723,13.044975554019903,Before the historical event,Event experienced
2.5600000000000005,1,0,0,Additive genetic variance,20,1.7873791924156348,1.8227533905472475,1.48649488202672,2.091055218754583,1.7996178937547236,1.7873791924156348,After the historical event,Event not experienced
2.5600000000000005,1,0,0,Nuclear-family environmental variance,20,2.2555943734835195,2.25858986757014,2.057891337502559,2.534027863370251,2.25,2.2555943734835195,After the historical event,Event not experienced
2.5600000000000005,1,0,0,Nonshared environmental variance,20,9.002001988120748,9.021495084213203,8.750537155738169,9.234045720900106,4,9.002001988120748,After the historical event,Event not experienced
2.5600000000000005,1,0,0,Phenotypic variance,20,13.044975554019903,13.092832827991316,12.6586687548016,13.252141529675683,8.049617893754723,13.044975554019903,After the historical event,Event not experienced
2.5600000000000005,1,1,1,Additive genetic variance,20,2.6909578111348686,2.7592501169919226,1.9526462766981605,3.25013709753026,2.6847144202204603,2.6909578111348686,After the historical event,Event experienced
2.5600000000000005,1,1,1,Nuclear-family environmental variance,20,2.218257838947216,2.192208906695857,1.8754901065292355,2.646995574809184,2.25,2.218257838947216,After the historical event,Event experienced
2.5600000000000005,1,1,1,Nonshared environmental variance,20,8.970844229529673,8.906842011658728,8.631782245735454,9.471544216918005,4,8.970844229529673,After the historical event,Event experienced
2.5600000000000005,1,1,1,Phenotypic variance,20,13.880059879611759,13.871178986613142,13.35896540511459,14.496763132793998,8.93471442022046,13.880059879611759,After the historical event,Event experienced
2.58,0,0,0,Additive genetic variance,20,1.7584725594245991,1.7938654047818867,1.4600144077469008,2.059923554972932,1.7700616227981283,1.7584725594245991,Before the historical event,Event not experienced
2.58,0,0,0,Nuclear-family environmental variance,20,2.2560244812328216,2.2594882650980166,2.05771924462633,2.532586270053768,2.25,2.2560244812328216,Before the historical event,Event not experienced
2.58,0,0,0,Nonshared environmental variance,20,9.00083121664581,9.019561228564454,8.750294897996435,9.23279119100717,4,9.00083121664581,Before the historical event,Event not experienced
2.58,0,0,0,Phenotypic variance,20,13.015328257303231,13.064612504394983,12.629504105276315,13.223270367038136,8.020061622798128,13.015328257303231,Before the historical event,Event not experienced
2.58,0,1,0,Additive genetic variance,20,1.7584725594245991,1.7938654047818867,1.4600144077469008,2.059923554972932,1.7700616227981283,1.7584725594245991,Before the historical event,Event experienced
2.58,0,1,0,Nuclear-family environmental variance,20,2.2560244812328216,2.2594882650980166,2.05771924462633,2.532586270053768,2.25,2.2560244812328216,Before the historical event,Event experienced
2.58,0,1,0,Nonshared environmental variance,20,9.00083121664581,9.019561228564454,8.750294897996435,9.23279119100717,4,9.00083121664581,Before the historical event,Event experienced
2.58,0,1,0,Phenotypic variance,20,13.015328257303231,13.064612504394983,12.629504105276315,13.223270367038136,8.020061622798128,13.015328257303231,Before the historical event,Event experienced
2.58,1,0,0,Additive genetic variance,20,1.7584725594245991,1.7938654047818867,1.4600144077469008,2.059923554972932,1.7700616227981283,1.7584725594245991,After the historical event,Event not experienced
2.58,1,0,0,Nuclear-family environmental variance,20,2.2560244812328216,2.2594882650980166,2.05771924462633,2.532586270053768,2.25,2.2560244812328216,After the historical event,Event not experienced
2.58,1,0,0,Nonshared environmental variance,20,9.00083121664581,9.019561228564454,8.750294897996435,9.23279119100717,4,9.00083121664581,After the historical event,Event not experienced
2.58,1,0,0,Phenotypic variance,20,13.015328257303231,13.064612504394983,12.629504105276315,13.223270367038136,8.020061622798128,13.015328257303231,After the historical event,Event not experienced
2.58,1,1,1,Additive genetic variance,20,2.6473613973522103,2.7147662930920395,1.9181533848125942,3.199099772075108,2.640621645237234,2.6473613973522103,After the historical event,Event experienced
2.58,1,1,1,Nuclear-family environmental variance,20,2.2186152058787836,2.1928141809061383,1.876994131218623,2.644670545904341,2.25,2.2186152058787836,After the historical event,Event experienced
2.58,1,1,1,Nonshared environmental variance,20,8.969660976731992,8.907442659405856,8.631113934787745,9.469957077398334,4,8.969660976731992,After the historical event,Event experienced
2.58,1,1,1,Phenotypic variance,20,13.835637579962986,13.829577856148312,13.3216566695562,14.444498280788018,8.890621645237234,13.835637579962986,After the historical event,Event experienced
2.6000000000000005,0,0,0,Additive genetic variance,20,1.729770230515049,1.7651673998402728,1.433767372673338,2.0289410649368023,1.7407122370654262,1.729770230515049,Before the historical event,Event not experienced
2.6000000000000005,0,0,0,Nuclear-family environmental variance,20,2.2564508814057427,2.2604169682905213,2.0575692690915455,2.5310801991900216,2.25,2.2564508814057427,Before the historical event,Event not experienced
2.6000000000000005,0,0,0,Nonshared environmental variance,20,8.999651785586307,9.01760842981924,8.750080309850642,9.231489984145332,4,8.999651785586307,Before the historical event,Event not experienced
2.6000000000000005,0,0,0,Phenotypic variance,20,12.985872897507099,13.035948502807155,12.600663349773624,13.194489443161988,7.990712237065426,12.985872897507099,Before the historical event,Event not experienced
2.6000000000000005,0,1,0,Additive genetic variance,20,1.729770230515049,1.7651673998402728,1.433767372673338,2.0289410649368023,1.7407122370654262,1.729770230515049,Before the historical event,Event experienced
2.6000000000000005,0,1,0,Nuclear-family environmental variance,20,2.2564508814057427,2.2604169682905213,2.0575692690915455,2.5310801991900216,2.25,2.2564508814057427,Before the historical event,Event experienced
2.6000000000000005,0,1,0,Nonshared environmental variance,20,8.999651785586307,9.01760842981924,8.750080309850642,9.231489984145332,4,8.999651785586307,Before the historical event,Event experienced
2.6000000000000005,0,1,0,Phenotypic variance,20,12.985872897507099,13.035948502807155,12.600663349773624,13.194489443161988,7.990712237065426,12.985872897507099,Before the historical event,Event experienced
2.6000000000000005,1,0,0,Additive genetic variance,20,1.729770230515049,1.7651673998402728,1.433767372673338,2.0289410649368023,1.7407122370654262,1.729770230515049,After the historical event,Event not experienced
2.6000000000000005,1,0,0,Nuclear-family environmental variance,20,2.2564508814057427,2.2604169682905213,2.0575692690915455,2.5310801991900216,2.25,2.2564508814057427,After the historical event,Event not experienced
2.6000000000000005,1,0,0,Nonshared environmental variance,20,8.999651785586307,9.01760842981924,8.750080309850642,9.231489984145332,4,8.999651785586307,After the historical event,Event not experienced
2.6000000000000005,1,0,0,Phenotypic variance,20,12.985872897507099,13.035948502807155,12.600663349773624,13.194489443161988,7.990712237065426,12.985872897507099,After the historical event,Event not experienced
2.6000000000000005,1,1,1,Additive genetic variance,20,2.6040751577105605,2.670600758823653,1.8839585012602105,3.148390581812458,2.596837506740589,2.6040751577105605,After the historical event,Event experienced
2.6000000000000005,1,1,1,Nuclear-family environmental variance,20,2.2189684697798926,2.193432895797369,1.878523465315683,2.642287000821776,2.25,2.2189684697798926,After the historical event,Event experienced
2.6000000000000005,1,1,1,Nonshared environmental variance,20,8.968469318827898,8.90806191123352,8.630428008504285,9.468344928585351,4,8.968469318827898,After the historical event,Event experienced
2.6000000000000005,1,1,1,Phenotypic variance,20,13.791512946318353,13.788181865149573,13.28470092526298,14.39251652250258,8.846837506740588,13.791512946318353,After the historical event,Event experienced
2.62,0,0,0,Additive genetic variance,20,1.7012777139778286,1.7366650118848441,1.407758309178194,1.9981151871963823,1.7115756193890546,1.7012777139778286,Before the historical event,Event not experienced
2.62,0,0,0,Nuclear-family environmental variance,20,2.2568736140785512,2.261376043123187,2.0574414078846806,2.529509775779487,2.25,2.2568736140785512,Before the historical event,Event not experienced
2.62,0,0,0,Nonshared environmental variance,20,8.99846371581442,9.015636703405843,8.749893390903734,9.23014212666729,4,8.99846371581442,Before the historical event,Event not experienced
2.62,0,0,0,Phenotypic variance,20,12.956615043870801,13.003039932253404,12.572151297715848,13.16580478208288,7.961575619389055,12.956615043870801,Before the historical event,Event not experienced
2.62,0,1,0,Additive genetic variance,20,1.7012777139778286,1.7366650118848441,1.407758309178194,1.9981151871963823,1.7115756193890546,1.7012777139778286,Before the historical event,Event experienced
2.62,0,1,0,Nuclear-family environmental variance,20,2.2568736140785512,2.261376043123187,2.0574414078846806,2.529509775779487,2.25,2.2568736140785512,Before the historical event,Event experienced
2.62,0,1,0,Nonshared environmental variance,20,8.99846371581442,9.015636703405843,8.749893390903734,9.23014212666729,4,8.99846371581442,Before the historical event,Event experienced
2.62,0,1,0,Phenotypic variance,20,12.956615043870801,13.003039932253404,12.572151297715848,13.16580478208288,7.961575619389055,12.956615043870801,Before the historical event,Event experienced
2.62,1,0,0,Additive genetic variance,20,1.7012777139778286,1.7366650118848441,1.407758309178194,1.9981151871963823,1.7115756193890546,1.7012777139778286,After the historical event,Event not experienced
2.62,1,0,0,Nuclear-family environmental variance,20,2.2568736140785512,2.261376043123187,2.0574414078846806,2.529509775779487,2.25,2.2568736140785512,After the historical event,Event not experienced
2.62,1,0,0,Nonshared environmental variance,20,8.99846371581442,9.015636703405843,8.749893390903734,9.23014212666729,4,8.99846371581442,After the historical event,Event not experienced
2.62,1,0,0,Phenotypic variance,20,12.956615043870801,13.003039932253404,12.572151297715848,13.16580478208288,7.961575619389055,12.956615043870801,After the historical event,Event not experienced
2.62,1,1,1,Additive genetic variance,20,2.5611073654790326,2.626761470962717,1.8500676454425138,3.102145468424985,2.5533707808852464,2.5611073654790326,After the historical event,Event experienced
2.62,1,1,1,Nuclear-family environmental variance,20,2.219317671763681,2.1940650540182713,1.8800781819309584,2.6398451023433793,2.25,2.219317671763681,After the historical event,Event experienced
2.62,1,1,1,Nonshared environmental variance,20,8.967269276474386,8.908699767868923,8.629724469742744,9.466707801119853,4,8.967269276474386,After the historical event,Event experienced
2.62,1,1,1,Phenotypic variance,20,13.747694313717101,13.746998024967704,13.248104814143634,14.340828814230921,8.803370780885245,13.747694313717101,After the historical event,Event experienced
2.6399999999999997,0,0,0,Additive genetic variance,20,1.6730003255620962,1.7083636967007432,1.3819915465158235,1.9674531705178655,1.6826574533331564,1.6730003255620962,Before the historical event,Event not experienced
2.6399999999999997,0,0,0,Nuclear-family environmental variance,20,2.2572927205958853,2.2623655570256163,2.0573356587353233,2.527875129822906,2.25,2.2572927205958853,Before the historical event,Event not experienced
2.6399999999999997,0,0,0,Nonshared environmental variance,20,8.997267028655678,9.013646064911516,8.749734141064254,9.228747645751701,4,8.997267028655678,Before the historical event,Event not experienced
2.6399999999999997,0,0,0,Phenotypic variance,20,12.927560074813659,12.970342177134093,12.54397249585272,13.137328309169117,7.932657453333157,12.927560074813659,Before the historical event,Event not experienced
2.6399999999999997,0,1,0,Additive genetic variance,20,1.6730003255620962,1.7083636967007432,1.3819915465158235,1.9674531705178655,1.6826574533331564,1.6730003255620962,Before the historical event,Event experienced
2.6399999999999997,0,1,0,Nuclear-family environmental variance,20,2.2572927205958853,2.2623655570256163,2.0573356587353233,2.527875129822906,2.25,2.2572927205958853,Before the historical event,Event experienced
2.6399999999999997,0,1,0,Nonshared environmental variance,20,8.997267028655678,9.013646064911516,8.749734141064254,9.228747645751701,4,8.997267028655678,Before the historical event,Event experienced
2.6399999999999997,0,1,0,Phenotypic variance,20,12.927560074813659,12.970342177134093,12.54397249585272,13.137328309169117,7.932657453333157,12.927560074813659,Before the historical event,Event experienced
2.6399999999999997,1,0,0,Additive genetic variance,20,1.6730003255620962,1.7083636967007432,1.3819915465158235,1.9674531705178655,1.6826574533331564,1.6730003255620962,After the historical event,Event not experienced
2.6399999999999997,1,0,0,Nuclear-family environmental variance,20,2.2572927205958853,2.2623655570256163,2.0573356587353233,2.527875129822906,2.25,2.2572927205958853,After the historical event,Event not experienced
2.6399999999999997,1,0,0,Nonshared environmental variance,20,8.997267028655678,9.013646064911516,8.749734141064254,9.228747645751701,4,8.997267028655678,After the historical event,Event not experienced
2.6399999999999997,1,0,0,Phenotypic variance,20,12.927560074813659,12.970342177134093,12.54397249585272,13.137328309169117,7.932657453333157,12.927560074813659,After the historical event,Event not experienced
2.6399999999999997,1,1,1,Additive genetic variance,20,2.5184660025079797,2.5832561096428446,1.8164865737050322,3.0569801358926743,2.510229946552566,2.5184660025079797,After the historical event,Event experienced
2.6399999999999997,1,1,1,Nuclear-family environmental variance,20,2.2196628542051213,2.194710658504766,1.8816583554081074,2.637345017467091,2.25,2.2196628542051213,After the historical event,Event experienced
2.6399999999999997,1,1,1,Nonshared environmental variance,20,8.966060870777884,8.909356230228921,8.629003321500017,9.465045726371663,4,8.966060870777884,After the historical event,Event experienced
2.6399999999999997,1,1,1,Phenotypic variance,20,13.704189727490984,13.706033145362666,13.211874677411169,14.289445776627133,8.760229946552567,13.704189727490984,After the historical event,Event experienced
2.66,0,0,0,Additive genetic variance,20,1.6449431884551846,1.6802687293285268,1.3563057150585593,1.9369620722574816,1.653963222922298,1.6449431884551846,Before the historical event,Event not experienced
2.66,0,0,0,Nuclear-family environmental variance,20,2.2577082435696703,2.2633855788881987,2.0572520201161453,2.526176396303082,2.25,2.2577082435696703,Before the historical event,Event not experienced
2.66,0,0,0,Nonshared environmental variance,20,8.996061745888515,9.011636530082228,8.74960256054634,9.227504558675394,4,8.996061745888515,Before the historical event,Event not experienced
2.66,0,0,0,Phenotypic variance,20,12.89871317791337,12.93786086632283,12.516131230245307,13.109048928350155,7.9039632229222985,12.89871317791337,Before the historical event,Event not experienced
2.66,0,1,0,Additive genetic variance,20,1.6449431884551846,1.6802687293285268,1.3563057150585593,1.9369620722574816,1.653963222922298,1.6449431884551846,Before the historical event,Event experienced
2.66,0,1,0,Nuclear-family environmental variance,20,2.2577082435696703,2.2633855788881987,2.0572520201161453,2.526176396303082,2.25,2.2577082435696703,Before the historical event,Event experienced
2.66,0,1,0,Nonshared environmental variance,20,8.996061745888515,9.011636530082228,8.74960256054634,9.227504558675394,4,8.996061745888515,Before the historical event,Event experienced
2.66,0,1,0,Phenotypic variance,20,12.89871317791337,12.93786086632283,12.516131230245307,13.109048928350155,7.9039632229222985,12.89871317791337,Before the historical event,Event experienced
2.66,1,0,0,Additive genetic variance,20,1.6449431884551846,1.6802687293285268,1.3563057150585593,1.9369620722574816,1.653963222922298,1.6449431884551846,After the historical event,Event not experienced
2.66,1,0,0,Nuclear-family environmental variance,20,2.2577082435696703,2.2633855788881987,2.0572520201161453,2.526176396303082,2.25,2.2577082435696703,After the historical event,Event not experienced
2.66,1,0,0,Nonshared environmental variance,20,8.996061745888515,9.011636530082228,8.74960256054634,9.227504558675394,4,8.996061745888515,After the historical event,Event not experienced
2.66,1,0,0,Phenotypic variance,20,12.89871317791337,12.93786086632283,12.516131230245307,13.109048928350155,7.9039632229222985,12.89871317791337,After the historical event,Event not experienced
2.66,1,1,1,Additive genetic variance,20,2.4761587592487784,2.540092078326653,1.7832207803346245,3.012044346563231,2.4674231849458383,2.4761587592487784,After the historical event,Event experienced
2.66,1,1,1,Nuclear-family environmental variance,20,2.220004060739629,2.1953697124798817,1.8832640613303155,2.634786917386222,2.25,2.220004060739629,After the historical event,Event experienced
2.66,1,1,1,Nonshared environmental variance,20,8.96484412329381,8.910031299420016,8.62826456691219,9.463358736438426,4,8.96484412329381,After the historical event,Event experienced
2.66,1,1,1,Phenotypic variance,20,13.661006943282217,13.662396162019874,13.176016556968975,14.238377693538187,8.717423184945838,13.661006943282217,After the historical event,Event experienced
2.6799999999999997,0,0,0,Additive genetic variance,20,1.6171112334160052,1.6520420806362877,1.330852460153109,1.9066487569148445,1.6254982125330217,1.6171112334160052,Before the historical event,Event not experienced
2.6799999999999997,0,0,0,Nuclear-family environmental variance,20,2.258120226877983,2.2644361790689658,2.0571904912429124,2.5244137151660127,2.25,2.258120226877983,Before the historical event,Event not experienced
2.6799999999999997,0,0,0,Nonshared environmental variance,20,8.994847889743868,9.009608114822427,8.749498649869764,9.227339248393431,4,8.994847889743868,Before the historical event,Event not experienced
2.6799999999999997,0,0,0,Phenotypic variance,20,12.870079350037855,12.905601392432388,12.48863152844665,13.080883111724916,7.875498212533022,12.870079350037855,Before the historical event,Event not experienced
2.6799999999999997,0,1,0,Additive genetic variance,20,1.6171112334160052,1.6520420806362877,1.330852460153109,1.9066487569148445,1.6254982125330217,1.6171112334160052,Before the historical event,Event experienced
2.6799999999999997,0,1,0,Nuclear-family environmental variance,20,2.258120226877983,2.2644361790689658,2.0571904912429124,2.5244137151660127,2.25,2.258120226877983,Before the historical event,Event experienced
2.6799999999999997,0,1,0,Nonshared environmental variance,20,8.994847889743868,9.009608114822427,8.749498649869764,9.227339248393431,4,8.994847889743868,Before the historical event,Event experienced
2.6799999999999997,0,1,0,Phenotypic variance,20,12.870079350037855,12.905601392432388,12.48863152844665,13.080883111724916,7.875498212533022,12.870079350037855,Before the historical event,Event experienced
2.6799999999999997,1,0,0,Additive genetic variance,20,1.6171112334160052,1.6520420806362877,1.330852460153109,1.9066487569148445,1.6254982125330217,1.6171112334160052,After the historical event,Event not experienced
2.6799999999999997,1,0,0,Nuclear-family environmental variance,20,2.258120226877983,2.2644361790689658,2.0571904912429124,2.5244137151660127,2.25,2.258120226877983,After the historical event,Event not experienced
2.6799999999999997,1,0,0,Nonshared environmental variance,20,8.994847889743868,9.009608114822427,8.749498649869764,9.227339248393431,4,8.994847889743868,After the historical event,Event not experienced
2.6799999999999997,1,0,0,Phenotypic variance,20,12.870079350037855,12.905601392432388,12.48863152844665,13.080883111724916,7.875498212533022,12.870079350037855,After the historical event,Event not experienced
2.6799999999999997,1,1,1,Additive genetic variance,20,2.4341930350054994,2.497276503985055,1.7502754987595617,2.9673474196071714,2.424958379428501,2.4341930350054994,After the historical event,Event experienced
2.6799999999999997,1,1,1,Nuclear-family environmental variance,20,2.22034133626161,2.1960422194536675,1.8848953765268233,2.632170977468231,2.25,2.22034133626161,After the historical event,Event experienced
2.6799999999999997,1,1,1,Nonshared environmental variance,20,8.963619056026166,8.910724976738361,8.627508209254504,9.46164686414443,4,8.963619056026166,After the historical event,Event experienced
2.6799999999999997,1,1,1,Phenotypic variance,20,13.618153427293276,13.61666172595381,13.140536197027894,14.187634511134611,8.674958379428501,13.618153427293276,After the historical event,Event experienced
2.7,0,0,0,Additive genetic variance,20,1.589509199059087,1.6230570293896867,1.305658321862413,1.8765198948640869,1.5972675069455593,1.589509199059087,Before the historical event,Event not experienced
2.7,0,0,0,Nuclear-family environmental variance,20,2.258528715663854,2.2651685500197347,2.0571510720745425,2.522587231301374,2.25,2.258528715663854,Before the historical event,Event not experienced
2.7,0,0,0,Nonshared environmental variance,20,8.99362548290473,9.007560835194797,8.749101008137947,9.227175265755296,4,8.99362548290473,Before the historical event,Event not experienced
2.7,0,0,0,Phenotypic variance,20,12.84166339762767,12.874283842824106,12.461477161872832,13.052836317362502,7.84726750694556,12.84166339762767,Before the historical event,Event not experienced
2.7,0,1,0,Additive genetic variance,20,1.589509199059087,1.6230570293896867,1.305658321862413,1.8765198948640869,1.5972675069455593,1.589509199059087,Before the historical event,Event experienced
2.7,0,1,0,Nuclear-family environmental variance,20,2.258528715663854,2.2651685500197347,2.0571510720745425,2.522587231301374,2.25,2.258528715663854,Before the historical event,Event experienced
2.7,0,1,0,Nonshared environmental variance,20,8.99362548290473,9.007560835194797,8.749101008137947,9.227175265755296,4,8.99362548290473,Before the historical event,Event experienced
2.7,0,1,0,Phenotypic variance,20,12.84166339762767,12.874283842824106,12.461477161872832,13.052836317362502,7.84726750694556,12.84166339762767,Before the historical event,Event experienced
2.7,1,0,0,Additive genetic variance,20,1.589509199059087,1.6230570293896867,1.305658321862413,1.8765198948640869,1.5972675069455593,1.589509199059087,After the historical event,Event not experienced
2.7,1,0,0,Nuclear-family environmental variance,20,2.258528715663854,2.2651685500197347,2.0571510720745425,2.522587231301374,2.25,2.258528715663854,After the historical event,Event not experienced
2.7,1,0,0,Nonshared environmental variance,20,8.99362548290473,9.007560835194797,8.749101008137947,9.227175265755296,4,8.99362548290473,After the historical event,Event not experienced
2.7,1,0,0,Phenotypic variance,20,12.84166339762767,12.874283842824106,12.461477161872832,13.052836317362502,7.84726750694556,12.84166339762767,After the historical event,Event not experienced
2.7,1,1,1,Additive genetic variance,20,2.3925759384140086,2.454816237480803,1.7176557029472979,2.9228984348217524,2.3828431156012844,2.3925759384140086,After the historical event,Event experienced
2.7,1,1,1,Nuclear-family environmental variance,20,2.2206747269229425,2.196728183223125,1.886552379079565,2.6294973772329646,2.25,2.2206747269229425,After the historical event,Event experienced
2.7,1,1,1,Nonshared environmental variance,20,8.962385691427096,8.911437263669782,8.626734251941325,9.459910143039341,4,8.962385691427096,After the historical event,Event experienced
2.7,1,1,1,Phenotypic variance,20,13.575636356764047,13.571267359262068,13.10543904594808,14.137225837335544,8.632843115601284,13.575636356764047,After the historical event,Event experienced
2.7199999999999998,0,0,0,Additive genetic variance,20,1.5621416322863007,1.5971150351828016,1.2807268300634713,1.8465819612611543,1.5692759915529557,1.5621416322863007,Before the historical event,Event not experienced
2.7199999999999998,0,0,0,Nuclear-family environmental variance,20,2.258933756334019,2.264676645119204,2.057133763313205,2.520697094522369,2.25,2.258933756334019,Before the historical event,Event not experienced
2.7199999999999998,0,0,0,Nonshared environmental variance,20,8.992394548505704,9.005494707419986,8.74811058672875,9.227012613849066,4,8.992394548505704,Before the historical event,Event not experienced
2.7199999999999998,0,0,0,Phenotypic variance,20,12.813469937126023,12.843377947600445,12.434671648358108,13.024913872404692,7.8192759915529555,12.813469937126023,Before the historical event,Event not experienced
2.7199999999999998,0,1,0,Additive genetic variance,20,1.5621416322863007,1.5971150351828016,1.2807268300634713,1.8465819612611543,1.5692759915529557,1.5621416322863007,Before the historical event,Event experienced
2.7199999999999998,0,1,0,Nuclear-family environmental variance,20,2.258933756334019,2.264676645119204,2.057133763313205,2.520697094522369,2.25,2.258933756334019,Before the historical event,Event experienced
2.7199999999999998,0,1,0,Nonshared environmental variance,20,8.992394548505704,9.005494707419986,8.74811058672875,9.227012613849066,4,8.992394548505704,Before the historical event,Event experienced
2.7199999999999998,0,1,0,Phenotypic variance,20,12.813469937126023,12.843377947600445,12.434671648358108,13.024913872404692,7.8192759915529555,12.813469937126023,Before the historical event,Event experienced
2.7199999999999998,1,0,0,Additive genetic variance,20,1.5621416322863007,1.5971150351828016,1.2807268300634713,1.8465819612611543,1.5692759915529557,1.5621416322863007,After the historical event,Event not experienced
2.7199999999999998,1,0,0,Nuclear-family environmental variance,20,2.258933756334019,2.264676645119204,2.057133763313205,2.520697094522369,2.25,2.258933756334019,After the historical event,Event not experienced
2.7199999999999998,1,0,0,Nonshared environmental variance,20,8.992394548505704,9.005494707419986,8.74811058672875,9.227012613849066,4,8.992394548505704,After the historical event,Event not experienced
2.7199999999999998,1,0,0,Phenotypic variance,20,12.813469937126023,12.843377947600445,12.434671648358108,13.024913872404692,7.8192759915529555,12.813469937126023,After the historical event,Event not experienced
2.7199999999999998,1,1,1,Additive genetic variance,20,2.3513142881439744,2.412717854152584,1.6853661089947742,2.8787062310633855,2.3410846816141926,2.3513142881439744,After the historical event,Event experienced
2.7199999999999998,1,1,1,Nuclear-family environmental variance,20,2.221004280131404,2.1974276078721466,1.8882351483299158,2.626766300330371,2.25,2.221004280131404,After the historical event,Event experienced
2.7199999999999998,1,1,1,Nonshared environmental variance,20,8.961144052396442,8.912168161889785,8.625942698526103,9.458148607396952,4,8.961144052396442,After the historical event,Event experienced
2.7199999999999998,1,1,1,Phenotypic variance,20,13.53346262067182,13.526219447125715,13.070730258299516,14.087160941523575,8.591084681614193,13.53346262067182,After the historical event,Event experienced
2.74,0,0,0,Additive genetic variance,20,1.5350128888631078,1.5717162285885586,1.256061313060164,1.8168412351253598,1.5415283527246721,1.5350128888631078,Before the historical event,Event not experienced
2.74,0,0,0,Nuclear-family environmental variance,20,2.2593353965576095,2.2645208499977736,2.057138566404463,2.5187434595449014,2.25,2.2593353965576095,Before the historical event,Event not experienced
2.74,0,0,0,Nonshared environmental variance,20,8.99115511013257,9.003409747876379,8.747148804426303,9.22685129608519,4,8.99115511013257,Before the historical event,Event not experienced
2.74,0,0,0,Phenotypic variance,20,12.785503395553288,12.812694325015295,12.408218254887645,12.99712097209586,7.791528352724672,12.785503395553288,Before the historical event,Event not experienced
2.74,0,1,0,Additive genetic variance,20,1.5350128888631078,1.5717162285885586,1.256061313060164,1.8168412351253598,1.5415283527246721,1.5350128888631078,Before the historical event,Event experienced
2.74,0,1,0,Nuclear-family environmental variance,20,2.2593353965576095,2.2645208499977736,2.057138566404463,2.5187434595449014,2.25,2.2593353965576095,Before the historical event,Event experienced
2.74,0,1,0,Nonshared environmental variance,20,8.99115511013257,9.003409747876379,8.747148804426303,9.22685129608519,4,8.99115511013257,Before the historical event,Event experienced
2.74,0,1,0,Phenotypic variance,20,12.785503395553288,12.812694325015295,12.408218254887645,12.99712097209586,7.791528352724672,12.785503395553288,Before the historical event,Event experienced
2.74,1,0,0,Additive genetic variance,20,1.5350128888631078,1.5717162285885586,1.256061313060164,1.8168412351253598,1.5415283527246721,1.5350128888631078,After the historical event,Event not experienced
2.74,1,0,0,Nuclear-family environmental variance,20,2.2593353965576095,2.2645208499977736,2.057138566404463,2.5187434595449014,2.25,2.2593353965576095,After the historical event,Event not experienced
2.74,1,0,0,Nonshared environmental variance,20,8.99115511013257,9.003409747876379,8.747148804426303,9.22685129608519,4,8.99115511013257,After the historical event,Event not experienced
2.74,1,0,0,Phenotypic variance,20,12.785503395553288,12.812694325015295,12.408218254887645,12.99712097209586,7.791528352724672,12.785503395553288,After the historical event,Event not experienced
2.74,1,1,1,Additive genetic variance,20,2.3104146138189576,2.370987654595636,1.6534111769058746,2.8347794048738972,2.2996900687089297,2.3104146138189576,After the historical event,Event experienced
2.74,1,1,1,Nuclear-family environmental variance,20,2.221330044549039,2.198140497771464,1.8899437648855564,2.623977934517678,2.25,2.221330044549039,After the historical event,Event experienced
2.74,1,1,1,Nonshared environmental variance,20,8.959894162281298,8.912917673263571,8.625133552701339,9.456362292213905,4,8.959894162281298,After the historical event,Event experienced
2.74,1,1,1,Phenotypic variance,20,13.491638820649294,13.48152409700311,13.036414697134688,14.037448754544616,8.54969006870893,13.491638820649294,After the historical event,Event experienced
2.76,0,0,0,Additive genetic variance,20,1.508127134136171,1.546521518119387,1.2316648992599386,1.787303798593228,1.514029078321655,1.508127134136171,Before the historical event,Event not experienced
2.76,0,0,0,Nuclear-family environmental variance,20,2.259733685264793,2.264348903285507,2.05716548353746,2.5167264859661485,2.25,2.259733685264793,Before the historical event,Event not experienced
2.76,0,0,0,Nonshared environmental variance,20,8.98990719182182,9.001305973099827,8.74621565720667,9.226691316196487,4,8.98990719182182,Before the historical event,Event not experienced
2.76,0,0,0,Phenotypic variance,20,12.757768011222783,12.782237319650964,12.3821200005012,12.969462678916925,7.764029078321655,12.757768011222783,Before the historical event,Event not experienced
2.76,0,1,0,Additive genetic variance,20,1.508127134136171,1.546521518119387,1.2316648992599386,1.787303798593228,1.514029078321655,1.508127134136171,Before the historical event,Event experienced
2.76,0,1,0,Nuclear-family environmental variance,20,2.259733685264793,2.264348903285507,2.05716548353746,2.5167264859661485,2.25,2.259733685264793,Before the historical event,Event experienced
2.76,0,1,0,Nonshared environmental variance,20,8.98990719182182,9.001305973099827,8.74621565720667,9.226691316196487,4,8.98990719182182,Before the historical event,Event experienced
2.76,0,1,0,Phenotypic variance,20,12.757768011222783,12.782237319650964,12.3821200005012,12.969462678916925,7.764029078321655,12.757768011222783,Before the historical event,Event experienced
2.76,1,0,0,Additive genetic variance,20,1.508127134136171,1.546521518119387,1.2316648992599386,1.787303798593228,1.514029078321655,1.508127134136171,After the historical event,Event not experienced
2.76,1,0,0,Nuclear-family environmental variance,20,2.259733685264793,2.264348903285507,2.05716548353746,2.5167264859661485,2.25,2.259733685264793,After the historical event,Event not experienced
2.76,1,0,0,Nonshared environmental variance,20,8.98990719182182,9.001305973099827,8.74621565720667,9.226691316196487,4,8.98990719182182,After the historical event,Event not experienced
2.76,1,0,0,Phenotypic variance,20,12.757768011222783,12.782237319650964,12.3821200005012,12.969462678916925,7.764029078321655,12.757768011222783,After the historical event,Event not experienced
2.76,1,1,1,Additive genetic variance,20,2.2698831571497275,2.3249356390285962,1.6217951125506258,2.791126309298917,2.2586659719872944,2.2698831571497275,After the historical event,Event experienced
2.76,1,1,1,Nuclear-family environmental variance,20,2.221652070090464,2.198263776679933,1.8916783106274515,2.6211324716360496,2.25,2.221652070090464,After the historical event,Event experienced
2.76,1,1,1,Nonshared environmental variance,20,8.958636044875561,8.91368579984607,8.624306818298546,9.454551233208363,4,8.958636044875561,After the historical event,Event experienced
2.76,1,1,1,Phenotypic variance,20,13.450171272115753,13.43718713997903,13.002496936466986,13.988097868987698,8.508665971987295,13.450171272115753,After the historical event,Event experienced
2.7800000000000002,0,0,0,Additive genetic variance,20,1.4814883438889643,1.5215342348053558,1.2075405189877522,1.7579755363424123,1.4867824583597147,1.4814883438889643,Before the historical event,Event not experienced
2.7800000000000002,0,0,0,Nuclear-family environmental variance,20,2.2601286726453553,2.264160872066408,2.057214517645148,2.5146463382424664,2.25,2.2601286726453553,Before the historical event,Event not experienced
2.7800000000000002,0,0,0,Nonshared environmental variance,20,8.988650818060187,8.999183399783384,8.745311141362853,9.226532678238103,4,8.988650818060187,Before the historical event,Event not experienced
2.7800000000000002,0,0,0,Phenotypic variance,20,12.730267834594507,12.752011069642528,12.35637965936119,12.941943921822435,7.7367824583597145,12.730267834594507,Before the historical event,Event not experienced
2.7800000000000002,0,1,0,Additive genetic variance,20,1.4814883438889643,1.5215342348053558,1.2075405189877522,1.7579755363424123,1.4867824583597147,1.4814883438889643,Before the historical event,Event experienced
2.7800000000000002,0,1,0,Nuclear-family environmental variance,20,2.2601286726453553,2.264160872066408,2.057214517645148,2.5146463382424664,2.25,2.2601286726453553,Before the historical event,Event experienced
2.7800000000000002,0,1,0,Nonshared environmental variance,20,8.988650818060187,8.999183399783384,8.745311141362853,9.226532678238103,4,8.988650818060187,Before the historical event,Event experienced
2.7800000000000002,0,1,0,Phenotypic variance,20,12.730267834594507,12.752011069642528,12.35637965936119,12.941943921822435,7.7367824583597145,12.730267834594507,Before the historical event,Event experienced
2.7800000000000002,1,0,0,Additive genetic variance,20,1.4814883438889643,1.5215342348053558,1.2075405189877522,1.7579755363424123,1.4867824583597147,1.4814883438889643,After the historical event,Event not experienced
2.7800000000000002,1,0,0,Nuclear-family environmental variance,20,2.2601286726453553,2.264160872066408,2.057214517645148,2.5146463382424664,2.25,2.2601286726453553,After the historical event,Event not experienced
2.7800000000000002,1,0,0,Nonshared environmental variance,20,8.988650818060187,8.999183399783384,8.745311141362853,9.226532678238103,4,8.988650818060187,After the historical event,Event not experienced
2.7800000000000002,1,0,0,Phenotypic variance,20,12.730267834594507,12.752011069642528,12.35637965936119,12.941943921822435,7.7367824583597145,12.730267834594507,After the historical event,Event not experienced
2.7800000000000002,1,1,1,Additive genetic variance,20,2.229725873275682,2.278945549494786,1.5905218698005492,2.7477550528964296,2.218018791400826,2.229725873275682,After the historical event,Event experienced
2.7800000000000002,1,1,1,Nuclear-family environmental variance,20,2.221970407921117,2.1975638004773836,1.8934388687169408,2.6182301075867267,2.25,2.221970407921117,After the historical event,Event experienced
2.7800000000000002,1,1,1,Nonshared environmental variance,20,8.957369724419456,8.914472543881942,8.623462499288184,9.452715466818692,4,8.957369724419456,After the historical event,Event experienced
2.7800000000000002,1,1,1,Phenotypic variance,20,13.409066005616255,13.39321413229904,12.968981263948068,13.939116539739413,8.468018791400826,13.409066005616255,After the historical event,Event experienced
2.8,0,0,0,Additive genetic variance,20,1.4551003053320213,1.4954648458667357,1.1836909064326977,1.7288621351833893,1.4597925858179748,1.4551003053320213,Before the historical event,Event not experienced
2.8,0,0,0,Nuclear-family environmental variance,20,2.2605204101472336,2.263956824558015,2.0572856724045616,2.512503185666682,2.25,2.2605204101472336,Before the historical event,Event not experienced
2.8,0,0,0,Nonshared environmental variance,20,8.987386013784194,8.997042044777071,8.744435253504815,9.226375386587527,4,8.987386013784194,Before the historical event,Event not experienced
2.8,0,0,0,Phenotypic variance,20,12.70300672926345,12.722019507832949,12.330999763978378,12.914685310575269,7.709792585817975,12.70300672926345,Before the historical event,Event not experienced
2.8,0,1,0,Additive genetic variance,20,1.4551003053320213,1.4954648458667357,1.1836909064326977,1.7288621351833893,1.4597925858179748,1.4551003053320213,Before the historical event,Event experienced
2.8,0,1,0,Nuclear-family environmental variance,20,2.2605204101472336,2.263956824558015,2.0572856724045616,2.512503185666682,2.25,2.2605204101472336,Before the historical event,Event experienced
2.8,0,1,0,Nonshared environmental variance,20,8.987386013784194,8.997042044777071,8.744435253504815,9.226375386587527,4,8.987386013784194,Before the historical event,Event experienced
2.8,0,1,0,Phenotypic variance,20,12.70300672926345,12.722019507832949,12.330999763978378,12.914685310575269,7.709792585817975,12.70300672926345,Before the historical event,Event experienced
2.8,1,0,0,Additive genetic variance,20,1.4551003053320213,1.4954648458667357,1.1836909064326977,1.7288621351833893,1.4597925858179748,1.4551003053320213,After the historical event,Event not experienced
2.8,1,0,0,Nuclear-family environmental variance,20,2.2605204101472336,2.263956824558015,2.0572856724045616,2.512503185666682,2.25,2.2605204101472336,After the historical event,Event not experienced
2.8,1,0,0,Nonshared environmental variance,20,8.987386013784194,8.997042044777071,8.744435253504815,9.226375386587527,4,8.987386013784194,After the historical event,Event not experienced
2.8,1,0,0,Phenotypic variance,20,12.70300672926345,12.722019507832949,12.330999763978378,12.914685310575269,7.709792585817975,12.70300672926345,After the historical event,Event not experienced
2.8,1,1,1,Additive genetic variance,20,2.189948432309223,2.233489320652156,1.559595152834535,2.704673498933462,2.1777546329568684,2.189948432309223,After the historical event,Event experienced
2.8,1,1,1,Nuclear-family environmental variance,20,2.222285110455452,2.1968486793025264,1.8952255236029463,2.615271042306649,2.25,2.222285110455452,After the historical event,Event experienced
2.8,1,1,1,Nonshared environmental variance,20,8.95609522559908,8.915277907805642,8.622600599779654,9.450855030202092,4,8.95609522559908,After the historical event,Event experienced
2.8,1,1,1,Phenotypic variance,20,13.368328768363755,13.349610357084496,12.935871683737641,13.890512684807526,8.42775463295687,13.368328768363755,After the historical event,Event experienced
2.8200000000000003,0,0,0,Additive genetic variance,20,1.428966618224285,1.4693009098238634,1.1601186017226222,1.6999690838164112,1.4330633575890162,1.428966618224285,Before the historical event,Event not experienced
2.8200000000000003,0,0,0,Nuclear-family environmental variance,20,2.260908950474993,2.2637368301060543,2.0573789522371313,2.510297202344753,2.25,2.260908950474993,Before the historical event,Event not experienced
2.8200000000000003,0,0,0,Nonshared environmental variance,20,8.986112804379658,8.994846497756212,8.74358799055948,9.226219445944555,4,8.986112804379658,Before the historical event,Event not experienced
2.8200000000000003,0,0,0,Phenotypic variance,20,12.675988373078937,12.692266363078527,12.305982608588335,12.888342480206791,7.683063357589016,12.675988373078937,Before the historical event,Event not experienced
2.8200000000000003,0,1,0,Additive genetic variance,20,1.428966618224285,1.4693009098238634,1.1601186017226222,1.6999690838164112,1.4330633575890162,1.428966618224285,Before the historical event,Event experienced
2.8200000000000003,0,1,0,Nuclear-family environmental variance,20,2.260908950474993,2.2637368301060543,2.0573789522371313,2.510297202344753,2.25,2.260908950474993,Before the historical event,Event experienced
2.8200000000000003,0,1,0,Nonshared environmental variance,20,8.986112804379658,8.994846497756212,8.74358799055948,9.226219445944555,4,8.986112804379658,Before the historical event,Event experienced
2.8200000000000003,0,1,0,Phenotypic variance,20,12.675988373078937,12.692266363078527,12.305982608588335,12.888342480206791,7.683063357589016,12.675988373078937,Before the historical event,Event experienced
2.8200000000000003,1,0,0,Additive genetic variance,20,1.428966618224285,1.4693009098238634,1.1601186017226222,1.6999690838164112,1.4330633575890162,1.428966618224285,After the historical event,Event not experienced
2.8200000000000003,1,0,0,Nuclear-family environmental variance,20,2.260908950474993,2.2637368301060543,2.0573789522371313,2.510297202344753,2.25,2.260908950474993,After the historical event,Event not experienced
2.8200000000000003,1,0,0,Nonshared environmental variance,20,8.986112804379658,8.994846497756212,8.74358799055948,9.226219445944555,4,8.986112804379658,After the historical event,Event not experienced
2.8200000000000003,1,0,0,Phenotypic variance,20,12.675988373078937,12.692266363078527,12.305982608588335,12.888342480206791,7.683063357589016,12.675988373078937,After the historical event,Event not experienced
2.8200000000000003,1,1,1,Additive genetic variance,20,2.1505562210776974,2.188571548599425,1.5290184186094549,2.6618892647686128,2.1378793101360176,2.1505562210776974,After the historical event,Event experienced
2.8200000000000003,1,1,1,Nuclear-family environmental variance,20,2.2225962313550744,2.196118449347275,1.8970383610293013,2.6122554797435646,2.25,2.2225962313550744,After the historical event,Event experienced
2.8200000000000003,1,1,1,Nonshared environmental variance,20,8.95481257354591,8.916101894241418,8.621721124021214,9.448969961233203,4,8.95481257354591,After the historical event,Event experienced
2.8200000000000003,1,1,1,Phenotypic variance,20,13.327965025978681,13.30638082622335,12.902820027235451,13.842293886407955,8.387879310136018,13.327965025978681,After the historical event,Event experienced
2.84,0,0,0,Additive genetic variance,20,1.4030906961220249,1.4433834144963213,1.136825953122052,1.6713016727511203,1.406598475567285,1.4030906961220249,Before the historical event,Event not experienced
2.84,0,0,0,Nuclear-family environmental variance,20,2.261294347588254,2.263500959178991,2.0574943623090456,2.5080285671718032,2.25,2.261294347588254,Before the historical event,Event not experienced
2.84,0,0,0,Nonshared environmental variance,20,8.984831215681217,8.99144431261509,8.74276934977076,9.226064861331295,4,8.984831215681217,Before the historical event,Event not experienced
2.84,0,0,0,Phenotypic variance,20,12.649216259391496,12.662755161700666,12.281330252671948,12.862163064589712,7.656598475567285,12.649216259391496,Before the historical event,Event not experienced
2.84,0,1,0,Additive genetic variance,20,1.4030906961220249,1.4433834144963213,1.136825953122052,1.6713016727511203,1.406598475567285,1.4030906961220249,Before the historical event,Event experienced
2.84,0,1,0,Nuclear-family environmental variance,20,2.261294347588254,2.263500959178991,2.0574943623090456,2.5080285671718032,2.25,2.261294347588254,Before the historical event,Event experienced
2.84,0,1,0,Nonshared environmental variance,20,8.984831215681217,8.99144431261509,8.74276934977076,9.226064861331295,4,8.984831215681217,Before the historical event,Event experienced
2.84,0,1,0,Phenotypic variance,20,12.649216259391496,12.662755161700666,12.281330252671948,12.862163064589712,7.656598475567285,12.649216259391496,Before the historical event,Event experienced
2.84,1,0,0,Additive genetic variance,20,1.4030906961220249,1.4433834144963213,1.136825953122052,1.6713016727511203,1.406598475567285,1.4030906961220249,After the historical event,Event not experienced
2.84,1,0,0,Nuclear-family environmental variance,20,2.261294347588254,2.263500959178991,2.0574943623090456,2.5080285671718032,2.25,2.261294347588254,After the historical event,Event not experienced
2.84,1,0,0,Nonshared environmental variance,20,8.984831215681217,8.99144431261509,8.74276934977076,9.226064861331295,4,8.984831215681217,After the historical event,Event not experienced
2.84,1,0,0,Phenotypic variance,20,12.649216259391496,12.662755161700666,12.281330252671948,12.862163064589712,7.656598475567285,12.649216259391496,After the historical event,Event not experienced
2.84,1,1,1,Additive genetic variance,20,2.111554345057505,2.1441964628893064,1.4987948794897248,2.6194097214181116,2.0983983455158364,2.111554345057505,After the historical event,Event experienced
2.84,1,1,1,Nuclear-family environmental variance,20,2.222903825526822,2.1953731486529273,1.898815582006972,2.6091836278306366,2.25,2.222903825526822,After the historical event,Event experienced
2.84,1,1,1,Nonshared environmental variance,20,8.95352179383633,8.916944506003368,8.620824076399956,9.447060298502727,4,8.95352179383633,After the historical event,Event experienced
2.84,1,1,1,Phenotypic variance,20,13.287979964420659,13.263530282431901,12.863157047549306,13.7944673923093,8.348398345515836,13.287979964420659,After the historical event,Event experienced
2.8600000000000003,0,0,0,Additive genetic variance,20,1.3774757677516334,1.4177155425122927,1.1138151193486208,1.6428649943860314,1.3804014478721973,1.3774757677516334,Before the historical event,Event not experienced
2.8600000000000003,0,0,0,Nuclear-family environmental variance,20,2.261676656700068,2.2637807187673964,2.0576319085316523,2.5056974638075444,2.25,2.261676656700068,Before the historical event,Event not experienced
2.8600000000000003,0,0,0,Nonshared environmental variance,20,8.98354127397183,8.987994919299409,8.741979328699575,9.225911638092136,4,8.98354127397183,Before the historical event,Event not experienced
2.8600000000000003,0,0,0,Phenotypic variance,20,12.622693698423532,12.63506012503774,12.257044524613022,12.836151198141412,7.630401447872197,12.622693698423532,Before the historical event,Event not experienced
2.8600000000000003,0,1,0,Additive genetic variance,20,1.3774757677516334,1.4177155425122927,1.1138151193486208,1.6428649943860314,1.3804014478721973,1.3774757677516334,Before the historical event,Event experienced
2.8600000000000003,0,1,0,Nuclear-family environmental variance,20,2.261676656700068,2.2637807187673964,2.0576319085316523,2.5056974638075444,2.25,2.261676656700068,Before the historical event,Event experienced
2.8600000000000003,0,1,0,Nonshared environmental variance,20,8.98354127397183,8.987994919299409,8.741979328699575,9.225911638092136,4,8.98354127397183,Before the historical event,Event experienced
2.8600000000000003,0,1,0,Phenotypic variance,20,12.622693698423532,12.63506012503774,12.257044524613022,12.836151198141412,7.630401447872197,12.622693698423532,Before the historical event,Event experienced
2.8600000000000003,1,0,0,Additive genetic variance,20,1.3774757677516334,1.4177155425122927,1.1138151193486208,1.6428649943860314,1.3804014478721973,1.3774757677516334,After the historical event,Event not experienced
2.8600000000000003,1,0,0,Nuclear-family environmental variance,20,2.261676656700068,2.2637807187673964,2.0576319085316523,2.5056974638075444,2.25,2.261676656700068,After the historical event,Event not experienced
2.8600000000000003,1,0,0,Nonshared environmental variance,20,8.98354127397183,8.987994919299409,8.741979328699575,9.225911638092136,4,8.98354127397183,After the historical event,Event not experienced
2.8600000000000003,1,0,0,Phenotypic variance,20,12.622693698423532,12.63506012503774,12.257044524613022,12.836151198141412,7.630401447872197,12.622693698423532,After the historical event,Event not experienced
2.8600000000000003,1,1,1,Additive genetic variance,20,2.0729476304947503,2.100367931177055,1.4689275060298743,2.577241993302801,2.059316972595513,2.0729476304947503,After the historical event,Event experienced
2.8600000000000003,1,1,1,Nuclear-family environmental variance,20,2.223207949120791,2.195305336813841,1.9005847317795013,2.6060556984605485,2.25,2.223207949120791,After the historical event,Event experienced
2.8600000000000003,1,1,1,Nonshared environmental variance,20,8.952222912491141,8.917805746095457,8.619909461441733,9.445126081315946,4,8.952222912491141,After the historical event,Event experienced
2.8600000000000003,1,1,1,Phenotypic variance,20,13.248378492106681,13.221063201482513,12.824111431789227,13.7470401174287,8.309316972595512,13.248378492106681,After the historical event,Event experienced
2.88,0,0,0,Additive genetic variance,20,1.3521248785026212,1.3923003110301273,1.091088072003213,1.6146639432450076,1.3544755902023313,1.3521248785026212,Before the historical event,Event not experienced
2.88,0,0,0,Nuclear-family environmental variance,20,2.2620559342752435,2.2653924016701494,2.057791597561904,2.5033040806510836,2.25,2.2620559342752435,Before the historical event,Event not experienced
2.88,0,0,0,Nonshared environmental variance,20,8.982243005982289,8.984498375064659,8.741217925223873,9.225759781893764,4,8.982243005982289,Before the historical event,Event not experienced
2.88,0,0,0,Phenotypic variance,20,12.596423818760154,12.609259256585702,12.233127025486105,12.810310875685904,7.604475590202331,12.596423818760154,Before the historical event,Event not experienced
2.88,0,1,0,Additive genetic variance,20,1.3521248785026212,1.3923003110301273,1.091088072003213,1.6146639432450076,1.3544755902023313,1.3521248785026212,Before the historical event,Event experienced
2.88,0,1,0,Nuclear-family environmental variance,20,2.2620559342752435,2.2653924016701494,2.057791597561904,2.5033040806510836,2.25,2.2620559342752435,Before the historical event,Event experienced
2.88,0,1,0,Nonshared environmental variance,20,8.982243005982289,8.984498375064659,8.741217925223873,9.225759781893764,4,8.982243005982289,Before the historical event,Event experienced
2.88,0,1,0,Phenotypic variance,20,12.596423818760154,12.609259256585702,12.233127025486105,12.810310875685904,7.604475590202331,12.596423818760154,Before the historical event,Event experienced
2.88,1,0,0,Additive genetic variance,20,1.3521248785026212,1.3923003110301273,1.091088072003213,1.6146639432450076,1.3544755902023313,1.3521248785026212,After the historical event,Event not experienced
2.88,1,0,0,Nuclear-family environmental variance,20,2.2620559342752435,2.2653924016701494,2.057791597561904,2.5033040806510836,2.25,2.2620559342752435,After the historical event,Event not experienced
2.88,1,0,0,Nonshared environmental variance,20,8.982243005982289,8.984498375064659,8.741217925223873,9.225759781893764,4,8.982243005982289,After the historical event,Event not experienced
2.88,1,0,0,Phenotypic variance,20,12.596423818760154,12.609259256585702,12.233127025486105,12.810310875685904,7.604475590202331,12.596423818760154,After the historical event,Event not experienced
2.88,1,1,1,Additive genetic variance,20,2.034740626706824,2.057089464079897,1.4394190299042031,2.5353929581734578,2.020640137816074,2.034740626706824,After the historical event,Event experienced
2.88,1,1,1,Nuclear-family environmental variance,20,2.223508659528309,2.195557362927752,1.9023791161712258,2.6028719074591127,2.25,2.223508659528309,After the historical event,Event experienced
2.88,1,1,1,Nonshared environmental variance,20,8.950915955975049,8.918685617711597,8.618977283811134,9.443167349691304,4,8.950915955975049,After the historical event,Event experienced
2.88,1,1,1,Phenotypic variance,20,13.209165242210181,13.178983794592229,12.785685663165635,13.700018645672824,8.270640137816073,13.209165242210181,After the historical event,Event experienced
2.9000000000000004,0,0,0,Additive genetic variance,20,1.3270408920369954,1.367140572937744,1.0686465981089448,1.5867032163676797,1.3288240273169776,1.3270408920369954,Before the historical event,Event not experienced
2.9000000000000004,0,0,0,Nuclear-family environmental variance,20,2.2624322380286217,2.2670108374722817,2.057973436802849,2.500848610815122,2.25,2.2624322380286217,Before the historical event,Event not experienced
2.9000000000000004,0,0,0,Nonshared environmental variance,20,8.980936438890696,8.980954738011688,8.74048513753868,9.225609298725127,4,8.980936438890696,Before the historical event,Event not experienced
2.9000000000000004,0,0,0,Phenotypic variance,20,12.570409568956313,12.583767560392822,12.209579132967658,12.784645952578348,7.578824027316978,12.570409568956313,Before the historical event,Event not experienced
2.9000000000000004,0,1,0,Additive genetic variance,20,1.3270408920369954,1.367140572937744,1.0686465981089448,1.5867032163676797,1.3288240273169776,1.3270408920369954,Before the historical event,Event experienced
2.9000000000000004,0,1,0,Nuclear-family environmental variance,20,2.2624322380286217,2.2670108374722817,2.057973436802849,2.500848610815122,2.25,2.2624322380286217,Before the historical event,Event experienced
2.9000000000000004,0,1,0,Nonshared environmental variance,20,8.980936438890696,8.980954738011688,8.74048513753868,9.225609298725127,4,8.980936438890696,Before the historical event,Event experienced
2.9000000000000004,0,1,0,Phenotypic variance,20,12.570409568956313,12.583767560392822,12.209579132967658,12.784645952578348,7.578824027316978,12.570409568956313,Before the historical event,Event experienced
2.9000000000000004,1,0,0,Additive genetic variance,20,1.3270408920369954,1.367140572937744,1.0686465981089448,1.5867032163676797,1.3288240273169776,1.3270408920369954,After the historical event,Event not experienced
2.9000000000000004,1,0,0,Nuclear-family environmental variance,20,2.2624322380286217,2.2670108374722817,2.057973436802849,2.500848610815122,2.25,2.2624322380286217,After the historical event,Event not experienced
2.9000000000000004,1,0,0,Nonshared environmental variance,20,8.980936438890696,8.980954738011688,8.74048513753868,9.225609298725127,4,8.980936438890696,After the historical event,Event not experienced
2.9000000000000004,1,0,0,Phenotypic variance,20,12.570409568956313,12.583767560392822,12.209579132967658,12.784645952578348,7.578824027316978,12.570409568956313,After the historical event,Event not experienced
2.9000000000000004,1,1,1,Additive genetic variance,20,1.9969376085591053,2.0143642202379377,1.4102719469774714,2.4938692472115846,1.9823725027706052,1.9969376085591053,After the historical event,Event experienced
2.9000000000000004,1,1,1,Nuclear-family environmental variance,20,2.223806015379856,2.1957732863493185,1.9041988192711967,2.5996324745583825,2.25,2.223806015379856,After the historical event,Event experienced
2.9000000000000004,1,1,1,Nonshared environmental variance,20,8.949600951196176,8.919584124235648,8.6180275483114,9.441184144358902,4,8.949600951196176,After the historical event,Event experienced
2.9000000000000004,1,1,1,Phenotypic variance,20,13.170344575135138,13.13729601096717,12.747881851881427,13.657322573444072,8.232372502770605,13.170344575135138,After the historical event,Event experienced
2.92,0,0,0,Additive genetic variance,20,1.3022264920112188,1.3422390181500095,1.046492302754126,1.5589873138506918,1.3034496946412926,1.3022264920112188,Before the historical event,Event not experienced
2.92,0,0,0,Nuclear-family environmental variance,20,2.262805626923304,2.268636039375224,2.0581774344041626,2.498331252099553,2.25,2.262805626923304,Before the historical event,Event not experienced
2.92,0,0,0,Nonshared environmental variance,20,8.979621600321966,8.978829091428006,8.739780964156136,9.225460194897455,4,8.979621600321966,Before the historical event,Event not experienced
2.92,0,0,0,Phenotypic variance,20,12.54465371925649,12.55858680970293,12.186402005363565,12.759160144925891,7.553449694641293,12.54465371925649,Before the historical event,Event not experienced
2.92,0,1,0,Additive genetic variance,20,1.3022264920112188,1.3422390181500095,1.046492302754126,1.5589873138506918,1.3034496946412926,1.3022264920112188,Before the historical event,Event experienced
2.92,0,1,0,Nuclear-family environmental variance,20,2.262805626923304,2.268636039375224,2.0581774344041626,2.498331252099553,2.25,2.262805626923304,Before the historical event,Event experienced
2.92,0,1,0,Nonshared environmental variance,20,8.979621600321966,8.978829091428006,8.739780964156136,9.225460194897455,4,8.979621600321966,Before the historical event,Event experienced
2.92,0,1,0,Phenotypic variance,20,12.54465371925649,12.55858680970293,12.186402005363565,12.759160144925891,7.553449694641293,12.54465371925649,Before the historical event,Event experienced
2.92,1,0,0,Additive genetic variance,20,1.3022264920112188,1.3422390181500095,1.046492302754126,1.5589873138506918,1.3034496946412926,1.3022264920112188,After the historical event,Event not experienced
2.92,1,0,0,Nuclear-family environmental variance,20,2.262805626923304,2.268636039375224,2.0581774344041626,2.498331252099553,2.25,2.262805626923304,After the historical event,Event not experienced
2.92,1,0,0,Nonshared environmental variance,20,8.979621600321966,8.978829091428006,8.739780964156136,9.225460194897455,4,8.979621600321966,After the historical event,Event not experienced
2.92,1,0,0,Phenotypic variance,20,12.54465371925649,12.55858680970293,12.186402005363565,12.759160144925891,7.553449694641293,12.54465371925649,After the historical event,Event not experienced
2.92,1,1,1,Additive genetic variance,20,1.9595425791109906,1.9757313347487266,1.3814885205106047,2.4526772453027883,1.9445184465988525,1.9595425791109906,After the historical event,Event experienced
2.92,1,1,1,Nuclear-family environmental variance,20,2.2241000765429284,2.195953122554143,1.9060439264031332,2.5963376233692856,2.25,2.2241000765429284,After the historical event,Event experienced
2.92,1,1,1,Nonshared environmental variance,20,8.948277925505542,8.920501269241502,8.617060259884385,9.439417606395423,4,8.948277925505542,After the historical event,Event experienced
2.92,1,1,1,Phenotypic variance,20,13.131920581159461,13.0960035404975,12.710701741871524,13.618066003660399,8.194518446598853,13.131920581159461,After the historical event,Event experienced
2.9400000000000004,0,0,0,Additive genetic variance,20,1.2776841839068298,1.3170539024482002,1.024626611834277,1.5326443303111592,1.2783553399911787,1.2776841839068298,Before the historical event,Event not experienced
2.9400000000000004,0,0,0,Nuclear-family environmental variance,20,2.263176161168834,2.2702680206436217,2.0584035992627263,2.4957522069644593,2.25,2.263176161168834,Before the historical event,Event not experienced
2.9400000000000004,0,0,0,Nonshared environmental variance,20,8.9782985183473,8.979331307835178,8.739105403905535,9.225312477044234,4,8.9782985183473,Before the historical event,Event not experienced
2.9400000000000004,0,0,0,Phenotypic variance,20,12.519158863422964,12.533718580411374,12.163596585746202,12.733857029902868,7.528355339991179,12.519158863422964,Before the historical event,Event not experienced
2.9400000000000004,0,1,0,Additive genetic variance,20,1.2776841839068298,1.3170539024482002,1.024626611834277,1.5326443303111592,1.2783553399911787,1.2776841839068298,Before the historical event,Event experienced
2.9400000000000004,0,1,0,Nuclear-family environmental variance,20,2.263176161168834,2.2702680206436217,2.0584035992627263,2.4957522069644593,2.25,2.263176161168834,Before the historical event,Event experienced
2.9400000000000004,0,1,0,Nonshared environmental variance,20,8.9782985183473,8.979331307835178,8.739105403905535,9.225312477044234,4,8.9782985183473,Before the historical event,Event experienced
2.9400000000000004,0,1,0,Phenotypic variance,20,12.519158863422964,12.533718580411374,12.163596585746202,12.733857029902868,7.528355339991179,12.519158863422964,Before the historical event,Event experienced
2.9400000000000004,1,0,0,Additive genetic variance,20,1.2776841839068298,1.3170539024482002,1.024626611834277,1.5326443303111592,1.2783553399911787,1.2776841839068298,After the historical event,Event not experienced
2.9400000000000004,1,0,0,Nuclear-family environmental variance,20,2.263176161168834,2.2702680206436217,2.0584035992627263,2.4957522069644593,2.25,2.263176161168834,After the historical event,Event not experienced
2.9400000000000004,1,0,0,Nonshared environmental variance,20,8.9782985183473,8.979331307835178,8.739105403905535,9.225312477044234,4,8.9782985183473,After the historical event,Event not experienced
2.9400000000000004,1,0,0,Phenotypic variance,20,12.519158863422964,12.533718580411374,12.163596585746202,12.733857029902868,7.528355339991179,12.519158863422964,After the historical event,Event not experienced
2.9400000000000004,1,1,1,Additive genetic variance,20,1.9225592724252776,1.9394528145818346,1.3530707844952947,2.411823091479664,1.9070820685604435,1.9225592724252776,After the historical event,Event experienced
2.9400000000000004,1,1,1,Nuclear-family environmental variance,20,2.224390904119861,2.196096888989825,1.907914524132765,2.5929875813537713,2.25,2.224390904119861,After the historical event,Event experienced
2.9400000000000004,1,1,1,Nonshared environmental variance,20,8.946946906696535,8.921437056493122,8.616075423610493,9.437857623907778,4,8.946946906696535,After the historical event,Event experienced
2.9400000000000004,1,1,1,Phenotypic variance,20,13.093897083241675,13.056933821082998,12.674146717723014,13.579190744726873,8.157082068560443,13.093897083241675,After the historical event,Event experienced
2.96,0,0,0,Additive genetic variance,20,1.2534162969658322,1.2917806494610993,1.0023755173049187,1.5079105558074035,1.2535435254140133,1.2534162969658322,Before the historical event,Event not experienced
2.96,0,0,0,Nuclear-family environmental variance,20,2.263543902219331,2.2719067946055267,2.0586519410232462,2.4931116825025237,2.25,2.263543902219331,Before the historical event,Event not experienced
2.96,0,0,0,Nonshared environmental variance,20,8.976967221483656,8.979827314556239,8.738363151877625,9.225166152121208,4,8.976967221483656,Before the historical event,Event not experienced
2.96,0,0,0,Phenotypic variance,20,12.49392742066882,12.509164254220103,12.141163606194008,12.708740046158677,7.503543525414013,12.49392742066882,Before the historical event,Event not experienced
2.96,0,1,0,Additive genetic variance,20,1.2534162969658322,1.2917806494610993,1.0023755173049187,1.5079105558074035,1.2535435254140133,1.2534162969658322,Before the historical event,Event experienced
2.96,0,1,0,Nuclear-family environmental variance,20,2.263543902219331,2.2719067946055267,2.0586519410232462,2.4931116825025237,2.25,2.263543902219331,Before the historical event,Event experienced
2.96,0,1,0,Nonshared environmental variance,20,8.976967221483656,8.979827314556239,8.738363151877625,9.225166152121208,4,8.976967221483656,Before the historical event,Event experienced
2.96,0,1,0,Phenotypic variance,20,12.49392742066882,12.509164254220103,12.141163606194008,12.708740046158677,7.503543525414013,12.49392742066882,Before the historical event,Event experienced
2.96,1,0,0,Additive genetic variance,20,1.2534162969658322,1.2917806494610993,1.0023755173049187,1.5079105558074035,1.2535435254140133,1.2534162969658322,After the historical event,Event not experienced
2.96,1,0,0,Nuclear-family environmental variance,20,2.263543902219331,2.2719067946055267,2.0586519410232462,2.4931116825025237,2.25,2.263543902219331,After the historical event,Event not experienced
2.96,1,0,0,Nonshared environmental variance,20,8.976967221483656,8.979827314556239,8.738363151877625,9.225166152121208,4,8.976967221483656,After the historical event,Event not experienced
2.96,1,0,0,Phenotypic variance,20,12.49392742066882,12.509164254220103,12.141163606194008,12.708740046158677,7.503543525414013,12.49392742066882,After the historical event,Event not experienced
2.96,1,1,1,Additive genetic variance,20,1.8859911565349872,1.90355081825497,1.3250205471114103,2.3713126795310586,1.8700671907809325,1.8859911565349872,After the historical event,Event experienced
2.96,1,1,1,Nuclear-family environmental variance,20,2.2246785604455885,2.1962046050723583,1.9098107002752882,2.589582579796481,2.25,2.2246785604455885,After the historical event,Event experienced
2.96,1,1,1,Nonshared environmental variance,20,8.94560792300441,8.922391489944598,8.615073044708613,9.436293356295021,4,8.94560792300441,After the historical event,Event experienced
2.96,1,1,1,Phenotypic variance,20,13.056277639984984,13.019948665819339,12.638217811764518,13.54070044419717,8.120067190780933,13.056277639984984,After the historical event,Event experienced
2.9800000000000004,0,0,0,Additive genetic variance,20,1.229424986226839,1.2668013248790886,0.9793113512451392,1.483373658674962,1.2290166291412346,1.229424986226839,Before the historical event,Event not experienced
2.9800000000000004,0,0,0,Nuclear-family environmental variance,20,2.263908912771577,2.27355237465259,2.0589224700789175,2.4904098904108407,2.25,2.263908912771577,Before the historical event,Event not experienced
2.9800000000000004,0,0,0,Nonshared environmental variance,20,8.97562773869322,8.977700609657642,8.737583018571359,9.225021227406376,4,8.97562773869322,Before the historical event,Event not experienced
2.9800000000000004,0,0,0,Phenotypic variance,20,12.468961637691637,12.484925021888388,12.118828289461716,12.683812494316413,7.479016629141235,12.468961637691637,Before the historical event,Event not experienced
2.9800000000000004,0,1,0,Additive genetic variance,20,1.229424986226839,1.2668013248790886,0.9793113512451392,1.483373658674962,1.2290166291412346,1.229424986226839,Before the historical event,Event experienced
2.9800000000000004,0,1,0,Nuclear-family environmental variance,20,2.263908912771577,2.27355237465259,2.0589224700789175,2.4904098904108407,2.25,2.263908912771577,Before the historical event,Event experienced
2.9800000000000004,0,1,0,Nonshared environmental variance,20,8.97562773869322,8.977700609657642,8.737583018571359,9.225021227406376,4,8.97562773869322,Before the historical event,Event experienced
2.9800000000000004,0,1,0,Phenotypic variance,20,12.468961637691637,12.484925021888388,12.118828289461716,12.683812494316413,7.479016629141235,12.468961637691637,Before the historical event,Event experienced
2.9800000000000004,1,0,0,Additive genetic variance,20,1.229424986226839,1.2668013248790886,0.9793113512451392,1.483373658674962,1.2290166291412346,1.229424986226839,After the historical event,Event not experienced
2.9800000000000004,1,0,0,Nuclear-family environmental variance,20,2.263908912771577,2.27355237465259,2.0589224700789175,2.4904098904108407,2.25,2.263908912771577,After the historical event,Event not experienced
2.9800000000000004,1,0,0,Nonshared environmental variance,20,8.97562773869322,8.977700609657642,8.737583018571359,9.225021227406376,4,8.97562773869322,After the historical event,Event not experienced
2.9800000000000004,1,0,0,Phenotypic variance,20,12.468961637691637,12.484925021888388,12.118828289461716,12.683812494316413,7.479016629141235,12.468961637691637,After the historical event,Event not experienced
2.9800000000000004,1,1,1,Additive genetic variance,20,1.8498414365615137,1.868029244996531,1.2971587917715994,2.3311516587743526,1.8334773611647157,1.8498414365615137,After the historical event,Event experienced
2.9800000000000004,1,1,1,Nuclear-family environmental variance,20,2.2249631090853654,2.196276292182332,1.9117325439029362,2.5861228537759464,2.25,2.2249631090853654,After the historical event,Event experienced
2.9800000000000004,1,1,1,Nonshared environmental variance,20,8.944261003105726,8.923364573740212,8.61405312853606,9.434724815354592,4,8.944261003105726,After the historical event,Event experienced
2.9800000000000004,1,1,1,Phenotypic variance,20,13.019065548752605,12.983284118506173,12.602915711313251,13.50259848557885,8.083477361164716,13.019065548752605,After the historical event,Event experienced
3,0,0,0,Additive genetic variance,20,1.205712234658024,1.2421177046035083,0.9565989298347688,1.4590370732562459,1.2047768476488083,1.205712234658024,Before the historical event,Event not experienced
3,0,0,0,Nuclear-family environmental variance,20,2.264271256763061,2.275204774240253,2.0592151975721324,2.487647046962164,2.25,2.264271256763061,Before the historical event,Event not experienced
3,0,0,0,Nonshared environmental variance,20,8.974280099382858,8.973099394855176,8.736830465003461,9.2248777105,4,8.974280099382858,Before the historical event,Event not experienced
3,0,0,0,Phenotypic variance,20,12.444263590803942,12.461001886573897,12.096859451871406,12.659077537560336,7.454776847648809,12.444263590803942,Before the historical event,Event not experienced
3,0,1,0,Additive genetic variance,20,1.205712234658024,1.2421177046035083,0.9565989298347688,1.4590370732562459,1.2047768476488083,1.205712234658024,Before the historical event,Event experienced
3,0,1,0,Nuclear-family environmental variance,20,2.264271256763061,2.275204774240253,2.0592151975721324,2.487647046962164,2.25,2.264271256763061,Before the historical event,Event experienced
3,0,1,0,Nonshared environmental variance,20,8.974280099382858,8.973099394855176,8.736830465003461,9.2248777105,4,8.974280099382858,Before the historical event,Event experienced
3,0,1,0,Phenotypic variance,20,12.444263590803942,12.461001886573897,12.096859451871406,12.659077537560336,7.454776847648809,12.444263590803942,Before the historical event,Event experienced
3,1,0,0,Additive genetic variance,20,1.205712234658024,1.2421177046035083,0.9565989298347688,1.4590370732562459,1.2047768476488083,1.205712234658024,After the historical event,Event not experienced
3,1,0,0,Nuclear-family environmental variance,20,2.264271256763061,2.275204774240253,2.0592151975721324,2.487647046962164,2.25,2.264271256763061,After the historical event,Event not experienced
3,1,0,0,Nonshared environmental variance,20,8.974280099382858,8.973099394855176,8.736830465003461,9.2248777105,4,8.974280099382858,After the historical event,Event not experienced
3,1,0,0,Phenotypic variance,20,12.444263590803942,12.461001886573897,12.096859451871406,12.659077537560336,7.454776847648809,12.444263590803942,After the historical event,Event not experienced
3,1,1,1,Additive genetic variance,20,1.8141130579780997,1.8328917471791777,1.269617749771617,2.2913454349874876,1.7973158564688865,1.8141130579780997,After the historical event,Event experienced
3,1,1,1,Nuclear-family environmental variance,20,2.2252446148324334,2.1963119736609427,1.9136801453526604,2.5826086421353294,2.25,2.2252446148324334,After the historical event,Event experienced
3,1,1,1,Nonshared environmental variance,20,8.94290617611783,8.9243563122145,8.613015680588507,9.434982260154094,4,8.94290617611783,After the historical event,Event experienced
3,1,1,1,Phenotypic variance,20,12.982263848928364,12.946943903267348,12.568240766068508,13.464887991734233,8.047315856468886,12.982263848928364,After the historical event,Event experienced
