time,historical_period,event_experienced,event_effect,component,n_replications,recovered_mean,recovered_median,recovered_lower,recovered_upper,population_variance,recovered_central,historical_period_label,event_experience_label
-3,0,0,0,Additive genetic variance,5,0.2647468070312094,0.24200305263188987,0.19468707642783073,0.37019041056871577,0.36287181315764994,0.2647468070312094,Before the historical event,Event not experienced
-3,0,0,0,Nuclear-family environmental variance,5,2.1504909968464525,2.111489700728915,1.4929818657861544,2.873245458084384,2.25,2.1504909968464525,Before the historical event,Event not experienced
-3,0,0,0,Nonshared environmental variance,5,3.8533117515495405,3.8081912350194496,3.5596030991150527,4.162174530637776,4,3.8533117515495405,Before the historical event,Event not experienced
-3,0,0,0,Phenotypic variance,5,6.268549555427202,6.1962764804797406,5.904557409554921,6.84623930881762,6.61287181315765,6.268549555427202,Before the historical event,Event not experienced
-3,0,1,0,Additive genetic variance,5,0.2647468070312094,0.24200305263188987,0.19468707642783073,0.37019041056871577,0.36287181315764994,0.2647468070312094,Before the historical event,Event experienced
-3,0,1,0,Nuclear-family environmental variance,5,2.1504909968464525,2.111489700728915,1.4929818657861544,2.873245458084384,2.25,2.1504909968464525,Before the historical event,Event experienced
-3,0,1,0,Nonshared environmental variance,5,3.8533117515495405,3.8081912350194496,3.5596030991150527,4.162174530637776,4,3.8533117515495405,Before the historical event,Event experienced
-3,0,1,0,Phenotypic variance,5,6.268549555427202,6.1962764804797406,5.904557409554921,6.84623930881762,6.61287181315765,6.268549555427202,Before the historical event,Event experienced
-2.98,0,0,0,Additive genetic variance,5,0.2725309528482216,0.2500491613739597,0.20097939933169928,0.3795978042104091,0.3731459537791037,0.2725309528482216,Before the historical event,Event not experienced
-2.98,0,0,0,Nuclear-family environmental variance,5,2.1507157432605557,2.110116702498402,1.4947472590598148,2.8696470695174376,2.25,2.1507157432605557,Before the historical event,Event not experienced
-2.98,0,0,0,Nonshared environmental variance,5,3.8564531372931556,3.810332293073605,3.562755000855139,4.166658398826174,4,3.8564531372931556,Before the historical event,Event not experienced
-2.98,0,0,0,Phenotypic variance,5,6.279699833401932,6.20681777881326,5.918923798077844,6.852565761232322,6.623145953779104,6.279699833401932,Before the historical event,Event not experienced
-2.98,0,1,0,Additive genetic variance,5,0.2725309528482216,0.2500491613739597,0.20097939933169928,0.3795978042104091,0.3731459537791037,0.2725309528482216,Before the historical event,Event experienced
-2.98,0,1,0,Nuclear-family environmental variance,5,2.1507157432605557,2.110116702498402,1.4947472590598148,2.8696470695174376,2.25,2.1507157432605557,Before the historical event,Event experienced
-2.98,0,1,0,Nonshared environmental variance,5,3.8564531372931556,3.810332293073605,3.562755000855139,4.166658398826174,4,3.8564531372931556,Before the historical event,Event experienced
-2.98,0,1,0,Phenotypic variance,5,6.279699833401932,6.20681777881326,5.918923798077844,6.852565761232322,6.623145953779104,6.279699833401932,Before the historical event,Event experienced
-2.96,0,0,0,Additive genetic variance,5,0.2805027772917529,0.258315306726441,0.20727040200669605,0.3891913927124122,0.3836496015713771,0.2805027772917529,Before the historical event,Event not experienced
-2.96,0,0,0,Nuclear-family environmental variance,5,2.1509428263262853,2.1087544856249267,1.496518734707958,2.8660585124354307,2.25,2.1509428263262853,Before the historical event,Event not experienced
-2.96,0,0,0,Nonshared environmental variance,5,3.859578501985553,3.812465064832539,3.5658980155940148,4.171114167528061,4,3.859578501985553,Before the historical event,Event not experienced
-2.96,0,0,0,Phenotypic variance,5,6.291024105603591,6.217523999050578,5.93348551410426,6.859045500310767,6.633649601571378,6.291024105603591,Before the historical event,Event not experienced
-2.96,0,1,0,Additive genetic variance,5,0.2805027772917529,0.258315306726441,0.20727040200669605,0.3891913927124122,0.3836496015713771,0.2805027772917529,Before the historical event,Event experienced
-2.96,0,1,0,Nuclear-family environmental variance,5,2.1509428263262853,2.1087544856249267,1.496518734707958,2.8660585124354307,2.25,2.1509428263262853,Before the historical event,Event experienced
-2.96,0,1,0,Nonshared environmental variance,5,3.859578501985553,3.812465064832539,3.5658980155940148,4.171114167528061,4,3.859578501985553,Before the historical event,Event experienced
-2.96,0,1,0,Phenotypic variance,5,6.291024105603591,6.217523999050578,5.93348551410426,6.859045500310767,6.633649601571378,6.291024105603591,Before the historical event,Event experienced
-2.94,0,0,0,Additive genetic variance,5,0.2886653412540715,0.2668056742692048,0.2137236767958434,0.3989732401183019,0.39438580870744855,0.2886653412540715,Before the historical event,Event not experienced
-2.94,0,0,0,Nuclear-family environmental variance,5,2.1511722161827618,2.107403030376826,1.4982963009086447,2.862479754420969,2.25,2.1511722161827618,Before the historical event,Event not experienced
-2.94,0,0,0,Nonshared environmental variance,5,3.862687797257556,3.8145895350373236,3.569032114379625,4.175541733096086,4,3.862687797257556,Before the historical event,Event not experienced
-2.94,0,0,0,Phenotypic variance,5,6.30252535469439,6.228398761272132,5.948246492087445,6.865681179417578,6.644385808707448,6.30252535469439,Before the historical event,Event not experienced
-2.94,0,1,0,Additive genetic variance,5,0.2886653412540715,0.2668056742692048,0.2137236767958434,0.3989732401183019,0.39438580870744855,0.2886653412540715,Before the historical event,Event experienced
-2.94,0,1,0,Nuclear-family environmental variance,5,2.1511722161827618,2.107403030376826,1.4982963009086447,2.862479754420969,2.25,2.1511722161827618,Before the historical event,Event experienced
-2.94,0,1,0,Nonshared environmental variance,5,3.862687797257556,3.8145895350373236,3.569032114379625,4.175541733096086,4,3.862687797257556,Before the historical event,Event experienced
-2.94,0,1,0,Phenotypic variance,5,6.30252535469439,6.228398761272132,5.948246492087445,6.865681179417578,6.644385808707448,6.30252535469439,Before the historical event,Event experienced
-2.92,0,0,0,Additive genetic variance,5,0.29702170527058314,0.27552446190319785,0.2203421488637555,0.4089453846243133,0.4053575998439434,0.29702170527058314,Before the historical event,Event not experienced
-2.92,0,0,0,Nuclear-family environmental variance,5,2.1514038830813114,2.106062317186475,1.500079965948675,2.8589107631843853,2.25,2.1514038830813114,Before the historical event,Event not experienced
-2.92,0,0,0,Nonshared environmental variance,5,3.865780974976112,3.8167056884825237,3.5721572683311327,4.179940992453739,4,3.865780974976112,Before the historical event,Event not experienced
-2.92,0,0,0,Phenotypic variance,5,6.314206563328007,6.239445704978113,5.9632106766395605,6.872475458335146,6.655357599843944,6.314206563328007,Before the historical event,Event not experienced
-2.92,0,1,0,Additive genetic variance,5,0.29702170527058314,0.27552446190319785,0.2203421488637555,0.4089453846243133,0.4053575998439434,0.29702170527058314,Before the historical event,Event experienced
-2.92,0,1,0,Nuclear-family environmental variance,5,2.1514038830813114,2.106062317186475,1.500079965948675,2.8589107631843853,2.25,2.1514038830813114,Before the historical event,Event experienced
-2.92,0,1,0,Nonshared environmental variance,5,3.865780974976112,3.8167056884825237,3.5721572683311327,4.179940992453739,4,3.865780974976112,Before the historical event,Event experienced
-2.92,0,1,0,Phenotypic variance,5,6.314206563328007,6.239445704978113,5.9632106766395605,6.872475458335146,6.655357599843944,6.314206563328007,Before the historical event,Event experienced
-2.9,0,0,0,Additive genetic variance,5,0.3055749274981443,0.2844758771192516,0.22712875240836997,0.4191098368014798,0.41656796938864216,0.3055749274981443,Before the historical event,Event not experienced
-2.9,0,0,0,Nuclear-family environmental variance,5,2.1516377973862673,2.1047323266498124,1.5018697382244366,2.8553515065633315,2.25,2.1516377973862673,Before the historical event,Event not experienced
-2.9,0,0,0,Nonshared environmental variance,5,3.868857987245758,3.8188135100163714,3.5752734486394155,4.184311843099389,4,3.868857987245758,Before the historical event,Event not experienced
-2.9,0,0,0,Phenotypic variance,5,6.326070712130169,6.2506684870310245,5.978382019877124,6.879431001691055,6.666567969388642,6.326070712130169,Before the historical event,Event not experienced
-2.9,0,1,0,Additive genetic variance,5,0.3055749274981443,0.2844758771192516,0.22712875240836997,0.4191098368014798,0.41656796938864216,0.3055749274981443,Before the historical event,Event experienced
-2.9,0,1,0,Nuclear-family environmental variance,5,2.1516377973862673,2.1047323266498124,1.5018697382244366,2.8553515065633315,2.25,2.1516377973862673,Before the historical event,Event experienced
-2.9,0,1,0,Nonshared environmental variance,5,3.868857987245758,3.8188135100163714,3.5752734486394155,4.184311843099389,4,3.868857987245758,Before the historical event,Event experienced
-2.9,0,1,0,Phenotypic variance,5,6.326070712130169,6.2506684870310245,5.978382019877124,6.879431001691055,6.666567969388642,6.326070712130169,Before the historical event,Event experienced
-2.88,0,0,0,Additive genetic variance,5,0.31432806163290405,0.2936641341684343,0.23408642899897592,0.4294685777921182,0.428019878716284,0.31432806163290405,Before the historical event,Event not experienced
-2.88,0,0,0,Nuclear-family environmental variance,5,2.151873929575767,2.1034130395258757,1.5036656262427552,2.8518019525223717,2.25,2.151873929575767,Before the historical event,Event not experienced
-2.88,0,0,0,Nonshared environmental variance,5,3.8719187864100792,3.820912984540949,3.578380626567549,4.188654183110295,4,3.8719187864100792,Before the historical event,Event not experienced
-2.88,0,0,0,Phenotypic variance,5,6.338120777618751,6.262070779514129,5.9937644786737065,6.886550477334048,6.6780198787162846,6.338120777618751,Before the historical event,Event not experienced
-2.88,0,1,0,Additive genetic variance,5,0.31432806163290405,0.2936641341684343,0.23408642899897592,0.4294685777921182,0.428019878716284,0.31432806163290405,Before the historical event,Event experienced
-2.88,0,1,0,Nuclear-family environmental variance,5,2.151873929575767,2.1034130395258757,1.5036656262427552,2.8518019525223717,2.25,2.151873929575767,Before the historical event,Event experienced
-2.88,0,1,0,Nonshared environmental variance,5,3.8719187864100792,3.820912984540949,3.578380626567549,4.188654183110295,4,3.8719187864100792,Before the historical event,Event experienced
-2.88,0,1,0,Phenotypic variance,5,6.338120777618751,6.262070779514129,5.9937644786737065,6.886550477334048,6.6780198787162846,6.338120777618751,Before the historical event,Event experienced
-2.86,0,0,0,Additive genetic variance,5,0.3232841547678759,0.3030934511338978,0.24121812585664257,0.44002355748150507,0.4397162533339329,0.3232841547678759,Before the historical event,Event not experienced
-2.86,0,0,0,Nuclear-family environmental variance,5,2.1521122502425647,2.1021044367363344,1.5054676386217505,2.848262069152584,2.25,2.1521122502425647,Before the historical event,Event not experienced
-2.86,0,0,0,Nonshared environmental variance,5,3.874963325053163,3.82300409701237,3.581478773451304,4.192967911146608,4,3.874963325053163,Before the historical event,Event not experienced
-2.86,0,0,0,Phenotypic variance,5,6.350359730063604,6.2736562675054,6.0093620118199045,6.893836554658559,6.689716253333932,6.350359730063604,Before the historical event,Event not experienced
-2.86,0,1,0,Additive genetic variance,5,0.3232841547678759,0.3030934511338978,0.24121812585664257,0.44002355748150507,0.4397162533339329,0.3232841547678759,Before the historical event,Event experienced
-2.86,0,1,0,Nuclear-family environmental variance,5,2.1521122502425647,2.1021044367363344,1.5054676386217505,2.848262069152584,2.25,2.1521122502425647,Before the historical event,Event experienced
-2.86,0,1,0,Nonshared environmental variance,5,3.874963325053163,3.82300409701237,3.581478773451304,4.192967911146608,4,3.874963325053163,Before the historical event,Event experienced
-2.86,0,1,0,Phenotypic variance,5,6.350359730063604,6.2736562675054,6.0093620118199045,6.893836554658559,6.689716253333932,6.350359730063604,Before the historical event,Event experienced
-2.84,0,0,0,Additive genetic variance,5,0.3324462451905226,0.3127680469043001,0.24852679407697983,0.45077669264564585,0.4516599799972751,0.3324462451905226,Before the historical event,Event not experienced
-2.84,0,0,0,Nuclear-family environmental variance,5,2.1523527300948335,2.1008064993650324,1.507275784091691,2.8447318246711615,2.25,2.1523527300948335,Before the historical event,Event not experienced
-2.84,0,0,0,Nonshared environmental variance,5,3.877991556001043,3.825086832440958,3.58456786069963,4.197252926455345,4,3.877991556001043,Before the historical event,Event not experienced
-2.84,0,0,0,Phenotypic variance,5,6.362790531286399,6.285428646766612,6.025178577090708,6.901291902877825,6.701659979997276,6.362790531286399,Before the historical event,Event not experienced
-2.84,0,1,0,Additive genetic variance,5,0.3324462451905226,0.3127680469043001,0.24852679407697983,0.45077669264564585,0.4516599799972751,0.3324462451905226,Before the historical event,Event experienced
-2.84,0,1,0,Nuclear-family environmental variance,5,2.1523527300948335,2.1008064993650324,1.507275784091691,2.8447318246711615,2.25,2.1523527300948335,Before the historical event,Event experienced
-2.84,0,1,0,Nonshared environmental variance,5,3.877991556001043,3.825086832440958,3.58456786069963,4.197252926455345,4,3.877991556001043,Before the historical event,Event experienced
-2.84,0,1,0,Phenotypic variance,5,6.362790531286399,6.285428646766612,6.025178577090708,6.901291902877825,6.701659979997276,6.362790531286399,Before the historical event,Event experienced
-2.82,0,0,0,Additive genetic variance,5,0.3418173601207136,0.3226921380490169,0.2560153867952242,0.46172986507607683,0.4638539037793014,0.3418173601207136,Before the historical event,Event not experienced
-2.82,0,0,0,Nuclear-family environmental variance,5,2.1525953399569797,2.099519208657532,1.5090900714958588,2.841211187421007,2.25,2.1525953399569797,Before the historical event,Event not experienced
-2.82,0,0,0,Nonshared environmental variance,5,3.881003432323136,3.8287114908898605,3.5874928282952987,4.201509128874343,4,3.881003432323136,Before the historical event,Event not experienced
-2.82,0,0,0,Phenotypic variance,5,6.375416132400829,6.29739162134735,6.041218128220577,6.908919189245708,6.7138539037793015,6.375416132400829,Before the historical event,Event not experienced
-2.82,0,1,0,Additive genetic variance,5,0.3418173601207136,0.3226921380490169,0.2560153867952242,0.46172986507607683,0.4638539037793014,0.3418173601207136,Before the historical event,Event experienced
-2.82,0,1,0,Nuclear-family environmental variance,5,2.1525953399569797,2.099519208657532,1.5090900714958588,2.841211187421007,2.25,2.1525953399569797,Before the historical event,Event experienced
-2.82,0,1,0,Nonshared environmental variance,5,3.881003432323136,3.8287114908898605,3.5874928282952987,4.201509128874343,4,3.881003432323136,Before the historical event,Event experienced
-2.82,0,1,0,Phenotypic variance,5,6.375416132400829,6.29739162134735,6.041218128220577,6.908919189245708,6.7138539037793015,6.375416132400829,Before the historical event,Event experienced
-2.8,0,0,0,Additive genetic variance,5,0.3514005133894961,0.3328699355954853,0.26368685729370767,0.4728849196826863,0.47630082509292465,0.3514005133894961,Before the historical event,Event not experienced
-2.8,0,0,0,Nuclear-family environmental variance,5,2.152840050770454,2.098242546020661,1.510910509791412,2.8377001258703376,2.25,2.152840050770454,Before the historical event,Event not experienced
-2.8,0,0,0,Nonshared environmental variance,5,3.8839989073336763,3.832441155507011,3.590397337992217,4.205736418836198,4,3.8839989073336763,Before the historical event,Event not experienced
-2.8,0,0,0,Phenotypic variance,5,6.388239471493626,6.309548901103817,6.057484611786594,6.916721077227407,6.726300825092925,6.388239471493626,Before the historical event,Event not experienced
-2.8,0,1,0,Additive genetic variance,5,0.3514005133894961,0.3328699355954853,0.26368685729370767,0.4728849196826863,0.47630082509292465,0.3514005133894961,Before the historical event,Event experienced
-2.8,0,1,0,Nuclear-family environmental variance,5,2.152840050770454,2.098242546020661,1.510910509791412,2.8377001258703376,2.25,2.152840050770454,Before the historical event,Event experienced
-2.8,0,1,0,Nonshared environmental variance,5,3.8839989073336763,3.832441155507011,3.590397337992217,4.205736418836198,4,3.8839989073336763,Before the historical event,Event experienced
-2.8,0,1,0,Phenotypic variance,5,6.388239471493626,6.309548901103817,6.057484611786594,6.916721077227407,6.726300825092925,6.388239471493626,Before the historical event,Event experienced
-2.78,0,0,0,Additive genetic variance,5,0.3611987030592073,0.3433056417091701,0.27154415705184465,0.4842436625755905,0.4890034966691808,0.3611987030592073,Before the historical event,Event not experienced
-2.78,0,0,0,Nuclear-family environmental variance,5,2.1530868335945703,2.0969764930220665,1.512737108050255,2.834198608612291,2.25,2.1530868335945703,Before the historical event,Event not experienced
-2.78,0,0,0,Nonshared environmental variance,5,3.8869779345931414,3.836150855009917,3.593293857067447,4.209934697372183,4,3.8869779345931414,Before the historical event,Event not experienced
-2.78,0,0,0,Phenotypic variance,5,6.401263471246919,6.321904199132399,6.073981964000257,6.92470022461929,6.739003496669181,6.401263471246919,Before the historical event,Event not experienced
-2.78,0,1,0,Additive genetic variance,5,0.3611987030592073,0.3433056417091701,0.27154415705184465,0.4842436625755905,0.4890034966691808,0.3611987030592073,Before the historical event,Event experienced
-2.78,0,1,0,Nuclear-family environmental variance,5,2.1530868335945703,2.0969764930220665,1.512737108050255,2.834198608612291,2.25,2.1530868335945703,Before the historical event,Event experienced
-2.78,0,1,0,Nonshared environmental variance,5,3.8869779345931414,3.836150855009917,3.593293857067447,4.209934697372183,4,3.8869779345931414,Before the historical event,Event experienced
-2.78,0,1,0,Phenotypic variance,5,6.401263471246919,6.321904199132399,6.073981964000257,6.92470022461929,6.739003496669181,6.401263471246919,Before the historical event,Event experienced
-2.76,0,0,0,Additive genetic variance,5,0.3712149089855361,0.35400344627677877,0.2795902337388305,0.4958078591271424,0.5019646204927511,0.3712149089855361,Before the historical event,Event not experienced
-2.76,0,0,0,Nuclear-family environmental variance,5,2.1533356596073245,2.0957210313897723,1.5145698754599084,2.830706604364531,2.25,2.1533356596073245,Before the historical event,Event not experienced
-2.76,0,0,0,Nonshared environmental variance,5,3.889940467909669,3.839840524410236,3.5961823622492473,4.214103866116139,4,3.889940467909669,Before the historical event,Event not experienced
-2.76,0,0,0,Phenotypic variance,5,6.41449103650253,6.334461229118073,6.0907141074085605,6.9328592816181445,6.7519646204927515,6.41449103650253,Before the historical event,Event not experienced
-2.76,0,1,0,Additive genetic variance,5,0.3712149089855361,0.35400344627677877,0.2795902337388305,0.4958078591271424,0.5019646204927511,0.3712149089855361,Before the historical event,Event experienced
-2.76,0,1,0,Nuclear-family environmental variance,5,2.1533356596073245,2.0957210313897723,1.5145698754599084,2.830706604364531,2.25,2.1533356596073245,Before the historical event,Event experienced
-2.76,0,1,0,Nonshared environmental variance,5,3.889940467909669,3.839840524410236,3.5961823622492473,4.214103866116139,4,3.889940467909669,Before the historical event,Event experienced
-2.76,0,1,0,Phenotypic variance,5,6.41449103650253,6.334461229118073,6.0907141074085605,6.9328592816181445,6.7519646204927515,6.41449103650253,Before the historical event,Event experienced
-2.74,0,0,0,Additive genetic variance,5,0.3814520903222331,0.364967523393499,0.2878280291493287,0.5075792320151966,0.5151868446966414,0.3814520903222331,Before the historical event,Event not experienced
-2.74,0,0,0,Nuclear-family environmental variance,5,2.1535865001062158,2.094476143011737,1.5164088213243876,2.8272240819688483,2.25,2.1535865001062158,Before the historical event,Event not experienced
-2.74,0,0,0,Nonshared environmental variance,5,3.8928864613404692,3.843510099026739,3.599062830316287,4.218243827308357,4,3.8928864613404692,Before the historical event,Event not experienced
-2.74,0,0,0,Phenotypic variance,5,6.427925051768918,6.3472237025978675,6.107684947505191,6.941200888840196,6.7651868446966414,6.427925051768918,Before the historical event,Event not experienced
-2.74,0,1,0,Additive genetic variance,5,0.3814520903222331,0.364967523393499,0.2878280291493287,0.5075792320151966,0.5151868446966414,0.3814520903222331,Before the historical event,Event experienced
-2.74,0,1,0,Nuclear-family environmental variance,5,2.1535865001062158,2.094476143011737,1.5164088213243876,2.8272240819688483,2.25,2.1535865001062158,Before the historical event,Event experienced
-2.74,0,1,0,Nonshared environmental variance,5,3.8928864613404692,3.843510099026739,3.599062830316287,4.218243827308357,4,3.8928864613404692,Before the historical event,Event experienced
-2.74,0,1,0,Phenotypic variance,5,6.427925051768918,6.3472237025978675,6.107684947505191,6.941200888840196,6.7651868446966414,6.427925051768918,Before the historical event,Event experienced
-2.7199999999999998,0,0,0,Additive genetic variance,5,0.39191318296925604,0.3762020277551879,0.2962604770824915,0.5195594592488028,0.528672760417952,0.39191318296925604,Before the historical event,Event not experienced
-2.7199999999999998,0,0,0,Nuclear-family environmental variance,5,2.1538393265090696,2.093241809935421,1.518253955065078,2.8237510103907746,2.25,2.1538393265090696,Before the historical event,Event not experienced
-2.7199999999999998,0,0,0,Nonshared environmental variance,5,3.895815869193229,3.8471595144872075,3.6019352380979464,4.222354483799428,4,3.895815869193229,Before the historical event,Event not experienced
-2.7199999999999998,0,0,0,Phenotypic variance,5,6.441568378671555,6.360195326139659,6.124898369252774,6.949727675290368,6.778672760417952,6.441568378671555,Before the historical event,Event not experienced
-2.7199999999999998,0,1,0,Additive genetic variance,5,0.39191318296925604,0.3762020277551879,0.2962604770824915,0.5195594592488028,0.528672760417952,0.39191318296925604,Before the historical event,Event experienced
-2.7199999999999998,0,1,0,Nuclear-family environmental variance,5,2.1538393265090696,2.093241809935421,1.518253955065078,2.8237510103907746,2.25,2.1538393265090696,Before the historical event,Event experienced
-2.7199999999999998,0,1,0,Nonshared environmental variance,5,3.895815869193229,3.8471595144872075,3.6019352380979464,4.222354483799428,4,3.895815869193229,Before the historical event,Event experienced
-2.7199999999999998,0,1,0,Phenotypic variance,5,6.441568378671555,6.360195326139659,6.124898369252774,6.949727675290368,6.778672760417952,6.441568378671555,Before the historical event,Event experienced
-2.7,0,0,0,Additive genetic variance,5,0.4026010969652235,0.38771109095658257,0.30489050116473565,0.5317501721775374,0.5424248986167587,0.4026010969652235,Before the historical event,Event not experienced
-2.7,0,0,0,Nuclear-family environmental variance,5,2.1540941103548676,2.092018014367354,1.5201052862216204,2.8202873587191903,2.25,2.1540941103548676,Before the historical event,Event not experienced
-2.7,0,0,0,Nonshared environmental variance,5,3.8987286460275103,3.850788706730308,3.604799562474628,4.226435739054076,4,3.8987286460275103,Before the historical event,Event not experienced
-2.7,0,0,0,Phenotypic variance,5,6.455423853347601,6.373379798436761,6.142358233517267,6.9584422562822414,6.792424898616758,6.455423853347601,Before the historical event,Event not experienced
-2.7,0,1,0,Additive genetic variance,5,0.4026010969652235,0.38771109095658257,0.30489050116473565,0.5317501721775374,0.5424248986167587,0.4026010969652235,Before the historical event,Event experienced
-2.7,0,1,0,Nuclear-family environmental variance,5,2.1540941103548676,2.092018014367354,1.5201052862216204,2.8202873587191903,2.25,2.1540941103548676,Before the historical event,Event experienced
-2.7,0,1,0,Nonshared environmental variance,5,3.8987286460275103,3.850788706730308,3.604799562474628,4.226435739054076,4,3.8987286460275103,Before the historical event,Event experienced
-2.7,0,1,0,Phenotypic variance,5,6.455423853347601,6.373379798436761,6.142358233517267,6.9584422562822414,6.792424898616758,6.455423853347601,Before the historical event,Event experienced
-2.68,0,0,0,Additive genetic variance,5,0.413518713825154,0.39949881769677753,0.31372101261677976,0.544152953485743,0.5564457268602363,0.413518713825154,Before the historical event,Event not experienced
-2.68,0,0,0,Nuclear-family environmental variance,5,2.154350823304575,2.0908047386727078,1.5219628244527956,2.8168330961659387,2.25,2.154350823304575,Before the historical event,Event not experienced
-2.68,0,0,0,Nonshared environmental variance,5,3.901624746656139,3.8543976120074634,3.6076557803780744,4.230487497154973,4,3.901624746656139,Before the historical event,Event not experienced
-2.68,0,0,0,Phenotypic variance,5,6.469494283785869,6.386780807318845,6.160068373415757,6.967347231309315,6.806445726860236,6.469494283785869,Before the historical event,Event not experienced
-2.68,0,1,0,Additive genetic variance,5,0.413518713825154,0.39949881769677753,0.31372101261677976,0.544152953485743,0.5564457268602363,0.413518713825154,Before the historical event,Event experienced
-2.68,0,1,0,Nuclear-family environmental variance,5,2.154350823304575,2.0908047386727078,1.5219628244527956,2.8168330961659387,2.25,2.154350823304575,Before the historical event,Event experienced
-2.68,0,1,0,Nonshared environmental variance,5,3.901624746656139,3.8543976120074634,3.6076557803780744,4.230487497154973,4,3.901624746656139,Before the historical event,Event experienced
-2.68,0,1,0,Phenotypic variance,5,6.469494283785869,6.386780807318845,6.160068373415757,6.967347231309315,6.806445726860236,6.469494283785869,Before the historical event,Event experienced
-2.66,0,0,0,Additive genetic variance,5,0.424668883824542,0.41156928189334957,0.3227549079655146,0.5567693351729683,0.5707376460742317,0.424668883824542,Before the historical event,Event not experienced
-2.66,0,0,0,Nuclear-family environmental variance,5,2.154609437141973,2.089601965374872,1.5238265795374137,2.81338819206543,2.25,2.154609437141973,Before the historical event,Event not experienced
-2.66,0,0,0,Nonshared environmental variance,5,3.9045041261465894,3.85798616688472,3.610503868791665,4.23450966280653,4,3.9045041261465894,Before the historical event,Event not experienced
-2.66,0,0,0,Phenotypic variance,5,6.4837824471131045,6.400402026679847,6.178032590579028,6.976445181868182,6.820737646074232,6.4837824471131045,Before the historical event,Event not experienced
-2.66,0,1,0,Additive genetic variance,5,0.424668883824542,0.41156928189334957,0.3227549079655146,0.5567693351729683,0.5707376460742317,0.424668883824542,Before the historical event,Event experienced
-2.66,0,1,0,Nuclear-family environmental variance,5,2.154609437141973,2.089601965374872,1.5238265795374137,2.81338819206543,2.25,2.154609437141973,Before the historical event,Event experienced
-2.66,0,1,0,Nonshared environmental variance,5,3.9045041261465894,3.85798616688472,3.610503868791665,4.23450966280653,4,3.9045041261465894,Before the historical event,Event experienced
-2.66,0,1,0,Phenotypic variance,5,6.4837824471131045,6.400402026679847,6.178032590579028,6.976445181868182,6.820737646074232,6.4837824471131045,Before the historical event,Event experienced
-2.64,0,0,0,Additive genetic variance,5,0.4360544232309369,0.42392652270669445,0.33199506670137574,0.5696007965219669,0.5853029872646032,0.4360544232309369,Before the historical event,Event not experienced
-2.64,0,0,0,Nuclear-family environmental variance,5,2.154869923774493,2.0884096771550373,1.5256965613752071,2.809952615874268,2.25,2.154869923774493,Before the historical event,Event not experienced
-2.64,0,0,0,Nonshared environmental variance,5,3.9073667398223595,3.8615543082446018,3.6133438047507367,4.238502141338659,4,3.9073667398223595,Before the historical event,Event not experienced
-2.64,0,0,0,Phenotypic variance,5,6.4982910868277894,6.414247113323718,6.196254651330462,6.985738669234369,6.835302987264603,6.4982910868277894,Before the historical event,Event not experienced
-2.64,0,1,0,Additive genetic variance,5,0.4360544232309369,0.42392652270669445,0.33199506670137574,0.5696007965219669,0.5853029872646032,0.4360544232309369,Before the historical event,Event experienced
-2.64,0,1,0,Nuclear-family environmental variance,5,2.154869923774493,2.0884096771550373,1.5256965613752071,2.809952615874268,2.25,2.154869923774493,Before the historical event,Event experienced
-2.64,0,1,0,Nonshared environmental variance,5,3.9073667398223595,3.8615543082446018,3.6133438047507367,4.238502141338659,4,3.9073667398223595,Before the historical event,Event experienced
-2.64,0,1,0,Phenotypic variance,5,6.4982910868277894,6.414247113323718,6.196254651330462,6.985738669234369,6.835302987264603,6.4982910868277894,Before the historical event,Event experienced
-2.62,0,0,0,Additive genetic variance,5,0.4476781114842735,0.4365745404762917,0.3414443488819578,0.5826487620556415,0.6001440082107344,0.4476781114842735,Before the historical event,Event not experienced
-2.62,0,0,0,Nuclear-family environmental variance,5,2.155132255234053,2.0872278568517766,1.5275727799877272,2.806526337170854,2.25,2.155132255234053,Before the historical event,Event not experienced
-2.62,0,0,0,Nonshared environmental variance,5,3.9102125432643406,3.865101973287961,3.6161755653428815,4.242464838710535,4,3.9102125432643406,Before the historical event,Event not experienced
-2.62,0,0,0,Phenotypic variance,5,6.513022909982667,6.428319703728874,6.214738282782959,6.995230232191601,6.8501440082107345,6.513022909982667,Before the historical event,Event not experienced
-2.62,0,1,0,Additive genetic variance,5,0.4476781114842735,0.4365745404762917,0.3414443488819578,0.5826487620556415,0.6001440082107344,0.4476781114842735,Before the historical event,Event experienced
-2.62,0,1,0,Nuclear-family environmental variance,5,2.155132255234053,2.0872278568517766,1.5275727799877272,2.806526337170854,2.25,2.155132255234053,Before the historical event,Event experienced
-2.62,0,1,0,Nonshared environmental variance,5,3.9102125432643406,3.865101973287961,3.6161755653428815,4.242464838710535,4,3.9102125432643406,Before the historical event,Event experienced
-2.62,0,1,0,Phenotypic variance,5,6.513022909982667,6.428319703728874,6.214738282782959,6.995230232191601,6.8501440082107345,6.513022909982667,Before the historical event,Event experienced
-2.6,0,0,0,Additive genetic variance,5,0.4595426883273052,0.4495172925707833,0.35110559268270025,0.5959145994843741,0.6152628901337169,0.4595426883273052,Before the historical event,Event not experienced
-2.6,0,0,0,Nuclear-family environmental variance,5,2.1553964036778965,2.086056487460634,1.529455245519243,2.803109325655013,2.25,2.1553964036778965,Before the historical event,Event not experienced
-2.6,0,0,0,Nonshared environmental variance,5,3.9130414923121766,3.8686290995358155,3.6189991277082623,4.246397661514301,4,3.9130414923121766,Before the historical event,Event not experienced
-2.6,0,0,0,Phenotypic variance,5,6.527980584317378,6.442623410732491,6.233487168855745,7.004922384715364,6.865262890133717,6.527980584317378,Before the historical event,Event not experienced
-2.6,0,1,0,Additive genetic variance,5,0.4595426883273052,0.4495172925707833,0.35110559268270025,0.5959145994843741,0.6152628901337169,0.4595426883273052,Before the historical event,Event experienced
-2.6,0,1,0,Nuclear-family environmental variance,5,2.1553964036778965,2.086056487460634,1.529455245519243,2.803109325655013,2.25,2.1553964036778965,Before the historical event,Event experienced
-2.6,0,1,0,Nonshared environmental variance,5,3.9130414923121766,3.8686290995358155,3.6189991277082623,4.246397661514301,4,3.9130414923121766,Before the historical event,Event experienced
-2.6,0,1,0,Phenotypic variance,5,6.527980584317378,6.442623410732491,6.233487168855745,7.004922384715364,6.865262890133717,6.527980584317378,Before the historical event,Event experienced
-2.58,0,0,0,Additive genetic variance,5,0.4716508508875885,0.462758689153926,0.36098161189555583,0.6093996176452163,0.6306617343417972,0.4716508508875885,Before the historical event,Event not experienced
-2.58,0,0,0,Nuclear-family environmental variance,5,2.1556623413894336,2.0848955521337205,1.531343968237644,2.799701551147607,2.25,2.1556623413894336,Before the historical event,Event not experienced
-2.58,0,0,0,Nonshared environmental variance,5,3.91585354306562,3.872135624831185,3.621814469039914,4.250300516978788,4,3.91585354306562,Before the historical event,Event not experienced
-2.58,0,0,0,Phenotypic variance,5,6.543166735342641,6.457161820135777,6.25250494621307,7.014817613611707,6.880661734341797,6.543166735342641,Before the historical event,Event not experienced
-2.58,0,1,0,Additive genetic variance,5,0.4716508508875885,0.462758689153926,0.36098161189555583,0.6093996176452163,0.6306617343417972,0.4716508508875885,Before the historical event,Event experienced
-2.58,0,1,0,Nuclear-family environmental variance,5,2.1556623413894336,2.0848955521337205,1.531343968237644,2.799701551147607,2.25,2.1556623413894336,Before the historical event,Event experienced
-2.58,0,1,0,Nonshared environmental variance,5,3.91585354306562,3.872135624831185,3.621814469039914,4.250300516978788,4,3.91585354306562,Before the historical event,Event experienced
-2.58,0,1,0,Phenotypic variance,5,6.543166735342641,6.457161820135777,6.25250494621307,7.014817613611707,6.880661734341797,6.543166735342641,Before the historical event,Event experienced
-2.56,0,0,0,Additive genetic variance,5,0.4840052507125663,0.476302588868641,0.3710751933766438,0.6231050644344636,0.6463425588557716,0.4840052507125663,Before the historical event,Event not experienced
-2.56,0,0,0,Nuclear-family environmental variance,5,2.1559300407790833,2.083745034179305,1.5332389585353492,2.796302983590153,2.25,2.1559300407790833,Before the historical event,Event not experienced
-2.56,0,0,0,Nonshared environmental variance,5,3.9186486518858765,3.875621487340912,3.6246215665840555,4.254173312973185,4,3.9186486518858765,Before the historical event,Event not experienced
-2.56,0,0,0,Phenotypic variance,5,6.558583943377526,6.471938487231615,6.2717952001269826,7.024918376112288,6.896342558855771,6.558583943377526,Before the historical event,Event not experienced
-2.56,0,1,0,Additive genetic variance,5,0.4840052507125663,0.476302588868641,0.3710751933766438,0.6231050644344636,0.6463425588557716,0.4840052507125663,Before the historical event,Event experienced
-2.56,0,1,0,Nuclear-family environmental variance,5,2.1559300407790833,2.083745034179305,1.5332389585353492,2.796302983590153,2.25,2.1559300407790833,Before the historical event,Event experienced
-2.56,0,1,0,Nonshared environmental variance,5,3.9186486518858765,3.875621487340912,3.6246215665840555,4.254173312973185,4,3.9186486518858765,Before the historical event,Event experienced
-2.56,0,1,0,Phenotypic variance,5,6.558583943377526,6.471938487231615,6.2717952001269826,7.024918376112288,6.896342558855771,6.558583943377526,Before the historical event,Event experienced
-2.54,0,0,0,Additive genetic variance,5,0.4966084907593973,0.49015279444156556,0.38138909444397295,0.6370321247351728,0.6623072950171032,0.4966084907593973,Before the historical event,Event not experienced
-2.54,0,0,0,Nuclear-family environmental variance,5,2.1561994743851214,2.0826049170614187,1.535140226930213,2.7929135930444513,2.25,2.1561994743851214,Before the historical event,Event not experienced
-2.54,0,0,0,Nonshared environmental variance,5,3.9214267753969447,3.8790866255574774,3.627420397640389,4.2580159580107,4,3.9214267753969447,Before the historical event,Event not experienced
-2.54,0,0,0,Phenotypic variance,5,6.574234740541463,6.486956933256015,6.291361460266506,7.03522709742678,6.912307295017103,6.574234740541463,Before the historical event,Event not experienced
-2.54,0,1,0,Additive genetic variance,5,0.4966084907593973,0.49015279444156556,0.38138909444397295,0.6370321247351728,0.6623072950171032,0.4966084907593973,Before the historical event,Event experienced
-2.54,0,1,0,Nuclear-family environmental variance,5,2.1561994743851214,2.0826049170614187,1.535140226930213,2.7929135930444513,2.25,2.1561994743851214,Before the historical event,Event experienced
-2.54,0,1,0,Nonshared environmental variance,5,3.9214267753969447,3.8790866255574774,3.627420397640389,4.2580159580107,4,3.9214267753969447,Before the historical event,Event experienced
-2.54,0,1,0,Phenotypic variance,5,6.574234740541463,6.486956933256015,6.291361460266506,7.03522709742678,6.912307295017103,6.574234740541463,Before the historical event,Event experienced
-2.52,0,0,0,Additive genetic variance,5,0.50946312234128,0.5043130482106782,0.39192604022641137,0.6511819183412294,0.678557784081625,0.50946312234128,Before the historical event,Event not experienced
-2.52,0,0,0,Nuclear-family environmental variance,5,2.1564706148745243,2.0814751843994563,1.5370477840664414,2.7895333496922032,2.25,2.1564706148745243,Before the historical event,Event not experienced
-2.52,0,0,0,Nonshared environmental variance,5,3.924187870486948,3.882530978300811,3.6302109395624127,4.261828361252196,4,3.924187870486948,Before the historical event,Event not experienced
-2.52,0,0,0,Phenotypic variance,5,6.590121607702753,6.5022206417650255,6.311207196415738,7.045746168253784,6.928557784081625,6.590121607702753,Before the historical event,Event not experienced
-2.52,0,1,0,Additive genetic variance,5,0.50946312234128,0.5043130482106782,0.39192604022641137,0.6511819183412294,0.678557784081625,0.50946312234128,Before the historical event,Event experienced
-2.52,0,1,0,Nuclear-family environmental variance,5,2.1564706148745243,2.0814751843994563,1.5370477840664414,2.7895333496922032,2.25,2.1564706148745243,Before the historical event,Event experienced
-2.52,0,1,0,Nonshared environmental variance,5,3.924187870486948,3.882530978300811,3.6302109395624127,4.261828361252196,4,3.924187870486948,Before the historical event,Event experienced
-2.52,0,1,0,Phenotypic variance,5,6.590121607702753,6.5022206417650255,6.311207196415738,7.045746168253784,6.928557784081625,6.590121607702753,Before the historical event,Event experienced
-2.5,0,0,0,Additive genetic variance,5,0.5225716420321195,0.5187870275787533,0.40268872096516956,0.6655554978796019,0.6950957738017804,0.5225716420321195,Before the historical event,Event not experienced
-2.5,0,0,0,Nuclear-family environmental variance,5,2.156743435043821,2.080355819967786,1.5389616407155078,2.7861622238346353,2.25,2.156743435043821,Before the historical event,Event not experienced
-2.5,0,0,0,Nonshared environmental variance,5,3.9269318943094547,3.885954484720085,3.63299316975772,4.2656104325097965,4,3.9269318943094547,Before the historical event,Event not experienced
-2.5,0,0,0,Phenotypic variance,5,6.606246971385396,6.517733054938853,6.331335814123513,7.056477942251502,6.94509577380178,6.606246971385396,Before the historical event,Event not experienced
-2.5,0,1,0,Additive genetic variance,5,0.5225716420321195,0.5187870275787533,0.40268872096516956,0.6655554978796019,0.6950957738017804,0.5225716420321195,Before the historical event,Event experienced
-2.5,0,1,0,Nuclear-family environmental variance,5,2.156743435043821,2.080355819967786,1.5389616407155078,2.7861622238346353,2.25,2.156743435043821,Before the historical event,Event experienced
-2.5,0,1,0,Nonshared environmental variance,5,3.9269318943094547,3.885954484720085,3.63299316975772,4.2656104325097965,4,3.9269318943094547,Before the historical event,Event experienced
-2.5,0,1,0,Phenotypic variance,5,6.606246971385396,6.517733054938853,6.331335814123513,7.056477942251502,6.94509577380178,6.606246971385396,Before the historical event,Event experienced
-2.48,0,0,0,Additive genetic variance,5,0.5359364885314873,0.5335783403955683,0.4136797892691511,0.6801538467324677,0.7119229150004391,0.5359364885314873,Before the historical event,Event not experienced
-2.48,0,0,0,Nuclear-family environmental variance,5,2.1570179078199443,2.079246807695359,1.5408818077770723,2.7828001858921265,2.25,2.1570179078199443,Before the historical event,Event not experienced
-2.48,0,0,0,Nonshared environmental variance,5,3.929658804284797,3.8893570842955096,3.6357670656883063,4.269362082250478,4,3.929658804284797,Before the historical event,Event not experienced
-2.48,0,0,0,Phenotypic variance,5,6.622613200636229,6.533497569815104,6.351750650287481,7.067424733469526,6.961922915000439,6.622613200636229,Before the historical event,Event not experienced
-2.48,0,1,0,Additive genetic variance,5,0.5359364885314873,0.5335783403955683,0.4136797892691511,0.6801538467324677,0.7119229150004391,0.5359364885314873,Before the historical event,Event experienced
-2.48,0,1,0,Nuclear-family environmental variance,5,2.1570179078199443,2.079246807695359,1.5408818077770723,2.7828001858921265,2.25,2.1570179078199443,Before the historical event,Event experienced
-2.48,0,1,0,Nonshared environmental variance,5,3.929658804284797,3.8893570842955096,3.6357670656883063,4.269362082250478,4,3.929658804284797,Before the historical event,Event experienced
-2.48,0,1,0,Phenotypic variance,5,6.622613200636229,6.533497569815104,6.351750650287481,7.067424733469526,6.961922915000439,6.622613200636229,Before the historical event,Event experienced
-2.46,0,0,0,Additive genetic variance,5,0.5495600394919281,0.5486905202719767,0.42490185732562025,0.694977876960929,0.7290407581394106,0.5495600394919281,Before the historical event,Event not experienced
-2.46,0,0,0,Nuclear-family environmental variance,5,2.157294006261081,2.0781481316653263,1.542808296279905,2.7794472064038334,2.25,2.157294006261081,Before the historical event,Event not experienced
-2.46,0,0,0,Nonshared environmental variance,5,3.9323685581013765,3.8927387168401113,3.638532604870874,4.273083221599635,4,3.9323685581013765,Before the historical event,Event not experienced
-2.46,0,0,0,Phenotypic variance,5,6.639222603854385,6.549517534453212,6.372454968675605,7.078588813743114,6.97904075813941,6.639222603854385,Before the historical event,Event not experienced
-2.46,0,1,0,Additive genetic variance,5,0.5495600394919281,0.5486905202719767,0.42490185732562025,0.694977876960929,0.7290407581394106,0.5495600394919281,Before the historical event,Event experienced
-2.46,0,1,0,Nuclear-family environmental variance,5,2.157294006261081,2.0781481316653263,1.542808296279905,2.7794472064038334,2.25,2.157294006261081,Before the historical event,Event experienced
-2.46,0,1,0,Nonshared environmental variance,5,3.9323685581013765,3.8927387168401113,3.638532604870874,4.273083221599635,4,3.9323685581013765,Before the historical event,Event experienced
-2.46,0,1,0,Phenotypic variance,5,6.639222603854385,6.549517534453212,6.372454968675605,7.078588813743114,6.97904075813941,6.639222603854385,Before the historical event,Event experienced
-2.44,0,0,0,Additive genetic variance,5,0.563444608310764,0.5641270218291239,0.4363574940677242,0.7100284272320715,0.7464507498858595,0.563444608310764,Before the historical event,Event not experienced
-2.44,0,0,0,Nuclear-family environmental variance,5,2.1575717035575317,2.0770597761146585,1.544741117382814,2.7761032560273216,2.25,2.1575717035575317,Before the historical event,Event not experienced
-2.44,0,0,0,Nonshared environmental variance,5,3.9350611137169667,3.8960993225015095,3.6412897648771345,4.276773762344618,4,3.9350611137169667,Before the historical event,Event not experienced
-2.44,0,0,0,Phenotypic variance,5,6.656077425585263,6.565796244032259,6.393451955388216,7.089972410051481,6.9964507498858595,6.656077425585263,Before the historical event,Event not experienced
-2.44,0,1,0,Additive genetic variance,5,0.563444608310764,0.5641270218291239,0.4363574940677242,0.7100284272320715,0.7464507498858595,0.563444608310764,Before the historical event,Event experienced
-2.44,0,1,0,Nuclear-family environmental variance,5,2.1575717035575317,2.0770597761146585,1.544741117382814,2.7761032560273216,2.25,2.1575717035575317,Before the historical event,Event experienced
-2.44,0,1,0,Nonshared environmental variance,5,3.9350611137169667,3.8960993225015095,3.6412897648771345,4.276773762344618,4,3.9350611137169667,Before the historical event,Event experienced
-2.44,0,1,0,Phenotypic variance,5,6.656077425585263,6.565796244032259,6.393451955388216,7.089972410051481,6.9964507498858595,6.656077425585263,Before the historical event,Event experienced
-2.42,0,0,0,Additive genetic variance,5,0.577592440888655,0.5798912158862752,0.44804922230050376,0.7253062607511627,0.7641542296799063,0.577592440888655,Before the historical event,Event not experienced
-2.42,0,0,0,Nuclear-family environmental variance,5,2.1578509730325646,2.0759817254337674,1.5466802823755743,2.7727683055381918,2.25,2.1578509730325646,Before the historical event,Event not experienced
-2.42,0,0,0,Nonshared environmental variance,5,3.937736429360002,3.8994388417636756,3.6440385233341086,4.280433616938249,4,3.937736429360002,Before the historical event,Event not experienced
-2.42,0,0,0,Phenotypic variance,5,6.673179843281221,6.5823369368845235,6.414744714263978,7.101577701841645,7.014154229679907,6.673179843281221,Before the historical event,Event not experienced
-2.42,0,1,0,Additive genetic variance,5,0.577592440888655,0.5798912158862752,0.44804922230050376,0.7253062607511627,0.7641542296799063,0.577592440888655,Before the historical event,Event experienced
-2.42,0,1,0,Nuclear-family environmental variance,5,2.1578509730325646,2.0759817254337674,1.5466802823755743,2.7727683055381918,2.25,2.1578509730325646,Before the historical event,Event experienced
-2.42,0,1,0,Nonshared environmental variance,5,3.937736429360002,3.8994388417636756,3.6440385233341086,4.280433616938249,4,3.937736429360002,Before the historical event,Event experienced
-2.42,0,1,0,Phenotypic variance,5,6.673179843281221,6.5823369368845235,6.414744714263978,7.101577701841645,7.014154229679907,6.673179843281221,Before the historical event,Event experienced
-2.4,0,0,0,Additive genetic variance,5,0.5920057123572695,0.5959863845908958,0.45997951578711355,0.7408120632008086,0.7821524263067797,0.5920057123572695,Before the historical event,Event not experienced
-2.4,0,0,0,Nuclear-family environmental variance,5,2.158131788143273,2.074913964166134,1.54862580267986,2.7694423258297096,2.25,2.158131788143273,Before the historical event,Event not experienced
-2.4,0,0,0,Nonshared environmental variance,5,3.9403944635308634,3.902757215448691,3.646778857924435,4.28406269850232,4,3.9403944635308634,Before the historical event,Event not experienced
-2.4,0,0,0,Phenotypic variance,5,6.690531964031406,6.599142790467307,6.4363362622332785,7.113406818319492,7.03215242630678,6.690531964031406,Before the historical event,Event not experienced
-2.4,0,1,0,Additive genetic variance,5,0.5920057123572695,0.5959863845908958,0.45997951578711355,0.7408120632008086,0.7821524263067797,0.5920057123572695,Before the historical event,Event experienced
-2.4,0,1,0,Nuclear-family environmental variance,5,2.158131788143273,2.074913964166134,1.54862580267986,2.7694423258297096,2.25,2.158131788143273,Before the historical event,Event experienced
-2.4,0,1,0,Nonshared environmental variance,5,3.9403944635308634,3.902757215448691,3.646778857924435,4.28406269850232,4,3.9403944635308634,Before the historical event,Event experienced
-2.4,0,1,0,Phenotypic variance,5,6.690531964031406,6.599142790467307,6.4363362622332785,7.113406818319492,7.03215242630678,6.690531964031406,Before the historical event,Event experienced
-2.38,0,0,0,Additive genetic variance,5,0.6066865237785244,0.6124157164948003,0.4721507962970735,0.7565464406889353,0.8004464544769518,0.6066865237785244,Before the historical event,Event not experienced
-2.38,0,0,0,Nuclear-family environmental variance,5,2.15841412248144,2.0738564770079395,1.550577689850184,2.766125287912445,2.25,2.15841412248144,Before the historical event,Event not experienced
-2.38,0,0,0,Nonshared environmental variance,5,3.9430351750031534,3.906054384718498,3.649510746386664,4.287660920831049,4,3.9430351750031534,Before the historical event,Event not experienced
-2.38,0,0,0,Phenotypic variance,5,6.708135821263118,6.616216917275648,6.458229524622646,7.1254618357098165,7.050446454476952,6.708135821263118,Before the historical event,Event not experienced
-2.38,0,1,0,Additive genetic variance,5,0.6066865237785244,0.6124157164948003,0.4721507962970735,0.7565464406889353,0.8004464544769518,0.6066865237785244,Before the historical event,Event experienced
-2.38,0,1,0,Nuclear-family environmental variance,5,2.15841412248144,2.0738564770079395,1.550577689850184,2.766125287912445,2.25,2.15841412248144,Before the historical event,Event experienced
-2.38,0,1,0,Nonshared environmental variance,5,3.9430351750031534,3.906054384718498,3.649510746386664,4.287660920831049,4,3.9430351750031534,Before the historical event,Event experienced
-2.38,0,1,0,Phenotypic variance,5,6.708135821263118,6.616216917275648,6.458229524622646,7.1254618357098165,7.050446454476952,6.708135821263118,Before the historical event,Event experienced
-2.36,0,0,0,Additive genetic variance,5,0.6216368988179517,0.6291823015803732,0.4845654306184569,0.7725099177074778,0.8190373114177745,0.6216368988179517,Before the historical event,Event not experienced
-2.36,0,0,0,Nuclear-family environmental variance,5,2.1586979497743966,2.0728092488076983,1.5525359555748341,2.7628171629138984,2.25,2.1586979497743966,Before the historical event,Event not experienced
-2.36,0,0,0,Nonshared environmental variance,5,3.945658522824964,3.9093302910766283,3.6522341665155635,4.291228198394544,4,3.945658522824964,Before the historical event,Event not experienced
-2.36,0,0,0,Phenotypic variance,5,6.725993371417313,6.633562360698768,6.480427330414127,7.137744774487093,7.069037311417775,6.725993371417313,Before the historical event,Event not experienced
-2.36,0,1,0,Additive genetic variance,5,0.6216368988179517,0.6291823015803732,0.4845654306184569,0.7725099177074778,0.8190373114177745,0.6216368988179517,Before the historical event,Event experienced
-2.36,0,1,0,Nuclear-family environmental variance,5,2.1586979497743966,2.0728092488076983,1.5525359555748341,2.7628171629138984,2.25,2.1586979497743966,Before the historical event,Event experienced
-2.36,0,1,0,Nonshared environmental variance,5,3.945658522824964,3.9093302910766283,3.6522341665155635,4.291228198394544,4,3.945658522824964,Before the historical event,Event experienced
-2.36,0,1,0,Phenotypic variance,5,6.725993371417313,6.633562360698768,6.480427330414127,7.137744774487093,7.069037311417775,6.725993371417313,Before the historical event,Event experienced
-2.34,0,0,0,Additive genetic variance,5,0.6368587803948506,0.6462891262410312,0.4972257275360239,0.7887029351037045,0.8379258734801921,0.6368587803948506,Before the historical event,Event not experienced
-2.34,0,0,0,Nuclear-family environmental variance,5,2.1589832438858854,2.071772264565898,1.5545006116768196,2.759517922078139,2.25,2.1589832438858854,Before the historical event,Event not experienced
-2.34,0,0,0,Nonshared environmental variance,5,3.9482644663201385,3.912584876369939,3.6549490961624214,4.2947644463421994,4,3.9482644663201385,Before the historical event,Event not experienced
-2.34,0,0,0,Phenotypic variance,5,6.744106490600874,6.651182090823193,6.502932407463499,7.150257596578941,7.0879258734801915,6.744106490600874,Before the historical event,Event not experienced
-2.34,0,1,0,Additive genetic variance,5,0.6368587803948506,0.6462891262410312,0.4972257275360239,0.7887029351037045,0.8379258734801921,0.6368587803948506,Before the historical event,Event experienced
-2.34,0,1,0,Nuclear-family environmental variance,5,2.1589832438858854,2.071772264565898,1.5545006116768196,2.759517922078139,2.25,2.1589832438858854,Before the historical event,Event experienced
-2.34,0,1,0,Nonshared environmental variance,5,3.9482644663201385,3.912584876369939,3.6549490961624214,4.2947644463421994,4,3.9482644663201385,Before the historical event,Event experienced
-2.34,0,1,0,Phenotypic variance,5,6.744106490600874,6.651182090823193,6.502932407463499,7.150257596578941,7.0879258734801915,6.744106490600874,Before the historical event,Event experienced
-2.32,0,0,0,Additive genetic variance,5,0.6523540273119794,0.6637390682202754,0.5101339347773912,0.8051258480661243,0.8571128927641797,0.6523540273119794,Before the historical event,Event not experienced
-2.32,0,0,0,Nuclear-family environmental variance,5,2.159269978816928,2.070745509434639,1.556471670114815,2.7562275367654405,2.25,2.159269978816928,Before the historical event,Event not experienced
-2.32,0,0,0,Nonshared environmental variance,5,3.9508529650895166,3.9158180827903304,3.657655513235338,4.298269580506104,4,3.9508529650895166,Before the historical event,Event not experienced
-2.32,0,0,0,Phenotypic variance,5,6.762476971218423,6.669079000185677,6.525747377681578,7.163002202544206,7.10711289276418,6.762476971218423,Before the historical event,Event not experienced
-2.32,0,1,0,Additive genetic variance,5,0.6523540273119794,0.6637390682202754,0.5101339347773912,0.8051258480661243,0.8571128927641797,0.6523540273119794,Before the historical event,Event experienced
-2.32,0,1,0,Nuclear-family environmental variance,5,2.159269978816928,2.070745509434639,1.556471670114815,2.7562275367654405,2.25,2.159269978816928,Before the historical event,Event experienced
-2.32,0,1,0,Nonshared environmental variance,5,3.9508529650895166,3.9158180827903304,3.657655513235338,4.298269580506104,4,3.9508529650895166,Before the historical event,Event experienced
-2.32,0,1,0,Phenotypic variance,5,6.762476971218423,6.669079000185677,6.525747377681578,7.163002202544206,7.10711289276418,6.762476971218423,Before the historical event,Event experienced
-2.3,0,0,0,Additive genetic variance,5,0.6681244108676453,0.6815348915138598,0.523292235929433,0.8217789241269547,0.8765989937666194,0.6681244108676453,Before the historical event,Event not experienced
-2.3,0,0,0,Nuclear-family environmental variance,5,2.15955812870669,2.0697289687172837,1.5584491429841119,2.7529459784519212,2.25,2.15955812870669,Before the historical event,Event not experienced
-2.3,0,0,0,Nonshared environmental variance,5,3.953423979012184,3.9190298528764536,3.6603533956995333,4.301743517404405,4,3.953423979012184,Before the historical event,Event not experienced
-2.3,0,0,0,Phenotypic variance,5,6.781106518586519,6.687255899479171,6.548874752182886,7.175980428727737,7.12659899376662,6.781106518586519,Before the historical event,Event not experienced
-2.3,0,1,0,Additive genetic variance,5,0.6681244108676453,0.6815348915138598,0.523292235929433,0.8217789241269547,0.8765989937666194,0.6681244108676453,Before the historical event,Event experienced
-2.3,0,1,0,Nuclear-family environmental variance,5,2.15955812870669,2.0697289687172837,1.5584491429841119,2.7529459784519212,2.25,2.15955812870669,Before the historical event,Event experienced
-2.3,0,1,0,Nonshared environmental variance,5,3.953423979012184,3.9190298528764536,3.6603533956995333,4.301743517404405,4,3.953423979012184,Before the historical event,Event experienced
-2.3,0,1,0,Phenotypic variance,5,6.781106518586519,6.687255899479171,6.548874752182886,7.175980428727737,7.12659899376662,6.781106518586519,Before the historical event,Event experienced
-2.2800000000000002,0,0,0,Additive genetic variance,5,0.684171611453136,0.6996792412397645,0.5367027473271866,0.8386623411831511,0.8963846700553841,0.684171611453136,Before the historical event,Event not experienced
-2.2800000000000002,0,0,0,Nuclear-family environmental variance,5,2.1598476678333483,2.068722627868103,1.560433042517571,2.7496732187291784,2.25,2.1598476678333483,Before the historical event,Event not experienced
-2.2800000000000002,0,0,0,Nonshared environmental variance,5,3.9559774682467044,3.922220129515416,3.663042721577641,4.305186174244654,4,3.9559774682467044,Before the historical event,Event not experienced
-2.2800000000000002,0,0,0,Phenotypic variance,5,6.799996747533188,6.709190573342621,6.571969420393431,7.189194044393986,7.146384670055384,6.799996747533188,Before the historical event,Event not experienced
-2.2800000000000002,0,1,0,Additive genetic variance,5,0.684171611453136,0.6996792412397645,0.5367027473271866,0.8386623411831511,0.8963846700553841,0.684171611453136,Before the historical event,Event experienced
-2.2800000000000002,0,1,0,Nuclear-family environmental variance,5,2.1598476678333483,2.068722627868103,1.560433042517571,2.7496732187291784,2.25,2.1598476678333483,Before the historical event,Event experienced
-2.2800000000000002,0,1,0,Nonshared environmental variance,5,3.9559774682467044,3.922220129515416,3.663042721577641,4.305186174244654,4,3.9559774682467044,Before the historical event,Event experienced
-2.2800000000000002,0,1,0,Phenotypic variance,5,6.799996747533188,6.709190573342621,6.571969420393431,7.189194044393986,7.146384670055384,6.799996747533188,Before the historical event,Event experienced
-2.26,0,0,0,Additive genetic variance,5,0.7004972151385482,0.7181746384808426,0.5503675149176448,0.8557761855380336,0.9164702809734635,0.7004972151385482,Before the historical event,Event not experienced
-2.26,0,0,0,Nuclear-family environmental variance,5,2.160138570614962,2.0677264724919304,1.562423381086578,2.7464092293039304,2.25,2.160138570614962,Before the historical event,Event not experienced
-2.26,0,0,0,Nonshared environmental variance,5,3.9585133932323435,3.925388855944466,3.665723468950007,4.308597468927123,4,3.9585133932323435,Before the historical event,Event not experienced
-2.26,0,0,0,Phenotypic variance,5,6.819149178985853,6.731371671767354,6.59538505556932,7.202644748841639,7.1664702809734635,6.819149178985853,Before the historical event,Event not experienced
-2.26,0,1,0,Additive genetic variance,5,0.7004972151385482,0.7181746384808426,0.5503675149176448,0.8557761855380336,0.9164702809734635,0.7004972151385482,Before the historical event,Event experienced
-2.26,0,1,0,Nuclear-family environmental variance,5,2.160138570614962,2.0677264724919304,1.562423381086578,2.7464092293039304,2.25,2.160138570614962,Before the historical event,Event experienced
-2.26,0,1,0,Nonshared environmental variance,5,3.9585133932323435,3.925388855944466,3.665723468950007,4.308597468927123,4,3.9585133932323435,Before the historical event,Event experienced
-2.26,0,1,0,Phenotypic variance,5,6.819149178985853,6.731371671767354,6.59538505556932,7.202644748841639,7.1664702809734635,6.819149178985853,Before the historical event,Event experienced
-2.24,0,0,0,Additive genetic variance,5,0.7171027102501382,0.7370234751051589,0.5642885111008847,0.8731204499655465,0.9368560483769987,0.7171027102501382,Before the historical event,Event not experienced
-2.24,0,0,0,Nuclear-family environmental variance,5,2.160430811610341,2.0667404883438194,1.5644201712020032,2.7431539819976605,2.25,2.160430811610341,Before the historical event,Event not experienced
-2.24,0,0,0,Nonshared environmental variance,5,3.961031714690289,3.9285359757526837,3.6683956159549878,4.311977320048093,4,3.961031714690289,Before the historical event,Event not experienced
-2.24,0,0,0,Phenotypic variance,5,6.838565236550768,6.753785999752937,6.6191253804680805,7.2163341685015805,7.186856048376999,6.838565236550768,Before the historical event,Event not experienced
-2.24,0,1,0,Additive genetic variance,5,0.7171027102501382,0.7370234751051589,0.5642885111008847,0.8731204499655465,0.9368560483769987,0.7171027102501382,Before the historical event,Event experienced
-2.24,0,1,0,Nuclear-family environmental variance,5,2.160430811610341,2.0667404883438194,1.5644201712020032,2.7431539819976605,2.25,2.160430811610341,Before the historical event,Event experienced
-2.24,0,1,0,Nonshared environmental variance,5,3.961031714690289,3.9285359757526837,3.6683956159549878,4.311977320048093,4,3.961031714690289,Before the historical event,Event experienced
-2.24,0,1,0,Phenotypic variance,5,6.838565236550768,6.753785999752937,6.6191253804680805,7.2163341685015805,7.186856048376999,6.838565236550768,Before the historical event,Event experienced
-2.2199999999999998,0,0,0,Additive genetic variance,5,0.7339894839424429,0.7562280085692334,0.5784676315511057,0.8906950317992438,0.9575420534111857,0.7339894839424429,Before the historical event,Event not experienced
-2.2199999999999998,0,0,0,Nuclear-family environmental variance,5,2.1607243655199206,2.0657646613287026,1.566423425515166,2.7399074487462576,2.25,2.1607243655199206,Before the historical event,Event not experienced
-2.2199999999999998,0,0,0,Nonshared environmental variance,5,3.963532393624861,3.93166143288265,3.6710591407892483,4.315325646903134,4,3.963532393624861,Before the historical event,Event not experienced
-2.2199999999999998,0,0,0,Phenotypic variance,5,6.858246243087224,6.776433994712193,6.643192614228061,7.230263854020554,7.207542053411186,6.858246243087224,Before the historical event,Event not experienced
-2.2199999999999998,0,1,0,Additive genetic variance,5,0.7339894839424429,0.7562280085692334,0.5784676315511057,0.8906950317992438,0.9575420534111857,0.7339894839424429,Before the historical event,Event experienced
-2.2199999999999998,0,1,0,Nuclear-family environmental variance,5,2.1607243655199206,2.0657646613287026,1.566423425515166,2.7399074487462576,2.25,2.1607243655199206,Before the historical event,Event experienced
-2.2199999999999998,0,1,0,Nonshared environmental variance,5,3.963532393624861,3.93166143288265,3.6710591407892483,4.315325646903134,4,3.963532393624861,Before the historical event,Event experienced
-2.2199999999999998,0,1,0,Phenotypic variance,5,6.858246243087224,6.776433994712193,6.643192614228061,7.230263854020554,7.207542053411186,6.858246243087224,Before the historical event,Event experienced
-2.2,0,0,0,Additive genetic variance,5,0.7511588187684698,0.7757903567095146,0.5929066920201931,0.9084997310480614,0.9785282333279895,0.7511588187684698,Before the historical event,Event not experienced
-2.2,0,0,0,Nuclear-family environmental variance,5,2.1610192071866323,2.064798977501057,1.5684331568187981,2.7366696015996603,2.25,2.1610192071866323,Before the historical event,Event not experienced
-2.2,0,0,0,Nonshared environmental variance,5,3.966015391324708,3.934765171632107,3.6737140217080553,4.318642369490328,4,3.966015391324708,Before the historical event,Event not experienced
-2.2,0,0,0,Phenotypic variance,5,6.878193417279809,6.799315988760086,6.667588840747876,7.244435277332931,7.22852823332799,6.878193417279809,Before the historical event,Event not experienced
-2.2,0,1,0,Additive genetic variance,5,0.7511588187684698,0.7757903567095146,0.5929066920201931,0.9084997310480614,0.9785282333279895,0.7511588187684698,Before the historical event,Event experienced
-2.2,0,1,0,Nuclear-family environmental variance,5,2.1610192071866323,2.064798977501057,1.5684331568187981,2.7366696015996603,2.25,2.1610192071866323,Before the historical event,Event experienced
-2.2,0,1,0,Nonshared environmental variance,5,3.966015391324708,3.934765171632107,3.6737140217080553,4.318642369490328,4,3.966015391324708,Before the historical event,Event experienced
-2.2,0,1,0,Phenotypic variance,5,6.878193417279809,6.799315988760086,6.667588840747876,7.244435277332931,7.22852823332799,6.878193417279809,Before the historical event,Event experienced
-2.1799999999999997,0,0,0,Additive genetic variance,5,0.7686118892513839,0.7957124925276214,0.6076074251265633,0.9265342485410117,0.9998143783497215,0.7686118892513839,Before the historical event,Event not experienced
-2.1799999999999997,0,0,0,Nuclear-family environmental variance,5,2.1613153115967787,2.0638434230645735,1.570449378048015,2.733440412721503,2.25,2.1613153115967787,Before the historical event,Event not experienced
-2.1799999999999997,0,0,0,Nonshared environmental variance,5,3.9684806693640016,3.937847136655616,3.6763602370255746,4.321927408513493,4,3.9684806693640016,Before the historical event,Event not experienced
-2.1799999999999997,0,0,0,Phenotypic variance,5,6.898407870212164,6.822432206132995,6.692316003546986,7.258849828723173,7.249814378349722,6.898407870212164,Before the historical event,Event not experienced
-2.1799999999999997,0,1,0,Additive genetic variance,5,0.7686118892513839,0.7957124925276214,0.6076074251265633,0.9265342485410117,0.9998143783497215,0.7686118892513839,Before the historical event,Event experienced
-2.1799999999999997,0,1,0,Nuclear-family environmental variance,5,2.1613153115967787,2.0638434230645735,1.570449378048015,2.733440412721503,2.25,2.1613153115967787,Before the historical event,Event experienced
-2.1799999999999997,0,1,0,Nonshared environmental variance,5,3.9684806693640016,3.937847136655616,3.6763602370255746,4.321927408513493,4,3.9684806693640016,Before the historical event,Event experienced
-2.1799999999999997,0,1,0,Phenotypic variance,5,6.898407870212164,6.822432206132995,6.692316003546986,7.258849828723173,7.249814378349722,6.898407870212164,Before the historical event,Event experienced
-2.16,0,0,0,Additive genetic variance,5,0.786349758461163,0.8159962389749867,0.6225714771320815,0.9447981841028968,1.0214001285825056,0.786349758461163,Before the historical event,Event not experienced
-2.16,0,0,0,Nuclear-family environmental variance,5,2.1616126538809084,2.0628979843718236,1.5724721022812864,2.730219854388762,2.25,2.1616126538809084,Before the historical event,Event not experienced
-2.16,0,0,0,Nonshared environmental variance,5,3.9709281896036206,3.940907272966199,3.6789977651151693,4.325180685385373,4,3.9709281896036206,Before the historical event,Event not experienced
-2.16,0,0,0,Phenotypic variance,5,6.918890601945692,6.845782760632688,6.717375900623695,7.273508813881501,7.271400128582505,6.918890601945692,Before the historical event,Event not experienced
-2.16,0,1,0,Additive genetic variance,5,0.786349758461163,0.8159962389749867,0.6225714771320815,0.9447981841028968,1.0214001285825056,0.786349758461163,Before the historical event,Event experienced
-2.16,0,1,0,Nuclear-family environmental variance,5,2.1616126538809084,2.0628979843718236,1.5724721022812864,2.730219854388762,2.25,2.1616126538809084,Before the historical event,Event experienced
-2.16,0,1,0,Nonshared environmental variance,5,3.9709281896036206,3.940907272966199,3.6789977651151693,4.325180685385373,4,3.9709281896036206,Before the historical event,Event experienced
-2.16,0,1,0,Phenotypic variance,5,6.918890601945692,6.845782760632688,6.717375900623695,7.273508813881501,7.271400128582505,6.918890601945692,Before the historical event,Event experienced
-2.14,0,0,0,Additive genetic variance,5,0.8043733745998155,0.8366432637427369,0.6378004047099729,0.9632910347631958,1.0432849709837502,0.8043733745998155,Before the historical event,Event not experienced
-2.14,0,0,0,Nuclear-family environmental variance,5,2.1619112093146935,2.0619626479239397,1.5745013427414132,2.7270078989914035,2.25,2.1619112093146935,Before the historical event,Event not experienced
-2.14,0,0,0,Nonshared environmental variance,5,3.973357914192322,3.943945525936976,3.6816265844096847,4.3284021222307905,4,3.973357914192322,Before the historical event,Event not experienced
-2.14,0,0,0,Phenotypic variance,5,6.939642498106831,6.8693676530978305,6.742770179316288,7.288413450955494,7.29328497098375,6.939642498106831,Before the historical event,Event not experienced
-2.14,0,1,0,Additive genetic variance,5,0.8043733745998155,0.8366432637427369,0.6378004047099729,0.9632910347631958,1.0432849709837502,0.8043733745998155,Before the historical event,Event experienced
-2.14,0,1,0,Nuclear-family environmental variance,5,2.1619112093146935,2.0619626479239397,1.5745013427414132,2.7270078989914035,2.25,2.1619112093146935,Before the historical event,Event experienced
-2.14,0,1,0,Nonshared environmental variance,5,3.973357914192322,3.943945525936976,3.6816265844096847,4.3284021222307905,4,3.973357914192322,Before the historical event,Event experienced
-2.14,0,1,0,Phenotypic variance,5,6.939642498106831,6.8693676530978305,6.742770179316288,7.288413450955494,7.29328497098375,6.939642498106831,Before the historical event,Event experienced
-2.12,0,0,0,Additive genetic variance,5,0.8226835675987955,0.857655074062738,0.6532956717066933,0.9820121930002509,1.0654682363877173,0.8226835675987955,Before the historical event,Event not experienced
-2.12,0,0,0,Nuclear-family environmental variance,5,2.1622109533198066,2.061037400370291,1.576537112796507,2.7238045190320346,2.25,2.1622109533198066,Before the historical event,Event not experienced
-2.12,0,0,0,Nonshared environmental variance,5,3.97576980556791,3.9469618413027865,3.684246673401753,4.3315916418897915,4,3.97576980556791,Before the historical event,Event not experienced
-2.12,0,0,0,Phenotypic variance,5,6.960664326486512,6.893186768905891,6.76850033117313,7.3035648676003095,7.3154682363877175,6.960664326486512,Before the historical event,Event not experienced
-2.12,0,1,0,Additive genetic variance,5,0.8226835675987955,0.857655074062738,0.6532956717066933,0.9820121930002509,1.0654682363877173,0.8226835675987955,Before the historical event,Event experienced
-2.12,0,1,0,Nuclear-family environmental variance,5,2.1622109533198066,2.061037400370291,1.576537112796507,2.7238045190320346,2.25,2.1622109533198066,Before the historical event,Event experienced
-2.12,0,1,0,Nonshared environmental variance,5,3.97576980556791,3.9469618413027865,3.684246673401753,4.3315916418897915,4,3.97576980556791,Before the historical event,Event experienced
-2.12,0,1,0,Phenotypic variance,5,6.960664326486512,6.893186768905891,6.76850033117313,7.3035648676003095,7.3154682363877175,6.960664326486512,Before the historical event,Event experienced
-2.1,0,0,0,Additive genetic variance,5,0.841281045732359,0.8790330115259138,0.669058645900834,1.000960945022924,1.0879490965933458,0.841281045732359,Before the historical event,Event not experienced
-2.1,0,0,0,Nuclear-family environmental variance,5,2.162511861464798,2.0601222285081677,1.5785794259609687,2.72060968712555,2.25,2.162511861464798,Before the historical event,Event not experienced
-2.1,0,0,0,Nonshared environmental variance,5,3.9781638264583883,3.949956165161803,3.686858010644082,4.334749167920742,4,3.9781638264583883,Before the historical event,Event not experienced
-2.1,0,0,0,Phenotypic variance,5,6.9819567336555455,6.917239875508363,6.794567686837631,7.318964098030349,7.337949096593346,6.9819567336555455,Before the historical event,Event not experienced
-2.1,0,1,0,Additive genetic variance,5,0.841281045732359,0.8790330115259138,0.669058645900834,1.000960945022924,1.0879490965933458,0.841281045732359,Before the historical event,Event experienced
-2.1,0,1,0,Nuclear-family environmental variance,5,2.162511861464798,2.0601222285081677,1.5785794259609687,2.72060968712555,2.25,2.162511861464798,Before the historical event,Event experienced
-2.1,0,1,0,Nonshared environmental variance,5,3.9781638264583883,3.949956165161803,3.686858010644082,4.334749167920742,4,3.9781638264583883,Before the historical event,Event experienced
-2.1,0,1,0,Phenotypic variance,5,6.9819567336555455,6.917239875508363,6.794567686837631,7.318964098030349,7.337949096593346,6.9819567336555455,Before the historical event,Event experienced
-2.08,0,0,0,Additive genetic variance,5,0.8601663922506562,0.9007782469240461,0.6850905957621972,1.0201364690918697,1.110726561518482,0.8601663922506562,Before the historical event,Event not experienced
-2.08,0,0,0,Nuclear-family environmental variance,5,2.162813909465976,2.059217119282464,1.5806282958964777,2.7174233759987865,2.25,2.162813909465976,Before the historical event,Event not experienced
-2.08,0,0,0,Nonshared environmental variance,5,3.980539939883111,3.9529284439771404,3.6894605747497407,4.337874624603418,4,3.980539939883111,Before the historical event,Event not experienced
-2.08,0,0,0,Phenotypic variance,5,7.003520241599744,6.941526620002251,6.820973410954197,7.334612080075227,7.360726561518482,7.003520241599744,Before the historical event,Event not experienced
-2.08,0,1,0,Additive genetic variance,5,0.8601663922506562,0.9007782469240461,0.6850905957621972,1.0201364690918697,1.110726561518482,0.8601663922506562,Before the historical event,Event experienced
-2.08,0,1,0,Nuclear-family environmental variance,5,2.162813909465976,2.059217119282464,1.5806282958964777,2.7174233759987865,2.25,2.162813909465976,Before the historical event,Event experienced
-2.08,0,1,0,Nonshared environmental variance,5,3.980539939883111,3.9529284439771404,3.6894605747497407,4.337874624603418,4,3.980539939883111,Before the historical event,Event experienced
-2.08,0,1,0,Phenotypic variance,5,7.003520241599744,6.941526620002251,6.820973410954197,7.334612080075227,7.360726561518482,7.003520241599744,Before the historical event,Event experienced
-2.06,0,0,0,Additive genetic variance,5,0.8793400620364382,0.922891775121415,0.7013926872142662,1.0395378338825987,1.1337994764246873,0.8793400620364382,Before the historical event,Event not experienced
-2.06,0,0,0,Nuclear-family environmental variance,5,2.1631170731882867,2.058322059785372,1.5826837364129778,2.7142455584901763,2.25,2.1631170731882867,Before the historical event,Event not experienced
-2.06,0,0,0,Nonshared environmental variance,5,3.982898109153921,3.955878624578448,3.6920543443924654,4.34096793694205,4,3.982898109153921,Before the historical event,Event not experienced
-2.06,0,0,0,Phenotypic variance,5,7.0253552443786464,6.966046526740724,6.847718497101377,7.3505096522429705,7.383799476424687,7.0253552443786464,Before the historical event,Event not experienced
-2.06,0,1,0,Additive genetic variance,5,0.8793400620364382,0.922891775121415,0.7013926872142662,1.0395378338825987,1.1337994764246873,0.8793400620364382,Before the historical event,Event experienced
-2.06,0,1,0,Nuclear-family environmental variance,5,2.1631170731882867,2.058322059785372,1.5826837364129778,2.7142455584901763,2.25,2.1631170731882867,Before the historical event,Event experienced
-2.06,0,1,0,Nonshared environmental variance,5,3.982898109153921,3.955878624578448,3.6920543443924654,4.34096793694205,4,3.982898109153921,Before the historical event,Event experienced
-2.06,0,1,0,Phenotypic variance,5,7.0253552443786464,6.966046526740724,6.847718497101377,7.3505096522429705,7.383799476424687,7.0253552443786464,Before the historical event,Event experienced
-2.04,0,0,0,Additive genetic variance,5,0.8988023782893133,0.94537440996273725,0.7179659804033568,1.0591639968924877,1.157166519216807,0.8988023782893133,Before the historical event,Event not experienced
-2.04,0,0,0,Nuclear-family environmental variance,5,2.1634213286461943,2.0574370372560717,1.5847457614696685,2.711076207549399,2.25,2.1634213286461943,Before the historical event,Event not experienced
-2.04,0,0,0,Nonshared environmental variance,5,3.9852382978762777,3.958806654163493,3.6946392983069356,4.3440290306683575,4,3.9852382978762777,Before the historical event,Event not experienced
-2.04,0,0,0,Phenotypic variance,5,7.047462004811785,6.990798994985985,6.874803762758509,7.366657550793451,7.407166519216807,7.047462004811785,Before the historical event,Event not experienced
-2.04,0,1,0,Additive genetic variance,5,0.8988023782893133,0.94537440996273725,0.7179659804033568,1.0591639968924877,1.157166519216807,0.8988023782893133,Before the historical event,Event experienced
-2.04,0,1,0,Nuclear-family environmental variance,5,2.1634213286461943,2.0574370372560717,1.5847457614696685,2.711076207549399,2.25,2.1634213286461943,Before the historical event,Event experienced
-2.04,0,1,0,Nonshared environmental variance,5,3.9852382978762777,3.958806654163493,3.6946392983069356,4.3440290306683575,4,3.9852382978762777,Before the historical event,Event experienced
-2.04,0,1,0,Phenotypic variance,5,7.047462004811785,6.990798994985985,6.874803762758509,7.366657550793451,7.407166519216807,7.047462004811785,Before the historical event,Event experienced
-2.02,0,0,0,Additive genetic variance,5,0.9185535292415598,0.9682267792239937,0.7348114264778252,1.079013802893912,1.1808261978214865,0.9185535292415598,Before the historical event,Event not experienced
-2.02,0,0,0,Nuclear-family environmental variance,5,2.1637266520045637,2.0565620390804282,1.586814385176001,2.707915296237038,2.25,2.1637266520045637,Before the historical event,Event not experienced
-2.02,0,0,0,Nonshared environmental variance,5,3.9875604699503766,3.961712480299737,3.6972154152890755,4.3470578322445395,4,3.9875604699503766,Before the historical event,Event not experienced
-2.02,0,0,0,Phenotypic variance,5,7.0698406511965,7.0157832966072915,6.902229844312331,7.3830564068250935,7.430826197821487,7.0698406511965,Before the historical event,Event not experienced
-2.02,0,1,0,Additive genetic variance,5,0.9185535292415598,0.9682267792239937,0.7348114264778252,1.079013802893912,1.1808261978214865,0.9185535292415598,Before the historical event,Event experienced
-2.02,0,1,0,Nuclear-family environmental variance,5,2.1637266520045637,2.0565620390804282,1.586814385176001,2.707915296237038,2.25,2.1637266520045637,Before the historical event,Event experienced
-2.02,0,1,0,Nonshared environmental variance,5,3.9875604699503766,3.961712480299737,3.6972154152890755,4.3470578322445395,4,3.9875604699503766,Before the historical event,Event experienced
-2.02,0,1,0,Phenotypic variance,5,7.0698406511965,7.0157832966072915,6.902229844312331,7.3830564068250935,7.430826197821487,7.0698406511965,Before the historical event,Event experienced
-2,0,0,0,Additive genetic variance,5,0.9385935649095511,0.9914493196128245,0.7519298643807548,1.0990859824356518,1.2047768476488083,0.9385935649095511,Before the historical event,Event not experienced
-2,0,0,0,Nuclear-family environmental variance,5,2.164033019579541,2.055697052790694,1.5888896217926747,2.7047627977242366,2.25,2.164033019579541,Before the historical event,Event not experienced
-2,0,0,0,Nonshared environmental variance,5,3.9898645895722646,3.9645960509258984,3.699782674196338,4.3500542688662485,4,3.9898645895722646,Before the historical event,Event not experienced
-2,0,0,0,Phenotypic variance,5,7.092491174061356,7.040998573827174,6.929997192110101,7.399706743377974,7.454776847648809,7.092491174061356,Before the historical event,Event not experienced
-2,0,1,0,Additive genetic variance,5,0.9385935649095511,0.9914493196128245,0.7519298643807548,1.0990859824356518,1.2047768476488083,0.9385935649095511,Before the historical event,Event experienced
-2,0,1,0,Nuclear-family environmental variance,5,2.164033019579541,2.055697052790694,1.5888896217926747,2.7047627977242366,2.25,2.164033019579541,Before the historical event,Event experienced
-2,0,1,0,Nonshared environmental variance,5,3.9898645895722646,3.9645960509258984,3.699782674196338,4.3500542688662485,4,3.9898645895722646,Before the historical event,Event experienced
-2,0,1,0,Phenotypic variance,5,7.092491174061356,7.040998573827174,6.929997192110101,7.399706743377974,7.454776847648809,7.092491174061356,Before the historical event,Event experienced
-1.98,0,0,0,Additive genetic variance,5,0.9589223938849145,1.015042271825285,0.769322017659632,1.1193791503947375,1.2290166291412354,0.9589223938849145,Before the historical event,Event not experienced
-1.98,0,0,0,Nuclear-family environmental variance,5,2.1643404078394375,2.05484206606521,1.5909714857326387,2.701618685292357,2.25,2.1643404078394375,Before the historical event,Event not experienced
-1.98,0,0,0,Nonshared environmental variance,5,3.9921506212349382,3.967457314353509,3.702341053947996,4.353018268465531,4,3.9921506212349382,Before the historical event,Event not experienced
-1.98,0,0,0,Phenotypic variance,5,7.115413422959291,7.066443837018861,6.958106065565863,7.416608972556476,7.479016629141236,7.115413422959291,Before the historical event,Event not experienced
-1.98,0,1,0,Additive genetic variance,5,0.9589223938849145,1.015042271825285,0.769322017659632,1.1193791503947375,1.2290166291412354,0.9589223938849145,Before the historical event,Event experienced
-1.98,0,1,0,Nuclear-family environmental variance,5,2.1643404078394375,2.05484206606521,1.5909714857326387,2.701618685292357,2.25,2.1643404078394375,Before the historical event,Event experienced
-1.98,0,1,0,Nonshared environmental variance,5,3.9921506212349382,3.967457314353509,3.702341053947996,4.353018268465531,4,3.9921506212349382,Before the historical event,Event experienced
-1.98,0,1,0,Phenotypic variance,5,7.115413422959291,7.066443837018861,6.958106065565863,7.416608972556476,7.479016629141236,7.115413422959291,Before the historical event,Event experienced
-1.96,0,0,0,Additive genetic variance,5,0.9795397801695837,1.0390056756658363,0.7869884912965686,1.1398918045808795,1.2535435254140135,0.9795397801695837,Before the historical event,Event not experienced
-1.96,0,0,0,Nuclear-family environmental variance,5,2.1646487934056133,2.0539970667281158,1.5930599915620955,2.6984829323326385,2.25,2.1646487934056133,Before the historical event,Event not experienced
-1.96,0,0,0,Nonshared environmental variance,5,3.9944185297294372,3.9702962192684548,3.704890533525429,4.355949759713743,4,3.9944185297294372,Before the historical event,Event not experienced
-1.96,0,0,0,Phenotypic variance,5,7.1386071033046345,7.09211796255794,6.986556528326621,7.43376339267471,7.503543525414013,7.1386071033046345,Before the historical event,Event not experienced
-1.96,0,1,0,Additive genetic variance,5,0.9795397801695837,1.0390056756658363,0.7869884912965686,1.1398918045808795,1.2535435254140135,0.9795397801695837,Before the historical event,Event experienced
-1.96,0,1,0,Nuclear-family environmental variance,5,2.1646487934056133,2.0539970667281158,1.5930599915620955,2.6984829323326385,2.25,2.1646487934056133,Before the historical event,Event experienced
-1.96,0,1,0,Nonshared environmental variance,5,3.9944185297294372,3.9702962192684548,3.704890533525429,4.355949759713743,4,3.9944185297294372,Before the historical event,Event experienced
-1.96,0,1,0,Phenotypic variance,5,7.1386071033046345,7.09211796255794,6.986556528326621,7.43376339267471,7.503543525414013,7.1386071033046345,Before the historical event,Event experienced
-1.94,0,0,0,Additive genetic variance,5,1.0004453400589615,1.0633393652375356,0.8049297685626947,1.1606223243956193,1.2783553399911793,1.0004453400589615,Before the historical event,Event not experienced
-1.94,0,0,0,Nuclear-family environmental variance,5,2.16495815305336,2.0531620427490602,1.595155154001508,2.6953555123458575,2.25,2.16495815305336,Before the historical event,Event not experienced
-1.94,0,0,0,Nonshared environmental variance,5,3.9966682801459297,3.973112714732512,3.707431091972412,4.358848672024439,4,3.9966682801459297,Before the historical event,Event not experienced
-1.94,0,0,0,Phenotypic variance,5,7.162071773258251,7.118019690731305,7.01534844350525,7.4511701854279675,7.52835533999118,7.162071773258251,Before the historical event,Event not experienced
-1.94,0,1,0,Additive genetic variance,5,1.0004453400589615,1.0633393652375356,0.8049297685626947,1.1606223243956193,1.2783553399911793,1.0004453400589615,Before the historical event,Event experienced
-1.94,0,1,0,Nuclear-family environmental variance,5,2.16495815305336,2.0531620427490602,1.595155154001508,2.6953555123458575,2.25,2.16495815305336,Before the historical event,Event experienced
-1.94,0,1,0,Nonshared environmental variance,5,3.9966682801459297,3.973112714732512,3.707431091972412,4.358848672024439,4,3.9966682801459297,Before the historical event,Event experienced
-1.94,0,1,0,Phenotypic variance,5,7.162071773258251,7.118019690731305,7.01534844350525,7.4511701854279675,7.52835533999118,7.162071773258251,Before the historical event,Event experienced
-1.92,0,0,0,Additive genetic variance,5,1.0216385390774432,1.0880429642094562,0.8231462079004039,1.181568969548333,1.3034496946412923,1.0216385390774432,Before the historical event,Event not experienced
-1.92,0,0,0,Nuclear-family environmental variance,5,2.165268463712786,2.052336982242913,1.5972569879266099,2.692236398941987,2.25,2.165268463712786,Before the historical event,Event not experienced
-1.92,0,0,0,Nonshared environmental variance,5,3.9988998378747813,3.9759067501848664,3.7099627083954028,4.361714935556213,4,3.9988998378747813,Before the historical event,Event not experienced
-1.92,0,0,0,Phenotypic variance,5,7.185806840665011,7.1441476237064,7.044481468987003,7.468829413093519,7.553449694641293,7.185806840665011,Before the historical event,Event not experienced
-1.92,0,1,0,Additive genetic variance,5,1.0216385390774432,1.0880429642094562,0.8231462079004039,1.181568969548333,1.3034496946412923,1.0216385390774432,Before the historical event,Event experienced
-1.92,0,1,0,Nuclear-family environmental variance,5,2.165268463712786,2.052336982242913,1.5972569879266099,2.692236398941987,2.25,2.165268463712786,Before the historical event,Event experienced
-1.92,0,1,0,Nonshared environmental variance,5,3.9988998378747813,3.9759067501848664,3.7099627083954028,4.361714935556213,4,3.9988998378747813,Before the historical event,Event experienced
-1.92,0,1,0,Phenotypic variance,5,7.185806840665011,7.1441476237064,7.044481468987003,7.468829413093519,7.553449694641293,7.185806840665011,Before the historical event,Event experienced
-1.9,0,0,0,Additive genetic variance,5,1.0431186889705901,1.1131158811684465,0.8416380398371777,1.202729878831188,1.3288240273169778,1.0431186889705901,Before the historical event,Event not experienced
-1.9,0,0,0,Nuclear-family environmental variance,5,2.1655797024697,2.051521873469487,1.5993655083694183,2.6891255658398627,2.25,2.1655797024697,Before the historical event,Event not experienced
-1.9,0,0,0,Nonshared environmental variance,5,4.001113168607626,3.9786782754436296,3.712485361963827,4.364548481215551,4,4.001113168607626,Before the historical event,Event not experienced
-1.9,0,0,0,Phenotypic variance,5,7.209811560047917,7.170500223563817,7.073955052816668,7.486741015764115,7.578824027316978,7.209811560047917,Before the historical event,Event not experienced
-1.9,0,1,0,Additive genetic variance,5,1.0431186889705901,1.1131158811684465,0.8416380398371777,1.202729878831188,1.3288240273169778,1.0431186889705901,Before the historical event,Event experienced
-1.9,0,1,0,Nuclear-family environmental variance,5,2.1655797024697,2.051521873469487,1.5993655083694183,2.6891255658398627,2.25,2.1655797024697,Before the historical event,Event experienced
-1.9,0,1,0,Nonshared environmental variance,5,4.001113168607626,3.9786782754436296,3.712485361963827,4.364548481215551,4,4.001113168607626,Before the historical event,Event experienced
-1.9,0,1,0,Phenotypic variance,5,7.209811560047917,7.170500223563817,7.073955052816668,7.486741015764115,7.578824027316978,7.209811560047917,Before the historical event,Event experienced
-1.88,0,0,0,Additive genetic variance,5,1.0648849447582747,1.138557305062382,0.860405363934776,1.2241030689551575,1.3544755902023313,1.0648849447582747,Before the historical event,Event not experienced
-1.88,0,0,0,Nuclear-family environmental variance,5,2.1658918465664976,2.050716704833256,1.6014807305192515,2.686022986866845,2.25,2.1658918465664976,Before the historical event,Event not experienced
-1.88,0,0,0,Nonshared environmental variance,5,4.003308238338417,3.981427240707338,3.7149990319103643,4.367349240659616,4,4.003308238338417,Before the historical event,Event not experienced
-1.88,0,0,0,Phenotypic variance,5,7.23408502966319,7.196655524827246,7.103768428673311,7.504946837174463,7.604475590202331,7.23408502966319,Before the historical event,Event not experienced
-1.88,0,1,0,Additive genetic variance,5,1.0648849447582747,1.138557305062382,0.860405363934776,1.2241030689551575,1.3544755902023313,1.0648849447582747,Before the historical event,Event experienced
-1.88,0,1,0,Nuclear-family environmental variance,5,2.1658918465664976,2.050716704833256,1.6014807305192515,2.686022986866845,2.25,2.1658918465664976,Before the historical event,Event experienced
-1.88,0,1,0,Nonshared environmental variance,5,4.003308238338417,3.981427240707338,3.7149990319103643,4.367349240659616,4,4.003308238338417,Before the historical event,Event experienced
-1.88,0,1,0,Phenotypic variance,5,7.23408502966319,7.196655524827246,7.103768428673311,7.504946837174463,7.604475590202331,7.23408502966319,Before the historical event,Event experienced
-1.8599999999999999,0,0,0,Additive genetic variance,5,1.0869363018531413,1.1643662007421218,0.879448145777616,1.2456864334491504,1.380401447872198,1.0869363018531413,Before the historical event,Event not experienced
-1.8599999999999999,0,0,0,Nuclear-family environmental variance,5,2.166204873403045,2.0499214648830835,1.603602669723747,2.6829286359584845,2.25,2.166204873403045,Before the historical event,Event not experienced
-1.8599999999999999,0,0,0,Nonshared environmental variance,5,4.005485013364473,3.984153596556445,3.717503697531233,4.370117146299017,4,4.005485013364473,Before the historical event,Event not experienced
-1.8599999999999999,0,0,0,Phenotypic variance,5,7.25862618862066,7.219017518806342,7.133920611439766,7.523805983392894,7.630401447872198,7.25862618862066,Before the historical event,Event not experienced
-1.8599999999999999,0,1,0,Additive genetic variance,5,1.0869363018531413,1.1643662007421218,0.879448145777616,1.2456864334491504,1.380401447872198,1.0869363018531413,Before the historical event,Event experienced
-1.8599999999999999,0,1,0,Nuclear-family environmental variance,5,2.166204873403045,2.0499214648830835,1.603602669723747,2.6829286359584845,2.25,2.166204873403045,Before the historical event,Event experienced
-1.8599999999999999,0,1,0,Nonshared environmental variance,5,4.005485013364473,3.984153596556445,3.717503697531233,4.370117146299017,4,4.005485013364473,Before the historical event,Event experienced
-1.8599999999999999,0,1,0,Phenotypic variance,5,7.25862618862066,7.219017518806342,7.133920611439766,7.523805983392894,7.630401447872198,7.25862618862066,Before the historical event,Event experienced
-1.84,0,0,0,Additive genetic variance,5,1.1092715932487556,1.1905413046094102,0.8987662140042072,1.2674777416243128,1.406598475567285,1.1092715932487556,Before the historical event,Event not experienced
-1.84,0,0,0,Nuclear-family environmental variance,5,2.1665187605375666,2.0491361423119483,1.6057313414898842,2.679842487158183,2.25,2.1665187605375666,Before the historical event,Event not experienced
-1.84,0,0,0,Nonshared environmental variance,5,4.007643460287515,3.986857293954799,3.719999338186474,4.3728521313005615,4,4.007643460287515,Before the historical event,Event not experienced
-1.84,0,0,0,Phenotypic variance,5,7.283433814073836,7.24158371394934,7.164410392873955,7.542918063962221,7.656598475567285,7.283433814073836,Before the historical event,Event not experienced
-1.84,0,1,0,Additive genetic variance,5,1.1092715932487556,1.1905413046094102,0.8987662140042072,1.2674777416243128,1.406598475567285,1.1092715932487556,Before the historical event,Event experienced
-1.84,0,1,0,Nuclear-family environmental variance,5,2.1665187605375666,2.0491361423119483,1.6057313414898842,2.679842487158183,2.25,2.1665187605375666,Before the historical event,Event experienced
-1.84,0,1,0,Nonshared environmental variance,5,4.007643460287515,3.986857293954799,3.719999338186474,4.3728521313005615,4,4.007643460287515,Before the historical event,Event experienced
-1.84,0,1,0,Phenotypic variance,5,7.283433814073836,7.24158371394934,7.164410392873955,7.542918063962221,7.656598475567285,7.283433814073836,Before the historical event,Event experienced
-1.82,0,0,0,Additive genetic variance,5,1.1318894867818186,1.2170811203780056,0.9183592573855505,1.2894746376055217,1.4330633575890164,1.1318894867818186,Before the historical event,Event not experienced
-1.82,0,0,0,Nuclear-family environmental variance,5,2.1668334856875284,2.048360725956677,1.607866761485011,2.67676451461687,2.25,2.1668334856875284,Before the historical event,Event not experienced
-1.82,0,0,0,Nonshared environmental variance,5,4.00978354601469,3.989538284251118,3.7224859333002356,4.375554129589959,4,4.00978354601469,Before the historical event,Event not experienced
-1.82,0,0,0,Phenotypic variance,5,7.3085065184840365,7.264351692725947,7.195236337389191,7.562282533441639,7.683063357589017,7.3085065184840365,Before the historical event,Event not experienced
-1.82,0,1,0,Additive genetic variance,5,1.1318894867818186,1.2170811203780056,0.9183592573855505,1.2894746376055217,1.4330633575890164,1.1318894867818186,Before the historical event,Event experienced
-1.82,0,1,0,Nuclear-family environmental variance,5,2.1668334856875284,2.048360725956677,1.607866761485011,2.67676451461687,2.25,2.1668334856875284,Before the historical event,Event experienced
-1.82,0,1,0,Nonshared environmental variance,5,4.00978354601469,3.989538284251118,3.7224859333002356,4.375554129589959,4,4.00978354601469,Before the historical event,Event experienced
-1.82,0,1,0,Phenotypic variance,5,7.3085065184840365,7.264351692725947,7.195236337389191,7.562282533441639,7.683063357589017,7.3085065184840365,Before the historical event,Event experienced
-1.8,0,0,0,Additive genetic variance,5,1.1547884824728436,1.2439839149553216,0.9382268219544307,1.3116746394320595,1.4597925858179746,1.1547884824728436,Before the historical event,Event not experienced
-1.8,0,0,0,Nuclear-family environmental variance,5,2.1671490267305256,2.047595204797682,1.6100089455378714,2.673694692592663,2.25,2.1671490267305256,Before the historical event,Event not experienced
-1.8,0,0,0,Nonshared environmental variance,5,4.011905237759591,3.9921965191804434,3.7249634623610515,4.378223075854507,4,4.011905237759591,Before the historical event,Event not experienced
-1.8,0,0,0,Phenotypic variance,5,7.333842746962961,7.2873189143084955,7.226396777950664,7.5818987084265475,7.709792585817975,7.333842746962961,Before the historical event,Event not experienced
-1.8,0,1,0,Additive genetic variance,5,1.1547884824728436,1.2439839149553216,0.9382268219544307,1.3116746394320595,1.4597925858179746,1.1547884824728436,Before the historical event,Event experienced
-1.8,0,1,0,Nuclear-family environmental variance,5,2.1671490267305256,2.047595204797682,1.6100089455378714,2.673694692592663,2.25,2.1671490267305256,Before the historical event,Event experienced
-1.8,0,1,0,Nonshared environmental variance,5,4.011905237759591,3.9921965191804434,3.7249634623610515,4.378223075854507,4,4.011905237759591,Before the historical event,Event experienced
-1.8,0,1,0,Phenotypic variance,5,7.333842746962961,7.2873189143084955,7.226396777950664,7.5818987084265475,7.709792585817975,7.333842746962961,Before the historical event,Event experienced
-1.78,0,0,0,Additive genetic variance,5,1.1779669099496881,1.2712477144518821,0.9583683081895769,1.3340751382294305,1.486782458359715,1.1779669099496881,Before the historical event,Event not experienced
-1.78,0,0,0,Nuclear-family environmental variance,5,2.167465361705168,2.0468395679586977,1.6121579096396372,2.67063299545054,2.25,2.167465361705168,Before the historical event,Event not experienced
-1.78,0,0,0,Nonshared environmental variance,5,4.0140085030432635,3.994831950865587,3.7274319049221307,4.380858905545741,4,4.0140085030432635,Before the historical event,Event not experienced
-1.78,0,0,0,Phenotypic variance,5,7.35944077469812,7.310482713821478,7.257889812095266,7.6017657649732024,7.7367824583597145,7.35944077469812,Before the historical event,Event not experienced
-1.78,0,1,0,Additive genetic variance,5,1.1779669099496881,1.2712477144518821,0.9583683081895769,1.3340751382294305,1.486782458359715,1.1779669099496881,Before the historical event,Event experienced
-1.78,0,1,0,Nuclear-family environmental variance,5,2.167465361705168,2.0468395679586977,1.6121579096396372,2.67063299545054,2.25,2.167465361705168,Before the historical event,Event experienced
-1.78,0,1,0,Nonshared environmental variance,5,4.0140085030432635,3.994831950865587,3.7274319049221307,4.380858905545741,4,4.0140085030432635,Before the historical event,Event experienced
-1.78,0,1,0,Phenotypic variance,5,7.35944077469812,7.310482713821478,7.257889812095266,7.6017657649732024,7.7367824583597145,7.35944077469812,Before the historical event,Event experienced
-1.76,0,0,0,Additive genetic variance,5,1.20142292595834,1.2988703003258943,0.978782968258671,1.3566733974542537,1.5140290783216548,1.20142292595834,Before the historical event,Event not experienced
-1.76,0,0,0,Nuclear-family environmental variance,5,2.167782468811965,2.0460938047065236,1.6143136699449432,2.6675793976620095,2.25,2.167782468811965,Before the historical event,Event not experienced
-1.76,0,0,0,Nonshared environmental variance,5,4.0160933096952,3.997444531818576,3.7298912406016314,4.383461554882069,4,4.0160933096952,Before the historical event,Event not experienced
-1.76,0,0,0,Phenotypic variance,5,7.385298704465505,7.333840301662944,7.289713298081979,7.621882736081668,7.764029078321655,7.385298704465505,Before the historical event,Event not experienced
-1.76,0,1,0,Additive genetic variance,5,1.20142292595834,1.2988703003258943,0.978782968258671,1.3566733974542537,1.5140290783216548,1.20142292595834,Before the historical event,Event experienced
-1.76,0,1,0,Nuclear-family environmental variance,5,2.167782468811965,2.0460938047065236,1.6143136699449432,2.6675793976620095,2.25,2.167782468811965,Before the historical event,Event experienced
-1.76,0,1,0,Nonshared environmental variance,5,4.0160933096952,3.997444531818576,3.7298912406016314,4.383461554882069,4,4.0160933096952,Before the historical event,Event experienced
-1.76,0,1,0,Phenotypic variance,5,7.385298704465505,7.333840301662944,7.289713298081979,7.621882736081668,7.764029078321655,7.385298704465505,Before the historical event,Event experienced
-1.74,0,0,0,Additive genetic variance,5,1.225154511965339,1.3232849461334157,0.9994699033242169,1.3798229781677902,1.5415283527246721,1.225154511965339,Before the historical event,Event not experienced
-1.74,0,0,0,Nuclear-family environmental variance,5,2.1681003264142147,2.045357904450771,1.6164762427729245,2.6645338738047837,2.25,2.1681003264142147,Before the historical event,Event not experienced
-1.74,0,0,0,Nonshared environmental variance,5,4.018159625854327,4.000034214942068,3.732341449082943,4.3860309608513495,4,4.018159625854327,Before the historical event,Event not experienced
-1.74,0,0,0,Phenotypic variance,5,7.411414464233881,7.357388762899484,7.318274308317503,7.6422485092407095,7.791528352724672,7.411414464233881,Before the historical event,Event not experienced
-1.74,0,1,0,Additive genetic variance,5,1.225154511965339,1.3232849461334157,0.9994699033242169,1.3798229781677902,1.5415283527246721,1.225154511965339,Before the historical event,Event experienced
-1.74,0,1,0,Nuclear-family environmental variance,5,2.1681003264142147,2.045357904450771,1.6164762427729245,2.6645338738047837,2.25,2.1681003264142147,Before the historical event,Event experienced
-1.74,0,1,0,Nonshared environmental variance,5,4.018159625854327,4.000034214942068,3.732341449082943,4.3860309608513495,4,4.018159625854327,Before the historical event,Event experienced
-1.74,0,1,0,Phenotypic variance,5,7.411414464233881,7.357388762899484,7.318274308317503,7.6422485092407095,7.791528352724672,7.411414464233881,Before the historical event,Event experienced
-1.72,0,0,0,Additive genetic variance,5,1.2491594718562127,1.3472974743358754,1.020428060916288,1.4032400323955136,1.5692759915529557,1.2491594718562127,Before the historical event,Event not experienced
-1.72,0,0,0,Nuclear-family environmental variance,5,2.168418913038884,2.044631856743612,1.6186456446082573,2.661496398562448,2.25,2.168418913038884,Before the historical event,Event not experienced
-1.72,0,0,0,Nonshared environmental variance,5,4.020207419969989,4.0026009535307745,3.73478251011497,4.388567061213467,4,4.020207419969989,Before the historical event,Event not experienced
-1.72,0,0,0,Phenotypic variance,5,7.437785804865085,7.381125056736591,7.345875025337586,7.662861824038365,7.8192759915529555,7.437785804865085,Before the historical event,Event not experienced
-1.72,0,1,0,Additive genetic variance,5,1.2491594718562127,1.3472974743358754,1.020428060916288,1.4032400323955136,1.5692759915529557,1.2491594718562127,Before the historical event,Event experienced
-1.72,0,1,0,Nuclear-family environmental variance,5,2.168418913038884,2.044631856743612,1.6186456446082573,2.661496398562448,2.25,2.168418913038884,Before the historical event,Event experienced
-1.72,0,1,0,Nonshared environmental variance,5,4.020207419969989,4.0026009535307745,3.73478251011497,4.388567061213467,4,4.020207419969989,Before the historical event,Event experienced
-1.72,0,1,0,Phenotypic variance,5,7.437785804865085,7.381125056736591,7.345875025337586,7.662861824038365,7.8192759915529555,7.437785804865085,Before the historical event,Event experienced
-1.7,0,0,0,Additive genetic variance,5,1.2734354297342705,1.371542150224683,1.041656232376185,1.4268577128692745,1.5972675069455593,1.2734354297342705,Before the historical event,Event not experienced
-1.7,0,0,0,Nuclear-family environmental variance,5,2.1687382073775017,2.044956144773664,1.6207178427527902,2.6584669467241384,2.25,2.1687382073775017,Before the historical event,Event not experienced
-1.7,0,0,0,Nonshared environmental variance,5,4.022236660802902,4.005144701272857,3.737214403512404,4.391069794502862,4,4.022236660802902,Before the historical event,Event not experienced
-1.7,0,0,0,Phenotypic variance,5,7.464410297914673,7.405046016066062,7.373781959814837,7.683721269841811,7.84726750694556,7.464410297914673,Before the historical event,Event not experienced
-1.7,0,1,0,Additive genetic variance,5,1.2734354297342705,1.371542150224683,1.041656232376185,1.4268577128692745,1.5972675069455593,1.2734354297342705,Before the historical event,Event experienced
-1.7,0,1,0,Nuclear-family environmental variance,5,2.1687382073775017,2.044956144773664,1.6207178427527902,2.6584669467241384,2.25,2.1687382073775017,Before the historical event,Event experienced
-1.7,0,1,0,Nonshared environmental variance,5,4.022236660802902,4.005144701272857,3.737214403512404,4.391069794502862,4,4.022236660802902,Before the historical event,Event experienced
-1.7,0,1,0,Phenotypic variance,5,7.464410297914673,7.405046016066062,7.373781959814837,7.683721269841811,7.84726750694556,7.464410297914673,Before the historical event,Event experienced
-1.68,0,0,0,Additive genetic variance,5,1.2979798278240893,1.3960158900224486,1.0631530503750353,1.450672751448593,1.6254982125330215,1.2979798278240893,Before the historical event,Event not experienced
-1.68,0,0,0,Nuclear-family environmental variance,5,2.169058188287037,2.048377052718529,1.622488224591312,2.655445493184213,2.25,2.169058188287037,Before the historical event,Event not experienced
-1.68,0,0,0,Nonshared environmental variance,5,4.024247317426129,4.007665412251329,3.739637109156008,4.393539100031033,4,4.024247317426129,Before the historical event,Event not experienced
-1.68,0,0,0,Phenotypic variance,5,7.491285333537255,7.429148347092104,7.4019930610126234,7.704825283550278,7.875498212533022,7.491285333537255,Before the historical event,Event not experienced
-1.68,0,1,0,Additive genetic variance,5,1.2979798278240893,1.3960158900224486,1.0631530503750353,1.450672751448593,1.6254982125330215,1.2979798278240893,Before the historical event,Event experienced
-1.68,0,1,0,Nuclear-family environmental variance,5,2.169058188287037,2.048377052718529,1.622488224591312,2.655445493184213,2.25,2.169058188287037,Before the historical event,Event experienced
-1.68,0,1,0,Nonshared environmental variance,5,4.024247317426129,4.007665412251329,3.739637109156008,4.393539100031033,4,4.024247317426129,Before the historical event,Event experienced
-1.68,0,1,0,Phenotypic variance,5,7.491285333537255,7.429148347092104,7.4019930610126234,7.704825283550278,7.875498212533022,7.491285333537255,Before the historical event,Event experienced
-1.66,0,0,0,Additive genetic variance,5,1.3227899244839776,1.42071545179495,1.0849169865113686,1.474681739360082,1.6539632229222982,1.3227899244839776,Before the historical event,Event not experienced
-1.66,0,0,0,Nuclear-family environmental variance,5,2.1693788347907903,2.051783019301459,1.62426796223691,2.652432012941933,2.25,2.1693788347907903,Before the historical event,Event not experienced
-1.66,0,0,0,Nonshared environmental variance,5,4.026239359226013,4.010163040945425,3.7420506069928905,4.39597491788901,4,4.026239359226013,Before the historical event,Event not experienced
-1.66,0,0,0,Phenotypic variance,5,7.518408118500781,7.456594000415448,7.430189519393803,7.726172147424618,7.9039632229222985,7.518408118500781,Before the historical event,Event not experienced
-1.66,0,1,0,Additive genetic variance,5,1.3227899244839776,1.42071545179495,1.0849169865113686,1.474681739360082,1.6539632229222982,1.3227899244839776,Before the historical event,Event experienced
-1.66,0,1,0,Nuclear-family environmental variance,5,2.1693788347907903,2.051783019301459,1.62426796223691,2.652432012941933,2.25,2.1693788347907903,Before the historical event,Event experienced
-1.66,0,1,0,Nonshared environmental variance,5,4.026239359226013,4.010163040945425,3.7420506069928905,4.39597491788901,4,4.026239359226013,Before the historical event,Event experienced
-1.66,0,1,0,Phenotypic variance,5,7.518408118500781,7.456594000415448,7.430189519393803,7.726172147424618,7.9039632229222985,7.518408118500781,Before the historical event,Event experienced
-1.64,0,0,0,Additive genetic variance,5,1.3478627923316717,1.4456374345707785,1.10694634899169,1.4988811267176831,1.682657453333156,1.3478627923316717,Before the historical event,Event not experienced
-1.64,0,0,0,Nuclear-family environmental variance,5,2.169700126079274,2.0551739510174327,1.6260570812093949,2.649426481101133,2.25,2.169700126079274,Before the historical event,Event not experienced
-1.64,0,0,0,Nonshared environmental variance,5,4.02821275590312,4.012637542231981,3.744454877036782,4.398377188949796,4,4.02821275590312,Before the historical event,Event not experienced
-1.64,0,0,0,Phenotypic variance,5,7.545775674314066,7.490958244910195,7.458010956078758,7.747759986997258,7.932657453333156,7.545775674314066,Before the historical event,Event not experienced
-1.64,0,1,0,Additive genetic variance,5,1.3478627923316717,1.4456374345707785,1.10694634899169,1.4988811267176831,1.682657453333156,1.3478627923316717,Before the historical event,Event experienced
-1.64,0,1,0,Nuclear-family environmental variance,5,2.169700126079274,2.0551739510174327,1.6260570812093949,2.649426481101133,2.25,2.169700126079274,Before the historical event,Event experienced
-1.64,0,1,0,Nonshared environmental variance,5,4.02821275590312,4.012637542231981,3.744454877036782,4.398377188949796,4,4.02821275590312,Before the historical event,Event experienced
-1.64,0,1,0,Phenotypic variance,5,7.545775674314066,7.490958244910195,7.458010956078758,7.747759986997258,7.932657453333156,7.545775674314066,Before the historical event,Event experienced
-1.6199999999999999,0,0,0,Additive genetic variance,5,1.3731953164874688,1.4707782775644016,1.1292392803980655,1.5232672221364485,1.7115756193890552,1.3731953164874688,Before the historical event,Event not experienced
-1.6199999999999999,0,0,0,Nuclear-family environmental variance,5,2.1700220415111007,2.058549754661055,1.627855607183538,2.6464288728699072,2.25,2.1700220415111007,Before the historical event,Event not experienced
-1.6199999999999999,0,0,0,Nonshared environmental variance,5,4.030167477473167,4.015088871386788,3.7468498993683124,4.4007458548707845,4,4.030167477473167,Before the historical event,Event not experienced
-1.6199999999999999,0,0,0,Phenotypic variance,5,7.573384835471737,7.525632431012649,7.486115143509121,7.769586769066137,7.9615756193890554,7.573384835471737,Before the historical event,Event not experienced
-1.6199999999999999,0,1,0,Additive genetic variance,5,1.3731953164874688,1.4707782775644016,1.1292392803980655,1.5232672221364485,1.7115756193890552,1.3731953164874688,Before the historical event,Event experienced
-1.6199999999999999,0,1,0,Nuclear-family environmental variance,5,2.1700220415111007,2.058549754661055,1.627855607183538,2.6464288728699072,2.25,2.1700220415111007,Before the historical event,Event experienced
-1.6199999999999999,0,1,0,Nonshared environmental variance,5,4.030167477473167,4.015088871386788,3.7468498993683124,4.4007458548707845,4,4.030167477473167,Before the historical event,Event experienced
-1.6199999999999999,0,1,0,Phenotypic variance,5,7.573384835471737,7.525632431012649,7.486115143509121,7.769586769066137,7.9615756193890554,7.573384835471737,Before the historical event,Event experienced
-1.5999999999999999,0,0,0,Additive genetic variance,5,1.3987841929389517,1.4961342595051659,1.1517937555467137,1.5478361924418502,1.7407122370654269,1.3987841929389517,Before the historical event,Event not experienced
-1.5999999999999999,0,0,0,Nuclear-family environmental variance,5,2.1703445606138647,2.06191033733081,1.629663565989686,2.6434391635602803,2.25,2.1703445606138647,Before the historical event,Event not experienced
-1.5999999999999999,0,0,0,Nonshared environmental variance,5,4.032103494267938,4.017516984085938,3.7492356541352856,4.4030808580961285,4,4.032103494267938,Before the historical event,Event not experienced
-1.5999999999999999,0,0,0,Phenotypic variance,5,7.601232247820754,7.560612229578321,7.514499178707947,7.791650299776288,7.990712237065427,7.601232247820754,Before the historical event,Event not experienced
-1.5999999999999999,0,1,0,Additive genetic variance,5,1.3987841929389517,1.4961342595051659,1.1517937555467137,1.5478361924418502,1.7407122370654269,1.3987841929389517,Before the historical event,Event experienced
-1.5999999999999999,0,1,0,Nuclear-family environmental variance,5,2.1703445606138647,2.06191033733081,1.629663565989686,2.6434391635602803,2.25,2.1703445606138647,Before the historical event,Event experienced
-1.5999999999999999,0,1,0,Nonshared environmental variance,5,4.032103494267938,4.017516984085938,3.7492356541352856,4.4030808580961285,4,4.032103494267938,Before the historical event,Event experienced
-1.5999999999999999,0,1,0,Phenotypic variance,5,7.601232247820754,7.560612229578321,7.514499178707947,7.791650299776288,7.990712237065427,7.601232247820754,Before the historical event,Event experienced
-1.58,0,0,0,Additive genetic variance,5,1.424625927031397,1.5217014980747017,1.174607579441573,1.5725840624765517,1.7700616227981283,1.424625927031397,Before the historical event,Event not experienced
-1.58,0,0,0,Nuclear-family environmental variance,5,2.170667663085027,2.0652556064333063,1.6314809836143747,2.6404573285878947,2.25,2.170667663085027,Before the historical event,Event not experienced
-1.58,0,0,0,Nonshared environmental variance,5,4.034020776936186,4.019921836407162,3.751612121552952,4.405382141859097,4,4.034020776936186,Before the historical event,Event not experienced
-1.58,0,0,0,Phenotypic variance,5,7.6293143670526105,7.595893040392813,7.543159939734112,7.813948222792657,8.020061622798128,7.6293143670526105,Before the historical event,Event not experienced
-1.58,0,1,0,Additive genetic variance,5,1.424625927031397,1.5217014980747017,1.174607579441573,1.5725840624765517,1.7700616227981283,1.424625927031397,Before the historical event,Event experienced
-1.58,0,1,0,Nuclear-family environmental variance,5,2.170667663085027,2.0652556064333063,1.6314809836143747,2.6404573285878947,2.25,2.170667663085027,Before the historical event,Event experienced
-1.58,0,1,0,Nonshared environmental variance,5,4.034020776936186,4.019921836407162,3.751612121552952,4.405382141859097,4,4.034020776936186,Before the historical event,Event experienced
-1.58,0,1,0,Phenotypic variance,5,7.6293143670526105,7.595893040392813,7.543159939734112,7.813948222792657,8.020061622798128,7.6293143670526105,Before the historical event,Event experienced
-1.56,0,0,0,Additive genetic variance,5,1.45071683208789,1.5474759494551227,1.1976783853267872,1.5975067150064919,1.7996178937547245,1.45071683208789,Before the historical event,Event not experienced
-1.56,0,0,0,Nuclear-family environmental variance,5,2.1709913287927978,2.0685854696875143,1.6333078862009456,2.63748334347169,2.25,2.1709913287927978,Before the historical event,Event not experienced
-1.56,0,0,0,Nonshared environmental variance,5,4.0359192964445425,4.022303384831155,3.753979281904284,4.407649650184396,4,4.0359192964445425,Before the historical event,Event not experienced
-1.56,0,0,0,Phenotypic variance,5,7.65762745732523,7.6314699900634775,7.572094083364473,7.836478017567738,8.049617893754725,7.65762745732523,Before the historical event,Event not experienced
-1.56,0,1,0,Additive genetic variance,5,1.45071683208789,1.5474759494551227,1.1976783853267872,1.5975067150064919,1.7996178937547245,1.45071683208789,Before the historical event,Event experienced
-1.56,0,1,0,Nuclear-family environmental variance,5,2.1709913287927978,2.0685854696875143,1.6333078862009456,2.63748334347169,2.25,2.1709913287927978,Before the historical event,Event experienced
-1.56,0,1,0,Nonshared environmental variance,5,4.0359192964445425,4.022303384831155,3.753979281904284,4.407649650184396,4,4.0359192964445425,Before the historical event,Event experienced
-1.56,0,1,0,Phenotypic variance,5,7.65762745732523,7.6314699900634775,7.572094083364473,7.836478017567738,8.049617893754725,7.65762745732523,Before the historical event,Event experienced
-1.54,0,0,0,Additive genetic variance,5,1.4770530281631031,1.57345340799033,1.2210036328420142,1.6251856685965986,1.8293749682710956,1.4770530281631031,Before the historical event,Event not experienced
-1.54,0,0,0,Nuclear-family environmental variance,5,2.1713155377770215,2.0718998351289915,1.6351443000501709,2.6345171838335824,2.25,2.1713155377770215,Before the historical event,Event not experienced
-1.54,0,0,0,Nonshared environmental variance,5,4.037799024078387,4.024661586242883,3.7563371155402483,4.409883327890449,4,4.037799024078387,Before the historical event,Event not experienced
-1.54,0,0,0,Phenotypic variance,5,7.686167590018512,7.667337930122992,7.601298042926889,7.859236997707548,8.079374968271097,7.686167590018512,Before the historical event,Event not experienced
-1.54,0,1,0,Additive genetic variance,5,1.4770530281631031,1.57345340799033,1.2210036328420142,1.6251856685965986,1.8293749682710956,1.4770530281631031,Before the historical event,Event experienced
-1.54,0,1,0,Nuclear-family environmental variance,5,2.1713155377770215,2.0718998351289915,1.6351443000501709,2.6345171838335824,2.25,2.1713155377770215,Before the historical event,Event experienced
-1.54,0,1,0,Nonshared environmental variance,5,4.037799024078387,4.024661586242883,3.7563371155402483,4.409883327890449,4,4.037799024078387,Before the historical event,Event experienced
-1.54,0,1,0,Phenotypic variance,5,7.686167590018512,7.667337930122992,7.601298042926889,7.859236997707548,8.079374968271097,7.686167590018512,Before the historical event,Event experienced
-1.52,0,0,0,Additive genetic variance,5,1.503630440934607,1.5996295059626624,1.244580606284424,1.6561356701959615,1.8593265664557528,1.503630440934607,Before the historical event,Event not experienced
-1.52,0,0,0,Nuclear-family environmental variance,5,2.1716402702500552,2.0751986111141,1.6369902516208812,2.631558825398153,2.25,2.1716402702500552,Before the historical event,Event not experienced
-1.52,0,0,0,Nonshared environmental variance,5,4.0396599314427375,4.02699639793289,3.758685602880076,4.412083120591657,4,4.0396599314427375,Before the historical event,Event not experienced
-1.52,0,0,0,Phenotypic variance,5,7.7149306426274,7.703491435351204,7.628360143602555,7.88222230943946,8.109326566455753,7.7149306426274,Before the historical event,Event not experienced
-1.52,0,1,0,Additive genetic variance,5,1.503630440934607,1.5996295059626624,1.244580606284424,1.6561356701959615,1.8593265664557528,1.503630440934607,Before the historical event,Event experienced
-1.52,0,1,0,Nuclear-family environmental variance,5,2.1716402702500552,2.0751986111141,1.6369902516208812,2.631558825398153,2.25,2.1716402702500552,Before the historical event,Event experienced
-1.52,0,1,0,Nonshared environmental variance,5,4.0396599314427375,4.02699639793289,3.758685602880076,4.412083120591657,4,4.0396599314427375,Before the historical event,Event experienced
-1.52,0,1,0,Phenotypic variance,5,7.7149306426274,7.703491435351204,7.628360143602555,7.88222230943946,8.109326566455753,7.7149306426274,Before the historical event,Event experienced
-1.5,0,0,0,Additive genetic variance,5,1.5304448007355023,1.6259997134870499,1.2684064129811998,1.6873758189628125,1.8894662109640588,1.5304448007355023,Before the historical event,Event not experienced
-1.5,0,0,0,Nuclear-family environmental variance,5,2.1719655065976538,2.0784817063242205,1.6388457675305947,2.628608243992331,2.25,2.1719655065976538,Before the historical event,Event not experienced
-1.5,0,0,0,Nonshared environmental variance,5,4.041501990463106,4.029307777598581,3.761024724411536,4.414248974700619,4,4.041501990463106,Before the historical event,Event not experienced
-1.5,0,0,0,Phenotypic variance,5,7.743912297796262,7.739924802321465,7.6543885625843116,7.905430930185323,8.13946621096406,7.743912297796262,Before the historical event,Event not experienced
-1.5,0,1,0,Additive genetic variance,5,1.5304448007355023,1.6259997134870499,1.2684064129811998,1.6873758189628125,1.8894662109640588,1.5304448007355023,Before the historical event,Event experienced
-1.5,0,1,0,Nuclear-family environmental variance,5,2.1719655065976538,2.0784817063242205,1.6388457675305947,2.628608243992331,2.25,2.1719655065976538,Before the historical event,Event experienced
-1.5,0,1,0,Nonshared environmental variance,5,4.041501990463106,4.029307777598581,3.761024724411536,4.414248974700619,4,4.041501990463106,Before the historical event,Event experienced
-1.5,0,1,0,Phenotypic variance,5,7.743912297796262,7.739924802321465,7.6543885625843116,7.905430930185323,8.13946621096406,7.743912297796262,Before the historical event,Event experienced
-1.48,0,0,0,Additive genetic variance,5,1.557491641732057,1.6525593385247277,1.2924779817763177,1.7189003003665047,1.9197872279444255,1.557491641732057,Before the historical event,Event not experienced
-1.48,0,0,0,Nuclear-family environmental variance,5,2.1722912273798474,2.0817490297699437,1.6407108745561547,2.625665415545076,2.25,2.1722912273798474,Before the historical event,Event not experienced
-1.48,0,0,0,Nonshared environmental variance,5,4.043325173386363,4.0315956833455076,3.7633544606912035,4.416380837430329,4,4.043325173386363,Before the historical event,Event not experienced
-1.48,0,0,0,Phenotypic variance,5,7.773108042498267,7.771503356683482,7.68057134821811,7.92937253639268,8.169787227944425,7.773108042498267,Before the historical event,Event not experienced
-1.48,0,1,0,Additive genetic variance,5,1.557491641732057,1.6525593385247277,1.2924779817763177,1.7189003003665047,1.9197872279444255,1.557491641732057,Before the historical event,Event experienced
-1.48,0,1,0,Nuclear-family environmental variance,5,2.1722912273798474,2.0817490297699437,1.6407108745561547,2.625665415545076,2.25,2.1722912273798474,Before the historical event,Event experienced
-1.48,0,1,0,Nonshared environmental variance,5,4.043325173386363,4.0315956833455076,3.7633544606912035,4.416380837430329,4,4.043325173386363,Before the historical event,Event experienced
-1.48,0,1,0,Phenotypic variance,5,7.773108042498267,7.771503356683482,7.68057134821811,7.92937253639268,8.169787227944425,7.773108042498267,Before the historical event,Event experienced
-1.46,0,0,0,Additive genetic variance,5,1.5847663012499464,1.6793035270184968,1.3167920616352935,1.7507030340337026,1.950282748158385,1.5847663012499464,Before the historical event,Event not experienced
-1.46,0,0,0,Nuclear-family environmental variance,5,2.172617413331824,2.085000490795266,1.6425855996343686,2.6227303160870687,2.25,2.172617413331824,Before the historical event,Event not experienced
-1.46,0,0,0,Nonshared environmental variance,5,4.0451294527815715,4.033860073688624,3.7656747923447296,4.418478656796332,4,4.0451294527815715,Before the historical event,Event not experienced
-1.46,0,0,0,Phenotypic variance,5,7.802513167363342,7.802106156569699,7.706903835708565,7.953655231889299,8.200282748158385,7.802513167363342,Before the historical event,Event not experienced
-1.46,0,1,0,Additive genetic variance,5,1.5847663012499464,1.6793035270184968,1.3167920616352935,1.7507030340337026,1.950282748158385,1.5847663012499464,Before the historical event,Event experienced
-1.46,0,1,0,Nuclear-family environmental variance,5,2.172617413331824,2.085000490795266,1.6425855996343686,2.6227303160870687,2.25,2.172617413331824,Before the historical event,Event experienced
-1.46,0,1,0,Nonshared environmental variance,5,4.0451294527815715,4.033860073688624,3.7656747923447296,4.418478656796332,4,4.0451294527815715,Before the historical event,Event experienced
-1.46,0,1,0,Phenotypic variance,5,7.802513167363342,7.802106156569699,7.706903835708565,7.953655231889299,8.200282748158385,7.802513167363342,Before the historical event,Event experienced
-1.44,0,0,0,Additive genetic variance,5,1.6122639192525732,1.7062272631514106,1.3413452203715563,1.782777673143305,1.9809457082762665,1.6122639192525732,Before the historical event,Event not experienced
-1.44,0,0,0,Nuclear-family environmental variance,5,2.1729440453648072,2.0882359990817645,1.6444699698626524,2.619802921750397,2.25,2.1729440453648072,Before the historical event,Event not experienced
-1.44,0,0,0,Nonshared environmental variance,5,4.04691480154083,4.036100907553546,3.767985700067112,4.420542381618858,4,4.04691480154083,Before the historical event,Event not experienced
-1.44,0,0,0,Phenotypic variance,5,7.832122766158211,7.8328562472322085,7.733381223828572,7.978162521254168,8.230945708276266,7.832122766158211,Before the historical event,Event not experienced
-1.44,0,1,0,Additive genetic variance,5,1.6122639192525732,1.7062272631514106,1.3413452203715563,1.782777673143305,1.9809457082762665,1.6122639192525732,Before the historical event,Event experienced
-1.44,0,1,0,Nuclear-family environmental variance,5,2.1729440453648072,2.0882359990817645,1.6444699698626524,2.619802921750397,2.25,2.1729440453648072,Before the historical event,Event experienced
-1.44,0,1,0,Nonshared environmental variance,5,4.04691480154083,4.036100907553546,3.767985700067112,4.420542381618858,4,4.04691480154083,Before the historical event,Event experienced
-1.44,0,1,0,Phenotypic variance,5,7.832122766158211,7.8328562472322085,7.733381223828572,7.978162521254168,8.230945708276266,7.832122766158211,Before the historical event,Event experienced
-1.42,0,0,0,Additive genetic variance,5,1.6399794379748343,1.7333253697306665,1.3661338434980044,1.8151176040536328,2.0117688523500443,1.6399794379748343,Before the historical event,Event not experienced
-1.42,0,0,0,Nuclear-family environmental variance,5,2.173271104566934,2.091455464652768,1.6463640124996795,2.6168832087682463,2.25,2.173271104566934,Before the historical event,Event not experienced
-1.42,0,0,0,Nonshared environmental variance,5,4.0486811928800925,4.038318144277792,3.770287164622957,4.42257196152491,4,4.0486811928800925,Before the historical event,Event not experienced
-1.42,0,0,0,Phenotypic variance,5,7.8619317354218605,7.863748354317903,7.759998575479928,8.00289053946793,8.261768852350045,7.8619317354218605,Before the historical event,Event not experienced
-1.42,0,1,0,Additive genetic variance,5,1.6399794379748343,1.7333253697306665,1.3661338434980044,1.8151176040536328,2.0117688523500443,1.6399794379748343,Before the historical event,Event experienced
-1.42,0,1,0,Nuclear-family environmental variance,5,2.173271104566934,2.091455464652768,1.6463640124996795,2.6168832087682463,2.25,2.173271104566934,Before the historical event,Event experienced
-1.42,0,1,0,Nonshared environmental variance,5,4.0486811928800925,4.038318144277792,3.770287164622957,4.42257196152491,4,4.0486811928800925,Before the historical event,Event experienced
-1.42,0,1,0,Phenotypic variance,5,7.8619317354218605,7.863748354317903,7.759998575479928,8.00289053946793,8.261768852350045,7.8619317354218605,Before the historical event,Event experienced
-1.4,0,0,0,Additive genetic variance,5,1.6679076017155854,1.7605925086983947,1.3911541332072426,1.8477159461666703,2.0427447334647515,1.6679076017155854,Before the historical event,Event not experienced
-1.4,0,0,0,Nuclear-family environmental variance,5,2.173598572204134,2.094658797877514,1.6482677549660332,2.6139711534745858,2.25,2.173598572204134,Before the historical event,Event not experienced
-1.4,0,0,0,Nonshared environmental variance,5,4.050428600339981,4.039525736576249,3.7725791668467545,4.424665947653912,4,4.050428600339981,Before the historical event,Event not experienced
-1.4,0,0,0,Phenotypic variance,5,7.891934774259701,7.894777043152158,7.786750818359787,8.02783523510941,8.292744733464751,7.891934774259701,Before the historical event,Event not experienced
-1.4,0,1,0,Additive genetic variance,5,1.6679076017155854,1.7605925086983947,1.3911541332072426,1.8477159461666703,2.0427447334647515,1.6679076017155854,Before the historical event,Event experienced
-1.4,0,1,0,Nuclear-family environmental variance,5,2.173598572204134,2.094658797877514,1.6482677549660332,2.6139711534745858,2.25,2.173598572204134,Before the historical event,Event experienced
-1.4,0,1,0,Nonshared environmental variance,5,4.050428600339981,4.039525736576249,3.7725791668467545,4.424665947653912,4,4.050428600339981,Before the historical event,Event experienced
-1.4,0,1,0,Phenotypic variance,5,7.891934774259701,7.894777043152158,7.786750818359787,8.02783523510941,8.292744733464751,7.891934774259701,Before the historical event,Event experienced
-1.38,0,0,0,Additive genetic variance,5,1.6960429567919142,1.7880231817709054,1.4164021074839115,1.880565552033942,2.0738657155696565,1.6960429567919142,Before the historical event,Event not experienced
-1.38,0,0,0,Nuclear-family environmental variance,5,2.1739264297210044,2.097845909475294,1.6501812248448644,2.611066732303863,2.25,2.1739264297210044,Before the historical event,Event not experienced
-1.38,0,0,0,Nonshared environmental variance,5,4.052156997786593,4.04006762813617,3.774861687643137,4.42678989290036,4,4.052156997786593,Before the historical event,Event not experienced
-1.38,0,0,0,Phenotypic variance,5,7.922126384299512,7.92593671938237,7.8136327457341,8.05299236956662,8.323865715569656,7.922126384299512,Before the historical event,Event not experienced
-1.38,0,1,0,Additive genetic variance,5,1.6960429567919142,1.7880231817709054,1.4164021074839115,1.880565552033942,2.0738657155696565,1.6960429567919142,Before the historical event,Event experienced
-1.38,0,1,0,Nuclear-family environmental variance,5,2.1739264297210044,2.097845909475294,1.6501812248448644,2.611066732303863,2.25,2.1739264297210044,Before the historical event,Event experienced
-1.38,0,1,0,Nonshared environmental variance,5,4.052156997786593,4.04006762813617,3.774861687643137,4.42678989290036,4,4.052156997786593,Before the historical event,Event experienced
-1.38,0,1,0,Phenotypic variance,5,7.922126384299512,7.92593671938237,7.8136327457341,8.05299236956662,8.323865715569656,7.922126384299512,Before the historical event,Event experienced
-1.3599999999999999,0,0,0,Additive genetic variance,5,1.7243798516582125,1.8156117312078748,1.4418735993524232,1.9136590077083684,2.1051239754902435,1.7243798516582125,Before the historical event,Event not experienced
-1.3599999999999999,0,0,0,Nuclear-family environmental variance,5,2.1742546587416847,2.1010167105195916,1.6521044498825528,2.608169921790693,2.25,2.1742546587416847,Before the historical event,Event not experienced
-1.3599999999999999,0,0,0,Nonshared environmental variance,5,4.053866359412285,4.040593188023947,3.7771347079871473,4.42887880847527,4,4.053866359412285,Before the historical event,Event not experienced
-1.3599999999999999,0,0,0,Phenotypic variance,5,7.952500869812183,7.957221629751413,7.840639017319054,8.078357516388722,8.355123975490244,7.952500869812183,Before the historical event,Event not experienced
-1.3599999999999999,0,1,0,Additive genetic variance,5,1.7243798516582125,1.8156117312078748,1.4418735993524232,1.9136590077083684,2.1051239754902435,1.7243798516582125,Before the historical event,Event experienced
-1.3599999999999999,0,1,0,Nuclear-family environmental variance,5,2.1742546587416847,2.1010167105195916,1.6521044498825528,2.608169921790693,2.25,2.1742546587416847,Before the historical event,Event experienced
-1.3599999999999999,0,1,0,Nonshared environmental variance,5,4.053866359412285,4.040593188023947,3.7771347079871473,4.42887880847527,4,4.053866359412285,Before the historical event,Event experienced
-1.3599999999999999,0,1,0,Phenotypic variance,5,7.952500869812183,7.957221629751413,7.840639017319054,8.078357516388722,8.355123975490244,7.952500869812183,Before the historical event,Event experienced
-1.3399999999999999,0,0,0,Additive genetic variance,5,1.752912437192883,1.8433523407128174,1.4675642562633324,1.9469886333462267,2.1365115051218235,1.752912437192883,Before the historical event,Event not experienced
-1.3399999999999999,0,0,0,Nuclear-family environmental variance,5,2.1745832410707333,2.104171112442205,1.6540374579893722,2.6052806985695542,2.25,2.1745832410707333,Before the historical event,Event not experienced
-1.3399999999999999,0,0,0,Nonshared environmental variance,5,4.055556659736461,4.041102409847353,3.779398208924505,4.43093264399203,4,4.055556659736461,Before the historical event,Event not experienced
-1.3399999999999999,0,0,0,Phenotypic variance,5,7.983052338000077,7.988625863002375,7.86776416027145,8.103926060782138,8.386511505121824,7.983052338000077,Before the historical event,Event not experienced
-1.3399999999999999,0,1,0,Additive genetic variance,5,1.752912437192883,1.8433523407128174,1.4675642562633324,1.9469886333462267,2.1365115051218235,1.752912437192883,Before the historical event,Event experienced
-1.3399999999999999,0,1,0,Nuclear-family environmental variance,5,2.1745832410707333,2.104171112442205,1.6540374579893722,2.6052806985695542,2.25,2.1745832410707333,Before the historical event,Event experienced
-1.3399999999999999,0,1,0,Nonshared environmental variance,5,4.055556659736461,4.041102409847353,3.779398208924505,4.43093264399203,4,4.055556659736461,Before the historical event,Event experienced
-1.3399999999999999,0,1,0,Phenotypic variance,5,7.983052338000077,7.988625863002375,7.86776416027145,8.103926060782138,8.386511505121824,7.983052338000077,Before the historical event,Event experienced
-1.32,0,0,0,Additive genetic variance,5,1.781634667155378,1.8712390364660751,1.4934695396214677,1.9805464840630687,2.168020113805423,1.781634667155378,Before the historical event,Event not experienced
-1.32,0,0,0,Nuclear-family environmental variance,5,2.1749121586939983,2.107309027037359,1.6559802772401635,2.602399039374477,2.25,2.1749121586939983,Before the historical event,Event not experienced
-1.32,0,0,0,Nonshared environmental variance,5,4.057227873606339,4.041595287412344,3.781652171571867,4.432951349902783,4,4.057227873606339,Before the historical event,Event not experienced
-1.32,0,0,0,Phenotypic variance,5,8.013774699455714,8.020143350915777,7.895002570288896,8.129693199253882,8.418020113805422,8.013774699455714,Before the historical event,Event not experienced
-1.32,0,1,0,Additive genetic variance,5,1.781634667155378,1.8712390364660751,1.4934695396214677,1.9805464840630687,2.168020113805423,1.781634667155378,Before the historical event,Event experienced
-1.32,0,1,0,Nuclear-family environmental variance,5,2.1749121586939983,2.107309027037359,1.6559802772401635,2.602399039374477,2.25,2.1749121586939983,Before the historical event,Event experienced
-1.32,0,1,0,Nonshared environmental variance,5,4.057227873606339,4.041595287412344,3.781652171571867,4.432951349902783,4,4.057227873606339,Before the historical event,Event experienced
-1.32,0,1,0,Phenotypic variance,5,8.013774699455714,8.020143350915777,7.895002570288896,8.129693199253882,8.418020113805422,8.013774699455714,Before the historical event,Event experienced
-1.3,0,0,0,Additive genetic variance,5,1.8105402988161132,1.8992656882914591,1.5195847244588323,2.014324351047232,2.199641430886406,1.8105402988161132,Before the historical event,Event not experienced
-1.3,0,0,0,Nuclear-family environmental variance,5,2.17524139377949,2.1104303664658053,1.6579329358750068,2.599524921038744,2.25,2.17524139377949,Before the historical event,Event not experienced
-1.3,0,0,0,Nonshared environmental variance,5,4.058879976197713,4.042071814723189,3.78389657711709,4.4349348775004245,4,4.058879976197713,Before the historical event,Event not experienced
-1.3,0,0,0,Phenotypic variance,5,8.044661668793315,8.051767869480454,7.922348512820552,8.155653939405116,8.449641430886405,8.044661668793315,Before the historical event,Event not experienced
-1.3,0,1,0,Additive genetic variance,5,1.8105402988161132,1.8992656882914591,1.5195847244588323,2.014324351047232,2.199641430886406,1.8105402988161132,Before the historical event,Event experienced
-1.3,0,1,0,Nuclear-family environmental variance,5,2.17524139377949,2.1104303664658053,1.6579329358750068,2.599524921038744,2.25,2.17524139377949,Before the historical event,Event experienced
-1.3,0,1,0,Nonshared environmental variance,5,4.058879976197713,4.042071814723189,3.78389657711709,4.4349348775004245,4,4.058879976197713,Before the historical event,Event experienced
-1.3,0,1,0,Phenotypic variance,5,8.044661668793315,8.051767869480454,7.922348512820552,8.155653939405116,8.449641430886405,8.044661668793315,Before the historical event,Event experienced
-1.28,0,0,0,Additive genetic variance,5,1.8396228937616277,1.927426010957518,1.5459048992551854,2.048313762934261,2.2313669084560703,1.8396228937616277,Before the historical event,Event not experienced
-1.28,0,0,0,Nuclear-family environmental variance,5,2.1755709286782534,2.113535043258913,1.6598954622999018,2.5966583204945834,2.25,2.1755709286782534,Before the historical event,Event not experienced
-1.28,0,0,0,Nonshared environmental variance,5,4.0605129430156985,4.042531985982589,3.7861314068194942,4.436883178920581,4,4.0605129430156985,Before the historical event,Event not experienced
-1.28,0,0,0,Phenotypic variance,5,8.075706765455578,8.08349304019902,7.949796124389053,8.181803099877731,8.48136690845607,8.075706765455578,Before the historical event,Event not experienced
-1.28,0,1,0,Additive genetic variance,5,1.8396228937616277,1.927426010957518,1.5459048992551854,2.048313762934261,2.2313669084560703,1.8396228937616277,Before the historical event,Event experienced
-1.28,0,1,0,Nuclear-family environmental variance,5,2.1755709286782534,2.113535043258913,1.6598954622999018,2.5966583204945834,2.25,2.1755709286782534,Before the historical event,Event experienced
-1.28,0,1,0,Nonshared environmental variance,5,4.0605129430156985,4.042531985982589,3.7861314068194942,4.436883178920581,4,4.0605129430156985,Before the historical event,Event experienced
-1.28,0,1,0,Phenotypic variance,5,8.075706765455578,8.08349304019902,7.949796124389053,8.181803099877731,8.48136690845607,8.075706765455578,Before the historical event,Event experienced
-1.26,0,0,0,Additive genetic variance,5,1.8688758188772128,1.9557135656143156,1.5724249659090823,2.08250598744534,2.2631878242762737,1.8688758188772128,Before the historical event,Event not experienced
-1.26,0,0,0,Nuclear-family environmental variance,5,2.175900745925235,2.116622970322738,1.6618678850874524,2.593799214772865,2.25,2.175900745925235,Before the historical event,Event not experienced
-1.26,0,0,0,Nonshared environmental variance,5,4.0621267498954765,4.042975795591798,3.7883566420101236,4.438796207143548,4,4.0621267498954765,Before the historical event,Event not experienced
-1.26,0,0,0,Phenotypic variance,5,8.106903314697924,8.115312331528852,7.977339414024219,8.208135310456766,8.513187824276274,8.106903314697924,Before the historical event,Event not experienced
-1.26,0,1,0,Additive genetic variance,5,1.8688758188772128,1.9557135656143156,1.5724249659090823,2.08250598744534,2.2631878242762737,1.8688758188772128,Before the historical event,Event experienced
-1.26,0,1,0,Nuclear-family environmental variance,5,2.175900745925235,2.116622970322738,1.6618678850874524,2.593799214772865,2.25,2.175900745925235,Before the historical event,Event experienced
-1.26,0,1,0,Nonshared environmental variance,5,4.0621267498954765,4.042975795591798,3.7883566420101236,4.438796207143548,4,4.0621267498954765,Before the historical event,Event experienced
-1.26,0,1,0,Phenotypic variance,5,8.106903314697924,8.115312331528852,7.977339414024219,8.208135310456766,8.513187824276274,8.106903314697924,Before the historical event,Event experienced
-1.24,0,0,0,Additive genetic variance,5,1.8982922475090478,1.984121761366458,1.5991396398620341,2.116892033292491,2.2950952848869286,1.8982922475090478,Before the historical event,Event not experienced
-1.24,0,0,0,Nuclear-family environmental variance,5,2.1762308282401532,2.119694060942091,1.6638502329775544,2.5909475810027995,2.25,2.1762308282401532,Before the historical event,Event not experienced
-1.24,0,0,0,Nonshared environmental variance,5,4.0637213730030135,4.043403238150728,3.790572264092005,4.440673915996184,4,4.0637213730030135,Before the historical event,Event not experienced
-1.24,0,0,0,Phenotypic variance,5,8.138244448752214,8.147219060459278,8.004972264808938,8.235778386125707,8.545095284886928,8.138244448752214,Before the historical event,Event not experienced
-1.24,0,1,0,Additive genetic variance,5,1.8982922475090478,1.984121761366458,1.5991396398620341,2.116892033292491,2.2950952848869286,1.8982922475090478,Before the historical event,Event experienced
-1.24,0,1,0,Nuclear-family environmental variance,5,2.1762308282401532,2.119694060942091,1.6638502329775544,2.5909475810027995,2.25,2.1762308282401532,Before the historical event,Event experienced
-1.24,0,1,0,Nonshared environmental variance,5,4.0637213730030135,4.043403238150728,3.790572264092005,4.440673915996184,4,4.0637213730030135,Before the historical event,Event experienced
-1.24,0,1,0,Phenotypic variance,5,8.138244448752214,8.147219060459278,8.004972264808938,8.235778386125707,8.545095284886928,8.138244448752214,Before the historical event,Event experienced
-1.22,0,0,0,Additive genetic variance,5,1.927865160807704,2.01264385698297,1.6260434503783152,2.1514626523530556,2.3270802288959955,1.927865160807704,Before the historical event,Event not experienced
-1.22,0,0,0,Nuclear-family environmental variance,5,2.176561158528363,2.122748228784584,1.6658425348780883,2.5881033964116344,2.25,2.176561158528363,Before the historical event,Event not experienced
-1.22,0,0,0,Nonshared environmental variance,5,4.065296788835783,4.043814308458072,3.7927782545404067,4.442516260153802,4,4.065296788835783,Before the historical event,Event not experienced
-1.22,0,0,0,Phenotypic variance,5,8.16972310817185,8.179206394225627,8.032688435537578,8.273938896404433,8.577080228895996,8.16972310817185,Before the historical event,Event not experienced
-1.22,0,1,0,Additive genetic variance,5,1.927865160807704,2.01264385698297,1.6260434503783152,2.1514626523530556,2.3270802288959955,1.927865160807704,Before the historical event,Event experienced
-1.22,0,1,0,Nuclear-family environmental variance,5,2.176561158528363,2.122748228784584,1.6658425348780883,2.5881033964116344,2.25,2.176561158528363,Before the historical event,Event experienced
-1.22,0,1,0,Nonshared environmental variance,5,4.065296788835783,4.043814308458072,3.7927782545404067,4.442516260153802,4,4.065296788835783,Before the historical event,Event experienced
-1.22,0,1,0,Phenotypic variance,5,8.16972310817185,8.179206394225627,8.032688435537578,8.273938896404433,8.577080228895996,8.16972310817185,Before the historical event,Event experienced
-1.2,0,0,0,Additive genetic variance,5,1.9575873492546991,2.041272962744508,1.6531307409828118,2.1862083421156195,2.3591334304514016,1.9575873492546991,Before the historical event,Event not experienced
-1.2,0,0,0,Nuclear-family environmental variance,5,2.1768917198817226,2.1257853879046653,1.6678448198656168,2.5852666383243577,2.25,2.1768917198817226,Before the historical event,Event not experienced
-1.2,0,0,0,Nonshared environmental variance,5,4.06685297422347,4.044209001511392,3.7949745949031,4.444323195141986,4,4.06685297422347,Before the historical event,Event not experienced
-1.2,0,0,0,Phenotypic variance,5,8.20133204335989,8.211267352160565,8.060481562487212,8.312260664342952,8.6091334304514,8.20133204335989,Before the historical event,Event not experienced
-1.2,0,1,0,Additive genetic variance,5,1.9575873492546991,2.041272962744508,1.6531307409828118,2.1862083421156195,2.3591334304514016,1.9575873492546991,Before the historical event,Event experienced
-1.2,0,1,0,Nuclear-family environmental variance,5,2.1768917198817226,2.1257853879046653,1.6678448198656168,2.5852666383243577,2.25,2.1768917198817226,Before the historical event,Event experienced
-1.2,0,1,0,Nonshared environmental variance,5,4.06685297422347,4.044209001511392,3.7949745949031,4.444323195141986,4,4.06685297422347,Before the historical event,Event experienced
-1.2,0,1,0,Phenotypic variance,5,8.20133204335989,8.211267352160565,8.060481562487212,8.312260664342952,8.6091334304514,8.20133204335989,Before the historical event,Event experienced
-1.18,0,0,0,Additive genetic variance,5,1.987451414373594,2.0700020424282335,1.6803956700591605,2.2211193483992844,2.3912455028940935,1.987451414373594,Before the historical event,Event not experienced
-1.18,0,0,0,Nuclear-family environmental variance,5,2.177222495579458,2.128805452747644,1.6698571171860876,2.582437284163397,2.25,2.177222495579458,Before the historical event,Event not experienced
-1.18,0,0,0,Nonshared environmental variance,5,4.068389906328661,4.04458731250724,3.7971612668006127,4.446094677338406,4,4.068389906328661,Before the historical event,Event not experienced
-1.18,0,0,0,Phenotypic variance,5,8.233063816281712,8.243394807683117,8.08834516130165,8.350733989083537,8.641245502894094,8.233063816281712,Before the historical event,Event not experienced
-1.18,0,1,0,Additive genetic variance,5,1.987451414373594,2.0700020424282335,1.6803956700591605,2.2211193483992844,2.3912455028940935,1.987451414373594,Before the historical event,Event experienced
-1.18,0,1,0,Nuclear-family environmental variance,5,2.177222495579458,2.128805452747644,1.6698571171860876,2.582437284163397,2.25,2.177222495579458,Before the historical event,Event experienced
-1.18,0,1,0,Nonshared environmental variance,5,4.068389906328661,4.04458731250724,3.7971612668006127,4.446094677338406,4,4.068389906328661,Before the historical event,Event experienced
-1.18,0,1,0,Phenotypic variance,5,8.233063816281712,8.243394807683117,8.08834516130165,8.350733989083537,8.641245502894094,8.233063816281712,Before the historical event,Event experienced
-1.16,0,0,0,Additive genetic variance,5,2.0174497706269223,2.098823915430561,1.707832211610281,2.2561856683478134,2.423406902591211,2.0174497706269223,Before the historical event,Event not experienced
-1.16,0,0,0,Nuclear-family environmental variance,5,2.1775534690890224,2.1318083381536974,1.6718794562555388,2.579615311448318,2.25,2.1775534690890224,Before the historical event,Event not experienced
-1.16,0,0,0,Nonshared environmental variance,5,4.069907562647532,4.044949236841238,3.7993382519264856,4.4478306639745755,4,4.069907562647532,Before the historical event,Event not experienced
-1.16,0,0,0,Phenotypic variance,5,8.264910802363477,8.275581490425497,8.116272628988428,8.389348914830432,8.67340690259121,8.264910802363477,Before the historical event,Event not experienced
-1.16,0,1,0,Additive genetic variance,5,2.0174497706269223,2.098823915430561,1.707832211610281,2.2561856683478134,2.423406902591211,2.0174497706269223,Before the historical event,Event experienced
-1.16,0,1,0,Nuclear-family environmental variance,5,2.1775534690890224,2.1318083381536974,1.6718794562555388,2.579615311448318,2.25,2.1775534690890224,Before the historical event,Event experienced
-1.16,0,1,0,Nonshared environmental variance,5,4.069907562647532,4.044949236841238,3.7993382519264856,4.4478306639745755,4,4.069907562647532,Before the historical event,Event experienced
-1.16,0,1,0,Phenotypic variance,5,8.264910802363477,8.275581490425497,8.116272628988428,8.389348914830432,8.67340690259121,8.264910802363477,Before the historical event,Event experienced
-1.14,0,0,0,Additive genetic variance,5,2.0475746475000616,2.1277312590278252,1.7354341561832562,2.291397053699902,2.455607932948168,2.0475746475000616,Before the historical event,Event not experienced
-1.14,0,0,0,Nuclear-family environmental variance,5,2.177884624066961,2.134793959361864,1.6739118666608122,2.5768006977955293,2.25,2.177884624066961,Before the historical event,Event not experienced
-1.14,0,0,0,Nonshared environmental variance,5,4.071405921010522,4.0452947701081845,3.801505532047532,4.449531113137598,4,4.071405921010522,Before the historical event,Event not experienced
-1.14,0,0,0,Phenotypic variance,5,8.296865192577544,8.307819988497872,8.144257246028557,8.428095233990902,8.705607932948169,8.296865192577544,Before the historical event,Event not experienced
-1.14,0,1,0,Additive genetic variance,5,2.0475746475000616,2.1277312590278252,1.7354341561832562,2.291397053699902,2.455607932948168,2.0475746475000616,Before the historical event,Event experienced
-1.14,0,1,0,Nuclear-family environmental variance,5,2.177884624066961,2.134793959361864,1.6739118666608122,2.5768006977955293,2.25,2.177884624066961,Before the historical event,Event experienced
-1.14,0,1,0,Nonshared environmental variance,5,4.071405921010522,4.0452947701081845,3.801505532047532,4.449531113137598,4,4.071405921010522,Before the historical event,Event experienced
-1.14,0,1,0,Phenotypic variance,5,8.296865192577544,8.307819988497872,8.144257246028557,8.428095233990902,8.705607932948169,8.296865192577544,Before the historical event,Event experienced
-1.1199999999999999,0,0,0,Additive genetic variance,5,2.0778180917729263,2.156716610774788,1.763195111960348,2.3267430143364574,2.4878387485981897,2.0778180917729263,Before the historical event,Event not experienced
-1.1199999999999999,0,0,0,Nuclear-family environmental variance,5,2.1782159443597666,2.137762232014024,1.6759543781602666,2.57399342091799,2.25,2.1782159443597666,Before the historical event,Event not experienced
-1.1199999999999999,0,0,0,Nonshared environmental variance,5,4.072884959582988,4.045623908102137,3.8036630890040874,4.451195983771853,4,4.072884959582988,Before the historical event,Event not experienced
-1.1199999999999999,0,0,0,Phenotypic variance,5,8.328918995715682,8.34010275089095,8.172292178598829,8.466962490599208,8.73783874859819,8.328918995715682,Before the historical event,Event not experienced
-1.1199999999999999,0,1,0,Additive genetic variance,5,2.0778180917729263,2.156716610774788,1.763195111960348,2.3267430143364574,2.4878387485981897,2.0778180917729263,Before the historical event,Event experienced
-1.1199999999999999,0,1,0,Nuclear-family environmental variance,5,2.1782159443597666,2.137762232014024,1.6759543781602666,2.57399342091799,2.25,2.1782159443597666,Before the historical event,Event experienced
-1.1199999999999999,0,1,0,Nonshared environmental variance,5,4.072884959582988,4.045623908102137,3.8036630890040874,4.451195983771853,4,4.072884959582988,Before the historical event,Event experienced
-1.1199999999999999,0,1,0,Phenotypic variance,5,8.328918995715682,8.34010275089095,8.172292178598829,8.466962490599208,8.73783874859819,8.328918995715682,Before the historical event,Event experienced
-1.0999999999999999,0,0,0,Additive genetic variance,5,2.1081719699801758,2.18577237104075,1.7911085060177914,2.362212822105432,2.520089359767649,2.1081719699801758,Before the historical event,Event not experienced
-1.0999999999999999,0,0,0,Nuclear-family environmental variance,5,2.178547414004738,2.1407130721588628,1.6780070206845012,2.5711934586249066,2.25,2.178547414004738,Before the historical event,Event not experienced
-1.0999999999999999,0,0,0,Nonshared environmental variance,5,4.074344656865862,4.045936646816496,3.8058109047102686,4.4528252356806695,4,4.074344656865862,Before the historical event,Event not experienced
-1.0999999999999999,0,0,0,Phenotypic variance,5,8.361064040850776,8.372422090016109,8.200370480906324,8.505939984024279,8.770089359767649,8.361064040850776,Before the historical event,Event not experienced
-1.0999999999999999,0,1,0,Additive genetic variance,5,2.1081719699801758,2.18577237104075,1.7911085060177914,2.362212822105432,2.520089359767649,2.1081719699801758,Before the historical event,Event experienced
-1.0999999999999999,0,1,0,Nuclear-family environmental variance,5,2.178547414004738,2.1407130721588628,1.6780070206845012,2.5711934586249066,2.25,2.178547414004738,Before the historical event,Event experienced
-1.0999999999999999,0,1,0,Nonshared environmental variance,5,4.074344656865862,4.045936646816496,3.8058109047102686,4.4528252356806695,4,4.074344656865862,Before the historical event,Event experienced
-1.0999999999999999,0,1,0,Phenotypic variance,5,8.361064040850776,8.372422090016109,8.200370480906324,8.505939984024279,8.770089359767649,8.361064040850776,Before the historical event,Event experienced
-1.08,0,0,0,Additive genetic variance,5,2.138627971060411,2.214569548090631,1.819167585753817,2.3978276406836683,2.5523496368153222,2.138627971060411,Before the historical event,Event not experienced
-1.08,0,0,0,Nuclear-family environmental variance,5,2.178879017230838,2.1436463962558245,1.6800698243370793,2.5684007888214415,2.25,2.178879017230838,Before the historical event,Event not experienced
-1.08,0,0,0,Nonshared environmental variance,5,4.075784991696283,4.04623298244409,3.8079489611542177,4.454418829527949,4,4.075784991696283,Before the historical event,Event not experienced
-1.08,0,0,0,Phenotypic variance,5,8.393291979987533,8.404770184382812,8.228485097634735,8.545016772961525,8.802349636815322,8.393291979987533,Before the historical event,Event not experienced
-1.08,0,1,0,Additive genetic variance,5,2.138627971060411,2.214569548090631,1.819167585753817,2.3978276406836683,2.5523496368153222,2.138627971060411,Before the historical event,Event experienced
-1.08,0,1,0,Nuclear-family environmental variance,5,2.178879017230838,2.1436463962558245,1.6800698243370793,2.5684007888214415,2.25,2.178879017230838,Before the historical event,Event experienced
-1.08,0,1,0,Nonshared environmental variance,5,4.075784991696283,4.04623298244409,3.8079489611542177,4.454418829527949,4,4.075784991696283,Before the historical event,Event experienced
-1.08,0,1,0,Phenotypic variance,5,8.393291979987533,8.404770184382812,8.228485097634735,8.545016772961525,8.802349636815322,8.393291979987533,Before the historical event,Event experienced
-1.06,0,0,0,Additive genetic variance,5,2.16917760919461,2.241101970041486,1.8473654204872085,2.4337761090424714,2.5846093149434526,2.16917760919461,Before the historical event,Event not experienced
-1.06,0,0,0,Nuclear-family environmental variance,5,2.1792107384595427,2.146562121179043,1.6821428193952581,2.5656153895084204,2.25,2.1792107384595427,Before the historical event,Event not experienced
-1.06,0,0,0,Nonshared environmental variance,5,4.077205943248231,4.046512911377254,3.810077240398364,4.455976726839767,4,4.077205943248231,Before the historical event,Event not experienced
-1.06,0,0,0,Phenotypic variance,5,8.425594290902385,8.437139081412637,8.256628866501813,8.584181679708829,8.834609314943453,8.425594290902385,Before the historical event,Event not experienced
-1.06,0,1,0,Additive genetic variance,5,2.16917760919461,2.241101970041486,1.8473654204872085,2.4337761090424714,2.5846093149434526,2.16917760919461,Before the historical event,Event experienced
-1.06,0,1,0,Nuclear-family environmental variance,5,2.1792107384595427,2.146562121179043,1.6821428193952581,2.5656153895084204,2.25,2.1792107384595427,Before the historical event,Event experienced
-1.06,0,1,0,Nonshared environmental variance,5,4.077205943248231,4.046512911377254,3.810077240398364,4.455976726839767,4,4.077205943248231,Before the historical event,Event experienced
-1.06,0,1,0,Phenotypic variance,5,8.425594290902385,8.437139081412637,8.256628866501813,8.584181679708829,8.834609314943453,8.425594290902385,Before the historical event,Event experienced
-1.04,0,0,0,Additive genetic variance,5,2.1998122268338376,2.267645744757055,1.8756949032275014,2.46981840041011,2.6168579990783067,2.1998122268338376,Before the historical event,Event not experienced
-1.04,0,0,0,Nuclear-family environmental variance,5,2.1795425623056985,2.1494601642212614,1.6842260363107258,2.5628372387820395,2.25,2.1795425623056985,Before the historical event,Event not experienced
-1.04,0,0,0,Nonshared environmental variance,5,4.078607491033141,4.046776430207901,3.812195724579672,4.457498890005928,4,4.078607491033141,Before the historical event,Event not experienced
-1.04,0,0,0,Phenotypic variance,5,8.457962280172678,8.469520700389339,8.284794520927326,8.623423294726406,8.866857999078306,8.457962280172678,Before the historical event,Event not experienced
-1.04,0,1,0,Additive genetic variance,5,2.1998122268338376,2.267645744757055,1.8756949032275014,2.46981840041011,2.6168579990783067,2.1998122268338376,Before the historical event,Event experienced
-1.04,0,1,0,Nuclear-family environmental variance,5,2.1795425623056985,2.1494601642212614,1.6842260363107258,2.5628372387820395,2.25,2.1795425623056985,Before the historical event,Event experienced
-1.04,0,1,0,Nonshared environmental variance,5,4.078607491033141,4.046776430207901,3.812195724579672,4.457498890005928,4,4.078607491033141,Before the historical event,Event experienced
-1.04,0,1,0,Phenotypic variance,5,8.457962280172678,8.469520700389339,8.284794520927326,8.623423294726406,8.866857999078306,8.457962280172678,Before the historical event,Event experienced
-1.02,0,0,0,Additive genetic variance,5,2.2305229979160472,2.294193789089385,1.9041487526177634,2.5059427745893603,2.649085168917677,2.2305229979160472,Before the historical event,Event not experienced
-1.02,0,0,0,Nuclear-family environmental variance,5,2.179874473578369,2.152340443097738,1.6863195057103382,2.56006631483357,2.25,2.179874473578369,Before the historical event,Event not experienced
-1.02,0,0,0,Nonshared environmental variance,5,4.079989614900507,4.047023535727587,3.8143043959098817,4.45898528228149,4,4.079989614900507,Before the historical event,Event not experienced
-1.02,0,0,0,Phenotypic variance,5,8.490387086394923,8.501906835544087,8.312974692810684,8.66272998147989,8.899085168917678,8.490387086394923,Before the historical event,Event not experienced
-1.02,0,1,0,Additive genetic variance,5,2.2305229979160472,2.294193789089385,1.9041487526177634,2.5059427745893603,2.649085168917677,2.2305229979160472,Before the historical event,Event experienced
-1.02,0,1,0,Nuclear-family environmental variance,5,2.179874473578369,2.152340443097738,1.6863195057103382,2.56006631483357,2.25,2.179874473578369,Before the historical event,Event experienced
-1.02,0,1,0,Nonshared environmental variance,5,4.079989614900507,4.047023535727587,3.8143043959098817,4.45898528228149,4,4.079989614900507,Before the historical event,Event experienced
-1.02,0,1,0,Phenotypic variance,5,8.490387086394923,8.501906835544087,8.312974692810684,8.66272998147989,8.899085168917678,8.490387086394923,Before the historical event,Event experienced
-1,0,0,0,Additive genetic variance,5,2.2613009312715486,2.320738934743038,1.932719515050712,2.542137272901225,2.6812801841425573,2.2613009312715486,Before the historical event,Event not experienced
-1,0,0,0,Nuclear-family environmental variance,5,2.1802064572816846,2.1552028759501325,1.6884232583968655,2.557302595949072,2.25,2.1802064572816846,Before the historical event,Event not experienced
-1,0,0,0,Nonshared environmental variance,5,4.081352295038478,4.047254224927582,3.816403236675775,4.460435867788259,4,4.081352295038478,Before the historical event,Event not experienced
-1,0,0,0,Phenotypic variance,5,8.522859683591712,8.534289159274891,8.34116191541727,8.702089881565538,8.931280184142558,8.522859683591712,Before the historical event,Event not experienced
-1,0,1,0,Additive genetic variance,5,2.2613009312715486,2.320738934743038,1.932719515050712,2.542137272901225,2.6812801841425573,2.2613009312715486,Before the historical event,Event experienced
-1,0,1,0,Nuclear-family environmental variance,5,2.1802064572816846,2.1552028759501325,1.6884232583968655,2.557302595949072,2.25,2.1802064572816846,Before the historical event,Event experienced
-1,0,1,0,Nonshared environmental variance,5,4.081352295038478,4.047254224927582,3.816403236675775,4.460435867788259,4,4.081352295038478,Before the historical event,Event experienced
-1,0,1,0,Phenotypic variance,5,8.522859683591712,8.534289159274891,8.34116191541727,8.702089881565538,8.931280184142558,8.522859683591712,Before the historical event,Event experienced
-0.98,0,0,0,Additive genetic variance,5,2.2921368742165074,2.3472739311761637,1.9613995669587216,2.578389723711673,2.7134322897900183,2.2921368742165074,Before the historical event,Event not experienced
-0.98,0,0,0,Nuclear-family environmental variance,5,2.18053849861569,2.1580473813503747,1.6905373253497404,2.5545460605091006,2.25,2.18053849861569,Before the historical event,Event not experienced
-0.98,0,0,0,Nonshared environmental variance,5,4.08269551197444,4.047468494998927,3.8184922292394083,4.461850611516241,4,4.08269551197444,Before the historical event,Event not experienced
-0.98,0,0,0,Phenotypic variance,5,8.555370884806637,8.566659225499087,8.369348626372444,8.741490920116215,8.963432289790019,8.555370884806637,Before the historical event,Event not experienced
-0.98,0,1,0,Additive genetic variance,5,2.2921368742165074,2.3472739311761637,1.9613995669587216,2.578389723711673,2.7134322897900183,2.2921368742165074,Before the historical event,Event experienced
-0.98,0,1,0,Nuclear-family environmental variance,5,2.18053849861569,2.1580473813503747,1.6905373253497404,2.5545460605091006,2.25,2.18053849861569,Before the historical event,Event experienced
-0.98,0,1,0,Nonshared environmental variance,5,4.08269551197444,4.047468494998927,3.8184922292394083,4.461850611516241,4,4.08269551197444,Before the historical event,Event experienced
-0.98,0,1,0,Phenotypic variance,5,8.555370884806637,8.566659225499087,8.369348626372444,8.741490920116215,8.963432289790019,8.555370884806637,Before the historical event,Event experienced
-0.96,0,0,0,Additive genetic variance,5,2.3230215163335854,2.373791448591224,1.9901811172781052,2.6146877482339956,2.74553062178407,2.3230215163335854,Before the historical event,Event not experienced
-0.96,0,0,0,Nuclear-family environmental variance,5,2.1808705829771853,2.160873878304524,1.6926617377258124,2.551796686988418,2.25,2.1808705829771853,Before the historical event,Event not experienced
-0.96,0,0,0,Nonshared environmental variance,5,4.084019246575589,4.047666343332496,3.8205713560383687,4.463229479325057,4,4.084019246575589,Before the historical event,Event not experienced
-0.96,0,0,0,Phenotypic variance,5,8.58791134588636,8.599008473137598,8.397527170761983,8.780920811486233,8.99553062178407,8.58791134588636,Before the historical event,Event not experienced
-0.96,0,1,0,Additive genetic variance,5,2.3230215163335854,2.373791448591224,1.9901811172781052,2.6146877482339956,2.74553062178407,2.3230215163335854,Before the historical event,Event experienced
-0.96,0,1,0,Nuclear-family environmental variance,5,2.1808705829771853,2.160873878304524,1.6926617377258124,2.551796686988418,2.25,2.1808705829771853,Before the historical event,Event experienced
-0.96,0,1,0,Nonshared environmental variance,5,4.084019246575589,4.047666343332496,3.8205713560383687,4.463229479325057,4,4.084019246575589,Before the historical event,Event experienced
-0.96,0,1,0,Phenotypic variance,5,8.58791134588636,8.599008473137598,8.397527170761983,8.780920811486233,8.99553062178407,8.58791134588636,Before the historical event,Event experienced
-0.94,0,0,0,Additive genetic variance,5,2.3539453934386176,2.400284081013994,2.0190562100878324,2.651018766604428,2.7775642126210935,2.3539453934386176,Before the historical event,Event not experienced
-0.94,0,0,0,Nuclear-family environmental variance,5,2.1812026959605713,2.1636822862566025,1.6947965268601075,2.549054453955705,2.25,2.1812026959605713,Before the historical event,Event not experienced
-0.94,0,0,0,Nonshared environmental variance,5,4.085323480049488,4.047847767519042,3.8226405995860158,4.4645724379453355,4,4.085323480049488,Before the historical event,Event not experienced
-0.94,0,0,0,Phenotypic variance,5,8.620471569448677,8.627851169839564,8.425689804337724,8.820714771201946,9.027564212621094,8.620471569448677,Before the historical event,Event not experienced
-0.94,0,1,0,Additive genetic variance,5,2.3539453934386176,2.400284081013994,2.0190562100878324,2.651018766604428,2.7775642126210935,2.3539453934386176,Before the historical event,Event experienced
-0.94,0,1,0,Nuclear-family environmental variance,5,2.1812026959605713,2.1636822862566025,1.6947965268601075,2.549054453955705,2.25,2.1812026959605713,Before the historical event,Event experienced
-0.94,0,1,0,Nonshared environmental variance,5,4.085323480049488,4.047847767519042,3.8226405995860158,4.4645724379453355,4,4.085323480049488,Before the historical event,Event experienced
-0.94,0,1,0,Phenotypic variance,5,8.620471569448677,8.627851169839564,8.425689804337724,8.820714771201946,9.027564212621094,8.620471569448677,Before the historical event,Event experienced
-0.9199999999999999,0,0,0,Additive genetic variance,5,2.384898891731972,2.426744349459309,2.0480167274226755,2.687370004228277,2.809521997206206,2.384898891731972,Before the historical event,Event not experienced
-0.9199999999999999,0,0,0,Nuclear-family environmental variance,5,2.181534823358689,2.166472525092421,1.6969417242665918,2.5463193400732753,2.25,2.181534823358689,Before the historical event,Event not experienced
-0.9199999999999999,0,0,0,Nonshared environmental variance,5,4.08660819394462,4.048012765349253,3.8246999424717285,4.465879454980056,4,4.08660819394462,Before the historical event,Event not experienced
-0.9199999999999999,0,0,0,Phenotypic variance,5,8.65304190903528,8.654918586411494,8.453828696826859,8.860686105128892,9.059521997206206,8.65304190903528,Before the historical event,Event not experienced
-0.9199999999999999,0,1,0,Additive genetic variance,5,2.384898891731972,2.426744349459309,2.0480167274226755,2.687370004228277,2.809521997206206,2.384898891731972,Before the historical event,Event experienced
-0.9199999999999999,0,1,0,Nuclear-family environmental variance,5,2.181534823358689,2.166472525092421,1.6969417242665918,2.5463193400732753,2.25,2.181534823358689,Before the historical event,Event experienced
-0.9199999999999999,0,1,0,Nonshared environmental variance,5,4.08660819394462,4.048012765349253,3.8246999424717285,4.465879454980056,4,4.08660819394462,Before the historical event,Event experienced
-0.9199999999999999,0,1,0,Phenotypic variance,5,8.65304190903528,8.654918586411494,8.453828696826859,8.860686105128892,9.059521997206206,8.65304190903528,Before the historical event,Event experienced
-0.8999999999999999,0,0,0,Additive genetic variance,5,2.4158722521330023,2.4531647051819805,2.0770543922605427,2.723728498393424,2.8413928188367095,2.4158722521330023,Before the historical event,Event not experienced
-0.8999999999999999,0,0,0,Nuclear-family environmental variance,5,2.1818669511636566,2.1692445151433764,1.6990973616389389,2.543591324096784,2.25,2.1818669511636566,Before the historical event,Event not experienced
-0.8999999999999999,0,0,0,Nonshared environmental variance,5,4.087873370150921,4.048161334813793,3.826749367361149,4.467150498905857,4,4.087873370150921,Before the historical event,Event not experienced
-0.8999999999999999,0,0,0,Phenotypic variance,5,8.68561257344758,8.682049251370511,8.481935935343465,8.900637190910363,9.09139281883671,8.68561257344758,Before the historical event,Event not experienced
-0.8999999999999999,0,1,0,Additive genetic variance,5,2.4158722521330023,2.4531647051819805,2.0770543922605427,2.723728498393424,2.8413928188367095,2.4158722521330023,Before the historical event,Event experienced
-0.8999999999999999,0,1,0,Nuclear-family environmental variance,5,2.1818669511636566,2.1692445151433764,1.6990973616389389,2.543591324096784,2.25,2.1818669511636566,Before the historical event,Event experienced
-0.8999999999999999,0,1,0,Nonshared environmental variance,5,4.087873370150921,4.048161334813793,3.826749367361149,4.467150498905857,4,4.087873370150921,Before the historical event,Event experienced
-0.8999999999999999,0,1,0,Phenotypic variance,5,8.68561257344758,8.682049251370511,8.481935935343465,8.900637190910363,9.09139281883671,8.68561257344758,Before the historical event,Event experienced
-0.8799999999999999,0,0,0,Additive genetic variance,5,2.446855574795772,2.479537533011168,2.10616077168359,2.760081105147672,2.8731654353285574,2.446855574795772,Before the historical event,Event not experienced
-0.8799999999999999,0,0,0,Nuclear-family environmental variance,5,2.1821990655677075,2.1719981771902446,1.7012634708513057,2.540870384874949,2.25,2.1821990655677075,Before the historical event,Event not experienced
-0.8799999999999999,0,0,0,Nonshared environmental variance,5,4.0891189909003085,4.04829347410334,3.828788856996428,4.468385539074331,4,4.0891189909003085,Before the historical event,Event not experienced
-0.8799999999999999,0,0,0,Phenotypic variance,5,8.718173631263788,8.709234991431419,8.510003527900446,8.940554881092945,9.123165435328557,8.718173631263788,Before the historical event,Event not experienced
-0.8799999999999999,0,1,0,Additive genetic variance,5,2.446855574795772,2.479537533011168,2.10616077168359,2.760081105147672,2.8731654353285574,2.446855574795772,Before the historical event,Event experienced
-0.8799999999999999,0,1,0,Nuclear-family environmental variance,5,2.1821990655677075,2.1719981771902446,1.7012634708513057,2.540870384874949,2.25,2.1821990655677075,Before the historical event,Event experienced
-0.8799999999999999,0,1,0,Nonshared environmental variance,5,4.0891189909003085,4.04829347410334,3.828788856996428,4.468385539074331,4,4.0891189909003085,Before the historical event,Event experienced
-0.8799999999999999,0,1,0,Phenotypic variance,5,8.718173631263788,8.709234991431419,8.510003527900446,8.940554881092945,9.123165435328557,8.718173631263788,Before the historical event,Event experienced
-0.8599999999999999,0,0,0,Additive genetic variance,5,2.4778388238039732,2.5058551547664067,2.1353272802124583,2.7964145064360304,2.904828525281583,2.4778388238039732,Before the historical event,Event not experienced
-0.8599999999999999,0,0,0,Nuclear-family environmental variance,5,2.1825311529640197,2.174733432466943,1.703440083959111,2.5381565013492597,2.25,2.1825311529640197,Before the historical event,Event not experienced
-0.8599999999999999,0,0,0,Nonshared environmental variance,5,4.090345038767198,4.048409181608629,3.8308183941964633,4.469584545713244,4,4.090345038767198,Before the historical event,Event not experienced
-0.8599999999999999,0,0,0,Phenotypic variance,5,8.750715015535189,8.736467485421926,8.538023407020177,8.98042585518553,9.154828525281584,8.750715015535189,Before the historical event,Event not experienced
-0.8599999999999999,0,1,0,Additive genetic variance,5,2.4778388238039732,2.5058551547664067,2.1353272802124583,2.7964145064360304,2.904828525281583,2.4778388238039732,Before the historical event,Event experienced
-0.8599999999999999,0,1,0,Nuclear-family environmental variance,5,2.1825311529640197,2.174733432466943,1.703440083959111,2.5381565013492597,2.25,2.1825311529640197,Before the historical event,Event experienced
-0.8599999999999999,0,1,0,Nonshared environmental variance,5,4.090345038767198,4.048409181608629,3.8308183941964633,4.469584545713244,4,4.090345038767198,Before the historical event,Event experienced
-0.8599999999999999,0,1,0,Phenotypic variance,5,8.750715015535189,8.736467485421926,8.538023407020177,8.98042585518553,9.154828525281584,8.750715015535189,Before the historical event,Event experienced
-0.8399999999999999,0,0,0,Additive genetic variance,5,2.508811832042735,2.5321098327534037,2.164545183312803,2.832715217493643,2.9363706944790016,2.508811832042735,Before the historical event,Event not experienced
-0.8399999999999999,0,0,0,Nuclear-family environmental variance,5,2.182863199947553,2.1774502026642844,1.7056272331998177,2.5354496525536967,2.25,2.182863199947553,Before the historical event,Event not experienced
-0.8399999999999999,0,0,0,Nonshared environmental variance,5,4.091551496668999,4.04850845592048,3.832837961857143,4.470747489927759,4,4.091551496668999,Before the historical event,Event not experienced
-0.8399999999999999,0,0,0,Phenotypic variance,5,8.783226528659286,8.771489800702835,8.565212280127197,9.020236627054553,9.186370694479002,8.783226528659286,Before the historical event,Event not experienced
-0.8399999999999999,0,1,0,Additive genetic variance,5,2.508811832042735,2.5321098327534037,2.164545183312803,2.832715217493643,2.9363706944790016,2.508811832042735,Before the historical event,Event experienced
-0.8399999999999999,0,1,0,Nuclear-family environmental variance,5,2.182863199947553,2.1774502026642844,1.7056272331998177,2.5354496525536967,2.25,2.182863199947553,Before the historical event,Event experienced
-0.8399999999999999,0,1,0,Nonshared environmental variance,5,4.091551496668999,4.04850845592048,3.832837961857143,4.470747489927759,4,4.091551496668999,Before the historical event,Event experienced
-0.8399999999999999,0,1,0,Phenotypic variance,5,8.783226528659286,8.771489800702835,8.565212280127197,9.020236627054553,9.186370694479002,8.783226528659286,Before the historical event,Event experienced
-0.8199999999999998,0,0,0,Additive genetic variance,5,2.539764306244774,2.558293773337601,2.193805601073065,2.868969594489659,2.9677804824165177,2.539764306244774,Before the historical event,Event not experienced
-0.8199999999999998,0,0,0,Nuclear-family environmental variance,5,2.1831951933158726,2.1801484099337074,1.7078249509937231,2.5327498176144463,2.25,2.1831951933158726,Before the historical event,Event not experienced
-0.8199999999999998,0,0,0,Nonshared environmental variance,5,4.092738347866616,4.048591295829831,3.8348475429515863,4.471874343701596,4,4.092738347866616,Before the historical event,Event not experienced
-0.8199999999999998,0,0,0,Phenotypic variance,5,8.815697847427263,8.806926893805704,8.592298583630098,9.059973552570101,9.217780482416519,8.815697847427263,Before the historical event,Event not experienced
-0.8199999999999998,0,1,0,Additive genetic variance,5,2.539764306244774,2.558293773337601,2.193805601073065,2.868969594489659,2.9677804824165177,2.539764306244774,Before the historical event,Event experienced
-0.8199999999999998,0,1,0,Nuclear-family environmental variance,5,2.1831951933158726,2.1801484099337074,1.7078249509937231,2.5327498176144463,2.25,2.1831951933158726,Before the historical event,Event experienced
-0.8199999999999998,0,1,0,Nonshared environmental variance,5,4.092738347866616,4.048591295829831,3.8348475429515863,4.471874343701596,4,4.092738347866616,Before the historical event,Event experienced
-0.8199999999999998,0,1,0,Phenotypic variance,5,8.815697847427263,8.806926893805704,8.592298583630098,9.059973552570101,9.217780482416519,8.815697847427263,Before the historical event,Event experienced
-0.7999999999999998,0,0,0,Additive genetic variance,5,2.57068583220809,2.584399130593429,2.223099512052201,2.9051638424169988,2.9990463689561655,2.57068583220809,Before the historical event,Event not experienced
-0.7999999999999998,0,0,0,Nuclear-family environmental variance,5,2.183527120069979,2.18282797689099,1.7100332699447527,2.530056975749623,2.25,2.183527120069979,Before the historical event,Event not experienced
-0.7999999999999998,0,0,0,Nonshared environmental variance,5,4.093905575964922,4.048657700327757,3.8368471205303836,4.472965079898172,4,4.093905575964922,Before the historical event,Event not experienced
-0.7999999999999998,0,0,0,Phenotypic variance,5,8.848118528242992,8.842348546311424,8.61931619358806,9.099622837497936,9.249046368956165,8.848118528242992,Before the historical event,Event not experienced
-0.7999999999999998,0,1,0,Additive genetic variance,5,2.57068583220809,2.584399130593429,2.223099512052201,2.9051638424169988,2.9990463689561655,2.57068583220809,Before the historical event,Event experienced
-0.7999999999999998,0,1,0,Nuclear-family environmental variance,5,2.183527120069979,2.18282797689099,1.7100332699447527,2.530056975749623,2.25,2.183527120069979,Before the historical event,Event experienced
-0.7999999999999998,0,1,0,Nonshared environmental variance,5,4.093905575964922,4.048657700327757,3.8368471205303836,4.472965079898172,4,4.093905575964922,Before the historical event,Event experienced
-0.7999999999999998,0,1,0,Phenotypic variance,5,8.848118528242992,8.842348546311424,8.61931619358806,9.099622837497936,9.249046368956165,8.848118528242992,Before the historical event,Event experienced
-0.7799999999999998,0,0,0,Additive genetic variance,5,2.60156588018218,2.6104180100270518,2.25241775729592,2.9412840232225483,3.0301567810998145,2.60156588018218,Before the historical event,Event not experienced
-0.7799999999999998,0,0,0,Nuclear-family environmental variance,5,2.183858967415131,2.185488826619946,1.7122522228412587,2.5273711062689808,2.25,2.183858967415131,Before the historical event,Event not experienced
-0.7799999999999998,0,0,0,Nonshared environmental variance,5,4.095053164913228,4.048707668605494,3.838836677721831,4.474019672261701,4,4.095053164913228,Before the historical event,Event not experienced
-0.7799999999999998,0,0,0,Phenotypic variance,5,8.880478012510538,8.877742607174136,8.646257105839103,9.139170545631858,9.280156781099814,8.880478012510538,Before the historical event,Event not experienced
-0.7799999999999998,0,1,0,Additive genetic variance,5,2.60156588018218,2.6104180100270518,2.25241775729592,2.9412840232225483,3.0301567810998145,2.60156588018218,Before the historical event,Event experienced
-0.7799999999999998,0,1,0,Nuclear-family environmental variance,5,2.183858967415131,2.185488826619946,1.7122522228412587,2.5273711062689808,2.25,2.183858967415131,Before the historical event,Event experienced
-0.7799999999999998,0,1,0,Nonshared environmental variance,5,4.095053164913228,4.048707668605494,3.838836677721831,4.474019672261701,4,4.095053164913228,Before the historical event,Event experienced
-0.7799999999999998,0,1,0,Phenotypic variance,5,8.880478012510538,8.877742607174136,8.646257105839103,9.139170545631858,9.280156781099814,8.880478012510538,Before the historical event,Event experienced
-0.7599999999999998,0,0,0,Additive genetic variance,5,2.6323938104194977,2.636342472370352,2.281751044519706,2.9773160641719585,3.0611000998770814,2.6323938104194977,Before the historical event,Event not experienced
-0.7599999999999998,0,0,0,Nuclear-family environmental variance,5,2.184190722761668,2.1881308826760977,1.7144818426568234,2.5246921885736393,2.25,2.184190722761668,Before the historical event,Event not experienced
-0.7599999999999998,0,0,0,Nonshared environmental variance,5,4.096181099005742,4.0487412000544545,3.840816197732175,4.47503809541825,4,4.096181099005742,Before the historical event,Event not experienced
-0.7599999999999998,0,0,0,Phenotypic variance,5,8.912765632186908,8.913096766193636,8.673113263117205,9.178602607160677,9.31110009987708,8.912765632186908,Before the historical event,Event not experienced
-0.7599999999999998,0,1,0,Additive genetic variance,5,2.6323938104194977,2.636342472370352,2.281751044519706,2.9773160641719585,3.0611000998770814,2.6323938104194977,Before the historical event,Event experienced
-0.7599999999999998,0,1,0,Nuclear-family environmental variance,5,2.184190722761668,2.1881308826760977,1.7144818426568234,2.5246921885736393,2.25,2.184190722761668,Before the historical event,Event experienced
-0.7599999999999998,0,1,0,Nonshared environmental variance,5,4.096181099005742,4.0487412000544545,3.840816197732175,4.47503809541825,4,4.096181099005742,Before the historical event,Event experienced
-0.7599999999999998,0,1,0,Phenotypic variance,5,8.912765632186908,8.913096766193636,8.673113263117205,9.178602607160677,9.31110009987708,8.912765632186908,Before the historical event,Event experienced
-0.7399999999999998,0,0,0,Additive genetic variance,5,2.6631588788886496,2.6621645374437675,2.3110899524567365,3.013245766442841,3.0918646673422097,2.6631588788886496,Before the historical event,Event not experienced
-0.7399999999999998,0,0,0,Nuclear-family environmental variance,5,2.184522373725827,2.1907540690903344,1.7167221625510716,2.5220202021558005,2.25,2.184522373725827,Before the historical event,Event not experienced
-0.7399999999999998,0,0,0,Nonshared environmental variance,5,4.097289362882013,4.04875829426624,3.842785663845838,4.476020324876772,4,4.097289362882013,Before the historical event,Event not experienced
-0.7399999999999998,0,0,0,Phenotypic variance,5,8.94497061549649,8.948398560829153,8.699876558936328,9.217904827263546,9.34186466734221,8.94497061549649,Before the historical event,Event not experienced
-0.7399999999999998,0,1,0,Additive genetic variance,5,2.6631588788886496,2.6621645374437675,2.3110899524567365,3.013245766442841,3.0918646673422097,2.6631588788886496,Before the historical event,Event experienced
-0.7399999999999998,0,1,0,Nuclear-family environmental variance,5,2.184522373725827,2.1907540690903344,1.7167221625510716,2.5220202021558005,2.25,2.184522373725827,Before the historical event,Event experienced
-0.7399999999999998,0,1,0,Nonshared environmental variance,5,4.097289362882013,4.04875829426624,3.842785663845838,4.476020324876772,4,4.097289362882013,Before the historical event,Event experienced
-0.7399999999999998,0,1,0,Phenotypic variance,5,8.94497061549649,8.948398560829153,8.699876558936328,9.217904827263546,9.34186466734221,8.94497061549649,Before the historical event,Event experienced
-0.7199999999999998,0,0,0,Additive genetic variance,5,2.693850243145584,2.687876188085539,2.340424935368571,3.0490588139397854,3.122438793674298,2.693850243145584,Before the historical event,Event not experienced
-0.7199999999999998,0,0,0,Nuclear-family environmental variance,5,2.184853908130563,2.19335831037255,1.7189732158704802,2.519355126598471,2.25,2.184853908130563,Before the historical event,Event not experienced
-0.7199999999999998,0,0,0,Nonshared environmental variance,5,4.0983779415273665,4.048758951032652,3.844745059425666,4.476966337030092,4,4.0983779415273665,Before the historical event,Event not experienced
-0.7199999999999998,0,0,0,Phenotypic variance,5,8.977082092803514,8.982319189600119,8.72653884154974,9.257194514291266,9.372438793674299,8.977082092803514,Before the historical event,Event not experienced
-0.7199999999999998,0,1,0,Additive genetic variance,5,2.693850243145584,2.687876188085539,2.340424935368571,3.0490588139397854,3.122438793674298,2.693850243145584,Before the historical event,Event experienced
-0.7199999999999998,0,1,0,Nuclear-family environmental variance,5,2.184853908130563,2.19335831037255,1.7189732158704802,2.519355126598471,2.25,2.184853908130563,Before the historical event,Event experienced
-0.7199999999999998,0,1,0,Nonshared environmental variance,5,4.0983779415273665,4.048758951032652,3.844745059425666,4.476966337030092,4,4.0983779415273665,Before the historical event,Event experienced
-0.7199999999999998,0,1,0,Phenotypic variance,5,8.977082092803514,8.982319189600119,8.72653884154974,9.257194514291266,9.372438793674299,8.977082092803514,Before the historical event,Event experienced
-0.6999999999999997,0,0,0,Additive genetic variance,5,2.7244569683587945,2.7134693741448284,2.369746327716262,3.08474078232426,3.1528107643750825,2.7244569683587945,Before the historical event,Event not experienced
-0.6999999999999997,0,0,0,Nuclear-family environmental variance,5,2.1851853140063606,2.195943531515257,1.7212350361492026,2.5166969415751823,2.25,2.1851853140063606,Before the historical event,Event not experienced
-0.6999999999999997,0,0,0,Nonshared environmental variance,5,4.099446820273323,4.04874317034569,3.846694367913154,4.477876109155867,4,4.099446820273323,Before the historical event,Event not experienced
-0.6999999999999997,0,0,0,Phenotypic variance,5,9.009089102638479,9.013573539120237,8.753091917982157,9.29658448682152,9.402810764375083,9.009089102638479,Before the historical event,Event not experienced
-0.6999999999999997,0,1,0,Additive genetic variance,5,2.7244569683587945,2.7134693741448284,2.369746327716262,3.08474078232426,3.1528107643750825,2.7244569683587945,Before the historical event,Event experienced
-0.6999999999999997,0,1,0,Nuclear-family environmental variance,5,2.1851853140063606,2.195943531515257,1.7212350361492026,2.5166969415751823,2.25,2.1851853140063606,Before the historical event,Event experienced
-0.6999999999999997,0,1,0,Nonshared environmental variance,5,4.099446820273323,4.04874317034569,3.846694367913154,4.477876109155867,4,4.099446820273323,Before the historical event,Event experienced
-0.6999999999999997,0,1,0,Phenotypic variance,5,9.009089102638479,9.013573539120237,8.753091917982157,9.29658448682152,9.402810764375083,9.009089102638479,Before the historical event,Event experienced
-0.6800000000000002,0,0,0,Additive genetic variance,5,2.754968033484326,2.7389360165360674,2.3990443489893454,3.1202771482520797,3.1829688475582993,2.754968033484326,Before the historical event,Event not experienced
-0.6800000000000002,0,0,0,Nuclear-family environmental variance,5,2.1855165795920444,2.1985096579971866,1.72350765710989,2.5140456268497187,2.25,2.1855165795920444,Before the historical event,Event not experienced
-0.6800000000000002,0,0,0,Nonshared environmental variance,5,4.100495984798013,4.048710952397558,3.8486335728286805,4.478749619417496,4,4.100495984798013,Before the historical event,Event not experienced
-0.6800000000000002,0,0,0,Phenotypic variance,5,9.040980597874384,9.044677389903548,8.779527558132097,9.33580736306639,9.4329688475583,9.040980597874384,Before the historical event,Event not experienced
-0.6800000000000002,0,1,0,Additive genetic variance,5,2.754968033484326,2.7389360165360674,2.3990443489893454,3.1202771482520797,3.1829688475582993,2.754968033484326,Before the historical event,Event experienced
-0.6800000000000002,0,1,0,Nuclear-family environmental variance,5,2.1855165795920444,2.1985096579971866,1.72350765710989,2.5140456268497187,2.25,2.1855165795920444,Before the historical event,Event experienced
-0.6800000000000002,0,1,0,Nonshared environmental variance,5,4.100495984798013,4.048710952397558,3.8486335728286805,4.478749619417496,4,4.100495984798013,Before the historical event,Event experienced
-0.6800000000000002,0,1,0,Phenotypic variance,5,9.040980597874384,9.044677389903548,8.779527558132097,9.33580736306639,9.4329688475583,9.040980597874384,Before the historical event,Event experienced
-0.6600000000000001,0,0,0,Additive genetic variance,5,2.785372337586144,2.7642680113518314,2.4283091086899438,3.1556532988108037,3.2129013013245316,2.785372337586144,Before the historical event,Event not experienced
-0.6600000000000001,0,0,0,Nuclear-family environmental variance,5,2.1858476933355906,2.2010566157868654,1.7257911126645238,2.5114011622758334,2.25,2.1858476933355906,Before the historical event,Event not experienced
-0.6600000000000001,0,0,0,Nonshared environmental variance,5,4.1015254211265715,4.048662297580654,3.850562657771746,4.479586846865009,4,4.1015254211265715,Before the historical event,Event not experienced
-0.6600000000000001,0,0,0,Phenotypic variance,5,9.072745452048308,9.075620957908074,8.805837498941779,9.374848216927381,9.462901301324532,9.072745452048308,Before the historical event,Event not experienced
-0.6600000000000001,0,1,0,Additive genetic variance,5,2.785372337586144,2.7642680113518314,2.4283091086899438,3.1556532988108037,3.2129013013245316,2.785372337586144,Before the historical event,Event experienced
-0.6600000000000001,0,1,0,Nuclear-family environmental variance,5,2.1858476933355906,2.2010566157868654,1.7257911126645238,2.5114011622758334,2.25,2.1858476933355906,Before the historical event,Event experienced
-0.6600000000000001,0,1,0,Nonshared environmental variance,5,4.1015254211265715,4.048662297580654,3.850562657771746,4.479586846865009,4,4.1015254211265715,Before the historical event,Event experienced
-0.6600000000000001,0,1,0,Phenotypic variance,5,9.072745452048308,9.075620957908074,8.805837498941779,9.374848216927381,9.462901301324532,9.072745452048308,Before the historical event,Event experienced
-0.6400000000000001,0,0,0,Additive genetic variance,5,2.8156587062972016,2.789457234031448,2.457530611468985,3.1908545411490357,3.2425963812152134,2.8156587062972016,Before the historical event,Event not experienced
-0.6400000000000001,0,0,0,Nuclear-family environmental variance,5,2.186178643894932,2.2035843313461703,1.7280854369152499,2.50876352779698,2.25,2.186178643894932,Before the historical event,Event not experienced
-0.6400000000000001,0,0,0,Nonshared environmental variance,5,4.10253511563153,4.048597206487568,3.852481606421197,4.480387771435915,4,4.10253511563153,Before the historical event,Event not experienced
-0.6400000000000001,0,0,0,Phenotypic variance,5,9.104372465823664,9.106394416118146,8.832013448631757,9.413692036259262,9.492596381215213,9.104372465823664,Before the historical event,Event not experienced
-0.6400000000000001,0,1,0,Additive genetic variance,5,2.8156587062972016,2.789457234031448,2.457530611468985,3.1908545411490357,3.2425963812152134,2.8156587062972016,Before the historical event,Event experienced
-0.6400000000000001,0,1,0,Nuclear-family environmental variance,5,2.186178643894932,2.2035843313461703,1.7280854369152499,2.50876352779698,2.25,2.186178643894932,Before the historical event,Event experienced
-0.6400000000000001,0,1,0,Nonshared environmental variance,5,4.10253511563153,4.048597206487568,3.852481606421197,4.480387771435915,4,4.10253511563153,Before the historical event,Event experienced
-0.6400000000000001,0,1,0,Phenotypic variance,5,9.104372465823664,9.106394416118146,8.832013448631757,9.413692036259262,9.492596381215213,9.104372465823664,Before the historical event,Event experienced
-0.6200000000000001,0,0,0,Additive genetic variance,5,2.8458158984163218,2.818321360306962,2.4863161807389176,3.2258661122893058,3.272042347739403,2.8458158984163218,Before the historical event,Event not experienced
-0.6200000000000001,0,0,0,Nuclear-family environmental variance,5,2.1865094201387576,2.206092731633864,1.7303906641552198,2.506132703446032,2.25,2.1865094201387576,Before the historical event,Event not experienced
-0.6200000000000001,0,0,0,Nonshared environmental variance,5,4.103525055033187,4.048515679911071,3.8543904025354583,4.4811523739559975,4,4.103525055033187,Before the historical event,Event not experienced
-0.6200000000000001,0,0,0,Phenotypic variance,5,9.135850373588266,9.136987899923675,8.858047090997433,9.452323732957955,9.5220423477394025,9.135850373588266,Before the historical event,Event not experienced
-0.6200000000000001,0,1,0,Additive genetic variance,5,2.8458158984163218,2.818321360306962,2.4863161807389176,3.2258661122893058,3.272042347739403,2.8458158984163218,Before the historical event,Event experienced
-0.6200000000000001,0,1,0,Nuclear-family environmental variance,5,2.1865094201387576,2.206092731633864,1.7303906641552198,2.506132703446032,2.25,2.1865094201387576,Before the historical event,Event experienced
-0.6200000000000001,0,1,0,Nonshared environmental variance,5,4.103525055033187,4.048515679911071,3.8543904025354583,4.4811523739559975,4,4.103525055033187,Before the historical event,Event experienced
-0.6200000000000001,0,1,0,Phenotypic variance,5,9.135850373588266,9.136987899923675,8.858047090997433,9.452323732957955,9.5220423477394025,9.135850373588266,Before the historical event,Event experienced
-0.6000000000000001,0,0,0,Additive genetic variance,5,2.87583261263579,2.851274059260655,2.5146134452257836,3.260673189115843,3.301227473966729,2.87583261263579,Before the historical event,Event not experienced
-0.6000000000000001,0,0,0,Nuclear-family environmental variance,5,2.18684001114732,2.2085817441091122,1.7327068288694365,2.503508669345015,2.25,2.18684001114732,Before the historical event,Event not experienced
-0.6000000000000001,0,0,0,Nonshared environmental variance,5,4.104495226399977,4.04841771884409,3.856289029952765,4.481880636140103,4,4.104495226399977,Before the historical event,Event not experienced
-0.6000000000000001,0,0,0,Phenotypic variance,5,9.167167850183088,9.167391512582249,8.883930089764501,9.490728153234622,9.55122747396673,9.167167850183088,Before the historical event,Event not experienced
-0.6000000000000001,0,1,0,Additive genetic variance,5,2.87583261263579,2.851274059260655,2.5146134452257836,3.260673189115843,3.301227473966729,2.87583261263579,Before the historical event,Event experienced
-0.6000000000000001,0,1,0,Nuclear-family environmental variance,5,2.18684001114732,2.2085817441091122,1.7327068288694365,2.503508669345015,2.25,2.18684001114732,Before the historical event,Event experienced
-0.6000000000000001,0,1,0,Nonshared environmental variance,5,4.104495226399977,4.04841771884409,3.856289029952765,4.481880636140103,4,4.104495226399977,Before the historical event,Event experienced
-0.6000000000000001,0,1,0,Phenotypic variance,5,9.167167850183088,9.167391512582249,8.883930089764501,9.490728153234622,9.55122747396673,9.167167850183088,Before the historical event,Event experienced
-0.5800000000000001,0,0,0,Additive genetic variance,5,2.905697494394329,2.8840912150347897,2.542833722802681,3.295260898528248,3.330140053179798,2.905697494394329,Before the historical event,Event not experienced
-0.5800000000000001,0,0,0,Nuclear-family environmental variance,5,2.1871704062132262,2.2110512967349756,1.7350339657356058,2.501194268301381,2.25,2.1871704062132262,Before the historical event,Event not experienced
-0.5800000000000001,0,0,0,Nonshared environmental variance,5,4.105445617148819,4.048303324479699,3.8581774725913895,4.48257254059287,4,4.105445617148819,Before the historical event,Event not experienced
-0.5800000000000001,0,0,0,Phenotypic variance,5,9.198313517756374,9.197595330759926,8.909654093000224,9.528890088066596,9.580140053179798,9.198313517756374,Before the historical event,Event not experienced
-0.5800000000000001,0,1,0,Additive genetic variance,5,2.905697494394329,2.8840912150347897,2.542833722802681,3.295260898528248,3.330140053179798,2.905697494394329,Before the historical event,Event experienced
-0.5800000000000001,0,1,0,Nuclear-family environmental variance,5,2.1871704062132262,2.2110512967349756,1.7350339657356058,2.501194268301381,2.25,2.1871704062132262,Before the historical event,Event experienced
-0.5800000000000001,0,1,0,Nonshared environmental variance,5,4.105445617148819,4.048303324479699,3.8581774725913895,4.48257254059287,4,4.105445617148819,Before the historical event,Event experienced
-0.5800000000000001,0,1,0,Phenotypic variance,5,9.198313517756374,9.197595330759926,8.909654093000224,9.528890088066596,9.580140053179798,9.198313517756374,Before the historical event,Event experienced
-0.56,0,0,0,Additive genetic variance,5,2.935399142849953,2.9167593486513756,2.570967184454702,3.3296143277517585,3.358768406579237,2.935399142849953,Before the historical event,Event not experienced
-0.56,0,0,0,Nuclear-family environmental variance,5,2.187500594842237,2.2135013179818803,1.7373721096249943,2.500556838071625,2.25,2.187500594842237,Before the historical event,Event not experienced
-0.56,0,0,0,Nonshared environmental variance,5,4.106376215045455,4.048172498211084,3.860055714449865,4.483228070809428,4,4.106376215045455,Before the historical event,Event not experienced
-0.56,0,0,0,Phenotypic variance,5,9.229275952737646,9.227589410146603,8.93521073757747,9.56679428381565,9.608768406579237,9.229275952737646,Before the historical event,Event not experienced
-0.56,0,1,0,Additive genetic variance,5,2.935399142849953,2.9167593486513756,2.570967184454702,3.3296143277517585,3.358768406579237,2.935399142849953,Before the historical event,Event experienced
-0.56,0,1,0,Nuclear-family environmental variance,5,2.187500594842237,2.2135013179818803,1.7373721096249943,2.500556838071625,2.25,2.187500594842237,Before the historical event,Event experienced
-0.56,0,1,0,Nonshared environmental variance,5,4.106376215045455,4.048172498211084,3.860055714449865,4.483228070809428,4,4.106376215045455,Before the historical event,Event experienced
-0.56,0,1,0,Phenotypic variance,5,9.229275952737646,9.227589410146603,8.93521073757747,9.56679428381565,9.608768406579237,9.229275952737646,Before the historical event,Event experienced
-0.54,0,0,0,Additive genetic variance,5,2.964926117966946,2.949264908411718,2.599003931524031,3.3637185347944913,3.387100891034402,2.964926117966946,Before the historical event,Event not experienced
-0.54,0,0,0,Nuclear-family environmental variance,5,2.187830566754055,2.215931736831073,1.73972129560329,2.4999104986889282,2.25,2.187830566754055,Before the historical event,Event not experienced
-0.54,0,0,0,Nonshared environmental variance,5,4.107287008204787,4.0480252416315246,3.8619237396072164,4.483847211176065,4,4.107287008204787,Before the historical event,Event not experienced
-0.54,0,0,0,Phenotypic variance,5,9.26004369292579,9.257363791141643,8.960591653688244,9.604425453003673,9.637100891034402,9.26004369292579,Before the historical event,Event not experienced
-0.54,0,1,0,Additive genetic variance,5,2.964926117966946,2.949264908411718,2.599003931524031,3.3637185347944913,3.387100891034402,2.964926117966946,Before the historical event,Event experienced
-0.54,0,1,0,Nuclear-family environmental variance,5,2.187830566754055,2.215931736831073,1.73972129560329,2.4999104986889282,2.25,2.187830566754055,Before the historical event,Event experienced
-0.54,0,1,0,Nonshared environmental variance,5,4.107287008204787,4.0480252416315246,3.8619237396072164,4.483847211176065,4,4.107287008204787,Before the historical event,Event experienced
-0.54,0,1,0,Phenotypic variance,5,9.26004369292579,9.257363791141643,8.960591653688244,9.604425453003673,9.637100891034402,9.26004369292579,Before the historical event,Event experienced
-0.52,0,0,0,Additive genetic variance,5,2.994266947711058,2.981594278915043,2.626934001226734,3.3975585590417543,3.4151259068726825,2.994266947711058,Before the historical event,Event not experienced
-0.52,0,0,0,Nuclear-family environmental variance,5,2.1881603118831174,2.218342482778043,1.7420815589314707,2.499255252654664,2.25,2.1881603118831174,Before the historical event,Event not experienced
-0.52,0,0,0,Nonshared environmental variance,5,4.108177985091184,4.047861556534354,3.863781532223184,4.484429946970852,4,4.108177985091184,Before the historical event,Event not experienced
-0.52,0,0,0,Phenotypic variance,5,9.29060524468536,9.286908504605321,8.985788469403461,9.641768285235454,9.665125906872682,9.29060524468536,Before the historical event,Event not experienced
-0.52,0,1,0,Additive genetic variance,5,2.994266947711058,2.981594278915043,2.626934001226734,3.3975585590417543,3.4151259068726825,2.994266947711058,Before the historical event,Event experienced
-0.52,0,1,0,Nuclear-family environmental variance,5,2.1881603118831174,2.218342482778043,1.7420815589314707,2.499255252654664,2.25,2.1881603118831174,Before the historical event,Event experienced
-0.52,0,1,0,Nonshared environmental variance,5,4.108177985091184,4.047861556534354,3.863781532223184,4.484429946970852,4,4.108177985091184,Before the historical event,Event experienced
-0.52,0,1,0,Phenotypic variance,5,9.29060524468536,9.286908504605321,8.985788469403461,9.641768285235454,9.665125906872682,9.29060524468536,Before the historical event,Event experienced
-0.5,0,0,0,Additive genetic variance,5,3.023410135346787,3.013733790236279,2.654747372282476,3.4311194319772573,3.442831905700231,3.023410135346787,Before the historical event,Event not experienced
-0.5,0,0,0,Nuclear-family environmental variance,5,2.1884898203793766,2.2207334858359356,1.744452935066678,2.4985911026057153,2.25,2.1884898203793766,Before the historical event,Event not experienced
-0.5,0,0,0,Nonshared environmental variance,5,4.109049134518792,4.047681444912928,3.865629076538446,4.4849762643642315,4,4.109049134518792,Before the historical event,Event not experienced
-0.5,0,0,0,Phenotypic variance,5,9.320949090244955,9.316213577671647,9.010792815275561,9.678807458258168,9.692831905700231,9.320949090244955,Before the historical event,Event not experienced
-0.5,0,1,0,Additive genetic variance,5,3.023410135346787,3.013733790236279,2.654747372282476,3.4311194319772573,3.442831905700231,3.023410135346787,Before the historical event,Event experienced
-0.5,0,1,0,Nuclear-family environmental variance,5,2.1884898203793766,2.2207334858359356,1.744452935066678,2.4985911026057153,2.25,2.1884898203793766,Before the historical event,Event experienced
-0.5,0,1,0,Nonshared environmental variance,5,4.109049134518792,4.047681444912928,3.865629076538446,4.4849762643642315,4,4.109049134518792,Before the historical event,Event experienced
-0.5,0,1,0,Phenotypic variance,5,9.320949090244955,9.316213577671647,9.010792815275561,9.678807458258168,9.692831905700231,9.320949090244955,Before the historical event,Event experienced
-0.48,0,0,0,Additive genetic variance,5,3.0523441668304514,3.045669727254766,2.682433970653036,3.4643861880207565,3.4702073982468367,3.0523441668304514,Before the historical event,Event not experienced
-0.48,0,0,0,Nuclear-family environmental variance,5,2.188819082609088,2.223104676538931,1.746835459663095,2.4979180513143335,2.25,2.188819082609088,Before the historical event,Event not experienced
-0.48,0,0,0,Nonshared environmental variance,5,4.109900445651829,4.047484908960583,3.8674663568748433,4.485486150419574,4,4.109900445651829,Before the historical event,Event not experienced
-0.48,0,0,0,Phenotypic variance,5,9.35106369509137,9.345269039617818,9.03559632898054,9.715527649146654,9.720207398246837,9.35106369509137,Before the historical event,Event not experienced
-0.48,0,1,0,Additive genetic variance,5,3.0523441668304514,3.045669727254766,2.682433970653036,3.4643861880207565,3.4702073982468367,3.0523441668304514,Before the historical event,Event experienced
-0.48,0,1,0,Nuclear-family environmental variance,5,2.188819082609088,2.223104676538931,1.746835459663095,2.4979180513143335,2.25,2.188819082609088,Before the historical event,Event experienced
-0.48,0,1,0,Nonshared environmental variance,5,4.109900445651829,4.047484908960583,3.8674663568748433,4.485486150419574,4,4.109900445651829,Before the historical event,Event experienced
-0.48,0,1,0,Phenotypic variance,5,9.35106369509137,9.345269039617818,9.03559632898054,9.715527649146654,9.720207398246837,9.35106369509137,Before the historical event,Event experienced
-0.45999999999999996,0,0,0,Additive genetic variance,5,3.0810575182925706,3.07738833912538,2.709983675385341,3.4973438754714272,3.497240962227585,3.0810575182925706,Before the historical event,Event not experienced
-0.45999999999999996,0,0,0,Nuclear-family environmental variance,5,2.189148089155586,2.2254559859456076,1.7492291685728316,2.4972361016880082,2.25,2.189148089155586,Before the historical event,Event not experienced
-0.45999999999999996,0,0,0,Nonshared environmental variance,5,4.11073190800486,4.047271951070587,3.869293357635598,4.485959593093695,4,4.11073190800486,Before the historical event,Event not experienced
-0.45999999999999996,0,0,0,Phenotypic variance,5,9.380937515453017,9.374064927785692,9.060190659995884,9.751913545603445,9.747240962227584,9.380937515453017,Before the historical event,Event not experienced
-0.45999999999999996,0,1,0,Additive genetic variance,5,3.0810575182925706,3.07738833912538,2.709983675385341,3.4973438754714272,3.497240962227585,3.0810575182925706,Before the historical event,Event experienced
-0.45999999999999996,0,1,0,Nuclear-family environmental variance,5,2.189148089155586,2.2254559859456076,1.7492291685728316,2.4972361016880082,2.25,2.189148089155586,Before the historical event,Event experienced
-0.45999999999999996,0,1,0,Nonshared environmental variance,5,4.11073190800486,4.047271951070587,3.869293357635598,4.485959593093695,4,4.11073190800486,Before the historical event,Event experienced
-0.45999999999999996,0,1,0,Phenotypic variance,5,9.380937515453017,9.374064927785692,9.060190659995884,9.751913545603445,9.747240962227584,9.380937515453017,Before the historical event,Event experienced
-0.43999999999999995,0,0,0,Additive genetic variance,5,3.1095386636028857,3.1088758488833035,2.737386324554538,3.529977567546025,3.5239212502138657,3.1095386636028857,Before the historical event,Event not experienced
-0.43999999999999995,0,0,0,Nuclear-family environmental variance,5,2.189476830820062,2.227787345642281,1.7516340978468128,2.496545256769323,2.25,2.189476830820062,Before the historical event,Event not experienced
-0.43999999999999995,0,0,0,Nonshared environmental variance,5,4.111543511443073,4.047042573836096,3.87111006330554,4.486396581237334,4,4.111543511443073,Before the historical event,Event not experienced
-0.43999999999999995,0,0,0,Phenotypic variance,5,9.410559005866022,9.402591293550373,9.084567474310823,9.787949857362197,9.773921250213865,9.410559005866022,Before the historical event,Event not experienced
-0.43999999999999995,0,1,0,Additive genetic variance,5,3.1095386636028857,3.1088758488833035,2.737386324554538,3.529977567546025,3.5239212502138657,3.1095386636028857,Before the historical event,Event experienced
-0.43999999999999995,0,1,0,Nuclear-family environmental variance,5,2.189476830820062,2.227787345642281,1.7516340978468128,2.496545256769323,2.25,2.189476830820062,Before the historical event,Event experienced
-0.43999999999999995,0,1,0,Nonshared environmental variance,5,4.111543511443073,4.047042573836096,3.87111006330554,4.486396581237334,4,4.111543511443073,Before the historical event,Event experienced
-0.43999999999999995,0,1,0,Phenotypic variance,5,9.410559005866022,9.402591293550373,9.084567474310823,9.787949857362197,9.773921250213865,9.410559005866022,Before the historical event,Event experienced
-0.41999999999999993,0,0,0,Additive genetic variance,5,3.137776082011223,3.140118463173393,2.7646317213025045,3.5622723735006367,3.550236997506218,3.137776082011223,Before the historical event,Event not experienced
-0.41999999999999993,0,0,0,Nuclear-family environmental variance,5,2.1898052986223377,2.2300986877463207,1.7540502837356764,2.4958455197358145,2.25,2.1898052986223377,Before the historical event,Event not experienced
-0.41999999999999993,0,0,0,Nonshared environmental variance,5,4.1123352461825355,4.046796780050104,3.8729164584513223,4.486797104595596,4,4.1123352461825355,Before the historical event,Event not experienced
-0.41999999999999993,0,0,0,Phenotypic variance,5,9.439916626816096,9.430838208331007,9.108718459165292,9.823621327682925,9.800236997506218,9.439916626816096,Before the historical event,Event not experienced
-0.41999999999999993,0,1,0,Additive genetic variance,5,3.137776082011223,3.140118463173393,2.7646317213025045,3.5622723735006367,3.550236997506218,3.137776082011223,Before the historical event,Event experienced
-0.41999999999999993,0,1,0,Nuclear-family environmental variance,5,2.1898052986223377,2.2300986877463207,1.7540502837356764,2.4958455197358145,2.25,2.1898052986223377,Before the historical event,Event experienced
-0.41999999999999993,0,1,0,Nonshared environmental variance,5,4.1123352461825355,4.046796780050104,3.8729164584513223,4.486797104595596,4,4.1123352461825355,Before the historical event,Event experienced
-0.41999999999999993,0,1,0,Phenotypic variance,5,9.439916626816096,9.430838208331007,9.108718459165292,9.823621327682925,9.800236997506218,9.439916626816096,Before the historical event,Event experienced
-0.3999999999999999,0,0,0,Additive genetic variance,5,3.1657582658572028,3.1711023820948454,2.79170963996701,3.594213449824652,3.5761770300014284,3.1657582658572028,Before the historical event,Event not experienced
-0.3999999999999999,0,0,0,Nuclear-family environmental variance,5,2.1901334838016338,2.232389944909439,1.7564777626906716,2.4951368938998275,2.25,2.1901334838016338,Before the historical event,Event not experienced
-0.3999999999999999,0,0,0,Nonshared environmental variance,5,4.113107102790437,4.0465345727053785,3.87471252772164,4.4871611538083664,4,4.113107102790437,Before the historical event,Event not experienced
-0.3999999999999999,0,0,0,Phenotypic variance,5,9.468998852449273,9.458795769638833,9.132635327813823,9.858912744927219,9.826177030001428,9.468998852449273,Before the historical event,Event not experienced
-0.3999999999999999,0,1,0,Additive genetic variance,5,3.1657582658572028,3.1711023820948454,2.79170963996701,3.594213449824652,3.5761770300014284,3.1657582658572028,Before the historical event,Event experienced
-0.3999999999999999,0,1,0,Nuclear-family environmental variance,5,2.1901334838016338,2.232389944909439,1.7564777626906716,2.4951368938998275,2.25,2.1901334838016338,Before the historical event,Event experienced
-0.3999999999999999,0,1,0,Nonshared environmental variance,5,4.113107102790437,4.0465345727053785,3.87471252772164,4.4871611538083664,4,4.113107102790437,Before the historical event,Event experienced
-0.3999999999999999,0,1,0,Phenotypic variance,5,9.468998852449273,9.458795769638833,9.132635327813823,9.858912744927219,9.826177030001428,9.468998852449273,Before the historical event,Event experienced
-0.3799999999999999,0,0,0,Additive genetic variance,5,3.193473728341684,3.2018138091516324,2.818609832296614,3.6257860114953306,3.6017302720462867,3.193473728341684,Before the historical event,Event not experienced
-0.3799999999999999,0,0,0,Nuclear-family environmental variance,5,2.1904613778173383,2.2346610503209625,1.7589165713645687,2.494419382708368,2.25,2.1904613778173383,Before the historical event,Event not experienced
-0.3799999999999999,0,0,0,Nonshared environmental variance,5,4.113859072185327,4.046255954994404,3.876498255847448,4.487488720410669,4,4.113859072185327,Before the historical event,Event not experienced
-0.3799999999999999,0,0,0,Phenotypic variance,5,9.497794178344348,9.486454107157295,9.156309824310743,9.8938089542014,9.851730272046286,9.497794178344348,Before the historical event,Event not experienced
-0.3799999999999999,0,1,0,Additive genetic variance,5,3.193473728341684,3.2018138091516324,2.818609832296614,3.6257860114953306,3.6017302720462867,3.193473728341684,Before the historical event,Event experienced
-0.3799999999999999,0,1,0,Nuclear-family environmental variance,5,2.1904613778173383,2.2346610503209625,1.7589165713645687,2.494419382708368,2.25,2.1904613778173383,Before the historical event,Event experienced
-0.3799999999999999,0,1,0,Nonshared environmental variance,5,4.113859072185327,4.046255954994404,3.876498255847448,4.487488720410669,4,4.113859072185327,Before the historical event,Event experienced
-0.3799999999999999,0,1,0,Phenotypic variance,5,9.497794178344348,9.486454107157295,9.156309824310743,9.8938089542014,9.851730272046286,9.497794178344348,Before the historical event,Event experienced
-0.3599999999999999,0,0,0,Additive genetic variance,5,3.2209110113526696,3.230930520828781,2.8453220337462195,3.6571061873282305,3.6268857542703,3.2209110113526696,Before the historical event,Event not experienced
-0.3599999999999999,0,0,0,Nuclear-family environmental variance,5,2.1907889723497695,2.236911937711078,1.7613667466125698,2.4936929897429505,2.25,2.1907889723497695,Before the historical event,Event not experienced
-0.3599999999999999,0,0,0,Nonshared environmental variance,5,4.114591145637334,4.045960930309319,3.8782736276421823,4.487779796833008,4,4.114591145637334,Before the historical event,Event not experienced
-0.3599999999999999,0,0,0,Phenotypic variance,5,9.526291129339773,9.51380338884918,9.179733728312716,9.928294869055383,9.876885754270301,9.526291129339773,Before the historical event,Event not experienced
-0.3599999999999999,0,1,0,Additive genetic variance,5,3.2209110113526696,3.230930520828781,2.8453220337462195,3.6571061873282305,3.6268857542703,3.2209110113526696,Before the historical event,Event experienced
-0.3599999999999999,0,1,0,Nuclear-family environmental variance,5,2.1907889723497695,2.236911937711078,1.7613667466125698,2.4936929897429505,2.25,2.1907889723497695,Before the historical event,Event experienced
-0.3599999999999999,0,1,0,Nonshared environmental variance,5,4.114591145637334,4.045960930309319,3.8782736276421823,4.487779796833008,4,4.114591145637334,Before the historical event,Event experienced
-0.3599999999999999,0,1,0,Phenotypic variance,5,9.526291129339773,9.51380338884918,9.179733728312716,9.928294869055383,9.876885754270301,9.526291129339773,Before the historical event,Event experienced
-0.33999999999999986,0,0,0,Additive genetic variance,5,3.2480586933382845,3.25604178348953,2.871835969848074,3.68839904064103,3.6516326213896892,3.2480586933382845,Before the historical event,Event not experienced
-0.33999999999999986,0,0,0,Nuclear-family environmental variance,5,2.191116259300935,2.239142541354051,1.7638283254932257,2.4929577187194485,2.25,2.191116259300935,Before the historical event,Event not experienced
-0.33999999999999986,0,0,0,Nonshared environmental variance,5,4.115303314768378,4.045649502241845,3.880038628001965,4.488034376401662,4,4.115303314768378,Before the historical event,Event not experienced
-0.33999999999999986,0,0,0,Phenotypic variance,5,9.554478267407598,9.540833827085425,9.202898859894916,9.962355483224833,9.90163262138969,9.554478267407598,Before the historical event,Event not experienced
-0.33999999999999986,0,1,0,Additive genetic variance,5,3.2480586933382845,3.25604178348953,2.871835969848074,3.68839904064103,3.6516326213896892,3.2480586933382845,Before the historical event,Event experienced
-0.33999999999999986,0,1,0,Nuclear-family environmental variance,5,2.191116259300935,2.239142541354051,1.7638283254932257,2.4929577187194485,2.25,2.191116259300935,Before the historical event,Event experienced
-0.33999999999999986,0,1,0,Nonshared environmental variance,5,4.115303314768378,4.045649502241845,3.880038628001965,4.488034376401662,4,4.115303314768378,Before the historical event,Event experienced
-0.33999999999999986,0,1,0,Phenotypic variance,5,9.554478267407598,9.540833827085425,9.202898859894916,9.962355483224833,9.90163262138969,9.554478267407598,Before the historical event,Event experienced
-0.31999999999999984,0,0,0,Additive genetic variance,5,3.2749053972192907,3.2808612141357583,2.8981413626528694,3.719277295563376,3.6759601399749386,3.2749053972192907,Before the historical event,Event not experienced
-0.31999999999999984,0,0,0,Nuclear-family environmental variance,5,2.1914432307952905,2.241352796071425,1.766301345269364,2.4922135734879354,2.25,2.1914432307952905,Before the historical event,Event not experienced
-0.31999999999999984,0,0,0,Nonshared environmental variance,5,4.115995571552371,4.045321674583209,3.8817932419058305,4.488252453338945,4,4.115995571552371,Before the historical event,Event not experienced
-0.31999999999999984,0,0,0,Phenotypic variance,5,9.582344199566952,9.567535684790393,9.225797084376833,9.995975882403956,9.925960139974938,9.582344199566952,Before the historical event,Event not experienced
-0.31999999999999984,0,1,0,Additive genetic variance,5,3.2749053972192907,3.2808612141357583,2.8981413626528694,3.719277295563376,3.6759601399749386,3.2749053972192907,Before the historical event,Event experienced
-0.31999999999999984,0,1,0,Nuclear-family environmental variance,5,2.1914432307952905,2.241352796071425,1.766301345269364,2.4922135734879354,2.25,2.1914432307952905,Before the historical event,Event experienced
-0.31999999999999984,0,1,0,Nonshared environmental variance,5,4.115995571552371,4.045321674583209,3.8817932419058305,4.488252453338945,4,4.115995571552371,Before the historical event,Event experienced
-0.31999999999999984,0,1,0,Phenotypic variance,5,9.582344199566952,9.567535684790393,9.225797084376833,9.995975882403956,9.925960139974938,9.582344199566952,Before the historical event,Event experienced
-0.2999999999999998,0,0,0,Additive genetic variance,5,3.3014397983335195,3.3053791930389,2.924227937235449,3.749726108178778,3.6998577061741567,3.3014397983335195,Before the historical event,Event not experienced
-0.2999999999999998,0,0,0,Nuclear-family environmental variance,5,2.191769879180492,2.2435426372351936,1.7687858434090147,2.4914605580325304,2.25,2.191769879180492,Before the historical event,Event not experienced
-0.2999999999999998,0,0,0,Nonshared environmental variance,5,4.116667908315397,4.044977451324078,3.883537454415931,4.488434022763426,4,4.116667908315397,Before the historical event,Event not experienced
-0.2999999999999998,0,0,0,Phenotypic variance,5,9.609877585829407,9.593899281598171,9.2484203171538,10.029141256036308,9.949857706174157,9.609877585829407,Before the historical event,Event not experienced
-0.2999999999999998,0,1,0,Additive genetic variance,5,3.3014397983335195,3.3053791930389,2.924227937235449,3.749726108178778,3.6998577061741567,3.3014397983335195,Before the historical event,Event experienced
-0.2999999999999998,0,1,0,Nuclear-family environmental variance,5,2.191769879180492,2.2435426372351936,1.7687858434090147,2.4914605580325304,2.25,2.191769879180492,Before the historical event,Event experienced
-0.2999999999999998,0,1,0,Nonshared environmental variance,5,4.116667908315397,4.044977451324078,3.883537454415931,4.488434022763426,4,4.116667908315397,Before the historical event,Event experienced
-0.2999999999999998,0,1,0,Phenotypic variance,5,9.609877585829407,9.593899281598171,9.2484203171538,10.029141256036308,9.949857706174157,9.609877585829407,Before the historical event,Event experienced
-0.2799999999999998,0,0,0,Additive genetic variance,5,3.3276506324044743,3.329586162589139,2.9500854282595412,3.779730749050331,3.723314853384518,3.3276506324044743,Before the historical event,Event not experienced
-0.2799999999999998,0,0,0,Nuclear-family environmental variance,5,2.192096197028145,2.245712000770949,1.7712818575863496,2.4906986764712338,2.25,2.192096197028145,Before the historical event,Event not experienced
-0.2799999999999998,0,0,0,Nonshared environmental variance,5,4.117320317735892,4.044616836654469,3.8852712506777483,4.488579080690116,4,4.117320317735892,Before the historical event,Event not experienced
-0.2799999999999998,0,0,0,Phenotypic variance,5,9.637067147168512,9.619915000014558,9.270760528530309,10.061836909110617,9.973314853384519,9.637067147168512,Before the historical event,Event not experienced
-0.2799999999999998,0,1,0,Additive genetic variance,5,3.3276506324044743,3.329586162589139,2.9500854282595412,3.779730749050331,3.723314853384518,3.3276506324044743,Before the historical event,Event experienced
-0.2799999999999998,0,1,0,Nuclear-family environmental variance,5,2.192096197028145,2.245712000770949,1.7712818575863496,2.4906986764712338,2.25,2.192096197028145,Before the historical event,Event experienced
-0.2799999999999998,0,1,0,Nonshared environmental variance,5,4.117320317735892,4.044616836654469,3.8852712506777483,4.488579080690116,4,4.117320317735892,Before the historical event,Event experienced
-0.2799999999999998,0,1,0,Phenotypic variance,5,9.637067147168512,9.619915000014558,9.270760528530309,10.061836909110617,9.973314853384519,9.637067147168512,Before the historical event,Event experienced
-0.2599999999999998,0,0,0,Additive genetic variance,5,3.3535267035262653,3.3534726334545217,2.9757035865957553,3.809276615007584,3.7463212598640445,3.3535267035262653,Before the historical event,Event not experienced
-0.2599999999999998,0,0,0,Nuclear-family environmental variance,5,2.1924221771345533,2.2478608231610027,1.7737894256826197,2.4899279330557658,2.25,2.1924221771345533,Before the historical event,Event not experienced
-0.2599999999999998,0,0,0,Nonshared environmental variance,5,4.117952792844807,4.0442398349636655,3.8869946159203095,4.488687624030618,4,4.117952792844807,Before the historical event,Event not experienced
-0.2599999999999998,0,0,0,Phenotypic variance,5,9.663901673505626,9.64557329157919,9.292809748551026,10.094048273948689,9.996321259864045,9.663901673505626,Before the historical event,Event not experienced
-0.2599999999999998,0,1,0,Additive genetic variance,5,3.3535267035262653,3.3534726334545217,2.9757035865957553,3.809276615007584,3.7463212598640445,3.3535267035262653,Before the historical event,Event experienced
-0.2599999999999998,0,1,0,Nuclear-family environmental variance,5,2.1924221771345533,2.2478608231610027,1.7737894256826197,2.4899279330557658,2.25,2.1924221771345533,Before the historical event,Event experienced
-0.2599999999999998,0,1,0,Nonshared environmental variance,5,4.117952792844807,4.0442398349636655,3.8869946159203095,4.488687624030618,4,4.117952792844807,Before the historical event,Event experienced
-0.2599999999999998,0,1,0,Phenotypic variance,5,9.663901673505626,9.64557329157919,9.292809748551026,10.094048273948689,9.996321259864045,9.663901673505626,Before the historical event,Event experienced
-0.23999999999999977,0,0,0,Additive genetic variance,5,3.379056892156966,3.3770291907347882,3.0010721859870495,3.838349240912417,3.768866756276016,3.379056892156966,Before the historical event,Event not experienced
-0.23999999999999977,0,0,0,Nuclear-family environmental variance,5,2.19274781252146,2.2499890414474892,1.7763085857871066,2.489148332171401,2.25,2.19274781252146,Before the historical event,Event not experienced
-0.23999999999999977,0,0,0,Nonshared environmental variance,5,4.118565327025755,4.043846450840126,3.888707535456396,4.4887596505932414,4,4.118565327025755,Before the historical event,Event not experienced
-0.23999999999999977,0,0,0,Phenotypic variance,5,9.69037003170418,9.670864683022405,9.314560071825536,10.125760921972331,10.018866756276015,9.69037003170418,Before the historical event,Event not experienced
-0.23999999999999977,0,1,0,Additive genetic variance,5,3.379056892156966,3.3770291907347882,3.0010721859870495,3.838349240912417,3.768866756276016,3.379056892156966,Before the historical event,Event experienced
-0.23999999999999977,0,1,0,Nuclear-family environmental variance,5,2.19274781252146,2.2499890414474892,1.7763085857871066,2.489148332171401,2.25,2.19274781252146,Before the historical event,Event experienced
-0.23999999999999977,0,1,0,Nonshared environmental variance,5,4.118565327025755,4.043846450840126,3.888707535456396,4.4887596505932414,4,4.118565327025755,Before the historical event,Event experienced
-0.23999999999999977,0,1,0,Phenotypic variance,5,9.69037003170418,9.670864683022405,9.314560071825536,10.125760921972331,10.018866756276015,9.69037003170418,Before the historical event,Event experienced
-0.21999999999999975,0,0,0,Additive genetic variance,5,3.4042301631123837,3.4002465001043682,3.026181029755684,3.8669343113907693,3.7909413331583095,3.4042301631123837,Before the historical event,Event not experienced
-0.21999999999999975,0,0,0,Nuclear-family environmental variance,5,2.193073096436786,2.252096593235434,1.7788393761980734,2.4883598783367975,2.25,2.193073096436786,Before the historical event,Event not experienced
-0.21999999999999975,0,0,0,Nonshared environmental variance,5,4.119157914015153,4.043436689071404,3.8904099946827464,4.4887951590830735,4,4.119157914015153,Before the historical event,Event not experienced
-0.21999999999999975,0,0,0,Phenotypic variance,5,9.716461173564323,9.695779782411206,9.336003662342728,10.156960575436052,10.04094133315831,9.716461173564323,Before the historical event,Event not experienced
-0.21999999999999975,0,1,0,Additive genetic variance,5,3.4042301631123837,3.4002465001043682,3.026181029755684,3.8669343113907693,3.7909413331583095,3.4042301631123837,Before the historical event,Event experienced
-0.21999999999999975,0,1,0,Nuclear-family environmental variance,5,2.193073096436786,2.252096593235434,1.7788393761980734,2.4883598783367975,2.25,2.193073096436786,Before the historical event,Event experienced
-0.21999999999999975,0,1,0,Nonshared environmental variance,5,4.119157914015153,4.043436689071404,3.8904099946827464,4.4887951590830735,4,4.119157914015153,Before the historical event,Event experienced
-0.21999999999999975,0,1,0,Phenotypic variance,5,9.716461173564323,9.695779782411206,9.336003662342728,10.156960575436052,10.04094133315831,9.716461173564323,Before the historical event,Event experienced
-0.19999999999999973,0,0,0,Additive genetic variance,5,3.429035573552197,3.4231153139389985,3.0510199575456443,3.8950176725170036,3.8125351483100185,3.429035573552197,Before the historical event,Event not experienced
-0.19999999999999973,0,0,0,Nuclear-family environmental variance,5,2.1933980223553697,2.254183416695804,1.7813818354237245,2.4875625762038287,2.25,2.1933980223553697,Before the historical event,Event not experienced
-0.19999999999999973,0,0,0,Nonshared environmental variance,5,4.119730547902349,4.043010554644031,3.8921019790802727,4.488794149102016,4,4.119730547902349,Before the historical event,Event not experienced
-0.19999999999999973,0,0,0,Phenotypic variance,5,9.742164143809916,9.720309285278834,9.35713275827074,10.187633119112396,10.062535148310019,9.742164143809916,Before the historical event,Event not experienced
-0.19999999999999973,0,1,0,Additive genetic variance,5,3.429035573552197,3.4231153139389985,3.0510199575456443,3.8950176725170036,3.8125351483100185,3.429035573552197,Before the historical event,Event experienced
-0.19999999999999973,0,1,0,Nuclear-family environmental variance,5,2.1933980223553697,2.254183416695804,1.7813818354237245,2.4875625762038287,2.25,2.1933980223553697,Before the historical event,Event experienced
-0.19999999999999973,0,1,0,Nonshared environmental variance,5,4.119730547902349,4.043010554644031,3.8921019790802727,4.488794149102016,4,4.119730547902349,Before the historical event,Event experienced
-0.19999999999999973,0,1,0,Phenotypic variance,5,9.742164143809916,9.720309285278834,9.35713275827074,10.187633119112396,10.062535148310019,9.742164143809916,Before the historical event,Event experienced
-0.18000000000000016,0,0,0,Additive genetic variance,5,3.453462280950331,3.4456264774203413,3.0755788520943836,3.922585343437607,3.8336385340877466,3.453462280950331,Before the historical event,Event not experienced
-0.18000000000000016,0,0,0,Nuclear-family environmental variance,5,2.193722583979695,2.2562494505685273,1.7839360021831725,2.4867564305574064,2.25,2.193722583979695,Before the historical event,Event not experienced
-0.18000000000000016,0,0,0,Nonshared environmental variance,5,4.120283223129735,4.042568052743431,3.893783474214261,4.488756621148793,4,4.120283223129735,Before the historical event,Event not experienced
-0.18000000000000016,0,0,0,Phenotypic variance,5,9.767468088059761,9.7444439807323,9.377939676738393,10.217764611916575,10.083638534087747,9.767468088059761,Before the historical event,Event not experienced
-0.18000000000000016,0,1,0,Additive genetic variance,5,3.453462280950331,3.4456264774203413,3.0755788520943836,3.922585343437607,3.8336385340877466,3.453462280950331,Before the historical event,Event experienced
-0.18000000000000016,0,1,0,Nuclear-family environmental variance,5,2.193722583979695,2.2562494505685273,1.7839360021831725,2.4867564305574064,2.25,2.193722583979695,Before the historical event,Event experienced
-0.18000000000000016,0,1,0,Nonshared environmental variance,5,4.120283223129735,4.042568052743431,3.893783474214261,4.488756621148793,4,4.120283223129735,Before the historical event,Event experienced
-0.18000000000000016,0,1,0,Phenotypic variance,5,9.767468088059761,9.7444439807323,9.377939676738393,10.217764611916575,10.083638534087747,9.767468088059761,Before the historical event,Event experienced
-0.16000000000000014,0,0,0,Additive genetic variance,5,3.477499551041427,3.4677709346130356,3.099847646027666,3.9496235279209753,3.8542420046040085,3.477499551041427,Before the historical event,Event not experienced
-0.16000000000000014,0,0,0,Nuclear-family environmental variance,5,2.194046775240622,2.258294634165493,1.786501915407406,2.4859414463153087,2.25,2.194046775240622,Before the historical event,Event not experienced
-0.16000000000000014,0,0,0,Nonshared environmental variance,5,4.1208159344928506,4.042109188753808,3.8954544657345775,4.488682576618914,4,4.1208159344928506,Before the historical event,Event not experienced
-0.16000000000000014,0,0,0,Phenotypic variance,5,9.7923622607749,9.768174757532336,9.39841681859396,10.247341298457151,10.104242004604009,9.7923622607749,Before the historical event,Event not experienced
-0.16000000000000014,0,1,0,Additive genetic variance,5,3.477499551041427,3.4677709346130356,3.099847646027666,3.9496235279209753,3.8542420046040085,3.477499551041427,Before the historical event,Event experienced
-0.16000000000000014,0,1,0,Nuclear-family environmental variance,5,2.194046775240622,2.258294634165493,1.786501915407406,2.4859414463153087,2.25,2.194046775240622,Before the historical event,Event experienced
-0.16000000000000014,0,1,0,Nonshared environmental variance,5,4.1208159344928506,4.042109188753808,3.8954544657345775,4.488682576618914,4,4.1208159344928506,Before the historical event,Event experienced
-0.16000000000000014,0,1,0,Phenotypic variance,5,9.7923622607749,9.768174757532336,9.39841681859396,10.247341298457151,10.104242004604009,9.7923622607749,Before the historical event,Event experienced
-0.14000000000000012,0,0,0,Additive genetic variance,5,3.5011367657351977,3.4895397345085204,3.1238163286712037,3.9761186258199595,3.8743362628202704,3.5011367657351977,Before the historical event,Event not experienced
-0.14000000000000012,0,0,0,Nuclear-family environmental variance,5,2.1943705902981128,2.2603189073735175,1.7890796142402716,2.485117628527997,2.25,2.1943705902981128,Before the historical event,Event not experienced
-0.14000000000000012,0,0,0,Nonshared environmental variance,5,4.121328677140477,4.04163396825804,3.897114939375874,4.488572017804596,4,4.121328677140477,Before the historical event,Event not experienced
-0.14000000000000012,0,0,0,Phenotypic variance,5,9.816836033173788,9.791492610140079,9.418556673137234,10.276349620499444,10.12433626282027,9.816836033173788,Before the historical event,Event not experienced
-0.14000000000000012,0,1,0,Additive genetic variance,5,3.5011367657351977,3.4895397345085204,3.1238163286712037,3.9761186258199595,3.8743362628202704,3.5011367657351977,Before the historical event,Event experienced
-0.14000000000000012,0,1,0,Nuclear-family environmental variance,5,2.1943705902981128,2.2603189073735175,1.7890796142402716,2.485117628527997,2.25,2.1943705902981128,Before the historical event,Event experienced
-0.14000000000000012,0,1,0,Nonshared environmental variance,5,4.121328677140477,4.04163396825804,3.897114939375874,4.488572017804596,4,4.121328677140477,Before the historical event,Event experienced
-0.14000000000000012,0,1,0,Phenotypic variance,5,9.816836033173788,9.791492610140079,9.418556673137234,10.276349620499444,10.12433626282027,9.816836033173788,Before the historical event,Event experienced
-0.1200000000000001,0,0,0,Additive genetic variance,5,3.524363430990471,3.5109240370300676,3.1474749528727224,4.002057244433907,3.8939122075272037,3.524363430990471,Before the historical event,Event not experienced
-0.1200000000000001,0,0,0,Nuclear-family environmental variance,5,2.1946940235419494,2.262322210657291,1.7916691380394534,2.4842849823784365,2.25,2.1946940235419494,Before the historical event,Event not experienced
-0.1200000000000001,0,0,0,Nonshared environmental variance,5,4.121821446574714,4.041142397037562,3.8987648809577933,4.488424947894661,4,4.121821446574714,Before the historical event,Event not experienced
-0.1200000000000001,0,0,0,Phenotypic variance,5,9.840878901107136,9.814388644724922,9.438351822820694,10.30477622832844,10.143912207527205,9.840878901107136,Before the historical event,Event not experienced
-0.1200000000000001,0,1,0,Additive genetic variance,5,3.524363430990471,3.5109240370300676,3.1474749528727224,4.002057244433907,3.8939122075272037,3.524363430990471,Before the historical event,Event experienced
-0.1200000000000001,0,1,0,Nuclear-family environmental variance,5,2.1946940235419494,2.262322210657291,1.7916691380394534,2.4842849823784365,2.25,2.1946940235419494,Before the historical event,Event experienced
-0.1200000000000001,0,1,0,Nonshared environmental variance,5,4.121821446574714,4.041142397037562,3.8987648809577933,4.488424947894661,4,4.121821446574714,Before the historical event,Event experienced
-0.1200000000000001,0,1,0,Phenotypic variance,5,9.840878901107136,9.814388644724922,9.438351822820694,10.30477622832844,10.143912207527205,9.840878901107136,Before the historical event,Event experienced
-0.10000000000000009,0,0,0,Additive genetic variance,5,3.547169184640683,3.531915118993356,3.170813641828012,4.027426209756987,3.9129609402048398,3.547169184640683,Before the historical event,Event not experienced
-0.10000000000000009,0,0,0,Nuclear-family environmental variance,5,2.195017069592454,2.2643044850622926,1.7942705263774652,2.4834435131819106,2.25,2.195017069592454,Before the historical event,Event not experienced
-0.10000000000000009,0,0,0,Nonshared environmental variance,5,4.122294238651045,4.040634481072254,3.9004042763851645,4.488241370974385,4,4.122294238651045,Before the historical event,Event not experienced
-0.10000000000000009,0,0,0,Phenotypic variance,5,9.864480492884182,9.836854085127904,9.457794947915744,10.33260799199789,10.16296094020484,9.864480492884182,Before the historical event,Event not experienced
-0.10000000000000009,0,1,0,Additive genetic variance,5,3.547169184640683,3.531915118993356,3.170813641828012,4.027426209756987,3.9129609402048398,3.547169184640683,Before the historical event,Event experienced
-0.10000000000000009,0,1,0,Nuclear-family environmental variance,5,2.195017069592454,2.2643044850622926,1.7942705263774652,2.4834435131819106,2.25,2.195017069592454,Before the historical event,Event experienced
-0.10000000000000009,0,1,0,Nonshared environmental variance,5,4.122294238651045,4.040634481072254,3.9004042763851645,4.488241370974385,4,4.122294238651045,Before the historical event,Event experienced
-0.10000000000000009,0,1,0,Phenotypic variance,5,9.864480492884182,9.836854085127904,9.457794947915744,10.33260799199789,10.16296094020484,9.864480492884182,Before the historical event,Event experienced
-0.08000000000000007,0,0,0,Additive genetic variance,5,3.5695438041626018,3.5525043800170257,3.193822595904472,4.05221257759956,3.9314737717553903,3.5695438041626018,Before the historical event,Event not experienced
-0.08000000000000007,0,0,0,Nuclear-family environmental variance,5,2.1953397233012026,2.2662656722176844,1.7968838190426446,2.482593226385837,2.25,2.1953397233012026,Before the historical event,Event not experienced
-0.08000000000000007,0,0,0,Nonshared environmental variance,5,4.122747049578399,4.040110226540317,3.9020331116482114,4.488021292025324,4,4.122747049578399,Before the historical event,Event not experienced
-0.08000000000000007,0,0,0,Phenotypic variance,5,9.887630577042202,9.858880278775025,9.47687883113986,10.359832012452502,10.18147377175539,9.887630577042202,Before the historical event,Event not experienced
-0.08000000000000007,0,1,0,Additive genetic variance,5,3.5695438041626018,3.5525043800170257,3.193822595904472,4.05221257759956,3.9314737717553903,3.5695438041626018,Before the historical event,Event experienced
-0.08000000000000007,0,1,0,Nuclear-family environmental variance,5,2.1953397233012026,2.2662656722176844,1.7968838190426446,2.482593226385837,2.25,2.1953397233012026,Before the historical event,Event experienced
-0.08000000000000007,0,1,0,Nonshared environmental variance,5,4.122747049578399,4.040110226540317,3.9020331116482114,4.488021292025324,4,4.122747049578399,Before the historical event,Event experienced
-0.08000000000000007,0,1,0,Phenotypic variance,5,9.887630577042202,9.858880278775025,9.47687883113986,10.359832012452502,10.18147377175539,9.887630577042202,Before the historical event,Event experienced
-0.06000000000000005,0,0,0,Additive genetic variance,5,3.5914772143800673,3.572683348377603,3.2164920994556034,4.076403644569557,3.949442229101612,3.5914772143800673,Before the historical event,Event not experienced
-0.06000000000000005,0,0,0,Nuclear-family environmental variance,5,2.1956619797517334,2.268205714339172,1.799509056040157,2.4817341275695766,2.25,2.1956619797517334,Before the historical event,Event not experienced
-0.06000000000000005,0,0,0,Nonshared environmental variance,5,4.123179875919185,4.039569639818143,3.903651372822747,4.487764716925079,4,4.123179875919185,Before the historical event,Event not experienced
-0.06000000000000005,0,0,0,Phenotypic variance,5,9.910319070050985,9.880458702534916,9.495596362240596,10.386435632510022,10.199442229101612,9.910319070050985,Before the historical event,Event not experienced
-0.06000000000000005,0,1,0,Additive genetic variance,5,3.5914772143800673,3.572683348377603,3.2164920994556034,4.076403644569557,3.949442229101612,3.5914772143800673,Before the historical event,Event experienced
-0.06000000000000005,0,1,0,Nuclear-family environmental variance,5,2.1956619797517334,2.268205714339172,1.799509056040157,2.4817341275695766,2.25,2.1956619797517334,Before the historical event,Event experienced
-0.06000000000000005,0,1,0,Nonshared environmental variance,5,4.123179875919185,4.039569639818143,3.903651372822747,4.487764716925079,4,4.123179875919185,Before the historical event,Event experienced
-0.06000000000000005,0,1,0,Phenotypic variance,5,9.910319070050985,9.880458702534916,9.495596362240596,10.386435632510022,10.199442229101612,9.910319070050985,Before the historical event,Event experienced
-0.040000000000000036,0,0,0,Additive genetic variance,5,3.6129594950945525,3.592443686803243,3.238812527619878,4.099986958900801,3.966858061643717,3.6129594950945525,Before the historical event,Event not experienced
-0.040000000000000036,0,0,0,Nuclear-family environmental variance,5,2.1959838342602525,2.270124554231843,1.8021462775930017,2.4808662224442406,2.25,2.1959838342602525,Before the historical event,Event not experienced
-0.040000000000000036,0,0,0,Nonshared environmental variance,5,4.123592714589334,4.0390127274801975,3.905259046070374,4.4874716524470575,4,4.123592714589334,Before the historical event,Event not experienced
-0.040000000000000036,0,0,0,Phenotypic variance,5,9.93253604394414,9.901580968515283,9.513940542532353,10.412406447690328,10.216858061643716,9.93253604394414,Before the historical event,Event not experienced
-0.040000000000000036,0,1,0,Additive genetic variance,5,3.6129594950945525,3.592443686803243,3.238812527619878,4.099986958900801,3.966858061643717,3.6129594950945525,Before the historical event,Event experienced
-0.040000000000000036,0,1,0,Nuclear-family environmental variance,5,2.1959838342602525,2.270124554231843,1.8021462775930017,2.4808662224442406,2.25,2.1959838342602525,Before the historical event,Event experienced
-0.040000000000000036,0,1,0,Nonshared environmental variance,5,4.123592714589334,4.0390127274801975,3.905259046070374,4.4874716524470575,4,4.123592714589334,Before the historical event,Event experienced
-0.040000000000000036,0,1,0,Phenotypic variance,5,9.93253604394414,9.901580968515283,9.513940542532353,10.412406447690328,10.216858061643716,9.93253604394414,Before the historical event,Event experienced
-0.020000000000000018,0,0,0,Additive genetic variance,5,3.6339808886343863,3.6117771982007647,3.2607743530973554,4.122950331115414,3.9837132475679375,3.6339808886343863,Before the historical event,Event not experienced
-0.020000000000000018,0,0,0,Nuclear-family environmental variance,5,2.196305282376339,2.2720221352929766,1.8047955241430276,2.479989516852499,2.25,2.196305282376339,Before the historical event,Event not experienced
-0.020000000000000018,0,0,0,Nonshared environmental variance,5,4.123985562858309,4.0384394962988734,3.906856117638683,4.487142106260165,4,4.123985562858309,Before the historical event,Event not experienced
-0.020000000000000018,0,0,0,Phenotypic variance,5,9.954271733869033,9.922238829792615,9.531904489381882,10.437732316878485,10.233713247567938,9.954271733869033,Before the historical event,Event not experienced
-0.020000000000000018,0,1,0,Additive genetic variance,5,3.6339808886343863,3.6117771982007647,3.2607743530973554,4.122950331115414,3.9837132475679375,3.6339808886343863,Before the historical event,Event experienced
-0.020000000000000018,0,1,0,Nuclear-family environmental variance,5,2.196305282376339,2.2720221352929766,1.8047955241430276,2.479989516852499,2.25,2.196305282376339,Before the historical event,Event experienced
-0.020000000000000018,0,1,0,Nonshared environmental variance,5,4.123985562858309,4.0384394962988734,3.906856117638683,4.487142106260165,4,4.123985562858309,Before the historical event,Event experienced
-0.020000000000000018,0,1,0,Phenotypic variance,5,9.954271733869033,9.922238829792615,9.531904489381882,10.437732316878485,10.233713247567938,9.954271733869033,Before the historical event,Event experienced
0,0,0,0,Additive genetic variance,5,3.654531807314529,3.6306758313104672,3.282368152897416,4.145281844507537,4,3.654531807314529,Before the historical event,Event not experienced
0,0,0,0,Nuclear-family environmental variance,5,2.196626319883639,2.273898401514825,1.8074568363519543,2.4791040167683813,2.25,2.196626319883639,Before the historical event,Event not experienced
0,0,0,0,Nonshared environmental variance,5,4.124358418349118,4.037849953244362,3.9084425738614454,4.486776086928485,4,4.124358418349118,Before the historical event,Event not experienced
0,0,0,0,Phenotypic variance,5,9.975516545547286,9.942424186069655,9.549481440638466,10.462401372809149,10.25,9.975516545547286,Before the historical event,Event not experienced
0,0,1,0,Additive genetic variance,5,3.654531807314529,3.6306758313104672,3.282368152897416,4.145281844507537,4,3.654531807314529,Before the historical event,Event experienced
0,0,1,0,Nuclear-family environmental variance,5,2.196626319883639,2.273898401514825,1.8074568363519543,2.4791040167683813,2.25,2.196626319883639,Before the historical event,Event experienced
0,0,1,0,Nonshared environmental variance,5,4.124358418349118,4.037849953244362,3.9084425738614454,4.486776086928485,4,4.124358418349118,Before the historical event,Event experienced
0,0,1,0,Phenotypic variance,5,9.975516545547286,9.942424186069655,9.549481440638466,10.462401372809149,10.25,9.975516545547286,Before the historical event,Event experienced
0.020000000000000018,0,0,0,Additive genetic variance,5,3.6746028407988383,3.6491316862833063,3.303584615050964,4.166969865435768,4.01571077299691,3.6746028407988383,Before the historical event,Event not experienced
0.020000000000000018,0,0,0,Nuclear-family environmental variance,5,2.196946942800564,2.2757532974873684,1.8101302551023981,2.478209728297079,2.25,2.196946942800564,Before the historical event,Event not experienced
0.020000000000000018,0,0,0,Nonshared environmental variance,5,4.124711279038309,4.037244105484511,3.9100184011588124,4.486373603910904,4,4.124711279038309,Before the historical event,Event not experienced
0.020000000000000018,0,0,0,Phenotypic variance,5,9.99626106263771,9.962129089255185,9.56666475900483,10.486402032359631,10.265710772996911,9.99626106263771,Before the historical event,Event not experienced
0.020000000000000018,0,1,0,Additive genetic variance,5,3.6746028407988383,3.6491316862833063,3.303584615050964,4.166969865435768,4.01571077299691,3.6746028407988383,Before the historical event,Event experienced
0.020000000000000018,0,1,0,Nuclear-family environmental variance,5,2.196946942800564,2.2757532974873684,1.8101302551023981,2.478209728297079,2.25,2.196946942800564,Before the historical event,Event experienced
0.020000000000000018,0,1,0,Nonshared environmental variance,5,4.124711279038309,4.037244105484511,3.9100184011588124,4.486373603910904,4,4.124711279038309,Before the historical event,Event experienced
0.020000000000000018,0,1,0,Phenotypic variance,5,9.99626106263771,9.962129089255185,9.56666475900483,10.486402032359631,10.265710772996911,9.99626106263771,Before the historical event,Event experienced
0.040000000000000036,0,0,0,Additive genetic variance,5,3.694184763356836,3.6671370201750073,3.3244145452804164,4.188003053411891,4.0308382673706,3.694184763356836,Before the historical event,Event not experienced
0.040000000000000036,0,0,0,Nuclear-family environmental variance,5,2.1972671473809777,2.2775867684010436,1.8128158214989072,2.4773066576747422,2.25,2.1972671473809777,Before the historical event,Event not experienced
0.040000000000000036,0,0,0,Nonshared environmental variance,5,4.125044143255955,4.036621960384674,3.9115835860375077,4.485934667560718,4,4.125044143255955,Before the historical event,Event not experienced
0.040000000000000036,0,0,0,Phenotypic variance,5,10.016496053993768,9.981345748960724,9.583447936344786,10.509723006639224,10.2808382673706,10.016496053993768,Before the historical event,Event not experienced
0.040000000000000036,0,1,0,Additive genetic variance,5,3.694184763356836,3.6671370201750073,3.3244145452804164,4.188003053411891,4.0308382673706,3.694184763356836,Before the historical event,Event experienced
0.040000000000000036,0,1,0,Nuclear-family environmental variance,5,2.1972671473809777,2.2775867684010436,1.8128158214989072,2.4773066576747422,2.25,2.1972671473809777,Before the historical event,Event experienced
0.040000000000000036,0,1,0,Nonshared environmental variance,5,4.125044143255955,4.036621960384674,3.9115835860375077,4.485934667560718,4,4.125044143255955,Before the historical event,Event experienced
0.040000000000000036,0,1,0,Phenotypic variance,5,10.016496053993768,9.981345748960724,9.583447936344786,10.509723006639224,10.2808382673706,10.016496053993768,Before the historical event,Event experienced
0.06000000000000005,0,0,0,Additive genetic variance,5,3.7132685410070674,3.6846842523517904,3.344848873620848,4.208370370973656,4.045375436337134,3.7132685410070674,Before the historical event,Event not experienced
0.06000000000000005,0,0,0,Nuclear-family environmental variance,5,2.1975869301148845,2.2793987600494368,1.815513576869,2.4763948112682757,2.25,2.1975869301148845,Before the historical event,Event not experienced
0.06000000000000005,0,0,0,Nonshared environmental variance,5,4.125357009685618,4.035983525507569,3.9131381150910163,4.485459289125182,4,4.125357009685618,Before the historical event,Event not experienced
0.06000000000000005,0,0,0,Phenotypic variance,5,10.03621248080757,10.000066537908797,9.599824597923702,10.532353310862558,10.295375436337135,10.03621248080757,Before the historical event,Event not experienced
0.06000000000000005,0,1,0,Additive genetic variance,5,3.7132685410070674,3.6846842523517904,3.344848873620848,4.208370370973656,4.045375436337134,3.7132685410070674,Before the historical event,Event experienced
0.06000000000000005,0,1,0,Nuclear-family environmental variance,5,2.1975869301148845,2.2793987600494368,1.815513576869,2.4763948112682757,2.25,2.1975869301148845,Before the historical event,Event experienced
0.06000000000000005,0,1,0,Nonshared environmental variance,5,4.125357009685618,4.035983525507569,3.9131381150910163,4.485459289125182,4,4.125357009685618,Before the historical event,Event experienced
0.06000000000000005,0,1,0,Phenotypic variance,5,10.03621248080757,10.000066537908797,9.599824597923702,10.532353310862558,10.295375436337135,10.03621248080757,Before the historical event,Event experienced
0.08000000000000007,0,0,0,Additive genetic variance,5,3.731845338539225,3.701765969802436,3.364878660985606,4.228061093329592,4.05931549098538,3.731845338539225,Before the historical event,Event not experienced
0.08000000000000007,0,0,0,Nuclear-family environmental variance,5,2.1979062877291122,2.2811892188319622,1.818223562764213,2.47547419557513,2.25,2.1979062877291122,Before the historical event,Event not experienced
0.08000000000000007,0,0,0,Nonshared environmental variance,5,4.125649877364321,4.035328808613114,3.914681974999784,4.484947480745042,4,4.125649877364321,Before the historical event,Event not experienced
0.08000000000000007,0,0,0,Phenotypic variance,5,10.055401503632659,10.018283997247512,9.615788506577942,10.554282273994954,10.30931549098538,10.055401503632659,Before the historical event,Event not experienced
0.08000000000000007,0,1,0,Additive genetic variance,5,3.731845338539225,3.701765969802436,3.364878660985606,4.228061093329592,4.05931549098538,3.731845338539225,Before the historical event,Event experienced
0.08000000000000007,0,1,0,Nuclear-family environmental variance,5,2.1979062877291122,2.2811892188319622,1.818223562764213,2.47547419557513,2.25,2.1979062877291122,Before the historical event,Event experienced
0.08000000000000007,0,1,0,Nonshared environmental variance,5,4.125649877364321,4.035328808613114,3.914681974999784,4.484947480745042,4,4.125649877364321,Before the historical event,Event experienced
0.08000000000000007,0,1,0,Phenotypic variance,5,10.055401503632659,10.018283997247512,9.615788506577942,10.554282273994954,10.30931549098538,10.055401503632659,Before the historical event,Event experienced
0.10000000000000009,0,0,0,Additive genetic variance,5,3.749906526407323,3.7183749323514643,3.3844951056697923,4.247064817764091,4.072651905559175,3.749906526407323,Before the historical event,Event not experienced
0.10000000000000009,0,0,0,Nuclear-family environmental variance,5,2.1982252171879875,2.282958091756498,1.8209458209611513,2.474544817223097,2.25,2.1982252171879875,Before the historical event,Event not experienced
0.10000000000000009,0,0,0,Nonshared environmental variance,5,4.125922745682489,4.034657817658284,3.9162151525314006,4.484399255454008,4,4.125922745682489,Before the historical event,Event not experienced
0.10000000000000009,0,0,0,Phenotypic variance,5,10.074054489277799,10.035990841766246,9.631333566809433,10.575499548158026,10.322651905559175,10.074054489277799,Before the historical event,Event not experienced
0.10000000000000009,0,1,0,Additive genetic variance,5,3.749906526407323,3.7183749323514643,3.3844951056697923,4.247064817764091,4.072651905559175,3.749906526407323,Before the historical event,Event experienced
0.10000000000000009,0,1,0,Nuclear-family environmental variance,5,2.1982252171879875,2.282958091756498,1.8209458209611513,2.474544817223097,2.25,2.1982252171879875,Before the historical event,Event experienced
0.10000000000000009,0,1,0,Nonshared environmental variance,5,4.125922745682489,4.034657817658284,3.9162151525314006,4.484399255454008,4,4.125922745682489,Before the historical event,Event experienced
0.10000000000000009,0,1,0,Phenotypic variance,5,10.074054489277799,10.035990841766246,9.631333566809433,10.575499548158026,10.322651905559175,10.074054489277799,Before the historical event,Event experienced
0.1200000000000001,0,0,0,Additive genetic variance,5,3.767443687486309,3.7345040777683405,3.4036895497849944,4.265371472791176,4.085378422547272,3.767443687486309,Before the historical event,Event not experienced
0.1200000000000001,0,0,0,Nuclear-family environmental variance,5,2.198543715694013,2.284705326442002,1.8236803934625525,2.4736066829700905,2.25,2.198543715694013,Before the historical event,Event not experienced
0.1200000000000001,0,0,0,Nonshared environmental variance,5,4.126175614383883,4.033970560796941,3.917737634540791,4.48381462717822,4,4.126175614383883,Before the historical event,Event not experienced
0.1200000000000001,0,0,0,Phenotypic variance,5,10.092163017564205,10.053179965007285,9.6464538288016,10.595995117783925,10.335378422547272,10.092163017564205,Before the historical event,Event not experienced
0.1200000000000001,0,1,0,Additive genetic variance,5,3.767443687486309,3.7345040777683405,3.4036895497849944,4.265371472791176,4.085378422547272,3.767443687486309,Before the historical event,Event experienced
0.1200000000000001,0,1,0,Nuclear-family environmental variance,5,2.198543715694013,2.284705326442002,1.8236803934625525,2.4736066829700905,2.25,2.198543715694013,Before the historical event,Event experienced
0.1200000000000001,0,1,0,Nonshared environmental variance,5,4.126175614383883,4.033970560796941,3.917737634540791,4.48381462717822,4,4.126175614383883,Before the historical event,Event experienced
0.1200000000000001,0,1,0,Phenotypic variance,5,10.092163017564205,10.053179965007285,9.6464538288016,10.595995117783925,10.335378422547272,10.092163017564205,Before the historical event,Event experienced
0.14000000000000012,0,0,0,Additive genetic variance,5,3.7844486236846264,3.7501465267676255,3.422453485618678,4.282971327045722,4.097489057575477,3.7844486236846264,Before the historical event,Event not experienced
0.14000000000000012,0,0,0,Nuclear-family environmental variance,5,2.198861780688536,2.2864308711210963,1.826427322498348,2.472659799703938,2.25,2.198861780688536,Before the historical event,Event not experienced
0.14000000000000012,0,0,0,Nonshared environmental variance,5,4.12640848356553,4.034635072437063,3.919112605364664,4.48319361073565,4,4.12640848356553,Before the historical event,Event not experienced
0.14000000000000012,0,0,0,Phenotypic variance,5,10.109718887938692,10.06984444426839,9.661143492352942,10.615759308507016,10.347489057575476,10.109718887938692,Before the historical event,Event not experienced
0.14000000000000012,0,1,0,Additive genetic variance,5,3.7844486236846264,3.7501465267676255,3.422453485618678,4.282971327045722,4.097489057575477,3.7844486236846264,Before the historical event,Event experienced
0.14000000000000012,0,1,0,Nuclear-family environmental variance,5,2.198861780688536,2.2864308711210963,1.826427322498348,2.472659799703938,2.25,2.198861780688536,Before the historical event,Event experienced
0.14000000000000012,0,1,0,Nonshared environmental variance,5,4.12640848356553,4.034635072437063,3.919112605364664,4.48319361073565,4,4.12640848356553,Before the historical event,Event experienced
0.14000000000000012,0,1,0,Phenotypic variance,5,10.109718887938692,10.06984444426839,9.661143492352942,10.615759308507016,10.347489057575476,10.109718887938692,Before the historical event,Event experienced
0.16000000000000014,0,0,0,Additive genetic variance,5,3.800913362405382,3.7652955878951397,3.4407785619117512,4.299854997901144,4.10897810409564,3.800913362405382,Before the historical event,Event not experienced
0.16000000000000014,0,0,0,Nuclear-family environmental variance,5,2.1991794098524156,2.2881346746426243,1.8291866505267373,2.47170417444216,2.25,2.1991794098524156,Before the historical event,Event not experienced
0.16000000000000014,0,0,0,Nonshared environmental variance,5,4.126621353677632,4.035326102963399,3.9204725778494205,4.482536221835482,4,4.126621353677632,Before the historical event,Event not experienced
0.16000000000000014,0,0,0,Phenotypic variance,5,10.126714125935429,10.085977545491367,9.675396910724617,10.634782795782,10.358978104095641,10.126714125935429,Before the historical event,Event not experienced
0.16000000000000014,0,1,0,Additive genetic variance,5,3.800913362405382,3.7652955878951397,3.4407785619117512,4.299854997901144,4.10897810409564,3.800913362405382,Before the historical event,Event experienced
0.16000000000000014,0,1,0,Nuclear-family environmental variance,5,2.1991794098524156,2.2881346746426243,1.8291866505267373,2.47170417444216,2.25,2.1991794098524156,Before the historical event,Event experienced
0.16000000000000014,0,1,0,Nonshared environmental variance,5,4.126621353677632,4.035326102963399,3.9204725778494205,4.482536221835482,4,4.126621353677632,Before the historical event,Event experienced
0.16000000000000014,0,1,0,Phenotypic variance,5,10.126714125935429,10.085977545491367,9.675396910724617,10.634782795782,10.358978104095641,10.126714125935429,Before the historical event,Event experienced
0.18000000000000016,0,0,0,Additive genetic variance,5,3.8168301628489,3.7799447622952935,3.458656590047785,4.3160134598028534,4.119840137866362,3.8168301628489,Before the historical event,Event not experienced
0.18000000000000016,0,0,0,Nuclear-family environmental variance,5,2.1994966011066817,2.289816686474175,1.8319584202352686,2.470739814331753,2.25,2.1994966011066817,Before the historical event,Event not experienced
0.18000000000000016,0,0,0,Nonshared environmental variance,5,4.126814225523466,4.036007205350651,3.9218211846899957,4.48184247707745,4,4.126814225523466,Before the historical event,Event not experienced
0.18000000000000016,0,0,0,Phenotypic variance,5,10.143140989479047,10.101572728031737,9.689208594398469,10.653056613217743,10.369840137866362,10.143140989479047,Before the historical event,Event not experienced
0.18000000000000016,0,1,0,Additive genetic variance,5,3.8168301628489,3.7799447622952935,3.458656590047785,4.3160134598028534,4.119840137866362,3.8168301628489,Before the historical event,Event experienced
0.18000000000000016,0,1,0,Nuclear-family environmental variance,5,2.1994966011066817,2.289816686474175,1.8319584202352686,2.470739814331753,2.25,2.1994966011066817,Before the historical event,Event experienced
0.18000000000000016,0,1,0,Nonshared environmental variance,5,4.126814225523466,4.036007205350651,3.9218211846899957,4.48184247707745,4,4.126814225523466,Before the historical event,Event experienced
0.18000000000000016,0,1,0,Phenotypic variance,5,10.143140989479047,10.101572728031737,9.689208594398469,10.653056613217743,10.369840137866362,10.143140989479047,Before the historical event,Event experienced
0.20000000000000018,0,0,0,Additive genetic variance,5,3.8321915221496217,3.7940877483548103,3.4760795501475075,4.331438052307146,4.130070021220473,3.8321915221496217,Before the historical event,Event not experienced
0.20000000000000018,0,0,0,Nuclear-family environmental variance,5,2.1998133526131967,2.2914768567045827,1.8347426745419235,2.469766726648962,2.25,2.1998133526131967,Before the historical event,Event not experienced
0.20000000000000018,0,0,0,Nonshared environmental variance,5,4.126987100259273,4.036678374531999,3.9231584144931824,4.481112393951146,4,4.126987100259273,Before the historical event,Event not experienced
0.20000000000000018,0,0,0,Phenotypic variance,5,10.158991975022092,10.116623649304781,9.70257321474193,10.670572160616565,10.380070021220472,10.158991975022092,Before the historical event,Event not experienced
0.20000000000000018,0,1,0,Additive genetic variance,5,3.8321915221496217,3.7940877483548103,3.4760795501475075,4.331438052307146,4.130070021220473,3.8321915221496217,Before the historical event,Event experienced
0.20000000000000018,0,1,0,Nuclear-family environmental variance,5,2.1998133526131967,2.2914768567045827,1.8347426745419235,2.469766726648962,2.25,2.1998133526131967,Before the historical event,Event experienced
0.20000000000000018,0,1,0,Nonshared environmental variance,5,4.126987100259273,4.036678374531999,3.9231584144931824,4.481112393951146,4,4.126987100259273,Before the historical event,Event experienced
0.20000000000000018,0,1,0,Phenotypic variance,5,10.158991975022092,10.116623649304781,9.70257321474193,10.670572160616565,10.380070021220472,10.158991975022092,Before the historical event,Event experienced
0.2200000000000002,0,0,0,Additive genetic variance,5,3.84699018134045,3.807718446218219,3.4930395970622126,4.3461204878154795,4.139662907114614,3.84699018134045,Before the historical event,Event not experienced
0.2200000000000002,0,0,0,Nuclear-family environmental variance,5,2.2001296627753044,2.2931151360463935,1.8375394565962089,2.4687849187990625,2.25,2.2001296627753044,Before the historical event,Event not experienced
0.2200000000000002,0,0,0,Nonshared environmental variance,5,4.127139979394137,4.03733960551396,3.9244842559663025,4.480345990835277,4,4.127139979394137,Before the historical event,Event not experienced
0.2200000000000002,0,0,0,Phenotypic variance,5,10.17425982350989,10.13112416930332,9.71548560757643,10.687321211708817,10.389662907114614,10.17425982350989,Before the historical event,Event not experienced
0.2200000000000002,0,1,0,Additive genetic variance,5,3.84699018134045,3.807718446218219,3.4930395970622126,4.3461204878154795,4.139662907114614,3.84699018134045,Before the historical event,Event experienced
0.2200000000000002,0,1,0,Nuclear-family environmental variance,5,2.2001296627753044,2.2931151360463935,1.8375394565962089,2.4687849187990625,2.25,2.2001296627753044,Before the historical event,Event experienced
0.2200000000000002,0,1,0,Nonshared environmental variance,5,4.127139979394137,4.03733960551396,3.9244842559663025,4.480345990835277,4,4.127139979394137,Before the historical event,Event experienced
0.2200000000000002,0,1,0,Phenotypic variance,5,10.17425982350989,10.13112416930332,9.71548560757643,10.687321211708817,10.389662907114614,10.17425982350989,Before the historical event,Event experienced
0.2400000000000002,0,0,0,Additive genetic variance,5,3.8612191311378408,3.820830962170582,3.5095290662598124,4.360052858994503,4.148614242956412,3.8612191311378408,Before the historical event,Event not experienced
0.2400000000000002,0,0,0,Nuclear-family environmental variance,5,2.200445530238484,2.2947314758383057,1.8403488097802574,2.4677943983161303,2.25,2.200445530238484,Before the historical event,Event not experienced
0.2400000000000002,0,0,0,Nonshared environmental variance,5,4.127272864789844,4.03799089337644,3.925798697917368,4.47954328699691,4,4.127272864789844,Before the historical event,Event not experienced
0.2400000000000002,0,0,0,Phenotypic variance,5,10.18893752616617,10.145068354982701,9.7279407766459,10.703295921573254,10.398614242956413,10.18893752616617,Before the historical event,Event not experienced
0.2400000000000002,0,1,0,Additive genetic variance,5,3.8612191311378408,3.820830962170582,3.5095290662598124,4.360052858994503,4.148614242956412,3.8612191311378408,Before the historical event,Event experienced
0.2400000000000002,0,1,0,Nuclear-family environmental variance,5,2.200445530238484,2.2947314758383057,1.8403488097802574,2.4677943983161303,2.25,2.200445530238484,Before the historical event,Event experienced
0.2400000000000002,0,1,0,Nonshared environmental variance,5,4.127272864789844,4.03799089337644,3.925798697917368,4.47954328699691,4,4.127272864789844,Before the historical event,Event experienced
0.2400000000000002,0,1,0,Phenotypic variance,5,10.18893752616617,10.145068354982701,9.7279407766459,10.703295921573254,10.398614242956413,10.18893752616617,Before the historical event,Event experienced
0.26000000000000023,0,0,0,Additive genetic variance,5,3.874871617541091,3.833419612883042,3.525540479597369,4.373227645872502,4.156919774205063,3.874871617541091,Before the historical event,Event not experienced
0.26000000000000023,0,0,0,Nuclear-family environmental variance,5,2.2007609538909905,2.296325828047577,1.8431707777099344,2.46679517286281,2.25,2.2007609538909905,Before the historical event,Event not experienced
0.26000000000000023,0,0,0,Nonshared environmental variance,5,4.127385758660743,4.038632233272811,3.9271017292552384,4.478704302590654,4,4.127385758660743,Before the historical event,Event not experienced
0.26000000000000023,0,0,0,Phenotypic variance,5,10.203018330092824,10.158450484508563,9.73993389698215,10.718488833733737,10.406919774205063,10.203018330092824,Before the historical event,Event not experienced
0.26000000000000023,0,1,0,Additive genetic variance,5,3.874871617541091,3.833419612883042,3.525540479597369,4.373227645872502,4.156919774205063,3.874871617541091,Before the historical event,Event experienced
0.26000000000000023,0,1,0,Nuclear-family environmental variance,5,2.2007609538909905,2.296325828047577,1.8431707777099344,2.46679517286281,2.25,2.2007609538909905,Before the historical event,Event experienced
0.26000000000000023,0,1,0,Nonshared environmental variance,5,4.127385758660743,4.038632233272811,3.9271017292552384,4.478704302590654,4,4.127385758660743,Before the historical event,Event experienced
0.26000000000000023,0,1,0,Phenotypic variance,5,10.203018330092824,10.158450484508563,9.73993389698215,10.718488833733737,10.406919774205063,10.203018330092824,Before the historical event,Event experienced
0.28000000000000025,0,0,0,Additive genetic variance,5,3.887941147239517,3.8454789295169336,3.5410665509740196,4.385637722603377,4.164575547741305,3.887941147239517,Before the historical event,Event not experienced
0.28000000000000025,0,0,0,Nuclear-family environmental variance,5,2.2010759328644984,2.297898145272403,1.8460054042359488,2.465787250230087,2.25,2.2010759328644984,Before the historical event,Event not experienced
0.28000000000000025,0,0,0,Nonshared environmental variance,5,4.127478663573579,4.039263620429959,3.9283933389897716,4.477829058657819,4,4.127478663573579,Before the historical event,Event not experienced
0.28000000000000025,0,0,0,Phenotypic variance,5,10.216495743677594,10.171265051363125,9.751460318163902,10.732892886923464,10.414575547741304,10.216495743677594,Before the historical event,Event not experienced
0.28000000000000025,0,1,0,Additive genetic variance,5,3.887941147239517,3.8454789295169336,3.5410665509740196,4.385637722603377,4.164575547741305,3.887941147239517,Before the historical event,Event experienced
0.28000000000000025,0,1,0,Nuclear-family environmental variance,5,2.2010759328644984,2.297898145272403,1.8460054042359488,2.465787250230087,2.25,2.2010759328644984,Before the historical event,Event experienced
0.28000000000000025,0,1,0,Nonshared environmental variance,5,4.127478663573579,4.039263620429959,3.9283933389897716,4.477829058657819,4,4.127478663573579,Before the historical event,Event experienced
0.28000000000000025,0,1,0,Phenotypic variance,5,10.216495743677594,10.171265051363125,9.751460318163902,10.732892886923464,10.414575547741304,10.216495743677594,Before the historical event,Event experienced
0.30000000000000027,0,0,0,Additive genetic variance,5,3.9004214928213696,3.857003661682282,3.556100191858286,4.397276363889623,4.171577915003053,3.9004214928213696,Before the historical event,Event not experienced
0.30000000000000027,0,0,0,Nuclear-family environmental variance,5,2.2013904665347366,2.2994483807442654,1.8488527334449745,2.46477063833705,2.25,2.2013904665347366,Before the historical event,Event not experienced
0.30000000000000027,0,0,0,Nonshared environmental variance,5,4.1275515824473255,4.039885050148346,3.9296735162319765,4.476917577125546,4,4.1275515824473255,Before the historical event,Event not experienced
0.30000000000000027,0,0,0,Phenotypic variance,5,10.229363541803432,10.18350676830585,9.762515567466378,10.746501421508182,10.421577915003052,10.229363541803432,Before the historical event,Event not experienced
0.30000000000000027,0,1,0,Additive genetic variance,5,3.9004214928213696,3.857003661682282,3.556100191858286,4.397276363889623,4.171577915003053,3.9004214928213696,Before the historical event,Event experienced
0.30000000000000027,0,1,0,Nuclear-family environmental variance,5,2.2013904665347366,2.2994483807442654,1.8488527334449745,2.46477063833705,2.25,2.2013904665347366,Before the historical event,Event experienced
0.30000000000000027,0,1,0,Nonshared environmental variance,5,4.1275515824473255,4.039885050148346,3.9296735162319765,4.476917577125546,4,4.1275515824473255,Before the historical event,Event experienced
0.30000000000000027,0,1,0,Phenotypic variance,5,10.229363541803432,10.18350676830585,9.762515567466378,10.746501421508182,10.421577915003052,10.229363541803432,Before the historical event,Event experienced
0.3200000000000003,0,0,0,Additive genetic variance,5,3.912306697778579,3.8679887812467006,3.570634516683941,4.408137251056202,4.177923534883223,3.912306697778579,Before the historical event,Event not experienced
0.3200000000000003,0,0,0,Nuclear-family environmental variance,5,2.2017045545221205,2.300976488330254,1.851712809660777,2.4637453452306537,2.25,2.2017045545221205,Before the historical event,Event not experienced
0.3200000000000003,0,0,0,Nonshared environmental variance,5,4.127604518553005,4.0404965178020715,3.9309422501941693,4.475969880805885,4,4.127604518553005,Before the historical event,Event not experienced
0.3200000000000003,0,0,0,Phenotypic variance,5,10.241615770853704,10.19517057118445,9.773095352898501,10.759308185560252,10.427923534883224,10.241615770853704,Before the historical event,Event not experienced
0.3200000000000003,0,1,0,Additive genetic variance,5,3.912306697778579,3.8679887812467006,3.570634516683941,4.408137251056202,4.177923534883223,3.912306697778579,Before the historical event,Event experienced
0.3200000000000003,0,1,0,Nuclear-family environmental variance,5,2.2017045545221205,2.300976488330254,1.851712809660777,2.4637453452306537,2.25,2.2017045545221205,Before the historical event,Event experienced
0.3200000000000003,0,1,0,Nonshared environmental variance,5,4.127604518553005,4.0404965178020715,3.9309422501941693,4.475969880805885,4,4.127604518553005,Before the historical event,Event experienced
0.3200000000000003,0,1,0,Phenotypic variance,5,10.241615770853704,10.19517057118445,9.773095352898501,10.759308185560252,10.427923534883224,10.241615770853704,Before the historical event,Event experienced
0.33999999999999986,0,0,0,Additive genetic variance,5,3.923591081301636,3.8784294859908095,3.584662848108642,4.418214477767649,4.183609376386509,3.923591081301636,Before the historical event,Event not experienced
0.33999999999999986,0,0,0,Nuclear-family environmental variance,5,2.2020181966923813,2.302482422535349,1.8545856774453455,2.462711379085481,2.25,2.2020181966923813,Before the historical event,Event not experienced
0.33999999999999986,0,0,0,Nonshared environmental variance,5,4.1276374755134855,4.0410980188389285,3.932199530190116,4.47498599339484,4,4.1276374755134855,Before the historical event,Event not experienced
0.33999999999999986,0,0,0,Phenotypic variance,5,10.253246753507502,10.206251622592394,9.783195566124743,10.771307340575909,10.43360937638651,10.253246753507502,Before the historical event,Event not experienced
0.33999999999999986,0,1,0,Additive genetic variance,5,3.923591081301636,3.8784294859908095,3.584662848108642,4.418214477767649,4.183609376386509,3.923591081301636,Before the historical event,Event experienced
0.33999999999999986,0,1,0,Nuclear-family environmental variance,5,2.2020181966923813,2.302482422535349,1.8545856774453455,2.462711379085481,2.25,2.2020181966923813,Before the historical event,Event experienced
0.33999999999999986,0,1,0,Nonshared environmental variance,5,4.1276374755134855,4.0410980188389285,3.932199530190116,4.47498599339484,4,4.1276374755134855,Before the historical event,Event experienced
0.33999999999999986,0,1,0,Phenotypic variance,5,10.253246753507502,10.206251622592394,9.783195566124743,10.771307340575909,10.43360937638651,10.253246753507502,Before the historical event,Event experienced
0.3599999999999999,0,0,0,Additive genetic variance,5,3.9342692428591386,3.8883212031064547,3.59817872212974,4.427502555381144,4.188632721042165,3.9342692428591386,Before the historical event,Event not experienced
0.3599999999999999,0,0,0,Nuclear-family environmental variance,5,2.202331393157186,2.303966138504682,1.8574713816000374,2.4616687482035005,2.25,2.202331393157186,Before the historical event,Event not experienced
0.3599999999999999,0,0,0,Nonshared environmental variance,5,4.127650457303287,4.041689548780456,3.9334453456351866,4.473965939471395,4,4.127650457303287,Before the historical event,Event not experienced
0.3599999999999999,0,0,0,Phenotypic variance,5,10.264251093319611,10.216745315369167,9.792812285268855,10.78249346682848,10.438632721042165,10.264251093319611,Before the historical event,Event not experienced
0.3599999999999999,0,1,0,Additive genetic variance,5,3.9342692428591386,3.8883212031064547,3.59817872212974,4.427502555381144,4.188632721042165,3.9342692428591386,Before the historical event,Event experienced
0.3599999999999999,0,1,0,Nuclear-family environmental variance,5,2.202331393157186,2.303966138504682,1.8574713816000374,2.4616687482035005,2.25,2.202331393157186,Before the historical event,Event experienced
0.3599999999999999,0,1,0,Nonshared environmental variance,5,4.127650457303287,4.041689548780456,3.9334453456351866,4.473965939471395,4,4.127650457303287,Before the historical event,Event experienced
0.3599999999999999,0,1,0,Phenotypic variance,5,10.264251093319611,10.216745315369167,9.792812285268855,10.78249346682848,10.438632721042165,10.264251093319611,Before the historical event,Event experienced
0.3799999999999999,0,0,0,Additive genetic variance,5,3.944336066556772,3.8976595925341706,3.6111758930517404,4.435996417928773,4.192991165070102,3.944336066556772,Before the historical event,Event not experienced
0.3799999999999999,0,0,0,Nuclear-family environmental variance,5,2.2026441442747595,2.3054275920257616,1.8603699671667218,2.460617461013822,2.25,2.2026441442747595,Before the historical event,Event not experienced
0.3799999999999999,0,0,0,Nonshared environmental variance,5,4.127643468248351,4.042271103221999,3.934679686046499,4.47290974449648,4,4.127643468248351,Before the historical event,Event not experienced
0.3799999999999999,0,0,0,Phenotypic variance,5,10.274623679079882,10.226647275939769,9.801941777596829,10.792861568350753,10.4429911650701,10.274623679079882,Before the historical event,Event not experienced
0.3799999999999999,0,1,0,Additive genetic variance,5,3.944336066556772,3.8976595925341706,3.6111758930517404,4.435996417928773,4.192991165070102,3.944336066556772,Before the historical event,Event experienced
0.3799999999999999,0,1,0,Nuclear-family environmental variance,5,2.2026441442747595,2.3054275920257616,1.8603699671667218,2.460617461013822,2.25,2.2026441442747595,Before the historical event,Event experienced
0.3799999999999999,0,1,0,Nonshared environmental variance,5,4.127643468248351,4.042271103221999,3.934679686046499,4.47290974449648,4,4.127643468248351,Before the historical event,Event experienced
0.3799999999999999,0,1,0,Phenotypic variance,5,10.274623679079882,10.226647275939769,9.801941777596829,10.792861568350753,10.4429911650701,10.274623679079882,Before the historical event,Event experienced
0.3999999999999999,0,0,0,Additive genetic variance,5,3.9537867252707564,3.9064405501364643,3.6236483383000984,4.443691426722654,4.196682621297882,3.9537867252707564,Before the historical event,Event not experienced
0.3999999999999999,0,0,0,Nuclear-family environmental variance,5,2.2029564506504977,2.306866739530669,1.8632814794289374,2.4595575260724485,2.25,2.2029564506504977,Before the historical event,Event not experienced
0.3999999999999999,0,0,0,Nonshared environmental variance,5,4.127616513025818,4.042842677832765,3.9359025410430624,4.471817434811912,4,4.127616513025818,Before the historical event,Event not experienced
0.3999999999999999,0,0,0,Phenotypic variance,5,10.28435968894707,10.235953367489941,9.81058050207642,10.802407077540181,10.446682621297882,10.28435968894707,Before the historical event,Event not experienced
0.3999999999999999,0,1,0,Additive genetic variance,5,3.9537867252707564,3.9064405501364643,3.6236483383000984,4.443691426722654,4.196682621297882,3.9537867252707564,Before the historical event,Event experienced
0.3999999999999999,0,1,0,Nuclear-family environmental variance,5,2.2029564506504977,2.306866739530669,1.8632814794289374,2.4595575260724485,2.25,2.2029564506504977,Before the historical event,Event experienced
0.3999999999999999,0,1,0,Nonshared environmental variance,5,4.127616513025818,4.042842677832765,3.9359025410430624,4.471817434811912,4,4.127616513025818,Before the historical event,Event experienced
0.3999999999999999,0,1,0,Phenotypic variance,5,10.28435968894707,10.235953367489941,9.81058050207642,10.802407077540181,10.446682621297882,10.28435968894707,Before the historical event,Event experienced
0.41999999999999993,0,0,0,Additive genetic variance,5,3.962616684551015,3.914660210703684,3.635590263076143,4.4505833745770484,4.1997053208264665,3.962616684551015,Before the historical event,Event not experienced
0.41999999999999993,0,0,0,Nuclear-family environmental variance,5,2.2032683131375776,2.3082835380982227,1.8662059639130517,2.458488952062029,2.25,2.2032683131375776,Before the historical event,Event not experienced
0.41999999999999993,0,0,0,Nonshared environmental variance,5,4.1275695966637835,4.0434042683558715,3.937113900345924,4.4706890376393105,4,4.1275695966637835,Before the historical event,Event not experienced
0.41999999999999993,0,0,0,Phenotypic variance,5,10.293454594352376,10.244659692974022,9.8187251118108545,10.811125859381036,10.449705320826467,10.293454594352376,Before the historical event,Event not experienced
0.41999999999999993,0,1,0,Additive genetic variance,5,3.962616684551015,3.914660210703684,3.635590263076143,4.4505833745770484,4.1997053208264665,3.962616684551015,Before the historical event,Event experienced
0.41999999999999993,0,1,0,Nuclear-family environmental variance,5,2.2032683131375776,2.3082835380982227,1.8662059639130517,2.458488952062029,2.25,2.2032683131375776,Before the historical event,Event experienced
0.41999999999999993,0,1,0,Nonshared environmental variance,5,4.1275695966637835,4.0434042683558715,3.937113900345924,4.4706890376393105,4,4.1275695966637835,Before the historical event,Event experienced
0.41999999999999993,0,1,0,Phenotypic variance,5,10.293454594352376,10.244659692974022,9.8187251118108545,10.811125859381036,10.449705320826467,10.293454594352376,Before the historical event,Event experienced
0.43999999999999995,0,0,0,Additive genetic variance,5,3.970821706289606,3.9223149507893798,3.646996104848074,4.456668489642084,4.202057814442863,3.970821706289606,Before the historical event,Event not experienced
0.43999999999999995,0,0,0,Nuclear-family environmental variance,5,2.2035797328375626,2.309677945456111,1.869143466389433,2.457411747791605,2.25,2.2035797328375626,Before the historical event,Event not experienced
0.43999999999999995,0,0,0,Nonshared environmental variance,5,4.127502724541045,4.043955870608402,3.9383137537783126,4.469524581078955,4,4.127502724541045,Before the historical event,Event not experienced
0.43999999999999995,0,0,0,Phenotypic variance,5,10.301904163668212,10.252762597952179,9.826372456344311,10.819014215278184,10.452057814442863,10.301904163668212,Before the historical event,Event not experienced
0.43999999999999995,0,1,0,Additive genetic variance,5,3.970821706289606,3.9223149507893798,3.646996104848074,4.456668489642084,4.202057814442863,3.970821706289606,Before the historical event,Event experienced
0.43999999999999995,0,1,0,Nuclear-family environmental variance,5,2.2035797328375626,2.309677945456111,1.869143466389433,2.457411747791605,2.25,2.2035797328375626,Before the historical event,Event experienced
0.43999999999999995,0,1,0,Nonshared environmental variance,5,4.127502724541045,4.043955870608402,3.9383137537783126,4.469524581078955,4,4.127502724541045,Before the historical event,Event experienced
0.43999999999999995,0,1,0,Phenotypic variance,5,10.301904163668212,10.252762597952179,9.826372456344311,10.819014215278184,10.452057814442863,10.301904163668212,Before the historical event,Event experienced
0.45999999999999996,0,0,0,Additive genetic variance,5,3.9783978521502057,3.9294013913722563,3.657860537673179,4.461943438844216,4.203738973778092,3.9783978521502057,Before the historical event,Event not experienced
0.45999999999999996,0,0,0,Nuclear-family environmental variance,5,2.203890711101004,2.3110499199829944,1.8720940328736253,2.456325922196357,2.25,2.203890711101004,Before the historical event,Event not experienced
0.45999999999999996,0,0,0,Nonshared environmental variance,5,4.127415902386835,4.0444974804814615,3.9395020912657714,4.468324094108618,4,4.127415902386835,Before the historical event,Event not experienced
0.45999999999999996,0,0,0,Phenotypic variance,5,10.309704465638045,10.260258673254263,9.833519583836983,10.826068886497508,10.453738973778092,10.309704465638045,Before the historical event,Event not experienced
0.45999999999999996,0,1,0,Additive genetic variance,5,3.9783978521502057,3.9294013913722563,3.657860537673179,4.461943438844216,4.203738973778092,3.9783978521502057,Before the historical event,Event experienced
0.45999999999999996,0,1,0,Nuclear-family environmental variance,5,2.203890711101004,2.3110499199829944,1.8720940328736253,2.456325922196357,2.25,2.203890711101004,Before the historical event,Event experienced
0.45999999999999996,0,1,0,Nonshared environmental variance,5,4.127415902386835,4.0444974804814615,3.9395020912657714,4.468324094108618,4,4.127415902386835,Before the historical event,Event experienced
0.45999999999999996,0,1,0,Phenotypic variance,5,10.309704465638045,10.260258673254263,9.833519583836983,10.826068886497508,10.453738973778092,10.309704465638045,Before the historical event,Event experienced
0.48,0,0,0,Additive genetic variance,5,3.9853414867547325,3.935916400341966,3.668178476346556,4.466405330929001,4.2047479922091675,3.9853414867547325,Before the historical event,Event not experienced
0.48,0,0,0,Nuclear-family environmental variance,5,2.204201249528039,2.3123994207105767,1.8750577096275307,2.455231484337349,2.25,2.204201249528039,Before the historical event,Event not experienced
0.48,0,0,0,Nonshared environmental variance,5,4.127309136280547,4.045029093940218,3.9406789028363054,4.467087606582374,4,4.127309136280547,Before the historical event,Event not experienced
0.48,0,0,0,Phenotypic variance,5,10.31685187256332,10.26714475746742,9.840163743107572,10.832287057208672,10.454747992209168,10.31685187256332,Before the historical event,Event not experienced
0.48,0,1,0,Additive genetic variance,5,3.9853414867547325,3.935916400341966,3.668178476346556,4.466405330929001,4.2047479922091675,3.9853414867547325,Before the historical event,Event experienced
0.48,0,1,0,Nuclear-family environmental variance,5,2.204201249528039,2.3123994207105767,1.8750577096275307,2.455231484337349,2.25,2.204201249528039,Before the historical event,Event experienced
0.48,0,1,0,Nonshared environmental variance,5,4.127309136280547,4.045029093940218,3.9406789028363054,4.467087606582374,4,4.127309136280547,Before the historical event,Event experienced
0.48,0,1,0,Phenotypic variance,5,10.31685187256332,10.26714475746742,9.840163743107572,10.832287057208672,10.454747992209168,10.31685187256332,Before the historical event,Event experienced
0.5,0,0,0,Additive genetic variance,5,3.9916492806234394,3.9418570948062017,3.6779450803718023,4.47005171910233,4.2050843855040965,3.9916492806234394,Before the historical event,Event not experienced
0.5,0,0,0,Nuclear-family environmental variance,5,2.2045113499689797,2.313726407325644,1.8780345431606027,2.4541284434012662,2.25,2.2045113499689797,Before the historical event,Event not experienced
0.5,0,0,0,Nonshared environmental variance,5,4.1271824326514475,4.0455507070239625,3.9418441786205145,4.465815149229353,4,4.1271824326514475,Before the historical event,Event not experienced
0.5,0,0,0,Phenotypic variance,5,10.323343063243867,10.273417939245002,9.846302385541254,10.837666357126295,10.455084385504097,10.323343063243867,Before the historical event,Event not experienced
0.5,0,1,0,Additive genetic variance,5,3.9916492806234394,3.9418570948062017,3.6779450803718023,4.47005171910233,4.2050843855040965,3.9916492806234394,Before the historical event,Event experienced
0.5,0,1,0,Nuclear-family environmental variance,5,2.2045113499689797,2.313726407325644,1.8780345431606027,2.4541284434012662,2.25,2.2045113499689797,Before the historical event,Event experienced
0.5,0,1,0,Nonshared environmental variance,5,4.1271824326514475,4.0455507070239625,3.9418441786205145,4.465815149229353,4,4.1271824326514475,Before the historical event,Event experienced
0.5,0,1,0,Phenotypic variance,5,10.323343063243867,10.273417939245002,9.846302385541254,10.837666357126295,10.455084385504097,10.323343063243867,Before the historical event,Event experienced
0.52,0,0,0,Additive genetic variance,5,3.9973182128651263,3.9472208432166918,3.6871557577493443,4.472880603266711,4.2047479922091675,3.9973182128651263,Before the historical event,Event not experienced
0.52,0,0,0,Nuclear-family environmental variance,5,2.204821014524903,2.3150308401720685,1.881024580231042,2.453016808700158,2.25,2.204821014524903,Before the historical event,Event not experienced
0.52,0,0,0,Nonshared environmental variance,5,4.127035798278369,4.046062315846156,3.9429979088517295,4.464506753652464,4,4.127035798278369,Before the historical event,Event not experienced
0.52,0,0,0,Phenotypic variance,5,10.329175025668398,10.279075559434325,9.85193316686125,10.842204863746124,10.454747992209168,10.329175025668398,Before the historical event,Event not experienced
0.52,0,1,0,Additive genetic variance,5,3.9973182128651263,3.9472208432166918,3.6871557577493443,4.472880603266711,4.2047479922091675,3.9973182128651263,Before the historical event,Event experienced
0.52,0,1,0,Nuclear-family environmental variance,5,2.204821014524903,2.3150308401720685,1.881024580231042,2.453016808700158,2.25,2.204821014524903,Before the historical event,Event experienced
0.52,0,1,0,Nonshared environmental variance,5,4.127035798278369,4.046062315846156,3.9429979088517295,4.464506753652464,4,4.127035798278369,Before the historical event,Event experienced
0.52,0,1,0,Phenotypic variance,5,10.329175025668398,10.279075559434325,9.85193316686125,10.842204863746124,10.454747992209168,10.329175025668398,Before the historical event,Event experienced
0.54,0,0,0,Additive genetic variance,5,4.002345573614392,3.952005267311906,3.6958061685782444,4.474890431849753,4.203738973778092,4.002345573614392,Before the historical event,Event not experienced
0.54,0,0,0,Nuclear-family environmental variance,5,2.205130245548234,2.316312680252789,1.884027867847003,2.45189658967117,2.25,2.205130245548234,Before the historical event,Event not experienced
0.54,0,0,0,Nonshared environmental variance,5,4.126869240289407,4.046563916594472,3.9441400838661482,4.4631624523270945,4,4.126869240289407,Before the historical event,Event not experienced
0.54,0,0,0,Phenotypic variance,5,10.334345059452032,10.2841152130211,9.857053948762262,10.84590110417344,10.453738973778092,10.334345059452032,Before the historical event,Event not experienced
0.54,0,1,0,Additive genetic variance,5,4.002345573614392,3.952005267311906,3.6958061685782444,4.474890431849753,4.203738973778092,4.002345573614392,Before the historical event,Event experienced
0.54,0,1,0,Nuclear-family environmental variance,5,2.205130245548234,2.316312680252789,1.884027867847003,2.45189658967117,2.25,2.205130245548234,Before the historical event,Event experienced
0.54,0,1,0,Nonshared environmental variance,5,4.126869240289407,4.046563916594472,3.9441400838661482,4.4631624523270945,4,4.126869240289407,Before the historical event,Event experienced
0.54,0,1,0,Phenotypic variance,5,10.334345059452032,10.2841152130211,9.857053948762262,10.84590110417344,10.453738973778092,10.334345059452032,Before the historical event,Event experienced
0.56,0,0,0,Additive genetic variance,5,4.006728966213137,3.9562082438744834,3.7038922284675295,4.476080103222532,4.202057814442863,4.006728966213137,Before the historical event,Event not experienced
0.56,0,0,0,Nuclear-family environmental variance,5,2.205439045643322,2.3175718892317487,1.8870444532678072,2.450767795876283,2.25,2.205439045643322,Before the historical event,Event not experienced
0.56,0,0,0,Nonshared environmental variance,5,4.126682766161588,4.04705550553085,3.9452706941029643,4.461782278599756,4,4.126682766161588,Before the historical event,Event not experienced
0.56,0,0,0,Phenotypic variance,5,10.338850778018047,10.288534750888562,9.86166280040418,10.848754056541244,10.452057814442863,10.338850778018047,Before the historical event,Event not experienced
0.56,0,1,0,Additive genetic variance,5,4.006728966213137,3.9562082438744834,3.7038922284675295,4.476080103222532,4.202057814442863,4.006728966213137,Before the historical event,Event experienced
0.56,0,1,0,Nuclear-family environmental variance,5,2.205439045643322,2.3175718892317487,1.8870444532678072,2.450767795876283,2.25,2.205439045643322,Before the historical event,Event experienced
0.56,0,1,0,Nonshared environmental variance,5,4.126682766161588,4.04705550553085,3.9452706941029643,4.461782278599756,4,4.126682766161588,Before the historical event,Event experienced
0.56,0,1,0,Phenotypic variance,5,10.338850778018047,10.288534750888562,9.86166280040418,10.848754056541244,10.452057814442863,10.338850778018047,Before the historical event,Event experienced
0.5800000000000001,0,0,0,Additive genetic variance,5,4.010466309133852,3.95982790630153,3.711410111753276,4.476448966705978,4.1997053208264665,4.010466309133852,Before the historical event,Event not experienced
0.5800000000000001,0,0,0,Nuclear-family environmental variance,5,2.205747417667018,2.31880842943581,1.8900743840051626,2.449630437002037,2.25,2.205747417667018,Before the historical event,Event not experienced
0.5800000000000001,0,0,0,Nonshared environmental variance,5,4.126476383720544,4.0475370789915415,3.9463897301045048,4.460366266686712,4,4.126476383720544,Before the historical event,Event not experienced
0.5800000000000001,0,0,0,Phenotypic variance,5,10.342690110521414,10.292332281389431,9.86575799976459,10.850763151016514,10.449705320826467,10.342690110521414,Before the historical event,Event not experienced
0.5800000000000001,0,1,0,Additive genetic variance,5,4.010466309133852,3.95982790630153,3.711410111753276,4.476448966705978,4.1997053208264665,4.010466309133852,Before the historical event,Event experienced
0.5800000000000001,0,1,0,Nuclear-family environmental variance,5,2.205747417667018,2.31880842943581,1.8900743840051626,2.449630437002037,2.25,2.205747417667018,Before the historical event,Event experienced
0.5800000000000001,0,1,0,Nonshared environmental variance,5,4.126476383720544,4.0475370789915415,3.9463897301045048,4.460366266686712,4,4.126476383720544,Before the historical event,Event experienced
0.5800000000000001,0,1,0,Phenotypic variance,5,10.342690110521414,10.292332281389431,9.86575799976459,10.850763151016514,10.449705320826467,10.342690110521414,Before the historical event,Event experienced
0.6000000000000001,0,0,0,Additive genetic variance,5,4.0135558376424765,3.962862645986195,3.7183562545179156,4.475996823164038,4.196682621297882,4.0135558376424765,Before the historical event,Event not experienced
0.6000000000000001,0,0,0,Nuclear-family environmental variance,5,2.206055364729241,2.3200222638566292,1.893117707824392,2.4484845228592684,2.25,2.206055364729241,Before the historical event,Event not experienced
0.6000000000000001,0,0,0,Nonshared environmental variance,5,4.126250101140153,4.048008633387149,3.9474971825163543,4.45891445167256,4,4.126250101140153,Before the historical event,Event not experienced
0.6000000000000001,0,0,0,Phenotypic variance,5,10.345861303511871,10.295506171729105,9.869338034848752,10.851928270393127,10.446682621297882,10.345861303511871,Before the historical event,Event not experienced
0.6000000000000001,0,1,0,Additive genetic variance,5,4.0135558376424765,3.962862645986195,3.7183562545179156,4.475996823164038,4.196682621297882,4.0135558376424765,Before the historical event,Event experienced
0.6000000000000001,0,1,0,Nuclear-family environmental variance,5,2.206055364729241,2.3200222638566292,1.893117707824392,2.4484845228592684,2.25,2.206055364729241,Before the historical event,Event experienced
0.6000000000000001,0,1,0,Nonshared environmental variance,5,4.126250101140153,4.048008633387149,3.9474971825163543,4.45891445167256,4,4.126250101140153,Before the historical event,Event experienced
0.6000000000000001,0,1,0,Phenotypic variance,5,10.345861303511871,10.295506171729105,9.869338034848752,10.851928270393127,10.446682621297882,10.345861303511871,Before the historical event,Event experienced
0.6200000000000001,0,0,0,Additive genetic variance,5,4.015996105198998,3.9653111135090753,3.724727357408413,4.47472392518283,4.192991165070102,4.015996105198998,Before the historical event,Event not experienced
0.6200000000000001,0,0,0,Nuclear-family environmental variance,5,2.2063628901935433,2.321213356152506,1.8961744727456675,2.44733006338283,2.25,2.2063628901935433,Before the historical event,Event not experienced
0.6200000000000001,0,0,0,Nonshared environmental variance,5,4.126003926942193,4.04847016520268,3.9485930420874835,4.457426869508772,4,4.126003926942193,Before the historical event,Event not experienced
0.6200000000000001,0,0,0,Phenotypic variance,5,10.348362922334735,10.298055049158654,9.872401604755842,10.85224975027084,10.4429911650701,10.348362922334735,Before the historical event,Event not experienced
0.6200000000000001,0,1,0,Additive genetic variance,5,4.015996105198998,3.9653111135090753,3.724727357408413,4.47472392518283,4.192991165070102,4.015996105198998,Before the historical event,Event experienced
0.6200000000000001,0,1,0,Nuclear-family environmental variance,5,2.2063628901935433,2.321213356152506,1.8961744727456675,2.44733006338283,2.25,2.2063628901935433,Before the historical event,Event experienced
0.6200000000000001,0,1,0,Nonshared environmental variance,5,4.126003926942193,4.04847016520268,3.9485930420874835,4.457426869508772,4,4.126003926942193,Before the historical event,Event experienced
0.6200000000000001,0,1,0,Phenotypic variance,5,10.348362922334735,10.298055049158654,9.872401604755842,10.85224975027084,10.4429911650701,10.348362922334735,Before the historical event,Event experienced
0.6400000000000001,0,0,0,Additive genetic variance,5,4.01778598459417,3.9671722196382047,3.7305203882501914,4.472630976835589,4.188632721042165,4.01778598459417,Before the historical event,Event not experienced
0.6400000000000001,0,0,0,Nuclear-family environmental variance,5,2.2066699976776722,2.3223816706501936,1.8992447270452557,2.44616706863132,2.25,2.2066699976776722,Before the historical event,Event not experienced
0.6400000000000001,0,0,0,Nonshared environmental variance,5,4.125737869995962,4.048921670997584,3.949677299670379,4.455903557012229,4,4.125737869995962,Before the historical event,Event not experienced
0.6400000000000001,0,0,0,Phenotypic variance,5,10.350193852267804,10.299977801976363,9.874947620600423,10.85172837881994,10.438632721042165,10.350193852267804,Before the historical event,Event not experienced
0.6400000000000001,0,1,0,Additive genetic variance,5,4.01778598459417,3.9671722196382047,3.7305203882501914,4.472630976835589,4.188632721042165,4.01778598459417,Before the historical event,Event experienced
0.6400000000000001,0,1,0,Nuclear-family environmental variance,5,2.2066699976776722,2.3223816706501936,1.8992447270452557,2.44616706863132,2.25,2.2066699976776722,Before the historical event,Event experienced
0.6400000000000001,0,1,0,Nonshared environmental variance,5,4.125737869995962,4.048921670997584,3.949677299670379,4.455903557012229,4,4.125737869995962,Before the historical event,Event experienced
0.6400000000000001,0,1,0,Phenotypic variance,5,10.350193852267804,10.299977801976363,9.874947620600423,10.85172837881994,10.438632721042165,10.350193852267804,Before the historical event,Event experienced
0.6600000000000001,0,0,0,Additive genetic variance,5,4.018924668821136,3.9684451361366246,3.7357325844539195,4.469719133033683,4.183609376386509,4.018924668821136,Before the historical event,Event not experienced
0.6600000000000001,0,0,0,Nuclear-family environmental variance,5,2.206976691054124,2.3235271723466835,1.9023285192567656,2.4449955487868014,2.25,2.206976691054124,Before the historical event,Event not experienced
0.6600000000000001,0,0,0,Nonshared environmental variance,5,4.125451939517904,4.049363147405798,3.9507499462211655,4.454344551863681,4,4.125451939517904,Before the historical event,Event not experienced
0.6600000000000001,0,0,0,Phenotypic variance,5,10.351353299393166,10.30127358033681,9.876975206288206,10.85036539613202,10.43360937638651,10.351353299393166,Before the historical event,Event not experienced
0.6600000000000001,0,1,0,Additive genetic variance,5,4.018924668821136,3.9684451361366246,3.7357325844539195,4.469719133033683,4.183609376386509,4.018924668821136,Before the historical event,Event experienced
0.6600000000000001,0,1,0,Nuclear-family environmental variance,5,2.206976691054124,2.3235271723466835,1.9023285192567656,2.4449955487868014,2.25,2.206976691054124,Before the historical event,Event experienced
0.6600000000000001,0,1,0,Nonshared environmental variance,5,4.125451939517904,4.049363147405798,3.9507499462211655,4.454344551863681,4,4.125451939517904,Before the historical event,Event experienced
0.6600000000000001,0,1,0,Phenotypic variance,5,10.351353299393166,10.30127358033681,9.876975206288206,10.85036539613202,10.43360937638651,10.351353299393166,Before the historical event,Event experienced
0.6800000000000002,0,0,0,Additive genetic variance,5,4.019411671680979,3.96912929637665,3.7403614552124607,4.465989998464548,4.177923534883223,4.019411671680979,Before the historical event,Event not experienced
0.6800000000000002,0,0,0,Nuclear-family environmental variance,5,2.2072829744506954,2.3246498269109477,1.9054258981724084,2.443815514154521,2.25,2.2072829744506954,Before the historical event,Event not experienced
0.6800000000000002,0,0,0,Nonshared environmental variance,5,4.125146145071211,4.049794591135786,3.951810972799729,4.452749892606197,4,4.125146145071211,Before the historical event,Event not experienced
0.6800000000000002,0,0,0,Phenotypic variance,5,10.351840791202886,10.301941796866618,9.8784836991453009,10.848162493157584,10.427923534883224,10.351840791202886,Before the historical event,Event not experienced
0.6800000000000002,0,1,0,Additive genetic variance,5,4.019411671680979,3.96912929637665,3.7403614552124607,4.465989998464548,4.177923534883223,4.019411671680979,Before the historical event,Event experienced
0.6800000000000002,0,1,0,Nuclear-family environmental variance,5,2.2072829744506954,2.3246498269109477,1.9054258981724084,2.443815514154521,2.25,2.2072829744506954,Before the historical event,Event experienced
0.6800000000000002,0,1,0,Nonshared environmental variance,5,4.125146145071211,4.049794591135786,3.951810972799729,4.452749892606197,4,4.125146145071211,Before the historical event,Event experienced
0.6800000000000002,0,1,0,Phenotypic variance,5,10.351840791202886,10.301941796866618,9.8784836991453009,10.848162493157584,10.427923534883224,10.351840791202886,Before the historical event,Event experienced
0.7000000000000002,0,0,0,Additive genetic variance,5,4.019246828121583,3.9692243957602384,3.744404783485561,4.461445626117924,4.171577915003053,4.019246828121583,Before the historical event,Event not experienced
0.7000000000000002,0,0,0,Nuclear-family environmental variance,5,2.2075888522510296,2.3257496006856595,1.908536912844263,2.442626975162631,2.25,2.2075888522510296,Before the historical event,Event not experienced
0.7000000000000002,0,0,0,Nonshared environmental variance,5,4.124820496565418,4.050215998970583,3.95286037056984,4.451119618643578,4,4.124820496565418,Before the historical event,Event not experienced
0.7000000000000002,0,0,0,Phenotypic variance,5,10.35165617693803,10.30198212708626,9.87947265040041,10.845121810231973,10.421577915003052,10.35165617693803,Before the historical event,Event not experienced
0.7000000000000002,0,1,0,Additive genetic variance,5,4.019246828121583,3.9692243957602384,3.744404783485561,4.461445626117924,4.171577915003053,4.019246828121583,Before the historical event,Event experienced
0.7000000000000002,0,1,0,Nuclear-family environmental variance,5,2.2075888522510296,2.3257496006856595,1.908536912844263,2.442626975162631,2.25,2.2075888522510296,Before the historical event,Event experienced
0.7000000000000002,0,1,0,Nonshared environmental variance,5,4.124820496565418,4.050215998970583,3.95286037056984,4.451119618643578,4,4.124820496565418,Before the historical event,Event experienced
0.7000000000000002,0,1,0,Phenotypic variance,5,10.35165617693803,10.30198212708626,9.87947265040041,10.845121810231973,10.421577915003052,10.35165617693803,Before the historical event,Event experienced
0.7200000000000002,0,0,0,Additive genetic variance,5,4.01843029430947,3.9687303919450003,3.7478606277700486,4.4560885154022545,4.164575547741305,4.01843029430947,Before the historical event,Event not experienced
0.7200000000000002,0,0,0,Nuclear-family environmental variance,5,2.207894329095157,2.32682646068887,1.9116616125855501,2.441429942361898,2.25,2.207894329095157,Before the historical event,Event not experienced
0.7200000000000002,0,0,0,Nonshared environmental variance,5,4.1244750042559915,4.050627367767836,3.9538981307992747,4.449453770238731,4,4.1244750042559915,Before the historical event,Event not experienced
0.7200000000000002,0,0,0,Phenotypic variance,5,10.350799627660617,10.301394509637472,9.879941825519358,10.841245935191397,10.414575547741304,10.350799627660617,Before the historical event,Event not experienced
0.7200000000000002,0,1,0,Additive genetic variance,5,4.01843029430947,3.9687303919450003,3.7478606277700486,4.4560885154022545,4.164575547741305,4.01843029430947,Before the historical event,Event experienced
0.7200000000000002,0,1,0,Nuclear-family environmental variance,5,2.207894329095157,2.32682646068887,1.9116616125855501,2.441429942361898,2.25,2.207894329095157,Before the historical event,Event experienced
0.7200000000000002,0,1,0,Nonshared environmental variance,5,4.1244750042559915,4.050627367767836,3.9538981307992747,4.449453770238731,4,4.1244750042559915,Before the historical event,Event experienced
0.7200000000000002,0,1,0,Phenotypic variance,5,10.350799627660617,10.301394509637472,9.879941825519358,10.841245935191397,10.414575547741304,10.350799627660617,Before the historical event,Event experienced
0.7400000000000002,0,0,0,Additive genetic variance,5,4.016962547434623,3.9676475048756075,3.7507273236535585,4.449921609853715,4.156919774205063,4.016962547434623,Before the historical event,Event not experienced
0.7400000000000002,0,0,0,Nuclear-family environmental variance,5,2.208199409880033,2.3278803746156598,1.9148000469719133,2.44022442642542,2.25,2.208199409880033,Before the historical event,Event not experienced
0.7400000000000002,0,0,0,Nonshared environmental variance,5,4.124109678743897,4.051028694459837,3.9549242448599284,4.447752388512002,4,4.124109678743897,Before the historical event,Event not experienced
0.7400000000000002,0,0,0,Phenotypic variance,5,10.349271636058553,10.30017914631603,9.879891204391669,10.836537901081579,10.406919774205063,10.349271636058553,Before the historical event,Event not experienced
0.7400000000000002,0,1,0,Additive genetic variance,5,4.016962547434623,3.9676475048756075,3.7507273236535585,4.449921609853715,4.156919774205063,4.016962547434623,Before the historical event,Event experienced
0.7400000000000002,0,1,0,Nuclear-family environmental variance,5,2.208199409880033,2.3278803746156598,1.9148000469719133,2.44022442642542,2.25,2.208199409880033,Before the historical event,Event experienced
0.7400000000000002,0,1,0,Nonshared environmental variance,5,4.124109678743897,4.051028694459837,3.9549242448599284,4.447752388512002,4,4.124109678743897,Before the historical event,Event experienced
0.7400000000000002,0,1,0,Phenotypic variance,5,10.349271636058553,10.30017914631603,9.879891204391669,10.836537901081579,10.406919774205063,10.349271636058553,Before the historical event,Event experienced
0.7600000000000002,0,0,0,Additive genetic variance,5,4.014844385248594,3.965976216620604,3.7530034851500655,4.442948294440743,4.148614242956412,4.014844385248594,Before the historical event,Event not experienced
0.7600000000000002,0,0,0,Nuclear-family environmental variance,5,2.208504099760071,2.3276226546457894,1.9179522658427086,2.4391393037677314,2.25,2.208504099760071,Before the historical event,Event not experienced
0.7600000000000002,0,0,0,Nonshared environmental variance,5,4.123724530975163,4.051419976053563,3.9559387042279397,4.446015515439487,4,4.123724530975163,Before the historical event,Event not experienced
0.7600000000000002,0,0,0,Phenotypic variance,5,10.347073015983828,10.298336501909898,9.879320981368993,10.831001183461902,10.398614242956413,10.347073015983828,Before the historical event,Event not experienced
0.7600000000000002,0,1,0,Additive genetic variance,5,4.014844385248594,3.965976216620604,3.7530034851500655,4.442948294440743,4.148614242956412,4.014844385248594,Before the historical event,Event experienced
0.7600000000000002,0,1,0,Nuclear-family environmental variance,5,2.208504099760071,2.3276226546457894,1.9179522658427086,2.4391393037677314,2.25,2.208504099760071,Before the historical event,Event experienced
0.7600000000000002,0,1,0,Nonshared environmental variance,5,4.123724530975163,4.051419976053563,3.9559387042279397,4.446015515439487,4,4.123724530975163,Before the historical event,Event experienced
0.7600000000000002,0,1,0,Phenotypic variance,5,10.347073015983828,10.298336501909898,9.879320981368993,10.831001183461902,10.398614242956413,10.347073015983828,Before the historical event,Event experienced
0.7800000000000002,0,0,0,Additive genetic variance,5,4.01207692533651,3.963717271014744,3.754688005815697,4.435172392467604,4.139662907114614,4.01207692533651,Before the historical event,Event not experienced
0.7800000000000002,0,0,0,Nuclear-family environmental variance,5,2.2088084041476668,2.3253019377458446,1.9211183193023014,2.438249718514455,2.25,2.2088084041476668,Before the historical event,Event not experienced
0.7800000000000002,0,0,0,Nonshared environmental variance,5,4.123319572240428,4.051801209630722,3.9569415004838007,4.4442431938513085,4,4.123319572240428,Before the historical event,Event not experienced
0.7800000000000002,0,0,0,Phenotypic variance,5,10.344204901724604,10.295867303842838,9.878231565155291,10.824639697308504,10.389662907114614,10.344204901724604,Before the historical event,Event not experienced
0.7800000000000002,0,1,0,Additive genetic variance,5,4.01207692533651,3.963717271014744,3.754688005815697,4.435172392467604,4.139662907114614,4.01207692533651,Before the historical event,Event experienced
0.7800000000000002,0,1,0,Nuclear-family environmental variance,5,2.2088084041476668,2.3253019377458446,1.9211183193023014,2.438249718514455,2.25,2.2088084041476668,Before the historical event,Event experienced
0.7800000000000002,0,1,0,Nonshared environmental variance,5,4.123319572240428,4.051801209630722,3.9569415004838007,4.4442431938513085,4,4.123319572240428,Before the historical event,Event experienced
0.7800000000000002,0,1,0,Phenotypic variance,5,10.344204901724604,10.295867303842838,9.878231565155291,10.824639697308504,10.389662907114614,10.344204901724604,Before the historical event,Event experienced
0.8000000000000003,0,0,0,Additive genetic variance,5,4.008661604123937,3.960871673107267,3.7557800596435946,4.426598162080899,4.130070021220473,4.008661604123937,Before the historical event,Event not experienced
0.8000000000000003,0,0,0,Nuclear-family environmental variance,5,2.209112328713724,2.3229885825554057,1.9242982577213723,2.4373486428135447,2.25,2.209112328713724,Before the historical event,Event not experienced
0.8000000000000003,0,0,0,Nonshared environmental variance,5,4.1228948141744794,4.052172392347774,3.957932625312472,4.442435467429837,4,4.1228948141744794,Before the historical event,Event not experienced
0.8000000000000003,0,0,0,Phenotypic variance,5,10.34066874701214,10.292772541623968,9.876623578548868,10.817457793520354,10.380070021220472,10.34066874701214,Before the historical event,Event not experienced
0.8000000000000003,0,1,0,Additive genetic variance,5,4.008661604123937,3.960871673107267,3.7557800596435946,4.426598162080899,4.130070021220473,4.008661604123937,Before the historical event,Event experienced
0.8000000000000003,0,1,0,Nuclear-family environmental variance,5,2.209112328713724,2.3229885825554057,1.9242982577213723,2.4373486428135447,2.25,2.209112328713724,Before the historical event,Event experienced
0.8000000000000003,0,1,0,Nonshared environmental variance,5,4.1228948141744794,4.052172392347774,3.957932625312472,4.442435467429837,4,4.1228948141744794,Before the historical event,Event experienced
0.8000000000000003,0,1,0,Phenotypic variance,5,10.34066874701214,10.292772541623968,9.876623578548868,10.817457793520354,10.380070021220472,10.34066874701214,Before the historical event,Event experienced
0.8200000000000003,0,0,0,Additive genetic variance,5,4.004600175619819,3.95744068841665,3.754715728607053,4.417230292383501,4.119840137866362,4.004600175619819,Before the historical event,Event not experienced
0.8200000000000003,0,0,0,Nuclear-family environmental variance,5,2.2094158793881724,2.3206825717016772,1.9274921317382305,2.4364360866036785,2.25,2.2094158793881724,Before the historical event,Event not experienced
0.8200000000000003,0,0,0,Nonshared environmental variance,5,4.122450268755784,4.052533521435981,3.958912070503498,4.440592380707908,4,4.122450268755784,Before the historical event,Event not experienced
0.8200000000000003,0,0,0,Phenotypic variance,5,10.336466323763775,10.289053466103713,9.874497858036491,10.809460255032686,10.369840137866362,10.336466323763775,Before the historical event,Event not experienced
0.8200000000000003,0,1,0,Additive genetic variance,5,4.004600175619819,3.95744068841665,3.754715728607053,4.417230292383501,4.119840137866362,4.004600175619819,Before the historical event,Event experienced
0.8200000000000003,0,1,0,Nuclear-family environmental variance,5,2.2094158793881724,2.3206825717016772,1.9274921317382305,2.4364360866036785,2.25,2.2094158793881724,Before the historical event,Event experienced
0.8200000000000003,0,1,0,Nonshared environmental variance,5,4.122450268755784,4.052533521435981,3.958912070503498,4.440592380707908,4,4.122450268755784,Before the historical event,Event experienced
0.8200000000000003,0,1,0,Phenotypic variance,5,10.336466323763775,10.289053466103713,9.874497858036491,10.809460255032686,10.369840137866362,10.336466323763775,Before the historical event,Event experienced
0.8399999999999999,0,0,0,Additive genetic variance,5,3.9998947098970725,3.9534258419926402,3.751599379222574,4.407073899160905,4.10897810409564,3.9998947098970725,Before the historical event,Event not experienced
0.8399999999999999,0,0,0,Nuclear-family environmental variance,5,2.2097190623604774,2.3183838878769802,1.9306999922601338,2.4355120600063582,2.25,2.2097190623604774,Before the historical event,Event not experienced
0.8399999999999999,0,0,0,Nonshared environmental variance,5,4.121985948305995,4.052884594201432,3.9598798279511116,4.43871397906698,4,4.121985948305995,Before the historical event,Event not experienced
0.8399999999999999,0,0,0,Phenotypic variance,5,10.331599720563545,10.284711588537018,9.871855453239942,10.800652292542852,10.358978104095641,10.331599720563545,Before the historical event,Event not experienced
0.8399999999999999,0,1,0,Additive genetic variance,5,3.9998947098970725,3.9534258419926402,3.751599379222574,4.407073899160905,4.10897810409564,3.9998947098970725,Before the historical event,Event experienced
0.8399999999999999,0,1,0,Nuclear-family environmental variance,5,2.2097190623604774,2.3183838878769802,1.9306999922601338,2.4355120600063582,2.25,2.2097190623604774,Before the historical event,Event experienced
0.8399999999999999,0,1,0,Nonshared environmental variance,5,4.121985948305995,4.052884594201432,3.9598798279511116,4.43871397906698,4,4.121985948305995,Before the historical event,Event experienced
0.8399999999999999,0,1,0,Phenotypic variance,5,10.331599720563545,10.284711588537018,9.871855453239942,10.800652292542852,10.358978104095641,10.331599720563545,Before the historical event,Event experienced
0.8599999999999999,0,0,0,Additive genetic variance,5,3.9945475913126733,3.948828917286517,3.7479697778209067,4.396134520225395,4.097489057575476,3.9945475913126733,Before the historical event,Event not experienced
0.8599999999999999,0,0,0,Nuclear-family environmental variance,5,2.210021884080153,2.3160925138385418,1.9339218904646196,2.4345765733257743,2.25,2.210021884080153,Before the historical event,Event not experienced
0.8599999999999999,0,0,0,Nonshared environmental variance,5,4.121501865489465,4.053225608025078,3.96083588965435,4.436800308735273,4,4.121501865489465,Before the historical event,Event not experienced
0.8599999999999999,0,0,0,Phenotypic variance,5,10.326071340882292,10.279748679454766,9.868697626215537,10.79103953985395,10.347489057575476,10.326071340882292,Before the historical event,Event not experienced
0.8599999999999999,0,1,0,Additive genetic variance,5,3.9945475913126733,3.948828917286517,3.7479697778209067,4.396134520225395,4.097489057575476,3.9945475913126733,Before the historical event,Event experienced
0.8599999999999999,0,1,0,Nuclear-family environmental variance,5,2.210021884080153,2.3160925138385418,1.9339218904646196,2.4345765733257743,2.25,2.210021884080153,Before the historical event,Event experienced
0.8599999999999999,0,1,0,Nonshared environmental variance,5,4.121501865489465,4.053225608025078,3.96083588965435,4.436800308735273,4,4.121501865489465,Before the historical event,Event experienced
0.8599999999999999,0,1,0,Phenotypic variance,5,10.326071340882292,10.279748679454766,9.868697626215537,10.79103953985395,10.347489057575476,10.326071340882292,Before the historical event,Event experienced
0.8799999999999999,0,0,0,Additive genetic variance,5,3.9885615164694213,3.943651954830777,3.7438283944412936,4.3844181103840265,4.085378422547272,3.9885615164694213,Before the historical event,Event not experienced
0.8799999999999999,0,0,0,Nuclear-family environmental variance,5,2.2103243512572632,2.313808432408278,1.9371578778008407,2.433629637048664,2.25,2.2103243512572632,Before the historical event,Event not experienced
0.8799999999999999,0,0,0,Nonshared environmental variance,5,4.120998033312734,4.053556560362769,3.9617802477171598,4.434851416785869,4,4.120998033312734,Before the historical event,Event not experienced
0.8799999999999999,0,0,0,Phenotypic variance,5,10.319883901039418,10.274166767344555,9.865025850607266,10.780628048842239,10.335378422547272,10.319883901039418,Before the historical event,Event not experienced
0.8799999999999999,0,1,0,Additive genetic variance,5,3.9885615164694213,3.943651954830777,3.7438283944412936,4.3844181103840265,4.085378422547272,3.9885615164694213,Before the historical event,Event experienced
0.8799999999999999,0,1,0,Nuclear-family environmental variance,5,2.2103243512572632,2.313808432408278,1.9371578778008407,2.433629637048664,2.25,2.2103243512572632,Before the historical event,Event experienced
0.8799999999999999,0,1,0,Nonshared environmental variance,5,4.120998033312734,4.053556560362769,3.9617802477171598,4.434851416785869,4,4.120998033312734,Before the historical event,Event experienced
0.8799999999999999,0,1,0,Phenotypic variance,5,10.319883901039418,10.274166767344555,9.865025850607266,10.780628048842239,10.335378422547272,10.319883901039418,Before the historical event,Event experienced
0.8999999999999999,0,0,0,Additive genetic variance,5,3.9819394919218336,3.93789725072958,3.73917690947391,4.3719310360367585,4.072651905559175,3.9819394919218336,Before the historical event,Event not experienced
0.8999999999999999,0,0,0,Nuclear-family environmental variance,5,2.2106264708629206,2.3115316264725814,1.9404080059909126,2.4326712618441664,2.25,2.2106264708629206,Before the historical event,Event not experienced
0.8999999999999999,0,0,0,Nonshared environmental variance,5,4.12047446512401,4.0538774487452836,3.9627128943484973,4.4328673511347745,4,4.12047446512401,Before the historical event,Event not experienced
0.8999999999999999,0,0,0,Phenotypic variance,5,10.313040427908765,10.26796813714222,9.86084181065433,10.769424284054686,10.322651905559175,10.313040427908765,Before the historical event,Event not experienced
0.8999999999999999,0,1,0,Additive genetic variance,5,3.9819394919218336,3.93789725072958,3.73917690947391,4.3719310360367585,4.072651905559175,3.9819394919218336,Before the historical event,Event experienced
0.8999999999999999,0,1,0,Nuclear-family environmental variance,5,2.2106264708629206,2.3115316264725814,1.9404080059909126,2.4326712618441664,2.25,2.2106264708629206,Before the historical event,Event experienced
0.8999999999999999,0,1,0,Nonshared environmental variance,5,4.12047446512401,4.0538774487452836,3.9627128943484973,4.4328673511347745,4,4.12047446512401,Before the historical event,Event experienced
0.8999999999999999,0,1,0,Phenotypic variance,5,10.313040427908765,10.26796813714222,9.86084181065433,10.769424284054686,10.322651905559175,10.313040427908765,Before the historical event,Event experienced
0.9199999999999999,0,0,0,Additive genetic variance,5,3.9746848316289376,3.931567354961559,3.7340172125226267,4.3586800694116485,4.059315490985379,3.9746848316289376,Before the historical event,Event not experienced
0.9199999999999999,0,0,0,Nuclear-family environmental variance,5,2.2109282501297827,2.3092620789821092,1.943672327031265,2.4317014585636683,2.25,2.2109282501297827,Before the historical event,Event not experienced
0.9199999999999999,0,0,0,Nonshared environmental variance,5,4.119931174612644,4.054188270778354,3.9636338218624436,4.430848160538956,4,4.119931174612644,Before the historical event,Event not experienced
0.9199999999999999,0,0,0,Phenotypic variance,5,10.305544256371364,10.261155328535663,9.856147400054034,10.757435116943558,10.30931549098538,10.305544256371364,Before the historical event,Event not experienced
0.9199999999999999,0,1,0,Additive genetic variance,5,3.9746848316289376,3.931567354961559,3.7340172125226267,4.3586800694116485,4.059315490985379,3.9746848316289376,Before the historical event,Event experienced
0.9199999999999999,0,1,0,Nuclear-family environmental variance,5,2.2109282501297827,2.3092620789821092,1.943672327031265,2.4317014585636683,2.25,2.2109282501297827,Before the historical event,Event experienced
0.9199999999999999,0,1,0,Nonshared environmental variance,5,4.119931174612644,4.054188270778354,3.9636338218624436,4.430848160538956,4,4.119931174612644,Before the historical event,Event experienced
0.9199999999999999,0,1,0,Phenotypic variance,5,10.305544256371364,10.261155328535663,9.856147400054034,10.757435116943558,10.30931549098538,10.305544256371364,Before the historical event,Event experienced
0.94,0,0,0,Additive genetic variance,5,3.966801154157012,3.924665069496719,3.728351401124219,4.344672382444381,4.045375436337134,3.966801154157012,Before the historical event,Event not experienced
0.94,0,0,0,Nuclear-family environmental variance,5,2.2112296965525395,2.3069997729515723,1.9469508931940083,2.430720238240649,2.25,2.2112296965525395,Before the historical event,Event not experienced
0.94,0,0,0,Nonshared environmental variance,5,4.119368175808583,4.054489024142705,3.9645430226783005,4.428793894594337,4,4.119368175808583,Before the historical event,Event not experienced
0.94,0,0,0,Phenotypic variance,5,10.297399026518134,10.253731134082757,9.850944720681124,10.74466781974531,10.295375436337135,10.297399026518134,Before the historical event,Event not experienced
0.94,0,1,0,Additive genetic variance,5,3.966801154157012,3.924665069496719,3.728351401124219,4.344672382444381,4.045375436337134,3.966801154157012,Before the historical event,Event experienced
0.94,0,1,0,Nuclear-family environmental variance,5,2.2112296965525395,2.3069997729515723,1.9469508931940083,2.430720238240649,2.25,2.2112296965525395,Before the historical event,Event experienced
0.94,0,1,0,Nonshared environmental variance,5,4.119368175808583,4.054489024142705,3.9645430226783005,4.428793894594337,4,4.119368175808583,Before the historical event,Event experienced
0.94,0,1,0,Phenotypic variance,5,10.297399026518134,10.253731134082757,9.850944720681124,10.74466781974531,10.295375436337135,10.297399026518134,Before the historical event,Event experienced
0.96,0,0,0,Additive genetic variance,5,3.9582923796356093,3.917193446229376,3.7221817793252017,4.329915540309888,4.0308382673706,3.9582923796356093,Before the historical event,Event not experienced
0.96,0,0,0,Nuclear-family environmental variance,5,2.2115308178883986,2.3047446914595233,1.950243757028299,2.429727612090514,2.25,2.2115308178883986,Before the historical event,Event not experienced
0.96,0,0,0,Nonshared environmental variance,5,4.118785483081824,4.054779706594075,3.965440489320688,4.426704603733765,4,4.118785483081824,Before the historical event,Event not experienced
0.96,0,0,0,Phenotypic variance,5,10.288608680605831,10.245698597145225,9.845236081164737,10.731130059011544,10.2808382673706,10.288608680605831,Before the historical event,Event not experienced
0.96,0,1,0,Additive genetic variance,5,3.9582923796356093,3.917193446229376,3.7221817793252017,4.329915540309888,4.0308382673706,3.9582923796356093,Before the historical event,Event experienced
0.96,0,1,0,Nuclear-family environmental variance,5,2.2115308178883986,2.3047446914595233,1.950243757028299,2.429727612090514,2.25,2.2115308178883986,Before the historical event,Event experienced
0.96,0,1,0,Nonshared environmental variance,5,4.118785483081824,4.054779706594075,3.965440489320688,4.426704603733765,4,4.118785483081824,Before the historical event,Event experienced
0.96,0,1,0,Phenotypic variance,5,10.288608680605831,10.245698597145225,9.845236081164737,10.731130059011544,10.2808382673706,10.288608680605831,Before the historical event,Event experienced
0.98,0,0,0,Additive genetic variance,5,3.949162726470504,3.9091557847292924,3.7155108561176764,4.314417494614232,4.01571077299691,3.949162726470504,Before the historical event,Event not experienced
0.98,0,0,0,Nuclear-family environmental variance,5,2.2118316221575647,2.302496817648148,1.9535509713617218,2.4287235915104257,2.25,2.2118316221575647,Before the historical event,Event not experienced
0.98,0,0,0,Nonshared environmental variance,5,4.118183111141845,4.055060315963249,3.966326214419653,4.42458033922494,4,4.118183111141845,Before the historical event,Event not experienced
0.98,0,0,0,Phenotypic variance,5,10.279177459769913,10.237061009640698,9.83902399532439,10.716829888800206,10.265710772996911,10.279177459769913,Before the historical event,Event not experienced
0.98,0,1,0,Additive genetic variance,5,3.949162726470504,3.9091557847292924,3.7155108561176764,4.314417494614232,4.01571077299691,3.949162726470504,Before the historical event,Event experienced
0.98,0,1,0,Nuclear-family environmental variance,5,2.2118316221575647,2.302496817648148,1.9535509713617218,2.4287235915104257,2.25,2.2118316221575647,Before the historical event,Event experienced
0.98,0,1,0,Nonshared environmental variance,5,4.118183111141845,4.055060315963249,3.966326214419653,4.42458033922494,4,4.118183111141845,Before the historical event,Event experienced
0.98,0,1,0,Phenotypic variance,5,10.279177459769913,10.237061009640698,9.83902399532439,10.716829888800206,10.265710772996911,10.279177459769913,Before the historical event,Event experienced
1,0,0,0,Additive genetic variance,5,3.939416707817439,3.9005556298132973,3.70834134373567,4.29818657625531,4,3.939416707817439,Before the historical event,Event not experienced
1,0,0,0,Nuclear-family environmental variance,5,2.212132117643718,2.300256134723057,1.9568725893016758,2.427708188079131,2.25,2.212132117643718,Before the historical event,Event not experienced
1,0,0,0,Nonshared environmental variance,5,4.117561075037036,4.055330850156084,3.9672001907107655,4.422421153168321,4,4.117561075037036,Before the historical event,Event not experienced
1,0,0,0,Phenotypic variance,5,10.269109900498194,10.227821909615209,9.832311180466432,10.701775743535599,10.25,10.269109900498194,Before the historical event,Event not experienced
1,0,1,0,Additive genetic variance,5,3.939416707817439,3.9005556298132973,3.70834134373567,4.29818657625531,4,3.939416707817439,Before the historical event,Event experienced
1,0,1,0,Nuclear-family environmental variance,5,2.212132117643718,2.300256134723057,1.9568725893016758,2.427708188079131,2.25,2.212132117643718,Before the historical event,Event experienced
1,0,1,0,Nonshared environmental variance,5,4.117561075037036,4.055330850156084,3.9672001907107655,4.422421153168321,4,4.117561075037036,Before the historical event,Event experienced
1,0,1,0,Phenotypic variance,5,10.269109900498194,10.227821909615209,9.832311180466432,10.701775743535599,10.25,10.269109900498194,Before the historical event,Event experienced
1.0200000000000005,0,0,0,Additive genetic variance,5,3.929059127820857,3.891396768939921,3.700676155813566,4.281231487961371,3.9837132475679375,3.929059127820857,Before the historical event,Event not experienced
1.0200000000000005,0,0,0,Nuclear-family environmental variance,5,2.2124323128944785,2.2980226259530774,1.9602086642367718,2.4266814135567736,2.25,2.2124323128944785,Before the historical event,Event not experienced
1.0200000000000005,0,0,0,Nonshared environmental variance,5,4.11691939015411,4.055591307153537,3.968062411035203,4.420227098494974,4,4.11691939015411,Before the historical event,Event not experienced
1.0200000000000005,0,0,0,Phenotypic variance,5,10.258410830869446,10.217985078638673,9.825100555542619,10.685976430546132,10.233713247567938,10.258410830869446,Before the historical event,Event not experienced
1.0200000000000005,0,1,0,Additive genetic variance,5,3.929059127820857,3.891396768939921,3.700676155813566,4.281231487961371,3.9837132475679375,3.929059127820857,Before the historical event,Event experienced
1.0200000000000005,0,1,0,Nuclear-family environmental variance,5,2.2124323128944785,2.2980226259530774,1.9602086642367718,2.4266814135567736,2.25,2.2124323128944785,Before the historical event,Event experienced
1.0200000000000005,0,1,0,Nonshared environmental variance,5,4.11691939015411,4.055591307153537,3.968062411035203,4.420227098494974,4,4.11691939015411,Before the historical event,Event experienced
1.0200000000000005,0,1,0,Phenotypic variance,5,10.258410830869446,10.217985078638673,9.825100555542619,10.685976430546132,10.233713247567938,10.258410830869446,Before the historical event,Event experienced
1.04,0,0,0,Additive genetic variance,5,3.9180950776220476,3.8816832294297057,3.6925184054084297,4.2635612965166825,3.966858061643717,3.9180950776220476,Before the historical event,Event not experienced
1.04,0,0,0,Nuclear-family environmental variance,5,2.2127322167218773,2.2957962746700455,1.9635592498382335,2.4256432798847163,2.25,2.2127322167218773,Before the historical event,Event not experienced
1.04,0,0,0,Nonshared environmental variance,5,4.116258072217506,4.055841685011681,3.9689128683398645,4.417998228964426,4,4.116258072217506,Before the historical event,Event not experienced
1.04,0,0,0,Phenotypic variance,5,10.24708536656143,10.207554539025987,9.817395239172546,10.669441122289271,10.216858061643716,10.24708536656143,Before the historical event,Event not experienced
1.04,0,1,0,Additive genetic variance,5,3.9180950776220476,3.8816832294297057,3.6925184054084297,4.2635612965166825,3.966858061643717,3.9180950776220476,Before the historical event,Event experienced
1.04,0,1,0,Nuclear-family environmental variance,5,2.2127322167218773,2.2957962746700455,1.9635592498382335,2.4256432798847163,2.25,2.2127322167218773,Before the historical event,Event experienced
1.04,0,1,0,Nonshared environmental variance,5,4.116258072217506,4.055841685011681,3.9689128683398645,4.417998228964426,4,4.116258072217506,Before the historical event,Event experienced
1.04,0,1,0,Phenotypic variance,5,10.24708536656143,10.207554539025987,9.817395239172546,10.669441122289271,10.216858061643716,10.24708536656143,Before the historical event,Event experienced
1.0600000000000005,0,0,0,Additive genetic variance,5,3.9065299311413955,3.871419275514056,3.683871402888059,4.245185424684074,3.949442229101612,3.9065299311413955,Before the historical event,Event not experienced
1.0600000000000005,0,0,0,Nuclear-family environmental variance,5,2.2130318382028142,2.293577064268603,1.9669244000613137,2.4245937991853395,2.25,2.2130318382028142,Before the historical event,Event not experienced
1.0600000000000005,0,0,0,Nonshared environmental variance,5,4.115577137288786,4.0560819818617455,3.969751555677447,4.415734599162451,4,4.115577137288786,Before the historical event,Event not experienced
1.0600000000000005,0,0,0,Phenotypic variance,5,10.235138906632995,10.19653455088665,9.809198547531853,10.652179348273282,10.199442229101612,10.235138906632995,Before the historical event,Event not experienced
1.0600000000000005,0,1,0,Additive genetic variance,5,3.9065299311413955,3.871419275514056,3.683871402888059,4.245185424684074,3.949442229101612,3.9065299311413955,Before the historical event,Event experienced
1.0600000000000005,0,1,0,Nuclear-family environmental variance,5,2.2130318382028142,2.293577064268603,1.9669244000613137,2.4245937991853395,2.25,2.2130318382028142,Before the historical event,Event experienced
1.0600000000000005,0,1,0,Nonshared environmental variance,5,4.115577137288786,4.0560819818617455,3.969751555677447,4.415734599162451,4,4.115577137288786,Before the historical event,Event experienced
1.0600000000000005,0,1,0,Phenotypic variance,5,10.235138906632995,10.19653455088665,9.809198547531853,10.652179348273282,10.199442229101612,10.235138906632995,Before the historical event,Event experienced
1.08,0,0,0,Additive genetic variance,5,3.8943693406396744,3.8606094052156585,3.674738653686812,4.226113642834433,3.9314737717553894,3.8943693406396744,Before the historical event,Event not experienced
1.08,0,0,0,Nuclear-family environmental variance,5,2.2133311866795147,2.291364978205988,1.9703041691467145,2.4235329837618496,2.25,2.2133311866795147,Before the historical event,Event not experienced
1.08,0,0,0,Nonshared environmental variance,5,4.114876601766011,4.056312195910124,3.970578466206548,4.41343626449884,4,4.114876601766011,Before the historical event,Event not experienced
1.08,0,0,0,Phenotypic variance,5,10.2225771290852,10.18492960900591,9.800513992108172,10.634200986685919,10.181473771755389,10.2225771290852,Before the historical event,Event not experienced
1.08,0,1,0,Additive genetic variance,5,3.8943693406396744,3.8606094052156585,3.674738653686812,4.226113642834433,3.9314737717553894,3.8943693406396744,Before the historical event,Event experienced
1.08,0,1,0,Nuclear-family environmental variance,5,2.2133311866795147,2.291364978205988,1.9703041691467145,2.4235329837618496,2.25,2.2133311866795147,Before the historical event,Event experienced
1.08,0,1,0,Nonshared environmental variance,5,4.114876601766011,4.056312195910124,3.970578466206548,4.41343626449884,4,4.114876601766011,Before the historical event,Event experienced
1.08,0,1,0,Phenotypic variance,5,10.2225771290852,10.18492960900591,9.800513992108172,10.634200986685919,10.181473771755389,10.2225771290852,Before the historical event,Event experienced
1.0999999999999996,0,0,0,Additive genetic variance,5,3.881619232063574,3.8492583470636603,3.6651238559313297,4.206356060293536,3.9129609402048398,3.881619232063574,Before the historical event,Event not experienced
1.0999999999999996,0,0,0,Nuclear-family environmental variance,5,2.2136302717599805,2.289160000001835,1.9736986116220159,2.42246084609807,2.25,2.2136302717599805,Before the historical event,Event not experienced
1.0999999999999996,0,0,0,Nonshared environmental variance,5,4.114156482383116,4.056532325438404,3.971393593191747,4.411103281205133,4,4.114156482383116,Before the historical event,Event not experienced
1.0999999999999996,0,0,0,Phenotypic variance,5,10.20940598620667,10.172744439560613,9.79134527732697,10.615516255740436,10.16296094020484,10.20940598620667,Before the historical event,Event not experienced
1.0999999999999996,0,1,0,Additive genetic variance,5,3.881619232063574,3.8492583470636603,3.6651238559313297,4.206356060293536,3.9129609402048398,3.881619232063574,Before the historical event,Event experienced
1.0999999999999996,0,1,0,Nuclear-family environmental variance,5,2.2136302717599805,2.289160000001835,1.9736986116220159,2.42246084609807,2.25,2.2136302717599805,Before the historical event,Event experienced
1.0999999999999996,0,1,0,Nonshared environmental variance,5,4.114156482383116,4.056532325438404,3.971393593191747,4.411103281205133,4,4.114156482383116,Before the historical event,Event experienced
1.0999999999999996,0,1,0,Phenotypic variance,5,10.20940598620667,10.172744439560613,9.79134527732697,10.615516255740436,10.16296094020484,10.20940598620667,Before the historical event,Event experienced
1.12,0,0,0,Additive genetic variance,5,3.868285800180869,3.837371056646966,3.6550308979384076,4.185923116416974,3.8939122075272037,3.868285800180869,Before the historical event,Event not experienced
1.12,0,0,0,Nuclear-family environmental variance,5,2.2139291033184376,2.286962113237968,1.9771077823031182,2.4213773988582354,2.25,2.2139291033184376,Before the historical event,Event not experienced
1.12,0,0,0,Nonshared environmental variance,5,4.1134167962092665,4.056742368803389,3.972196930003701,4.408735706332324,4,4.1134167962092665,Before the historical event,Event not experienced
1.12,0,0,0,Phenotypic variance,5,10.195631699708573,10.159983996673166,9.781696298049571,10.596135704749674,10.143912207527205,10.195631699708573,Before the historical event,Event not experienced
1.12,0,1,0,Additive genetic variance,5,3.868285800180869,3.837371056646966,3.6550308979384076,4.185923116416974,3.8939122075272037,3.868285800180869,Before the historical event,Event experienced
1.12,0,1,0,Nuclear-family environmental variance,5,2.2139291033184376,2.286962113237968,1.9771077823031182,2.4213773988582354,2.25,2.2139291033184376,Before the historical event,Event experienced
1.12,0,1,0,Nonshared environmental variance,5,4.1134167962092665,4.056742368803389,3.972196930003701,4.408735706332324,4,4.1134167962092665,Before the historical event,Event experienced
1.12,0,1,0,Phenotypic variance,5,10.195631699708573,10.159983996673166,9.781696298049571,10.596135704749674,10.143912207527205,10.195631699708573,Before the historical event,Event experienced
1.1399999999999997,0,0,0,Additive genetic variance,5,3.854375503510886,3.824952713009172,3.644463855587409,4.164825571404155,3.8743362628202704,3.854375503510886,Before the historical event,Event not experienced
1.1399999999999997,0,0,0,Nuclear-family environmental variance,5,2.214227691495775,2.2847713015582007,1.9805317362956876,2.420282654886772,2.25,2.214227691495775,Before the historical event,Event not experienced
1.1399999999999997,0,0,0,Nonshared environmental variance,5,4.112657560648208,4.056942324437115,3.9729884701192266,4.406333597748526,4,4.112657560648208,Before the historical event,Event not experienced
1.1399999999999997,0,0,0,Phenotypic variance,5,10.18126075565487,10.146653458807066,9.771571136945697,10.576070204939162,10.12433626282027,10.18126075565487,Before the historical event,Event not experienced
1.1399999999999997,0,1,0,Additive genetic variance,5,3.854375503510886,3.824952713009172,3.644463855587409,4.164825571404155,3.8743362628202704,3.854375503510886,Before the historical event,Event experienced
1.1399999999999997,0,1,0,Nuclear-family environmental variance,5,2.214227691495775,2.2847713015582007,1.9805317362956876,2.420282654886772,2.25,2.214227691495775,Before the historical event,Event experienced
1.1399999999999997,0,1,0,Nonshared environmental variance,5,4.112657560648208,4.056942324437115,3.9729884701192266,4.406333597748526,4,4.112657560648208,Before the historical event,Event experienced
1.1399999999999997,0,1,0,Phenotypic variance,5,10.18126075565487,10.146653458807066,9.771571136945697,10.576070204939162,10.12433626282027,10.18126075565487,Before the historical event,Event experienced
1.1600000000000001,0,0,0,Additive genetic variance,5,3.839895059056122,3.8120087148888,3.633426989569695,4.143074496862722,3.8542420046040085,3.839895059056122,Before the historical event,Event not experienced
1.1600000000000001,0,0,0,Nuclear-family environmental variance,5,2.214526046699985,2.2825875486681335,1.983970528996612,2.41917662720808,2.25,2.214526046699985,Before the historical event,Event not experienced
1.1600000000000001,0,0,0,Nonshared environmental variance,5,4.111878793437609,4.057132190846874,3.9737682071213873,4.403897014136614,4,4.111878793437609,Before the historical event,Event not experienced
1.1600000000000001,0,0,0,Phenotypic variance,5,10.166299899193715,10.132758225007697,9.760974061743028,10.55533094001067,10.104242004604009,10.166299899193715,Before the historical event,Event not experienced
1.1600000000000001,0,1,0,Additive genetic variance,5,3.839895059056122,3.8120087148888,3.633426989569695,4.143074496862722,3.8542420046040085,3.839895059056122,Before the historical event,Event experienced
1.1600000000000001,0,1,0,Nuclear-family environmental variance,5,2.214526046699985,2.2825875486681335,1.983970528996612,2.41917662720808,2.25,2.214526046699985,Before the historical event,Event experienced
1.1600000000000001,0,1,0,Nonshared environmental variance,5,4.111878793437609,4.057132190846874,3.9737682071213873,4.403897014136614,4,4.111878793437609,Before the historical event,Event experienced
1.1600000000000001,0,1,0,Phenotypic variance,5,10.166299899193715,10.132758225007697,9.760974061743028,10.55533094001067,10.104242004604009,10.166299899193715,Before the historical event,Event experienced
1.1799999999999997,0,0,0,Additive genetic variance,5,3.824851436841095,3.7985446768086697,3.6219247425176975,4.120681266134954,3.8336385340877475,3.824851436841095,Before the historical event,Event not experienced
1.1799999999999997,0,0,0,Nuclear-family environmental variance,5,2.2148241796065915,2.2804108383349524,1.9874242160954687,2.4180593290263026,2.25,2.2148241796065915,Before the historical event,Event not experienced
1.1799999999999997,0,0,0,Nonshared environmental variance,5,4.111080512648376,4.057311966615227,3.974536134699575,4.40142601499182,4,4.111080512648376,Before the historical event,Event not experienced
1.1799999999999997,0,0,0,Phenotypic variance,5,10.150756129096063,10.118303910992251,9.749909522356411,10.53392939646767,10.083638534087747,10.150756129096063,Before the historical event,Event not experienced
1.1799999999999997,0,1,0,Additive genetic variance,5,3.824851436841095,3.7985446768086697,3.6219247425176975,4.120681266134954,3.8336385340877475,3.824851436841095,Before the historical event,Event experienced
1.1799999999999997,0,1,0,Nuclear-family environmental variance,5,2.2148241796065915,2.2804108383349524,1.9874242160954687,2.4180593290263026,2.25,2.2148241796065915,Before the historical event,Event experienced
1.1799999999999997,0,1,0,Nonshared environmental variance,5,4.111080512648376,4.057311966615227,3.974536134699575,4.40142601499182,4,4.111080512648376,Before the historical event,Event experienced
1.1799999999999997,0,1,0,Phenotypic variance,5,10.150756129096063,10.118303910992251,9.749909522356411,10.53392939646767,10.083638534087747,10.150756129096063,Before the historical event,Event experienced
1.2000000000000002,0,0,0,Additive genetic variance,5,3.80925185426469,3.7845664250183497,3.609961736016328,4.09765754439794,3.8125351483100185,3.80925185426469,Before the historical event,Event not experienced
1.2000000000000002,0,0,0,Nuclear-family environmental variance,5,2.2151221011590816,2.2782411543872305,1.9908928535759969,2.4169307737250967,2.25,2.2151221011590816,Before the historical event,Event not experienced
1.2000000000000002,0,0,0,Nonshared environmental variance,5,4.110262736683984,4.057481650400033,3.9732606510255537,4.398920660619315,4,4.110262736683984,Before the historical event,Event not experienced
1.2000000000000002,0,0,0,Phenotypic variance,5,10.134636692107756,10.10329634509266,9.738382147899413,10.511877353714581,10.062535148310019,10.134636692107756,Before the historical event,Event not experienced
1.2000000000000002,0,1,0,Additive genetic variance,5,3.80925185426469,3.7845664250183497,3.609961736016328,4.09765754439794,3.8125351483100185,3.80925185426469,Before the historical event,Event experienced
1.2000000000000002,0,1,0,Nuclear-family environmental variance,5,2.2151221011590816,2.2782411543872305,1.9908928535759969,2.4169307737250967,2.25,2.2151221011590816,Before the historical event,Event experienced
1.2000000000000002,0,1,0,Nonshared environmental variance,5,4.110262736683984,4.057481650400033,3.9732606510255537,4.398920660619315,4,4.110262736683984,Before the historical event,Event experienced
1.2000000000000002,0,1,0,Phenotypic variance,5,10.134636692107756,10.10329634509266,9.738382147899413,10.511877353714581,10.062535148310019,10.134636692107756,Before the historical event,Event experienced
1.2199999999999998,0,0,0,Additive genetic variance,5,3.7931037702724764,3.7700799932938125,3.5975427674995784,4.074015278549631,3.7909413331583095,3.7931037702724764,Before the historical event,Event not experienced
1.2199999999999998,0,0,0,Nuclear-family environmental variance,5,2.2154198225693227,2.2760784807147285,1.9943764977175829,2.4157909748673916,2.25,2.2154198225693227,Before the historical event,Event not experienced
1.2199999999999998,0,0,0,Nonshared environmental variance,5,4.109425484279773,4.057641240934447,3.971953437211178,4.396381012131746,4,4.109425484279773,Before the historical event,Event not experienced
1.2199999999999998,0,0,0,Phenotypic variance,5,10.117949077121573,10.087741564055698,9.726396743581043,10.489186873941865,10.04094133315831,10.117949077121573,Before the historical event,Event not experienced
1.2199999999999998,0,1,0,Additive genetic variance,5,3.7931037702724764,3.7700799932938125,3.5975427674995784,4.074015278549631,3.7909413331583095,3.7931037702724764,Before the historical event,Event experienced
1.2199999999999998,0,1,0,Nuclear-family environmental variance,5,2.2154198225693227,2.2760784807147285,1.9943764977175829,2.4157909748673916,2.25,2.2154198225693227,Before the historical event,Event experienced
1.2199999999999998,0,1,0,Nonshared environmental variance,5,4.109425484279773,4.057641240934447,3.971953437211178,4.396381012131746,4,4.109425484279773,Before the historical event,Event experienced
1.2199999999999998,0,1,0,Phenotypic variance,5,10.117949077121573,10.087741564055698,9.726396743581043,10.489186873941865,10.04094133315831,10.117949077121573,Before the historical event,Event experienced
1.2400000000000002,0,0,0,Additive genetic variance,5,3.776414879355629,3.7550916185985144,3.584672807035199,4.049766686892967,3.768866756276015,3.776414879355629,Before the historical event,Event not experienced
1.2400000000000002,0,0,0,Nuclear-family environmental variance,5,2.215717355317986,2.2739228012681947,1.997875205096751,2.414639946195147,2.25,2.215717355317986,Before the historical event,Event not experienced
1.2400000000000002,0,0,0,Nonshared environmental variance,5,4.1085687745022454,4.0577907370269575,3.970631129821517,4.393807131446743,4,4.1085687745022454,Before the historical event,Event not experienced
1.2400000000000002,0,0,0,Phenotypic variance,5,10.100701009175861,10.071645808704485,9.713958287490584,10.465870291809146,10.018866756276015,10.100701009175861,Before the historical event,Event not experienced
1.2400000000000002,0,1,0,Additive genetic variance,5,3.776414879355629,3.7550916185985144,3.584672807035199,4.049766686892967,3.768866756276015,3.776414879355629,Before the historical event,Event experienced
1.2400000000000002,0,1,0,Nuclear-family environmental variance,5,2.215717355317986,2.2739228012681947,1.997875205096751,2.414639946195147,2.25,2.215717355317986,Before the historical event,Event experienced
1.2400000000000002,0,1,0,Nonshared environmental variance,5,4.1085687745022454,4.0577907370269575,3.970631129821517,4.393807131446743,4,4.1085687745022454,Before the historical event,Event experienced
1.2400000000000002,0,1,0,Phenotypic variance,5,10.100701009175861,10.071645808704485,9.713958287490584,10.465870291809146,10.018866756276015,10.100701009175861,Before the historical event,Event experienced
1.2599999999999998,0,0,0,Additive genetic variance,5,3.759193105383278,3.7396077366102842,3.571356994000522,4.024924248630583,3.7463212598640445,3.759193105383278,Before the historical event,Event not experienced
1.2599999999999998,0,0,0,Nuclear-family environmental variance,5,2.216014711154954,2.2717741000591705,2.0013890325886656,2.4134777016291014,2.25,2.216014711154954,Before the historical event,Event not experienced
1.2599999999999998,0,0,0,Nonshared environmental variance,5,4.107692626748351,4.057930137561383,3.9692937450771573,4.391199081284398,4,4.107692626748351,Before the historical event,Event not experienced
1.2599999999999998,0,0,0,Phenotypic variance,5,10.082900443286583,10.055015519465744,9.701071927273542,10.441940203938934,9.996321259864045,10.082900443286583,Before the historical event,Event not experienced
1.2599999999999998,0,1,0,Additive genetic variance,5,3.759193105383278,3.7396077366102842,3.571356994000522,4.024924248630583,3.7463212598640445,3.759193105383278,Before the historical event,Event experienced
1.2599999999999998,0,1,0,Nuclear-family environmental variance,5,2.216014711154954,2.2717741000591705,2.0013890325886656,2.4134777016291014,2.25,2.216014711154954,Before the historical event,Event experienced
1.2599999999999998,0,1,0,Nonshared environmental variance,5,4.107692626748351,4.057930137561383,3.9692937450771573,4.391199081284398,4,4.107692626748351,Before the historical event,Event experienced
1.2599999999999998,0,1,0,Phenotypic variance,5,10.082900443286583,10.055015519465744,9.701071927273542,10.441940203938934,9.996321259864045,10.082900443286583,Before the historical event,Event experienced
1.2800000000000002,0,0,0,Additive genetic variance,5,3.741446595275262,3.7236349771184893,3.5576006336525268,3.9995006931826675,3.723314853384517,3.741446595275262,Before the historical event,Event not experienced
1.2800000000000002,0,0,0,Nuclear-family environmental variance,5,2.216311902099732,2.269632361159792,2.0049180373686424,2.412304255268514,2.25,2.216311902099732,Before the historical event,Event not experienced
1.2800000000000002,0,0,0,Nonshared environmental variance,5,4.106797060744759,4.058059441496898,3.967941299371385,4.388556925164716,4,4.106797060744759,Before the historical event,Event not experienced
1.2800000000000002,0,0,0,Phenotypic variance,5,10.064555558119752,10.037857331767302,9.687742976701863,10.417409458233445,9.973314853384517,10.064555558119752,Before the historical event,Event not experienced
1.2800000000000002,0,1,0,Additive genetic variance,5,3.741446595275262,3.7236349771184893,3.5576006336525268,3.9995006931826675,3.723314853384517,3.741446595275262,Before the historical event,Event experienced
1.2800000000000002,0,1,0,Nuclear-family environmental variance,5,2.216311902099732,2.269632361159792,2.0049180373686424,2.412304255268514,2.25,2.216311902099732,Before the historical event,Event experienced
1.2800000000000002,0,1,0,Nonshared environmental variance,5,4.106797060744759,4.058059441496898,3.967941299371385,4.388556925164716,4,4.106797060744759,Before the historical event,Event experienced
1.2800000000000002,0,1,0,Phenotypic variance,5,10.064555558119752,10.037857331767302,9.687742976701863,10.417409458233445,9.973314853384517,10.064555558119752,Before the historical event,Event experienced
1.2999999999999998,0,0,0,Additive genetic variance,5,3.7231837125224154,3.707180159296105,3.5434091935953678,3.973508989340795,3.6998577061741575,3.7231837125224154,Before the historical event,Event not experienced
1.2999999999999998,0,0,0,Nuclear-family environmental variance,5,2.2166089404418514,2.2674975687025958,2.008462276913669,2.4111196213909096,2.25,2.2166089404418514,Before the historical event,Event not experienced
1.2999999999999998,0,0,0,Nonshared environmental variance,5,4.105882096547122,4.058178647868039,3.9665738092698613,4.385880727405019,4,4.105882096547122,Before the historical event,Event not experienced
1.2999999999999998,0,0,0,Phenotypic variance,5,10.045674749511388,10.020178071310465,9.67397691214159,10.392291143027379,9.949857706174157,10.045674749511388,Before the historical event,Event not experienced
1.2999999999999998,0,1,0,Additive genetic variance,5,3.7231837125224154,3.707180159296105,3.5434091935953678,3.973508989340795,3.6998577061741575,3.7231837125224154,Before the historical event,Event experienced
1.2999999999999998,0,1,0,Nuclear-family environmental variance,5,2.2166089404418514,2.2674975687025958,2.008462276913669,2.4111196213909096,2.25,2.2166089404418514,Before the historical event,Event experienced
1.2999999999999998,0,1,0,Nonshared environmental variance,5,4.105882096547122,4.058178647868039,3.9665738092698613,4.385880727405019,4,4.105882096547122,Before the historical event,Event experienced
1.2999999999999998,0,1,0,Phenotypic variance,5,10.045674749511388,10.020178071310465,9.67397691214159,10.392291143027379,9.949857706174157,10.045674749511388,Before the historical event,Event experienced
1.3200000000000003,0,0,0,Additive genetic variance,5,3.704413030561653,3.6902502868513816,3.5287883001486744,3.946962334270585,3.6759601399749386,3.704413030561653,Before the historical event,Event not experienced
1.3200000000000003,0,0,0,Nuclear-family environmental variance,5,2.216905838741265,2.2653697068803216,2.012021809003932,2.409923814451803,2.25,2.216905838741265,Before the historical event,Event not experienced
1.3200000000000003,0,0,0,Nonshared environmental variance,5,4.10494775453933,4.05828775578472,3.9651912915102754,4.383170553117343,4,4.10494775453933,Before the historical event,Event not experienced
1.3200000000000003,0,0,0,Phenotypic variance,5,10.026266623842249,10.001984749221926,9.65977936892131,10.366598576089523,9.925960139974938,10.026266623842249,Before the historical event,Event not experienced
1.3200000000000003,0,1,0,Additive genetic variance,5,3.704413030561653,3.6902502868513816,3.5287883001486744,3.946962334270585,3.6759601399749386,3.704413030561653,Before the historical event,Event experienced
1.3200000000000003,0,1,0,Nuclear-family environmental variance,5,2.216905838741265,2.2653697068803216,2.012021809003932,2.409923814451803,2.25,2.216905838741265,Before the historical event,Event experienced
1.3200000000000003,0,1,0,Nonshared environmental variance,5,4.10494775453933,4.05828775578472,3.9651912915102754,4.383170553117343,4,4.10494775453933,Before the historical event,Event experienced
1.3200000000000003,0,1,0,Phenotypic variance,5,10.026266623842249,10.001984749221926,9.65977936892131,10.366598576089523,9.925960139974938,10.026266623842249,Before the historical event,Event experienced
1.3399999999999999,0,0,0,Additive genetic variance,5,3.685143326013271,3.672852543063968,3.5137437346200064,3.9198741423762646,3.65163262138969,3.685143326013271,Before the historical event,Event not experienced
1.3399999999999999,0,0,0,Nuclear-family environmental variance,5,2.217202609828746,2.2632487599457214,2.0155966917243577,2.4087168490844344,2.25,2.217202609828746,Before the historical event,Event not experienced
1.3399999999999999,0,0,0,Nonshared environmental variance,5,4.103994055432749,4.0583867644322424,3.9637937630020135,4.38042646820578,4,4.103994055432749,Before the historical event,Event not experienced
1.3399999999999999,0,0,0,Phenotypic variance,5,10.006339991274766,9.983284557090125,9.64515613760475,10.34034529348621,9.901632621389691,10.006339991274766,Before the historical event,Event not experienced
1.3399999999999999,0,1,0,Additive genetic variance,5,3.685143326013271,3.672852543063968,3.5137437346200064,3.9198741423762646,3.65163262138969,3.685143326013271,Before the historical event,Event experienced
1.3399999999999999,0,1,0,Nuclear-family environmental variance,5,2.217202609828746,2.2632487599457214,2.0155966917243577,2.4087168490844344,2.25,2.217202609828746,Before the historical event,Event experienced
1.3399999999999999,0,1,0,Nonshared environmental variance,5,4.103994055432749,4.0583867644322424,3.9637937630020135,4.38042646820578,4,4.103994055432749,Before the historical event,Event experienced
1.3399999999999999,0,1,0,Phenotypic variance,5,10.006339991274766,9.983284557090125,9.64515613760475,10.34034529348621,9.901632621389691,10.006339991274766,Before the historical event,Event experienced
1.3600000000000003,0,0,0,Additive genetic variance,5,3.665383571787954,3.6549942857103566,3.498281429484931,3.8922580340401858,3.6268857542702992,3.665383571787954,Before the historical event,Event not experienced
1.3600000000000003,0,0,0,Nuclear-family environmental variance,5,2.2174992668062723,2.261134712211365,2.0191869834661587,2.4074987400994834,2.25,2.2174992668062723,Before the historical event,Event not experienced
1.3600000000000003,0,0,0,Nonshared environmental variance,5,4.103021020265455,4.058475673071304,3.9623812408258123,4.3776485393638005,4,4.103021020265455,Before the historical event,Event not experienced
1.3600000000000003,0,0,0,Phenotypic variance,5,9.985903858859682,9.96408486189086,9.630113160171,10.313545038319727,9.8768857542703,9.985903858859682,Before the historical event,Event not experienced
1.3600000000000003,0,1,0,Additive genetic variance,5,3.665383571787954,3.6549942857103566,3.498281429484931,3.8922580340401858,3.6268857542702992,3.665383571787954,Before the historical event,Event experienced
1.3600000000000003,0,1,0,Nuclear-family environmental variance,5,2.2174992668062723,2.261134712211365,2.0191869834661587,2.4074987400994834,2.25,2.2174992668062723,Before the historical event,Event experienced
1.3600000000000003,0,1,0,Nonshared environmental variance,5,4.103021020265455,4.058475673071304,3.9623812408258123,4.3776485393638005,4,4.103021020265455,Before the historical event,Event experienced
1.3600000000000003,0,1,0,Phenotypic variance,5,9.985903858859682,9.96408486189086,9.630113160171,10.313545038319727,9.8768857542703,9.985903858859682,Before the historical event,Event experienced
1.38,0,0,0,Additive genetic variance,5,3.6451429300711524,3.6366830418837237,3.4824074644782748,3.864127824250544,3.6017302720462876,3.6451429300711524,Before the historical event,Event not experienced
1.38,0,0,0,Nuclear-family environmental variance,5,2.217795823047413,2.2590275480494473,2.0227927429283916,2.4062695024847898,2.25,2.217795823047413,Before the historical event,Event not experienced
1.38,0,0,0,Nonshared environmental variance,5,4.102028670401456,4.058554481038014,3.960953742233411,4.374836834071555,4,4.102028670401456,Before the historical event,Event not experienced
1.38,0,0,0,Phenotypic variance,5,9.96496742352002,9.944393200807271,9.614656526105904,10.286211749354905,9.851730272046288,9.96496742352002,Before the historical event,Event not experienced
1.38,0,1,0,Additive genetic variance,5,3.6451429300711524,3.6366830418837237,3.4824074644782748,3.864127824250544,3.6017302720462876,3.6451429300711524,Before the historical event,Event experienced
1.38,0,1,0,Nuclear-family environmental variance,5,2.217795823047413,2.2590275480494473,2.0227927429283916,2.4062695024847898,2.25,2.217795823047413,Before the historical event,Event experienced
1.38,0,1,0,Nonshared environmental variance,5,4.102028670401456,4.058554481038014,3.960953742233411,4.374836834071555,4,4.102028670401456,Before the historical event,Event experienced
1.38,0,1,0,Phenotypic variance,5,9.96496742352002,9.944393200807271,9.614656526105904,10.286211749354905,9.851730272046288,9.96496742352002,Before the historical event,Event experienced
1.4000000000000004,0,0,0,Additive genetic variance,5,3.6244307451925195,3.6179265027132157,3.4661280626001516,3.835497511130476,3.5761770300014275,3.6244307451925195,Before the historical event,Event not experienced
1.4000000000000004,0,0,0,Nuclear-family environmental variance,5,2.2180922921977078,2.2569272518915966,2.0264140291195267,2.4050291514050604,2.25,2.2180922921977078,Before the historical event,Event not experienced
1.4000000000000004,0,0,0,Nonshared environmental variance,5,4.101017027529897,4.058623187743889,3.9595112846472067,4.3719914205931225,4,4.101017027529897,Before the historical event,Event not experienced
1.4000000000000004,0,0,0,Phenotypic variance,5,9.943540064920125,9.924217275949225,9.598792468408236,10.25835954954706,9.826177030001428,9.943540064920125,Before the historical event,Event not experienced
1.4000000000000004,0,1,0,Additive genetic variance,5,3.6244307451925195,3.6179265027132157,3.4661280626001516,3.835497511130476,3.5761770300014275,3.6244307451925195,Before the historical event,Event experienced
1.4000000000000004,0,1,0,Nuclear-family environmental variance,5,2.2180922921977078,2.2569272518915966,2.0264140291195267,2.4050291514050604,2.25,2.2180922921977078,Before the historical event,Event experienced
1.4000000000000004,0,1,0,Nonshared environmental variance,5,4.101017027529897,4.058623187743889,3.9595112846472067,4.3719914205931225,4,4.101017027529897,Before the historical event,Event experienced
1.4000000000000004,0,1,0,Phenotypic variance,5,9.943540064920125,9.924217275949225,9.598792468408236,10.25835954954706,9.826177030001428,9.943540064920125,Before the historical event,Event experienced
1.42,0,0,0,Additive genetic variance,5,3.6032565363882623,3.598732517987901,3.4494495860404686,3.806381264381865,3.550236997506218,3.6032565363882623,Before the historical event,Event not experienced
1.42,0,0,0,Nuclear-family environmental variance,5,2.2183886881750428,2.254833808228686,2.0300509013590196,2.403777702201575,2.25,2.2183886881750428,Before the historical event,Event not experienced
1.42,0,0,0,Nonshared environmental variance,5,4.099986113664269,4.058681792675873,3.9580538856598992,4.369112367973747,4,4.099986113664269,Before the historical event,Event not experienced
1.42,0,0,0,Phenotypic variance,5,9.921631338227574,9.90356494897734,9.582527359514351,10.230002734484625,9.800236997506218,9.921631338227574,Before the historical event,Event not experienced
1.42,0,1,0,Additive genetic variance,5,3.6032565363882623,3.598732517987901,3.4494495860404686,3.806381264381865,3.550236997506218,3.6032565363882623,Before the historical event,Event experienced
1.42,0,1,0,Nuclear-family environmental variance,5,2.2183886881750428,2.254833808228686,2.0300509013590196,2.403777702201575,2.25,2.2183886881750428,Before the historical event,Event experienced
1.42,0,1,0,Nonshared environmental variance,5,4.099986113664269,4.058681792675873,3.9580538856598992,4.369112367973747,4,4.099986113664269,Before the historical event,Event experienced
1.42,0,1,0,Phenotypic variance,5,9.921631338227574,9.90356494897734,9.582527359514351,10.230002734484625,9.800236997506218,9.921631338227574,Before the historical event,Event experienced
1.4400000000000004,0,0,0,Additive genetic variance,5,3.581629990464256,3.5791090906905967,3.4323785320256466,3.776793413657096,3.5239212502138657,3.581629990464256,Before the historical event,Event not experienced
1.4400000000000004,0,0,0,Nuclear-family environmental variance,5,2.2186850251700183,2.2527472016106405,2.0337034192789005,2.402515170391883,2.25,2.2186850251700183,Before the historical event,Event not experienced
1.4400000000000004,0,0,0,Nonshared environmental variance,5,4.09893595114159,4.058730295396343,3.956581563034133,4.366199746037035,4,4.09893595114159,Before the historical event,Event not experienced
1.4400000000000004,0,0,0,Phenotypic variance,5,9.899250966775863,9.882444235636816,9.565867707145063,10.201155760759708,9.773921250213865,9.899250966775863,Before the historical event,Event not experienced
1.4400000000000004,0,1,0,Additive genetic variance,5,3.581629990464256,3.5791090906905967,3.4323785320256466,3.776793413657096,3.5239212502138657,3.581629990464256,Before the historical event,Event experienced
1.4400000000000004,0,1,0,Nuclear-family environmental variance,5,2.2186850251700183,2.2527472016106405,2.0337034192789005,2.402515170391883,2.25,2.2186850251700183,Before the historical event,Event experienced
1.4400000000000004,0,1,0,Nonshared environmental variance,5,4.09893595114159,4.058730295396343,3.956581563034133,4.366199746037035,4,4.09893595114159,Before the historical event,Event experienced
1.4400000000000004,0,1,0,Phenotypic variance,5,9.899250966775863,9.882444235636816,9.565867707145063,10.201155760759708,9.773921250213865,9.899250966775863,Before the historical event,Event experienced
1.46,0,0,0,Additive genetic variance,5,3.5595609543679076,3.5590643714469357,3.414921528591363,3.7467484368720765,3.497240962227585,3.5595609543679076,Before the historical event,Event not experienced
1.46,0,0,0,Nuclear-family environmental variance,5,2.218981317646316,2.250667416646251,2.0373716428253688,2.4012415716694995,2.25,2.218981317646316,Before the historical event,Event not experienced
1.46,0,0,0,Nonshared environmental variance,5,4.0978665626215935,4.058768695543098,3.955094334702144,4.36325362538213,4,4.0978665626215935,Before the historical event,Event not experienced
1.46,0,0,0,Phenotypic variance,5,9.876408834635818,9.860863300206503,9.548820150078512,10.17183323427991,9.747240962227584,9.876408834635818,Before the historical event,Event not experienced
1.46,0,1,0,Additive genetic variance,5,3.5595609543679076,3.5590643714469357,3.414921528591363,3.7467484368720765,3.497240962227585,3.5595609543679076,Before the historical event,Event experienced
1.46,0,1,0,Nuclear-family environmental variance,5,2.218981317646316,2.250667416646251,2.0373716428253688,2.4012415716694995,2.25,2.218981317646316,Before the historical event,Event experienced
1.46,0,1,0,Nonshared environmental variance,5,4.0978665626215935,4.058768695543098,3.955094334702144,4.36325362538213,4,4.0978665626215935,Before the historical event,Event experienced
1.46,0,1,0,Phenotypic variance,5,9.876408834635818,9.860863300206503,9.548820150078512,10.17183323427991,9.747240962227584,9.876408834635818,Before the historical event,Event experienced
1.4800000000000004,0,0,0,Additive genetic variance,5,3.5370594276767533,3.5386066528950124,3.397085330285174,3.716260948473748,3.4702073982468358,3.5370594276767533,Before the historical event,Event not experienced
1.4800000000000004,0,0,0,Nuclear-family environmental variance,5,2.219277580341059,2.2485944380029834,2.0410556322604005,2.3999569219035877,2.25,2.219277580341059,Before the historical event,Event not experienced
1.4800000000000004,0,0,0,Nonshared environmental variance,5,4.096777971085892,4.058796992829389,3.953592218765387,4.360274077380848,4,4.096777971085892,Before the historical event,Event not experienced
1.4800000000000004,0,0,0,Phenotypic variance,5,9.853114979103704,9.838830449868468,9.531391453852958,10.142049898534598,9.720207398246835,9.853114979103704,Before the historical event,Event not experienced
1.4800000000000004,0,1,0,Additive genetic variance,5,3.5370594276767533,3.5386066528950124,3.397085330285174,3.716260948473748,3.4702073982468358,3.5370594276767533,Before the historical event,Event experienced
1.4800000000000004,0,1,0,Nuclear-family environmental variance,5,2.219277580341059,2.2485944380029834,2.0410556322604005,2.3999569219035877,2.25,2.219277580341059,Before the historical event,Event experienced
1.4800000000000004,0,1,0,Nonshared environmental variance,5,4.096777971085892,4.058796992829389,3.953592218765387,4.360274077380848,4,4.096777971085892,Before the historical event,Event experienced
1.4800000000000004,0,1,0,Phenotypic variance,5,9.853114979103704,9.838830449868468,9.531391453852958,10.142049898534598,9.720207398246835,9.853114979103704,Before the historical event,Event experienced
1.5,0,0,0,Additive genetic variance,5,3.514135555011861,3.517744363981073,3.378876813802941,3.68534568767533,3.4428319057002312,3.514135555011861,Before the historical event,Event not experienced
1.5,0,0,0,Nuclear-family environmental variance,5,2.2195738282651694,2.2465282504067945,2.0447554481633614,2.3986612371386453,2.25,2.2195738282651694,Before the historical event,Event not experienced
1.5,0,0,0,Nonshared environmental variance,5,4.095670199837139,4.058815187043904,3.9520752334941847,4.357261174174788,4,4.095670199837139,Before the historical event,Event not experienced
1.5,0,0,0,Phenotypic variance,5,9.82937958311417,9.816354129003619,9.513588506403346,10.111820622828892,9.692831905700231,9.82937958311417,Before the historical event,Event not experienced
1.5,0,1,0,Additive genetic variance,5,3.514135555011861,3.517744363981073,3.378876813802941,3.68534568767533,3.4428319057002312,3.514135555011861,Before the historical event,Event experienced
1.5,0,1,0,Nuclear-family environmental variance,5,2.2195738282651694,2.2465282504067945,2.0447554481633614,2.3986612371386453,2.25,2.2195738282651694,Before the historical event,Event experienced
1.5,0,1,0,Nonshared environmental variance,5,4.095670199837139,4.058815187043904,3.9520752334941847,4.357261174174788,4,4.095670199837139,Before the historical event,Event experienced
1.5,0,1,0,Phenotypic variance,5,9.82937958311417,9.816354129003619,9.513588506403346,10.111820622828892,9.692831905700231,9.82937958311417,Before the historical event,Event experienced
1.5200000000000005,0,0,0,Additive genetic variance,5,3.490799618384096,3.4964860641866986,3.360302973562992,3.6540175066724236,3.415125906872682,3.490799618384096,Before the historical event,Event not experienced
1.5200000000000005,0,0,0,Nuclear-family environmental variance,5,2.2198700767037165,2.2444688386419407,2.0484711514326333,2.3973545335941773,2.25,2.2198700767037165,Before the historical event,Event not experienced
1.5200000000000005,0,0,0,Nonshared environmental variance,5,4.094543272498174,4.058823278050771,3.9505433973273436,4.354214988672415,4,4.094543272498174,Before the historical event,Event not experienced
1.5200000000000005,0,0,0,Phenotypic variance,5,9.805212967585987,9.793442913418724,9.495418313635623,10.081160390498509,9.665125906872682,9.805212967585987,Before the historical event,Event not experienced
1.5200000000000005,0,1,0,Additive genetic variance,5,3.490799618384096,3.4964860641866986,3.360302973562992,3.6540175066724236,3.415125906872682,3.490799618384096,Before the historical event,Event experienced
1.5200000000000005,0,1,0,Nuclear-family environmental variance,5,2.2198700767037165,2.2444688386419407,2.0484711514326333,2.3973545335941773,2.25,2.2198700767037165,Before the historical event,Event experienced
1.5200000000000005,0,1,0,Nonshared environmental variance,5,4.094543272498174,4.058823278050771,3.9505433973273436,4.354214988672415,4,4.094543272498174,Before the historical event,Event experienced
1.5200000000000005,0,1,0,Phenotypic variance,5,9.805212967585987,9.793442913418724,9.495418313635623,10.081160390498509,9.665125906872682,9.805212967585987,Before the historical event,Event experienced
1.54,0,0,0,Additive genetic variance,5,3.4670620294813816,3.4748404376930364,3.3413709172220427,3.6222913588530634,3.387100891034402,3.4670620294813816,Before the historical event,Event not experienced
1.54,0,0,0,Nuclear-family environmental variance,5,2.2201663412162675,2.242416187550798,2.0522028032872477,2.3960368276643678,2.25,2.2201663412162675,Before the historical event,Event not experienced
1.54,0,0,0,Nonshared environmental variance,5,4.093397213011171,4.058821265789574,3.9489967288717933,4.35113559454611,4,4.093397213011171,Before the historical event,Event not experienced
1.54,0,0,0,Phenotypic variance,5,9.78062558370882,9.77010550451049,9.47688799494281,10.050084287118514,9.637100891034402,9.78062558370882,Before the historical event,Event not experienced
1.54,0,1,0,Additive genetic variance,5,3.4670620294813816,3.4748404376930364,3.3413709172220427,3.6222913588530634,3.387100891034402,3.4670620294813816,Before the historical event,Event experienced
1.54,0,1,0,Nuclear-family environmental variance,5,2.2201663412162675,2.242416187550798,2.0522028032872477,2.3960368276643678,2.25,2.2201663412162675,Before the historical event,Event experienced
1.54,0,1,0,Nonshared environmental variance,5,4.093397213011171,4.058821265789574,3.9489967288717933,4.35113559454611,4,4.093397213011171,Before the historical event,Event experienced
1.54,0,1,0,Phenotypic variance,5,9.78062558370882,9.77010550451049,9.47688799494281,10.050084287118514,9.637100891034402,9.78062558370882,Before the historical event,Event experienced
1.5600000000000005,0,0,0,Additive genetic variance,5,3.442933321905029,3.4528162874875843,3.3220878611368816,3.5901822870146622,3.358768406579237,3.442933321905029,Before the historical event,Event not experienced
1.5600000000000005,0,0,0,Nuclear-family environmental variance,5,2.2204626376372256,2.2403702820336715,2.055401887600919,2.3947081359177416,2.25,2.2204626376372256,Before the historical event,Event not experienced
1.5600000000000005,0,0,0,Nonshared environmental variance,5,4.092232045636758,4.058809150275338,3.947435246902206,4.3480230662291985,4,4.092232045636758,Before the historical event,Event not experienced
1.5600000000000005,0,0,0,Phenotypic variance,5,9.755628005179013,9.746350723372116,9.45800477866684,10.01860748871897,9.608768406579237,9.755628005179013,Before the historical event,Event not experienced
1.5600000000000005,0,1,0,Additive genetic variance,5,3.442933321905029,3.4528162874875843,3.3220878611368816,3.5901822870146622,3.358768406579237,3.442933321905029,Before the historical event,Event experienced
1.5600000000000005,0,1,0,Nuclear-family environmental variance,5,2.2204626376372256,2.2403702820336715,2.055401887600919,2.3947081359177416,2.25,2.2204626376372256,Before the historical event,Event experienced
1.5600000000000005,0,1,0,Nonshared environmental variance,5,4.092232045636758,4.058809150275338,3.947435246902206,4.3480230662291985,4,4.092232045636758,Before the historical event,Event experienced
1.5600000000000005,0,1,0,Phenotypic variance,5,9.755628005179013,9.746350723372116,9.45800477866684,10.01860748871897,9.608768406579237,9.755628005179013,Before the historical event,Event experienced
1.58,0,0,0,Additive genetic variance,5,3.418424143363286,3.429103819385877,3.3024611257759036,3.5578372826040585,3.330140053179798,3.418424143363286,Before the historical event,Event not experienced
1.58,0,0,0,Nuclear-family environmental variance,5,2.2207589820761706,2.238331107048616,2.0565851868842895,2.3933684750968283,2.25,2.2207589820761706,Before the historical event,Event not experienced
1.58,0,0,0,Nonshared environmental variance,5,4.091047794953141,4.0587869315985365,3.9458589703606197,4.344877478912929,4,4.091047794953141,Before the historical event,Event not experienced
1.58,0,0,0,Phenotypic variance,5,9.730230920392598,9.722187504848026,9.438775997510241,9.98674525002031,9.580140053179798,9.730230920392598,Before the historical event,Event not experienced
1.58,0,1,0,Additive genetic variance,5,3.418424143363286,3.429103819385877,3.3024611257759036,3.5578372826040585,3.330140053179798,3.418424143363286,Before the historical event,Event experienced
1.58,0,1,0,Nuclear-family environmental variance,5,2.2207589820761706,2.238331107048616,2.0565851868842895,2.3933684750968283,2.25,2.2207589820761706,Before the historical event,Event experienced
1.58,0,1,0,Nonshared environmental variance,5,4.091047794953141,4.0587869315985365,3.9458589703606197,4.344877478912929,4,4.091047794953141,Before the historical event,Event experienced
1.58,0,1,0,Phenotypic variance,5,9.730230920392598,9.722187504848026,9.438775997510241,9.98674525002031,9.580140053179798,9.730230920392598,Before the historical event,Event experienced
1.6000000000000005,0,0,0,Additive genetic variance,5,3.3935452478301658,3.400968994823811,3.2824981310845662,3.5255458381083185,3.301227473966728,3.3935452478301658,Before the historical event,Event not experienced
1.6000000000000005,0,0,0,Nuclear-family environmental variance,5,2.22105539091819,2.236298647611248,2.0577791736490125,2.392017862117812,2.25,2.22105539091819,Before the historical event,Event not experienced
1.6000000000000005,0,0,0,Nonshared environmental variance,5,4.089844485855212,4.0587546099250895,3.9442679183560565,4.341698908543454,4,4.089844485855212,Before the historical event,Event not experienced
1.6000000000000005,0,0,0,Phenotypic variance,5,9.704445124603568,9.697624891542269,9.41920908390176,9.954512892701176,9.551227473966728,9.704445124603568,Before the historical event,Event not experienced
1.6000000000000005,0,1,0,Additive genetic variance,5,3.3935452478301658,3.400968994823811,3.2824981310845662,3.5255458381083185,3.301227473966728,3.3935452478301658,Before the historical event,Event experienced
1.6000000000000005,0,1,0,Nuclear-family environmental variance,5,2.22105539091819,2.236298647611248,2.0577791736490125,2.392017862117812,2.25,2.22105539091819,Before the historical event,Event experienced
1.6000000000000005,0,1,0,Nonshared environmental variance,5,4.089844485855212,4.0587546099250895,3.9442679183560565,4.341698908543454,4,4.089844485855212,Before the historical event,Event experienced
1.6000000000000005,0,1,0,Phenotypic variance,5,9.704445124603568,9.697624891542269,9.41920908390176,9.954512892701176,9.551227473966728,9.704445124603568,Before the historical event,Event experienced
1.62,0,0,0,Additive genetic variance,5,3.368307487677657,3.3724559784979578,3.2622063918088955,3.49291969000174,3.272042347739404,3.368307487677657,Before the historical event,Event not experienced
1.62,0,0,0,Nuclear-family environmental variance,5,2.2213518808242085,2.234272888794568,2.058983865868904,2.3906563140701778,2.25,2.2213518808242085,Before the historical event,Event not experienced
1.62,0,0,0,Nonshared environmental variance,5,4.088622143553651,4.058712185496364,3.9426621101641377,4.338487431818753,4,4.088622143553651,Before the historical event,Event not experienced
1.62,0,0,0,Phenotypic variance,5,9.678281512055516,9.672672027786284,9.399311565320012,9.921925793711269,9.522042347739404,9.678281512055516,Before the historical event,Event not experienced
1.62,0,1,0,Additive genetic variance,5,3.368307487677657,3.3724559784979578,3.2622063918088955,3.49291969000174,3.272042347739404,3.368307487677657,Before the historical event,Event experienced
1.62,0,1,0,Nuclear-family environmental variance,5,2.2213518808242085,2.234272888794568,2.058983865868904,2.3906563140701778,2.25,2.2213518808242085,Before the historical event,Event experienced
1.62,0,1,0,Nonshared environmental variance,5,4.088622143553651,4.058712185496364,3.9426621101641377,4.338487431818753,4,4.088622143553651,Before the historical event,Event experienced
1.62,0,1,0,Phenotypic variance,5,9.678281512055516,9.672672027786284,9.399311565320012,9.921925793711269,9.522042347739404,9.678281512055516,Before the historical event,Event experienced
1.6399999999999997,0,0,0,Additive genetic variance,5,3.3427218057893335,3.343578194369069,3.241593512781151,3.4599737009104263,3.2425963812152148,3.3427218057893335,Before the historical event,Event not experienced
1.6399999999999997,0,0,0,Nuclear-family environmental variance,5,2.22164846873131,2.232253815728775,2.060199281684341,2.3892838482163583,2.25,2.22164846873131,Before the historical event,Event not experienced
1.6399999999999997,0,0,0,Nonshared environmental variance,5,4.087380793574009,4.058659658629162,3.941041565226695,4.335243126185546,4,4.087380793574009,Before the historical event,Event not experienced
1.6399999999999997,0,0,0,Phenotypic variance,5,9.65175106809465,9.647338153571578,9.37909105957931,9.888999373641598,9.492596381215215,9.65175106809465,Before the historical event,Event not experienced
1.6399999999999997,0,1,0,Additive genetic variance,5,3.3427218057893335,3.343578194369069,3.241593512781151,3.4599737009104263,3.2425963812152148,3.3427218057893335,Before the historical event,Event experienced
1.6399999999999997,0,1,0,Nuclear-family environmental variance,5,2.22164846873131,2.232253815728775,2.060199281684341,2.3892838482163583,2.25,2.22164846873131,Before the historical event,Event experienced
1.6399999999999997,0,1,0,Nonshared environmental variance,5,4.087380793574009,4.058659658629162,3.941041565226695,4.335243126185546,4,4.087380793574009,Before the historical event,Event experienced
1.6399999999999997,0,1,0,Phenotypic variance,5,9.65175106809465,9.647338153571578,9.37909105957931,9.888999373641598,9.492596381215215,9.65175106809465,Before the historical event,Event experienced
1.6600000000000001,0,0,0,Additive genetic variance,5,3.316799227663379,3.3143491494003126,3.220667184171803,3.4267227650701044,3.2129013013245324,3.316799227663379,Before the historical event,Event not experienced
1.6600000000000001,0,0,0,Nuclear-family environmental variance,5,2.221945171853057,2.2302414136010853,2.0614254394027176,2.387900481991367,2.25,2.221945171853057,Before the historical event,Event not experienced
1.6600000000000001,0,0,0,Nonshared environmental variance,5,4.086120461755794,4.0585970297157274,3.939406303151384,4.331966069836172,4,4.086120461755794,Before the historical event,Event not experienced
1.6600000000000001,0,0,0,Phenotypic variance,5,9.62486486127223,9.621632598453,9.358555270081798,9.855749085164348,9.462901301324532,9.62486486127223,Before the historical event,Event not experienced
1.6600000000000001,0,1,0,Additive genetic variance,5,3.316799227663379,3.3143491494003126,3.220667184171803,3.4267227650701044,3.2129013013245324,3.316799227663379,Before the historical event,Event experienced
1.6600000000000001,0,1,0,Nuclear-family environmental variance,5,2.221945171853057,2.2302414136010853,2.0614254394027176,2.387900481991367,2.25,2.221945171853057,Before the historical event,Event experienced
1.6600000000000001,0,1,0,Nonshared environmental variance,5,4.086120461755794,4.0585970297157274,3.939406303151384,4.331966069836172,4,4.086120461755794,Before the historical event,Event experienced
1.6600000000000001,0,1,0,Phenotypic variance,5,9.62486486127223,9.621632598453,9.358555270081798,9.855749085164348,9.462901301324532,9.62486486127223,Before the historical event,Event experienced
1.6799999999999997,0,0,0,Additive genetic variance,5,3.2905508535129493,3.2847824231337373,3.1994351767119813,3.3931817972793477,3.1829688475583007,3.2905508535129493,Before the historical event,Event not experienced
1.6799999999999997,0,0,0,Nuclear-family environmental variance,5,2.222242007679807,2.2282356676555564,2.0626623574989003,2.386506233002429,2.25,2.222242007679807,Before the historical event,Event not experienced
1.6799999999999997,0,0,0,Nonshared environmental variance,5,4.08484117425154,4.058524299223735,3.9377563437112864,4.328656341705437,4,4.08484117425154,Before the historical event,Event not experienced
1.6799999999999997,0,0,0,Phenotypic variance,5,9.597634035444296,9.595564775428146,9.337711981040059,9.822190401554344,9.4329688475583,9.597634035444296,Before the historical event,Event not experienced
1.6799999999999997,0,1,0,Additive genetic variance,5,3.2905508535129493,3.2847824231337373,3.1994351767119813,3.3931817972793477,3.1829688475583007,3.2905508535129493,Before the historical event,Event experienced
1.6799999999999997,0,1,0,Nuclear-family environmental variance,5,2.222242007679807,2.2282356676555564,2.0626623574989003,2.386506233002429,2.25,2.222242007679807,Before the historical event,Event experienced
1.6799999999999997,0,1,0,Nonshared environmental variance,5,4.08484117425154,4.058524299223735,3.9377563437112864,4.328656341705437,4,4.08484117425154,Before the historical event,Event experienced
1.6799999999999997,0,1,0,Phenotypic variance,5,9.597634035444296,9.595564775428146,9.337711981040059,9.822190401554344,9.4329688475583,9.597634035444296,Before the historical event,Event experienced
1.7000000000000002,0,0,0,Additive genetic variance,5,3.2639878503717594,3.2548916572916853,3.177905336890517,3.359365721941895,3.1528107643750807,3.2639878503717594,Before the historical event,Event not experienced
1.7000000000000002,0,0,0,Nuclear-family environmental variance,5,2.22253899397902,2.2262365631929035,2.0639100546156914,2.385101119028609,2.25,2.22253899397902,Before the historical event,Event not experienced
1.7000000000000002,0,0,0,Nonshared environmental variance,5,4.083542957525863,4.0584414676962854,3.9360917068445094,4.3253140214674355,4,4.083542957525863,Before the historical event,Event not experienced
1.7000000000000002,0,0,0,Phenotypic variance,5,9.570069801876642,9.56914417479857,9.316569052674321,9.788338805303926,9.402810764375081,9.570069801876642,Before the historical event,Event not experienced
1.7000000000000002,0,1,0,Additive genetic variance,5,3.2639878503717594,3.2548916572916853,3.177905336890517,3.359365721941895,3.1528107643750807,3.2639878503717594,Before the historical event,Event experienced
1.7000000000000002,0,1,0,Nuclear-family environmental variance,5,2.22253899397902,2.2262365631929035,2.0639100546156914,2.385101119028609,2.25,2.22253899397902,Before the historical event,Event experienced
1.7000000000000002,0,1,0,Nonshared environmental variance,5,4.083542957525863,4.0584414676962854,3.9360917068445094,4.3253140214674355,4,4.083542957525863,Before the historical event,Event experienced
1.7000000000000002,0,1,0,Phenotypic variance,5,9.570069801876642,9.56914417479857,9.316569052674321,9.788338805303926,9.402810764375081,9.570069801876642,Before the historical event,Event experienced
1.7199999999999998,0,0,0,Additive genetic variance,5,3.2371214442126934,3.2246905454141586,3.1560855821297578,3.325289462209097,3.122438793674299,3.2371214442126934,Before the historical event,Event not experienced
1.7199999999999998,0,0,0,Nuclear-family environmental variance,5,2.2228361487955666,2.224244085570322,2.065168549564294,2.383685158020429,2.25,2.2228361487955666,Before the historical event,Event not experienced
1.7199999999999998,0,0,0,Nonshared environmental variance,5,4.082225838354517,4.058348535751899,3.9344124126537947,4.3219391895323485,4,4.082225838354517,Before the historical event,Event not experienced
1.7199999999999998,0,0,0,Phenotypic variance,5,9.542183431362776,9.542380358018306,9.295134416388434,9.754209776842758,9.372438793674299,9.542183431362776,Before the historical event,Event not experienced
1.7199999999999998,0,1,0,Additive genetic variance,5,3.2371214442126934,3.2246905454141586,3.1560855821297578,3.325289462209097,3.122438793674299,3.2371214442126934,Before the historical event,Event experienced
1.7199999999999998,0,1,0,Nuclear-family environmental variance,5,2.2228361487955666,2.224244085570322,2.065168549564294,2.383685158020429,2.25,2.2228361487955666,Before the historical event,Event experienced
1.7199999999999998,0,1,0,Nonshared environmental variance,5,4.082225838354517,4.058348535751899,3.9344124126537947,4.3219391895323485,4,4.082225838354517,Before the historical event,Event experienced
1.7199999999999998,0,1,0,Phenotypic variance,5,9.542183431362776,9.542380358018306,9.295134416388434,9.754209776842758,9.372438793674299,9.542183431362776,Before the historical event,Event experienced
1.7400000000000002,0,0,0,Additive genetic variance,5,3.2099629120871436,3.1941928225429654,3.1339838959442807,3.2909679292331977,3.0918646673422083,3.2099629120871436,Before the historical event,Event not experienced
1.7400000000000002,0,0,0,Nuclear-family environmental variance,5,2.223133490452025,2.22225822020131,2.0664378613247845,2.382258368099482,2.25,2.223133490452025,Before the historical event,Event not experienced
1.7400000000000002,0,0,0,Nonshared environmental variance,5,4.080889843823431,4.0582455040845105,3.932718481406109,4.318531927043212,4,4.080889843823431,Before the historical event,Event not experienced
1.7400000000000002,0,0,0,Phenotypic variance,5,9.513986246362599,9.515282951535282,9.27341606992874,9.719818783373874,9.341864667342207,9.513986246362599,Before the historical event,Event not experienced
1.7400000000000002,0,1,0,Additive genetic variance,5,3.2099629120871436,3.1941928225429654,3.1339838959442807,3.2909679292331977,3.0918646673422083,3.2099629120871436,Before the historical event,Event experienced
1.7400000000000002,0,1,0,Nuclear-family environmental variance,5,2.223133490452025,2.22225822020131,2.0664378613247845,2.382258368099482,2.25,2.223133490452025,Before the historical event,Event experienced
1.7400000000000002,0,1,0,Nonshared environmental variance,5,4.080889843823431,4.0582455040845105,3.932718481406109,4.318531927043212,4,4.080889843823431,Before the historical event,Event experienced
1.7400000000000002,0,1,0,Phenotypic variance,5,9.513986246362599,9.515282951535282,9.27341606992874,9.719818783373874,9.341864667342207,9.513986246362599,Before the historical event,Event experienced
1.7599999999999998,0,0,0,Additive genetic variance,5,3.1825235742927234,3.1690603367788657,3.11104351490511,3.2564160115420497,3.061100099877081,3.1825235742927234,Before the historical event,Event not experienced
1.7599999999999998,0,0,0,Nuclear-family environmental variance,5,2.2234310375489823,2.2202789525554922,2.067718009046586,2.3808207675580446,2.25,2.2234310375489823,Before the historical event,Event not experienced
1.7599999999999998,0,0,0,Nonshared environmental variance,5,4.079535001327742,4.0581323734634545,3.931009933532238,4.315092315872645,4,4.079535001327742,Before the historical event,Event not experienced
1.7599999999999998,0,0,0,Phenotypic variance,5,9.485489613169447,9.487861640631166,9.25142207253001,9.685181267837024,9.31110009987708,9.485489613169447,Before the historical event,Event not experienced
1.7599999999999998,0,1,0,Additive genetic variance,5,3.1825235742927234,3.1690603367788657,3.11104351490511,3.2564160115420497,3.061100099877081,3.1825235742927234,Before the historical event,Event experienced
1.7599999999999998,0,1,0,Nuclear-family environmental variance,5,2.2234310375489823,2.2202789525554922,2.067718009046586,2.3808207675580446,2.25,2.2234310375489823,Before the historical event,Event experienced
1.7599999999999998,0,1,0,Nonshared environmental variance,5,4.079535001327742,4.0581323734634545,3.931009933532238,4.315092315872645,4,4.079535001327742,Before the historical event,Event experienced
1.7599999999999998,0,1,0,Phenotypic variance,5,9.485489613169447,9.487861640631166,9.25142207253001,9.685181267837024,9.31110009987708,9.485489613169447,Before the historical event,Event experienced
1.7800000000000002,0,0,0,Additive genetic variance,5,3.1548147865768374,3.1454692026523436,3.087656307420507,3.2216485645454487,3.0301567810998136,3.1548147865768374,Before the historical event,Event not experienced
1.7800000000000002,0,0,0,Nuclear-family environmental variance,5,2.2237288089653218,2.21830626815844,2.0690090120489506,2.379372374858673,2.25,2.2237288089653218,Before the historical event,Event not experienced
1.7800000000000002,0,0,0,Nonshared environmental variance,5,4.078161338570816,4.058009144733459,3.929286789626379,4.31162043861958,4,4.078161338570816,Before the historical event,Event not experienced
1.7800000000000002,0,0,0,Phenotypic variance,5,9.456704934112976,9.460126163265048,9.229160540052504,9.650312638010053,9.280156781099814,9.456704934112976,Before the historical event,Event not experienced
1.7800000000000002,0,1,0,Additive genetic variance,5,3.1548147865768374,3.1454692026523436,3.087656307420507,3.2216485645454487,3.0301567810998136,3.1548147865768374,Before the historical event,Event experienced
1.7800000000000002,0,1,0,Nuclear-family environmental variance,5,2.2237288089653218,2.21830626815844,2.0690090120489506,2.379372374858673,2.25,2.2237288089653218,Before the historical event,Event experienced
1.7800000000000002,0,1,0,Nonshared environmental variance,5,4.078161338570816,4.058009144733459,3.929286789626379,4.31162043861958,4,4.078161338570816,Before the historical event,Event experienced
1.7800000000000002,0,1,0,Phenotypic variance,5,9.456704934112976,9.460126163265048,9.229160540052504,9.650312638010053,9.280156781099814,9.456704934112976,Before the historical event,Event experienced
1.7999999999999998,0,0,0,Additive genetic variance,5,3.1268479323835576,3.1215523689346525,3.064018511075854,3.1866804001831306,2.9990463689561655,3.1268479323835576,Before the historical event,Event not experienced
1.7999999999999998,0,0,0,Nuclear-family environmental variance,5,2.2240268238585146,2.2163401525915,2.0703108898214397,2.3779132086338115,2.25,2.2240268238585146,Before the historical event,Event not experienced
1.7999999999999998,0,0,0,Nonshared environmental variance,5,4.076768883563264,4.057875818814639,3.927549070445724,4.308116378605933,4,4.076768883563264,Before the historical event,Event not experienced
1.7999999999999998,0,0,0,Phenotypic variance,5,9.427643639805336,9.432086303926472,9.206639640114325,9.615228255758808,9.249046368956165,9.427643639805336,Before the historical event,Event not experienced
1.7999999999999998,0,1,0,Additive genetic variance,5,3.1268479323835576,3.1215523689346525,3.064018511075854,3.1866804001831306,2.9990463689561655,3.1268479323835576,Before the historical event,Event experienced
1.7999999999999998,0,1,0,Nuclear-family environmental variance,5,2.2240268238585146,2.2163401525915,2.0703108898214397,2.3779132086338115,2.25,2.2240268238585146,Before the historical event,Event experienced
1.7999999999999998,0,1,0,Nonshared environmental variance,5,4.076768883563264,4.057875818814639,3.927549070445724,4.308116378605933,4,4.076768883563264,Before the historical event,Event experienced
1.7999999999999998,0,1,0,Phenotypic variance,5,9.427643639805336,9.432086303926472,9.206639640114325,9.615228255758808,9.249046368956165,9.427643639805336,Before the historical event,Event experienced
1.8200000000000003,0,0,0,Additive genetic variance,5,3.098634415151039,3.097319963693404,3.040138692257241,3.1515262767240766,2.9677804824165164,3.098634415151039,Before the historical event,Event not experienced
1.8200000000000003,0,0,0,Nuclear-family environmental variance,5,2.2243251016649004,2.2143805914916164,2.071623662024415,2.3764432876853734,2.25,2.2243251016649004,Before the historical event,Event not experienced
1.8200000000000003,0,0,0,Nonshared environmental variance,5,4.075357664621938,4.057732396702481,3.9257967969100527,4.304580219873263,4,4.075357664621938,Before the historical event,Event not experienced
1.8200000000000003,0,0,0,Phenotypic variance,5,9.398317181437879,9.403751887503123,9.183867587223089,9.579943426445732,9.217780482416517,9.398317181437879,Before the historical event,Event not experienced
1.8200000000000003,0,1,0,Additive genetic variance,5,3.098634415151039,3.097319963693404,3.040138692257241,3.1515262767240766,2.9677804824165164,3.098634415151039,Before the historical event,Event experienced
1.8200000000000003,0,1,0,Nuclear-family environmental variance,5,2.2243251016649004,2.2143805914916164,2.071623662024415,2.3764432876853734,2.25,2.2243251016649004,Before the historical event,Event experienced
1.8200000000000003,0,1,0,Nonshared environmental variance,5,4.075357664621938,4.057732396702481,3.9257967969100527,4.304580219873263,4,4.075357664621938,Before the historical event,Event experienced
1.8200000000000003,0,1,0,Phenotypic variance,5,9.398317181437879,9.403751887503123,9.183867587223089,9.579943426445732,9.217780482416517,9.398317181437879,Before the historical event,Event experienced
1.8399999999999999,0,0,0,Additive genetic variance,5,3.0701856506666805,3.072782188612574,3.0160254508618562,3.116200888726573,2.9363706944790016,3.0701856506666805,Before the historical event,Event not experienced
1.8399999999999999,0,0,0,Nuclear-family environmental variance,5,2.224623662099967,2.212427570551159,2.0729473484895315,2.374962630984336,2.25,2.224623662099967,Before the historical event,Event not experienced
1.8399999999999999,0,0,0,Nonshared environmental variance,5,4.073927710368931,4.057578879467825,3.9240299901013045,4.301012047179416,4,4.073927710368931,Before the historical event,Event not experienced
1.8399999999999999,0,0,0,Phenotypic variance,5,9.36873702313558,9.375132773168554,9.160852637910953,9.544473388507033,9.186370694479002,9.36873702313558,Before the historical event,Event not experienced
1.8399999999999999,0,1,0,Additive genetic variance,5,3.0701856506666805,3.072782188612574,3.0160254508618562,3.116200888726573,2.9363706944790016,3.0701856506666805,Before the historical event,Event experienced
1.8399999999999999,0,1,0,Nuclear-family environmental variance,5,2.224623662099967,2.212427570551159,2.0729473484895315,2.374962630984336,2.25,2.224623662099967,Before the historical event,Event experienced
1.8399999999999999,0,1,0,Nonshared environmental variance,5,4.073927710368931,4.057578879467825,3.9240299901013045,4.301012047179416,4,4.073927710368931,Before the historical event,Event experienced
1.8399999999999999,0,1,0,Phenotypic variance,5,9.36873702313558,9.375132773168554,9.160852637910953,9.544473388507033,9.186370694479002,9.36873702313558,Before the historical event,Event experienced
1.8600000000000003,0,0,0,Additive genetic variance,5,3.0415130594869937,3.047949311894325,2.9916874151683697,3.083022688023665,2.904828525281582,3.0415130594869937,Before the historical event,Event not experienced
1.8600000000000003,0,0,0,Nuclear-family environmental variance,5,2.2249225251586244,2.210481075517748,2.074281969220233,2.3734712576703165,2.25,2.2249225251586244,Before the historical event,Event not experienced
1.8600000000000003,0,0,0,Nonshared environmental variance,5,4.072479049730559,4.057415268256864,3.9222486712631635,4.297411945995112,4,4.072479049730559,Before the historical event,Event not experienced
1.8600000000000003,0,0,0,Phenotypic variance,5,9.338914634376177,9.346238848295151,9.137603085877068,9.508833303207917,9.154828525281582,9.338914634376177,Before the historical event,Event not experienced
1.8600000000000003,0,1,0,Additive genetic variance,5,3.0415130594869937,3.047949311894325,2.9916874151683697,3.083022688023665,2.904828525281582,3.0415130594869937,Before the historical event,Event experienced
1.8600000000000003,0,1,0,Nuclear-family environmental variance,5,2.2249225251586244,2.210481075517748,2.074281969220233,2.3734712576703165,2.25,2.2249225251586244,Before the historical event,Event experienced
1.8600000000000003,0,1,0,Nonshared environmental variance,5,4.072479049730559,4.057415268256864,3.9222486712631635,4.297411945995112,4,4.072479049730559,Before the historical event,Event experienced
1.8600000000000003,0,1,0,Phenotypic variance,5,9.338914634376177,9.346238848295151,9.137603085877068,9.508833303207917,9.154828525281582,9.338914634376177,Before the historical event,Event experienced
1.88,0,0,0,Additive genetic variance,5,3.012628059429105,3.022831661163314,2.9671332367302403,3.0552335118929395,2.8731654353285574,3.012628059429105,Before the historical event,Event not experienced
1.88,0,0,0,Nuclear-family environmental variance,5,2.2252217111154753,2.2085410921940825,2.0756275443922556,2.371969187051153,2.25,2.2252217111154753,Before the historical event,Event not experienced
1.88,0,0,0,Nonshared environmental variance,5,4.071011711936334,4.05724156429112,3.9204528618006305,4.293780002500538,4,4.071011711936334,Before the historical event,Event not experienced
1.88,0,0,0,Phenotypic variance,5,9.308861482480914,9.31708002239757,9.114127257141401,9.473038244585167,9.123165435328557,9.308861482480914,Before the historical event,Event not experienced
1.88,0,1,0,Additive genetic variance,5,3.012628059429105,3.022831661163314,2.9671332367302403,3.0552335118929395,2.8731654353285574,3.012628059429105,Before the historical event,Event experienced
1.88,0,1,0,Nuclear-family environmental variance,5,2.2252217111154753,2.2085410921940825,2.0756275443922556,2.371969187051153,2.25,2.2252217111154753,Before the historical event,Event experienced
1.88,0,1,0,Nonshared environmental variance,5,4.071011711936334,4.05724156429112,3.9204528618006305,4.293780002500538,4,4.071011711936334,Before the historical event,Event experienced
1.88,0,1,0,Phenotypic variance,5,9.308861482480914,9.31708002239757,9.114127257141401,9.473038244585167,9.123165435328557,9.308861482480914,Before the historical event,Event experienced
1.9000000000000004,0,0,0,Additive genetic variance,5,2.983542058140546,2.9974396163802464,2.941318523477361,3.027237644137366,2.841392818836708,2.983542058140546,Before the historical event,Event not experienced
1.9000000000000004,0,0,0,Nuclear-family environmental variance,5,2.2255212405250804,2.2066076064377684,2.076984094354134,2.3704564386024694,2.25,2.2255212405250804,Before the historical event,Event not experienced
1.9000000000000004,0,0,0,Nonshared environmental variance,5,4.069525726517936,4.05705776886743,3.9186425832795995,4.290116303581895,4,4.069525726517936,Before the historical event,Event not experienced
1.9000000000000004,0,0,0,Phenotypic variance,5,9.278589025183562,9.287666221111742,9.090433505213813,9.437103189585835,9.091392818836708,9.278589025183562,Before the historical event,Event not experienced
1.9000000000000004,0,1,0,Additive genetic variance,5,2.983542058140546,2.9974396163802464,2.941318523477361,3.027237644137366,2.841392818836708,2.983542058140546,Before the historical event,Event experienced
1.9000000000000004,0,1,0,Nuclear-family environmental variance,5,2.2255212405250804,2.2066076064377684,2.076984094354134,2.3704564386024694,2.25,2.2255212405250804,Before the historical event,Event experienced
1.9000000000000004,0,1,0,Nonshared environmental variance,5,4.069525726517936,4.05705776886743,3.9186425832795995,4.290116303581895,4,4.069525726517936,Before the historical event,Event experienced
1.9000000000000004,0,1,0,Phenotypic variance,5,9.278589025183562,9.287666221111742,9.090433505213813,9.437103189585835,9.091392818836708,9.278589025183562,Before the historical event,Event experienced
1.92,0,0,0,Additive genetic variance,5,2.9542664457539383,2.970281845614339,2.9096141973093195,2.9991956556593604,2.809521997206206,2.9542664457539383,Before the historical event,Event not experienced
1.92,0,0,0,Nuclear-family environmental variance,5,2.22582113422222,2.204680604161148,2.078351639627709,2.3689330319672455,2.25,2.22582113422222,Before the historical event,Event not experienced
1.92,0,0,0,Nonshared environmental variance,5,4.068021123308163,4.056863883357933,3.91681785742642,4.286420936827922,4,4.068021123308163,Before the historical event,Event not experienced
1.92,0,0,0,Phenotypic variance,5,9.248108703284322,9.258007380214451,9.066530206282389,9.401043008410639,9.059521997206206,9.248108703284322,Before the historical event,Event not experienced
1.92,0,1,0,Additive genetic variance,5,2.9542664457539383,2.970281845614339,2.9096141973093195,2.9991956556593604,2.809521997206206,2.9542664457539383,Before the historical event,Event experienced
1.92,0,1,0,Nuclear-family environmental variance,5,2.22582113422222,2.204680604161148,2.078351639627709,2.3689330319672455,2.25,2.22582113422222,Before the historical event,Event experienced
1.92,0,1,0,Nonshared environmental variance,5,4.068021123308163,4.056863883357933,3.91681785742642,4.286420936827922,4,4.068021123308163,Before the historical event,Event experienced
1.92,0,1,0,Phenotypic variance,5,9.248108703284322,9.258007380214451,9.066530206282389,9.401043008410639,9.059521997206206,9.248108703284322,Before the historical event,Event experienced
1.9400000000000004,0,0,0,Additive genetic variance,5,2.9248125876329225,2.933369376748415,2.8777472440073937,2.9719178758047136,2.777564212621092,2.9248125876329225,Before the historical event,Event not experienced
1.9400000000000004,0,0,0,Nuclear-family environmental variance,5,2.226121413322151,2.202760071331128,2.0797302009086507,2.3673989869553727,2.25,2.226121413322151,Before the historical event,Event not experienced
1.9400000000000004,0,0,0,Nonshared environmental variance,5,4.066497932439881,4.0566599092100555,3.914978706127471,4.282693990526397,4,4.066497932439881,Before the historical event,Event not experienced
1.9400000000000004,0,0,0,Phenotypic variance,5,9.217431933394954,9.2281134396885,9.04242575442477,9.364872455070152,9.027564212621092,9.217431933394954,Before the historical event,Event not experienced
1.9400000000000004,0,1,0,Additive genetic variance,5,2.9248125876329225,2.933369376748415,2.8777472440073937,2.9719178758047136,2.777564212621092,2.9248125876329225,Before the historical event,Event experienced
1.9400000000000004,0,1,0,Nuclear-family environmental variance,5,2.226121413322151,2.202760071331128,2.0797302009086507,2.3673989869553727,2.25,2.226121413322151,Before the historical event,Event experienced
1.9400000000000004,0,1,0,Nonshared environmental variance,5,4.066497932439881,4.0566599092100555,3.914978706127471,4.282693990526397,4,4.066497932439881,Before the historical event,Event experienced
1.9400000000000004,0,1,0,Phenotypic variance,5,9.217431933394954,9.2281134396885,9.04242575442477,9.364872455070152,9.027564212621092,9.217431933394954,Before the historical event,Event experienced
1.96,0,0,0,Additive genetic variance,5,2.8951918172155606,2.8963832537076457,2.8457306601950902,2.9444476198196807,2.74553062178407,2.8951918172155606,Before the historical event,Event not experienced
1.96,0,0,0,Nuclear-family environmental variance,5,2.22642209922086,2.200845993969012,2.0811197990669683,2.3658543235432092,2.25,2.22642209922086,Before the historical event,Event not experienced
1.96,0,0,0,Nonshared environmental variance,5,4.0649561843449655,4.056320729408958,3.913125151428719,4.2789480655143715,4,4.0649561843449655,Before the historical event,Event not experienced
1.96,0,0,0,Phenotypic variance,5,9.186570100781386,9.197994337838258,9.018128556846305,9.328606158161625,8.99553062178407,9.186570100781386,Before the historical event,Event not experienced
1.96,0,1,0,Additive genetic variance,5,2.8951918172155606,2.8963832537076457,2.8457306601950902,2.9444476198196807,2.74553062178407,2.8951918172155606,Before the historical event,Event experienced
1.96,0,1,0,Nuclear-family environmental variance,5,2.22642209922086,2.200845993969012,2.0811197990669683,2.3658543235432092,2.25,2.22642209922086,Before the historical event,Event experienced
1.96,0,1,0,Nonshared environmental variance,5,4.0649561843449655,4.056320729408958,3.913125151428719,4.2789480655143715,4,4.0649561843449655,Before the historical event,Event experienced
1.96,0,1,0,Phenotypic variance,5,9.186570100781386,9.197994337838258,9.018128556846305,9.328606158161625,8.99553062178407,9.186570100781386,Before the historical event,Event experienced
1.9800000000000004,0,0,0,Additive genetic variance,5,2.8654154289612266,2.859337913583432,2.813577375685123,2.916794844295339,2.7134322897900174,2.8654154289612266,Before the historical event,Event not experienced
1.9800000000000004,0,0,0,Nuclear-family environmental variance,5,2.2267232135953123,2.1989383581503303,2.082520455147544,2.364299061873132,2.25,2.2267232135953123,Before the historical event,Event not experienced
1.9800000000000004,0,0,0,Nonshared environmental variance,5,4.063395909753226,4.0543070192751935,3.9112572155352856,4.275337184094846,4,4.063395909753226,Before the historical event,Event not experienced
1.9800000000000004,0,0,0,Phenotypic variance,5,9.155534552309765,9.16766000546038,8.993647029148779,9.29225861187377,8.963432289790017,9.155534552309765,Before the historical event,Event not experienced
1.9800000000000004,0,1,0,Additive genetic variance,5,2.8654154289612266,2.859337913583432,2.813577375685123,2.916794844295339,2.7134322897900174,2.8654154289612266,Before the historical event,Event experienced
1.9800000000000004,0,1,0,Nuclear-family environmental variance,5,2.2267232135953123,2.1989383581503303,2.082520455147544,2.364299061873132,2.25,2.2267232135953123,Before the historical event,Event experienced
1.9800000000000004,0,1,0,Nonshared environmental variance,5,4.063395909753226,4.0543070192751935,3.9112572155352856,4.275337184094846,4,4.063395909753226,Before the historical event,Event experienced
1.9800000000000004,0,1,0,Phenotypic variance,5,9.155534552309765,9.16766000546038,8.993647029148779,9.29225861187377,8.963432289790017,9.155534552309765,Before the historical event,Event experienced
2,0,0,0,Additive genetic variance,5,2.8354946714068476,2.8222476425712406,2.7813002451067645,2.888969494812902,2.6812801841425573,2.8354946714068476,Before the historical event,Event not experienced
2,0,0,0,Nuclear-family environmental variance,5,2.227024778403696,2.1970371500046717,2.0839321903706542,2.362733222253075,2.25,2.227024778403696,Before the historical event,Event not experienced
2,0,0,0,Nonshared environmental variance,5,4.061817139691332,4.0522693810635015,3.9093749208109974,4.271696376573313,4,4.061817139691332,Before the historical event,Event not experienced
2,0,0,0,Phenotypic variance,5,9.124336589501876,9.137120360074357,8.96898959063335,9.255844167226604,8.931280184142558,9.124336589501876,Before the historical event,Event not experienced
2,0,1,0,Additive genetic variance,5,2.8354946714068476,2.8222476425712406,2.7813002451067645,2.888969494812902,2.6812801841425573,2.8354946714068476,Before the historical event,Event experienced
2,0,1,0,Nuclear-family environmental variance,5,2.227024778403696,2.1970371500046717,2.0839321903706542,2.362733222253075,2.25,2.227024778403696,Before the historical event,Event experienced
2,0,1,0,Nonshared environmental variance,5,4.061817139691332,4.0522693810635015,3.9093749208109974,4.271696376573313,4,4.061817139691332,Before the historical event,Event experienced
2,0,1,0,Phenotypic variance,5,9.124336589501876,9.137120360074357,8.96898959063335,9.255844167226604,8.931280184142558,9.124336589501876,Before the historical event,Event experienced
2.0200000000000005,0,0,0,Additive genetic variance,5,2.8054407403381045,2.795058682716262,2.747918828170767,2.8609815001209036,2.649085168917676,2.8054407403381045,Before the historical event,Event not experienced
2.0200000000000005,0,0,0,Nuclear-family environmental variance,5,2.227326815885661,2.1951423557155176,2.0853550261325102,2.3611568251560695,2.25,2.227326815885661,Before the historical event,Event not experienced
2.0200000000000005,0,0,0,Nonshared environmental variance,5,4.06021990548172,4.050207851862636,3.907478289777943,4.268025730464177,4,4.06021990548172,Before the historical event,Event not experienced
2.0200000000000005,0,0,0,Phenotypic variance,5,9.092987461705485,9.10638530021743,8.944164659641315,9.219377023552937,8.899085168917676,9.092987461705485,Before the historical event,Event not experienced
2.0200000000000005,0,1,0,Additive genetic variance,5,2.8054407403381045,2.795058682716262,2.747918828170767,2.8609815001209036,2.649085168917676,2.8054407403381045,Before the historical event,Event experienced
2.0200000000000005,0,1,0,Nuclear-family environmental variance,5,2.227326815885661,2.1951423557155176,2.0853550261325102,2.3611568251560695,2.25,2.227326815885661,Before the historical event,Event experienced
2.0200000000000005,0,1,0,Nonshared environmental variance,5,4.06021990548172,4.050207851862636,3.907478289777943,4.268025730464177,4,4.06021990548172,Before the historical event,Event experienced
2.0200000000000005,0,1,0,Phenotypic variance,5,9.092987461705485,9.10638530021743,8.944164659641315,9.219377023552937,8.899085168917676,9.092987461705485,Before the historical event,Event experienced
2.04,0,0,0,Additive genetic variance,5,2.7752647720810986,2.769902434797458,2.71423406051542,2.832840766379842,2.616857999078307,2.7752647720810986,Before the historical event,Event not experienced
2.04,0,0,0,Nuclear-family environmental variance,5,2.2276293485625587,2.193253961520074,2.0867889840057914,2.3595698912197807,2.25,2.2276293485625587,Before the historical event,Event not experienced
2.04,0,0,0,Nonshared environmental variance,5,4.058604238741499,4.048122469183381,3.9055673451160278,4.26432533392832,4,4.058604238741499,Before the historical event,Event not experienced
2.04,0,0,0,Phenotypic variance,5,9.061498359385157,9.075464699808395,8.919180648936235,9.18287122022778,8.866857999078308,9.061498359385157,Before the historical event,Event not experienced
2.04,0,1,0,Additive genetic variance,5,2.7752647720810986,2.769902434797458,2.71423406051542,2.832840766379842,2.616857999078307,2.7752647720810986,Before the historical event,Event experienced
2.04,0,1,0,Nuclear-family environmental variance,5,2.2276293485625587,2.193253961520074,2.0867889840057914,2.3595698912197807,2.25,2.2276293485625587,Before the historical event,Event experienced
2.04,0,1,0,Nonshared environmental variance,5,4.058604238741499,4.048122469183381,3.9055673451160278,4.26432533392832,4,4.058604238741499,Before the historical event,Event experienced
2.04,0,1,0,Phenotypic variance,5,9.061498359385157,9.075464699808395,8.919180648936235,9.18287122022778,8.866857999078308,9.061498359385157,Before the historical event,Event experienced
2.0600000000000005,0,0,0,Additive genetic variance,5,2.744977836919664,2.744601599100656,2.6804776309657172,2.804557171478739,2.5846093149434513,2.744977836919664,Before the historical event,Event not experienced
2.0600000000000005,0,0,0,Nuclear-family environmental variance,5,2.2279323992376705,2.1913719537091056,2.0882340857401913,2.3579724412460283,2.25,2.2279323992376705,Before the historical event,Event not experienced
2.0600000000000005,0,0,0,Nonshared environmental variance,5,4.056970171381347,4.046013270957419,3.9036421096625227,4.260595275769565,4,4.056970171381347,Before the historical event,Event not experienced
2.0600000000000005,0,0,0,Phenotypic variance,5,9.029880407538682,9.044368402584489,8.89404596113095,9.146340628651474,8.834609314943451,9.029880407538682,Before the historical event,Event not experienced
2.0600000000000005,0,1,0,Additive genetic variance,5,2.744977836919664,2.744601599100656,2.6804776309657172,2.804557171478739,2.5846093149434513,2.744977836919664,Before the historical event,Event experienced
2.0600000000000005,0,1,0,Nuclear-family environmental variance,5,2.2279323992376705,2.1913719537091056,2.0882340857401913,2.3579724412460283,2.25,2.2279323992376705,Before the historical event,Event experienced
2.0600000000000005,0,1,0,Nonshared environmental variance,5,4.056970171381347,4.046013270957419,3.9036421096625227,4.260595275769565,4,4.056970171381347,Before the historical event,Event experienced
2.0600000000000005,0,1,0,Phenotypic variance,5,9.029880407538682,9.044368402584489,8.89404596113095,9.146340628651474,8.834609314943451,9.029880407538682,Before the historical event,Event experienced
2.08,1,0,0,Additive genetic variance,5,2.714590932643429,2.719164304221547,2.646662560198427,2.7761405594280713,2.5523496368153222,2.714590932643429,After the historical event,Event not experienced
2.08,1,0,0,Nuclear-family environmental variance,5,2.2282359909964367,2.1894963186267717,2.0896903532629625,2.3563644962003116,2.25,2.2282359909964367,After the historical event,Event not experienced
2.08,1,0,0,Nonshared environmental variance,5,4.055317735604392,4.043880295536166,3.901702606411605,4.256835645431119,4,4.055317735604392,After the historical event,Event not experienced
2.08,1,0,0,Phenotypic variance,5,8.998144659244257,9.009939658393286,8.868768984162752,9.110115600314343,8.802349636815322,8.998144659244257,After the historical event,Event not experienced
2.08,1,1,1,Additive genetic variance,5,3.716382457555688,3.301820059263771,3.0425539989844266,4.712053963696446,3.8076582252168243,3.716382457555688,After the historical event,Event experienced
2.08,1,1,1,Nuclear-family environmental variance,5,2.3689509799803403,2.357616280097693,2.198097270331019,2.604994543517351,2.25,2.3689509799803403,After the historical event,Event experienced
2.08,1,1,1,Nonshared environmental variance,5,3.9995440215303124,4.080409494142988,3.588493366384714,4.207474471417831,4,3.9995440215303124,After the historical event,Event experienced
2.08,1,1,1,Phenotypic variance,5,10.084877459066341,10.05438458993925,9.621320639898808,10.64126450371616,10.057658225216825,10.084877459066341,After the historical event,Event experienced
2.1000000000000005,1,0,0,Additive genetic variance,5,2.6841149782313933,2.6935986590402403,2.612801737305272,2.747600734833247,2.520089359767648,2.6841149782313933,After the historical event,Event not experienced
2.1000000000000005,1,0,0,Nuclear-family environmental variance,5,2.2285401472066826,2.187627042670459,2.091157808679472,2.3547460772113302,2.25,2.2285401472066826,After the historical event,Event not experienced
2.1000000000000005,1,0,0,Nonshared environmental variance,5,4.0536469639050905,4.041723581689632,3.8997488585139104,4.253046532991978,4,4.0536469639050905,After the historical event,Event not experienced
2.1000000000000005,1,0,0,Phenotypic variance,5,8.966302089343166,8.975193079393911,8.843358086820167,9.073909163142694,8.770089359767649,8.966302089343166,After the historical event,Event not experienced
2.1000000000000005,1,1,1,Additive genetic variance,5,3.674527206790414,3.2677706923953984,3.0018031672611434,4.653469884115812,3.7595315471643547,3.674527206790414,After the historical event,Event experienced
2.1000000000000005,1,1,1,Nuclear-family environmental variance,5,2.3693553840367945,2.355878478466479,2.1965390669715013,2.6049459445271106,2.25,2.3693553840367945,After the historical event,Event experienced
2.1000000000000005,1,1,1,Nonshared environmental variance,5,3.9978473918803226,4.080123084970507,3.588668357084419,4.203532789565139,4,3.9978473918803226,After the historical event,Event experienced
2.1000000000000005,1,1,1,Phenotypic variance,5,10.041729982707531,10.01736631009133,9.581462048835345,10.581104540141677,10.009531547164354,10.041729982707531,After the historical event,Event experienced
2.12,1,0,0,Additive genetic variance,5,2.65356080767568,2.6679127485406187,2.5789079121930567,2.71894745745287,2.4878387485981897,2.65356080767568,After the historical event,Event not experienced
2.12,1,0,0,Nuclear-family environmental variance,5,2.2288448915188352,2.1857641122906233,2.0926364742737573,2.353117205570488,2.25,2.2288448915188352,After the historical event,Event not experienced
2.12,1,0,0,Nonshared environmental variance,5,4.051957889068098,4.039543168605228,3.897780889276064,4.249228029163331,4,4.051957889068098,After the historical event,Event not experienced
2.12,1,0,0,Phenotypic variance,5,8.934363588262613,8.940384992054959,8.817821614324489,9.037709978542726,8.73783874859819,8.934363588262613,After the historical event,Event not experienced
2.12,1,1,1,Additive genetic variance,5,3.6325623276680647,3.2335924689076028,2.9610754740464893,4.594795382127097,3.71141928890773,3.6325623276680647,After the historical event,Event experienced
2.12,1,1,1,Nuclear-family environmental variance,5,2.369760384421524,2.3541316717901597,2.194987711020806,2.6048757098101847,2.25,2.369760384421524,After the historical event,Event experienced
2.12,1,1,1,Nonshared environmental variance,5,3.9961326450120747,4.079826540330585,3.588831681736768,4.19956160054869,4,3.9961326450120747,After the historical event,Event experienced
2.12,1,1,1,Phenotypic variance,5,9.998455357101664,9.980177475850143,9.541617276749319,10.520835017876351,9.96141928890773,9.998455357101664,After the historical event,Event experienced
2.1399999999999997,1,0,0,Additive genetic variance,5,2.6229391639498174,2.642114629684772,2.5449936882054267,2.690190436845715,2.4556079329481686,2.6229391639498174,After the historical event,Event not experienced
2.1399999999999997,1,0,0,Nuclear-family environmental variance,5,2.229150247866142,2.1839075139906203,2.094126372509087,2.351477902731407,2.25,2.229150247866142,After the historical event,Event not experienced
2.1399999999999997,1,0,0,Nonshared environmental variance,5,4.050250544167125,4.037339095886587,3.8957987221602215,4.245380225284918,4,4.050250544167125,After the historical event,Event not experienced
2.1399999999999997,1,0,0,Phenotypic variance,5,8.902339955983084,8.90552797264803,8.792167883969269,9.001530880376789,8.705607932948169,8.902339955983084,After the historical event,Event not experienced
2.1399999999999997,1,1,1,Additive genetic variance,5,3.590502713679002,3.2006672722224163,2.9202480493117537,4.536052440509498,3.6633365620959064,3.590502713679002,After the historical event,Event experienced
2.1399999999999997,1,1,1,Nuclear-family environmental variance,5,2.3701660073648996,2.352375882004709,2.193443192126909,2.6047838651966018,2.25,2.3701660073648996,After the historical event,Event experienced
2.1399999999999997,1,1,1,Nonshared environmental variance,5,3.994399814114041,4.079519862436142,3.5889833409478666,4.195560996971932,4,3.994399814114041,After the historical event,Event experienced
2.1399999999999997,1,1,1,Phenotypic variance,5,9.955068535157942,9.94282957431653,9.501800666834907,10.460477938698729,9.913336562095907,9.955068535157942,After the historical event,Event experienced
2.16,1,0,0,Additive genetic variance,5,2.5922606931257395,2.6162123273453504,2.5110715149713854,2.661339327110341,2.423406902591211,2.5922606931257395,After the historical event,Event not experienced
2.16,1,0,0,Nuclear-family environmental variance,5,2.2294562404648812,2.1862084933363954,2.0952124001275436,2.3498281903094234,2.25,2.2294562404648812,After the historical event,Event not experienced
2.16,1,0,0,Nonshared environmental variance,5,4.048524962563794,4.035111403552367,3.89380238078361,4.241503213321392,4,4.048524962563794,After the historical event,Event not experienced
2.16,1,0,0,Phenotypic variance,5,8.870241896154415,8.870634450354084,8.766405180820797,8.965384507464755,8.67340690259121,8.870241896154415,After the historical event,Event not experienced
2.16,1,1,1,Additive genetic variance,5,3.5483631250390673,3.169289128957342,2.8793065833586517,4.477262797434396,3.6152982697199008,3.5483631250390673,After the historical event,Event experienced
2.16,1,1,1,Nuclear-family environmental variance,5,2.3705722794084814,2.350611131147494,2.191905500002263,2.604670437271546,2.25,2.3705722794084814,After the historical event,Event experienced
2.16,1,1,1,Nonshared environmental variance,5,3.992648932660119,4.079203053575603,3.589123335446771,4.19153107206377,4,3.992648932660119,After the historical event,Event experienced
2.16,1,1,1,Phenotypic variance,5,9.911584337107668,9.90533402506815,9.462026344814992,10.400055059999026,9.8652982697199,9.911584337107668,After the historical event,Event experienced
2.1799999999999997,1,0,0,Additive genetic variance,5,2.561535938643439,2.590213830298553,2.477153681485333,2.632403721721069,2.391245502894094,2.561535938643439,After the historical event,Event not experienced
2.1799999999999997,1,0,0,Nuclear-family environmental variance,5,2.22976289381457,2.1908303202024464,2.0960782516259817,2.348168090081085,2.25,2.22976289381457,After the historical event,Event not experienced
2.1799999999999997,1,0,0,Nonshared environmental variance,5,4.046781177906474,4.032860132035037,3.8917918889180503,4.237597085858634,4,4.046781177906474,After the historical event,Event not experienced
2.1799999999999997,1,0,0,Phenotypic variance,5,8.838080010364484,8.835716700277112,8.7405417534826,8.929283297384613,8.641245502894094,8.838080010364484,After the historical event,Event not experienced
2.1799999999999997,1,1,1,Additive genetic variance,5,3.5061581806562403,3.137794455073876,2.838432294700644,4.418447934165235,3.5673190993410295,3.5061581806562403,After the historical event,Event experienced
2.1799999999999997,1,1,1,Nuclear-family environmental variance,5,2.370979227405254,2.348837441356814,2.1903746244236952,2.604535453374694,2.25,2.370979227405254,After the historical event,Event experienced
2.1799999999999997,1,1,1,Nonshared environmental variance,5,3.9908800344084705,4.078876116112868,3.5892516660854095,4.18747191967488,4,3.9908800344084705,After the historical event,Event experienced
2.1799999999999997,1,1,1,Phenotypic variance,5,9.868017442469965,9.867702174169668,9.422308212034716,10.339587882478481,9.817319099341029,9.868017442469965,After the historical event,Event experienced
2.2,1,0,0,Additive genetic variance,5,2.5307753357369824,2.5641270872804,2.4432523094230123,2.6033931484639137,2.3591334304514016,2.5307753357369824,After the historical event,Event not experienced
2.2,1,0,0,Nuclear-family environmental variance,5,2.230070232698169,2.1954711644426266,2.096954131689509,2.3464976239836433,2.25,2.230070232698169,After the historical event,Event not experienced
2.2,1,0,0,Nonshared environmental variance,5,4.045019224129123,4.0305853221796495,3.8897672704894912,4.233661936100053,4,4.045019224129123,After the historical event,Event not experienced
2.2,1,0,0,Phenotypic variance,5,8.805864792564275,8.800786836687797,8.71458580992677,8.893239480543492,8.6091334304514,8.805864792564275,After the historical event,Event not experienced
2.2,1,1,1,Additive genetic variance,5,3.463902350314819,3.1061928796997447,2.7976388404900394,4.359629063145827,3.5194135165785756,3.463902350314819,After the historical event,Event experienced
2.2,1,1,1,Nuclear-family environmental variance,5,2.3713868785198597,2.3470548348714395,2.188850555232305,2.604378941599514,2.25,2.3713868785198597,After the historical event,Event experienced
2.2,1,1,1,Nonshared environmental variance,5,3.9890931534003657,4.078539052487283,3.589368333838513,4.183383634274017,4,3.9890931534003657,After the historical event,Event experienced
2.2,1,1,1,Phenotypic variance,5,9.824382382235044,9.829945288301802,9.382659938856294,10.279097638237172,9.769413516578576,9.824382382235044,After the historical event,Event experienced
2.2199999999999998,1,0,0,Additive genetic variance,5,2.4999892060203894,2.5379600031088585,2.4093793466974534,2.5743170644759408,2.3270802288959955,2.4999892060203894,After the historical event,Event not experienced
2.2199999999999998,1,0,0,Nuclear-family environmental variance,5,2.2303782821822846,2.200131105473842,2.09784005423368,2.3448168141145365,2.25,2.2303782821822846,After the historical event,Event not experienced
2.2199999999999998,1,0,0,Nonshared environmental variance,5,4.0432391354501105,4.028287015242616,3.8877285495775347,4.22969785786288,4,4.0432391354501105,After the historical event,Event not experienced
2.2199999999999998,1,0,0,Phenotypic variance,5,8.773606623652784,8.767245154112011,8.688406678633951,8.85726507452166,8.577080228895996,8.773606623652784,After the historical event,Event not experienced
2.2199999999999998,1,1,1,Additive genetic variance,5,3.4216099470821577,3.074493978760184,2.7569396362805674,4.300827116484803,3.471595758859747,3.4216099470821577,After the historical event,Event experienced
2.2199999999999998,1,1,1,Nuclear-family environmental variance,5,2.3717952602288284,2.3452633340301463,2.187333282333365,2.6042009307925342,2.25,2.3717952602288284,After the historical event,Event experienced
2.2199999999999998,1,1,1,Nonshared environmental variance,5,3.987288323959014,4.078191865213614,3.5894733398035314,4.179266310944299,4,3.987288323959014,After the historical event,Event experienced
2.2199999999999998,1,1,1,Phenotypic variance,5,9.78069353127,9.79207454901316,9.343094958357932,10.218605279257941,9.721595758859747,9.78069353127,After the historical event,Event experienced
2.24,1,0,0,Additive genetic variance,5,2.4691877522366084,2.5117204348742814,2.3755465612585747,2.54518485139136,2.2950952848869286,2.4691877522366084,After the historical event,Event not experienced
2.24,1,0,0,Nuclear-family environmental variance,5,2.2306870676173602,2.2048102231229376,2.0987360333203777,2.343125682730872,2.25,2.2306870676173602,After the historical event,Event not experienced
2.24,1,0,0,Nonshared environmental variance,5,4.041440946371036,4.025965252890455,3.88567575041496,4.225704945574419,4,4.041440946371036,After the historical event,Event not experienced
2.24,1,0,0,Phenotypic variance,5,8.741315766225005,8.734646698746227,8.662058146796767,8.82137187869151,8.545095284886928,8.741315766225005,After the historical event,Event not experienced
2.24,1,1,1,Additive genetic variance,5,3.379295119942562,3.042707270363025,2.716347849933635,4.242062734843145,3.4238798294343478,3.379295119942562,After the historical event,Event experienced
2.24,1,1,1,Nuclear-family environmental variance,5,2.3722044003208023,2.3434629612712508,2.185822795696223,2.604001450552572,2.25,2.3722044003208023,After the historical event,Event experienced
2.24,1,1,1,Nonshared environmental variance,5,3.9854655806883845,4.077834556882014,3.589566685200558,4.175120045379466,4,3.9854655806883845,After the historical event,Event experienced
2.24,1,1,1,Phenotypic variance,5,9.736965100951748,9.754101047098612,9.303626460339109,10.158131466293423,9.673879829434348,9.736965100951748,After the historical event,Event experienced
2.26,1,0,0,Additive genetic variance,5,2.4383810531726344,2.4854161882005665,2.34176553513981,2.516005810597515,2.263187824276274,2.4383810531726344,After the historical event,Event not experienced
2.26,1,0,0,Nuclear-family environmental variance,5,2.230996614637876,2.209508597628912,2.099642083158167,2.341424252248901,2.25,2.230996614637876,After the historical event,Event not experienced
2.26,1,0,0,Nonshared environmental variance,5,4.03962469167554,4.023620077198529,3.883608897387244,4.2216832942682885,4,4.03962469167554,After the historical event,Event not experienced
2.26,1,0,0,Phenotypic variance,5,8.70900235948605,8.701944624199768,8.63565412018974,8.785571469113462,8.513187824276274,8.70900235948605,After the historical event,Event not experienced
2.26,1,1,1,Additive genetic variance,5,3.3369718466626987,3.010842210269448,2.67587639583741,4.183356256731292,3.376279491656357,3.3369718466626987,After the historical event,Event experienced
2.26,1,1,1,Nuclear-family environmental variance,5,2.3726143268967546,2.341653739132141,2.1843190853542027,2.6037805312299382,2.25,2.3726143268967546,After the historical event,Event experienced
2.26,1,1,1,Nonshared environmental variance,5,3.9836249584720207,4.077467130157982,3.589648371372244,4.17094493388012,4,3.9836249584720207,After the historical event,Event experienced
2.26,1,1,1,Phenotypic variance,5,9.693211132031474,9.716035777107802,9.264267385634255,10.097696558162614,9.626279491656357,9.693211132031474,After the historical event,Event experienced
2.2800000000000002,1,0,0,Additive genetic variance,5,2.407579058743529,2.4590550135793032,2.3060846543232563,2.4867891586037874,2.2313669084560694,2.407579058743529,After the historical event,Event not experienced
2.2800000000000002,1,0,0,Nuclear-family environmental variance,5,2.2313069491625313,2.2142263096451487,2.100558218102651,2.3397125452434864,2.25,2.2313069491625313,After the historical event,Event not experienced
2.2800000000000002,1,0,0,Nonshared environmental variance,5,4.037790406428099,4.021251530649779,3.881528015032079,4.217632999580634,4,4.037790406428099,After the historical event,Event not experienced
2.2800000000000002,1,0,0,Phenotypic variance,5,8.67667641433416,8.66914904678072,8.609202733186779,8.749875193710023,8.481366908456069,8.67667641433416,After the historical event,Event not experienced
2.2800000000000002,1,1,1,Additive genetic variance,5,3.2946539268924795,2.978908187453153,2.635537929440279,4.124727708221584,3.3288082635342127,3.2946539268924795,After the historical event,Event experienced
2.2800000000000002,1,1,1,Nuclear-family environmental variance,5,2.3730250683702065,2.339835690248806,2.182822141404506,2.6035382039255963,2.25,2.3730250683702065,After the historical event,Event experienced
2.2800000000000002,1,1,1,Nonshared environmental variance,5,3.981766492471849,4.077089587782344,3.589718399783714,4.166741073349943,4,3.981766492471849,After the historical event,Event experienced
2.2800000000000002,1,1,1,Phenotypic variance,5,9.649445487734535,9.677889631987151,9.225030420736267,10.037320601462817,9.578808263534214,9.649445487734535,After the historical event,Event experienced
2.3,1,0,0,Additive genetic variance,5,2.3767915852479296,2.4326446027791366,2.2701898226681028,2.457544022526284,2.1996414308864063,2.3767915852479296,After the historical event,Event not experienced
2.3,1,0,0,Nuclear-family environmental variance,5,2.2316180973944353,2.2189634402416565,2.1014844526568313,2.3379905844475735,2.25,2.2316180973944353,After the historical event,Event not experienced
2.3,1,0,0,Nonshared environmental variance,5,4.035938125972835,4.018859656133443,3.879433128038889,4.213554157746336,4,4.035938125972835,After the historical event,Event not experienced
2.3,1,0,0,Phenotypic variance,5,8.6443478086152,8.63627000543736,8.58271204841777,8.71429416771911,8.449641430886405,8.6443478086152,After the historical event,Event not experienced
2.3,1,1,1,Additive genetic variance,5,3.2523549755051326,2.946914519750656,2.595344842099869,4.066196793081369,3.2814794125513247,3.2523549755051326,After the historical event,Event experienced
2.3,1,1,1,Nuclear-family environmental variance,5,2.3734366534674383,2.338008837355368,2.181331954008121,2.603274500490297,2.25,2.3734366534674383,After the historical event,Event experienced
2.3,1,1,1,Nonshared environmental variance,5,3.9798902181269757,4.07670193257121,3.5897767720224816,4.162508561291895,4,3.9798902181269757,After the historical event,Event experienced
2.3,1,1,1,Phenotypic variance,5,9.605681847099547,9.639673397858628,9.18592799273104,9.977023320702196,9.531479412551324,9.605681847099547,After the historical event,Event experienced
2.3200000000000003,1,0,0,Additive genetic variance,5,2.346028310797334,2.4061925853324393,2.2344440361343785,2.4282794356910076,2.168020113805423,2.346028310797334,After the historical event,Event not experienced
2.3200000000000003,1,0,0,Nuclear-family environmental variance,5,2.231930085821284,2.22372007090733,2.1024208014714727,2.336999188776006,2.25,2.231930085821284,After the historical event,Event not experienced
2.3200000000000003,1,0,0,Nonshared environmental variance,5,4.034067885932279,4.016444496943757,3.877324261248341,4.209446865595169,4,4.034067885932279,After the historical event,Event not experienced
2.3200000000000003,1,0,0,Phenotypic variance,5,8.612026282550897,8.603317456253643,8.556190053076948,8.678839269427227,8.418020113805422,8.612026282550897,After the historical event,Event not experienced
2.3200000000000003,1,1,1,Additive genetic variance,5,3.2100884161797363,2.91487044960522,2.5553092562483397,4.007782883331286,3.234305950757968,3.2100884161797363,After the historical event,Event experienced
2.3200000000000003,1,1,1,Nuclear-family environmental variance,5,2.3738491112276985,2.336173203283604,2.1798485133897225,2.6029894535236764,2.25,2.3738491112276985,After the historical event,Event experienced
2.3200000000000003,1,1,1,Nonshared environmental variance,5,3.9779961711524776,4.076304167415939,3.589823489798353,4.158247495804387,4,3.9779961711524776,After the historical event,Event experienced
2.3200000000000003,1,1,1,Phenotypic variance,5,9.561933698559912,9.601397748938314,9.146972264543592,9.916824108857542,9.484305950757967,9.561933698559912,After the historical event,Event experienced
2.34,1,0,0,Additive genetic variance,5,2.3152987709212804,2.379706525101311,2.198857952460187,2.3990043333580817,2.1365115051218235,2.3152987709212804,After the historical event,Event not experienced
2.34,1,0,0,Nuclear-family environmental variance,5,2.232242941215543,2.228496283552216,2.1033672793454694,2.3360726846074447,2.25,2.232242941215543,After the historical event,Event not experienced
2.34,1,0,0,Nonshared environmental variance,5,4.03217972220617,4.014148546318143,3.8751871946979066,4.205311220547973,4,4.03217972220617,After the historical event,Event not experienced
2.34,1,0,0,Phenotypic variance,5,8.579721434342995,8.570301267074512,8.529644655327894,8.643521136182821,8.386511505121824,8.579721434342995,After the historical event,Event not experienced
2.34,1,1,1,Additive genetic variance,5,3.167867475229294,2.8827851399069053,2.51544302087433,3.949505010232893,3.18730063013546,3.167867475229294,After the historical event,Event experienced
2.34,1,1,1,Nuclear-family environmental variance,5,2.3742624710034046,2.334328810962473,2.1783718098375817,2.6026830963733185,2.25,2.3742624710034046,After the historical event,Event experienced
2.34,1,1,1,Nonshared environmental variance,5,3.9760843875381853,4.075896295283111,3.589858554943343,4.153957975577447,4,3.9760843875381853,After the historical event,Event experienced
2.34,1,1,1,Phenotypic variance,5,9.518214333770883,9.563073242597644,9.108175130496232,9.856742018361366,9.43730063013546,9.518214333770883,After the historical event,Event experienced
2.3600000000000003,1,0,0,Additive genetic variance,5,2.2846123543502452,2.35319391692482,2.163441973370064,2.3697275485694176,2.1051239754902435,2.2846123543502452,After the historical event,Event not experienced
2.3600000000000003,1,0,0,Nuclear-family environmental variance,5,2.232556690634618,2.2332921605098037,2.1043239012262176,2.3351244001692386,2.25,2.232556690634618,After the historical event,Event not experienced
2.3600000000000003,1,0,0,Nonshared environmental variance,5,4.03027367097021,4.014487486884564,3.8727703896765,4.201147320612776,4,4.03027367097021,After the historical event,Event not experienced
2.3600000000000003,1,0,0,Phenotypic variance,5,8.547442715955073,8.53723121226459,8.503083680807036,8.608350160689701,8.355123975490244,8.547442715955073,After the historical event,Event not experienced
2.3600000000000003,1,1,1,Additive genetic variance,5,3.1257051756769574,2.850667669931019,2.475757707321424,3.891381855708973,3.140475938233121,3.1257051756769574,After the historical event,Event experienced
2.3600000000000003,1,1,1,Nuclear-family environmental variance,5,2.3746767624603455,2.3324756834176412,2.176901833703473,2.6023554631337866,2.25,2.3746767624603455,After the historical event,Event experienced
2.3600000000000003,1,1,1,Nonshared environmental variance,5,3.9741549035474577,4.075478319214477,3.589881969411575,4.149640099888848,4,3.9741549035474577,After the historical event,Event experienced
2.3600000000000003,1,1,1,Phenotypic variance,5,9.474536841684762,9.524710314569983,9.069548212178521,9.796795752521659,9.39047593823312,9.474536841684762,After the historical event,Event experienced
2.38,1,0,0,Additive genetic variance,5,2.2539782989779185,2.3266621833493204,2.1282062410870064,2.340457808122082,2.0738657155696565,2.2539782989779185,After the historical event,Event not experienced
2.38,1,0,0,Nuclear-family environmental variance,5,2.2328713614210267,2.2381077845393142,2.1052906822099886,2.3341543607251087,2.25,2.2328713614210267,After the historical event,Event not experienced
2.38,1,0,0,Nonshared environmental variance,5,4.0283497686748335,4.014814675293845,3.8703385402606214,4.196955264380916,4,4.0283497686748335,After the historical event,Event not experienced
2.38,1,0,0,Phenotypic variance,5,8.515199429073778,8.504116967603785,8.476514869227497,8.573336487580137,8.323865715569656,8.515199429073778,After the historical event,Event not experienced
2.38,1,1,1,Additive genetic variance,5,3.0836143315828233,2.818527031377211,2.4362646054027275,3.833431744199488,3.093844094078299,3.0836143315828233,After the historical event,Event experienced
2.38,1,1,1,Nuclear-family environmental variance,5,2.3750920155778745,2.3306138437709993,2.175438575402582,2.602006588645621,2.25,2.3750920155778745,After the historical event,Event experienced
2.38,1,1,1,Nonshared environmental variance,5,3.9722077557159485,4.075050242326933,3.589893735279184,4.145293968600223,4,3.9722077557159485,After the historical event,Event experienced
2.38,1,1,1,Phenotypic variance,5,9.430914102876647,9.486319274305103,9.031102854628578,9.737003657377306,9.3438440940783,9.430914102876647,After the historical event,Event experienced
2.4000000000000004,1,0,0,Additive genetic variance,5,2.2234056880041972,2.3001186714435446,2.093160635136381,2.3112037286694207,2.042744733464751,2.2234056880041972,After the historical event,Event not experienced
2.4000000000000004,1,0,0,Nuclear-family environmental variance,5,2.233186981202568,2.2429432388280204,2.10626763754231,2.333162592170763,2.25,2.233186981202568,After the historical event,Event not experienced
2.4000000000000004,1,0,0,Nonshared environmental variance,5,4.0264080520439585,4.015130108667938,3.8678916766688944,4.1927351510231325,4,4.0264080520439585,After the historical event,Event not experienced
2.4000000000000004,1,0,0,Phenotypic variance,5,8.483000721250724,8.470968105322978,8.449945871084875,8.5384900102668,8.292744733464751,8.483000721250724,After the historical event,Event not experienced
2.4000000000000004,1,1,1,Additive genetic variance,5,3.041607542623264,2.7863721245112667,2.396974719830641,3.775672634955344,3.04741704435935,3.041607542623264,After the historical event,Event experienced
2.4000000000000004,1,1,1,Nuclear-family environmental variance,5,2.3755082606491023,2.3287433152401853,2.1739820254134132,2.6016365084943027,2.25,2.3755082606491023,After the historical event,Event experienced
2.4000000000000004,1,1,1,Nonshared environmental variance,5,3.970242980850368,4.074612067812475,3.589893854744222,4.140919682153167,4,3.970242980850368,After the historical event,Event experienced
2.4000000000000004,1,1,1,Phenotypic variance,5,9.387358784122734,9.447910300473811,8.992850122824898,9.677383713991308,9.29741704435935,9.387358784122734,After the historical event,Event experienced
2.42,1,0,0,Additive genetic variance,5,2.1929034462601127,2.2735706497001167,2.0583147694405413,2.2819738129519127,2.0117688523500443,2.1929034462601127,After the historical event,Event not experienced
2.42,1,0,0,Nuclear-family environmental variance,5,2.2335035778924826,2.2477986069935674,2.1072547826183445,2.3321491210326646,2.25,2.2335035778924826,After the historical event,Event not experienced
2.42,1,0,0,Nonshared environmental variance,5,4.024448558073736,4.015433784232045,3.8654298292982205,4.188487080285643,4,4.024448558073736,After the historical event,Event not experienced
2.42,1,0,0,Phenotypic variance,5,8.450855582226332,8.437794089282944,8.419526390585734,8.503820368072503,8.261768852350045,8.450855582226332,After the historical event,Event not experienced
2.42,1,1,1,Additive genetic variance,5,2.999697188924546,2.754211754411588,2.3578987669606244,3.7181221147717594,3.00120645988123,2.999697188924546,After the historical event,Event experienced
2.42,1,1,1,Nuclear-family environmental variance,5,2.3759255282810825,2.326864121138101,2.1725321742777055,2.6012452590091875,2.25,2.3759255282810825,After the historical event,Event experienced
2.42,1,1,1,Nonshared environmental variance,5,3.9682606160272327,4.074163798938162,3.589882330126553,4.136517341565314,4,3.9682606160272327,After the historical event,Event experienced
2.42,1,1,1,Phenotypic variance,5,9.343883333232862,9.409493436624945,8.954800798487312,9.622836951025045,9.25120645988123,9.343883333232862,After the historical event,Event experienced
2.4400000000000004,1,0,0,Additive genetic variance,5,2.162480336715579,2.2463278600913394,2.0236779897025516,2.2528461906528383,1.980945708276266,2.162480336715579,After the historical event,Event not experienced
2.4400000000000004,1,0,0,Nuclear-family environmental variance,5,2.2338211796896172,2.2526739730863174,2.1082521329832784,2.3311139744667746,2.25,2.2338211796896172,After the historical event,Event not experienced
2.4400000000000004,1,0,0,Nonshared environmental variance,5,4.022471324031285,4.01572569931466,3.8629530287231324,4.1842111524861965,4,4.022471324031285,After the historical event,Event not experienced
2.4400000000000004,1,0,0,Phenotypic variance,5,8.418772840436482,8.404604270299316,8.386179388547665,8.469336943636241,8.230945708276266,8.418772840436482,After the historical event,Event not experienced
2.4400000000000004,1,1,1,Additive genetic variance,5,2.9578954261520876,2.722054627322187,2.319047171847303,3.6607973911623013,2.955223732293013,2.9578954261520876,After the historical event,Event experienced
2.4400000000000004,1,1,1,Nuclear-family environmental variance,5,2.3763438493949978,2.324976284872428,2.1710890126003393,2.6008328772623983,2.25,2.3763438493949978,After the historical event,Event experienced
2.4400000000000004,1,1,1,Nonshared environmental variance,5,3.9662606985916087,4.0737054390460745,3.5898591638677484,4.132087048426385,4,3.9662606985916087,After the historical event,Event experienced
2.4400000000000004,1,1,1,Phenotypic variance,5,9.300499974138694,9.371078586996617,8.916965377185546,9.573317204707884,9.205223732293014,9.300499974138694,After the historical event,Event experienced
2.46,1,0,0,Additive genetic variance,5,2.1321449571707105,2.217465455348462,1.9892593710771316,2.2239223208736387,1.950282748158385,2.1321449571707105,After the historical event,Event not experienced
2.46,1,0,0,Nuclear-family environmental variance,5,2.2341398150785783,2.2575694215916977,2.1092597043327115,2.330057180257256,2.25,2.2341398150785783,After the historical event,Event not experienced
2.46,1,0,0,Nonshared environmental variance,5,4.020476387453428,4.016005851347613,3.8604613056951465,4.179907468510113,4,4.020476387453428,After the historical event,Event not experienced
2.46,1,0,0,Phenotypic variance,5,8.386761159702717,8.372483374686162,8.352841172528167,8.435048860593799,8.200282748158385,8.386761159702717,After the historical event,Event not experienced
2.46,1,1,1,Additive genetic variance,5,2.9162141808564472,2.689909347113955,2.280430065610952,3.6037152859741894,2.9094799710863684,2.9162141808564472,After the historical event,Event experienced
2.46,1,1,1,Nuclear-family environmental variance,5,2.376763255226337,2.323079829945144,2.16965253104925,2.6003994010676967,2.25,2.376763255226337,After the historical event,Event experienced
2.46,1,1,1,Nonshared environmental variance,5,3.964243266155852,4.073236991553273,3.5898243585309837,4.127628904894241,4,3.964243266155852,After the historical event,Event experienced
2.46,1,1,1,Phenotypic variance,5,9.257220702238635,9.332675512483544,8.879354065753366,9.52382129704543,9.159479971086368,9.257220702238635,After the historical event,Event experienced
2.4800000000000004,1,0,0,Additive genetic variance,5,2.101905737131153,2.1886224055259107,1.9550677161265408,2.1950471478243596,1.919787227944425,2.101905737131153,After the historical event,Event not experienced
2.4800000000000004,1,0,0,Nuclear-family environmental variance,5,2.2344595128298885,2.2624850374325765,2.1102775125130484,2.3289787668151525,2.25,2.2344595128298885,After the historical event,Event not experienced
2.4800000000000004,1,0,0,Nonshared environmental variance,5,4.01846378614541,4.0162742378661,3.857954691142116,4.175576129806296,4,4.01846378614541,After the historical event,Event not experienced
2.4800000000000004,1,0,0,Phenotypic variance,5,8.354829036106452,8.346814508120055,8.318983407740102,8.400964981530777,8.169787227944425,8.354829036106452,After the historical event,Event not experienced
2.4800000000000004,1,1,1,Additive genetic variance,5,2.874665146076761,2.6577844118557534,2.24205728311198,3.5468922294448113,2.863986000863764,2.874665146076761,After the historical event,Event experienced
2.4800000000000004,1,1,1,Nuclear-family environmental variance,5,2.3771837773250732,2.3211747799520346,2.168222720355343,2.5999448689793123,2.25,2.3771837773250732,After the historical event,Event experienced
2.4800000000000004,1,1,1,Nonshared environmental variance,5,3.962208356598335,4.0727584599517535,3.5897779168009265,4.123143013690884,4,3.962208356598335,After the historical event,Event experienced
2.4800000000000004,1,1,1,Phenotypic variance,5,9.21405728000017,9.29429382676203,8.84197678000591,9.474363380746446,9.113986000863765,9.21405728000017,After the historical event,Event experienced
2.5,1,0,0,Additive genetic variance,5,2.071770934867741,2.159807661445465,1.9211115530588898,2.1673373138500716,1.8894662109640588,2.071770934867741,After the historical event,Event not experienced
2.5,1,0,0,Nuclear-family environmental variance,5,2.2347803020001344,2.267420905971638,2.111305573521896,2.3278787631770372,2.25,2.2347803020001344,After the historical event,Event not experienced
2.5,1,0,0,Nonshared environmental variance,5,4.016433558179621,4.016530856508726,3.855433216167569,4.171217238383237,4,4.016433558179621,After the historical event,Event not experienced
2.5,1,0,0,Phenotypic variance,5,8.322984795047496,8.321170057894186,8.28525860035294,8.367093906205744,8.13946621096406,8.322984795047496,After the historical event,Event not experienced
2.5,1,1,1,Additive genetic variance,5,2.8332597772021106,2.6256882104968713,2.2039383609307674,3.490344254698989,2.818752358874854,2.8332597772021106,After the historical event,Event experienced
2.5,1,1,1,Nuclear-family environmental variance,5,2.3776054475558337,2.319261158582204,2.1667995713124086,2.599469320290741,2.25,2.3776054475558337,After the historical event,Event experienced
2.5,1,1,1,Nonshared environmental variance,5,3.960156008062169,4.070489564834708,3.58971984148363,4.1188075063958465,4,3.960156008062169,After the historical event,Event experienced
2.5,1,1,1,Phenotypic variance,5,9.171021232820113,9.255942992573985,8.804843142757633,9.424957393329475,9.068752358874853,9.171021232820113,After the historical event,Event experienced
2.5200000000000005,1,0,0,Additive genetic variance,5,2.041748634660487,2.131030043253195,1.8873991342459244,2.1406183723623142,1.8593265664557523,2.041748634660487,After the historical event,Event not experienced
2.5200000000000005,1,0,0,Nuclear-family environmental variance,5,2.2351022119321153,2.272377113013787,2.112343903508465,2.3267571990036258,2.25,2.2351022119321153,After the historical event,Event not experienced
2.5200000000000005,1,0,0,Nonshared environmental variance,5,4.0143857418943005,4.0167757050175386,3.852896912050058,4.166830896804994,4,4.0143857418943005,After the historical event,Event not experienced
2.5200000000000005,1,0,0,Phenotypic variance,5,8.291236588486903,8.29555687922262,8.251675575727216,8.333443970040697,8.109326566455753,8.291236588486903,After the historical event,Event not experienced
2.5200000000000005,1,1,1,Additive genetic variance,5,2.7920092880909064,2.593629019662152,2.1660825356497604,3.4340869926858115,2.773789292819234,2.7920092880909064,After the historical event,Event experienced
2.5200000000000005,1,1,1,Nuclear-family environmental variance,5,2.3780282980980703,2.3173389896175842,2.1653830747770355,2.5989727950335157,2.25,2.3780282980980703,After the historical event,Event experienced
2.5200000000000005,1,1,1,Nonshared environmental variance,5,3.9580862589539207,4.067813940204184,3.5896501355064165,4.114484123811392,4,3.9580862589539207,After the historical event,Event experienced
2.5200000000000005,1,1,1,Phenotypic variance,5,9.128123845142897,9.217632318171255,8.767962482137703,9.375617051053718,9.023789292819234,9.128123845142897,After the historical event,Event experienced
2.54,1,0,0,Additive genetic variance,5,2.0118467442267707,2.102298236512318,1.8539384350171482,2.113940547703616,1.8293749682710956,2.0118467442267707,After the historical event,Event not experienced
2.54,1,0,0,Nuclear-family environmental variance,5,2.2354252722549885,2.2773537448085555,2.113392518773977,2.325614104578366,2.25,2.2354252722549885,After the historical event,Event not experienced
2.54,1,0,0,Nonshared environmental variance,5,4.01232037589224,4.017008781238055,3.8503458102424943,4.162417208187144,4,4.01232037589224,After the historical event,Event not experienced
2.54,1,0,0,Phenotypic variance,5,8.259592392374,8.269908100823471,8.218242931829787,8.3000306060219,8.079374968271097,8.259592392374,After the historical event,Event not experienced
2.54,1,1,1,Additive genetic variance,5,2.7509246474481692,2.5616150005610714,2.1284987424345205,3.3781356675535,2.7291067589135354,2.7509246474481692,After the historical event,Event experienced
2.54,1,1,1,Nuclear-family environmental variance,5,2.3784523614462225,2.3154082969324463,2.1639732216685315,2.5984553339759384,2.25,2.3784523614462225,After the historical event,Event experienced
2.54,1,1,1,Nonshared environmental variance,5,3.9559991479423173,4.065123570365991,3.5895688019177627,4.1101337722689815,4,3.9559991479423173,After the historical event,Event experienced
2.54,1,1,1,Phenotypic variance,5,9.085376156836709,9.179370953921254,8.731343830199625,9.326355843111813,8.979106758913534,9.085376156836709,After the historical event,Event experienced
2.5600000000000005,1,0,0,Additive genetic variance,5,1.9820729923333287,2.073620788455101,1.8207371527267597,2.0873105659058133,1.7996178937547236,1.9820729923333287,After the historical event,Event not experienced
2.5600000000000005,1,0,0,Nuclear-family environmental variance,5,2.2357495128844067,2.2823508880525307,2.114451435772067,2.3244495108059873,2.25,2.2357495128844067,After the historical event,Event not experienced
2.5600000000000005,1,0,0,Nonshared environmental variance,5,4.010237499039479,4.017230083119303,3.84777994237148,4.157976276192743,4,4.010237499039479,After the historical event,Event not experienced
2.5600000000000005,1,0,0,Phenotypic variance,5,8.228060004257214,8.23742734021417,8.184969036852575,8.26754192194072,8.049617893754723,8.228060004257214,After the historical event,Event not experienced
2.5600000000000005,1,1,1,Additive genetic variance,5,2.710016575460201,2.529654196011853,2.091195613910004,3.3225050924601045,2.6847144202204603,2.710016575460201,After the historical event,Event experienced
2.5600000000000005,1,1,1,Nuclear-family environmental variance,5,2.37887767040988,2.316160692863206,2.1623008441318055,2.5979169786217855,2.25,2.37887767040988,After the historical event,Event experienced
2.5600000000000005,1,1,1,Nonshared environmental variance,5,3.953894713956946,4.0624184869102065,3.5894758438871817,4.105756553927169,4,3.953894713956946,After the historical event,Event experienced
2.5600000000000005,1,1,1,Phenotypic variance,5,9.042788959827027,9.1411678890747865,8.694995921821379,9.277187026086418,8.93471442022046,9.042788959827027,After the historical event,Event experienced
2.58,1,0,0,Additive genetic variance,5,1.9524349265914942,2.0450061043953323,1.7878027060896475,2.0607350490266967,1.7700616227981283,1.9524349265914942,After the historical event,Event not experienced
2.58,1,0,0,Nuclear-family environmental variance,5,2.2360749640226576,2.2873686298917977,2.115520671109201,2.32326344921103,2.25,2.2360749640226576,After the historical event,Event not experienced
2.58,1,0,0,Nonshared environmental variance,5,4.008137150463993,4.017439608713845,3.845199340236642,4.153508205028239,4,4.008137150463993,After the historical event,Event not experienced
2.58,1,0,0,Phenotypic variance,5,8.196647041078146,8.205000262042606,8.151862027073996,8.235297543598033,8.020061622798128,8.196647041078146,After the historical event,Event not experienced
2.58,1,1,1,Additive genetic variance,5,2.669295540685927,2.4977545275816326,2.054181479328109,3.26720966581745,2.640621645237234,2.669295540685927,After the historical event,Event experienced
2.58,1,1,1,Nuclear-family environmental variance,5,2.3793042581139403,2.3176740186595,2.1605581514921357,2.597357771208972,2.25,2.3793042581139403,After the historical event,Event experienced
2.58,1,1,1,Nonshared environmental variance,5,3.951772996186952,4.059698721585106,3.5893712647051057,4.101352571480137,4,3.951772996186952,After the historical event,Event experienced
2.58,1,1,1,Phenotypic variance,5,9.00037279498682,9.103031948696774,8.658927193892122,9.228123618672441,8.890621645237234,9.00037279498682,After the historical event,Event experienced
2.6000000000000005,1,0,0,Additive genetic variance,5,1.9229399114348649,2.0164624443025763,1.7551422347823773,2.0342205128678854,1.7407122370654262,1.9229399114348649,After the historical event,Event not experienced
2.6000000000000005,1,0,0,Nuclear-family environmental variance,5,2.2364016561588,2.292407057924394,2.11660024154509,2.322055951936338,2.25,2.2364016561588,After the historical event,Event not experienced
2.6000000000000005,1,0,0,Nonshared environmental variance,5,4.006019369554369,4.017637356177803,3.8426040358099662,4.14901309943938,4,4.006019369554369,After the historical event,Event not experienced
2.6000000000000005,1,0,0,Phenotypic variance,5,8.165360937148034,8.172634156180195,8.118929804961272,8.203304656295838,7.990712237065426,8.165360937148034,After the historical event,Event not experienced
2.6000000000000005,1,1,1,Additive genetic variance,5,2.6287717572038267,2.4659237928435287,2.0174643640221834,3.2122633679651273,2.596837506740589,2.6287717572038267,After the historical event,Event experienced
2.6000000000000005,1,1,1,Nuclear-family environmental variance,5,2.3797321579987605,2.319199208628014,2.1588200438406537,2.5967777547081963,2.25,2.3797321579987605,After the historical event,Event experienced
2.6000000000000005,1,1,1,Nonshared environmental variance,5,3.949634034079719,4.056964306296532,3.589255067782757,4.096921928153648,4,3.949634034079719,After the historical event,Event experienced
2.6000000000000005,1,1,1,Phenotypic variance,5,8.958137949282307,9.06497179076031,8.62314578478121,9.179178396666115,8.846837506740588,8.958137949282307,After the historical event,Event experienced
2.62,1,0,0,Additive genetic variance,5,1.893595126278465,1.9879979195393347,1.7227625993048794,2.007773364793902,1.7115756193890546,1.893595126278465,After the historical event,Event not experienced
2.62,1,0,0,Nuclear-family environmental variance,5,2.2367296200687927,2.29746626020278,2.1176901639931085,2.3208270517415244,2.25,2.2367296200687927,After the historical event,Event not experienced
2.62,1,0,0,Nonshared environmental variance,5,4.003884195958483,4.017823323770898,3.8399940612351076,4.144491064707115,4,4.003884195958483,After the historical event,Event not experienced
2.62,1,0,0,Phenotypic variance,5,8.13420894230574,8.140336169655706,8.086180037511767,8.171570181204281,7.961575619389055,8.13420894230574,After the historical event,Event not experienced
2.62,1,1,1,Additive genetic variance,5,2.5884551820131847,2.4341696627513847,1.981051989143956,3.157679758270979,2.5533707808852464,2.5884551820131847,After the historical event,Event experienced
2.62,1,1,1,Nuclear-family environmental variance,5,2.380161403820311,2.320736284885089,2.157086512558956,2.5961769728215445,2.25,2.380161403820311,After the historical event,Event experienced
2.62,1,1,1,Nonshared environmental variance,5,3.9474778673395514,4.05421527310727,3.5891272566520294,4.092464727701012,4,3.9474778673395514,After the historical event,Event experienced
2.62,1,1,1,Phenotypic variance,5,8.916094453173047,9.026098989506696,8.587659534085015,9.130453579611912,8.803370780885245,8.916094453173047,After the historical event,Event experienced
2.6399999999999997,1,0,0,Additive genetic variance,5,1.8644075638581898,1.9596204897619405,1.6906703810982395,1.9813999016529191,1.6826574533331564,1.8644075638581898,After the historical event,Event not experienced
2.6399999999999997,1,0,0,Nuclear-family environmental variance,5,2.237058886815623,2.302546325236327,2.1187904555207195,2.3195767820014024,2.25,2.237058886815623,After the historical event,Event not experienced
2.6399999999999997,1,0,0,Nonshared environmental variance,5,4.001731669582169,4.017997509856466,3.837369448826725,4.139942206643453,4,4.001731669582169,After the historical event,Event not experienced
2.6399999999999997,1,0,0,Phenotypic variance,5,8.103198120255982,8.108113304485705,8.053620154830941,8.142594420231633,7.932657453333157,8.103198120255982,After the historical event,Event not experienced
2.6399999999999997,1,1,1,Additive genetic variance,5,2.5483555126880097,2.402499679132807,1.9449517716780094,3.10347197265392,2.510229946552566,2.5483555126880097,After the historical event,Event experienced
2.6399999999999997,1,1,1,Nuclear-family environmental variance,5,2.3805920296503214,2.32228526972894,2.1553575490817503,2.59555546998106,2.25,2.3805920296503214,After the historical event,Event experienced
2.6399999999999997,1,1,1,Nonshared environmental variance,5,3.945304535926346,4.051451654236428,3.5889878349653643,4.087981074399013,4,3.945304535926346,After the historical event,Event experienced
2.6399999999999997,1,1,1,Phenotypic variance,5,8.874252078264677,8.968853250734156,8.552475982646746,9.08371830454162,8.760229946552567,8.874252078264677,After the historical event,Event experienced
2.66,1,0,0,Additive genetic variance,5,1.835384028749196,1.931337959985892,1.6588718829138027,1.95510630779957,1.653963222922298,1.835384028749196,After the historical event,Event not experienced
2.66,1,0,0,Nuclear-family environmental variance,5,2.237389487749436,2.3036391842950175,2.119901133349905,2.3187059924742743,2.25,2.237389487749436,After the historical event,Event not experienced
2.66,1,0,0,Nonshared environmental variance,5,3.999561830587867,4.018159912901476,3.834730231069787,4.135366631587331,4,3.999561830587867,After the historical event,Event not experienced
2.66,1,0,0,Phenotypic variance,5,8.072335347086497,8.075972415642877,8.02125734894453,8.116718549022588,7.9039632229222985,8.072335347086497,After the historical event,Event not experienced
2.66,1,1,1,Additive genetic variance,5,2.508482185281808,2.3709212523010095,1.9091708247287227,3.049652721524603,2.4674231849458383,2.508482185281808,After the historical event,Event experienced
2.66,1,1,1,Nuclear-family environmental variance,5,2.381024069876423,2.3238461856402,2.1536331448966832,2.5949132913472925,2.25,2.381024069876423,After the historical event,Event experienced
2.66,1,1,1,Nonshared environmental variance,5,3.9431140800542557,4.048673482058798,3.5888368064956064,4.083471073043822,4,3.9431140800542557,After the historical event,Event experienced
2.66,1,1,1,Phenotypic variance,5,8.832620335212486,8.912004370812362,8.517602372844207,9.037108425626387,8.717423184945838,8.832620335212486,After the historical event,Event experienced
2.6799999999999997,1,0,0,Additive genetic variance,5,1.8065311360616925,1.9031579778161163,1.6273731294285467,1.928898653220098,1.6254982125330217,1.8065311360616925,After the historical event,Event not experienced
2.6799999999999997,1,0,0,Nuclear-family environmental variance,5,2.2377214545076525,2.301649508009053,2.1210222148575903,2.318124259640594,2.25,2.2377214545076525,After the historical event,Event not experienced
2.6799999999999997,1,0,0,Nonshared environmental variance,5,3.9973747193932887,4.018310531476573,3.832076440618896,4.130764446400445,4,3.9973747193932887,After the historical event,Event not experienced
2.6799999999999997,1,0,0,Phenotypic variance,5,8.041627309962633,8.043920209162058,7.98909857284216,8.090946852790353,7.875498212533022,8.041627309962633,After the historical event,Event not experienced
2.6799999999999997,1,1,1,Additive genetic variance,5,2.4688443724810774,2.3394416587858733,1.873715958074325,2.996234288138917,2.424958379428501,2.4688443724810774,After the historical event,Event experienced
2.6799999999999997,1,1,1,Nuclear-family environmental variance,5,2.381457559202292,2.3254190552824614,2.151913291544151,2.594250482807805,2.25,2.381457559202292,After the historical event,Event experienced
2.6799999999999997,1,1,1,Nonshared environmental variance,5,3.9409065401903516,4.04588078910424,3.588674175135891,4.078934828946901,4,3.9409065401903516,After the historical event,Event experienced
2.6799999999999997,1,1,1,Phenotypic variance,5,8.79120847187372,8.855564726300539,8.483045649140232,8.990635261054011,8.674958379428501,8.79120847187372,After the historical event,Event experienced
2.7,1,0,0,Additive genetic variance,5,1.7778553103123915,1.87508803084243,1.5961798681014365,1.9027828917600047,1.5972675069455593,1.7778553103123915,After the historical event,Event not experienced
2.7,1,0,0,Nuclear-family environmental variance,5,2.2380548190150935,2.299651502287709,2.1221537175760856,2.3178694353392246,2.25,2.2380548190150935,After the historical event,Event not experienced
2.7,1,0,0,Nonshared environmental variance,5,3.995170376670057,4.018449364256078,3.829408110297593,4.126135758463078,4,3.995170376670057,After the historical event,Event not experienced
2.7,1,0,0,Phenotypic variance,5,8.011080505997542,8.011963240383668,7.9571505397493425,8.06528524531717,7.84726750694556,8.011080505997542,After the historical event,Event not experienced
2.7,1,1,1,Additive genetic variance,5,2.429450982005123,2.3080680391844655,1.838593678982447,2.943228527358888,2.3828431156012844,2.429450982005123,After the historical event,Event experienced
2.7,1,1,1,Nuclear-family environmental variance,5,2.3818925326477856,2.327003901502823,2.1501979806171243,2.593567090975654,2.25,2.3818925326477856,After the historical event,Event experienced
2.7,1,1,1,Nonshared environmental variance,5,3.9386819570532707,4.043073608057031,3.588499944899499,4.074372447930886,4,3.9386819570532707,After the historical event,Event experienced
2.7,1,1,1,Phenotypic variance,5,8.750025471706179,8.799546245035344,8.44881245889021,8.944309892044576,8.632843115601284,8.750025471706179,After the historical event,Event experienced
2.7199999999999998,1,0,0,Additive genetic variance,5,1.7493627844697601,1.8471354442003374,1.5652975702653353,1.8767648594543072,1.5692759915529557,1.7493627844697601,After the historical event,Event not experienced
2.7199999999999998,1,0,0,Nuclear-family environmental variance,5,2.238389613484093,2.297645191813808,2.123295659193523,2.3223913190226426,2.25,2.238389613484093,After the historical event,Event not experienced
2.7199999999999998,1,0,0,Nonshared environmental variance,5,3.9929488433423415,4.018576410018019,3.8267252730976673,4.121480675669901,4,3.9929488433423415,After the historical event,Event not experienced
2.7199999999999998,1,0,0,Phenotypic variance,5,7.980701241296194,7.980107912334166,7.925419722624736,8.039739510295533,7.8192759915529555,7.980701241296194,After the historical event,Event not experienced
2.7199999999999998,1,1,1,Additive genetic variance,5,2.3903106552496354,2.2768073961312267,1.8038101932814021,2.8906468648152037,2.3410846816141926,2.3903106552496354,After the historical event,Event experienced
2.7199999999999998,1,1,1,Nuclear-family environmental variance,5,2.3823290255490748,2.3286007473324446,2.1484872037609657,2.592863163187837,2.25,2.3823290255490748,After the historical event,Event experienced
2.7199999999999998,1,1,1,Nonshared environmental variance,5,3.9364403716118637,4.040251971755238,3.5883141199197217,4.069784036325454,4,3.9364403716118637,After the historical event,Event experienced
2.7199999999999998,1,1,1,Phenotypic variance,5,8.709080052410574,8.743960405612784,8.414909153401036,8.898143159311514,8.591084681614193,8.709080052410574,After the historical event,Event experienced
2.74,1,0,0,Additive genetic variance,5,1.7210595991709725,1.819307378297058,1.5347314324487595,1.8508502729603444,1.5415283527246721,1.7210595991709725,After the historical event,Event not experienced
2.74,1,0,0,Nuclear-family environmental variance,5,2.238725870414616,2.2956306013575007,2.1244480575542997,2.3269301208918822,2.25,2.238725870414616,After the historical event,Event not experienced
2.74,1,0,0,Nonshared environmental variance,5,3.9907101605854978,4.018691667644143,3.8240279621784588,4.116799306425775,4,3.9907101605854978,After the historical event,Event not experienced
2.74,1,0,0,Phenotypic variance,5,7.950495630171087,7.948360474242891,7.893912353879092,8.014315300056776,7.791528352724672,7.950495630171087,After the historical event,Event not experienced
2.74,1,1,1,Additive genetic variance,5,2.35143176617111,2.245666592387825,1.7693714066811246,2.83850029646507,2.2996900687089297,2.35143176617111,After the historical event,Event experienced
2.74,1,1,1,Nuclear-family environmental variance,5,2.3827670735587785,2.3302096159871053,2.146780952673255,2.5921387475037125,2.25,2.3827670735587785,After the historical event,Event experienced
2.74,1,1,1,Nonshared environmental variance,5,3.934181825083833,4.037415913190077,3.5881167044497237,4.065571406954992,4,3.934181825083833,After the historical event,Event experienced
2.74,1,1,1,Phenotypic variance,5,8.668380664813721,8.688818237281449,8.381341789235456,8.852145659765487,8.54969006870893,8.668380664813721,After the historical event,Event experienced
2.76,1,0,0,Additive genetic variance,5,1.6929516021083795,1.7916108267025432,1.5044863779216644,1.8250447280930444,1.514029078321655,1.6929516021083795,After the historical event,Event not experienced
2.76,1,0,0,Nuclear-family environmental variance,5,2.239063622594369,2.2936077557757626,2.125610930659523,2.331485926958862,2.25,2.239063622594369,After the historical event,Event not experienced
2.76,1,0,0,Nonshared environmental variance,5,3.9884543698246904,4.018795136119942,3.8213162108661596,4.112091759641511,4,3.9884543698246904,After the historical event,Event not experienced
2.76,1,0,0,Phenotypic variance,5,7.9204695945274395,7.91672702019466,7.862634425312352,7.989018134410961,7.764029078321655,7.9204695945274395,After the historical event,Event not experienced
2.76,1,1,1,Additive genetic variance,5,2.312822420409094,2.2146523490526473,1.7352829263375849,2.7867993885388898,2.2586659719872944,2.312822420409094,After the historical event,Event experienced
2.76,1,1,1,Nuclear-family environmental variance,5,2.3832067126460887,2.331830530867762,2.1450792191036054,2.5913938927033824,2.25,2.3832067126460887,After the historical event,Event experienced
2.76,1,1,1,Nonshared environmental variance,5,3.931906358934365,4.034565465505266,3.5879077028624082,4.064505345104967,4,3.931906358934365,After the historical event,Event experienced
2.76,1,1,1,Phenotypic variance,5,8.627935491989549,8.634130320239844,8.348116129755738,8.806327743460601,8.508665971987295,8.627935491989549,After the historical event,Event experienced
2.7800000000000002,1,0,0,Additive genetic variance,5,1.665044447583083,1.7640526142050215,1.4745670584592132,1.799353698462413,1.4867824583597147,1.665044447583083,After the historical event,Event not experienced
2.7800000000000002,1,0,0,Nuclear-family environmental variance,5,2.2394029030989087,2.291576680011877,2.1267842966674646,2.336058823728854,2.25,2.2394029030989087,After the historical event,Event not experienced
2.7800000000000002,1,0,0,Nonshared environmental variance,5,3.986181512733507,4.0188868145346515,3.8185900526531116,4.107358144729634,4,3.986181512733507,After the historical event,Event not experienced
2.7800000000000002,1,0,0,Phenotypic variance,5,7.890628863415499,7.885213487917228,7.831591688264894,7.963853399597271,7.7367824583597145,7.890628863415499,After the historical event,Event not experienced
2.7800000000000002,1,1,1,Additive genetic variance,5,2.274490454642892,2.1837712438897183,1.7015500626542406,2.735554277868688,2.218018791400826,2.274490454642892,After the historical event,Event experienced
2.7800000000000002,1,1,1,Nuclear-family environmental variance,5,2.3836479790968967,2.33346351556112,2.143381994853488,2.5906286482860468,2.25,2.3836479790968967,After the historical event,Event experienced
2.7800000000000002,1,1,1,Nonshared environmental variance,5,3.929614014874754,4.031700661996382,3.5876871196502615,4.063427517616794,4,3.929614014874754,After the historical event,Event experienced
2.7800000000000002,1,1,1,Phenotypic variance,5,8.587752448614543,8.581607755671254,8.315067549966109,8.76069951078231,8.468018791400826,8.587752448614543,After the historical event,Event experienced
2.8,1,0,0,Additive genetic variance,5,1.6373435962231213,1.7366393950304697,1.444977856317367,1.7737825342129598,1.4597925858179748,1.6373435962231213,After the historical event,Event not experienced
2.8,1,0,0,Nuclear-family environmental variance,5,2.239743745291748,2.2895373990949284,2.126313600164886,2.3406488982026374,2.25,2.239743745291748,After the historical event,Event not experienced
2.8,1,0,0,Nonshared environmental variance,5,3.9838916312325803,4.018966702081281,3.8158495211971,4.102598571600132,4,3.9838916312325803,After the historical event,Event not experienced
2.8,1,0,0,Phenotypic variance,5,7.86097897274745,7.853825657702723,7.800789653978998,7.938826347344073,7.709792585817975,7.86097897274745,After the historical event,Event not experienced
2.8,1,1,1,Additive genetic variance,5,2.236443436179277,2.1530297097768005,1.6681778313139608,2.684774672591077,2.1777546329568684,2.236443436179277,After the historical event,Event experienced
2.8,1,1,1,Nuclear-family environmental variance,5,2.384090909513916,2.3351085938402063,2.141689271776052,2.589843064468332,2.25,2.384090909513916,After the historical event,Event experienced
2.8,1,1,1,Nonshared environmental variance,5,3.9273048348610224,4.028821536110218,3.5874549594252194,4.062337940689573,4,3.9273048348610224,After the historical event,Event experienced
2.8,1,1,1,Phenotypic variance,5,8.547839180554215,8.551871958378175,8.280140059360628,8.715270809876001,8.42775463295687,8.547839180554215,After the historical event,Event experienced
2.8200000000000003,1,0,0,Additive genetic variance,5,1.609854314863562,1.7093776512251966,1.4157228864139435,1.7483364608646308,1.4330633575890162,1.609854314863562,After the historical event,Event not experienced
2.8200000000000003,1,0,0,Nuclear-family environmental variance,5,2.2400861828244625,2.2874899381392866,2.12498056024035,2.3452562378786643,2.25,2.2400861828244625,After the historical event,Event not experienced
2.8200000000000003,1,0,0,Nonshared environmental variance,5,3.9815847674881866,4.019034798056615,3.813094650320648,4.097813150656177,4,3.9815847674881866,After the historical event,Event not experienced
2.8200000000000003,1,0,0,Phenotypic variance,5,7.831525265176212,7.822569151461927,7.770233594166155,7.913942094037716,7.683063357589016,7.831525265176212,After the historical event,Event not experienced
2.8200000000000003,1,1,1,Additive genetic variance,5,2.1986886627674322,2.122434033272224,1.6351709555346676,2.6344698532170163,2.1378793101360176,2.1986886627674322,After the historical event,Event experienced
2.8200000000000003,1,1,1,Nuclear-family environmental variance,5,2.3845355408167976,2.33676578966494,2.1400010417759514,2.5890371921825803,2.25,2.3845355408167976,After the historical event,Event experienced
2.8200000000000003,1,1,1,Nonshared environmental variance,5,3.924978861092536,4.025928121444126,3.5872112269185146,4.061236630642274,4,3.924978861092536,After the historical event,Event experienced
2.8200000000000003,1,1,1,Phenotypic variance,5,8.508203064676765,8.52228412291414,8.245603357679027,8.670051234315057,8.387879310136018,8.508203064676765,After the historical event,Event experienced
2.84,1,0,0,Additive genetic variance,5,1.5825816765857315,1.6822736912006009,1.3868059987087153,1.7230205782547836,1.406598475567285,1.5825816765857315,After the historical event,Event not experienced
2.84,1,0,0,Nuclear-family environmental variance,5,2.240430249636789,2.285434322344093,2.123653929516907,2.349880930755233,2.25,2.240430249636789,After the historical event,Event not experienced
2.84,1,0,0,Nonshared environmental variance,5,3.9792609639108516,4.019091101861227,3.8103254740102974,4.093001992789842,4,3.9792609639108516,After the historical event,Event not experienced
2.84,1,0,0,Phenotypic variance,5,7.802272890133372,7.7914494319102126,7.7399285417758925,7.88920561999902,7.656598475567285,7.802272890133372,After the historical event,Event not experienced
2.84,1,1,1,Additive genetic variance,5,2.1612331626372594,2.0919903533000044,1.6025338685418267,2.584648674060514,2.0983983455158364,2.1612331626372594,After the historical event,Event experienced
2.84,1,1,1,Nuclear-family environmental variance,5,2.384981910242253,2.338435127182719,2.1383172968091633,2.590851614307679,2.25,2.384981910242253,After the historical event,Event experienced
2.84,1,1,1,Nonshared environmental variance,5,3.9226361360106066,4.023020451745368,3.5869559269805302,4.060123603913199,4,3.9226361360106066,After the historical event,Event experienced
2.84,1,1,1,Phenotypic variance,5,8.468851208890118,8.492850417183124,8.211462318166008,8.62505012100695,8.348398345515836,8.468851208890118,After the historical event,Event experienced
2.8600000000000003,1,0,0,Additive genetic variance,5,1.5555305609126029,1.65533364843895,1.3582307807759106,1.6978398595805952,1.3804014478721973,1.5555305609126029,After the historical event,Event not experienced
2.8600000000000003,1,0,0,Nuclear-family environmental variance,5,2.2407759799567266,2.283370576992745,2.1223336996870357,2.35452306533268,2.25,2.2407759799567266,After the historical event,Event not experienced
2.8600000000000003,1,0,0,Nonshared environmental variance,5,3.9769202631539398,4.019135612999491,3.807542026415898,4.088165209377801,4,3.9769202631539398,After the historical event,Event not experienced
2.8600000000000003,1,0,0,Phenotypic variance,5,7.7732268040232695,7.760471801883853,7.7098792919614665,7.864621768866299,7.630401447872197,7.7732268040232695,After the historical event,Event not experienced
2.8600000000000003,1,1,1,Additive genetic variance,5,2.1240836947569064,2.061704659952587,1.570270716250732,2.535319565017899,2.059316972595513,2.1240836947569064,After the historical event,Event experienced
2.8600000000000003,1,1,1,Nuclear-family environmental variance,5,2.3854300553441603,2.3401166307290047,2.136638028882813,2.595957429224005,2.25,2.3854300553441603,After the historical event,Event experienced
2.8600000000000003,1,1,1,Nonshared environmental variance,5,3.9202767022970955,4.020098560910458,3.5866890645806437,4.0589988770594685,4,3.9202767022970955,After the historical event,Event experienced
2.8600000000000003,1,1,1,Phenotypic variance,5,8.429790452398162,8.463576860519542,8.177721502624761,8.580658519078707,8.309316972595512,8.429790452398162,After the historical event,Event experienced
2.88,1,0,0,Additive genetic variance,5,1.528705654157319,1.6285634803589097,1.330000560562466,1.6727991505412654,1.3544755902023313,1.528705654157319,After the historical event,Event not experienced
2.88,1,0,0,Nuclear-family environmental variance,5,2.2411234083006337,2.281298727452376,2.121019862503023,2.359182730615578,2.25,2.2411234083006337,After the historical event,Event not experienced
2.88,1,0,0,Nonshared environmental variance,5,3.9745627081122437,4.019168331079579,3.80474434184989,4.0833029122770075,4,3.9745627081122437,After the historical event,Event not experienced
2.88,1,0,0,Phenotypic variance,5,7.744391770570196,7.7296414037852275,7.680090403237671,7.840195247083782,7.604475590202331,7.744391770570196,After the historical event,Event not experienced
2.88,1,1,1,Additive genetic variance,5,2.0872467493052813,2.0315827934105584,1.5383853601514732,2.4864905336892327,2.020640137816074,2.0872467493052813,After the historical event,Event experienced
2.88,1,1,1,Nuclear-family environmental variance,5,2.3858800139936807,2.341810324827912,2.134963230054997,2.6010824908013803,2.25,2.3858800139936807,After the historical event,Event experienced
2.88,1,1,1,Nonshared environmental variance,5,3.9179006028730043,4.0171624829845065,3.586410644807076,4.057862466756486,4,3.9179006028730043,After the historical event,Event experienced
2.88,1,1,1,Phenotypic variance,5,8.391027366171967,8.434469322608503,8.144385164620795,8.543541758615353,8.270640137816073,8.391027366171967,After the historical event,Event experienced
2.9000000000000004,1,0,0,Additive genetic variance,5,1.5021114499216315,1.6019689673393576,1.3021184093251894,1.6479031685792231,1.3288240273169776,1.5021114499216315,After the historical event,Event not experienced
2.9000000000000004,1,0,0,Nuclear-family environmental variance,5,2.241472569473321,2.279218799173341,2.1197124097768976,2.363860016114944,2.25,2.241472569473321,After the historical event,Event not experienced
2.9000000000000004,1,0,0,Nonshared environmental variance,5,3.9721883419205652,4.01918925581348,3.8019324547865785,4.078415213820368,4,3.9721883419205652,After the historical event,Event not experienced
2.9000000000000004,1,0,0,Phenotypic variance,5,7.715772361315517,7.698963219155408,7.650566198825887,7.815930623494024,7.578824027316978,7.715772361315517,After the historical event,Event not experienced
2.9000000000000004,1,1,1,Additive genetic variance,5,2.0507285483550617,2.0016304429784757,1.5068813803892982,2.440628488412542,1.9823725027706052,2.0507285483550617,After the historical event,Event experienced
2.9000000000000004,1,1,1,Nuclear-family environmental variance,5,2.386331824379363,2.3435162341928066,2.1332928924346106,2.606226897636931,2.25,2.386331824379363,After the historical event,Event experienced
2.9000000000000004,1,1,1,Nonshared environmental variance,5,3.915507880897068,4.014212252160556,3.586120672866735,4.056714389797417,4,3.915507880897068,After the historical event,Event experienced
2.9000000000000004,1,1,1,Phenotypic variance,5,8.352568253631492,8.405533522522177,8.111457252900413,8.506615876961485,8.232372502770605,8.352568253631492,After the historical event,Event experienced
2.92,1,0,0,Additive genetic variance,5,1.475752249741,1.5755557118999017,1.2745871447399764,1.6231565022195433,1.3034496946412926,1.475752249741,After the historical event,Event not experienced
2.92,1,0,0,Nuclear-family environmental variance,5,2.2418234985681442,2.2771308176886933,2.1184113333803567,2.368555011850465,2.25,2.2418234985681442,After the historical event,Event not experienced
2.92,1,0,0,Nonshared environmental variance,5,3.969797207952294,4.019198387016995,3.799106399861411,4.073502226812401,4,3.969797207952294,After the historical event,Event not experienced
2.92,1,0,0,Phenotypic variance,5,7.687372956261438,7.668442068372492,7.621310768181342,7.791832329033042,7.553449694641293,7.687372956261438,After the historical event,Event not experienced
2.92,1,1,1,Additive genetic variance,5,2.014535046761641,1.971853146235946,1.4757620790330543,2.39954230722523,1.9445184465988525,2.014535046761641,After the historical event,Event experienced
2.92,1,1,1,Nuclear-family environmental variance,5,2.3867855250072516,2.3452343837269036,2.131627008181168,2.611390748888917,2.25,2.3867855250072516,After the historical event,Event experienced
2.92,1,1,1,Nonshared environmental variance,5,3.913098579764334,4.011247902778927,3.585819154085058,4.05555466309265,4,3.913098579764334,After the historical event,Event experienced
2.92,1,1,1,Phenotypic variance,5,8.314419151533228,8.376775027871393,8.078941415015684,8.469886881854638,8.194518446598853,8.314419151533228,After the historical event,Event experienced
2.9400000000000004,1,0,0,Additive genetic variance,5,1.4496321638729117,1.5493291380363208,1.2474093341760966,1.5985636105066066,1.2783553399911787,1.4496321638729117,After the historical event,Event not experienced
2.9400000000000004,1,0,0,Nuclear-family environmental variance,5,2.242176230967096,2.2750348086136625,2.1171166252447016,2.3732678083527308,2.25,2.242176230967096,After the historical event,Event not experienced
2.9400000000000004,1,0,0,Nonshared environmental variance,5,3.9673893498179704,4.019195724609741,3.7962662118702486,4.068564064524871,4,3.9673893498179704,After the historical event,Event not experienced
2.9400000000000004,1,0,0,Phenotypic variance,5,7.659197744657978,7.638082610473889,7.59232796869735,7.767904656526634,7.528355339991179,7.659197744657978,After the historical event,Event not experienced
2.9400000000000004,1,1,1,Additive genetic variance,5,1.9786719332532035,1.9422562883029166,1.4450304835242391,2.358766923965828,1.9070820685604435,1.9786719332532035,After the historical event,Event experienced
2.9400000000000004,1,1,1,Nuclear-family environmental variance,5,2.3872411547009884,2.3469647985238757,2.129965569504631,2.616574144279189,2.25,2.3872411547009884,After the historical event,Event experienced
2.9400000000000004,1,1,1,Nonshared environmental variance,5,3.9106727431047377,4.008269469326537,3.585506093905848,4.054383303669271,4,3.9106727431047377,After the historical event,Event experienced
2.9400000000000004,1,1,1,Phenotypic variance,5,8.276585831058929,8.348199254071492,8.046841001147648,8.433360581236899,8.157082068560443,8.276585831058929,After the historical event,Event experienced
2.96,1,0,0,Additive genetic variance,5,1.4237551122249703,1.5232944907090715,1.2205872981285426,1.5741288225370564,1.2535435254140133,1.4237551122249703,After the historical event,Event not experienced
2.96,1,0,0,Nuclear-family environmental variance,5,2.2425308023408905,2.2729307976451354,2.115828277360768,2.3779984966654797,2.25,2.2425308023408905,After the historical event,Event not experienced
2.96,1,0,0,Nonshared environmental variance,5,3.9649648113638576,4.0191812686151565,3.7934119257686354,4.063600840692426,4,3.9649648113638576,After the historical event,Event not experienced
2.96,1,0,0,Phenotypic variance,5,7.631250725929719,7.60788934310076,7.563530097653412,7.74415176058642,7.503543525414013,7.631250725929719,After the historical event,Event not experienced
2.96,1,1,1,Additive genetic variance,5,1.943144631717087,1.9128451012181298,1.4146893502991957,2.3183101475833827,1.8700671907809325,1.943144631717087,After the historical event,Event experienced
2.96,1,1,1,Nuclear-family environmental variance,5,2.3876987526019127,2.3487075038684626,2.1283085686652297,2.6217771840956505,2.25,2.3876987526019127,After the historical event,Event experienced
2.96,1,1,1,Nonshared environmental variance,5,3.908230414781676,4.00527698643625,3.5851814978911154,4.053200328670522,4,3.908230414781676,After the historical event,Event experienced
2.96,1,1,1,Phenotypic variance,5,8.239073799100677,8.319811463721319,8.01515906811952,8.397042583117592,8.120067190780933,8.239073799100677,After the historical event,Event experienced
2.9800000000000004,1,0,0,Additive genetic variance,5,1.3981248254191132,1.497456835482785,1.194123113801325,1.549856337087931,1.2290166291412346,1.3981248254191132,After the historical event,Event not experienced
2.9800000000000004,1,0,0,Nuclear-family environmental variance,5,2.242887248649053,2.2708188105611278,2.1145462817788645,2.382747168347857,2.25,2.242887248649053,After the historical event,Event not experienced
2.9800000000000004,1,0,0,Nonshared environmental variance,5,3.9625236366704906,4.019155019160497,3.790543576671063,4.058612669508205,4,3.9625236366704906,After the historical event,Event not experienced
2.9800000000000004,1,0,0,Phenotypic variance,5,7.603535710738656,7.577866602562606,7.5331746553355625,7.7205776576039264,7.479016629141235,7.603535710738656,After the historical event,Event not experienced
2.9800000000000004,1,1,1,Additive genetic variance,5,1.9079583026773463,1.8836246634295064,1.3847411685768336,2.278179498843444,1.8334773611647157,1.9079583026773463,After the historical event,Event experienced
2.9800000000000004,1,1,1,Nuclear-family environmental variance,5,2.3881583581691608,2.350462525237085,2.1266559979732955,2.626999969194743,2.25,2.3881583581691608,After the historical event,Event experienced
2.9800000000000004,1,1,1,Nonshared environmental variance,5,3.9057716388905708,4.002270488886191,3.584845371720911,4.05200575535526,4,3.9057716388905708,After the historical event,Event experienced
2.9800000000000004,1,1,1,Phenotypic variance,5,8.201888299737078,8.291616766094144,7.983898383591453,8.360938295587461,8.083477361164716,8.201888299737078,After the historical event,Event experienced
3,1,0,0,Additive genetic variance,5,1.372744845988337,1.4718210583146272,1.1680186188346522,1.5257502223388675,1.2047768476488083,1.372744845988337,After the historical event,Event not experienced
3,1,0,0,Nuclear-family environmental variance,5,2.24324560614,2.268698873220262,2.113270630608704,2.387513915476685,2.25,2.24324560614,After the historical event,Event not experienced
3,1,0,0,Nonshared environmental variance,5,3.9600658700512352,4.019116976476832,3.787661199850235,4.053599665619446,4,3.9600658700512352,After the historical event,Event not experienced
3,1,0,0,Phenotypic variance,5,7.576056322179571,7.548018564020041,7.503016057254006,7.69718622584114,7.454776847648809,7.576056322179571,After the historical event,Event not experienced
3,1,1,1,Additive genetic variance,5,1.8731178449584287,1.854599899395243,1.3551881643043386,2.2383822104837816,1.7973158564688865,1.8731178449584287,After the historical event,Event experienced
3,1,1,1,Nuclear-family environmental variance,5,2.3886200111797615,2.352229888298467,2.1250078497890814,2.632242601003936,2.25,2.3886200111797615,After the historical event,Event experienced
3,1,1,1,Nonshared environmental variance,5,3.9032964597574256,3.996883049563603,3.584497721193155,4.051036297300976,4,3.9032964597574256,After the historical event,Event experienced
3,1,1,1,Phenotypic variance,5,8.165034315895616,8.263620116739341,7.953061430428487,8.325052926981952,8.047315856468886,8.165034315895616,After the historical event,Event experienced
