"expr","min","lq","mean","median","uq","max","neval"
"loop",27.96,28.52155,30.722498,28.9076,34.4181,40.0309,100
"indexed",7.3455,7.47115,7.73479,7.54215,7.69225,15.0216,100
