"expr","min","lq","mean","median","uq","max","neval"
"beta",430.4392,516.5138,574.575919,563.7353,623.24015,956.2494,100
"regular",424.8536,507.47875,578.514,564.8453,631.97425,997.8213,100
"legacy",580.1082,1392.24995,2086.481802,1783.02635,2686.8328,4768.9119,100
