"expr","min","lq","mean","median","uq","max","neval"
"beta",16.0127553,19.82506435,22.108722786,21.26392435,23.70929065,33.0821112,100
"regular",16.1161818,19.80905795,22.26289046694,21.25613265,24.39315385,33.3530921,100
"legacy",32.0135859,39.7116454,43.55598528601,42.62947545,47.32561085,65.684218301,100
