time,historical_period,event_experienced,event_effect,component,n_replications,recovered_mean,recovered_median,recovered_lower,recovered_upper,population_variance,recovered_central,historical_period_label,event_experience_label
-3,0,0,0,Additive genetic variance,5,0.29200369534929044,0.3059600860612573,0.1774714224180503,0.39198379706732855,0.36287181315764994,0.29200369534929044,Before the historical event,Event not experienced
-3,0,0,0,Nuclear-family environmental variance,5,2.607237082530184,2.310712330502096,1.3686534044729326,3.89758593140539,2.25,2.607237082530184,Before the historical event,Event not experienced
-3,0,0,0,Nonshared environmental variance,5,8.472048180970871,8.680051554746495,7.3917300799137875,9.73392749534006,9.000000000000002,8.472048180970871,Before the historical event,Event not experienced
-3,0,0,0,Phenotypic variance,5,11.371288958850347,11.41651466942984,11.099742139265986,11.605984005898152,11.612871813157652,11.371288958850347,Before the historical event,Event not experienced
-3,0,1,0,Additive genetic variance,5,0.29200369534929044,0.3059600860612573,0.1774714224180503,0.39198379706732855,0.36287181315764994,0.29200369534929044,Before the historical event,Event experienced
-3,0,1,0,Nuclear-family environmental variance,5,2.607237082530184,2.310712330502096,1.3686534044729326,3.89758593140539,2.25,2.607237082530184,Before the historical event,Event experienced
-3,0,1,0,Nonshared environmental variance,5,8.472048180970871,8.680051554746495,7.3917300799137875,9.73392749534006,9.000000000000002,8.472048180970871,Before the historical event,Event experienced
-3,0,1,0,Phenotypic variance,5,11.371288958850347,11.41651466942984,11.099742139265986,11.605984005898152,11.612871813157652,11.371288958850347,Before the historical event,Event experienced
-3,1,0,0,Additive genetic variance,5,0.29200369534929044,0.3059600860612573,0.1774714224180503,0.39198379706732855,0.36287181315764994,0.29200369534929044,After the historical event,Event not experienced
-3,1,0,0,Nuclear-family environmental variance,5,2.607237082530184,2.310712330502096,1.3686534044729326,3.89758593140539,2.25,2.607237082530184,After the historical event,Event not experienced
-3,1,0,0,Nonshared environmental variance,5,8.472048180970871,8.680051554746495,7.3917300799137875,9.73392749534006,9.000000000000002,8.472048180970871,After the historical event,Event not experienced
-3,1,0,0,Phenotypic variance,5,11.371288958850347,11.41651466942984,11.099742139265986,11.605984005898152,11.612871813157652,11.371288958850347,After the historical event,Event not experienced
-3,1,1,1,Additive genetic variance,5,0.3980163534277953,0.35866954236238224,0.3481136681840132,0.46693885075259123,0.5413411329464507,0.3980163534277953,After the historical event,Event experienced
-3,1,1,1,Nuclear-family environmental variance,5,2.8086556146848722,2.7441764086210245,1.4743182531440209,4.294161751818613,2.25,2.8086556146848722,After the historical event,Event experienced
-3,1,1,1,Nonshared environmental variance,5,8.343270275137298,8.458761676202457,7.030860277330804,9.700732270111171,9.000000000000002,8.343270275137298,After the historical event,Event experienced
-3,1,1,1,Phenotypic variance,5,11.549942243249966,11.670441602428046,10.616316389022739,12.058084244925716,11.791341132946453,11.549942243249966,After the historical event,Event experienced
-2.98,0,0,0,Additive genetic variance,5,0.30031839561255136,0.3145899849269596,0.1834228647766453,0.40273937487178746,0.3731459537791037,0.30031839561255136,Before the historical event,Event not experienced
-2.98,0,0,0,Nuclear-family environmental variance,5,2.6012288841087,2.310538421966434,1.371027026745343,3.879353613846329,2.25,2.6012288841087,Before the historical event,Event not experienced
-2.98,0,0,0,Nonshared environmental variance,5,8.479666721189869,8.690839614751441,7.404779127198799,9.731055609948017,9.000000000000002,8.479666721189869,Before the historical event,Event not experienced
-2.98,0,0,0,Phenotypic variance,5,11.38121400091112,11.42453652241406,11.11150685016352,11.608489130560056,11.623145953779105,11.38121400091112,Before the historical event,Event not experienced
-2.98,0,1,0,Additive genetic variance,5,0.30031839561255136,0.3145899849269596,0.1834228647766453,0.40273937487178746,0.3731459537791037,0.30031839561255136,Before the historical event,Event experienced
-2.98,0,1,0,Nuclear-family environmental variance,5,2.6012288841087,2.310538421966434,1.371027026745343,3.879353613846329,2.25,2.6012288841087,Before the historical event,Event experienced
-2.98,0,1,0,Nonshared environmental variance,5,8.479666721189869,8.690839614751441,7.404779127198799,9.731055609948017,9.000000000000002,8.479666721189869,Before the historical event,Event experienced
-2.98,0,1,0,Phenotypic variance,5,11.38121400091112,11.42453652241406,11.11150685016352,11.608489130560056,11.623145953779105,11.38121400091112,Before the historical event,Event experienced
-2.98,1,0,0,Additive genetic variance,5,0.30031839561255136,0.3145899849269596,0.1834228647766453,0.40273937487178746,0.3731459537791037,0.30031839561255136,After the historical event,Event not experienced
-2.98,1,0,0,Nuclear-family environmental variance,5,2.6012288841087,2.310538421966434,1.371027026745343,3.879353613846329,2.25,2.6012288841087,After the historical event,Event not experienced
-2.98,1,0,0,Nonshared environmental variance,5,8.479666721189869,8.690839614751441,7.404779127198799,9.731055609948017,9.000000000000002,8.479666721189869,After the historical event,Event not experienced
-2.98,1,0,0,Phenotypic variance,5,11.38121400091112,11.42453652241406,11.11150685016352,11.608489130560056,11.623145953779105,11.38121400091112,After the historical event,Event not experienced
-2.98,1,1,1,Additive genetic variance,5,0.40954444820780916,0.3710882191387915,0.35775050888777404,0.4797853716146522,0.5566683496725748,0.40954444820780916,After the historical event,Event experienced
-2.98,1,1,1,Nuclear-family environmental variance,5,2.802000741071093,2.736892353624218,1.4774248167217556,4.273927102180412,2.25,2.802000741071093,After the historical event,Event experienced
-2.98,1,1,1,Nonshared environmental variance,5,8.350631788292642,8.46927470460498,7.043677963749726,9.697897570019569,9.000000000000002,8.350631788292642,After the historical event,Event experienced
-2.98,1,1,1,Phenotypic variance,5,11.562176977571545,11.686497030436636,10.633107958139652,12.07365122267521,11.806668349672577,11.562176977571545,After the historical event,Event experienced
-2.96,0,0,0,Additive genetic variance,5,0.3088238154599628,0.3234138099289605,0.18954101001690274,0.4137258737758862,0.3836496015713771,0.3088238154599628,Before the historical event,Event not experienced
-2.96,0,0,0,Nuclear-family environmental variance,5,2.5952708431436498,2.310362331579959,1.3734072034024238,3.8612645111541783,2.25,2.5952708431436498,Before the historical event,Event not experienced
-2.96,0,0,0,Nonshared environmental variance,5,8.487258991465279,8.701575059954246,7.417796968241353,9.728193106746943,9.000000000000002,8.487258991465279,Before the historical event,Event not experienced
-2.96,0,0,0,Phenotypic variance,5,11.39135365006889,11.432758171520637,11.123458383813869,11.61127667525345,11.63364960157138,11.39135365006889,Before the historical event,Event not experienced
-2.96,0,1,0,Additive genetic variance,5,0.3088238154599628,0.3234138099289605,0.18954101001690274,0.4137258737758862,0.3836496015713771,0.3088238154599628,Before the historical event,Event experienced
-2.96,0,1,0,Nuclear-family environmental variance,5,2.5952708431436498,2.310362331579959,1.3734072034024238,3.8612645111541783,2.25,2.5952708431436498,Before the historical event,Event experienced
-2.96,0,1,0,Nonshared environmental variance,5,8.487258991465279,8.701575059954246,7.417796968241353,9.728193106746943,9.000000000000002,8.487258991465279,Before the historical event,Event experienced
-2.96,0,1,0,Phenotypic variance,5,11.39135365006889,11.432758171520637,11.123458383813869,11.61127667525345,11.63364960157138,11.39135365006889,Before the historical event,Event experienced
-2.96,1,0,0,Additive genetic variance,5,0.3088238154599628,0.3234138099289605,0.18954101001690274,0.4137258737758862,0.3836496015713771,0.3088238154599628,After the historical event,Event not experienced
-2.96,1,0,0,Nuclear-family environmental variance,5,2.5952708431436498,2.310362331579959,1.3734072034024238,3.8612645111541783,2.25,2.5952708431436498,After the historical event,Event not experienced
-2.96,1,0,0,Nonshared environmental variance,5,8.487258991465279,8.701575059954246,7.417796968241353,9.728193106746943,9.000000000000002,8.487258991465279,After the historical event,Event not experienced
-2.96,1,0,0,Phenotypic variance,5,11.39135365006889,11.432758171520637,11.123458383813869,11.61127667525345,11.63364960157138,11.39135365006889,After the historical event,Event not experienced
-2.96,1,1,1,Additive genetic variance,5,0.4213434095194728,0.3838652424969723,0.36760237704826115,0.4929086209724791,0.5723379508644135,0.4213434095194728,After the historical event,Event experienced
-2.96,1,1,1,Nuclear-family environmental variance,5,2.7954023353403534,2.7296766472064937,1.4805326292170295,4.253851765790064,2.25,2.7954023353403534,After the historical event,Event experienced
-2.96,1,1,1,Nonshared environmental variance,5,8.357967600494781,8.479736459571031,7.0564673050628315,9.695072061469938,9.000000000000002,8.357967600494781,After the historical event,Event experienced
-2.96,1,1,1,Phenotypic variance,5,11.574713345354608,11.70284448326048,10.650257645339021,12.08948639087396,11.822337950864416,11.574713345354608,After the historical event,Event experienced
-2.94,0,0,0,Additive genetic variance,5,0.31752276817338365,0.3324342625547324,0.1958292319321951,0.42494613761312233,0.39438580870744855,0.31752276817338365,Before the historical event,Event not experienced
-2.94,0,0,0,Nuclear-family environmental variance,5,2.589362573938743,2.3101840598435266,1.3757938745320166,3.8433174004724195,2.25,2.589362573938743,Before the historical event,Event not experienced
-2.94,0,0,0,Nonshared environmental variance,5,8.494824834032652,8.71225766235315,7.430783357625813,9.725339968159275,9.000000000000002,8.494824834032652,Before the historical event,Event not experienced
-2.94,0,0,0,Phenotypic variance,5,11.40171017614478,11.441182062515358,11.13559965228875,11.615873119849905,11.644385808707451,11.40171017614478,Before the historical event,Event not experienced
-2.94,0,1,0,Additive genetic variance,5,0.31752276817338365,0.3324342625547324,0.1958292319321951,0.42494613761312233,0.39438580870744855,0.31752276817338365,Before the historical event,Event experienced
-2.94,0,1,0,Nuclear-family environmental variance,5,2.589362573938743,2.3101840598435266,1.3757938745320166,3.8433174004724195,2.25,2.589362573938743,Before the historical event,Event experienced
-2.94,0,1,0,Nonshared environmental variance,5,8.494824834032652,8.71225766235315,7.430783357625813,9.725339968159275,9.000000000000002,8.494824834032652,Before the historical event,Event experienced
-2.94,0,1,0,Phenotypic variance,5,11.40171017614478,11.441182062515358,11.13559965228875,11.615873119849905,11.644385808707451,11.40171017614478,Before the historical event,Event experienced
-2.94,1,0,0,Additive genetic variance,5,0.31752276817338365,0.3324342625547324,0.1958292319321951,0.42494613761312233,0.39438580870744855,0.31752276817338365,After the historical event,Event not experienced
-2.94,1,0,0,Nuclear-family environmental variance,5,2.589362573938743,2.3101840598435266,1.3757938745320166,3.8433174004724195,2.25,2.589362573938743,After the historical event,Event not experienced
-2.94,1,0,0,Nonshared environmental variance,5,8.494824834032652,8.71225766235315,7.430783357625813,9.725339968159275,9.000000000000002,8.494824834032652,After the historical event,Event not experienced
-2.94,1,0,0,Phenotypic variance,5,11.40171017614478,11.441182062515358,11.13559965228875,11.615873119849905,11.644385808707451,11.40171017614478,After the historical event,Event not experienced
-2.94,1,1,1,Additive genetic variance,5,0.4334174246762816,0.3970081003683057,0.3776723827055333,0.506312028546798,0.5883544898289973,0.4334174246762816,After the historical event,Event experienced
-2.94,1,1,1,Nuclear-family environmental variance,5,2.7888599619548273,2.7225288503763903,1.4836416622108566,4.233934379351491,2.25,2.7888599619548273,After the historical event,Event experienced
-2.94,1,1,1,Nonshared environmental variance,5,8.365277559249707,8.490146718911545,7.069228062181025,9.692255726827382,9.000000000000002,8.365277559249707,After the historical event,Event experienced
-2.94,1,1,1,Phenotypic variance,5,11.587554945880816,11.719486657410464,10.667772062545684,12.105593518326447,11.838354489829,11.587554945880816,After the historical event,Event experienced
-2.92,0,0,0,Additive genetic variance,5,0.3264180572696633,0.3416540283448128,0.2022909241046719,0.43640297730113936,0.4053575998439434,0.3264180572696633,Before the historical event,Event not experienced
-2.92,0,0,0,Nuclear-family environmental variance,5,2.5835036945120304,2.310003607264172,1.3781869804982698,3.82551107119127,2.25,2.5835036945120304,Before the historical event,Event not experienced
-2.92,0,0,0,Nonshared environmental variance,5,8.50236409148248,8.722887194869168,7.443738050196533,9.722496176692536,9.000000000000002,8.50236409148248,Before the historical event,Event not experienced
-2.92,0,0,0,Phenotypic variance,5,11.412285843264174,11.449810626090798,11.147933586583356,11.627954555450396,11.655357599843946,11.412285843264174,Before the historical event,Event not experienced
-2.92,0,1,0,Additive genetic variance,5,0.3264180572696633,0.3416540283448128,0.2022909241046719,0.43640297730113936,0.4053575998439434,0.3264180572696633,Before the historical event,Event experienced
-2.92,0,1,0,Nuclear-family environmental variance,5,2.5835036945120304,2.310003607264172,1.3781869804982698,3.82551107119127,2.25,2.5835036945120304,Before the historical event,Event experienced
-2.92,0,1,0,Nonshared environmental variance,5,8.50236409148248,8.722887194869168,7.443738050196533,9.722496176692536,9.000000000000002,8.50236409148248,Before the historical event,Event experienced
-2.92,0,1,0,Phenotypic variance,5,11.412285843264174,11.449810626090798,11.147933586583356,11.627954555450396,11.655357599843946,11.412285843264174,Before the historical event,Event experienced
-2.92,1,0,0,Additive genetic variance,5,0.3264180572696633,0.3416540283448128,0.2022909241046719,0.43640297730113936,0.4053575998439434,0.3264180572696633,After the historical event,Event not experienced
-2.92,1,0,0,Nuclear-family environmental variance,5,2.5835036945120304,2.310003607264172,1.3781869804982698,3.82551107119127,2.25,2.5835036945120304,After the historical event,Event not experienced
-2.92,1,0,0,Nonshared environmental variance,5,8.50236409148248,8.722887194869168,7.443738050196533,9.722496176692536,9.000000000000002,8.50236409148248,After the historical event,Event not experienced
-2.92,1,0,0,Phenotypic variance,5,11.412285843264174,11.449810626090798,11.147933586583356,11.627954555450396,11.655357599843946,11.412285843264174,After the historical event,Event not experienced
-2.92,1,1,1,Additive genetic variance,5,0.4457706729555881,0.4105243294852423,0.387963627961241,0.5199989850686209,0.6047224788237818,0.4457706729555881,After the historical event,Event experienced
-2.92,1,1,1,Nuclear-family environmental variance,5,2.7823731896178208,2.7154485289493158,1.4867518871910896,4.214173593236298,2.25,2.7823731896178208,After the historical event,Event experienced
-2.92,1,1,1,Nonshared environmental variance,5,8.372561512411966,8.50050526133671,7.081959996210937,9.689448548542781,9.000000000000002,8.372561512411966,After the historical event,Event experienced
-2.92,1,1,1,Phenotypic variance,5,11.600705374985376,11.736426214456412,10.685657865359994,12.121976353318892,11.854722478823783,11.600705374985376,After the historical event,Event experienced
-2.9,0,0,0,Additive genetic variance,5,0.33551247446288307,0.3509651987079862,0.20892949805863203,0.4481102257897221,0.41656796938864216,0.33551247446288307,Before the historical event,Event not experienced
-2.9,0,0,0,Nuclear-family environmental variance,5,2.5776938265581273,2.3098209743551044,1.3805864619386523,3.8078443248158806,2.25,2.5776938265581273,Before the historical event,Event not experienced
-2.9,0,0,0,Nonshared environmental variance,5,8.509876606765046,8.73346343135414,7.456660801065507,9.719661714939345,9.000000000000002,8.509876606765046,Before the historical event,Event not experienced
-2.9,0,0,0,Phenotypic variance,5,11.423082907786055,11.458646275994875,11.160463134648184,11.640217530777731,11.666567969388645,11.423082907786055,Before the historical event,Event not experienced
-2.9,0,1,0,Additive genetic variance,5,0.33551247446288307,0.3509651987079862,0.20892949805863203,0.4481102257897221,0.41656796938864216,0.33551247446288307,Before the historical event,Event experienced
-2.9,0,1,0,Nuclear-family environmental variance,5,2.5776938265581273,2.3098209743551044,1.3805864619386523,3.8078443248158806,2.25,2.5776938265581273,Before the historical event,Event experienced
-2.9,0,1,0,Nonshared environmental variance,5,8.509876606765046,8.73346343135414,7.456660801065507,9.719661714939345,9.000000000000002,8.509876606765046,Before the historical event,Event experienced
-2.9,0,1,0,Phenotypic variance,5,11.423082907786055,11.458646275994875,11.160463134648184,11.640217530777731,11.666567969388645,11.423082907786055,Before the historical event,Event experienced
-2.9,1,0,0,Additive genetic variance,5,0.33551247446288307,0.3509651987079862,0.20892949805863203,0.4481102257897221,0.41656796938864216,0.33551247446288307,After the historical event,Event not experienced
-2.9,1,0,0,Nuclear-family environmental variance,5,2.5776938265581273,2.3098209743551044,1.3805864619386523,3.8078443248158806,2.25,2.5776938265581273,After the historical event,Event not experienced
-2.9,1,0,0,Nonshared environmental variance,5,8.509876606765046,8.73346343135414,7.456660801065507,9.719661714939345,9.000000000000002,8.509876606765046,After the historical event,Event not experienced
-2.9,1,0,0,Phenotypic variance,5,11.423082907786055,11.458646275994875,11.160463134648184,11.640217530777731,11.666567969388645,11.423082907786055,After the historical event,Event not experienced
-2.9,1,1,1,Additive genetic variance,5,0.4584073226854319,0.42442151133126366,0.39847920499172235,0.5339728390814815,0.6214463849802491,0.4584073226854319,After the historical event,Event experienced
-2.9,1,1,1,Nuclear-family environmental variance,5,2.775941591230601,2.7084352535038185,1.48986327555277,4.194568071336557,2.25,2.775941591230601,After the historical event,Event experienced
-2.9,1,1,1,Nonshared environmental variance,5,8.37981930818935,8.510811866463797,7.0946628684623105,9.686650509152813,9.000000000000002,8.37981930818935,After the historical event,Event experienced
-2.9,1,1,1,Phenotypic variance,5,11.614168222105384,11.753665777792179,10.703921749194109,12.138638620539803,11.871446384980251,11.614168222105384,After the historical event,Event experienced
-2.88,0,0,0,Additive genetic variance,5,0.34480879757672234,0.36034383508536466,0.21574838133473653,0.4600732787255499,0.428019878716284,0.34480879757672234,Before the historical event,Event not experienced
-2.88,0,0,0,Nuclear-family environmental variance,5,2.5719325954108903,2.3096361616357095,1.3829922597610178,3.790315974836084,2.25,2.5719325954108903,Before the historical event,Event not experienced
-2.88,0,0,0,Nonshared environmental variance,5,8.517362223195265,8.74398614659871,7.469551365620013,9.7168365655774,9.000000000000002,8.517362223195265,Before the historical event,Event not experienced
-2.88,0,0,0,Phenotypic variance,5,11.434103616182878,11.467691407121125,11.173191259341209,11.652664485284747,11.678019878716286,11.434103616182878,Before the historical event,Event not experienced
-2.88,0,1,0,Additive genetic variance,5,0.34480879757672234,0.36034383508536466,0.21574838133473653,0.4600732787255499,0.428019878716284,0.34480879757672234,Before the historical event,Event experienced
-2.88,0,1,0,Nuclear-family environmental variance,5,2.5719325954108903,2.3096361616357095,1.3829922597610178,3.790315974836084,2.25,2.5719325954108903,Before the historical event,Event experienced
-2.88,0,1,0,Nonshared environmental variance,5,8.517362223195265,8.74398614659871,7.469551365620013,9.7168365655774,9.000000000000002,8.517362223195265,Before the historical event,Event experienced
-2.88,0,1,0,Phenotypic variance,5,11.434103616182878,11.467691407121125,11.173191259341209,11.652664485284747,11.678019878716286,11.434103616182878,Before the historical event,Event experienced
-2.88,1,0,0,Additive genetic variance,5,0.34480879757672234,0.36034383508536466,0.21574838133473653,0.4600732787255499,0.428019878716284,0.34480879757672234,After the historical event,Event not experienced
-2.88,1,0,0,Nuclear-family environmental variance,5,2.5719325954108903,2.3096361616357095,1.3829922597610178,3.790315974836084,2.25,2.5719325954108903,After the historical event,Event not experienced
-2.88,1,0,0,Nonshared environmental variance,5,8.517362223195265,8.74398614659871,7.469551365620013,9.7168365655774,9.000000000000002,8.517362223195265,After the historical event,Event not experienced
-2.88,1,0,0,Phenotypic variance,5,11.434103616182878,11.467691407121125,11.173191259341209,11.652664485284747,11.678019878716286,11.434103616182878,After the historical event,Event not experienced
-2.88,1,1,1,Additive genetic variance,5,0.47133152825302693,0.43870726791012143,0.4092221940139276,0.5482368936902705,0.6385306261503736,0.47133152825302693,After the historical event,Event experienced
-2.88,1,1,1,Nuclear-family environmental variance,5,2.7695647438497346,2.7014885993383895,1.4929757985984842,4.175116490919327,2.25,2.7695647438497346,After the historical event,Event experienced
-2.88,1,1,1,Nonshared environmental variance,5,8.38705079514757,8.521066314824958,7.1073364404553505,9.683861591279916,9.000000000000002,8.38705079514757,After the historical event,Event experienced
-2.88,1,1,1,Phenotypic variance,5,11.627947067250332,11.77120792934942,10.722570445241281,12.155584017935215,11.888530626150375,11.627947067250332,After the historical event,Event experienced
-2.86,0,0,0,Additive genetic variance,5,0.3543097884074691,0.36991913127667236,0.2227510154845388,0.4722821752538211,0.4397162533339329,0.3543097884074691,Before the historical event,Event not experienced
-2.86,0,0,0,Nuclear-family environmental variance,5,2.566219630006523,2.3094491696315416,1.3854043151407072,3.772924846597664,2.25,2.566219630006523,Before the historical event,Event not experienced
-2.86,0,0,0,Nonshared environmental variance,5,8.52482078445754,8.75445511634032,7.482409499530241,9.714020711369484,9.000000000000002,8.52482078445754,Before the historical event,Event not experienced
-2.86,0,0,0,Phenotypic variance,5,11.445350202871534,11.476948393561475,11.186120936299975,11.665297838840411,11.689716253333934,11.445350202871534,Before the historical event,Event not experienced
-2.86,0,1,0,Additive genetic variance,5,0.3543097884074691,0.36991913127667236,0.2227510154845388,0.4722821752538211,0.4397162533339329,0.3543097884074691,Before the historical event,Event experienced
-2.86,0,1,0,Nuclear-family environmental variance,5,2.566219630006523,2.3094491696315416,1.3854043151407072,3.772924846597664,2.25,2.566219630006523,Before the historical event,Event experienced
-2.86,0,1,0,Nonshared environmental variance,5,8.52482078445754,8.75445511634032,7.482409499530241,9.714020711369484,9.000000000000002,8.52482078445754,Before the historical event,Event experienced
-2.86,0,1,0,Phenotypic variance,5,11.445350202871534,11.476948393561475,11.186120936299975,11.665297838840411,11.689716253333934,11.445350202871534,Before the historical event,Event experienced
-2.86,1,0,0,Additive genetic variance,5,0.3543097884074691,0.36991913127667236,0.2227510154845388,0.4722821752538211,0.4397162533339329,0.3543097884074691,After the historical event,Event not experienced
-2.86,1,0,0,Nuclear-family environmental variance,5,2.566219630006523,2.3094491696315416,1.3854043151407072,3.772924846597664,2.25,2.566219630006523,After the historical event,Event not experienced
-2.86,1,0,0,Nonshared environmental variance,5,8.52482078445754,8.75445511634032,7.482409499530241,9.714020711369484,9.000000000000002,8.52482078445754,After the historical event,Event not experienced
-2.86,1,0,0,Phenotypic variance,5,11.445350202871534,11.476948393561475,11.186120936299975,11.665297838840411,11.689716253333934,11.445350202871534,After the historical event,Event not experienced
-2.86,1,1,1,Additive genetic variance,5,0.484547427035444,0.4533892573330173,0.42019566120462865,0.5627944032582995,0.6559795666778467,0.484547427035444,After the historical event,Event experienced
-2.86,1,1,1,Nuclear-family environmental variance,5,2.76324222864493,2.6946081464288167,1.4960894275387224,4.155817542482869,2.25,2.76324222864493,After the historical event,Event experienced
-2.86,1,1,1,Nonshared environmental variance,5,8.394255822214916,8.531268387875,7.119980473928106,9.68108177763233,9.000000000000002,8.394255822214916,After the historical event,Event experienced
-2.86,1,1,1,Phenotypic variance,5,11.64204547789529,11.789055206261718,10.741610716277034,12.172816213499743,11.905979566677848,11.64204547789529,After the historical event,Event experienced
-2.84,0,0,0,Additive genetic variance,5,0.36401819053826323,0.37969348286526555,0.22994085398489827,0.4847395880646336,0.4516599799972751,0.36401819053826323,Before the historical event,Event not experienced
-2.84,0,0,0,Nuclear-family environmental variance,5,2.560554562847121,2.3092599988743254,1.387822569517699,3.755669777175156,2.25,2.560554562847121,Before the historical event,Event not experienced
-2.84,0,0,0,Nonshared environmental variance,5,8.532252134610586,8.76487011727116,7.495234958756913,9.711214135163457,9.000000000000002,8.532252134610586,Before the historical event,Event not experienced
-2.84,0,0,0,Phenotypic variance,5,11.45682488799597,11.486419586622148,11.199255151733299,11.678119989529055,11.701659979997277,11.45682488799597,Before the historical event,Event not experienced
-2.84,0,1,0,Additive genetic variance,5,0.36401819053826323,0.37969348286526555,0.22994085398489827,0.4847395880646336,0.4516599799972751,0.36401819053826323,Before the historical event,Event experienced
-2.84,0,1,0,Nuclear-family environmental variance,5,2.560554562847121,2.3092599988743254,1.387822569517699,3.755669777175156,2.25,2.560554562847121,Before the historical event,Event experienced
-2.84,0,1,0,Nonshared environmental variance,5,8.532252134610586,8.76487011727116,7.495234958756913,9.711214135163457,9.000000000000002,8.532252134610586,Before the historical event,Event experienced
-2.84,0,1,0,Phenotypic variance,5,11.45682488799597,11.486419586622148,11.199255151733299,11.678119989529055,11.701659979997277,11.45682488799597,Before the historical event,Event experienced
-2.84,1,0,0,Additive genetic variance,5,0.36401819053826323,0.37969348286526555,0.22994085398489827,0.4847395880646336,0.4516599799972751,0.36401819053826323,After the historical event,Event not experienced
-2.84,1,0,0,Nuclear-family environmental variance,5,2.560554562847121,2.3092599988743254,1.387822569517699,3.755669777175156,2.25,2.560554562847121,After the historical event,Event not experienced
-2.84,1,0,0,Nonshared environmental variance,5,8.532252134610586,8.76487011727116,7.495234958756913,9.711214135163457,9.000000000000002,8.532252134610586,After the historical event,Event not experienced
-2.84,1,0,0,Phenotypic variance,5,11.45682488799597,11.486419586622148,11.199255151733299,11.678119989529055,11.701659979997277,11.45682488799597,After the historical event,Event not experienced
-2.84,1,1,1,Additive genetic variance,5,0.4980591362531336,0.468475169222589,0.43140265657342725,0.5776485700543316,0.6737975130960971,0.4980591362531336,After the historical event,Event experienced
-2.84,1,1,1,Nuclear-family environmental variance,5,2.75697363085737,2.6877934793860505,1.4992041334922406,4.136669929614574,2.25,2.75697363085737,After the historical event,Event experienced
-2.84,1,1,1,Nonshared environmental variance,5,8.401434238686935,8.541417867999138,7.1325947308438495,9.67831105100408,9.000000000000002,8.401434238686935,After the historical event,Event experienced
-2.84,1,1,1,Phenotypic variance,5,11.65646700579744,11.807210097480866,10.761049352291302,12.190338842004543,11.9237975130961,11.65646700579744,After the historical event,Event experienced
-2.82,0,0,0,Additive genetic variance,5,0.37393672710523507,0.3896692606663655,0.23732136007192875,0.49744814299329787,0.4638539037793014,0.37393672710523507,Before the historical event,Event not experienced
-2.82,0,0,0,Nuclear-family environmental variance,5,2.5549370299646323,2.3090686499019513,1.3902469645937985,3.738549615246114,2.25,2.5549370299646323,Before the historical event,Event not experienced
-2.82,0,0,0,Nonshared environmental variance,5,8.53965611809226,8.775230927046081,7.50802749955898,9.708416819892252,9.000000000000002,8.53965611809226,Before the historical event,Event not experienced
-2.82,0,0,0,Phenotypic variance,5,11.468529875162128,11.49610731280351,11.212596900132306,11.691133311408173,11.713853903779302,11.468529875162128,Before the historical event,Event not experienced
-2.82,0,1,0,Additive genetic variance,5,0.37393672710523507,0.3896692606663655,0.23732136007192875,0.49744814299329787,0.4638539037793014,0.37393672710523507,Before the historical event,Event experienced
-2.82,0,1,0,Nuclear-family environmental variance,5,2.5549370299646323,2.3090686499019513,1.3902469645937985,3.738549615246114,2.25,2.5549370299646323,Before the historical event,Event experienced
-2.82,0,1,0,Nonshared environmental variance,5,8.53965611809226,8.775230927046081,7.50802749955898,9.708416819892252,9.000000000000002,8.53965611809226,Before the historical event,Event experienced
-2.82,0,1,0,Phenotypic variance,5,11.468529875162128,11.49610731280351,11.212596900132306,11.691133311408173,11.713853903779302,11.468529875162128,Before the historical event,Event experienced
-2.82,1,0,0,Additive genetic variance,5,0.37393672710523507,0.3896692606663655,0.23732136007192875,0.49744814299329787,0.4638539037793014,0.37393672710523507,After the historical event,Event not experienced
-2.82,1,0,0,Nuclear-family environmental variance,5,2.5549370299646323,2.3090686499019513,1.3902469645937985,3.738549615246114,2.25,2.5549370299646323,After the historical event,Event not experienced
-2.82,1,0,0,Nonshared environmental variance,5,8.53965611809226,8.775230927046081,7.50802749955898,9.708416819892252,9.000000000000002,8.53965611809226,After the historical event,Event not experienced
-2.82,1,0,0,Phenotypic variance,5,11.468529875162128,11.49610731280351,11.212596900132306,11.691133311408173,11.713853903779302,11.468529875162128,After the historical event,Event not experienced
-2.82,1,1,1,Additive genetic variance,5,0.5118707497470384,0.48397271993276253,0.4428462117901411,0.5928025408514107,0.6919887097552793,0.5118707497470384,After the historical event,Event experienced
-2.82,1,1,1,Nuclear-family environmental variance,5,2.750758539758538,2.6810441874146065,1.502319887486426,4.117672368850529,2.25,2.750758539758538,After the historical event,Event experienced
-2.82,1,1,1,Nonshared environmental variance,5,8.408585894231093,8.55151453852071,7.145178973398465,9.675549394274961,9.000000000000002,8.408585894231093,After the historical event,Event experienced
-2.82,1,1,1,Phenotypic variance,5,11.67121518373667,11.825675040347143,10.780893165950726,12.208155501663576,11.94198870975528,11.67121518373667,After the historical event,Event experienced
-2.8,0,0,0,Additive genetic variance,5,0.3840680985162681,0.3998488086713832,0.24489600449423052,0.5104104161290115,0.47630082509292465,0.3840680985162681,Before the historical event,Event not experienced
-2.8,0,0,0,Nuclear-family environmental variance,5,2.5493666708852496,2.3088751232584723,1.392677442329872,3.7215632209668676,2.25,2.5493666708852496,Before the historical event,Event not experienced
-2.8,0,0,0,Nonshared environmental variance,5,8.547032579724394,8.785537324290496,7.520786878501219,9.705628748573856,9.000000000000002,8.547032579724394,Before the historical event,Event not experienced
-2.8,0,0,0,Phenotypic variance,5,11.480467349125911,11.506013871744674,11.226149181900745,11.704340152225573,11.726300825092927,11.480467349125911,Before the historical event,Event not experienced
-2.8,0,1,0,Additive genetic variance,5,0.3840680985162681,0.3998488086713832,0.24489600449423052,0.5104104161290115,0.47630082509292465,0.3840680985162681,Before the historical event,Event experienced
-2.8,0,1,0,Nuclear-family environmental variance,5,2.5493666708852496,2.3088751232584723,1.392677442329872,3.7215632209668676,2.25,2.5493666708852496,Before the historical event,Event experienced
-2.8,0,1,0,Nonshared environmental variance,5,8.547032579724394,8.785537324290496,7.520786878501219,9.705628748573856,9.000000000000002,8.547032579724394,Before the historical event,Event experienced
-2.8,0,1,0,Phenotypic variance,5,11.480467349125911,11.506013871744674,11.226149181900745,11.704340152225573,11.726300825092927,11.480467349125911,Before the historical event,Event experienced
-2.8,1,0,0,Additive genetic variance,5,0.3840680985162681,0.3998488086713832,0.24489600449423052,0.5104104161290115,0.47630082509292465,0.3840680985162681,After the historical event,Event not experienced
-2.8,1,0,0,Nuclear-family environmental variance,5,2.5493666708852496,2.3088751232584723,1.392677442329872,3.7215632209668676,2.25,2.5493666708852496,After the historical event,Event not experienced
-2.8,1,0,0,Nonshared environmental variance,5,8.547032579724394,8.785537324290496,7.520786878501219,9.705628748573856,9.000000000000002,8.547032579724394,After the historical event,Event not experienced
-2.8,1,0,0,Phenotypic variance,5,11.480467349125911,11.506013871744674,11.226149181900745,11.704340152225573,11.726300825092927,11.480467349125911,After the historical event,Event not experienced
-2.8,1,1,1,Additive genetic variance,5,0.5259863346801552,0.49988964758375243,0.4545293379671982,0.6082594034794245,0.7105573343805399,0.5259863346801552,After the historical event,Event experienced
-2.8,1,1,1,Nuclear-family environmental variance,5,2.7445965486095276,2.6743598642714748,1.505436660457666,4.09882358953675,2.25,2.7445965486095276,After the historical event,Event experienced
-2.8,1,1,1,Nonshared environmental variance,5,8.415710638891412,8.561558183708865,7.157732964027825,9.672796790410544,9.000000000000002,8.415710638891412,After the historical event,Event experienced
-2.8,1,1,1,Phenotypic variance,5,11.686293522181096,11.844452417115585,10.801148987890608,12.226269750739426,11.960557334380542,11.686293522181096,After the historical event,Event experienced
-2.78,0,0,0,Additive genetic variance,5,0.39441498012319626,0.4102344419579029,0.25266826318525065,0.5236289308867494,0.4890034966691808,0.39441498012319626,Before the historical event,Event not experienced
-2.78,0,0,0,Nuclear-family environmental variance,5,2.543843128594213,2.3086794194941036,1.3951139449431218,3.7047094658497315,2.25,2.543843128594213,Before the historical event,Event not experienced
-2.78,0,0,0,Nonshared environmental variance,5,8.55438136471762,8.795789088608265,7.533512852461905,9.702849904311343,9.000000000000002,8.55438136471762,Before the historical event,Event not experienced
-2.78,0,0,0,Phenotypic variance,5,11.49263947343503,11.516141534133808,11.239915000904498,11.71774283109696,11.739003496669183,11.49263947343503,Before the historical event,Event not experienced
-2.78,0,1,0,Additive genetic variance,5,0.39441498012319626,0.4102344419579029,0.25266826318525065,0.5236289308867494,0.4890034966691808,0.39441498012319626,Before the historical event,Event experienced
-2.78,0,1,0,Nuclear-family environmental variance,5,2.543843128594213,2.3086794194941036,1.3951139449431218,3.7047094658497315,2.25,2.543843128594213,Before the historical event,Event experienced
-2.78,0,1,0,Nonshared environmental variance,5,8.55438136471762,8.795789088608265,7.533512852461905,9.702849904311343,9.000000000000002,8.55438136471762,Before the historical event,Event experienced
-2.78,0,1,0,Phenotypic variance,5,11.49263947343503,11.516141534133808,11.239915000904498,11.71774283109696,11.739003496669183,11.49263947343503,Before the historical event,Event experienced
-2.78,1,0,0,Additive genetic variance,5,0.39441498012319626,0.4102344419579029,0.25266826318525065,0.5236289308867494,0.4890034966691808,0.39441498012319626,After the historical event,Event not experienced
-2.78,1,0,0,Nuclear-family environmental variance,5,2.543843128594213,2.3086794194941036,1.3951139449431218,3.7047094658497315,2.25,2.543843128594213,After the historical event,Event not experienced
-2.78,1,0,0,Nonshared environmental variance,5,8.55438136471762,8.795789088608265,7.533512852461905,9.702849904311343,9.000000000000002,8.55438136471762,After the historical event,Event not experienced
-2.78,1,0,0,Phenotypic variance,5,11.49263947343503,11.516141534133808,11.239915000904498,11.71774283109696,11.739003496669183,11.49263947343503,After the historical event,Event not experienced
-2.78,1,1,1,Additive genetic variance,5,0.5404099281645209,0.51623370691171,0.46645502339774275,0.6240221833334463,0.7295074935640247,0.5404099281645209,After the historical event,Event experienced
-2.78,1,1,1,Nuclear-family environmental variance,5,2.738487254620828,2.667740108225551,1.5085544232517196,4.0801223336920405,2.25,2.738487254620828,After the historical event,Event experienced
-2.78,1,1,1,Nonshared environmental variance,5,8.42280832309315,8.571548588786262,7.170256465415201,9.670053222462196,9.000000000000002,8.42280832309315,After the historical event,Event experienced
-2.78,1,1,1,Phenotypic variance,5,11.701705505878499,11.863544551440404,10.821823661836149,12.24468510409032,11.979507493564027,11.701705505878499,After the historical event,Event experienced
-2.76,0,0,0,Additive genetic variance,5,0.40498001984831583,0.4208284445662705,0.26064161485471615,0.5371061550441767,0.5019646204927511,0.40498001984831583,Before the historical event,Event not experienced
-2.76,0,0,0,Nuclear-family environmental variance,5,2.5383660495010254,2.3084815391652187,1.3975564149044022,3.6879872326416434,2.25,2.5383660495010254,Before the historical event,Event not experienced
-2.76,0,0,0,Nonshared environmental variance,5,8.561702318676177,8.805986000589522,7.546205178640461,9.700080270292824,9.000000000000002,8.561702318676177,Before the historical event,Event not experienced
-2.76,0,0,0,Phenotypic variance,5,11.505048388025518,11.526492539584982,11.253897361940348,11.731343636144917,11.751964620492753,11.505048388025518,Before the historical event,Event not experienced
-2.76,0,1,0,Additive genetic variance,5,0.40498001984831583,0.4208284445662705,0.26064161485471615,0.5371061550441767,0.5019646204927511,0.40498001984831583,Before the historical event,Event experienced
-2.76,0,1,0,Nuclear-family environmental variance,5,2.5383660495010254,2.3084815391652187,1.3975564149044022,3.6879872326416434,2.25,2.5383660495010254,Before the historical event,Event experienced
-2.76,0,1,0,Nonshared environmental variance,5,8.561702318676177,8.805986000589522,7.546205178640461,9.700080270292824,9.000000000000002,8.561702318676177,Before the historical event,Event experienced
-2.76,0,1,0,Phenotypic variance,5,11.505048388025518,11.526492539584982,11.253897361940348,11.731343636144917,11.751964620492753,11.505048388025518,Before the historical event,Event experienced
-2.76,1,0,0,Additive genetic variance,5,0.40498001984831583,0.4208284445662705,0.26064161485471615,0.5371061550441767,0.5019646204927511,0.40498001984831583,After the historical event,Event not experienced
-2.76,1,0,0,Nuclear-family environmental variance,5,2.5383660495010254,2.3084815391652187,1.3975564149044022,3.6879872326416434,2.25,2.5383660495010254,After the historical event,Event not experienced
-2.76,1,0,0,Nonshared environmental variance,5,8.561702318676177,8.805986000589522,7.546205178640461,9.700080270292824,9.000000000000002,8.561702318676177,After the historical event,Event not experienced
-2.76,1,0,0,Phenotypic variance,5,11.505048388025518,11.526492539584982,11.253897361940348,11.731343636144917,11.751964620492753,11.505048388025518,After the historical event,Event not experienced
-2.76,1,1,1,Additive genetic variance,5,0.5551455338147058,0.5330126639327463,0.47862623125020987,0.6400938398399897,0.7488432181932135,0.5551455338147058,After the historical event,Event experienced
-2.76,1,1,1,Nuclear-family environmental variance,5,2.732430258912583,2.661184522017567,1.5116731466240931,4.061567355872431,2.25,2.732430258912583,After the historical event,Event experienced
-2.76,1,1,1,Nonshared environmental variance,5,8.42987879764742,8.581485539936685,7.18274924049865,9.667318673567038,9.000000000000002,8.42987879764742,After the historical event,Event experienced
-2.76,1,1,1,Phenotypic variance,5,11.71745459037471,11.882953704819586,10.842924039552821,12.263405029659754,11.998843218193215,11.71745459037471,After the historical event,Event experienced
-2.74,0,0,0,Additive genetic variance,5,0.41576583576616855,0.43163306734380064,0.2688195384991906,0.5508444977454695,0.5151868446966414,0.41576583576616855,Before the historical event,Event not experienced
-2.74,0,0,0,Nuclear-family environmental variance,5,2.532935083405073,2.3082814828343468,1.400004794935577,3.671395415204231,2.25,2.532935083405073,Before the historical event,Event not experienced
-2.74,0,0,0,Nonshared environmental variance,5,8.568995287602728,8.816127841818489,7.558863614565103,9.697319829791475,9.000000000000002,8.568995287602728,Before the historical event,Event not experienced
-2.74,0,0,0,Phenotypic variance,5,11.51769620677397,11.537069094482717,11.268099268124239,11.745144822100533,11.765186844696643,11.51769620677397,Before the historical event,Event not experienced
-2.74,0,1,0,Additive genetic variance,5,0.41576583576616855,0.43163306734380064,0.2688195384991906,0.5508444977454695,0.5151868446966414,0.41576583576616855,Before the historical event,Event experienced
-2.74,0,1,0,Nuclear-family environmental variance,5,2.532935083405073,2.3082814828343468,1.400004794935577,3.671395415204231,2.25,2.532935083405073,Before the historical event,Event experienced
-2.74,0,1,0,Nonshared environmental variance,5,8.568995287602728,8.816127841818489,7.558863614565103,9.697319829791475,9.000000000000002,8.568995287602728,Before the historical event,Event experienced
-2.74,0,1,0,Phenotypic variance,5,11.51769620677397,11.537069094482717,11.268099268124239,11.745144822100533,11.765186844696643,11.51769620677397,Before the historical event,Event experienced
-2.74,1,0,0,Additive genetic variance,5,0.41576583576616855,0.43163306734380064,0.2688195384991906,0.5508444977454695,0.5151868446966414,0.41576583576616855,After the historical event,Event not experienced
-2.74,1,0,0,Nuclear-family environmental variance,5,2.532935083405073,2.3082814828343468,1.400004794935577,3.671395415204231,2.25,2.532935083405073,After the historical event,Event not experienced
-2.74,1,0,0,Nonshared environmental variance,5,8.568995287602728,8.816127841818489,7.558863614565103,9.697319829791475,9.000000000000002,8.568995287602728,After the historical event,Event not experienced
-2.74,1,0,0,Phenotypic variance,5,11.51769620677397,11.537069094482717,11.268099268124239,11.745144822100533,11.765186844696643,11.51769620677397,After the historical event,Event not experienced
-2.74,1,1,1,Additive genetic variance,5,0.5701971182290184,0.5502342904212993,0.49104589722019615,0.656477262883425,0.7685684588183271,0.5701971182290184,After the historical event,Event experienced
-2.74,1,1,1,Nuclear-family environmental variance,5,2.7264251664753156,2.6546927128205224,1.5147928012404182,4.043157423037243,2.25,2.7264251664753156,After the historical event,Event experienced
-2.74,1,1,1,Nonshared environmental variance,5,8.43692191375585,8.591368824312662,7.195211052478414,9.664593126947983,9.000000000000002,8.43692191375585,After the historical event,Event experienced
-2.74,1,1,1,Phenotypic variance,5,11.733544198460185,11.902682073002111,10.864456975626007,12.282432944910596,12.01856845881833,11.733544198460185,After the historical event,Event experienced
-2.7199999999999998,0,0,0,Additive genetic variance,5,0.42677501364163395,0.44265052575767067,0.27720551083191136,0.5648463064740311,0.528672760417952,0.42677501364163395,Before the historical event,Event not experienced
-2.7199999999999998,0,0,0,Nuclear-family environmental variance,5,2.5275498834616474,2.308079251070169,1.4024590280069171,3.6549329183952755,2.25,2.5275498834616474,Before the historical event,Event not experienced
-2.7199999999999998,0,0,0,Nonshared environmental variance,5,8.576260117903159,8.826214394881259,7.571487918100493,9.694568566165517,9.000000000000002,8.576260117903159,Before the historical event,Event not experienced
-2.7199999999999998,0,0,0,Phenotypic variance,5,11.53058501500644,11.54787336979516,11.282523718199275,11.759148607868772,11.778672760417955,11.53058501500644,Before the historical event,Event not experienced
-2.7199999999999998,0,1,0,Additive genetic variance,5,0.42677501364163395,0.44265052575767067,0.27720551083191136,0.5648463064740311,0.528672760417952,0.42677501364163395,Before the historical event,Event experienced
-2.7199999999999998,0,1,0,Nuclear-family environmental variance,5,2.5275498834616474,2.308079251070169,1.4024590280069171,3.6549329183952755,2.25,2.5275498834616474,Before the historical event,Event experienced
-2.7199999999999998,0,1,0,Nonshared environmental variance,5,8.576260117903159,8.826214394881259,7.571487918100493,9.694568566165517,9.000000000000002,8.576260117903159,Before the historical event,Event experienced
-2.7199999999999998,0,1,0,Phenotypic variance,5,11.53058501500644,11.54787336979516,11.282523718199275,11.759148607868772,11.778672760417955,11.53058501500644,Before the historical event,Event experienced
-2.7199999999999998,1,0,0,Additive genetic variance,5,0.42677501364163395,0.44265052575767067,0.27720551083191136,0.5648463064740311,0.528672760417952,0.42677501364163395,After the historical event,Event not experienced
-2.7199999999999998,1,0,0,Nuclear-family environmental variance,5,2.5275498834616474,2.308079251070169,1.4024590280069171,3.6549329183952755,2.25,2.5275498834616474,After the historical event,Event not experienced
-2.7199999999999998,1,0,0,Nonshared environmental variance,5,8.576260117903159,8.826214394881259,7.571487918100493,9.694568566165517,9.000000000000002,8.576260117903159,After the historical event,Event not experienced
-2.7199999999999998,1,0,0,Phenotypic variance,5,11.53058501500644,11.54787336979516,11.282523718199275,11.759148607868772,11.778672760417955,11.53058501500644,After the historical event,Event not experienced
-2.7199999999999998,1,1,1,Additive genetic variance,5,0.5855686073997447,0.567906358203059,0.5037169271405139,0.6731752691949053,0.7886870809616869,0.5855686073997447,After the historical event,Event experienced
-2.7199999999999998,1,1,1,Nuclear-family environmental variance,5,2.720471586131117,2.648264292200613,1.5179133576768342,4.02489131441668,2.25,2.720471586131117,After the historical event,Event experienced
-2.7199999999999998,1,1,1,Nonshared environmental variance,5,8.443937523015201,8.601198230043057,7.207641664824331,9.661876565913708,9.000000000000002,8.443937523015201,After the historical event,Event experienced
-2.7199999999999998,1,1,1,Phenotypic variance,5,11.749977716546063,11.9227317823601,10.886429322070168,12.301772213205322,12.038687080961688,11.749977716546063,After the historical event,Event experienced
-2.7,0,0,0,Additive genetic variance,5,0.43801010442543575,0.4538829976776278,0.2858030036321711,0.5791138639961527,0.5424248986167587,0.43801010442543575,Before the historical event,Event not experienced
-2.7,0,0,0,Nuclear-family environmental variance,5,2.5222101061483686,2.307874844447519,1.4049190573345398,3.638598657951558,2.25,2.5222101061483686,Before the historical event,Event not experienced
-2.7,0,0,0,Nonshared environmental variance,5,8.58349665639138,8.836245443373565,7.584077847455398,9.6918264628582,9.000000000000002,8.58349665639138,Before the historical event,Event not experienced
-2.7,0,0,0,Phenotypic variance,5,11.543716866965184,11.558907498857096,11.297173703763903,11.773357174058948,11.79242489861676,11.543716866965184,Before the historical event,Event not experienced
-2.7,0,1,0,Additive genetic variance,5,0.43801010442543575,0.4538829976776278,0.2858030036321711,0.5791138639961527,0.5424248986167587,0.43801010442543575,Before the historical event,Event experienced
-2.7,0,1,0,Nuclear-family environmental variance,5,2.5222101061483686,2.307874844447519,1.4049190573345398,3.638598657951558,2.25,2.5222101061483686,Before the historical event,Event experienced
-2.7,0,1,0,Nonshared environmental variance,5,8.58349665639138,8.836245443373565,7.584077847455398,9.6918264628582,9.000000000000002,8.58349665639138,Before the historical event,Event experienced
-2.7,0,1,0,Phenotypic variance,5,11.543716866965184,11.558907498857096,11.297173703763903,11.773357174058948,11.79242489861676,11.543716866965184,Before the historical event,Event experienced
-2.7,1,0,0,Additive genetic variance,5,0.43801010442543575,0.4538829976776278,0.2858030036321711,0.5791138639961527,0.5424248986167587,0.43801010442543575,After the historical event,Event not experienced
-2.7,1,0,0,Nuclear-family environmental variance,5,2.5222101061483686,2.307874844447519,1.4049190573345398,3.638598657951558,2.25,2.5222101061483686,After the historical event,Event not experienced
-2.7,1,0,0,Nonshared environmental variance,5,8.58349665639138,8.836245443373565,7.584077847455398,9.6918264628582,9.000000000000002,8.58349665639138,After the historical event,Event not experienced
-2.7,1,0,0,Phenotypic variance,5,11.543716866965184,11.558907498857096,11.297173703763903,11.773357174058948,11.79242489861676,11.543716866965184,After the historical event,Event not experienced
-2.7,1,1,1,Additive genetic variance,5,0.6012638830538504,0.5860366332629056,0.5166421945503781,0.6901905987062382,0.8092028603720427,0.6012638830538504,After the historical event,Event experienced
-2.7,1,1,1,Nuclear-family environmental variance,5,2.714569130495284,2.6418988760786526,1.521034786420372,4.006767821380997,2.25,2.714569130495284,After the historical event,Event experienced
-2.7,1,1,1,Nonshared environmental variance,5,8.450925477422002,8.610973546240626,7.22004084128324,9.659168973858657,9.000000000000002,8.450925477422002,After the historical event,Event experienced
-2.7,1,1,1,Phenotypic variance,5,11.766758490971135,11.943104886228388,10.908847922768125,12.321426140134397,12.059202860372045,11.766758490971135,After the historical event,Event experienced
-2.68,0,0,0,Additive genetic variance,5,0.44947362170826494,0.46533262112970886,0.2946154810146328,0.5936493852777819,0.5564457268602363,0.44947362170826494,Before the historical event,Event not experienced
-2.68,0,0,0,Nuclear-family environmental variance,5,2.5169154112319916,2.3076682635473764,1.4073848263778852,3.62239156037308,2.25,2.5169154112319916,Before the historical event,Event not experienced
-2.68,0,0,0,Nonshared environmental variance,5,8.59070475029412,8.8462207719085,7.596633161190335,9.689093503397828,9.000000000000002,8.59070475029412,Before the historical event,Event not experienced
-2.68,0,0,0,Phenotypic variance,5,11.557093783234377,11.570173575124002,11.312052206420743,11.78777266048158,11.806445726860238,11.557093783234377,Before the historical event,Event not experienced
-2.68,0,1,0,Additive genetic variance,5,0.44947362170826494,0.46533262112970886,0.2946154810146328,0.5936493852777819,0.5564457268602363,0.44947362170826494,Before the historical event,Event experienced
-2.68,0,1,0,Nuclear-family environmental variance,5,2.5169154112319916,2.3076682635473764,1.4073848263778852,3.62239156037308,2.25,2.5169154112319916,Before the historical event,Event experienced
-2.68,0,1,0,Nonshared environmental variance,5,8.59070475029412,8.8462207719085,7.596633161190335,9.689093503397828,9.000000000000002,8.59070475029412,Before the historical event,Event experienced
-2.68,0,1,0,Phenotypic variance,5,11.557093783234377,11.570173575124002,11.312052206420743,11.78777266048158,11.806445726860238,11.557093783234377,Before the historical event,Event experienced
-2.68,1,0,0,Additive genetic variance,5,0.44947362170826494,0.46533262112970886,0.2946154810146328,0.5936493852777819,0.5564457268602363,0.44947362170826494,After the historical event,Event not experienced
-2.68,1,0,0,Nuclear-family environmental variance,5,2.5169154112319916,2.3076682635473764,1.4073848263778852,3.62239156037308,2.25,2.5169154112319916,After the historical event,Event not experienced
-2.68,1,0,0,Nonshared environmental variance,5,8.59070475029412,8.8462207719085,7.596633161190335,9.689093503397828,9.000000000000002,8.59070475029412,After the historical event,Event not experienced
-2.68,1,0,0,Phenotypic variance,5,11.557093783234377,11.570173575124002,11.312052206420743,11.78777266048158,11.806445726860238,11.557093783234377,After the historical event,Event not experienced
-2.68,1,1,1,Additive genetic variance,5,0.6172867789257271,0.6046328696686062,0.5298245382247562,0.7076314897402911,0.8301194782270489,0.6172867789257271,After the historical event,Event experienced
-2.68,1,1,1,Nuclear-family environmental variance,5,2.708717415938415,2.635596084691967,1.5241570578693437,3.988785747311175,2.25,2.708717415938415,After the historical event,Event experienced
-2.68,1,1,1,Nonshared environmental variance,5,8.457885629377174,8.620694563009554,7.2324083458863875,9.656470334263037,9.000000000000002,8.457885629377174,After the historical event,Event experienced
-2.68,1,1,1,Phenotypic variance,5,11.783889824241315,11.963803361214167,10.931719607741236,12.34139796979474,12.08011947822705,11.783889824241315,After the historical event,Event experienced
-2.66,0,0,0,Additive genetic variance,5,0.46116803913477666,0.4770014920222107,0.30364639661906695,0.6084550143766134,0.5707376460742317,0.46116803913477666,Before the historical event,Event not experienced
-2.66,0,0,0,Nuclear-family environmental variance,5,2.5116654617356087,2.307459508956867,1.4098562788372335,3.6063105628086216,2.25,2.5116654617356087,Before the historical event,Event not experienced
-2.66,0,0,0,Nonshared environmental variance,5,8.597884247255708,8.856140166124208,7.609153618225221,9.686369671397722,9.000000000000002,8.597884247255708,Before the historical event,Event not experienced
-2.66,0,0,0,Phenotypic variance,5,11.570717748126093,11.581673649898327,11.32716219484679,11.802397163613108,11.820737646074233,11.570717748126093,Before the historical event,Event not experienced
-2.66,0,1,0,Additive genetic variance,5,0.46116803913477666,0.4770014920222107,0.30364639661906695,0.6084550143766134,0.5707376460742317,0.46116803913477666,Before the historical event,Event experienced
-2.66,0,1,0,Nuclear-family environmental variance,5,2.5116654617356087,2.307459508956867,1.4098562788372335,3.6063105628086216,2.25,2.5116654617356087,Before the historical event,Event experienced
-2.66,0,1,0,Nonshared environmental variance,5,8.597884247255708,8.856140166124208,7.609153618225221,9.686369671397722,9.000000000000002,8.597884247255708,Before the historical event,Event experienced
-2.66,0,1,0,Phenotypic variance,5,11.570717748126093,11.581673649898327,11.32716219484679,11.802397163613108,11.820737646074233,11.570717748126093,Before the historical event,Event experienced
-2.66,1,0,0,Additive genetic variance,5,0.46116803913477666,0.4770014920222107,0.30364639661906695,0.6084550143766134,0.5707376460742317,0.46116803913477666,After the historical event,Event not experienced
-2.66,1,0,0,Nuclear-family environmental variance,5,2.5116654617356087,2.307459508956867,1.4098562788372335,3.6063105628086216,2.25,2.5116654617356087,After the historical event,Event not experienced
-2.66,1,0,0,Nonshared environmental variance,5,8.597884247255708,8.856140166124208,7.609153618225221,9.686369671397722,9.000000000000002,8.597884247255708,After the historical event,Event not experienced
-2.66,1,0,0,Phenotypic variance,5,11.570717748126093,11.581673649898327,11.32716219484679,11.802397163613108,11.820737646074233,11.570717748126093,After the historical event,Event not experienced
-2.66,1,1,1,Additive genetic variance,5,0.633641076963645,0.6237028033112402,0.5432667596649532,0.7257541128604729,0.8514405162871811,0.633641076963645,After the historical event,Event experienced
-2.66,1,1,1,Nuclear-family environmental variance,5,2.702916062548944,2.62935554255678,1.5272801423337334,3.970943907471121,2.25,2.702916062548944,After the historical event,Event experienced
-2.66,1,1,1,Nonshared environmental variance,5,8.464817831690642,8.630361071452938,7.244743942956845,9.65378063069283,9.000000000000002,8.464817831690642,After the historical event,Event experienced
-2.66,1,1,1,Phenotypic variance,5,11.80137497120323,11.984829103479271,10.955051187251476,12.361690881020452,12.101440516287184,11.80137497120323,After the historical event,Event experienced
-2.64,0,0,0,Additive genetic variance,5,0.4730957877788207,0.488891661845233,0.31289919072113714,0.6235328213118325,0.5853029872646032,0.4730957877788207,Before the historical event,Event not experienced
-2.64,0,0,0,Nuclear-family environmental variance,5,2.5064599239062266,2.307248581269258,1.4123333586512623,3.5903546129426496,2.25,2.5064599239062266,Before the historical event,Event not experienced
-2.64,0,0,0,Nonshared environmental variance,5,8.605034995342852,8.86600341269156,7.621638977847046,9.683654950556228,9.000000000000002,8.605034995342852,Before the historical event,Event not experienced
-2.64,0,0,0,Phenotypic variance,5,11.5845907070279,11.593409730029345,11.342506621785697,11.817232734029924,11.835302987264605,11.5845907070279,Before the historical event,Event not experienced
-2.64,0,1,0,Additive genetic variance,5,0.4730957877788207,0.488891661845233,0.31289919072113714,0.6235328213118325,0.5853029872646032,0.4730957877788207,Before the historical event,Event experienced
-2.64,0,1,0,Nuclear-family environmental variance,5,2.5064599239062266,2.307248581269258,1.4123333586512623,3.5903546129426496,2.25,2.5064599239062266,Before the historical event,Event experienced
-2.64,0,1,0,Nonshared environmental variance,5,8.605034995342852,8.86600341269156,7.621638977847046,9.683654950556228,9.000000000000002,8.605034995342852,Before the historical event,Event experienced
-2.64,0,1,0,Phenotypic variance,5,11.5845907070279,11.593409730029345,11.342506621785697,11.817232734029924,11.835302987264605,11.5845907070279,Before the historical event,Event experienced
-2.64,1,0,0,Additive genetic variance,5,0.4730957877788207,0.488891661845233,0.31289919072113714,0.6235328213118325,0.5853029872646032,0.4730957877788207,After the historical event,Event not experienced
-2.64,1,0,0,Nuclear-family environmental variance,5,2.5064599239062266,2.307248581269258,1.4123333586512623,3.5903546129426496,2.25,2.5064599239062266,After the historical event,Event not experienced
-2.64,1,0,0,Nonshared environmental variance,5,8.605034995342852,8.86600341269156,7.621638977847046,9.683654950556228,9.000000000000002,8.605034995342852,After the historical event,Event not experienced
-2.64,1,0,0,Phenotypic variance,5,11.5845907070279,11.593409730029345,11.342506621785697,11.817232734029924,11.835302987264605,11.5845907070279,After the historical event,Event not experienced
-2.64,1,1,1,Additive genetic variance,5,0.6503305034717354,0.6432541454636392,0.55697162055159255,0.7442268036977795,0.8731694520045489,0.6503305034717354,After the historical event,Event experienced
-2.64,1,1,1,Nuclear-family environmental variance,5,2.697164694096117,2.6231768784310696,1.5304040100355916,3.953241128881343,2.25,2.697164694096117,After the historical event,Event experienced
-2.64,1,1,1,Nonshared environmental variance,5,8.471721937585944,8.639972863680281,7.257047397116925,9.651099846799763,9.000000000000002,8.471721937585944,After the historical event,Event experienced
-2.64,1,1,1,Phenotypic variance,5,11.819217135153796,12.006183924998053,10.97884944573677,12.382307983567978,12.12316945200455,11.819217135153796,After the historical event,Event experienced
-2.62,0,0,0,Additive genetic variance,5,0.4852592534813332,0.5010051353451593,0.3223772872649714,0.6388847989138994,0.6001440082107344,0.4852592534813332,Before the historical event,Event not experienced
-2.62,0,0,0,Nuclear-family environmental variance,5,2.5012984671827305,2.3070354810839557,1.41481600999464,3.5745226688835263,2.25,2.5012984671827305,Before the historical event,Event not experienced
-2.62,0,0,0,Nonshared environmental variance,5,8.61215684304941,8.875810299321776,7.634088999717503,9.680949324656714,9.000000000000002,8.61215684304941,Before the historical event,Event not experienced
-2.62,0,0,0,Phenotypic variance,5,11.598714563713473,11.60538377558798,11.358088420963044,11.832281373813242,11.850144008210737,11.598714563713473,Before the historical event,Event not experienced
-2.62,0,1,0,Additive genetic variance,5,0.4852592534813332,0.5010051353451593,0.3223772872649714,0.6388847989138994,0.6001440082107344,0.4852592534813332,Before the historical event,Event experienced
-2.62,0,1,0,Nuclear-family environmental variance,5,2.5012984671827305,2.3070354810839557,1.41481600999464,3.5745226688835263,2.25,2.5012984671827305,Before the historical event,Event experienced
-2.62,0,1,0,Nonshared environmental variance,5,8.61215684304941,8.875810299321776,7.634088999717503,9.680949324656714,9.000000000000002,8.61215684304941,Before the historical event,Event experienced
-2.62,0,1,0,Phenotypic variance,5,11.598714563713473,11.60538377558798,11.358088420963044,11.832281373813242,11.850144008210737,11.598714563713473,Before the historical event,Event experienced
-2.62,1,0,0,Additive genetic variance,5,0.4852592534813332,0.5010051353451593,0.3223772872649714,0.6388847989138994,0.6001440082107344,0.4852592534813332,After the historical event,Event not experienced
-2.62,1,0,0,Nuclear-family environmental variance,5,2.5012984671827305,2.3070354810839557,1.41481600999464,3.5745226688835263,2.25,2.5012984671827305,After the historical event,Event not experienced
-2.62,1,0,0,Nonshared environmental variance,5,8.61215684304941,8.875810299321776,7.634088999717503,9.680949324656714,9.000000000000002,8.61215684304941,After the historical event,Event not experienced
-2.62,1,0,0,Phenotypic variance,5,11.598714563713473,11.60538377558798,11.358088420963044,11.832281373813242,11.850144008210737,11.598714563713473,After the historical event,Event not experienced
-2.62,1,1,1,Additive genetic variance,5,0.667358725189432,0.6632945761583874,0.5709418401612087,0.7630527397315163,0.8953096535901989,0.667358725189432,After the historical event,Event experienced
-2.62,1,1,1,Nuclear-family environmental variance,5,2.691462937993403,2.6170597252778864,1.5335286311094332,3.9356762501941076,2.25,2.691462937993403,After the historical event,Event experienced
-2.62,1,1,1,Nonshared environmental variance,5,8.47859780070483,8.649529732814909,7.269318473295586,9.648427966321332,9.000000000000002,8.47859780070483,After the historical event,Event experienced
-2.62,1,1,1,Phenotypic variance,5,11.837419463887665,12.027869549793575,11.003121135581083,12.403252314258056,12.1453096535902,11.837419463887665,After the historical event,Event experienced
-2.6,0,0,0,Additive genetic variance,5,0.49766077415239884,0.5133438681755087,0.3320840908183858,0.6545128596568612,0.6152628901337169,0.49766077415239884,Before the historical event,Event not experienced
-2.6,0,0,0,Nuclear-family environmental variance,5,2.4961807641642113,2.306820209006504,1.4173041772756587,3.558813699053031,2.25,2.4961807641642113,Before the historical event,Event not experienced
-2.6,0,0,0,Nonshared environmental variance,5,8.619249639301158,8.885560614774056,7.646503443880637,9.678252777567543,9.000000000000002,8.619249639301158,Before the historical event,Event not experienced
-2.6,0,0,0,Phenotypic variance,5,11.613091177617768,11.617597697517962,11.373910503925627,11.847545033926568,11.86526289013372,11.613091177617768,Before the historical event,Event not experienced
-2.6,0,1,0,Additive genetic variance,5,0.49766077415239884,0.5133438681755087,0.3320840908183858,0.6545128596568612,0.6152628901337169,0.49766077415239884,Before the historical event,Event experienced
-2.6,0,1,0,Nuclear-family environmental variance,5,2.4961807641642113,2.306820209006504,1.4173041772756587,3.558813699053031,2.25,2.4961807641642113,Before the historical event,Event experienced
-2.6,0,1,0,Nonshared environmental variance,5,8.619249639301158,8.885560614774056,7.646503443880637,9.678252777567543,9.000000000000002,8.619249639301158,Before the historical event,Event experienced
-2.6,0,1,0,Phenotypic variance,5,11.613091177617768,11.617597697517962,11.373910503925627,11.847545033926568,11.86526289013372,11.613091177617768,Before the historical event,Event experienced
-2.6,1,0,0,Additive genetic variance,5,0.49766077415239884,0.5133438681755087,0.3320840908183858,0.6545128596568612,0.6152628901337169,0.49766077415239884,After the historical event,Event not experienced
-2.6,1,0,0,Nuclear-family environmental variance,5,2.4961807641642113,2.306820209006504,1.4173041772756587,3.558813699053031,2.25,2.4961807641642113,After the historical event,Event not experienced
-2.6,1,0,0,Nonshared environmental variance,5,8.619249639301158,8.885560614774056,7.646503443880637,9.678252777567543,9.000000000000002,8.619249639301158,After the historical event,Event not experienced
-2.6,1,0,0,Phenotypic variance,5,11.613091177617768,11.617597697517962,11.373910503925627,11.847545033926568,11.86526289013372,11.613091177617768,After the historical event,Event not experienced
-2.6,1,1,1,Additive genetic variance,5,0.6847293453104294,0.6838317373872146,0.585180092747737,0.7822350146651273,0.9178643750436264,0.6847293453104294,After the historical event,Event experienced
-2.6,1,1,1,Nuclear-family environmental variance,5,2.6858104252623316,2.611003720229143,1.5366539756026403,3.918248121570048,2.25,2.6858104252623316,After the historical event,Event experienced
-2.6,1,1,1,Nonshared environmental variance,5,8.485445275111857,8.65903147300141,7.281556936735859,9.64576497308077,9.000000000000002,8.485445275111857,After the historical event,Event experienced
-2.6,1,1,1,Phenotypic variance,5,11.855985045684617,12.049887610155249,11.027872970721086,12.424526833076943,12.167864375043628,11.855985045684617,After the historical event,Event experienced
-2.58,0,0,0,Additive genetic variance,5,0.5103026370390806,0.5259097645256533,0.34202298345175763,0.6704188324757483,0.6306617343417972,0.5103026370390806,Before the historical event,Event not experienced
-2.58,0,0,0,Nuclear-family environmental variance,5,2.491106490578672,2.3066027656485795,1.4197978051339053,3.5432266820771603,2.25,2.491106490578672,Before the historical event,Event not experienced
-2.58,0,0,0,Nonshared environmental variance,5,8.626313233460548,8.895254148863122,7.6588820707705185,9.6755652932421,9.000000000000002,8.626313233460548,Before the historical event,Event not experienced
-2.58,0,0,0,Phenotypic variance,5,11.627722361078302,11.630053355264904,11.389975756805926,11.863025611567332,11.8806617343418,11.627722361078302,Before the historical event,Event not experienced
-2.58,0,1,0,Additive genetic variance,5,0.5103026370390806,0.5259097645256533,0.34202298345175763,0.6704188324757483,0.6306617343417972,0.5103026370390806,Before the historical event,Event experienced
-2.58,0,1,0,Nuclear-family environmental variance,5,2.491106490578672,2.3066027656485795,1.4197978051339053,3.5432266820771603,2.25,2.491106490578672,Before the historical event,Event experienced
-2.58,0,1,0,Nonshared environmental variance,5,8.626313233460548,8.895254148863122,7.6588820707705185,9.6755652932421,9.000000000000002,8.626313233460548,Before the historical event,Event experienced
-2.58,0,1,0,Phenotypic variance,5,11.627722361078302,11.630053355264904,11.389975756805926,11.863025611567332,11.8806617343418,11.627722361078302,Before the historical event,Event experienced
-2.58,1,0,0,Additive genetic variance,5,0.5103026370390806,0.5259097645256533,0.34202298345175763,0.6704188324757483,0.6306617343417972,0.5103026370390806,After the historical event,Event not experienced
-2.58,1,0,0,Nuclear-family environmental variance,5,2.491106490578672,2.3066027656485795,1.4197978051339053,3.5432266820771603,2.25,2.491106490578672,After the historical event,Event not experienced
-2.58,1,0,0,Nonshared environmental variance,5,8.626313233460548,8.895254148863122,7.6588820707705185,9.6755652932421,9.000000000000002,8.626313233460548,After the historical event,Event not experienced
-2.58,1,0,0,Phenotypic variance,5,11.627722361078302,11.630053355264904,11.389975756805926,11.863025611567332,11.8806617343418,11.627722361078302,After the historical event,Event not experienced
-2.58,1,1,1,Additive genetic variance,5,0.7024458994433512,0.7048732261239267,0.5996890048902547,0.8017766343884976,0.9408367511483707,0.7024458994433512,After the historical event,Event experienced
-2.58,1,1,1,Nuclear-family environmental variance,5,2.6802067904967575,2.605008504549861,1.5397800134758637,3.900955604556206,2.25,2.6802067904967575,After the historical event,Event experienced
-2.58,1,1,1,Nonshared environmental variance,5,8.492264215298984,8.668477879412984,7.293762553002266,9.643110850987073,9.000000000000002,8.492264215298984,After the historical event,Event experienced
-2.58,1,1,1,Phenotypic variance,5,11.874916905239093,12.072239642840866,11.053111620091569,12.446134419239375,12.190836751148373,11.874916905239093,After the historical event,Event experienced
-2.56,0,0,0,Additive genetic variance,5,0.523187075960687,0.5387046747289482,0.35219732154167116,0.6866044595716984,0.6463425588557716,0.523187075960687,Before the historical event,Event not experienced
-2.56,0,0,0,Nuclear-family environmental variance,5,2.486075325252092,2.30638315162799,1.4222968384379688,3.5277606066782004,2.25,2.486075325252092,Before the historical event,Event not experienced
-2.56,0,0,0,Nonshared environmental variance,5,8.633347475331444,8.904890692466784,7.671224641218868,9.672886855718742,9.000000000000002,8.633347475331444,Before the historical event,Event not experienced
-2.56,0,0,0,Phenotypic variance,5,11.642609876544224,11.642752554384744,11.406287037013003,11.878724947494495,11.896342558855773,11.642609876544224,Before the historical event,Event not experienced
-2.56,0,1,0,Additive genetic variance,5,0.523187075960687,0.5387046747289482,0.35219732154167116,0.6866044595716984,0.6463425588557716,0.523187075960687,Before the historical event,Event experienced
-2.56,0,1,0,Nuclear-family environmental variance,5,2.486075325252092,2.30638315162799,1.4222968384379688,3.5277606066782004,2.25,2.486075325252092,Before the historical event,Event experienced
-2.56,0,1,0,Nonshared environmental variance,5,8.633347475331444,8.904890692466784,7.671224641218868,9.672886855718742,9.000000000000002,8.633347475331444,Before the historical event,Event experienced
-2.56,0,1,0,Phenotypic variance,5,11.642609876544224,11.642752554384744,11.406287037013003,11.878724947494495,11.896342558855773,11.642609876544224,Before the historical event,Event experienced
-2.56,1,0,0,Additive genetic variance,5,0.523187075960687,0.5387046747289482,0.35219732154167116,0.6866044595716984,0.6463425588557716,0.523187075960687,After the historical event,Event not experienced
-2.56,1,0,0,Nuclear-family environmental variance,5,2.486075325252092,2.30638315162799,1.4222968384379688,3.5277606066782004,2.25,2.486075325252092,After the historical event,Event not experienced
-2.56,1,0,0,Nonshared environmental variance,5,8.633347475331444,8.904890692466784,7.671224641218868,9.672886855718742,9.000000000000002,8.633347475331444,After the historical event,Event not experienced
-2.56,1,0,0,Phenotypic variance,5,11.642609876544224,11.642752554384744,11.406287037013003,11.878724947494495,11.896342558855773,11.642609876544224,After the historical event,Event not experienced
-2.56,1,1,1,Additive genetic variance,5,0.7205118515164393,0.7264265871732971,0.6144711528083951,0.8216805129065801,0.9642297924376965,0.7205118515164393,After the historical event,Event experienced
-2.56,1,1,1,Nuclear-family environmental variance,5,2.67465167182754,2.5990737236028663,1.5429067146034332,3.8837975719654936,2.25,2.67465167182754,After the historical event,Event experienced
-2.56,1,1,1,Nonshared environmental variance,5,8.499054476190139,8.67786874825882,7.305935087988239,9.640465584034963,9.000000000000002,8.499054476190139,After the historical event,Event experienced
-2.56,1,1,1,Phenotypic variance,5,11.894217999534119,12.094927085266292,11.078843700911824,12.468077867215948,12.214229792437699,11.894217999534119,After the historical event,Event experienced
-2.54,0,0,0,Additive genetic variance,5,0.5363162685132365,0.5517303928518915,0.36261043250059694,0.7030713932075273,0.6623072950171032,0.5363162685132365,Before the historical event,Event not experienced
-2.54,0,0,0,Nuclear-family environmental variance,5,2.4810869500778545,2.3061613675686714,1.4248012222831858,3.51241447156805,2.25,2.4810869500778545,Before the historical event,Event not experienced
-2.54,0,0,0,Nonshared environmental variance,5,8.640352215163881,8.914470037533437,7.683530916462705,9.670217449120834,9.000000000000002,8.640352215163881,Before the historical event,Event not experienced
-2.54,0,0,0,Phenotypic variance,5,11.657755433754971,11.655697044133259,11.422847169851293,11.894644823334119,11.912307295017104,11.657755433754971,Before the historical event,Event not experienced
-2.54,0,1,0,Additive genetic variance,5,0.5363162685132365,0.5517303928518915,0.36261043250059694,0.7030713932075273,0.6623072950171032,0.5363162685132365,Before the historical event,Event experienced
-2.54,0,1,0,Nuclear-family environmental variance,5,2.4810869500778545,2.3061613675686714,1.4248012222831858,3.51241447156805,2.25,2.4810869500778545,Before the historical event,Event experienced
-2.54,0,1,0,Nonshared environmental variance,5,8.640352215163881,8.914470037533437,7.683530916462705,9.670217449120834,9.000000000000002,8.640352215163881,Before the historical event,Event experienced
-2.54,0,1,0,Phenotypic variance,5,11.657755433754971,11.655697044133259,11.422847169851293,11.894644823334119,11.912307295017104,11.657755433754971,Before the historical event,Event experienced
-2.54,1,0,0,Additive genetic variance,5,0.5363162685132365,0.5517303928518915,0.36261043250059694,0.7030713932075273,0.6623072950171032,0.5363162685132365,After the historical event,Event not experienced
-2.54,1,0,0,Nuclear-family environmental variance,5,2.4810869500778545,2.3061613675686714,1.4248012222831858,3.51241447156805,2.25,2.4810869500778545,After the historical event,Event not experienced
-2.54,1,0,0,Nonshared environmental variance,5,8.640352215163881,8.914470037533437,7.683530916462705,9.670217449120834,9.000000000000002,8.640352215163881,After the historical event,Event not experienced
-2.54,1,0,0,Phenotypic variance,5,11.657755433754971,11.655697044133259,11.422847169851293,11.894644823334119,11.912307295017104,11.657755433754971,After the historical event,Event not experienced
-2.54,1,1,1,Additive genetic variance,5,0.738930589628713,0.7484993058486679,0.6295290596469236,0.8419494682372969,0.9880463801344976,0.738930589628713,After the historical event,Event experienced
-2.54,1,1,1,Nuclear-family environmental variance,5,2.6691447108876445,2.593199026813941,1.546034048773767,3.866772907757554,2.25,2.6691447108876445,After the historical event,Event experienced
-2.54,1,1,1,Nonshared environmental variance,5,8.505815913145796,8.687203876791393,7.3180743079235295,9.63782915630492,9.000000000000002,8.505815913145796,After the historical event,Event experienced
-2.54,1,1,1,Phenotypic variance,5,11.913891213662152,12.117951271686053,11.105075771815802,12.490359882727772,12.238046380134499,11.913891213662152,After the historical event,Event experienced
-2.52,0,0,0,Additive genetic variance,5,0.5496923332449528,0.5649886542659818,0.3732656114339991,0.7198211924965416,0.678557784081625,0.5496923332449528,Before the historical event,Event not experienced
-2.52,0,0,0,Nuclear-family environmental variance,5,2.4761410499865306,2.305937414100683,1.4273109019894212,3.4971872853427834,2.25,2.4761410499865306,Before the historical event,Event not experienced
-2.52,0,0,0,Nonshared environmental variance,5,8.647327303658786,8.923991977089543,7.695800658151995,9.667557057656708,9.000000000000002,8.647327303658786,Before the historical event,Event not experienced
-2.52,0,0,0,Phenotypic variance,5,11.67316068689027,11.668888515038269,11.43965894506882,11.910786958864538,11.928557784081626,11.67316068689027,Before the historical event,Event not experienced
-2.52,0,1,0,Additive genetic variance,5,0.5496923332449528,0.5649886542659818,0.3732656114339991,0.7198211924965416,0.678557784081625,0.5496923332449528,Before the historical event,Event experienced
-2.52,0,1,0,Nuclear-family environmental variance,5,2.4761410499865306,2.305937414100683,1.4273109019894212,3.4971872853427834,2.25,2.4761410499865306,Before the historical event,Event experienced
-2.52,0,1,0,Nonshared environmental variance,5,8.647327303658786,8.923991977089543,7.695800658151995,9.667557057656708,9.000000000000002,8.647327303658786,Before the historical event,Event experienced
-2.52,0,1,0,Phenotypic variance,5,11.67316068689027,11.668888515038269,11.43965894506882,11.910786958864538,11.928557784081626,11.67316068689027,Before the historical event,Event experienced
-2.52,1,0,0,Additive genetic variance,5,0.5496923332449528,0.5649886542659818,0.3732656114339991,0.7198211924965416,0.678557784081625,0.5496923332449528,After the historical event,Event not experienced
-2.52,1,0,0,Nuclear-family environmental variance,5,2.4761410499865306,2.305937414100683,1.4273109019894212,3.4971872853427834,2.25,2.4761410499865306,After the historical event,Event not experienced
-2.52,1,0,0,Nonshared environmental variance,5,8.647327303658786,8.923991977089543,7.695800658151995,9.667557057656708,9.000000000000002,8.647327303658786,After the historical event,Event not experienced
-2.52,1,0,0,Phenotypic variance,5,11.67316068689027,11.668888515038269,11.43965894506882,11.910786958864538,11.928557784081626,11.67316068689027,After the historical event,Event not experienced
-2.52,1,1,1,Additive genetic variance,5,0.757705421850173,0.7710988004813083,0.6448651927310305,0.8625862182817603,1.0122892610697007,0.757705421850173,After the historical event,Event experienced
-2.52,1,1,1,Nuclear-family environmental variance,5,2.6636855527776415,2.5873840676374145,1.5491619856897874,3.8498805069210085,2.25,2.6636855527776415,After the historical event,Event experienced
-2.52,1,1,1,Nonshared environmental variance,5,8.51254838196754,8.696483063313766,7.330179979381645,9.63520155196314,9.000000000000002,8.51254838196754,After the historical event,Event experienced
-2.52,1,1,1,Phenotypic variance,5,11.933939356595353,12.132638332951878,11.131814325828893,12.513850588352703,12.262289261069704,11.933939356595353,After the historical event,Event experienced
-2.5,0,0,0,Additive genetic variance,5,0.563317326804712,0.5784811332040021,0.3841661177263998,0.7368553201874647,0.6950957738017804,0.563317326804712,Before the historical event,Event not experienced
-2.5,0,0,0,Nuclear-family environmental variance,5,2.4712373129160135,2.3057112918602085,1.4298258230988876,3.482078066378437,2.25,2.4712373129160135,Before the historical event,Event not experienced
-2.5,0,0,0,Nonshared environmental variance,5,8.654272591972711,8.933456305247082,7.708033628357296,9.664905665619674,9.000000000000002,8.654272591972711,Before the historical event,Event not experienced
-2.5,0,0,0,Phenotypic variance,5,11.688827231693438,11.68232859645625,11.456725113336551,11.927153009283419,11.945095773801782,11.688827231693438,Before the historical event,Event not experienced
-2.5,0,1,0,Additive genetic variance,5,0.563317326804712,0.5784811332040021,0.3841661177263998,0.7368553201874647,0.6950957738017804,0.563317326804712,Before the historical event,Event experienced
-2.5,0,1,0,Nuclear-family environmental variance,5,2.4712373129160135,2.3057112918602085,1.4298258230988876,3.482078066378437,2.25,2.4712373129160135,Before the historical event,Event experienced
-2.5,0,1,0,Nonshared environmental variance,5,8.654272591972711,8.933456305247082,7.708033628357296,9.664905665619674,9.000000000000002,8.654272591972711,Before the historical event,Event experienced
-2.5,0,1,0,Phenotypic variance,5,11.688827231693438,11.68232859645625,11.456725113336551,11.927153009283419,11.945095773801782,11.688827231693438,Before the historical event,Event experienced
-2.5,1,0,0,Additive genetic variance,5,0.563317326804712,0.5784811332040021,0.3841661177263998,0.7368553201874647,0.6950957738017804,0.563317326804712,After the historical event,Event not experienced
-2.5,1,0,0,Nuclear-family environmental variance,5,2.4712373129160135,2.3057112918602085,1.4298258230988876,3.482078066378437,2.25,2.4712373129160135,After the historical event,Event not experienced
-2.5,1,0,0,Nonshared environmental variance,5,8.654272591972711,8.933456305247082,7.708033628357296,9.664905665619674,9.000000000000002,8.654272591972711,After the historical event,Event not experienced
-2.5,1,0,0,Phenotypic variance,5,11.688827231693438,11.68232859645625,11.456725113336551,11.927153009283419,11.945095773801782,11.688827231693438,After the historical event,Event not experienced
-2.5,1,1,1,Additive genetic variance,5,0.7768395719737494,0.7942324147649014,0.6604819607939665,0.883593376669971,1.036961042583566,0.7768395719737494,After the historical event,Event experienced
-2.5,1,1,1,Nuclear-family environmental variance,5,2.6582738460316193,2.5816285035221918,1.552290494969336,3.833119275357066,2.25,2.6582738460316193,After the historical event,Event experienced
-2.5,1,1,1,Nonshared environmental variance,5,8.519251738902623,8.705706107186842,7.342251869287262,9.632582755261557,9.000000000000002,8.519251738902623,After the historical event,Event experienced
-2.5,1,1,1,Phenotypic variance,5,11.954365156907992,12.142311983548964,11.15906578319457,12.538220240376647,12.286961042583567,11.954365156907992,After the historical event,Event experienced
-2.48,0,0,0,Additive genetic variance,5,0.57719324106544,0.5922094403025207,0.3953151715580756,0.7541751394484207,0.7119229150004391,0.57719324106544,Before the historical event,Event not experienced
-2.48,0,0,0,Nuclear-family environmental variance,5,2.466375429782004,2.3054830014895478,1.4323459313739975,3.4670858427280042,2.25,2.466375429782004,Before the historical event,Event not experienced
-2.48,0,0,0,Nonshared environmental variance,5,8.661187931722543,8.942862817210951,7.720229589577375,9.662263257387998,9.000000000000002,8.661187931722543,Before the historical event,Event not experienced
-2.48,0,0,0,Phenotypic variance,5,11.704756602569987,11.696018854115206,11.474048382660728,11.943744562458566,11.961922915000441,11.704756602569987,Before the historical event,Event not experienced
-2.48,0,1,0,Additive genetic variance,5,0.57719324106544,0.5922094403025207,0.3953151715580756,0.7541751394484207,0.7119229150004391,0.57719324106544,Before the historical event,Event experienced
-2.48,0,1,0,Nuclear-family environmental variance,5,2.466375429782004,2.3054830014895478,1.4323459313739975,3.4670858427280042,2.25,2.466375429782004,Before the historical event,Event experienced
-2.48,0,1,0,Nonshared environmental variance,5,8.661187931722543,8.942862817210951,7.720229589577375,9.662263257387998,9.000000000000002,8.661187931722543,Before the historical event,Event experienced
-2.48,0,1,0,Phenotypic variance,5,11.704756602569987,11.696018854115206,11.474048382660728,11.943744562458566,11.961922915000441,11.704756602569987,Before the historical event,Event experienced
-2.48,1,0,0,Additive genetic variance,5,0.57719324106544,0.5922094403025207,0.3953151715580756,0.7541751394484207,0.7119229150004391,0.57719324106544,After the historical event,Event not experienced
-2.48,1,0,0,Nuclear-family environmental variance,5,2.466375429782004,2.3054830014895478,1.4323459313739975,3.4670858427280042,2.25,2.466375429782004,After the historical event,Event not experienced
-2.48,1,0,0,Nonshared environmental variance,5,8.661187931722543,8.942862817210951,7.720229589577375,9.662263257387998,9.000000000000002,8.661187931722543,After the historical event,Event not experienced
-2.48,1,0,0,Phenotypic variance,5,11.704756602569987,11.696018854115206,11.474048382660728,11.943744562458566,11.961922915000441,11.704756602569987,After the historical event,Event not experienced
-2.48,1,1,1,Additive genetic variance,5,0.7963361752218339,0.8179074099388484,0.6763817111787138,0.9049734485852519,1.0620641874144219,0.7963361752218339,After the historical event,Event experienced
-2.48,1,1,1,Nuclear-family environmental variance,5,2.652909242583494,2.575931995878226,1.5554195461455946,3.816488129764489,2.25,2.652909242583494,After the historical event,Event experienced
-2.48,1,1,1,Nonshared environmental variance,5,8.525925840648512,8.714872808836581,7.354289744923628,9.629972750537833,9.000000000000002,8.525925840648512,After the historical event,Event experienced
-2.48,1,1,1,Phenotypic variance,5,11.97517125845384,12.152373727630238,11.186836484054453,12.562931203721286,12.312064187414425,11.97517125845384,After the historical event,Event experienced
-2.46,0,0,0,Additive genetic variance,5,0.5913220002245415,0.606175120132451,0.4067159503541959,0.7717819106529922,0.7290407581394106,0.5913220002245415,Before the historical event,Event not experienced
-2.46,0,0,0,Nuclear-family environmental variance,5,2.461555094448835,2.3052525436371183,1.4348711727952532,3.4522096520196155,2.25,2.461555094448835,Before the historical event,Event not experienced
-2.46,0,0,0,Nonshared environmental variance,5,8.668073174990214,8.952211309286346,7.732388304746865,9.659629817424907,9.000000000000002,8.668073174990214,Before the historical event,Event not experienced
-2.46,0,0,0,Phenotypic variance,5,11.720950269663591,11.70996078764557,11.49163141473015,11.960563136164653,11.979040758139412,11.720950269663591,Before the historical event,Event not experienced
-2.46,0,1,0,Additive genetic variance,5,0.5913220002245415,0.606175120132451,0.4067159503541959,0.7717819106529922,0.7290407581394106,0.5913220002245415,Before the historical event,Event experienced
-2.46,0,1,0,Nuclear-family environmental variance,5,2.461555094448835,2.3052525436371183,1.4348711727952532,3.4522096520196155,2.25,2.461555094448835,Before the historical event,Event experienced
-2.46,0,1,0,Nonshared environmental variance,5,8.668073174990214,8.952211309286346,7.732388304746865,9.659629817424907,9.000000000000002,8.668073174990214,Before the historical event,Event experienced
-2.46,0,1,0,Phenotypic variance,5,11.720950269663591,11.70996078764557,11.49163141473015,11.960563136164653,11.979040758139412,11.720950269663591,Before the historical event,Event experienced
-2.46,1,0,0,Additive genetic variance,5,0.5913220002245415,0.606175120132451,0.4067159503541959,0.7717819106529922,0.7290407581394106,0.5913220002245415,After the historical event,Event not experienced
-2.46,1,0,0,Nuclear-family environmental variance,5,2.461555094448835,2.3052525436371183,1.4348711727952532,3.4522096520196155,2.25,2.461555094448835,After the historical event,Event not experienced
-2.46,1,0,0,Nonshared environmental variance,5,8.668073174990214,8.952211309286346,7.732388304746865,9.659629817424907,9.000000000000002,8.668073174990214,After the historical event,Event not experienced
-2.46,1,0,0,Phenotypic variance,5,11.720950269663591,11.70996078764557,11.49163141473015,11.960563136164653,11.979040758139412,11.720950269663591,After the historical event,Event not experienced
-2.46,1,1,1,Additive genetic variance,5,0.8161982739103554,0.8421309568144086,0.6925667270154496,0.9267288265707845,1.0876010085794887,0.8161982739103554,After the historical event,Event experienced
-2.46,1,1,1,Nuclear-family environmental variance,5,2.6475913977337107,2.570294210043409,1.5585491086675105,3.799985997525877,2.25,2.6475913977337107,After the historical event,Event experienced
-2.46,1,1,1,Nonshared environmental variance,5,8.532570544357416,8.723982969761188,7.366293373940013,9.627371522215327,9.000000000000002,8.532570544357416,After the historical event,Event experienced
-2.46,1,1,1,Phenotypic variance,5,11.996360216001483,12.16282450088863,11.215132680985617,12.587985783267708,12.33760100857949,11.996360216001483,After the historical event,Event experienced
-2.44,0,0,0,Additive genetic variance,5,0.6057054578835195,0.620379648719573,0.4183715851683575,0.7896767881714352,0.7464507498858595,0.6057054578835195,Before the historical event,Event not experienced
-2.44,0,0,0,Nuclear-family environmental variance,5,2.456776003700641,2.3050199189574503,1.4374014935591723,3.4374485413559097,2.25,2.456776003700641,Before the historical event,Event not experienced
-2.44,0,0,0,Nonshared environmental variance,5,8.674928174327398,8.961501578886105,7.744509537243871,9.657005330278569,9.000000000000002,8.674928174327398,Before the historical event,Event not experienced
-2.44,0,0,0,Phenotypic variance,5,11.737409635911558,11.724155828101095,11.509476821200538,11.977610175308115,11.996450749885861,11.737409635911558,Before the historical event,Event not experienced
-2.44,0,1,0,Additive genetic variance,5,0.6057054578835195,0.620379648719573,0.4183715851683575,0.7896767881714352,0.7464507498858595,0.6057054578835195,Before the historical event,Event experienced
-2.44,0,1,0,Nuclear-family environmental variance,5,2.456776003700641,2.3050199189574503,1.4374014935591723,3.4374485413559097,2.25,2.456776003700641,Before the historical event,Event experienced
-2.44,0,1,0,Nonshared environmental variance,5,8.674928174327398,8.961501578886105,7.744509537243871,9.657005330278569,9.000000000000002,8.674928174327398,Before the historical event,Event experienced
-2.44,0,1,0,Phenotypic variance,5,11.737409635911558,11.724155828101095,11.509476821200538,11.977610175308115,11.996450749885861,11.737409635911558,Before the historical event,Event experienced
-2.44,1,0,0,Additive genetic variance,5,0.6057054578835195,0.620379648719573,0.4183715851683575,0.7896767881714352,0.7464507498858595,0.6057054578835195,After the historical event,Event not experienced
-2.44,1,0,0,Nuclear-family environmental variance,5,2.456776003700641,2.3050199189574503,1.4374014935591723,3.4374485413559097,2.25,2.456776003700641,After the historical event,Event not experienced
-2.44,1,0,0,Nonshared environmental variance,5,8.674928174327398,8.961501578886105,7.744509537243871,9.657005330278569,9.000000000000002,8.674928174327398,After the historical event,Event not experienced
-2.44,1,0,0,Phenotypic variance,5,11.737409635911558,11.724155828101095,11.509476821200538,11.977610175308115,11.996450749885861,11.737409635911558,After the historical event,Event not experienced
-2.44,1,1,1,Additive genetic variance,5,0.8364288130734919,0.8669101276480156,0.7090392243766258,0.9488617863217063,1.1135736642525718,0.8364288130734919,After the historical event,Event experienced
-2.44,1,1,1,Nuclear-family environmental variance,5,2.642319970116341,2.564714815250896,1.5616791519002233,3.7836118165952923,2.25,2.642319970116341,After the historical event,Event experienced
-2.44,1,1,1,Nonshared environmental variance,5,8.539185707640836,8.733036392538276,7.378262524359096,9.624779054803131,9.000000000000002,8.539185707640836,After the historical event,Event experienced
-2.44,1,1,1,Phenotypic variance,5,12.017934490830669,12.173665185356812,11.243960531399228,12.613386167870715,12.363573664252574,12.017934490830669,After the historical event,Event experienced
-2.42,0,0,0,Additive genetic variance,5,0.6203453941090277,0.6348244310569734,0.43028515700261705,0.8078608171702073,0.7641542296799063,0.6203453941090277,Before the historical event,Event not experienced
-2.42,0,0,0,Nuclear-family environmental variance,5,2.4520378572128587,2.3047851281111824,1.4399368400762464,3.422801567214562,2.25,2.4520378572128587,Before the historical event,Event not experienced
-2.42,0,0,0,Nonshared environmental variance,5,8.681752782760206,8.970733424538041,7.756593050897614,9.654389780582084,9.000000000000002,8.681752782760206,Before the historical event,Event not experienced
-2.42,0,0,0,Phenotypic variance,5,11.754136034082093,11.738605335471641,11.527587159918276,11.994887049142399,12.014154229679908,11.754136034082093,Before the historical event,Event not experienced
-2.42,0,1,0,Additive genetic variance,5,0.6203453941090277,0.6348244310569734,0.43028515700261705,0.8078608171702073,0.7641542296799063,0.6203453941090277,Before the historical event,Event experienced
-2.42,0,1,0,Nuclear-family environmental variance,5,2.4520378572128587,2.3047851281111824,1.4399368400762464,3.422801567214562,2.25,2.4520378572128587,Before the historical event,Event experienced
-2.42,0,1,0,Nonshared environmental variance,5,8.681752782760206,8.970733424538041,7.756593050897614,9.654389780582084,9.000000000000002,8.681752782760206,Before the historical event,Event experienced
-2.42,0,1,0,Phenotypic variance,5,11.754136034082093,11.738605335471641,11.527587159918276,11.994887049142399,12.014154229679908,11.754136034082093,Before the historical event,Event experienced
-2.42,1,0,0,Additive genetic variance,5,0.6203453941090277,0.6348244310569734,0.43028515700261705,0.8078608171702073,0.7641542296799063,0.6203453941090277,After the historical event,Event not experienced
-2.42,1,0,0,Nuclear-family environmental variance,5,2.4520378572128587,2.3047851281111824,1.4399368400762464,3.422801567214562,2.25,2.4520378572128587,After the historical event,Event not experienced
-2.42,1,0,0,Nonshared environmental variance,5,8.681752782760206,8.970733424538041,7.756593050897614,9.654389780582084,9.000000000000002,8.681752782760206,After the historical event,Event not experienced
-2.42,1,0,0,Phenotypic variance,5,11.754136034082093,11.738605335471641,11.527587159918276,11.994887049142399,12.014154229679908,11.754136034082093,After the historical event,Event not experienced
-2.42,1,1,1,Additive genetic variance,5,0.8570306360522433,0.8922518878664528,0.7258013494115647,0.9713744824663416,1.1399841526435242,0.8570306360522433,After the historical event,Event experienced
-2.42,1,1,1,Nuclear-family environmental variance,5,2.6370946216665616,2.559193484596849,1.5648096451254925,3.767364535387161,2.25,2.6370946216665616,After the historical event,Event experienced
-2.42,1,1,1,Nonshared environmental variance,5,8.545771188574067,8.742032880832003,7.390196964584392,9.622195332896029,9.000000000000002,8.545771188574067,After the historical event,Event experienced
-2.42,1,1,1,Phenotypic variance,5,12.039896446292872,12.184896606427731,11.273326089804987,12.639134426138158,12.389984152643526,12.039896446292872,After the historical event,Event experienced
-2.4,0,0,0,Additive genetic variance,5,0.6352435124776727,0.6495107986114156,0.4424596930662621,0.8263349304230205,0.7821524263067797,0.6352435124776727,Before the historical event,Event not experienced
-2.4,0,0,0,Nuclear-family environmental variance,5,2.4473403575240615,2.3045481717650613,1.442477158968935,3.4082677953499587,2.25,2.4473403575240615,Before the historical event,Event not experienced
-2.4,0,0,0,Nonshared environmental variance,5,8.688546853793865,8.979906645892171,7.768638609996046,9.651783153053493,9.000000000000002,8.688546853793865,Before the historical event,Event not experienced
-2.4,0,0,0,Phenotypic variance,5,11.7711307237956,11.759268683239204,11.545369122380983,12.012395048475934,12.032152426306782,11.7711307237956,Before the historical event,Event not experienced
-2.4,0,1,0,Additive genetic variance,5,0.6352435124776727,0.6495107986114156,0.4424596930662621,0.8263349304230205,0.7821524263067797,0.6352435124776727,Before the historical event,Event experienced
-2.4,0,1,0,Nuclear-family environmental variance,5,2.4473403575240615,2.3045481717650613,1.442477158968935,3.4082677953499587,2.25,2.4473403575240615,Before the historical event,Event experienced
-2.4,0,1,0,Nonshared environmental variance,5,8.688546853793865,8.979906645892171,7.768638609996046,9.651783153053493,9.000000000000002,8.688546853793865,Before the historical event,Event experienced
-2.4,0,1,0,Phenotypic variance,5,11.7711307237956,11.759268683239204,11.545369122380983,12.012395048475934,12.032152426306782,11.7711307237956,Before the historical event,Event experienced
-2.4,1,0,0,Additive genetic variance,5,0.6352435124776727,0.6495107986114156,0.4424596930662621,0.8263349304230205,0.7821524263067797,0.6352435124776727,After the historical event,Event not experienced
-2.4,1,0,0,Nuclear-family environmental variance,5,2.4473403575240615,2.3045481717650613,1.442477158968935,3.4082677953499587,2.25,2.4473403575240615,After the historical event,Event not experienced
-2.4,1,0,0,Nonshared environmental variance,5,8.688546853793865,8.979906645892171,7.768638609996046,9.651783153053493,9.000000000000002,8.688546853793865,After the historical event,Event not experienced
-2.4,1,0,0,Phenotypic variance,5,11.7711307237956,11.759268683239204,11.545369122380983,12.012395048475934,12.032152426306782,11.7711307237956,After the historical event,Event not experienced
-2.4,1,1,1,Additive genetic variance,5,0.8780064800502082,0.9181630876488958,0.7428551754625181,0.9942689443402222,1.1668343068844977,0.8780064800502082,After the historical event,Event experienced
-2.4,1,1,1,Nuclear-family environmental variance,5,2.6319150175885135,2.5537298950085954,1.5679405575421326,3.751243112666472,2.25,2.6319150175885135,After the historical event,Event experienced
-2.4,1,1,1,Nonshared environmental variance,5,8.55232684570072,8.75097223940012,7.402096463407673,9.619620341174503,9.000000000000002,8.55232684570072,After the historical event,Event experienced
-2.4,1,1,1,Phenotypic variance,5,12.062248343339444,12.196519529856753,11.303235299946142,12.665232502203107,12.4168343068845,12.062248343339444,After the historical event,Event experienced
-2.38,0,0,0,Additive genetic variance,5,0.6504014371069643,0.6644400068257053,0.45489816297571256,0.845099945136702,0.8004464544769518,0.6504014371069643,Before the historical event,Event not experienced
-2.38,0,0,0,Nuclear-family environmental variance,5,2.4426832100081257,2.3043090505919364,1.4450223970696943,3.3938463006960164,2.25,2.4426832100081257,Before the historical event,Event not experienced
-2.38,0,0,0,Nonshared environmental variance,5,8.69531024141738,8.989021043727995,7.780645979293456,9.649185432495742,9.000000000000002,8.69531024141738,Before the historical event,Event not experienced
-2.38,0,0,0,Phenotypic variance,5,11.78839488853247,11.783416253556434,11.563098230079774,12.03013538287519,12.050446454476955,11.78839488853247,Before the historical event,Event not experienced
-2.38,0,1,0,Additive genetic variance,5,0.6504014371069643,0.6644400068257053,0.45489816297571256,0.845099945136702,0.8004464544769518,0.6504014371069643,Before the historical event,Event experienced
-2.38,0,1,0,Nuclear-family environmental variance,5,2.4426832100081257,2.3043090505919364,1.4450223970696943,3.3938463006960164,2.25,2.4426832100081257,Before the historical event,Event experienced
-2.38,0,1,0,Nonshared environmental variance,5,8.69531024141738,8.989021043727995,7.780645979293456,9.649185432495742,9.000000000000002,8.69531024141738,Before the historical event,Event experienced
-2.38,0,1,0,Phenotypic variance,5,11.78839488853247,11.783416253556434,11.563098230079774,12.03013538287519,12.050446454476955,11.78839488853247,Before the historical event,Event experienced
-2.38,1,0,0,Additive genetic variance,5,0.6504014371069643,0.6644400068257053,0.45489816297571256,0.845099945136702,0.8004464544769518,0.6504014371069643,After the historical event,Event not experienced
-2.38,1,0,0,Nuclear-family environmental variance,5,2.4426832100081257,2.3043090505919364,1.4450223970696943,3.3938463006960164,2.25,2.4426832100081257,After the historical event,Event not experienced
-2.38,1,0,0,Nonshared environmental variance,5,8.69531024141738,8.989021043727995,7.780645979293456,9.649185432495742,9.000000000000002,8.69531024141738,After the historical event,Event not experienced
-2.38,1,0,0,Phenotypic variance,5,11.78839488853247,11.783416253556434,11.563098230079774,12.03013538287519,12.050446454476955,11.78839488853247,After the historical event,Event not experienced
-2.38,1,1,1,Additive genetic variance,5,0.8993589716600475,0.9446504533711751,0.7602027001642219,1.0175470717566564,1.1941257899281055,0.8993589716600475,After the historical event,Event experienced
-2.38,1,1,1,Nuclear-family environmental variance,5,2.6267808263235435,2.5483237272131998,1.5710718582664502,3.7352465174402445,2.25,2.6267808263235435,After the historical event,Event experienced
-2.38,1,1,1,Nonshared environmental variance,5,8.558852538037227,8.759854274101075,7.413960790016357,9.617054064404737,9.000000000000002,8.558852538037227,After the historical event,Event experienced
-2.38,1,1,1,Phenotypic variance,5,12.084992336020818,12.208534658747359,11.333693986810038,12.691682211492607,12.444125789928108,12.084992336020818,After the historical event,Event experienced
-2.36,0,0,0,Additive genetic variance,5,0.6658207096748855,0.6796132326191683,0.4676034748980886,0.8641565597951976,0.8190373114177745,0.6658207096748855,Before the historical event,Event not experienced
-2.36,0,0,0,Nuclear-family environmental variance,5,2.438066122846713,2.3040677652707564,1.4475725014190393,3.379536167270118,2.25,2.438066122846713,Before the historical event,Event not experienced
-2.36,0,0,0,Nonshared environmental variance,5,8.702042800108202,8.998076419961683,7.792614924018095,9.646596603796686,9.000000000000002,8.702042800108202,Before the historical event,Event not experienced
-2.36,0,0,0,Phenotypic variance,5,11.8059296326298,11.804529002064235,11.581097438933067,12.048440612756735,12.069037311417777,11.8059296326298,Before the historical event,Event not experienced
-2.36,0,1,0,Additive genetic variance,5,0.6658207096748855,0.6796132326191683,0.4676034748980886,0.8641565597951976,0.8190373114177745,0.6658207096748855,Before the historical event,Event experienced
-2.36,0,1,0,Nuclear-family environmental variance,5,2.438066122846713,2.3040677652707564,1.4475725014190393,3.379536167270118,2.25,2.438066122846713,Before the historical event,Event experienced
-2.36,0,1,0,Nonshared environmental variance,5,8.702042800108202,8.998076419961683,7.792614924018095,9.646596603796686,9.000000000000002,8.702042800108202,Before the historical event,Event experienced
-2.36,0,1,0,Phenotypic variance,5,11.8059296326298,11.804529002064235,11.581097438933067,12.048440612756735,12.069037311417777,11.8059296326298,Before the historical event,Event experienced
-2.36,1,0,0,Additive genetic variance,5,0.6658207096748855,0.6796132326191683,0.4676034748980886,0.8641565597951976,0.8190373114177745,0.6658207096748855,After the historical event,Event not experienced
-2.36,1,0,0,Nuclear-family environmental variance,5,2.438066122846713,2.3040677652707564,1.4475725014190393,3.379536167270118,2.25,2.438066122846713,After the historical event,Event not experienced
-2.36,1,0,0,Nonshared environmental variance,5,8.702042800108202,8.998076419961683,7.792614924018095,9.646596603796686,9.000000000000002,8.702042800108202,After the historical event,Event not experienced
-2.36,1,0,0,Phenotypic variance,5,11.8059296326298,11.804529002064235,11.581097438933067,12.048440612756735,12.069037311417777,11.8059296326298,After the historical event,Event not experienced
-2.36,1,1,1,Additive genetic variance,5,0.9210906223642317,0.9717205789179483,0.7778458425290262,1.0412106307777018,1.2218600894627403,0.9210906223642317,After the historical event,Event experienced
-2.36,1,1,1,Nuclear-family environmental variance,5,2.6216917195188123,2.5429746657064474,1.574203516332683,3.7193737288502486,2.25,2.6216917195188123,After the historical event,Event experienced
-2.36,1,1,1,Nonshared environmental variance,5,8.565348125077318,8.768678791900998,7.425789714000947,9.614496487438583,9.000000000000002,8.565348125077318,After the historical event,Event experienced
-2.36,1,1,1,Phenotypic variance,5,12.108130466960363,12.220942630522472,11.364707848519675,12.71848523649685,12.471860089462742,12.108130466960363,After the historical event,Event experienced
-2.34,0,0,0,Additive genetic variance,5,0.6815027864306346,0.6950315718884107,0.48057847164112893,0.8835053510251165,0.8379258734801921,0.6815027864306346,Before the historical event,Event not experienced
-2.34,0,0,0,Nuclear-family environmental variance,5,2.4334888070020795,2.303824316486569,1.450127419263639,3.365336488078154,2.25,2.4334888070020795,Before the historical event,Event not experienced
-2.34,0,0,0,Nonshared environmental variance,5,8.70874438483688,9.007072577653233,7.804545209879775,9.644016651929086,9.000000000000002,8.70874438483688,Before the historical event,Event not experienced
-2.34,0,0,0,Phenotypic variance,5,11.823735978269593,11.815815181719454,11.599369149807536,12.067990959441076,12.087925873480193,11.823735978269593,Before the historical event,Event not experienced
-2.34,0,1,0,Additive genetic variance,5,0.6815027864306346,0.6950315718884107,0.48057847164112893,0.8835053510251165,0.8379258734801921,0.6815027864306346,Before the historical event,Event experienced
-2.34,0,1,0,Nuclear-family environmental variance,5,2.4334888070020795,2.303824316486569,1.450127419263639,3.365336488078154,2.25,2.4334888070020795,Before the historical event,Event experienced
-2.34,0,1,0,Nonshared environmental variance,5,8.70874438483688,9.007072577653233,7.804545209879775,9.644016651929086,9.000000000000002,8.70874438483688,Before the historical event,Event experienced
-2.34,0,1,0,Phenotypic variance,5,11.823735978269593,11.815815181719454,11.599369149807536,12.067990959441076,12.087925873480193,11.823735978269593,Before the historical event,Event experienced
-2.34,1,0,0,Additive genetic variance,5,0.6815027864306346,0.6950315718884107,0.48057847164112893,0.8835053510251165,0.8379258734801921,0.6815027864306346,After the historical event,Event not experienced
-2.34,1,0,0,Nuclear-family environmental variance,5,2.4334888070020795,2.303824316486569,1.450127419263639,3.365336488078154,2.25,2.4334888070020795,After the historical event,Event not experienced
-2.34,1,0,0,Nonshared environmental variance,5,8.70874438483688,9.007072577653233,7.804545209879775,9.644016651929086,9.000000000000002,8.70874438483688,After the historical event,Event not experienced
-2.34,1,0,0,Phenotypic variance,5,11.823735978269593,11.815815181719454,11.599369149807536,12.067990959441076,12.087925873480193,11.823735978269593,After the historical event,Event not experienced
-2.34,1,1,1,Additive genetic variance,5,0.943203824013801,0.9993799168688111,0.7957864400197588,1.065261249489476,1.2500385128503848,0.943203824013801,After the historical event,Event experienced
-2.34,1,1,1,Nuclear-family environmental variance,5,2.6166473719962737,2.537682398722226,1.577335500693441,3.7036237360669566,2.25,2.6166473719962737,After the historical event,Event experienced
-2.34,1,1,1,Nonshared environmental variance,5,8.571813466796518,8.777445600880693,7.437583005362408,9.611947595213584,9.000000000000002,8.571813466796518,After the historical event,Event experienced
-2.34,1,1,1,Phenotypic variance,5,12.131664662806594,12.233744013883445,11.396282448111863,12.74564312254274,12.500038512850386,12.131664662806594,After the historical event,Event experienced
-2.32,0,0,0,Additive genetic variance,5,0.6974490351991594,0.7106960370105783,0.49382592669229,0.9031467704862602,0.8571128927641797,0.6974490351991594,Before the historical event,Event not experienced
-2.32,0,0,0,Nuclear-family environmental variance,5,2.4289509761902,2.3035787049305134,1.4526870980544473,3.3512463650206685,2.25,2.4289509761902,Before the historical event,Event not experienced
-2.32,0,0,0,Nonshared environmental variance,5,8.715414851071698,9.016009321013644,7.816436603077464,9.641445561950576,9.000000000000002,8.715414851071698,Before the historical event,Event not experienced
-2.32,0,0,0,Phenotypic variance,5,11.841814862461058,11.827421918528827,11.617915694153124,12.087772654857694,12.107112892764182,11.841814862461058,Before the historical event,Event not experienced
-2.32,0,1,0,Additive genetic variance,5,0.6974490351991594,0.7106960370105783,0.49382592669229,0.9031467704862602,0.8571128927641797,0.6974490351991594,Before the historical event,Event experienced
-2.32,0,1,0,Nuclear-family environmental variance,5,2.4289509761902,2.3035787049305134,1.4526870980544473,3.3512463650206685,2.25,2.4289509761902,Before the historical event,Event experienced
-2.32,0,1,0,Nonshared environmental variance,5,8.715414851071698,9.016009321013644,7.816436603077464,9.641445561950576,9.000000000000002,8.715414851071698,Before the historical event,Event experienced
-2.32,0,1,0,Phenotypic variance,5,11.841814862461058,11.827421918528827,11.617915694153124,12.087772654857694,12.107112892764182,11.841814862461058,Before the historical event,Event experienced
-2.32,1,0,0,Additive genetic variance,5,0.6974490351991594,0.7106960370105783,0.49382592669229,0.9031467704862602,0.8571128927641797,0.6974490351991594,After the historical event,Event not experienced
-2.32,1,0,0,Nuclear-family environmental variance,5,2.4289509761902,2.3035787049305134,1.4526870980544473,3.3512463650206685,2.25,2.4289509761902,After the historical event,Event not experienced
-2.32,1,0,0,Nonshared environmental variance,5,8.715414851071698,9.016009321013644,7.816436603077464,9.641445561950576,9.000000000000002,8.715414851071698,After the historical event,Event not experienced
-2.32,1,0,0,Phenotypic variance,5,11.841814862461058,11.827421918528827,11.617915694153124,12.087772654857694,12.107112892764182,11.841814862461058,After the historical event,Event not experienced
-2.32,1,1,1,Additive genetic variance,5,0.9657008442889875,1.0276347695647212,0.814026245612528,1.0897004137858424,1.278662182092357,0.9657008442889875,After the historical event,Event experienced
-2.32,1,1,1,Nuclear-family environmental variance,5,2.611647461722016,2.532446618202311,1.5804677802201552,3.6879955381847314,2.25,2.611647461722016,After the historical event,Event experienced
-2.32,1,1,1,Nonshared environmental variance,5,8.57824842365662,8.786154510242616,7.449340434519587,9.60940737275294,9.000000000000002,8.57824842365662,After the historical event,Event experienced
-2.32,1,1,1,Phenotypic variance,5,12.155596729667623,12.246939305758914,11.42842320520802,12.773157273575853,12.528662182092358,12.155596729667623,After the historical event,Event experienced
-2.3,0,0,0,Additive genetic variance,5,0.7136607323821839,0.7266075543513835,0.5073485402100073,0.92308114179064,0.8765989937666194,0.7136607323821839,Before the historical event,Event not experienced
-2.3,0,0,0,Nuclear-family environmental variance,5,2.424452346854204,2.3033309312998216,1.4552514854448622,3.337264908800072,2.25,2.424452346854204,Before the historical event,Event not experienced
-2.3,0,0,0,Nonshared environmental variance,5,8.722054054783305,9.024886455411961,7.82828887030688,9.63888331900368,9.000000000000002,8.722054054783305,Before the historical event,Event not experienced
-2.3,0,0,0,Phenotypic variance,5,11.860167134019694,11.839349406985711,11.636739329982161,12.107786518897425,12.12659899376662,11.860167134019694,Before the historical event,Event not experienced
-2.3,0,1,0,Additive genetic variance,5,0.7136607323821839,0.7266075543513835,0.5073485402100073,0.92308114179064,0.8765989937666194,0.7136607323821839,Before the historical event,Event experienced
-2.3,0,1,0,Nuclear-family environmental variance,5,2.424452346854204,2.3033309312998216,1.4552514854448622,3.337264908800072,2.25,2.424452346854204,Before the historical event,Event experienced
-2.3,0,1,0,Nonshared environmental variance,5,8.722054054783305,9.024886455411961,7.82828887030688,9.63888331900368,9.000000000000002,8.722054054783305,Before the historical event,Event experienced
-2.3,0,1,0,Phenotypic variance,5,11.860167134019694,11.839349406985711,11.636739329982161,12.107786518897425,12.12659899376662,11.860167134019694,Before the historical event,Event experienced
-2.3,1,0,0,Additive genetic variance,5,0.7136607323821839,0.7266075543513835,0.5073485402100073,0.92308114179064,0.8765989937666194,0.7136607323821839,After the historical event,Event not experienced
-2.3,1,0,0,Nuclear-family environmental variance,5,2.424452346854204,2.3033309312998216,1.4552514854448622,3.337264908800072,2.25,2.424452346854204,After the historical event,Event not experienced
-2.3,1,0,0,Nonshared environmental variance,5,8.722054054783305,9.024886455411961,7.82828887030688,9.63888331900368,9.000000000000002,8.722054054783305,After the historical event,Event not experienced
-2.3,1,0,0,Phenotypic variance,5,11.860167134019694,11.839349406985711,11.636739329982161,12.107786518897425,12.12659899376662,11.860167134019694,After the historical event,Event not experienced
-2.3,1,1,1,Additive genetic variance,5,0.9885838221456691,1.056491280061449,0.8325669248517463,1.1145294631645775,1.3077320288285288,0.9885838221456691,After the historical event,Event experienced
-2.3,1,1,1,Nuclear-family environmental variance,5,2.606691669775964,2.527267019766544,1.5836003237035259,3.672488144118209,2.25,2.606691669775964,After the historical event,Event experienced
-2.3,1,1,1,Nonshared environmental variance,5,8.584652856610132,8.794805330317747,7.461061772316606,9.606875805165526,9.000000000000002,8.584652856610132,After the historical event,Event experienced
-2.3,1,1,1,Phenotypic variance,5,12.179928348531766,12.260528928245717,11.461135387583905,12.801028947954892,12.55773202882853,12.179928348531766,After the historical event,Event experienced
-2.2800000000000002,0,0,0,Additive genetic variance,5,0.7301390599584897,0.7427669617802098,0.5211489349702402,0.9433086574535242,0.8963846700553841,0.7301390599584897,Before the historical event,Event not experienced
-2.2800000000000002,0,0,0,Nuclear-family environmental variance,5,2.4199926381381225,2.30308099629781,1.4578205292889217,3.3233912388289406,2.25,2.4199926381381225,Before the historical event,Event not experienced
-2.2800000000000002,0,0,0,Nonshared environmental variance,5,8.728661852449337,9.033703787382372,7.840101778768084,9.636329908315775,9.000000000000002,8.728661852449337,Before the historical event,Event not experienced
-2.2800000000000002,0,0,0,Phenotypic variance,5,11.87879355054595,11.85159777995499,11.655842237805116,12.128033269331505,12.146384670055387,11.87879355054595,Before the historical event,Event not experienced
-2.2800000000000002,0,1,0,Additive genetic variance,5,0.7301390599584897,0.7427669617802098,0.5211489349702402,0.9433086574535242,0.8963846700553841,0.7301390599584897,Before the historical event,Event experienced
-2.2800000000000002,0,1,0,Nuclear-family environmental variance,5,2.4199926381381225,2.30308099629781,1.4578205292889217,3.3233912388289406,2.25,2.4199926381381225,Before the historical event,Event experienced
-2.2800000000000002,0,1,0,Nonshared environmental variance,5,8.728661852449337,9.033703787382372,7.840101778768084,9.636329908315775,9.000000000000002,8.728661852449337,Before the historical event,Event experienced
-2.2800000000000002,0,1,0,Phenotypic variance,5,11.87879355054595,11.85159777995499,11.655842237805116,12.128033269331505,12.146384670055387,11.87879355054595,Before the historical event,Event experienced
-2.2800000000000002,1,0,0,Additive genetic variance,5,0.7301390599584897,0.7427669617802098,0.5211489349702402,0.9433086574535242,0.8963846700553841,0.7301390599584897,After the historical event,Event not experienced
-2.2800000000000002,1,0,0,Nuclear-family environmental variance,5,2.4199926381381225,2.30308099629781,1.4578205292889217,3.3233912388289406,2.25,2.4199926381381225,After the historical event,Event not experienced
-2.2800000000000002,1,0,0,Nonshared environmental variance,5,8.728661852449337,9.033703787382372,7.840101778768084,9.636329908315775,9.000000000000002,8.728661852449337,After the historical event,Event not experienced
-2.2800000000000002,1,0,0,Phenotypic variance,5,11.87879355054595,11.85159777995499,11.655842237805116,12.128033269331505,12.146384670055387,11.87879355054595,After the historical event,Event not experienced
-2.2800000000000002,1,1,1,Additive genetic variance,5,1.0118547632517432,1.0859554229771047,0.8514100528997042,1.139749586540223,1.3372487893756433,1.0118547632517432,After the historical event,Event experienced
-2.2800000000000002,1,1,1,Nuclear-family environmental variance,5,2.6017796803219366,2.522143302683406,1.5867330998539722,3.6571005724998864,2.25,2.6017796803219366,After the historical event,Event experienced
-2.2800000000000002,1,1,1,Nonshared environmental variance,5,8.591026627104752,8.803397872572509,7.472746790030253,9.604352877645848,9.000000000000002,8.591026627104752,After the historical event,Event experienced
-2.2800000000000002,1,1,1,Phenotypic variance,5,12.204661070678432,12.274513225544183,11.494424102644857,12.8292592542629,12.587248789375645,12.204661070678432,After the historical event,Event experienced
-2.26,0,0,0,Additive genetic variance,5,0.7468851024862984,0.7591750061946593,0.5352296522715798,0.9638293758801113,0.9164702809734635,0.7468851024862984,Before the historical event,Event not experienced
-2.26,0,0,0,Nuclear-family environmental variance,5,2.41557157186094,2.3028289006338825,1.4603941776395317,3.3096244831393506,2.25,2.41557157186094,Before the historical event,Event not experienced
-2.26,0,0,0,Nonshared environmental variance,5,8.735238101059023,9.042461124631197,7.851875096173058,9.633785315199102,9.000000000000002,8.735238101059023,Before the historical event,Event not experienced
-2.26,0,0,0,Phenotypic variance,5,11.897694775406261,11.864167106195648,11.675226516526276,12.1485135189813,12.166470280973465,11.897694775406261,Before the historical event,Event not experienced
-2.26,0,1,0,Additive genetic variance,5,0.7468851024862984,0.7591750061946593,0.5352296522715798,0.9638293758801113,0.9164702809734635,0.7468851024862984,Before the historical event,Event experienced
-2.26,0,1,0,Nuclear-family environmental variance,5,2.41557157186094,2.3028289006338825,1.4603941776395317,3.3096244831393506,2.25,2.41557157186094,Before the historical event,Event experienced
-2.26,0,1,0,Nonshared environmental variance,5,8.735238101059023,9.042461124631197,7.851875096173058,9.633785315199102,9.000000000000002,8.735238101059023,Before the historical event,Event experienced
-2.26,0,1,0,Phenotypic variance,5,11.897694775406261,11.864167106195648,11.675226516526276,12.1485135189813,12.166470280973465,11.897694775406261,Before the historical event,Event experienced
-2.26,1,0,0,Additive genetic variance,5,0.7468851024862984,0.7591750061946593,0.5352296522715798,0.9638293758801113,0.9164702809734635,0.7468851024862984,After the historical event,Event not experienced
-2.26,1,0,0,Nuclear-family environmental variance,5,2.41557157186094,2.3028289006338825,1.4603941776395317,3.3096244831393506,2.25,2.41557157186094,After the historical event,Event not experienced
-2.26,1,0,0,Nonshared environmental variance,5,8.735238101059023,9.042461124631197,7.851875096173058,9.633785315199102,9.000000000000002,8.735238101059023,After the historical event,Event not experienced
-2.26,1,0,0,Phenotypic variance,5,11.897694775406261,11.864167106195648,11.675226516526276,12.1485135189813,12.166470280973465,11.897694775406261,After the historical event,Event not experienced
-2.26,1,1,1,Additive genetic variance,5,1.0355155354176326,1.1160329952411516,0.8705571115830951,1.1653618180778917,1.3672129998104472,1.0355155354176326,After the historical event,Event experienced
-2.26,1,1,1,Nuclear-family environmental variance,5,2.5969111805780543,2.517075169840978,1.5898660773020916,3.6418318515788815,2.25,2.5969111805780543,After the historical event,Event experienced
-2.26,1,1,1,Nonshared environmental variance,5,8.597369597087788,8.81193194961557,7.484395259377383,9.601838575474076,9.000000000000002,8.597369597087788,After the historical event,Event experienced
-2.26,1,1,1,Phenotypic variance,5,12.229796313083474,12.288892460890086,11.528294288813564,12.8578491471394,12.617212999810448,12.229796313083474,After the historical event,Event experienced
-2.24,0,0,0,Additive genetic variance,5,0.7638998441106447,0.7758323410569306,0.5495931478023282,0.9846432183914444,0.9368560483769987,0.7638998441106447,Before the historical event,Event not experienced
-2.24,0,0,0,Nuclear-family environmental variance,5,2.411188872490947,2.3025746450235194,1.4629723787467228,3.295963778293275,2.25,2.411188872490947,Before the historical event,Event not experienced
-2.24,0,0,0,Nonshared environmental variance,5,8.741782658117778,9.05115827604392,7.86360859075326,9.631249525050738,9.000000000000002,8.741782658117778,Before the historical event,Event not experienced
-2.24,0,0,0,Phenotypic variance,5,11.916871374719369,11.880287922690016,11.694571125822078,12.169227772905808,12.186856048377,11.916871374719369,Before the historical event,Event not experienced
-2.24,0,1,0,Additive genetic variance,5,0.7638998441106447,0.7758323410569306,0.5495931478023282,0.9846432183914444,0.9368560483769987,0.7638998441106447,Before the historical event,Event experienced
-2.24,0,1,0,Nuclear-family environmental variance,5,2.411188872490947,2.3025746450235194,1.4629723787467228,3.295963778293275,2.25,2.411188872490947,Before the historical event,Event experienced
-2.24,0,1,0,Nonshared environmental variance,5,8.741782658117778,9.05115827604392,7.86360859075326,9.631249525050738,9.000000000000002,8.741782658117778,Before the historical event,Event experienced
-2.24,0,1,0,Phenotypic variance,5,11.916871374719369,11.880287922690016,11.694571125822078,12.169227772905808,12.186856048377,11.916871374719369,Before the historical event,Event experienced
-2.24,1,0,0,Additive genetic variance,5,0.7638998441106447,0.7758323410569306,0.5495931478023282,0.9846432183914444,0.9368560483769987,0.7638998441106447,After the historical event,Event not experienced
-2.24,1,0,0,Nuclear-family environmental variance,5,2.411188872490947,2.3025746450235194,1.4629723787467228,3.295963778293275,2.25,2.411188872490947,After the historical event,Event not experienced
-2.24,1,0,0,Nonshared environmental variance,5,8.741782658117778,9.05115827604392,7.86360859075326,9.631249525050738,9.000000000000002,8.741782658117778,After the historical event,Event not experienced
-2.24,1,0,0,Phenotypic variance,5,11.916871374719369,11.880287922690016,11.694571125822078,12.169227772905808,12.186856048377,11.916871374719369,After the historical event,Event not experienced
-2.24,1,1,1,Additive genetic variance,5,1.0595678640252304,1.1467296067526163,0.8900094864389329,1.1913670330523736,1.3976249911034113,1.0595678640252304,After the historical event,Event experienced
-2.24,1,1,1,Nuclear-family environmental variance,5,2.5920858607874946,2.51206232771828,1.5929992245991165,3.6266810191208574,2.25,2.5920858607874946,After the historical event,Event experienced
-2.24,1,1,1,Nonshared environmental variance,5,8.603681629010596,8.820407375204699,7.496006952522294,9.599332884016002,9.000000000000002,8.603681629010596,After the historical event,Event experienced
-2.24,1,1,1,Phenotypic variance,5,12.255335353823321,12.30366681348569,11.562750706837498,12.886799423137901,12.647624991103413,12.255335353823321,After the historical event,Event experienced
-2.2199999999999998,0,0,0,Additive genetic variance,5,0.781184165578733,0.7927395239444924,0.5642417874731274,1.0057499662932594,0.9575420534111857,0.781184165578733,Before the historical event,Event not experienced
-2.2199999999999998,0,0,0,Nuclear-family environmental variance,5,2.4068442671203973,2.302318230188281,1.4655550810559426,3.2824082692939966,2.25,2.4068442671203973,Before the historical event,Event not experienced
-2.2199999999999998,0,0,0,Nonshared environmental variance,5,8.748295381651806,9.059795051692081,7.875302031267221,9.628722523352593,9.000000000000002,8.748295381651806,Before the historical event,Event not experienced
-2.2199999999999998,0,0,0,Phenotypic variance,5,11.936323814350935,11.89733948048551,11.714140057135362,12.190176425609952,12.207542053411188,11.936323814350935,Before the historical event,Event not experienced
-2.2199999999999998,0,1,0,Additive genetic variance,5,0.781184165578733,0.7927395239444924,0.5642417874731274,1.0057499662932594,0.9575420534111857,0.781184165578733,Before the historical event,Event experienced
-2.2199999999999998,0,1,0,Nuclear-family environmental variance,5,2.4068442671203973,2.302318230188281,1.4655550810559426,3.2824082692939966,2.25,2.4068442671203973,Before the historical event,Event experienced
-2.2199999999999998,0,1,0,Nonshared environmental variance,5,8.748295381651806,9.059795051692081,7.875302031267221,9.628722523352593,9.000000000000002,8.748295381651806,Before the historical event,Event experienced
-2.2199999999999998,0,1,0,Phenotypic variance,5,11.936323814350935,11.89733948048551,11.714140057135362,12.190176425609952,12.207542053411188,11.936323814350935,Before the historical event,Event experienced
-2.2199999999999998,1,0,0,Additive genetic variance,5,0.781184165578733,0.7927395239444924,0.5642417874731274,1.0057499662932594,0.9575420534111857,0.781184165578733,After the historical event,Event not experienced
-2.2199999999999998,1,0,0,Nuclear-family environmental variance,5,2.4068442671203973,2.302318230188281,1.4655550810559426,3.2824082692939966,2.25,2.4068442671203973,After the historical event,Event not experienced
-2.2199999999999998,1,0,0,Nonshared environmental variance,5,8.748295381651806,9.059795051692081,7.875302031267221,9.628722523352593,9.000000000000002,8.748295381651806,After the historical event,Event not experienced
-2.2199999999999998,1,0,0,Phenotypic variance,5,11.936323814350935,11.89733948048551,11.714140057135362,12.190176425609952,12.207542053411188,11.936323814350935,After the historical event,Event not experienced
-2.2199999999999998,1,1,1,Additive genetic variance,5,1.084013327459737,1.1780506709555987,0.9097684637623852,1.2177659437369808,1.4284848843089433,1.084013327459737,After the historical event,Event experienced
-2.2199999999999998,1,1,1,Nuclear-family environmental variance,5,2.5873034141895914,2.507104486356997,1.5961325102173753,3.6116471223091056,2.25,2.5873034141895914,After the historical event,Event experienced
-2.2199999999999998,1,1,1,Nonshared environmental variance,5,8.609962585833015,8.828823964253491,7.507581642084122,9.596835788723052,9.000000000000002,8.609962585833015,After the historical event,Event experienced
-2.2199999999999998,1,1,1,Phenotypic variance,5,12.281279327482345,12.318836375432387,11.597797931023623,12.916110716613197,12.678484884308945,12.281279327482345,After the historical event,Event experienced
-2.2,0,0,0,Additive genetic variance,5,0.798738841266284,0.8098970141175079,0.5791778432188268,1.027149257991432,0.9785282333279895,0.798738841266284,Before the historical event,Event not experienced
-2.2,0,0,0,Nuclear-family environmental variance,5,2.402537485440452,2.302059656855801,1.4681422332063772,3.2689571094985426,2.25,2.402537485440452,Before the historical event,Event not experienced
-2.2,0,0,0,Nonshared environmental variance,5,8.75477613021265,9.068371262840216,7.886955187008072,9.626204295671384,9.000000000000002,8.75477613021265,Before the historical event,Event not experienced
-2.2,0,0,0,Phenotypic variance,5,11.956052456919386,11.914655061744478,11.734001797519847,12.211359758276606,12.228528233327992,11.956052456919386,Before the historical event,Event not experienced
-2.2,0,1,0,Additive genetic variance,5,0.798738841266284,0.8098970141175079,0.5791778432188268,1.027149257991432,0.9785282333279895,0.798738841266284,Before the historical event,Event experienced
-2.2,0,1,0,Nuclear-family environmental variance,5,2.402537485440452,2.302059656855801,1.4681422332063772,3.2689571094985426,2.25,2.402537485440452,Before the historical event,Event experienced
-2.2,0,1,0,Nonshared environmental variance,5,8.75477613021265,9.068371262840216,7.886955187008072,9.626204295671384,9.000000000000002,8.75477613021265,Before the historical event,Event experienced
-2.2,0,1,0,Phenotypic variance,5,11.956052456919386,11.914655061744478,11.734001797519847,12.211359758276606,12.228528233327992,11.956052456919386,Before the historical event,Event experienced
-2.2,1,0,0,Additive genetic variance,5,0.798738841266284,0.8098970141175079,0.5791778432188268,1.027149257991432,0.9785282333279895,0.798738841266284,After the historical event,Event not experienced
-2.2,1,0,0,Nuclear-family environmental variance,5,2.402537485440452,2.302059656855801,1.4681422332063772,3.2689571094985426,2.25,2.402537485440452,After the historical event,Event not experienced
-2.2,1,0,0,Nonshared environmental variance,5,8.75477613021265,9.068371262840216,7.886955187008072,9.626204295671384,9.000000000000002,8.75477613021265,After the historical event,Event not experienced
-2.2,1,0,0,Phenotypic variance,5,11.956052456919386,11.914655061744478,11.734001797519847,12.211359758276606,12.228528233327992,11.956052456919386,After the historical event,Event not experienced
-2.2,1,1,1,Additive genetic variance,5,1.1088533525489017,1.2100013953404514,0.9298352276590667,1.2445590953265844,1.4597925858179746,1.1088533525489017,After the historical event,Event experienced
-2.2,1,1,1,Nuclear-family environmental variance,5,2.582563536991274,2.5022013593335792,1.5992659025507583,3.5967292176467573,2.25,2.582563536991274,After the historical event,Event experienced
-2.2,1,1,1,Nonshared environmental variance,5,8.616212331027745,8.837181532838114,7.519119101144195,9.594347275132252,9.000000000000002,8.616212331027745,After the historical event,Event experienced
-2.2,1,1,1,Phenotypic variance,5,12.30762922056792,12.334401148667345,11.633440340408187,12.945783495642791,12.709792585817976,12.30762922056792,After the historical event,Event experienced
-2.1799999999999997,0,0,0,Additive genetic variance,5,0.8165645362179937,0.8273051701055558,0.5944034887734585,1.0488405861577872,0.9998143783497215,0.8165645362179937,Before the historical event,Event not experienced
-2.1799999999999997,0,0,0,Nuclear-family environmental variance,5,2.398268259716421,2.301798925759782,1.4707337840293038,3.2556094605311223,2.25,2.398268259716421,Before the historical event,Event not experienced
-2.1799999999999997,0,0,0,Nonshared environmental variance,5,8.761224762881769,9.076886721952718,7.898567827811101,9.623694827658664,9.000000000000002,8.761224762881769,Before the historical event,Event not experienced
-2.1799999999999997,0,0,0,Phenotypic variance,5,11.976057558816184,11.932234979648603,11.75415802517441,12.232777936025586,12.249814378349724,11.976057558816184,Before the historical event,Event not experienced
-2.1799999999999997,0,1,0,Additive genetic variance,5,0.8165645362179937,0.8273051701055558,0.5944034887734585,1.0488405861577872,0.9998143783497215,0.8165645362179937,Before the historical event,Event experienced
-2.1799999999999997,0,1,0,Nuclear-family environmental variance,5,2.398268259716421,2.301798925759782,1.4707337840293038,3.2556094605311223,2.25,2.398268259716421,Before the historical event,Event experienced
-2.1799999999999997,0,1,0,Nonshared environmental variance,5,8.761224762881769,9.076886721952718,7.898567827811101,9.623694827658664,9.000000000000002,8.761224762881769,Before the historical event,Event experienced
-2.1799999999999997,0,1,0,Phenotypic variance,5,11.976057558816184,11.932234979648603,11.75415802517441,12.232777936025586,12.249814378349724,11.976057558816184,Before the historical event,Event experienced
-2.1799999999999997,1,0,0,Additive genetic variance,5,0.8165645362179937,0.8273051701055558,0.5944034887734585,1.0488405861577872,0.9998143783497215,0.8165645362179937,After the historical event,Event not experienced
-2.1799999999999997,1,0,0,Nuclear-family environmental variance,5,2.398268259716421,2.301798925759782,1.4707337840293038,3.2556094605311223,2.25,2.398268259716421,After the historical event,Event not experienced
-2.1799999999999997,1,0,0,Nonshared environmental variance,5,8.761224762881769,9.076886721952718,7.898567827811101,9.623694827658664,9.000000000000002,8.761224762881769,After the historical event,Event not experienced
-2.1799999999999997,1,0,0,Phenotypic variance,5,11.976057558816184,11.932234979648603,11.75415802517441,12.232777936025586,12.249814378349724,11.976057558816184,After the historical event,Event not experienced
-2.1799999999999997,1,1,1,Additive genetic variance,5,1.1340892100143454,1.2425867718793981,0.9502108571044279,1.2717468618994392,1.491547782678968,1.1340892100143454,After the historical event,Event experienced
-2.1799999999999997,1,1,1,Nuclear-family environmental variance,5,2.577865928338836,2.4973526637317094,1.602399369915185,3.581926370860115,2.25,2.577865928338836,After the historical event,Event experienced
-2.1799999999999997,1,1,1,Nonshared environmental variance,5,8.622430728584762,8.84547989820401,7.530619103253425,9.59186732886626,9.000000000000002,8.622430728584762,After the historical event,Event experienced
-2.1799999999999997,1,1,1,Phenotypic variance,5,12.334385866937945,12.350361041906805,11.669682109869825,12.97581805798724,12.74154778267897,12.334385866937945,After the historical event,Event experienced
-2.16,0,0,0,Additive genetic variance,5,0.8346618032052326,0.8449642473161796,0.6099207954222894,1.0708232949499907,1.0214001285825056,0.8346618032052326,Before the historical event,Event not experienced
-2.16,0,0,0,Nuclear-family environmental variance,5,2.394036324763294,2.3015360376399947,1.4733296825464741,3.242364492197564,2.25,2.394036324763294,Before the historical event,Event not experienced
-2.16,0,0,0,Nonshared environmental variance,5,8.767641139275094,9.085341242700665,7.9101397240613,9.62119410505074,9.000000000000002,8.767641139275094,Before the historical event,Event not experienced
-2.16,0,0,0,Phenotypic variance,5,11.99633926724362,11.950079444231353,11.774610318363937,12.25443100520274,12.271400128582506,11.99633926724362,Before the historical event,Event not experienced
-2.16,0,1,0,Additive genetic variance,5,0.8346618032052326,0.8449642473161796,0.6099207954222894,1.0708232949499907,1.0214001285825056,0.8346618032052326,Before the historical event,Event experienced
-2.16,0,1,0,Nuclear-family environmental variance,5,2.394036324763294,2.3015360376399947,1.4733296825464741,3.242364492197564,2.25,2.394036324763294,Before the historical event,Event experienced
-2.16,0,1,0,Nonshared environmental variance,5,8.767641139275094,9.085341242700665,7.9101397240613,9.62119410505074,9.000000000000002,8.767641139275094,Before the historical event,Event experienced
-2.16,0,1,0,Phenotypic variance,5,11.99633926724362,11.950079444231353,11.774610318363937,12.25443100520274,12.271400128582506,11.99633926724362,Before the historical event,Event experienced
-2.16,1,0,0,Additive genetic variance,5,0.8346618032052326,0.8449642473161796,0.6099207954222894,1.0708232949499907,1.0214001285825056,0.8346618032052326,After the historical event,Event not experienced
-2.16,1,0,0,Nuclear-family environmental variance,5,2.394036324763294,2.3015360376399947,1.4733296825464741,3.242364492197564,2.25,2.394036324763294,After the historical event,Event not experienced
-2.16,1,0,0,Nonshared environmental variance,5,8.767641139275094,9.085341242700665,7.9101397240613,9.62119410505074,9.000000000000002,8.767641139275094,After the historical event,Event not experienced
-2.16,1,0,0,Phenotypic variance,5,11.99633926724362,11.950079444231353,11.774610318363937,12.25443100520274,12.271400128582506,11.99633926724362,After the historical event,Event not experienced
-2.16,1,1,1,Additive genetic variance,5,1.1597220099396774,1.2740070636925251,0.9708963230128843,1.2995098927936695,1.523749937993351,1.1597220099396774,After the historical event,Event experienced
-2.16,1,1,1,Nuclear-family environmental variance,5,2.5732102902900467,2.492558120115147,1.6055328805490754,3.5672376568031083,2.25,2.5732102902900467,After the historical event,Event experienced
-2.16,1,1,1,Nonshared environmental variance,5,8.628617643015705,8.853718878772538,7.5420814224396615,9.589395935633302,9.000000000000002,8.628617643015705,After the historical event,Event experienced
-2.16,1,1,1,Phenotypic variance,5,12.36154994324543,12.36671586759864,11.706527201194302,13.006214527093832,12.773749937993353,12.36154994324543,After the historical event,Event experienced
-2.14,0,0,0,Additive genetic variance,5,0.8530310798042177,0.8628743956678737,0.625731727735097,1.0930965772893249,1.0432849709837502,0.8530310798042177,Before the historical event,Event not experienced
-2.14,0,0,0,Nuclear-family environmental variance,5,2.389841417921551,2.301270993242272,1.4759298779685324,3.2292213824007305,2.25,2.389841417921551,Before the historical event,Event not experienced
-2.14,0,0,0,Nonshared environmental variance,5,8.77402511954755,9.093734639968615,7.921670646700889,9.618702113668734,9.000000000000002,8.77402511954755,Before the historical event,Event not experienced
-2.14,0,0,0,Phenotypic variance,5,12.016897617273319,11.968188560011434,11.79536015114393,12.276318890702163,12.293284970983752,12.016897617273319,Before the historical event,Event not experienced
-2.14,0,1,0,Additive genetic variance,5,0.8530310798042177,0.8628743956678737,0.625731727735097,1.0930965772893249,1.0432849709837502,0.8530310798042177,Before the historical event,Event experienced
-2.14,0,1,0,Nuclear-family environmental variance,5,2.389841417921551,2.301270993242272,1.4759298779685324,3.2292213824007305,2.25,2.389841417921551,Before the historical event,Event experienced
-2.14,0,1,0,Nonshared environmental variance,5,8.77402511954755,9.093734639968615,7.921670646700889,9.618702113668734,9.000000000000002,8.77402511954755,Before the historical event,Event experienced
-2.14,0,1,0,Phenotypic variance,5,12.016897617273319,11.968188560011434,11.79536015114393,12.276318890702163,12.293284970983752,12.016897617273319,Before the historical event,Event experienced
-2.14,1,0,0,Additive genetic variance,5,0.8530310798042177,0.8628743956678737,0.625731727735097,1.0930965772893249,1.0432849709837502,0.8530310798042177,After the historical event,Event not experienced
-2.14,1,0,0,Nuclear-family environmental variance,5,2.389841417921551,2.301270993242272,1.4759298779685324,3.2292213824007305,2.25,2.389841417921551,After the historical event,Event not experienced
-2.14,1,0,0,Nonshared environmental variance,5,8.77402511954755,9.093734639968615,7.921670646700889,9.618702113668734,9.000000000000002,8.77402511954755,After the historical event,Event not experienced
-2.14,1,0,0,Phenotypic variance,5,12.016897617273319,11.968188560011434,11.79536015114393,12.276318890702163,12.293284970983752,12.016897617273319,After the historical event,Event not experienced
-2.14,1,1,1,Additive genetic variance,5,1.185752697260287,1.3004151326561568,0.9918924853194264,1.3282333749328636,1.5563982863915147,1.185752697260287,After the historical event,Event experienced
-2.14,1,1,1,Nuclear-family environmental variance,5,2.568596327786578,2.487817452500931,1.6086664026138235,3.5526621593628347,2.25,2.568596327786578,After the historical event,Event experienced
-2.14,1,1,1,Nonshared environmental variance,5,8.634772939358244,8.861898294147608,7.553505833215056,9.58693308122721,9.000000000000002,8.634772939358244,After the historical event,Event experienced
-2.14,1,1,1,Phenotypic variance,5,12.389121964405108,12.383465338886818,11.743979354099764,13.03697284814833,12.806398286391516,12.389121964405108,After the historical event,Event experienced
-2.12,0,0,0,Additive genetic variance,5,0.8716726854978991,0.8810356572501074,0.6418381392849162,1.1156594722001139,1.0654682363877173,0.8716726854978991,Before the historical event,Event not experienced
-2.12,0,0,0,Nuclear-family environmental variance,5,2.385683279033261,2.301003793318508,1.478534319693455,3.216179317056892,2.25,2.385683279033261,Before the historical event,Event not experienced
-2.12,0,0,0,Nonshared environmental variance,5,8.780376564397601,9.10206672986136,7.933160367236837,9.616218839418515,9.000000000000002,8.780376564397601,Before the historical event,Event not experienced
-2.12,0,0,0,Phenotypic variance,5,12.037732528928762,11.986562323653207,11.816408889070717,12.298441393324957,12.31546823638772,12.037732528928762,Before the historical event,Event not experienced
-2.12,0,1,0,Additive genetic variance,5,0.8716726854978991,0.8810356572501074,0.6418381392849162,1.1156594722001139,1.0654682363877173,0.8716726854978991,Before the historical event,Event experienced
-2.12,0,1,0,Nuclear-family environmental variance,5,2.385683279033261,2.301003793318508,1.478534319693455,3.216179317056892,2.25,2.385683279033261,Before the historical event,Event experienced
-2.12,0,1,0,Nonshared environmental variance,5,8.780376564397601,9.10206672986136,7.933160367236837,9.616218839418515,9.000000000000002,8.780376564397601,Before the historical event,Event experienced
-2.12,0,1,0,Phenotypic variance,5,12.037732528928762,11.986562323653207,11.816408889070717,12.298441393324957,12.31546823638772,12.037732528928762,Before the historical event,Event experienced
-2.12,1,0,0,Additive genetic variance,5,0.8716726854978991,0.8810356572501074,0.6418381392849162,1.1156594722001139,1.0654682363877173,0.8716726854978991,After the historical event,Event not experienced
-2.12,1,0,0,Nuclear-family environmental variance,5,2.385683279033261,2.301003793318508,1.478534319693455,3.216179317056892,2.25,2.385683279033261,After the historical event,Event not experienced
-2.12,1,0,0,Nonshared environmental variance,5,8.780376564397601,9.10206672986136,7.933160367236837,9.616218839418515,9.000000000000002,8.780376564397601,After the historical event,Event not experienced
-2.12,1,0,0,Phenotypic variance,5,12.037732528928762,11.986562323653207,11.816408889070717,12.298441393324957,12.31546823638772,12.037732528928762,After the historical event,Event not experienced
-2.12,1,1,1,Additive genetic variance,5,1.2121820472797162,1.327163607195703,1.0132000900764486,1.357382311182218,1.5894918295954839,1.2121820472797162,After the historical event,Event experienced
-2.12,1,1,1,Nuclear-family environmental variance,5,2.564023748626765,2.4831303883329485,1.6117999041942765,3.5381989713661772,2.25,2.564023748626765,After the historical event,Event experienced
-2.12,1,1,1,Nonshared environmental variance,5,8.640896483180434,8.870017965122244,7.564892110583412,9.58447875152738,9.000000000000002,8.640896483180434,After the historical event,Event experienced
-2.12,1,1,1,Phenotypic variance,5,12.417102279086915,12.400609066590501,11.782042077231448,13.068092784179516,12.839491829595485,12.417102279086915,After the historical event,Event experienced
-2.1,0,0,0,Additive genetic variance,5,0.8905868188048903,0.8994479640130449,0.6582417683566635,1.1385108622146178,1.0879490965933458,0.8905868188048903,Before the historical event,Event not experienced
-2.1,0,0,0,Nuclear-family environmental variance,5,2.3815616504184574,2.3007344386266513,1.4811429573050297,3.203237490013076,2.25,2.3815616504184574,Before the historical event,Event not experienced
-2.1,0,0,0,Nonshared environmental variance,5,8.786695335071746,9.110337329710628,7.944608657748377,9.613744268290711,9.000000000000002,8.786695335071746,Before the historical event,Event not experienced
-2.1,0,0,0,Phenotypic variance,5,12.058843804295094,12.005200621656817,11.837757784901724,12.320798187177642,12.337949096593348,12.058843804295094,Before the historical event,Event not experienced
-2.1,0,1,0,Additive genetic variance,5,0.8905868188048903,0.8994479640130449,0.6582417683566635,1.1385108622146178,1.0879490965933458,0.8905868188048903,Before the historical event,Event experienced
-2.1,0,1,0,Nuclear-family environmental variance,5,2.3815616504184574,2.3007344386266513,1.4811429573050297,3.203237490013076,2.25,2.3815616504184574,Before the historical event,Event experienced
-2.1,0,1,0,Nonshared environmental variance,5,8.786695335071746,9.110337329710628,7.944608657748377,9.613744268290711,9.000000000000002,8.786695335071746,Before the historical event,Event experienced
-2.1,0,1,0,Phenotypic variance,5,12.058843804295094,12.005200621656817,11.837757784901724,12.320798187177642,12.337949096593348,12.058843804295094,Before the historical event,Event experienced
-2.1,1,0,0,Additive genetic variance,5,0.8905868188048903,0.8994479640130449,0.6582417683566635,1.1385108622146178,1.0879490965933458,0.8905868188048903,After the historical event,Event not experienced
-2.1,1,0,0,Nuclear-family environmental variance,5,2.3815616504184574,2.3007344386266513,1.4811429573050297,3.203237490013076,2.25,2.3815616504184574,After the historical event,Event not experienced
-2.1,1,0,0,Nonshared environmental variance,5,8.786695335071746,9.110337329710628,7.944608657748377,9.613744268290711,9.000000000000002,8.786695335071746,After the historical event,Event not experienced
-2.1,1,0,0,Phenotypic variance,5,12.058843804295094,12.005200621656817,11.837757784901724,12.320798187177642,12.337949096593348,12.058843804295094,After the historical event,Event not experienced
-2.1,1,1,1,Additive genetic variance,5,1.239010661217665,1.3542510610617593,1.034819766568626,1.3869568976611342,1.6230293320744615,1.239010661217665,After the historical event,Event experienced
-2.1,1,1,1,Nuclear-family environmental variance,5,2.55949226343868,2.4784966584558563,1.6149333532992114,3.523847194487507,2.25,2.55949226343868,After the historical event,Event experienced
-2.1,1,1,1,Nonshared environmental variance,5,8.64698814058508,8.878077713685137,7.576240030047523,9.58203293249877,9.000000000000002,8.64698814058508,After the historical event,Event experienced
-2.1,1,1,1,Phenotypic variance,5,12.445491065241425,12.418146556200561,11.820718639135158,13.099573912221283,12.873029332074463,12.445491065241425,After the historical event,Event experienced
-2.08,0,0,0,Additive genetic variance,5,0.9097735544387897,0.9181111354896269,0.6749442336501577,1.161649470847193,1.110726561518482,0.9097735544387897,Before the historical event,Event not experienced
-2.08,0,0,0,Nuclear-family environmental variance,5,2.3774762768517843,2.3004629299307044,1.4837557405713575,3.190395102965349,2.25,2.3774762768517843,Before the historical event,Event not experienced
-2.08,0,0,0,Nonshared environmental variance,5,8.79298129336903,9.118546258081752,7.956015290894501,9.611278386360688,9.000000000000002,8.79298129336903,Before the historical event,Event not experienced
-2.08,0,0,0,Phenotypic variance,5,12.080231124659603,12.024103228080728,11.859407974290292,12.343388817113505,12.360726561518483,12.080231124659603,Before the historical event,Event not experienced
-2.08,0,1,0,Additive genetic variance,5,0.9097735544387897,0.9181111354896269,0.6749442336501577,1.161649470847193,1.110726561518482,0.9097735544387897,Before the historical event,Event experienced
-2.08,0,1,0,Nuclear-family environmental variance,5,2.3774762768517843,2.3004629299307044,1.4837557405713575,3.190395102965349,2.25,2.3774762768517843,Before the historical event,Event experienced
-2.08,0,1,0,Nonshared environmental variance,5,8.79298129336903,9.118546258081752,7.956015290894501,9.611278386360688,9.000000000000002,8.79298129336903,Before the historical event,Event experienced
-2.08,0,1,0,Phenotypic variance,5,12.080231124659603,12.024103228080728,11.859407974290292,12.343388817113505,12.360726561518483,12.080231124659603,Before the historical event,Event experienced
-2.08,1,0,0,Additive genetic variance,5,0.9097735544387897,0.9181111354896269,0.6749442336501577,1.161649470847193,1.110726561518482,0.9097735544387897,After the historical event,Event not experienced
-2.08,1,0,0,Nuclear-family environmental variance,5,2.3774762768517843,2.3004629299307044,1.4837557405713575,3.190395102965349,2.25,2.3774762768517843,After the historical event,Event not experienced
-2.08,1,0,0,Nonshared environmental variance,5,8.79298129336903,9.118546258081752,7.956015290894501,9.611278386360688,9.000000000000002,8.79298129336903,After the historical event,Event not experienced
-2.08,1,0,0,Phenotypic variance,5,12.080231124659603,12.024103228080728,11.859407974290292,12.343388817113505,12.360726561518483,12.080231124659603,After the historical event,Event not experienced
-2.08,1,1,1,Additive genetic variance,5,1.2662389617947327,1.3816758785844458,1.056752024448676,1.4169571324685952,1.6570093167994373,1.2662389617947327,After the historical event,Event experienced
-2.08,1,1,1,Nuclear-family environmental variance,5,2.555001585653528,2.473915997089363,1.618066717861822,3.509605939157434,2.25,2.555001585653528,After the historical event,Event experienced
-2.08,1,1,1,Nonshared environmental variance,5,8.653047778214052,8.886077363027125,7.587549367616525,9.579595610191893,9.000000000000002,8.653047778214052,After the historical event,Event experienced
-2.08,1,1,1,Phenotypic variance,5,12.474288325662313,12.436077204896296,11.860012059219184,13.131415619537027,12.907009316799439,12.474288325662313,After the historical event,Event experienced
-2.06,0,0,0,Additive genetic variance,5,0.9292328405013068,0.9370248765527136,0.6919470299821959,1.1850738601415338,1.1337994764246873,0.9292328405013068,Before the historical event,Event not experienced
-2.06,0,0,0,Nuclear-family environmental variance,5,2.3734269055394246,2.300189268000718,1.4863726194433877,3.17765136537804,2.25,2.3734269055394246,Before the historical event,Event not experienced
-2.06,0,0,0,Nonshared environmental variance,5,8.79923430164553,9.125142488925606,7.967380039921462,9.608976264374009,9.000000000000002,8.79923430164553,Before the historical event,Event not experienced
-2.06,0,0,0,Phenotypic variance,5,12.10189404768626,12.043269802299275,11.881360471479663,12.366212696220249,12.383799476424688,12.10189404768626,Before the historical event,Event not experienced
-2.06,0,1,0,Additive genetic variance,5,0.9292328405013068,0.9370248765527136,0.6919470299821959,1.1850738601415338,1.1337994764246873,0.9292328405013068,Before the historical event,Event experienced
-2.06,0,1,0,Nuclear-family environmental variance,5,2.3734269055394246,2.300189268000718,1.4863726194433877,3.17765136537804,2.25,2.3734269055394246,Before the historical event,Event experienced
-2.06,0,1,0,Nonshared environmental variance,5,8.79923430164553,9.125142488925606,7.967380039921462,9.608976264374009,9.000000000000002,8.79923430164553,Before the historical event,Event experienced
-2.06,0,1,0,Phenotypic variance,5,12.10189404768626,12.043269802299275,11.881360471479663,12.366212696220249,12.383799476424688,12.10189404768626,Before the historical event,Event experienced
-2.06,1,0,0,Additive genetic variance,5,0.9292328405013068,0.9370248765527136,0.6919470299821959,1.1850738601415338,1.1337994764246873,0.9292328405013068,After the historical event,Event not experienced
-2.06,1,0,0,Nuclear-family environmental variance,5,2.3734269055394246,2.300189268000718,1.4863726194433877,3.17765136537804,2.25,2.3734269055394246,After the historical event,Event not experienced
-2.06,1,0,0,Nonshared environmental variance,5,8.79923430164553,9.125142488925606,7.967380039921462,9.608976264374009,9.000000000000002,8.79923430164553,After the historical event,Event not experienced
-2.06,1,0,0,Phenotypic variance,5,12.10189404768626,12.043269802299275,11.881360471479663,12.366212696220249,12.383799476424688,12.10189404768626,After the historical event,Event not experienced
-2.06,1,1,1,Additive genetic variance,5,1.2938671888590934,1.4094362518255317,1.0789972508969075,1.451199590872017,1.6914300611030897,1.2938671888590934,After the historical event,Event experienced
-2.06,1,1,1,Nuclear-family environmental variance,5,2.5505514314793536,2.4693881418028556,1.6211999657402034,3.4954743244726014,2.25,2.5505514314793536,After the historical event,Event experienced
-2.06,1,1,1,Nonshared environmental variance,5,8.659075263252632,8.894016737547686,7.598819899813214,9.577166770742803,9.000000000000002,8.659075263252632,After the historical event,Event experienced
-2.06,1,1,1,Phenotypic variance,5,12.503493883591078,12.454400298585217,11.899925098714418,13.163617099911269,12.941430061103091,12.503493883591078,After the historical event,Event experienced
-2.04,0,0,0,Additive genetic variance,5,0.9489644957126291,0.956188775210001,0.709251523992453,1.208782428294806,1.157166519216807,0.9489644957126291,Before the historical event,Event not experienced
-2.04,0,0,0,Nuclear-family environmental variance,5,2.369413286096289,2.2999134536127896,1.488993544053481,3.1650054944038764,2.25,2.369413286096289,Before the historical event,Event not experienced
-2.04,0,0,0,Nonshared environmental variance,5,8.805454222818831,9.127860712548344,7.9787026786702455,9.60706440165011,9.000000000000002,8.805454222818831,Before the historical event,Event not experienced
-2.04,0,0,0,Phenotypic variance,5,12.123832004627749,12.062699886798013,11.903616165000999,12.389269103357144,12.407166519216808,12.123832004627749,Before the historical event,Event not experienced
-2.04,0,1,0,Additive genetic variance,5,0.9489644957126291,0.956188775210001,0.709251523992453,1.208782428294806,1.157166519216807,0.9489644957126291,Before the historical event,Event experienced
-2.04,0,1,0,Nuclear-family environmental variance,5,2.369413286096289,2.2999134536127896,1.488993544053481,3.1650054944038764,2.25,2.369413286096289,Before the historical event,Event experienced
-2.04,0,1,0,Nonshared environmental variance,5,8.805454222818831,9.127860712548344,7.9787026786702455,9.60706440165011,9.000000000000002,8.805454222818831,Before the historical event,Event experienced
-2.04,0,1,0,Phenotypic variance,5,12.123832004627749,12.062699886798013,11.903616165000999,12.389269103357144,12.407166519216808,12.123832004627749,Before the historical event,Event experienced
-2.04,1,0,0,Additive genetic variance,5,0.9489644957126291,0.956188775210001,0.709251523992453,1.208782428294806,1.157166519216807,0.9489644957126291,After the historical event,Event not experienced
-2.04,1,0,0,Nuclear-family environmental variance,5,2.369413286096289,2.2999134536127896,1.488993544053481,3.1650054944038764,2.25,2.369413286096289,After the historical event,Event not experienced
-2.04,1,0,0,Nonshared environmental variance,5,8.805454222818831,9.127860712548344,7.9787026786702455,9.60706440165011,9.000000000000002,8.805454222818831,After the historical event,Event not experienced
-2.04,1,0,0,Phenotypic variance,5,12.123832004627749,12.062699886798013,11.903616165000999,12.389269103357144,12.407166519216808,12.123832004627749,After the historical event,Event not experienced
-2.04,1,1,1,Additive genetic variance,5,1.3218953950603738,1.4375301778240848,1.1015557078074736,1.4876475216202791,1.7262895926512145,1.3218953950603738,After the historical event,Event experienced
-2.04,1,1,1,Nuclear-family environmental variance,5,2.5461415198750537,2.4649128334903803,1.6243330647178422,3.4814514781065102,2.25,2.5461415198750537,After the historical event,Event experienced
-2.04,1,1,1,Nonshared environmental variance,5,8.665070463433807,8.901895662861333,7.610051403681379,9.574746400373082,9.000000000000002,8.665070463433807,After the historical event,Event experienced
-2.04,1,1,1,Phenotypic variance,5,12.533107378369234,12.47311500896881,11.940460251642838,13.196177350013286,12.976289592651217,12.533107378369234,After the historical event,Event experienced
-2.02,0,0,0,Additive genetic variance,5,0.9689682066825184,0.9756023004394456,0.7268589498581031,1.2327734073624703,1.1808261978214865,0.9689682066825184,Before the historical event,Event not experienced
-2.02,0,0,0,Nuclear-family environmental variance,5,2.365435170523475,2.299635487549056,1.491618464714001,3.1524567148050524,2.25,2.365435170523475,Before the historical event,Event not experienced
-2.02,0,0,0,Nonshared environmental variance,5,8.81164092037248,9.130546000543342,7.9899829815840375,9.605158259589725,9.000000000000002,8.81164092037248,Before the historical event,Event not experienced
-2.02,0,0,0,Phenotypic variance,5,12.146044297578474,12.08239290500958,11.926175813380206,12.412557180745091,12.430826197821489,12.146044297578474,Before the historical event,Event not experienced
-2.02,0,1,0,Additive genetic variance,5,0.9689682066825184,0.9756023004394456,0.7268589498581031,1.2327734073624703,1.1808261978214865,0.9689682066825184,Before the historical event,Event experienced
-2.02,0,1,0,Nuclear-family environmental variance,5,2.365435170523475,2.299635487549056,1.491618464714001,3.1524567148050524,2.25,2.365435170523475,Before the historical event,Event experienced
-2.02,0,1,0,Nonshared environmental variance,5,8.81164092037248,9.130546000543342,7.9899829815840375,9.605158259589725,9.000000000000002,8.81164092037248,Before the historical event,Event experienced
-2.02,0,1,0,Phenotypic variance,5,12.146044297578474,12.08239290500958,11.926175813380206,12.412557180745091,12.430826197821489,12.146044297578474,Before the historical event,Event experienced
-2.02,1,0,0,Additive genetic variance,5,0.9689682066825184,0.9756023004394456,0.7268589498581031,1.2327734073624703,1.1808261978214865,0.9689682066825184,After the historical event,Event not experienced
-2.02,1,0,0,Nuclear-family environmental variance,5,2.365435170523475,2.299635487549056,1.491618464714001,3.1524567148050524,2.25,2.365435170523475,After the historical event,Event not experienced
-2.02,1,0,0,Nonshared environmental variance,5,8.81164092037248,9.130546000543342,7.9899829815840375,9.605158259589725,9.000000000000002,8.81164092037248,After the historical event,Event not experienced
-2.02,1,0,0,Phenotypic variance,5,12.146044297578474,12.08239290500958,11.926175813380206,12.412557180745091,12.430826197821489,12.146044297578474,After the historical event,Event not experienced
-2.02,1,1,1,Additive genetic variance,5,1.3503234415760796,1.465955455940146,1.1244275290043115,1.5247343134676026,1.7615856855319298,1.3503234415760796,After the historical event,Event experienced
-2.02,1,1,1,Nuclear-family environmental variance,5,2.5417715725247048,2.4604898163459623,1.627465982504108,3.4675365362213713,2.25,2.5417715725247048,After the historical event,Event experienced
-2.02,1,1,1,Nonshared environmental variance,5,8.671033247042564,8.909713965803997,7.621243656793101,9.572334485389822,9.000000000000002,8.671033247042564,After the historical event,Event experienced
-2.02,1,1,1,Phenotypic variance,5,12.56312826114335,12.492220390637158,11.981619735804717,13.229095165837673,13.011585685531932,12.56312826114335,After the historical event,Event experienced
-2,0,0,0,Additive genetic variance,5,0.9892435252256455,0.9952648000679455,0.7447704050221733,1.2570448610475877,1.2047768476488083,0.9892435252256455,Before the historical event,Event not experienced
-2,0,0,0,Nuclear-family environmental variance,5,2.36149231318599,2.2993553705976946,1.4942473319159366,3.1400042588751758,2.25,2.36149231318599,Before the historical event,Event not experienced
-2,0,0,0,Nonshared environmental variance,5,8.817794258360442,9.133198323369594,8.001220723715694,9.603257809917707,9.000000000000002,8.817794258360442,Before the historical event,Event not experienced
-2,0,0,0,Phenotypic variance,5,12.168530096772077,12.102348159192816,11.949040040858701,12.436075931612958,12.45477684764881,12.168530096772077,Before the historical event,Event not experienced
-2,0,1,0,Additive genetic variance,5,0.9892435252256455,0.9952648000679455,0.7447704050221733,1.2570448610475877,1.2047768476488083,0.9892435252256455,Before the historical event,Event experienced
-2,0,1,0,Nuclear-family environmental variance,5,2.36149231318599,2.2993553705976946,1.4942473319159366,3.1400042588751758,2.25,2.36149231318599,Before the historical event,Event experienced
-2,0,1,0,Nonshared environmental variance,5,8.817794258360442,9.133198323369594,8.001220723715694,9.603257809917707,9.000000000000002,8.817794258360442,Before the historical event,Event experienced
-2,0,1,0,Phenotypic variance,5,12.168530096772077,12.102348159192816,11.949040040858701,12.436075931612958,12.45477684764881,12.168530096772077,Before the historical event,Event experienced
-2,1,0,0,Additive genetic variance,5,0.9892435252256455,0.9952648000679455,0.7447704050221733,1.2570448610475877,1.2047768476488083,0.9892435252256455,After the historical event,Event not experienced
-2,1,0,0,Nuclear-family environmental variance,5,2.36149231318599,2.2993553705976946,1.4942473319159366,3.1400042588751758,2.25,2.36149231318599,After the historical event,Event not experienced
-2,1,0,0,Nonshared environmental variance,5,8.817794258360442,9.133198323369594,8.001220723715694,9.603257809917707,9.000000000000002,8.817794258360442,After the historical event,Event not experienced
-2,1,0,0,Phenotypic variance,5,12.168530096772077,12.102348159192816,11.949040040858701,12.436075931612958,12.45477684764881,12.168530096772077,After the historical event,Event not experienced
-2,1,1,1,Additive genetic variance,5,1.3791509938959712,1.4947096853009025,1.1476127174897508,1.5624621985586669,1.7973158564688863,1.3791509938959712,After the historical event,Event experienced
-2,1,1,1,Nuclear-family environmental variance,5,2.5374413138121836,2.4561188378392664,1.6305986867347508,3.4537286433809555,2.25,2.5374413138121836,After the historical event,Event experienced
-2,1,1,1,Nonshared environmental variance,5,8.676963482920197,8.917471474439383,7.63239643725608,9.569931012185624,9.000000000000002,8.676963482920197,After the historical event,Event experienced
-2,1,1,1,Phenotypic variance,5,12.59355579062835,12.511715378195433,12.02340548379519,13.26236913922679,13.047315856468888,12.59355579062835,After the historical event,Event experienced
-1.98,0,0,0,Additive genetic variance,5,1.009789865724713,1.0151754986960366,0.7629868459407427,1.2815946825783826,1.2290166291412354,1.009789865724713,Before the historical event,Event not experienced
-1.98,0,0,0,Nuclear-family environmental variance,5,2.3575844707907314,2.299073103552915,1.4968800963275495,3.1276473663621145,2.25,2.3575844707907314,Before the historical event,Event not experienced
-1.98,0,0,0,Nonshared environmental variance,5,8.823914101411528,9.135817651843011,8.012415680735174,9.601363024534512,9.000000000000002,8.823914101411528,Before the historical event,Event not experienced
-1.98,0,0,0,Phenotypic variance,5,12.191288437926973,12.122564828357895,11.972209333133092,12.459824217903407,12.479016629141238,12.191288437926973,Before the historical event,Event not experienced
-1.98,0,1,0,Additive genetic variance,5,1.009789865724713,1.0151754986960366,0.7629868459407427,1.2815946825783826,1.2290166291412354,1.009789865724713,Before the historical event,Event experienced
-1.98,0,1,0,Nuclear-family environmental variance,5,2.3575844707907314,2.299073103552915,1.4968800963275495,3.1276473663621145,2.25,2.3575844707907314,Before the historical event,Event experienced
-1.98,0,1,0,Nonshared environmental variance,5,8.823914101411528,9.135817651843011,8.012415680735174,9.601363024534512,9.000000000000002,8.823914101411528,Before the historical event,Event experienced
-1.98,0,1,0,Phenotypic variance,5,12.191288437926973,12.122564828357895,11.972209333133092,12.459824217903407,12.479016629141238,12.191288437926973,Before the historical event,Event experienced
-1.98,1,0,0,Additive genetic variance,5,1.009789865724713,1.0151754986960366,0.7629868459407427,1.2815946825783826,1.2290166291412354,1.009789865724713,After the historical event,Event not experienced
-1.98,1,0,0,Nuclear-family environmental variance,5,2.3575844707907314,2.299073103552915,1.4968800963275495,3.1276473663621145,2.25,2.3575844707907314,After the historical event,Event not experienced
-1.98,1,0,0,Nonshared environmental variance,5,8.823914101411528,9.135817651843011,8.012415680735174,9.601363024534512,9.000000000000002,8.823914101411528,After the historical event,Event not experienced
-1.98,1,0,0,Phenotypic variance,5,12.191288437926973,12.122564828357895,11.972209333133092,12.459824217903407,12.479016629141238,12.191288437926973,After the historical event,Event not experienced
-1.98,1,1,1,Additive genetic variance,5,1.4083775176698565,1.5237902623538213,1.1711111427288292,1.6008331067834716,1.8334773611647168,1.4083775176698565,After the historical event,Event experienced
-1.98,1,1,1,Nuclear-family environmental variance,5,2.5331504707960915,2.4517996486916034,1.6337311449723977,3.4400269524644376,2.25,2.5331504707960915,After the historical event,Event experienced
-1.98,1,1,1,Nonshared environmental variance,5,8.682861040468545,8.925168018065245,7.643509523720913,9.567535967238568,9.000000000000002,8.682861040468545,After the historical event,Event experienced
-1.98,1,1,1,Phenotypic variance,5,12.624389028934493,12.531598783425249,12.06581913406098,13.295997654479923,13.083477361164718,12.624389028934493,After the historical event,Event experienced
-1.96,0,0,0,Additive genetic variance,5,1.030606502544934,1.0353334956713736,0.7815090838542181,1.3064205926778094,1.2535435254140135,1.030606502544934,Before the historical event,Event not experienced
-1.96,0,0,0,Nuclear-family environmental variance,5,2.3537114023647265,2.2987886872149588,1.4995167087930523,3.115385284391734,2.25,2.3537114023647265,Before the historical event,Event not experienced
-1.96,0,0,0,Nonshared environmental variance,5,8.830000314733821,9.138403957136953,8.023567628936988,9.599473875516777,9.000000000000002,8.830000314733821,Before the historical event,Event not experienced
-1.96,0,0,0,Phenotypic variance,5,12.21431821964348,12.143041966240265,11.995684033119153,12.483800758041728,12.503543525414015,12.21431821964348,Before the historical event,Event not experienced
-1.96,0,1,0,Additive genetic variance,5,1.030606502544934,1.0353334956713736,0.7815090838542181,1.3064205926778094,1.2535435254140135,1.030606502544934,Before the historical event,Event experienced
-1.96,0,1,0,Nuclear-family environmental variance,5,2.3537114023647265,2.2987886872149588,1.4995167087930523,3.115385284391734,2.25,2.3537114023647265,Before the historical event,Event experienced
-1.96,0,1,0,Nonshared environmental variance,5,8.830000314733821,9.138403957136953,8.023567628936988,9.599473875516777,9.000000000000002,8.830000314733821,Before the historical event,Event experienced
-1.96,0,1,0,Phenotypic variance,5,12.21431821964348,12.143041966240265,11.995684033119153,12.483800758041728,12.503543525414015,12.21431821964348,Before the historical event,Event experienced
-1.96,1,0,0,Additive genetic variance,5,1.030606502544934,1.0353334956713736,0.7815090838542181,1.3064205926778094,1.2535435254140135,1.030606502544934,After the historical event,Event not experienced
-1.96,1,0,0,Nuclear-family environmental variance,5,2.3537114023647265,2.2987886872149588,1.4995167087930523,3.115385284391734,2.25,2.3537114023647265,After the historical event,Event not experienced
-1.96,1,0,0,Nonshared environmental variance,5,8.830000314733821,9.138403957136953,8.023567628936988,9.599473875516777,9.000000000000002,8.830000314733821,After the historical event,Event not experienced
-1.96,1,0,0,Phenotypic variance,5,12.21431821964348,12.143041966240265,11.995684033119153,12.483800758041728,12.503543525414015,12.21431821964348,After the historical event,Event not experienced
-1.96,1,1,1,Additive genetic variance,5,1.4380022746243248,1.553194378531164,1.1949225379723694,1.6398486567786463,1.870067190780933,1.4380022746243248,After the historical event,Event experienced
-1.96,1,1,1,Nuclear-family environmental variance,5,2.528898773184976,2.4475320028522574,1.636863324707056,3.4264306245812346,2.25,2.528898773184976,After the historical event,Event experienced
-1.96,1,1,1,Nonshared environmental variance,5,8.688725789654283,8.932803427219671,7.654582695388401,9.565149337112226,9.000000000000002,8.688725789654283,After the historical event,Event experienced
-1.96,1,1,1,Phenotypic variance,5,12.655626837463583,12.551869292483866,12.108862022008424,13.329978885054174,13.120067190780935,12.655626837463583,After the historical event,Event experienced
-1.94,0,0,0,Additive genetic variance,5,1.0516925675034587,1.0557377631137683,0.8003377805880058,1.331520137628851,1.2783553399911793,1.0516925675034587,Before the historical event,Event not experienced
-1.94,0,0,0,Nuclear-family environmental variance,5,2.3498728692336286,2.2985021223900937,1.5021571203313133,3.1032172673924836,2.25,2.3498728692336286,Before the historical event,Event not experienced
-1.94,0,0,0,Nonshared environmental variance,5,8.836052764119069,9.140957210782776,8.0346763452476,9.597590335117902,9.000000000000002,8.836052764119069,Before the historical event,Event not experienced
-1.94,0,0,0,Phenotypic variance,5,12.237618200856156,12.163778499326128,12.01946433674527,12.508004124770935,12.528355339991181,12.237618200856156,Before the historical event,Event not experienced
-1.94,0,1,0,Additive genetic variance,5,1.0516925675034587,1.0557377631137683,0.8003377805880058,1.331520137628851,1.2783553399911793,1.0516925675034587,Before the historical event,Event experienced
-1.94,0,1,0,Nuclear-family environmental variance,5,2.3498728692336286,2.2985021223900937,1.5021571203313133,3.1032172673924836,2.25,2.3498728692336286,Before the historical event,Event experienced
-1.94,0,1,0,Nonshared environmental variance,5,8.836052764119069,9.140957210782776,8.0346763452476,9.597590335117902,9.000000000000002,8.836052764119069,Before the historical event,Event experienced
-1.94,0,1,0,Phenotypic variance,5,12.237618200856156,12.163778499326128,12.01946433674527,12.508004124770935,12.528355339991181,12.237618200856156,Before the historical event,Event experienced
-1.94,1,0,0,Additive genetic variance,5,1.0516925675034587,1.0557377631137683,0.8003377805880058,1.331520137628851,1.2783553399911793,1.0516925675034587,After the historical event,Event not experienced
-1.94,1,0,0,Nuclear-family environmental variance,5,2.3498728692336286,2.2985021223900937,1.5021571203313133,3.1032172673924836,2.25,2.3498728692336286,After the historical event,Event not experienced
-1.94,1,0,0,Nonshared environmental variance,5,8.836052764119069,9.140957210782776,8.0346763452476,9.597590335117902,9.000000000000002,8.836052764119069,After the historical event,Event not experienced
-1.94,1,0,0,Phenotypic variance,5,12.237618200856156,12.163778499326128,12.01946433674527,12.508004124770935,12.528355339991181,12.237618200856156,After the historical event,Event not experienced
-1.94,1,1,1,Additive genetic variance,5,1.4680243185539832,1.5829190180302783,1.219046497621896,1.6795101469947558,1.9070820685604446,1.4680243185539832,After the historical event,Event experienced
-1.94,1,1,1,Nuclear-family environmental variance,5,2.52468595331284,2.443315657475158,1.6399951933566168,3.412938828986801,2.25,2.52468595331284,After the historical event,Event experienced
-1.94,1,1,1,Nonshared environmental variance,5,8.694557601013132,8.940377533687268,7.665615732016799,9.562771108455621,9.000000000000002,8.694557601013132,After the historical event,Event experienced
-1.94,1,1,1,Phenotypic variance,5,12.687267872879955,12.572525463144345,12.152535171173984,13.364310790362,13.157082068560445,12.687267872879955,After the historical event,Event experienced
-1.92,0,0,0,Additive genetic variance,5,1.0730470473973632,1.0763871439945643,0.8194734443880013,1.356890687439242,1.3034496946412923,1.0730470473973632,Before the historical event,Event not experienced
-1.92,0,0,0,Nuclear-family environmental variance,5,2.3460686350004596,2.2982134098906095,1.5048012821345915,3.091142577020855,2.25,2.3460686350004596,Before the historical event,Event not experienced
-1.92,0,0,0,Nonshared environmental variance,5,8.842071315947086,9.14347738467034,8.045741607232856,9.595712375768578,9.000000000000002,8.842071315947086,Before the historical event,Event not experienced
-1.92,0,0,0,Phenotypic variance,5,12.261186998344908,12.18477322493225,12.043550288780876,12.53243274305649,12.553449694641294,12.261186998344908,Before the historical event,Event not experienced
-1.92,0,1,0,Additive genetic variance,5,1.0730470473973632,1.0763871439945643,0.8194734443880013,1.356890687439242,1.3034496946412923,1.0730470473973632,Before the historical event,Event experienced
-1.92,0,1,0,Nuclear-family environmental variance,5,2.3460686350004596,2.2982134098906095,1.5048012821345915,3.091142577020855,2.25,2.3460686350004596,Before the historical event,Event experienced
-1.92,0,1,0,Nonshared environmental variance,5,8.842071315947086,9.14347738467034,8.045741607232856,9.595712375768578,9.000000000000002,8.842071315947086,Before the historical event,Event experienced
-1.92,0,1,0,Phenotypic variance,5,12.261186998344908,12.18477322493225,12.043550288780876,12.53243274305649,12.553449694641294,12.261186998344908,Before the historical event,Event experienced
-1.92,1,0,0,Additive genetic variance,5,1.0730470473973632,1.0763871439945643,0.8194734443880013,1.356890687439242,1.3034496946412923,1.0730470473973632,After the historical event,Event not experienced
-1.92,1,0,0,Nuclear-family environmental variance,5,2.3460686350004596,2.2982134098906095,1.5048012821345915,3.091142577020855,2.25,2.3460686350004596,After the historical event,Event not experienced
-1.92,1,0,0,Nonshared environmental variance,5,8.842071315947086,9.14347738467034,8.045741607232856,9.595712375768578,9.000000000000002,8.842071315947086,After the historical event,Event not experienced
-1.92,1,0,0,Phenotypic variance,5,12.261186998344908,12.18477322493225,12.043550288780876,12.53243274305649,12.553449694641294,12.261186998344908,After the historical event,Event not experienced
-1.92,1,1,1,Additive genetic variance,5,1.498442491392809,1.6129609557140148,1.2434824746394975,1.7198185468412523,1.9445184465988523,1.498442491392809,After the historical event,Event experienced
-1.92,1,1,1,Nuclear-family environmental variance,5,2.5205117461149467,2.439150372895872,1.6431267182673635,3.3995507429993945,2.25,2.5205117461149467,After the historical event,Event experienced
-1.92,1,1,1,Nonshared environmental variance,5,8.700356345654113,8.947890170505367,7.676608413929116,9.560401268003226,9.000000000000002,8.700356345654113,After the historical event,Event experienced
-1.92,1,1,1,Phenotypic variance,5,12.719310583161867,12.593565722079724,12.196839284468837,13.398991112670267,13.194518446598854,12.719310583161867,After the historical event,Event experienced
-1.9,0,0,0,Additive genetic variance,5,1.09466878159382,1.0972803502731217,0.8389164257964057,1.3825294341092635,1.3288240273169778,1.09466878159382,Before the historical event,Event not experienced
-1.9,0,0,0,Nuclear-family environmental variance,5,2.342298465524605,2.297922550534817,1.5074491455672938,3.0791604820876852,2.25,2.342298465524605,Before the historical event,Event not experienced
-1.9,0,0,0,Nonshared environmental variance,5,8.848055837190127,9.145964451048524,8.056763193105374,9.593839970077388,9.000000000000002,8.848055837190127,Before the historical event,Event not experienced
-1.9,0,0,0,Phenotypic variance,5,12.285023084308554,12.206024809342933,12.067941778705357,12.557084888064002,12.57882402731698,12.285023084308554,Before the historical event,Event not experienced
-1.9,0,1,0,Additive genetic variance,5,1.09466878159382,1.0972803502731217,0.8389164257964057,1.3825294341092635,1.3288240273169778,1.09466878159382,Before the historical event,Event experienced
-1.9,0,1,0,Nuclear-family environmental variance,5,2.342298465524605,2.297922550534817,1.5074491455672938,3.0791604820876852,2.25,2.342298465524605,Before the historical event,Event experienced
-1.9,0,1,0,Nonshared environmental variance,5,8.848055837190127,9.145964451048524,8.056763193105374,9.593839970077388,9.000000000000002,8.848055837190127,Before the historical event,Event experienced
-1.9,0,1,0,Phenotypic variance,5,12.285023084308554,12.206024809342933,12.067941778705357,12.557084888064002,12.57882402731698,12.285023084308554,Before the historical event,Event experienced
-1.9,1,0,0,Additive genetic variance,5,1.09466878159382,1.0972803502731217,0.8389164257964057,1.3825294341092635,1.3288240273169778,1.09466878159382,After the historical event,Event not experienced
-1.9,1,0,0,Nuclear-family environmental variance,5,2.342298465524605,2.297922550534817,1.5074491455672938,3.0791604820876852,2.25,2.342298465524605,After the historical event,Event not experienced
-1.9,1,0,0,Nonshared environmental variance,5,8.848055837190127,9.145964451048524,8.056763193105374,9.593839970077388,9.000000000000002,8.848055837190127,After the historical event,Event not experienced
-1.9,1,0,0,Phenotypic variance,5,12.285023084308554,12.206024809342933,12.067941778705357,12.557084888064002,12.57882402731698,12.285023084308554,After the historical event,Event not experienced
-1.9,1,1,1,Additive genetic variance,5,1.5292554193712604,1.643316755135566,1.2679465312628302,1.760774487920942,1.9823725027706056,1.5292554193712604,After the historical event,Event experienced
-1.9,1,1,1,Nuclear-family environmental variance,5,2.5163758891039008,2.4350359126089236,1.6462578667144814,3.386265551917781,2.25,2.5163758891039008,After the historical event,Event experienced
-1.9,1,1,1,Nonshared environmental variance,5,8.706121895263745,8.955341171970126,7.687560522020355,9.55803980257494,9.000000000000002,8.706121895263745,After the historical event,Event experienced
-1.9,1,1,1,Phenotypic variance,5,12.751753203738906,12.614988362194257,12.241774735509143,13.434017374105817,13.232372502770607,12.751753203738906,After the historical event,Event experienced
-1.88,0,0,0,Additive genetic variance,5,1.1165564596860849,1.1184159610931852,0.8586669135734586,1.4084333900062322,1.3544755902023313,1.1165564596860849,Before the historical event,Event not experienced
-1.88,0,0,0,Nuclear-family environmental variance,5,2.338562128901055,2.297629545147041,1.5101006621647663,3.067270258485298,2.25,2.338562128901055,Before the historical event,Event not experienced
-1.88,0,0,0,Nonshared environmental variance,5,8.854006195417249,9.148418382525744,8.067740881731913,9.591973090831349,9.000000000000002,8.854006195417249,Before the historical event,Event not experienced
-1.88,0,0,0,Phenotypic variance,5,12.30912478400439,12.227531786006825,12.092638536622953,12.581958683213271,12.604475590202334,12.30912478400439,Before the historical event,Event not experienced
-1.88,0,1,0,Additive genetic variance,5,1.1165564596860849,1.1184159610931852,0.8586669135734586,1.4084333900062322,1.3544755902023313,1.1165564596860849,Before the historical event,Event experienced
-1.88,0,1,0,Nuclear-family environmental variance,5,2.338562128901055,2.297629545147041,1.5101006621647663,3.067270258485298,2.25,2.338562128901055,Before the historical event,Event experienced
-1.88,0,1,0,Nonshared environmental variance,5,8.854006195417249,9.148418382525744,8.067740881731913,9.591973090831349,9.000000000000002,8.854006195417249,Before the historical event,Event experienced
-1.88,0,1,0,Phenotypic variance,5,12.30912478400439,12.227531786006825,12.092638536622953,12.581958683213271,12.604475590202334,12.30912478400439,Before the historical event,Event experienced
-1.88,1,0,0,Additive genetic variance,5,1.1165564596860849,1.1184159610931852,0.8586669135734586,1.4084333900062322,1.3544755902023313,1.1165564596860849,After the historical event,Event not experienced
-1.88,1,0,0,Nuclear-family environmental variance,5,2.338562128901055,2.297629545147041,1.5101006621647663,3.067270258485298,2.25,2.338562128901055,After the historical event,Event not experienced
-1.88,1,0,0,Nonshared environmental variance,5,8.854006195417249,9.148418382525744,8.067740881731913,9.591973090831349,9.000000000000002,8.854006195417249,After the historical event,Event not experienced
-1.88,1,0,0,Phenotypic variance,5,12.30912478400439,12.227531786006825,12.092638536622953,12.581958683213271,12.604475590202334,12.30912478400439,After the historical event,Event not experienced
-1.88,1,1,1,Additive genetic variance,5,1.5604615092648189,1.6739827666919804,1.2924394141313065,1.8023782553659704,2.020640137816074,1.5604615092648189,After the historical event,Event experienced
-1.88,1,1,1,Nuclear-family environmental variance,5,2.5122781223460238,2.430972043245437,1.6493886059025733,3.373082448939881,2.25,2.5122781223460238,After the historical event,Event experienced
-1.88,1,1,1,Nonshared environmental variance,5,8.711854122110259,8.96273037364265,7.698471837764761,9.555686699076096,9.000000000000002,8.711854122110259,After the historical event,Event experienced
-1.88,1,1,1,Phenotypic variance,5,12.7845937537211,12.636791540004925,12.287341560043835,13.46938687377243,13.270640137816075,12.7845937537211,After the historical event,Event experienced
-1.8599999999999999,0,0,0,Additive genetic variance,5,1.1387086192189388,1.1397924210419006,0.8787249306707559,1.4345993863492361,1.380401447872198,1.1387086192189388,Before the historical event,Event not experienced
-1.8599999999999999,0,0,0,Nuclear-family environmental variance,5,2.334859395439887,2.297334394557618,1.512755783632106,3.055471189115474,2.25,2.334859395439887,Before the historical event,Event not experienced
-1.8599999999999999,0,0,0,Nonshared environmental variance,5,8.85992225879865,9.15083915207045,8.07867445264077,9.590111710996462,9.000000000000002,8.85992225879865,Before the historical event,Event not experienced
-1.8599999999999999,0,0,0,Phenotypic variance,5,12.333490273457475,12.2492925537964,12.117640129229443,12.60705209831192,12.630401447872199,12.333490273457475,Before the historical event,Event not experienced
-1.8599999999999999,0,1,0,Additive genetic variance,5,1.1387086192189388,1.1397924210419006,0.8787249306707559,1.4345993863492361,1.380401447872198,1.1387086192189388,Before the historical event,Event experienced
-1.8599999999999999,0,1,0,Nuclear-family environmental variance,5,2.334859395439887,2.297334394557618,1.512755783632106,3.055471189115474,2.25,2.334859395439887,Before the historical event,Event experienced
-1.8599999999999999,0,1,0,Nonshared environmental variance,5,8.85992225879865,9.15083915207045,8.07867445264077,9.590111710996462,9.000000000000002,8.85992225879865,Before the historical event,Event experienced
-1.8599999999999999,0,1,0,Phenotypic variance,5,12.333490273457475,12.2492925537964,12.117640129229443,12.60705209831192,12.630401447872199,12.333490273457475,Before the historical event,Event experienced
-1.8599999999999999,1,0,0,Additive genetic variance,5,1.1387086192189388,1.1397924210419006,0.8787249306707559,1.4345993863492361,1.380401447872198,1.1387086192189388,After the historical event,Event not experienced
-1.8599999999999999,1,0,0,Nuclear-family environmental variance,5,2.334859395439887,2.297334394557618,1.512755783632106,3.055471189115474,2.25,2.334859395439887,After the historical event,Event not experienced
-1.8599999999999999,1,0,0,Nonshared environmental variance,5,8.85992225879865,9.15083915207045,8.07867445264077,9.590111710996462,9.000000000000002,8.85992225879865,After the historical event,Event not experienced
-1.8599999999999999,1,0,0,Phenotypic variance,5,12.333490273457475,12.2492925537964,12.117640129229443,12.60705209831192,12.630401447872199,12.333490273457475,After the historical event,Event not experienced
-1.8599999999999999,1,1,1,Additive genetic variance,5,1.5920589447396567,1.7049551259105293,1.317214065695847,1.8446297792875335,2.0593169725955134,1.5920589447396567,After the historical event,Event experienced
-1.8599999999999999,1,1,1,Nuclear-family environmental variance,5,2.5082181884380006,2.426958534551097,1.6525189029661738,3.360000635082342,2.25,2.5082181884380006,After the historical event,Event experienced
-1.8599999999999999,1,1,1,Nonshared environmental variance,5,8.717552899047767,8.970057612355,7.709342143223061,9.553341944497431,9.000000000000002,8.717552899047767,After the historical event,Event experienced
-1.8599999999999999,1,1,1,Phenotypic variance,5,12.817830032225425,12.658973273076281,12.333539447492003,13.505096684983997,13.309316972595514,12.817830032225425,After the historical event,Event experienced
-1.84,0,0,0,Additive genetic variance,5,1.1611236434872205,1.1614080384742325,0.8990903302618928,1.4610240718076315,1.406598475567285,1.1611236434872205,Before the historical event,Event not experienced
-1.84,0,0,0,Nuclear-family environmental variance,5,2.3311900376459893,2.2970370996028913,1.5154144618430039,3.04376256381824,2.25,2.3311900376459893,Before the historical event,Event not experienced
-1.84,0,0,0,Nonshared environmental variance,5,8.865803896110005,9.153226733011621,8.089563686029107,9.588255803718257,9.000000000000002,8.865803896110005,Before the historical event,Event not experienced
-1.84,0,0,0,Phenotypic variance,5,12.358117577243215,12.271305375332837,12.142945955836257,12.632362947771941,12.656598475567286,12.358117577243215,Before the historical event,Event not experienced
-1.84,0,1,0,Additive genetic variance,5,1.1611236434872205,1.1614080384742325,0.8990903302618928,1.4610240718076315,1.406598475567285,1.1611236434872205,Before the historical event,Event experienced
-1.84,0,1,0,Nuclear-family environmental variance,5,2.3311900376459893,2.2970370996028913,1.5154144618430039,3.04376256381824,2.25,2.3311900376459893,Before the historical event,Event experienced
-1.84,0,1,0,Nonshared environmental variance,5,8.865803896110005,9.153226733011621,8.089563686029107,9.588255803718257,9.000000000000002,8.865803896110005,Before the historical event,Event experienced
-1.84,0,1,0,Phenotypic variance,5,12.358117577243215,12.271305375332837,12.142945955836257,12.632362947771941,12.656598475567286,12.358117577243215,Before the historical event,Event experienced
-1.84,1,0,0,Additive genetic variance,5,1.1611236434872205,1.1614080384742325,0.8990903302618928,1.4610240718076315,1.406598475567285,1.1611236434872205,After the historical event,Event not experienced
-1.84,1,0,0,Nuclear-family environmental variance,5,2.3311900376459893,2.2970370996028913,1.5154144618430039,3.04376256381824,2.25,2.3311900376459893,After the historical event,Event not experienced
-1.84,1,0,0,Nonshared environmental variance,5,8.865803896110005,9.153226733011621,8.089563686029107,9.588255803718257,9.000000000000002,8.865803896110005,After the historical event,Event not experienced
-1.84,1,0,0,Phenotypic variance,5,12.358117577243215,12.271305375332837,12.142945955836257,12.632362947771941,12.656598475567286,12.358117577243215,After the historical event,Event not experienced
-1.84,1,1,1,Additive genetic variance,5,1.624045682801138,1.736229751872055,1.3422686220341482,1.8875286263516353,2.098398345515837,1.624045682801138,After the historical event,Event experienced
-1.84,1,1,1,Nuclear-family environmental variance,5,2.5041958324838056,2.4229951593644268,1.6556487249702705,3.3470193191010225,2.25,2.5041958324838056,After the historical event,Event experienced
-1.84,1,1,1,Nonshared environmental variance,5,8.723218099520446,8.977322726216224,7.720171221049701,9.551005525915045,9.000000000000002,8.723218099520446,After the historical event,Event experienced
-1.84,1,1,1,Phenotypic variance,5,12.85145961480539,12.681531437511769,12.380367732601979,13.54114365261884,13.34839834551584,12.85145961480539,After the historical event,Event experienced
-1.82,0,0,0,Additive genetic variance,5,1.1837997594110856,1.1832609839055248,0.9197627918362307,1.4877039112167532,1.4330633575890164,1.1837997594110856,Before the historical event,Event not experienced
-1.82,0,0,0,Nuclear-family environmental variance,5,2.3275538301990237,2.2967376611252086,1.5180766488386126,3.032143679301462,2.25,2.3275538301990237,Before the historical event,Event not experienced
-1.82,0,0,0,Nonshared environmental variance,5,8.871650976736786,9.155581099039267,8.100408362770299,9.58640534232235,9.000000000000002,8.871650976736786,Before the historical event,Event not experienced
-1.82,0,0,0,Phenotypic variance,5,12.383004566346896,12.29356837537907,12.168555244457805,12.65788888891248,12.683063357589019,12.383004566346896,Before the historical event,Event not experienced
-1.82,0,1,0,Additive genetic variance,5,1.1837997594110856,1.1832609839055248,0.9197627918362307,1.4877039112167532,1.4330633575890164,1.1837997594110856,Before the historical event,Event experienced
-1.82,0,1,0,Nuclear-family environmental variance,5,2.3275538301990237,2.2967376611252086,1.5180766488386126,3.032143679301462,2.25,2.3275538301990237,Before the historical event,Event experienced
-1.82,0,1,0,Nonshared environmental variance,5,8.871650976736786,9.155581099039267,8.100408362770299,9.58640534232235,9.000000000000002,8.871650976736786,Before the historical event,Event experienced
-1.82,0,1,0,Phenotypic variance,5,12.383004566346896,12.29356837537907,12.168555244457805,12.65788888891248,12.683063357589019,12.383004566346896,Before the historical event,Event experienced
-1.82,1,0,0,Additive genetic variance,5,1.1837997594110856,1.1832609839055248,0.9197627918362307,1.4877039112167532,1.4330633575890164,1.1837997594110856,After the historical event,Event not experienced
-1.82,1,0,0,Nuclear-family environmental variance,5,2.3275538301990237,2.2967376611252086,1.5180766488386126,3.032143679301462,2.25,2.3275538301990237,After the historical event,Event not experienced
-1.82,1,0,0,Nonshared environmental variance,5,8.871650976736786,9.155581099039267,8.100408362770299,9.58640534232235,9.000000000000002,8.871650976736786,After the historical event,Event not experienced
-1.82,1,0,0,Phenotypic variance,5,12.383004566346896,12.29356837537907,12.168555244457805,12.65788888891248,12.683063357589019,12.383004566346896,After the historical event,Event not experienced
-1.82,1,1,1,Additive genetic variance,5,1.6564194503508691,1.7678023457753347,1.3676010605795272,1.931073991493363,2.137879310136018,1.6564194503508691,After the historical event,Event experienced
-1.82,1,1,1,Nuclear-family environmental variance,5,2.500210802071902,2.4190816935953805,1.6587780389108255,3.33413771741238,2.25,2.500210802071902,After the historical event,Event experienced
-1.82,1,1,1,Nonshared environmental variance,5,8.72884959756669,8.984525554618315,7.730958854500032,9.54867743049044,9.000000000000002,8.72884959756669,After the historical event,Event experienced
-1.82,1,1,1,Phenotypic variance,5,12.88547984998946,12.704463765504716,12.427825387244392,13.577524390599969,13.38787931013602,12.88547984998946,After the historical event,Event experienced
-1.8,0,0,0,Additive genetic variance,5,1.2067350354916133,1.2053492884749255,0.9407418173616469,1.5146351844142167,1.4597925858179746,1.2067350354916133,Before the historical event,Event not experienced
-1.8,0,0,0,Nuclear-family environmental variance,5,2.323950549933621,2.296436079972916,1.5207422968264401,3.020613839071246,2.25,2.323950549933621,Before the historical event,Event not experienced
-1.8,0,0,0,Nonshared environmental variance,5,8.877463370678555,9.157902224204886,8.111208264421279,9.584560300314978,9.000000000000002,8.877463370678555,Before the historical event,Event not experienced
-1.8,0,0,0,Phenotypic variance,5,12.40814895610379,12.316079539303669,12.19446704796798,12.683627420351954,12.709792585817976,12.40814895610379,Before the historical event,Event not experienced
-1.8,0,1,0,Additive genetic variance,5,1.2067350354916133,1.2053492884749255,0.9407418173616469,1.5146351844142167,1.4597925858179746,1.2067350354916133,Before the historical event,Event experienced
-1.8,0,1,0,Nuclear-family environmental variance,5,2.323950549933621,2.296436079972916,1.5207422968264401,3.020613839071246,2.25,2.323950549933621,Before the historical event,Event experienced
-1.8,0,1,0,Nonshared environmental variance,5,8.877463370678555,9.157902224204886,8.111208264421279,9.584560300314978,9.000000000000002,8.877463370678555,Before the historical event,Event experienced
-1.8,0,1,0,Phenotypic variance,5,12.40814895610379,12.316079539303669,12.19446704796798,12.683627420351954,12.709792585817976,12.40814895610379,Before the historical event,Event experienced
-1.8,1,0,0,Additive genetic variance,5,1.2067350354916133,1.2053492884749255,0.9407418173616469,1.5146351844142167,1.4597925858179746,1.2067350354916133,After the historical event,Event not experienced
-1.8,1,0,0,Nuclear-family environmental variance,5,2.323950549933621,2.296436079972916,1.5207422968264401,3.020613839071246,2.25,2.323950549933621,After the historical event,Event not experienced
-1.8,1,0,0,Nonshared environmental variance,5,8.877463370678555,9.157902224204886,8.111208264421279,9.584560300314978,9.000000000000002,8.877463370678555,After the historical event,Event not experienced
-1.8,1,0,0,Phenotypic variance,5,12.40814895610379,12.316079539303669,12.19446704796798,12.683627420351954,12.709792585817976,12.40814895610379,After the historical event,Event not experienced
-1.8,1,1,1,Additive genetic variance,5,1.6891777408580126,1.7996683896464327,1.3932091982921808,1.975264689782261,2.177754632956868,1.6891777408580126,After the historical event,Event experienced
-1.8,1,1,1,Nuclear-family environmental variance,5,2.4962628472527104,2.4152179162042438,1.661906811715303,3.3213550540157524,2.25,2.4962628472527104,After the historical event,Event experienced
-1.8,1,1,1,Nonshared environmental variance,5,8.734447267823239,8.99166593824211,7.741704827437542,9.546357645470462,9.000000000000002,8.734447267823239,After the historical event,Event experienced
-1.8,1,1,1,Phenotypic variance,5,12.919887855933961,12.727767842952137,12.475911012351702,13.61423527950596,13.42775463295687,12.919887855933961,After the historical event,Event experienced
-1.78,0,0,0,Additive genetic variance,5,1.229927379850371,1.227670842482374,0.9620267275221731,1.5418139852001376,1.486782458359715,1.229927379850371,Before the historical event,Event not experienced
-1.78,0,0,0,Nuclear-family environmental variance,5,2.3203799758198125,2.2961323570003573,1.523411358179271,3.0091723533631227,2.25,2.3203799758198125,Before the historical event,Event not experienced
-1.78,0,0,0,Nonshared environmental variance,5,8.883240948553242,9.16019008292197,8.12196317322981,9.582720651383521,9.000000000000002,8.883240948553242,Before the historical event,Event not experienced
-1.78,0,0,0,Phenotypic variance,5,12.433548304223427,12.338836711618292,12.22068024033161,12.709575880492885,12.736782458359716,12.433548304223427,Before the historical event,Event not experienced
-1.78,0,1,0,Additive genetic variance,5,1.229927379850371,1.227670842482374,0.9620267275221731,1.5418139852001376,1.486782458359715,1.229927379850371,Before the historical event,Event experienced
-1.78,0,1,0,Nuclear-family environmental variance,5,2.3203799758198125,2.2961323570003573,1.523411358179271,3.0091723533631227,2.25,2.3203799758198125,Before the historical event,Event experienced
-1.78,0,1,0,Nonshared environmental variance,5,8.883240948553242,9.16019008292197,8.12196317322981,9.582720651383521,9.000000000000002,8.883240948553242,Before the historical event,Event experienced
-1.78,0,1,0,Phenotypic variance,5,12.433548304223427,12.338836711618292,12.22068024033161,12.709575880492885,12.736782458359716,12.433548304223427,Before the historical event,Event experienced
-1.78,1,0,0,Additive genetic variance,5,1.229927379850371,1.227670842482374,0.9620267275221731,1.5418139852001376,1.486782458359715,1.229927379850371,After the historical event,Event not experienced
-1.78,1,0,0,Nuclear-family environmental variance,5,2.3203799758198125,2.2961323570003573,1.523411358179271,3.0091723533631227,2.25,2.3203799758198125,After the historical event,Event not experienced
-1.78,1,0,0,Nonshared environmental variance,5,8.883240948553242,9.16019008292197,8.12196317322981,9.582720651383521,9.000000000000002,8.883240948553242,After the historical event,Event not experienced
-1.78,1,0,0,Phenotypic variance,5,12.433548304223427,12.338836711618292,12.22068024033161,12.709575880492885,12.736782458359716,12.433548304223427,After the historical event,Event not experienced
-1.78,1,1,1,Additive genetic variance,5,1.7223178111505748,1.831823145196911,1.4190906899134483,2.020099148451486,2.2180187914008265,1.7223178111505748,After the historical event,Event experienced
-1.78,1,1,1,Nuclear-family environmental variance,5,2.492351720516348,2.411403609180842,1.6650350102431948,3.308670560416525,2.25,2.492351720516348,After the historical event,Event experienced
-1.78,1,1,1,Nonshared environmental variance,5,8.740010985529313,8.998743719063166,7.752408924341026,9.544046158187285,9.000000000000002,8.740010985529313,After the historical event,Event experienced
-1.78,1,1,1,Phenotypic variance,5,12.954680517196238,12.75144110713443,12.524622830016607,13.651272464317335,13.468018791400828,12.954680517196238,After the historical event,Event experienced
-1.76,0,0,0,Additive genetic variance,5,1.2533745383565296,1.2502233940018332,0.9836166580364701,1.569236220424499,1.5140290783216548,1.2533745383565296,Before the historical event,Event not experienced
-1.76,0,0,0,Nuclear-family environmental variance,5,2.3168418889436873,2.295826493067865,1.5260837854341114,2.9978185390740095,2.25,2.3168418889436873,Before the historical event,Event not experienced
-1.76,0,0,0,Nonshared environmental variance,5,8.888983581601428,9.162444649966462,8.13267287214181,9.580886369397069,9.000000000000002,8.888983581601428,Before the historical event,Event not experienced
-1.76,0,0,0,Phenotypic variance,5,12.459200008901645,12.361837594591437,12.247193512916931,12.735731446102465,12.764029078321656,12.459200008901645,Before the historical event,Event not experienced
-1.76,0,1,0,Additive genetic variance,5,1.2533745383565296,1.2502233940018332,0.9836166580364701,1.569236220424499,1.5140290783216548,1.2533745383565296,Before the historical event,Event experienced
-1.76,0,1,0,Nuclear-family environmental variance,5,2.3168418889436873,2.295826493067865,1.5260837854341114,2.9978185390740095,2.25,2.3168418889436873,Before the historical event,Event experienced
-1.76,0,1,0,Nonshared environmental variance,5,8.888983581601428,9.162444649966462,8.13267287214181,9.580886369397069,9.000000000000002,8.888983581601428,Before the historical event,Event experienced
-1.76,0,1,0,Phenotypic variance,5,12.459200008901645,12.361837594591437,12.247193512916931,12.735731446102465,12.764029078321656,12.459200008901645,Before the historical event,Event experienced
-1.76,1,0,0,Additive genetic variance,5,1.2533745383565296,1.2502233940018332,0.9836166580364701,1.569236220424499,1.5140290783216548,1.2533745383565296,After the historical event,Event not experienced
-1.76,1,0,0,Nuclear-family environmental variance,5,2.3168418889436873,2.295826493067865,1.5260837854341114,2.9978185390740095,2.25,2.3168418889436873,After the historical event,Event not experienced
-1.76,1,0,0,Nonshared environmental variance,5,8.888983581601428,9.162444649966462,8.13267287214181,9.580886369397069,9.000000000000002,8.888983581601428,After the historical event,Event not experienced
-1.76,1,0,0,Phenotypic variance,5,12.459200008901645,12.361837594591437,12.247193512916931,12.735731446102465,12.764029078321656,12.459200008901645,After the historical event,Event not experienced
-1.76,1,1,1,Additive genetic variance,5,1.7558366783323538,1.8642616528346931,1.4452430263061788,2.0655753991035093,2.258665971987294,1.7558366783323538,After the historical event,Event experienced
-1.76,1,1,1,Nuclear-family environmental variance,5,2.488477176770628,2.40763855752406,1.668162601286554,3.2960834755501573,2.25,2.488477176770628,After the historical event,Event experienced
-1.76,1,1,1,Nonshared environmental variance,5,8.74554062653073,9.005758740357601,7.763070930311774,9.541742956058435,9.000000000000002,8.74554062653073,After the historical event,Event experienced
-1.76,1,1,1,Phenotypic variance,5,12.989854481633712,12.775480844464237,12.573958675762011,13.688631852302956,13.508665971987295,12.989854481633712,After the historical event,Event experienced
-1.74,0,0,0,Additive genetic variance,5,1.277074092845092,1.2730045475734113,1.0055105560631186,1.5968976092048335,1.5415283527246721,1.277074092845092,Before the historical event,Event not experienced
-1.74,0,0,0,Nuclear-family environmental variance,5,2.31333607248828,2.2955184890417604,1.5287595312911628,2.986551719694951,2.25,2.31333607248828,Before the historical event,Event not experienced
-1.74,0,0,0,Nonshared environmental variance,5,8.894691141690585,9.164665900477216,8.143337144808637,9.579057428406905,9.000000000000002,8.894691141690585,Before the historical event,Event not experienced
-1.74,0,0,0,Phenotypic variance,5,12.485101307023957,12.385079746941006,12.274005370894942,12.76209113099204,12.791528352724674,12.485101307023957,Before the historical event,Event not experienced
-1.74,0,1,0,Additive genetic variance,5,1.277074092845092,1.2730045475734113,1.0055105560631186,1.5968976092048335,1.5415283527246721,1.277074092845092,Before the historical event,Event experienced
-1.74,0,1,0,Nuclear-family environmental variance,5,2.31333607248828,2.2955184890417604,1.5287595312911628,2.986551719694951,2.25,2.31333607248828,Before the historical event,Event experienced
-1.74,0,1,0,Nonshared environmental variance,5,8.894691141690585,9.164665900477216,8.143337144808637,9.579057428406905,9.000000000000002,8.894691141690585,Before the historical event,Event experienced
-1.74,0,1,0,Phenotypic variance,5,12.485101307023957,12.385079746941006,12.274005370894942,12.76209113099204,12.791528352724674,12.485101307023957,Before the historical event,Event experienced
-1.74,1,0,0,Additive genetic variance,5,1.277074092845092,1.2730045475734113,1.0055105560631186,1.5968976092048335,1.5415283527246721,1.277074092845092,After the historical event,Event not experienced
-1.74,1,0,0,Nuclear-family environmental variance,5,2.31333607248828,2.2955184890417604,1.5287595312911628,2.986551719694951,2.25,2.31333607248828,After the historical event,Event not experienced
-1.74,1,0,0,Nonshared environmental variance,5,8.894691141690585,9.164665900477216,8.143337144808637,9.579057428406905,9.000000000000002,8.894691141690585,After the historical event,Event not experienced
-1.74,1,0,0,Phenotypic variance,5,12.485101307023957,12.385079746941006,12.274005370894942,12.76209113099204,12.791528352724674,12.485101307023957,After the historical event,Event not experienced
-1.74,1,1,1,Additive genetic variance,5,1.7897311168312224,1.8969787308312558,1.4716635328842722,2.1116910701052007,2.2996900687089297,1.7897311168312224,After the historical event,Event experienced
-1.74,1,1,1,Nuclear-family environmental variance,5,2.4846389733193206,2.4039225492216545,1.6712895515705282,3.2835930457070877,2.25,2.4846389733193206,After the historical event,Event experienced
-1.74,1,1,1,Nonshared environmental variance,5,8.751036067283977,9.012710846707865,7.773690631080732,9.53944802658671,9.000000000000002,8.751036067283977,After the historical event,Event experienced
-1.74,1,1,1,Phenotypic variance,5,13.025406157434519,12.799884188307558,12.617454149581283,13.726309111051116,13.549690068708932,13.025406157434519,After the historical event,Event experienced
-1.72,0,0,0,Additive genetic variance,5,1.3010234594297754,1.2960117629769836,1.0277071766987302,1.624793682277289,1.5692759915529557,1.3010234594297754,Before the historical event,Event not experienced
-1.72,0,0,0,Nuclear-family environmental variance,5,2.3098623117146815,2.2952083457943475,1.5314385486128173,2.975371225244618,2.25,2.3098623117146815,Before the historical event,Event not experienced
-1.72,0,0,0,Nonshared environmental variance,5,8.900363501319307,9.166853809956455,8.153955775594316,9.57723380264707,9.000000000000002,8.900363501319307,Before the historical event,Event not experienced
-1.72,0,0,0,Phenotypic variance,5,12.511249272463763,12.408560582608441,12.301114129731717,12.788651784798583,12.819275991552956,12.511249272463763,Before the historical event,Event not experienced
-1.72,0,1,0,Additive genetic variance,5,1.3010234594297754,1.2960117629769836,1.0277071766987302,1.624793682277289,1.5692759915529557,1.3010234594297754,Before the historical event,Event experienced
-1.72,0,1,0,Nuclear-family environmental variance,5,2.3098623117146815,2.2952083457943475,1.5314385486128173,2.975371225244618,2.25,2.3098623117146815,Before the historical event,Event experienced
-1.72,0,1,0,Nonshared environmental variance,5,8.900363501319307,9.166853809956455,8.153955775594316,9.57723380264707,9.000000000000002,8.900363501319307,Before the historical event,Event experienced
-1.72,0,1,0,Phenotypic variance,5,12.511249272463763,12.408560582608441,12.301114129731717,12.788651784798583,12.819275991552956,12.511249272463763,Before the historical event,Event experienced
-1.72,1,0,0,Additive genetic variance,5,1.3010234594297754,1.2960117629769836,1.0277071766987302,1.624793682277289,1.5692759915529557,1.3010234594297754,After the historical event,Event not experienced
-1.72,1,0,0,Nuclear-family environmental variance,5,2.3098623117146815,2.2952083457943475,1.5314385486128173,2.975371225244618,2.25,2.3098623117146815,After the historical event,Event not experienced
-1.72,1,0,0,Nonshared environmental variance,5,8.900363501319307,9.166853809956455,8.153955775594316,9.57723380264707,9.000000000000002,8.900363501319307,After the historical event,Event not experienced
-1.72,1,0,0,Phenotypic variance,5,12.511249272463763,12.408560582608441,12.301114129731717,12.788651784798583,12.819275991552956,12.511249272463763,After the historical event,Event not experienced
-1.72,1,1,1,Additive genetic variance,5,1.823997655584378,1.9299689746487338,1.4983493681344235,2.1584433791851727,2.3410846816141926,1.823997655584378,After the historical event,Event experienced
-1.72,1,1,1,Nuclear-family environmental variance,5,2.480836869840679,2.4002553752303735,1.6744158277538974,3.2711985244584763,2.25,2.480836869840679,After the historical event,Event experienced
-1.72,1,1,1,Nonshared environmental variance,5,8.756497184860297,9.01959988400847,7.7842678130156555,9.537161357360217,9.000000000000002,8.756497184860297,After the historical event,Event experienced
-1.72,1,1,1,Phenotypic variance,5,13.061331710285355,12.824648116880189,12.647341892487987,13.764299666649817,13.591084681614195,13.061331710285355,After the historical event,Event experienced
-1.7,0,0,0,Additive genetic variance,5,1.3252198869140446,1.3192423540899054,1.0502050795749036,1.652919781484061,1.5972675069455593,1.3252198869140446,Before the historical event,Event not experienced
-1.7,0,0,0,Nuclear-family environmental variance,5,2.3064203939433767,2.294896064203911,1.5341207904226817,2.9642763922035527,2.25,2.3064203939433767,Before the historical event,Event not experienced
-1.7,0,0,0,Nonshared environmental variance,5,8.906000533621537,9.16900835427023,8.164528549582801,9.575415466534857,9.000000000000002,8.906000533621537,Before the historical event,Event not experienced
-1.7,0,0,0,Phenotypic variance,5,12.537640814478959,12.432277369616918,12.32851791177969,12.815410091871172,12.847267506945562,12.537640814478959,Before the historical event,Event not experienced
-1.7,0,1,0,Additive genetic variance,5,1.3252198869140446,1.3192423540899054,1.0502050795749036,1.652919781484061,1.5972675069455593,1.3252198869140446,Before the historical event,Event experienced
-1.7,0,1,0,Nuclear-family environmental variance,5,2.3064203939433767,2.294896064203911,1.5341207904226817,2.9642763922035527,2.25,2.3064203939433767,Before the historical event,Event experienced
-1.7,0,1,0,Nonshared environmental variance,5,8.906000533621537,9.16900835427023,8.164528549582801,9.575415466534857,9.000000000000002,8.906000533621537,Before the historical event,Event experienced
-1.7,0,1,0,Phenotypic variance,5,12.537640814478959,12.432277369616918,12.32851791177969,12.815410091871172,12.847267506945562,12.537640814478959,Before the historical event,Event experienced
-1.7,1,0,0,Additive genetic variance,5,1.3252198869140446,1.3192423540899054,1.0502050795749036,1.652919781484061,1.5972675069455593,1.3252198869140446,After the historical event,Event not experienced
-1.7,1,0,0,Nuclear-family environmental variance,5,2.3064203939433767,2.294896064203911,1.5341207904226817,2.9642763922035527,2.25,2.3064203939433767,After the historical event,Event not experienced
-1.7,1,0,0,Nonshared environmental variance,5,8.906000533621537,9.16900835427023,8.164528549582801,9.575415466534857,9.000000000000002,8.906000533621537,After the historical event,Event not experienced
-1.7,1,0,0,Phenotypic variance,5,12.537640814478959,12.432277369616918,12.32851791177969,12.815410091871172,12.847267506945562,12.537640814478959,After the historical event,Event not experienced
-1.7,1,1,1,Additive genetic variance,5,1.858632575366158,1.963226756430403,1.5252975222330787,2.2058291262463006,2.382843115601285,1.858632575366158,After the historical event,Event experienced
-1.7,1,1,1,Nuclear-family environmental variance,5,2.4770706283662136,2.3966368294563725,1.677541396429614,3.2588991725827903,2.25,2.4770706283662136,After the historical event,Event experienced
-1.7,1,1,1,Nonshared environmental variance,5,8.761923856949757,9.026425699471707,7.794802263128235,9.534882936052334,9.000000000000002,8.761923856949757,After the historical event,Event experienced
-1.7,1,1,1,Phenotypic variance,5,13.097627060682129,12.849769451222734,12.677538481865763,13.802598702020761,13.632843115601286,13.097627060682129,After the historical event,Event experienced
-1.68,0,0,0,Additive genetic variance,5,1.3496604553037665,1.3426934878313472,1.073002625560051,1.6812710594000746,1.6254982125330215,1.3496604553037665,Before the historical event,Event not experienced
-1.68,0,0,0,Nuclear-family environmental variance,5,2.303010108535793,2.2945816451547087,1.536806209904623,2.9532665634491693,2.25,2.303010108535793,Before the historical event,Event not experienced
-1.68,0,0,0,Nonshared environmental variance,5,8.911602112370769,9.171129509648857,8.175055252585235,9.573602394671322,9.000000000000002,8.911602112370769,Before the historical event,Event not experienced
-1.68,0,0,0,Phenotypic variance,5,12.564272676210328,12.456227229016159,12.356214642973933,12.8423625702654,12.875498212533024,12.564272676210328,Before the historical event,Event not experienced
-1.68,0,1,0,Additive genetic variance,5,1.3496604553037665,1.3426934878313472,1.073002625560051,1.6812710594000746,1.6254982125330215,1.3496604553037665,Before the historical event,Event experienced
-1.68,0,1,0,Nuclear-family environmental variance,5,2.303010108535793,2.2945816451547087,1.536806209904623,2.9532665634491693,2.25,2.303010108535793,Before the historical event,Event experienced
-1.68,0,1,0,Nonshared environmental variance,5,8.911602112370769,9.171129509648857,8.175055252585235,9.573602394671322,9.000000000000002,8.911602112370769,Before the historical event,Event experienced
-1.68,0,1,0,Phenotypic variance,5,12.564272676210328,12.456227229016159,12.356214642973933,12.8423625702654,12.875498212533024,12.564272676210328,Before the historical event,Event experienced
-1.68,1,0,0,Additive genetic variance,5,1.3496604553037665,1.3426934878313472,1.073002625560051,1.6812710594000746,1.6254982125330215,1.3496604553037665,After the historical event,Event not experienced
-1.68,1,0,0,Nuclear-family environmental variance,5,2.303010108535793,2.2945816451547087,1.536806209904623,2.9532665634491693,2.25,2.303010108535793,After the historical event,Event not experienced
-1.68,1,0,0,Nonshared environmental variance,5,8.911602112370769,9.171129509648857,8.175055252585235,9.573602394671322,9.000000000000002,8.911602112370769,After the historical event,Event not experienced
-1.68,1,0,0,Phenotypic variance,5,12.564272676210328,12.456227229016159,12.356214642973933,12.8423625702654,12.875498212533024,12.564272676210328,After the historical event,Event not experienced
-1.68,1,1,1,Additive genetic variance,5,1.893631906263969,1.9967462246578882,1.5525048157615415,2.253844686406342,2.4249583794285003,1.893631906263969,After the historical event,Event experienced
-1.68,1,1,1,Nuclear-family environmental variance,5,2.473340013259722,2.39306670873592,1.6806662241253454,3.2466942579932287,2.25,2.473340013259722,After the historical event,Event experienced
-1.68,1,1,1,Nonshared environmental variance,5,8.767315961865277,9.033188141633255,7.805293769081244,9.532612750421675,9.000000000000002,8.767315961865277,After the historical event,Event experienced
-1.68,1,1,1,Phenotypic variance,5,13.134287881388968,12.875244853257229,12.708040544539283,13.841201155411307,13.674958379428503,13.134287881388968,After the historical event,Event experienced
-1.66,0,0,0,Additive genetic variance,5,1.3743420744248969,1.3663621831957542,1.0960979735721272,1.7098424791017006,1.6539632229222982,1.3743420744248969,Before the historical event,Event not experienced
-1.66,0,0,0,Nuclear-family environmental variance,5,2.2996312468760767,2.2942650895369705,1.5394947604018445,2.942341088191482,2.25,2.2996312468760767,Before the historical event,Event not experienced
-1.66,0,0,0,Nonshared environmental variance,5,8.917168111984216,9.173217252687346,8.185535671147118,9.571794561841822,9.000000000000002,8.917168111984216,Before the historical event,Event not experienced
-1.66,0,0,0,Phenotypic variance,5,12.59114143328519,12.480407133916426,12.3842020496394,12.869505570848665,12.9039632229223,12.59114143328519,Before the historical event,Event not experienced
-1.66,0,1,0,Additive genetic variance,5,1.3743420744248969,1.3663621831957542,1.0960979735721272,1.7098424791017006,1.6539632229222982,1.3743420744248969,Before the historical event,Event experienced
-1.66,0,1,0,Nuclear-family environmental variance,5,2.2996312468760767,2.2942650895369705,1.5394947604018445,2.942341088191482,2.25,2.2996312468760767,Before the historical event,Event experienced
-1.66,0,1,0,Nonshared environmental variance,5,8.917168111984216,9.173217252687346,8.185535671147118,9.571794561841822,9.000000000000002,8.917168111984216,Before the historical event,Event experienced
-1.66,0,1,0,Phenotypic variance,5,12.59114143328519,12.480407133916426,12.3842020496394,12.869505570848665,12.9039632229223,12.59114143328519,Before the historical event,Event experienced
-1.66,1,0,0,Additive genetic variance,5,1.3743420744248969,1.3663621831957542,1.0960979735721272,1.7098424791017006,1.6539632229222982,1.3743420744248969,After the historical event,Event not experienced
-1.66,1,0,0,Nuclear-family environmental variance,5,2.2996312468760767,2.2942650895369705,1.5394947604018445,2.942341088191482,2.25,2.2996312468760767,After the historical event,Event not experienced
-1.66,1,0,0,Nonshared environmental variance,5,8.917168111984216,9.173217252687346,8.185535671147118,9.571794561841822,9.000000000000002,8.917168111984216,After the historical event,Event not experienced
-1.66,1,0,0,Phenotypic variance,5,12.59114143328519,12.480407133916426,12.3842020496394,12.869505570848665,12.9039632229223,12.59114143328519,After the historical event,Event not experienced
-1.66,1,1,1,Additive genetic variance,5,1.9289914253078266,2.0305213039783236,1.5799678985221506,2.3024860032795744,2.467423184945839,1.9289914253078266,After the historical event,Event experienced
-1.66,1,1,1,Nuclear-family environmental variance,5,2.4696447911965698,2.389544812816402,1.6837902773040203,3.2345830556659574,2.25,2.4696447911965698,After the historical event,Event experienced
-1.66,1,1,1,Nonshared environmental variance,5,8.772673378546667,9.039887060357817,7.815742119195624,9.530350788312099,9.000000000000002,8.772673378546667,After the historical event,Event experienced
-1.66,1,1,1,Phenotypic variance,5,13.171309595051063,12.901070823928412,12.738844508468727,13.880101719048762,13.71742318494584,13.171309595051063,After the historical event,Event experienced
-1.64,0,0,0,Additive genetic variance,5,1.3992614826495706,1.3902453103778807,1.119489077508278,1.7386288140801756,1.682657453333156,1.3992614826495706,Before the historical event,Event not experienced
-1.64,0,0,0,Nuclear-family environmental variance,5,2.2962836023530793,2.2939463982468924,1.542186395415979,2.9357852797605357,2.25,2.2962836023530793,Before the historical event,Event not experienced
-1.64,0,0,0,Nonshared environmental variance,5,8.922698407526996,9.175271560345852,8.195969592555512,9.569991943016491,9.000000000000002,8.922698407526996,Before the historical event,Event not experienced
-1.64,0,0,0,Phenotypic variance,5,12.618243492529647,12.504813908614025,12.409940611980868,12.896835276519138,12.932657453333157,12.618243492529647,Before the historical event,Event not experienced
-1.64,0,1,0,Additive genetic variance,5,1.3992614826495706,1.3902453103778807,1.119489077508278,1.7386288140801756,1.682657453333156,1.3992614826495706,Before the historical event,Event experienced
-1.64,0,1,0,Nuclear-family environmental variance,5,2.2962836023530793,2.2939463982468924,1.542186395415979,2.9357852797605357,2.25,2.2962836023530793,Before the historical event,Event experienced
-1.64,0,1,0,Nonshared environmental variance,5,8.922698407526996,9.175271560345852,8.195969592555512,9.569991943016491,9.000000000000002,8.922698407526996,Before the historical event,Event experienced
-1.64,0,1,0,Phenotypic variance,5,12.618243492529647,12.504813908614025,12.409940611980868,12.896835276519138,12.932657453333157,12.618243492529647,Before the historical event,Event experienced
-1.64,1,0,0,Additive genetic variance,5,1.3992614826495706,1.3902453103778807,1.119489077508278,1.7386288140801756,1.682657453333156,1.3992614826495706,After the historical event,Event not experienced
-1.64,1,0,0,Nuclear-family environmental variance,5,2.2962836023530793,2.2939463982468924,1.542186395415979,2.9357852797605357,2.25,2.2962836023530793,After the historical event,Event not experienced
-1.64,1,0,0,Nonshared environmental variance,5,8.922698407526996,9.175271560345852,8.195969592555512,9.569991943016491,9.000000000000002,8.922698407526996,After the historical event,Event not experienced
-1.64,1,0,0,Phenotypic variance,5,12.618243492529647,12.504813908614025,12.409940611980868,12.896835276519138,12.932657453333157,12.618243492529647,After the historical event,Event not experienced
-1.64,1,1,1,Additive genetic variance,5,1.964706654258927,2.064545695204547,1.607683248458374,2.351748582512338,2.5102299465525655,1.964706654258927,After the historical event,Event experienced
-1.64,1,1,1,Nuclear-family environmental variance,5,2.465984731143221,2.3860709443376114,1.6869135223643779,3.222564847569165,2.25,2.465984731143221,After the historical event,Event experienced
-1.64,1,1,1,Nonshared environmental variance,5,8.777995986564632,9.046522306844645,7.826147102457601,9.528097037652678,9.000000000000002,8.777995986564632,After the historical event,Event experienced
-1.64,1,1,1,Phenotypic variance,5,13.20868737196678,12.927243701432804,12.76994660113671,13.91929483796118,13.760229946552567,13.20868737196678,After the historical event,Event experienced
-1.6199999999999999,0,0,0,Additive genetic variance,5,1.4244152457339059,1.4143395899917968,1.1431736832974058,1.7676246483022906,1.7115756193890552,1.4244152457339059,Before the historical event,Event not experienced
-1.6199999999999999,0,0,0,Nuclear-family environmental variance,5,2.292966970342554,2.2936255721866328,1.5448810686062124,2.9295944605572477,2.25,2.292966970342554,Before the historical event,Event not experienced
-1.6199999999999999,0,0,0,Nonshared environmental variance,5,8.928192874716267,9.17729240995008,8.206356804846248,9.568194513350765,9.000000000000002,8.928192874716267,Before the historical event,Event not experienced
-1.6199999999999999,0,0,0,Phenotypic variance,5,12.645575090792729,12.529444227810824,12.432995628514716,12.924347701541173,12.961575619389057,12.645575090792729,Before the historical event,Event not experienced
-1.6199999999999999,0,1,0,Additive genetic variance,5,1.4244152457339059,1.4143395899917968,1.1431736832974058,1.7676246483022906,1.7115756193890552,1.4244152457339059,Before the historical event,Event experienced
-1.6199999999999999,0,1,0,Nuclear-family environmental variance,5,2.292966970342554,2.2936255721866328,1.5448810686062124,2.9295944605572477,2.25,2.292966970342554,Before the historical event,Event experienced
-1.6199999999999999,0,1,0,Nonshared environmental variance,5,8.928192874716267,9.17729240995008,8.206356804846248,9.568194513350765,9.000000000000002,8.928192874716267,Before the historical event,Event experienced
-1.6199999999999999,0,1,0,Phenotypic variance,5,12.645575090792729,12.529444227810824,12.432995628514716,12.924347701541173,12.961575619389057,12.645575090792729,Before the historical event,Event experienced
-1.6199999999999999,1,0,0,Additive genetic variance,5,1.4244152457339059,1.4143395899917968,1.1431736832974058,1.7676246483022906,1.7115756193890552,1.4244152457339059,After the historical event,Event not experienced
-1.6199999999999999,1,0,0,Nuclear-family environmental variance,5,2.292966970342554,2.2936255721866328,1.5448810686062124,2.9295944605572477,2.25,2.292966970342554,After the historical event,Event not experienced
-1.6199999999999999,1,0,0,Nonshared environmental variance,5,8.928192874716267,9.17729240995008,8.206356804846248,9.568194513350765,9.000000000000002,8.928192874716267,After the historical event,Event not experienced
-1.6199999999999999,1,0,0,Phenotypic variance,5,12.645575090792729,12.529444227810824,12.432995628514716,12.924347701541173,12.961575619389057,12.645575090792729,After the historical event,Event not experienced
-1.6199999999999999,1,1,1,Additive genetic variance,5,2.0007728575626107,2.0988128754912965,1.6356471706816262,2.401627485585334,2.5533707808852473,2.0007728575626107,After the historical event,Event experienced
-1.6199999999999999,1,1,1,Nuclear-family environmental variance,5,2.4623596043370055,2.3826449088133255,1.6900359256415185,3.210638922592911,2.25,2.4623596043370055,After the historical event,Event experienced
-1.6199999999999999,1,1,1,Nonshared environmental variance,5,8.783283666124772,9.053093733633075,7.836508508525744,9.52585148645768,9.000000000000002,8.783283666124772,After the historical event,Event experienced
-1.6199999999999999,1,1,1,Phenotypic variance,5,13.24641612802439,12.953759659538553,12.801342848060715,13.958774708968695,13.803370780885249,13.24641612802439,After the historical event,Event experienced
-1.5999999999999999,0,0,0,Additive genetic variance,5,1.449799755770776,1.438641592386217,1.1671493260816315,1.796824376420791,1.7407122370654269,1.449799755770776,Before the historical event,Event not experienced
-1.5999999999999999,0,0,0,Nuclear-family environmental variance,5,2.289681148189572,2.293302612264309,1.5475787337884293,2.9234419825775926,2.25,2.289681148189572,Before the historical event,Event not experienced
-1.5999999999999999,0,0,0,Nonshared environmental variance,5,8.93365138992536,9.179279779191713,8.216697096811037,9.566402248185849,9.000000000000002,8.93365138992536,Before the historical event,Event not experienced
-1.5999999999999999,0,0,0,Phenotypic variance,5,12.673132293885708,12.554294615930086,12.45632367202999,12.95203869099984,12.990712237065429,12.673132293885708,Before the historical event,Event not experienced
-1.5999999999999999,0,1,0,Additive genetic variance,5,1.449799755770776,1.438641592386217,1.1671493260816315,1.796824376420791,1.7407122370654269,1.449799755770776,Before the historical event,Event experienced
-1.5999999999999999,0,1,0,Nuclear-family environmental variance,5,2.289681148189572,2.293302612264309,1.5475787337884293,2.9234419825775926,2.25,2.289681148189572,Before the historical event,Event experienced
-1.5999999999999999,0,1,0,Nonshared environmental variance,5,8.93365138992536,9.179279779191713,8.216697096811037,9.566402248185849,9.000000000000002,8.93365138992536,Before the historical event,Event experienced
-1.5999999999999999,0,1,0,Phenotypic variance,5,12.673132293885708,12.554294615930086,12.45632367202999,12.95203869099984,12.990712237065429,12.673132293885708,Before the historical event,Event experienced
-1.5999999999999999,1,0,0,Additive genetic variance,5,1.449799755770776,1.438641592386217,1.1671493260816315,1.796824376420791,1.7407122370654269,1.449799755770776,After the historical event,Event not experienced
-1.5999999999999999,1,0,0,Nuclear-family environmental variance,5,2.289681148189572,2.293302612264309,1.5475787337884293,2.9234419825775926,2.25,2.289681148189572,After the historical event,Event not experienced
-1.5999999999999999,1,0,0,Nonshared environmental variance,5,8.93365138992536,9.179279779191713,8.216697096811037,9.566402248185849,9.000000000000002,8.93365138992536,After the historical event,Event not experienced
-1.5999999999999999,1,0,0,Phenotypic variance,5,12.673132293885708,12.554294615930086,12.45632367202999,12.95203869099984,12.990712237065429,12.673132293885708,After the historical event,Event not experienced
-1.5999999999999999,1,1,1,Additive genetic variance,5,2.037185040470989,2.1333160986902016,1.6638557966075442,2.4521173238954552,2.5968375067405898,2.037185040470989,After the historical event,Event experienced
-1.5999999999999999,1,1,1,Nuclear-family environmental variance,5,2.4587691842661403,2.3792665146131715,1.69315745340746,3.198804576479772,2.25,2.4587691842661403,After the historical event,Event experienced
-1.5999999999999999,1,1,1,Nonshared environmental variance,5,8.788536298071545,9.059601194607957,7.846826127738049,9.523614122826533,9.000000000000002,8.788536298071545,After the historical event,Event experienced
-1.5999999999999999,1,1,1,Phenotypic variance,5,13.284490522808674,13.010428399533279,12.83004770208138,13.998535279849392,13.846837506740592,13.284490522808674,After the historical event,Event experienced
-1.58,0,0,0,Additive genetic variance,5,1.475411230260728,1.4631477370584351,1.1914133275325727,1.8262222041368057,1.7700616227981283,1.475411230260728,Before the historical event,Event not experienced
-1.58,0,0,0,Nuclear-family environmental variance,5,2.2864259351911342,2.292977519393991,1.550279344934381,2.9173276457451176,2.25,2.2864259351911342,Before the historical event,Event not experienced
-1.58,0,0,0,Nonshared environmental variance,5,8.9390738301879,9.181233646128808,8.22699025800465,9.564615123049252,9.000000000000002,8.9390738301879,Before the historical event,Event not experienced
-1.58,0,0,0,Phenotypic variance,5,12.700910995639763,12.579361446530934,12.479921323062745,12.979903920377188,13.02006162279813,12.700910995639763,Before the historical event,Event not experienced
-1.58,0,1,0,Additive genetic variance,5,1.475411230260728,1.4631477370584351,1.1914133275325727,1.8262222041368057,1.7700616227981283,1.475411230260728,Before the historical event,Event experienced
-1.58,0,1,0,Nuclear-family environmental variance,5,2.2864259351911342,2.292977519393991,1.550279344934381,2.9173276457451176,2.25,2.2864259351911342,Before the historical event,Event experienced
-1.58,0,1,0,Nonshared environmental variance,5,8.9390738301879,9.181233646128808,8.22699025800465,9.564615123049252,9.000000000000002,8.9390738301879,Before the historical event,Event experienced
-1.58,0,1,0,Phenotypic variance,5,12.700910995639763,12.579361446530934,12.479921323062745,12.979903920377188,13.02006162279813,12.700910995639763,Before the historical event,Event experienced
-1.58,1,0,0,Additive genetic variance,5,1.475411230260728,1.4631477370584351,1.1914133275325727,1.8262222041368057,1.7700616227981283,1.475411230260728,After the historical event,Event not experienced
-1.58,1,0,0,Nuclear-family environmental variance,5,2.2864259351911342,2.292977519393991,1.550279344934381,2.9173276457451176,2.25,2.2864259351911342,After the historical event,Event not experienced
-1.58,1,0,0,Nonshared environmental variance,5,8.9390738301879,9.181233646128808,8.22699025800465,9.564615123049252,9.000000000000002,8.9390738301879,After the historical event,Event not experienced
-1.58,1,0,0,Phenotypic variance,5,12.700910995639763,12.579361446530934,12.479921323062745,12.979903920377188,13.02006162279813,12.700910995639763,After the historical event,Event not experienced
-1.58,1,1,1,Additive genetic variance,5,2.0739379473404114,2.1680483958862498,1.6923050832044002,2.5032122531298358,2.640621645237234,2.0739379473404114,After the historical event,Event experienced
-1.58,1,1,1,Nuclear-family environmental variance,5,2.455213246649979,2.375935572944769,1.696278071871692,3.187061111756277,2.25,2.455213246649979,After the historical event,Event experienced
-1.58,1,1,1,Nonshared environmental variance,5,8.79375376389224,9.0660445450051,7.857099751118982,9.52138493494384,9.000000000000002,8.79375376389224,After the historical event,Event experienced
-1.58,1,1,1,Phenotypic variance,5,13.322904957882631,13.068067686072496,12.858974588403484,14.038570248683548,13.890621645237236,13.322904957882631,After the historical event,Event experienced
-1.56,0,0,0,Additive genetic variance,5,1.5012457113041695,1.4878542921690947,1.2159627933083363,1.855812148716502,1.7996178937547245,1.5012457113041695,Before the historical event,Event not experienced
-1.56,0,0,0,Nuclear-family environmental variance,5,2.283201132579002,2.2926502944957003,1.5529828561708827,2.911251251557835,2.25,2.283201132579002,Before the historical event,Event not experienced
-1.56,0,0,0,Nonshared environmental variance,5,8.944460073201896,9.18315398918623,8.23723607875202,9.562833113655243,9.000000000000002,8.944460073201896,Before the historical event,Event not experienced
-1.56,0,0,0,Phenotypic variance,5,12.728906917085068,12.604640941823611,12.503785018316423,13.007938895252753,13.049617893754727,12.728906917085068,Before the historical event,Event not experienced
-1.56,0,1,0,Additive genetic variance,5,1.5012457113041695,1.4878542921690947,1.2159627933083363,1.855812148716502,1.7996178937547245,1.5012457113041695,Before the historical event,Event experienced
-1.56,0,1,0,Nuclear-family environmental variance,5,2.283201132579002,2.2926502944957003,1.5529828561708827,2.911251251557835,2.25,2.283201132579002,Before the historical event,Event experienced
-1.56,0,1,0,Nonshared environmental variance,5,8.944460073201896,9.18315398918623,8.23723607875202,9.562833113655243,9.000000000000002,8.944460073201896,Before the historical event,Event experienced
-1.56,0,1,0,Phenotypic variance,5,12.728906917085068,12.604640941823611,12.503785018316423,13.007938895252753,13.049617893754727,12.728906917085068,Before the historical event,Event experienced
-1.56,1,0,0,Additive genetic variance,5,1.5012457113041695,1.4878542921690947,1.2159627933083363,1.855812148716502,1.7996178937547245,1.5012457113041695,After the historical event,Event not experienced
-1.56,1,0,0,Nuclear-family environmental variance,5,2.283201132579002,2.2926502944957003,1.5529828561708827,2.911251251557835,2.25,2.283201132579002,After the historical event,Event not experienced
-1.56,1,0,0,Nonshared environmental variance,5,8.944460073201896,9.18315398918623,8.23723607875202,9.562833113655243,9.000000000000002,8.944460073201896,After the historical event,Event not experienced
-1.56,1,0,0,Phenotypic variance,5,12.728906917085068,12.604640941823611,12.503785018316423,13.007938895252753,13.049617893754727,12.728906917085068,After the historical event,Event not experienced
-1.56,1,1,1,Additive genetic variance,5,2.1110260601088715,2.2030025761182244,1.7209908123562623,2.554905967944715,2.6847144202204616,2.1110260601088715,After the historical event,Event experienced
-1.56,1,1,1,Nuclear-family environmental variance,5,2.4516915694195056,2.3726518978361564,1.69939774718174,3.175407837665098,2.25,2.4516915694195056,After the historical event,Event experienced
-1.56,1,1,1,Nonshared environmental variance,5,8.798935945720912,9.072423641416611,7.8673291703865065,9.51916391107933,9.000000000000002,8.798935945720912,After the historical event,Event experienced
-1.56,1,1,1,Phenotypic variance,5,13.36165357524929,13.126323862487263,12.88815385183764,14.078873063380005,13.934714420220462,13.36165357524929,After the historical event,Event experienced
-1.54,0,0,0,Additive genetic variance,5,1.5272990649178497,1.5127573741599516,1.2407946106570436,1.885588039664013,1.8293749682710956,1.5272990649178497,Before the historical event,Event not experienced
-1.54,0,0,0,Nuclear-family environmental variance,5,2.2800065435027226,2.2923209384954015,1.5556892217790275,2.9052126030759196,2.25,2.2800065435027226,Before the historical event,Event not experienced
-1.54,0,0,0,Nonshared environmental variance,5,8.949809997333803,9.185040787156007,8.247434350155341,9.561056195905339,9.000000000000002,8.949809997333803,Before the historical event,Event not experienced
-1.54,0,0,0,Phenotypic variance,5,12.757115605754375,12.630129172287765,12.52791104946951,13.036138951130695,13.079374968271097,12.757115605754375,Before the historical event,Event not experienced
-1.54,0,1,0,Additive genetic variance,5,1.5272990649178497,1.5127573741599516,1.2407946106570436,1.885588039664013,1.8293749682710956,1.5272990649178497,Before the historical event,Event experienced
-1.54,0,1,0,Nuclear-family environmental variance,5,2.2800065435027226,2.2923209384954015,1.5556892217790275,2.9052126030759196,2.25,2.2800065435027226,Before the historical event,Event experienced
-1.54,0,1,0,Nonshared environmental variance,5,8.949809997333803,9.185040787156007,8.247434350155341,9.561056195905339,9.000000000000002,8.949809997333803,Before the historical event,Event experienced
-1.54,0,1,0,Phenotypic variance,5,12.757115605754375,12.630129172287765,12.52791104946951,13.036138951130695,13.079374968271097,12.757115605754375,Before the historical event,Event experienced
-1.54,1,0,0,Additive genetic variance,5,1.5272990649178497,1.5127573741599516,1.2407946106570436,1.885588039664013,1.8293749682710956,1.5272990649178497,After the historical event,Event not experienced
-1.54,1,0,0,Nuclear-family environmental variance,5,2.2800065435027226,2.2923209384954015,1.5556892217790275,2.9052126030759196,2.25,2.2800065435027226,After the historical event,Event not experienced
-1.54,1,0,0,Nonshared environmental variance,5,8.949809997333803,9.185040787156007,8.247434350155341,9.561056195905339,9.000000000000002,8.949809997333803,After the historical event,Event not experienced
-1.54,1,0,0,Phenotypic variance,5,12.757115605754375,12.630129172287765,12.52791104946951,13.036138951130695,13.079374968271097,12.757115605754375,After the historical event,Event not experienced
-1.54,1,1,1,Additive genetic variance,5,2.1484435969583004,2.238171227285445,1.7499085903434293,2.6071916969615474,2.7291067589135354,2.1484435969583004,After the historical event,Event experienced
-1.54,1,1,1,Nuclear-family environmental variance,5,2.448203932698061,2.3694153061184946,1.7025164454237252,3.163844070098029,2.25,2.448203932698061,After the historical event,Event experienced
-1.54,1,1,1,Nonshared environmental variance,5,8.804082726342294,9.07873834179623,7.8775141779591085,9.516951039587838,9.000000000000002,8.804082726342294,After the historical event,Event experienced
-1.54,1,1,1,Phenotypic variance,5,13.400730255998656,13.18518980481488,12.917580960320276,14.119436921388134,13.979106758913538,13.400730255998656,After the historical event,Event experienced
-1.52,0,0,0,Additive genetic variance,5,1.553566980478596,1.5378529474767246,1.2659054461726533,1.915543519552578,1.8593265664557528,1.553566980478596,Before the historical event,Event not experienced
-1.52,0,0,0,Nuclear-family environmental variance,5,2.2768419730128584,2.291989452325001,1.558398396193428,2.899211504909533,2.25,2.2768419730128584,Before the historical event,Event not experienced
-1.52,0,0,0,Nonshared environmental variance,5,8.955123481622612,9.186894019197757,8.257584864101155,9.55928434588879,9.000000000000002,8.955123481622612,Before the historical event,Event not experienced
-1.52,0,0,0,Phenotypic variance,5,12.785532435114066,12.655822056395827,12.552295562075603,13.06702676320006,13.109326566455755,12.785532435114066,Before the historical event,Event not experienced
-1.52,0,1,0,Additive genetic variance,5,1.553566980478596,1.5378529474767246,1.2659054461726533,1.915543519552578,1.8593265664557528,1.553566980478596,Before the historical event,Event experienced
-1.52,0,1,0,Nuclear-family environmental variance,5,2.2768419730128584,2.291989452325001,1.558398396193428,2.899211504909533,2.25,2.2768419730128584,Before the historical event,Event experienced
-1.52,0,1,0,Nonshared environmental variance,5,8.955123481622612,9.186894019197757,8.257584864101155,9.55928434588879,9.000000000000002,8.955123481622612,Before the historical event,Event experienced
-1.52,0,1,0,Phenotypic variance,5,12.785532435114066,12.655822056395827,12.552295562075603,13.06702676320006,13.109326566455755,12.785532435114066,Before the historical event,Event experienced
-1.52,1,0,0,Additive genetic variance,5,1.553566980478596,1.5378529474767246,1.2659054461726533,1.915543519552578,1.8593265664557528,1.553566980478596,After the historical event,Event not experienced
-1.52,1,0,0,Nuclear-family environmental variance,5,2.2768419730128584,2.291989452325001,1.558398396193428,2.899211504909533,2.25,2.2768419730128584,After the historical event,Event not experienced
-1.52,1,0,0,Nonshared environmental variance,5,8.955123481622612,9.186894019197757,8.257584864101155,9.55928434588879,9.000000000000002,8.955123481622612,After the historical event,Event not experienced
-1.52,1,0,0,Phenotypic variance,5,12.785532435114066,12.655822056395827,12.552295562075603,13.06702676320006,13.109326566455755,12.785532435114066,After the historical event,Event not experienced
-1.52,1,1,1,Additive genetic variance,5,2.1861845111666303,2.2735467172430197,1.7790538474426087,2.6600621980926897,2.773789292819235,2.1861845111666303,After the historical event,Event experienced
-1.52,1,1,1,Nuclear-family environmental variance,5,2.4447501187822986,2.366225617409047,1.7056341326229312,3.1523691315296967,2.25,2.4447501187822986,After the historical event,Event experienced
-1.52,1,1,1,Nonshared environmental variance,5,8.809193989195723,9.084988505464601,7.887654566962801,9.514746308909302,9.000000000000002,8.809193989195723,After the historical event,Event experienced
-1.52,1,1,1,Phenotypic variance,5,13.440128619144653,13.24465789602533,12.947251206568389,14.160254769599044,14.023789292819236,13.440128619144653,After the historical event,Event experienced
-1.5,0,0,0,Additive genetic variance,5,1.5800449702971695,1.5631368243990513,1.291291743708767,1.9456720450156564,1.8894662109640588,1.5800449702971695,Before the historical event,Event not experienced
-1.5,0,0,0,Nuclear-family environmental variance,5,2.273707228044419,2.2916558369223425,1.5611103340014822,2.8932477632067624,2.25,2.273707228044419,Before the historical event,Event not experienced
-1.5,0,0,0,Nonshared environmental variance,5,8.960400405783858,9.188713664839053,8.267687413267423,9.557517539883044,9.000000000000002,8.960400405783858,Before the historical event,Event not experienced
-1.5,0,0,0,Phenotypic variance,5,12.814152604125447,12.681715360443484,12.576934554558427,13.10087371819263,13.139466210964061,12.814152604125447,Before the historical event,Event not experienced
-1.5,0,1,0,Additive genetic variance,5,1.5800449702971695,1.5631368243990513,1.291291743708767,1.9456720450156564,1.8894662109640588,1.5800449702971695,Before the historical event,Event experienced
-1.5,0,1,0,Nuclear-family environmental variance,5,2.273707228044419,2.2916558369223425,1.5611103340014822,2.8932477632067624,2.25,2.273707228044419,Before the historical event,Event experienced
-1.5,0,1,0,Nonshared environmental variance,5,8.960400405783858,9.188713664839053,8.267687413267423,9.557517539883044,9.000000000000002,8.960400405783858,Before the historical event,Event experienced
-1.5,0,1,0,Phenotypic variance,5,12.814152604125447,12.681715360443484,12.576934554558427,13.10087371819263,13.139466210964061,12.814152604125447,Before the historical event,Event experienced
-1.5,1,0,0,Additive genetic variance,5,1.5800449702971695,1.5631368243990513,1.291291743708767,1.9456720450156564,1.8894662109640588,1.5800449702971695,After the historical event,Event not experienced
-1.5,1,0,0,Nuclear-family environmental variance,5,2.273707228044419,2.2916558369223425,1.5611103340014822,2.8932477632067624,2.25,2.273707228044419,After the historical event,Event not experienced
-1.5,1,0,0,Nonshared environmental variance,5,8.960400405783858,9.188713664839053,8.267687413267423,9.557517539883044,9.000000000000002,8.960400405783858,After the historical event,Event not experienced
-1.5,1,0,0,Phenotypic variance,5,12.814152604125447,12.681715360443484,12.576934554558427,13.10087371819263,13.139466210964061,12.814152604125447,After the historical event,Event not experienced
-1.5,1,1,1,Additive genetic variance,5,2.224242490154347,2.309121195087586,1.8084218376492074,2.713509754208774,2.818752358874854,2.224242490154347,After the historical event,Event experienced
-1.5,1,1,1,Nuclear-family environmental variance,5,2.441329912123374,2.3630826540944274,1.708750774744374,3.1409823509520414,2.25,2.441329912123374,After the historical event,Event experienced
-1.5,1,1,1,Nonshared environmental variance,5,8.814269618379008,9.09117399311448,7.8977501312380936,9.51254970756872,9.000000000000002,8.814269618379008,After the historical event,Event experienced
-1.5,1,1,1,Phenotypic variance,5,13.47984202065673,13.304720021212674,12.977159707795796,14.201319304439133,14.068752358874857,13.47984202065673,After the historical event,Event experienced
-1.48,0,0,0,Additive genetic variance,5,1.6067283693250072,1.5886046649794903,1.3169497224560032,1.9759668878996564,1.9197872279444255,1.6067283693250072,Before the historical event,Event not experienced
-1.48,0,0,0,Nuclear-family environmental variance,5,2.2706021174004847,2.2913200932312,1.5638249899426593,2.8873211856416767,2.25,2.2706021174004847,Before the historical event,Event not experienced
-1.48,0,0,0,Nonshared environmental variance,5,8.965640650213661,9.190499703975803,8.277741791130554,9.55575575435425,9.000000000000002,8.965640650213661,Before the historical event,Event not experienced
-1.48,0,0,0,Phenotypic variance,5,12.842971136939154,12.707804698489221,12.60182387730434,13.134855294863705,13.169787227944427,12.842971136939154,Before the historical event,Event not experienced
-1.48,0,1,0,Additive genetic variance,5,1.6067283693250072,1.5886046649794903,1.3169497224560032,1.9759668878996564,1.9197872279444255,1.6067283693250072,Before the historical event,Event experienced
-1.48,0,1,0,Nuclear-family environmental variance,5,2.2706021174004847,2.2913200932312,1.5638249899426593,2.8873211856416767,2.25,2.2706021174004847,Before the historical event,Event experienced
-1.48,0,1,0,Nonshared environmental variance,5,8.965640650213661,9.190499703975803,8.277741791130554,9.55575575435425,9.000000000000002,8.965640650213661,Before the historical event,Event experienced
-1.48,0,1,0,Phenotypic variance,5,12.842971136939154,12.707804698489221,12.60182387730434,13.134855294863705,13.169787227944427,12.842971136939154,Before the historical event,Event experienced
-1.48,1,0,0,Additive genetic variance,5,1.6067283693250072,1.5886046649794903,1.3169497224560032,1.9759668878996564,1.9197872279444255,1.6067283693250072,After the historical event,Event not experienced
-1.48,1,0,0,Nuclear-family environmental variance,5,2.2706021174004847,2.2913200932312,1.5638249899426593,2.8873211856416767,2.25,2.2706021174004847,After the historical event,Event not experienced
-1.48,1,0,0,Nonshared environmental variance,5,8.965640650213661,9.190499703975803,8.277741791130554,9.55575575435425,9.000000000000002,8.965640650213661,After the historical event,Event not experienced
-1.48,1,0,0,Phenotypic variance,5,12.842971136939154,12.707804698489221,12.60182387730434,13.134855294863705,13.169787227944427,12.842971136939154,After the historical event,Event not experienced
-1.48,1,1,1,Additive genetic variance,5,2.262610954730133,2.3448865926353837,1.8380076385240325,2.7675261691597113,2.863986000863765,2.262610954730133,After the historical event,Event experienced
-1.48,1,1,1,Nuclear-family environmental variance,5,2.4379430993083573,2.3599862413141284,1.7118663376933718,3.129683063809514,2.25,2.4379430993083573,After the historical event,Event experienced
-1.48,1,1,1,Nonshared environmental variance,5,8.81930949865231,9.097294666815928,7.907800665346976,9.510361224176151,9.000000000000002,8.81930949865231,After the historical event,Event experienced
-1.48,1,1,1,Phenotypic variance,5,13.519863552690799,13.365367563157662,13.00730140555393,14.242622972159264,14.113986000863767,13.519863552690799,After the historical event,Event experienced
-1.46,0,0,0,Additive genetic variance,5,1.633612334996532,1.6142519770934336,1.3428753751884495,2.006421136579753,1.950282748158385,1.633612334996532,Before the historical event,Event not experienced
-1.46,0,0,0,Nuclear-family environmental variance,5,2.267526451736031,2.290982222201277,1.5665423189078096,2.881431581402503,2.25,2.267526451736031,Before the historical event,Event not experienced
-1.46,0,0,0,Nonshared environmental variance,5,8.970844095992716,9.192252116872625,8.287747791972432,9.553998965957666,9.000000000000002,8.970844095992716,Before the historical event,Event not experienced
-1.46,0,0,0,Phenotypic variance,5,12.871982882725277,12.734085532404741,12.626959231854938,13.168964336254827,13.200282748158386,12.871982882725277,Before the historical event,Event not experienced
-1.46,0,1,0,Additive genetic variance,5,1.633612334996532,1.6142519770934336,1.3428753751884495,2.006421136579753,1.950282748158385,1.633612334996532,Before the historical event,Event experienced
-1.46,0,1,0,Nuclear-family environmental variance,5,2.267526451736031,2.290982222201277,1.5665423189078096,2.881431581402503,2.25,2.267526451736031,Before the historical event,Event experienced
-1.46,0,1,0,Nonshared environmental variance,5,8.970844095992716,9.192252116872625,8.287747791972432,9.553998965957666,9.000000000000002,8.970844095992716,Before the historical event,Event experienced
-1.46,0,1,0,Phenotypic variance,5,12.871982882725277,12.734085532404741,12.626959231854938,13.168964336254827,13.200282748158386,12.871982882725277,Before the historical event,Event experienced
-1.46,1,0,0,Additive genetic variance,5,1.633612334996532,1.6142519770934336,1.3428753751884495,2.006421136579753,1.950282748158385,1.633612334996532,After the historical event,Event not experienced
-1.46,1,0,0,Nuclear-family environmental variance,5,2.267526451736031,2.290982222201277,1.5665423189078096,2.881431581402503,2.25,2.267526451736031,After the historical event,Event not experienced
-1.46,1,0,0,Nonshared environmental variance,5,8.970844095992716,9.192252116872625,8.287747791972432,9.553998965957666,9.000000000000002,8.970844095992716,After the historical event,Event not experienced
-1.46,1,0,0,Phenotypic variance,5,12.871982882725277,12.734085532404741,12.626959231854938,13.168964336254827,13.200282748158386,12.871982882725277,After the historical event,Event not experienced
-1.46,1,1,1,Additive genetic variance,5,2.301283058540056,2.380834626094302,1.8678061511665995,2.8221027641610528,2.9094799710863684,2.301283058540056,After the historical event,Event experienced
-1.46,1,1,1,Nuclear-family environmental variance,5,2.4345894690418732,2.3569362069443103,1.71498078731612,3.11847061193502,2.25,2.4345894690418732,After the historical event,Event experienced
-1.46,1,1,1,Nonshared environmental variance,5,8.82431351544198,9.103350390021424,7.917805964579855,9.508180847426667,9.000000000000002,8.82431351544198,After the historical event,Event experienced
-1.46,1,1,1,Phenotypic variance,5,13.56018604302391,13.426591398274184,13.037671065699248,14.284157969322509,14.15947997108637,13.56018604302391,After the historical event,Event experienced
-1.44,0,0,0,Additive genetic variance,5,1.6606918472095928,1.6400741166017112,1.3690644666845735,2.037027697440127,1.9809457082762665,1.6606918472095928,Before the historical event,Event not experienced
-1.44,0,0,0,Nuclear-family environmental variance,5,2.2644800435419414,2.2906422247881983,1.5692622759384993,2.8755787611799097,2.25,2.2644800435419414,Before the historical event,Event not experienced
-1.44,0,0,0,Nonshared environmental variance,5,8.97601062489027,9.1939708841632,8.297705210887413,9.552247151538161,9.000000000000002,8.97601062489027,Before the historical event,Event not experienced
-1.44,0,0,0,Phenotypic variance,5,12.901182515641805,12.760553172038115,12.652336170202094,13.203193506590354,13.230945708276268,12.901182515641805,Before the historical event,Event not experienced
-1.44,0,1,0,Additive genetic variance,5,1.6606918472095928,1.6400741166017112,1.3690644666845735,2.037027697440127,1.9809457082762665,1.6606918472095928,Before the historical event,Event experienced
-1.44,0,1,0,Nuclear-family environmental variance,5,2.2644800435419414,2.2906422247881983,1.5692622759384993,2.8755787611799097,2.25,2.2644800435419414,Before the historical event,Event experienced
-1.44,0,1,0,Nonshared environmental variance,5,8.97601062489027,9.1939708841632,8.297705210887413,9.552247151538161,9.000000000000002,8.97601062489027,Before the historical event,Event experienced
-1.44,0,1,0,Phenotypic variance,5,12.901182515641805,12.760553172038115,12.652336170202094,13.203193506590354,13.230945708276268,12.901182515641805,Before the historical event,Event experienced
-1.44,1,0,0,Additive genetic variance,5,1.6606918472095928,1.6400741166017112,1.3690644666845735,2.037027697440127,1.9809457082762665,1.6606918472095928,After the historical event,Event not experienced
-1.44,1,0,0,Nuclear-family environmental variance,5,2.2644800435419414,2.2906422247881983,1.5692622759384993,2.8755787611799097,2.25,2.2644800435419414,After the historical event,Event not experienced
-1.44,1,0,0,Nonshared environmental variance,5,8.97601062489027,9.1939708841632,8.297705210887413,9.552247151538161,9.000000000000002,8.97601062489027,After the historical event,Event not experienced
-1.44,1,0,0,Phenotypic variance,5,12.901182515641805,12.760553172038115,12.652336170202094,13.203193506590354,13.230945708276268,12.901182515641805,After the historical event,Event not experienced
-1.44,1,1,1,Additive genetic variance,5,2.3402516877246047,2.416956797931356,1.8978121003171686,2.8772303745571826,2.955223732293013,2.3402516877246047,After the historical event,Event experienced
-1.44,1,1,1,Nuclear-family environmental variance,5,2.431268812127962,2.353932381581863,1.7180940894002668,3.107344343486573,2.25,2.431268812127962,After the historical event,Event experienced
-1.44,1,1,1,Nonshared environmental variance,5,8.829281554844405,9.109341027570935,7.927765824962495,9.50600856610035,9.000000000000002,8.829281554844405,After the historical event,Event experienced
-1.44,1,1,1,Phenotypic variance,5,13.600802054696972,13.488381892952006,13.06826327848952,14.325916243493301,14.205223732293014,13.600802054696972,After the historical event,Event experienced
-1.42,0,0,0,Additive genetic variance,5,1.6879617084465042,1.6660662876275745,1.3955125323278668,2.0677792965197836,2.0117688523500443,1.6879617084465042,Before the historical event,Event not experienced
-1.42,0,0,0,Nuclear-family environmental variance,5,2.2614627071292155,2.290300101953509,1.5719848162263645,2.869762537155413,2.25,2.2614627071292155,Before the historical event,Event not experienced
-1.42,0,0,0,Nonshared environmental variance,5,8.981140119368108,9.19565598685065,8.307613843789312,9.550500288130667,9.000000000000002,8.981140119368108,Before the historical event,Event not experienced
-1.42,0,0,0,Phenotypic variance,5,12.930564534943828,12.787202775491306,12.677950094187867,13.237535292917253,13.261768852350047,12.930564534943828,Before the historical event,Event not experienced
-1.42,0,1,0,Additive genetic variance,5,1.6879617084465042,1.6660662876275745,1.3955125323278668,2.0677792965197836,2.0117688523500443,1.6879617084465042,Before the historical event,Event experienced
-1.42,0,1,0,Nuclear-family environmental variance,5,2.2614627071292155,2.290300101953509,1.5719848162263645,2.869762537155413,2.25,2.2614627071292155,Before the historical event,Event experienced
-1.42,0,1,0,Nonshared environmental variance,5,8.981140119368108,9.19565598685065,8.307613843789312,9.550500288130667,9.000000000000002,8.981140119368108,Before the historical event,Event experienced
-1.42,0,1,0,Phenotypic variance,5,12.930564534943828,12.787202775491306,12.677950094187867,13.237535292917253,13.261768852350047,12.930564534943828,Before the historical event,Event experienced
-1.42,1,0,0,Additive genetic variance,5,1.6879617084465042,1.6660662876275745,1.3955125323278668,2.0677792965197836,2.0117688523500443,1.6879617084465042,After the historical event,Event not experienced
-1.42,1,0,0,Nuclear-family environmental variance,5,2.2614627071292155,2.290300101953509,1.5719848162263645,2.869762537155413,2.25,2.2614627071292155,After the historical event,Event not experienced
-1.42,1,0,0,Nonshared environmental variance,5,8.981140119368108,9.19565598685065,8.307613843789312,9.550500288130667,9.000000000000002,8.981140119368108,After the historical event,Event not experienced
-1.42,1,0,0,Phenotypic variance,5,12.930564534943828,12.787202775491306,12.677950094187867,13.237535292917253,13.261768852350047,12.930564534943828,After the historical event,Event not experienced
-1.42,1,1,1,Additive genetic variance,5,2.379509460787715,2.4532443989368695,1.9280200345895047,2.9328993469725675,3.00120645988123,2.379509460787715,After the historical event,Event experienced
-1.42,1,1,1,Nuclear-family environmental variance,5,2.427980921452159,2.3509745985287256,1.7212062096754952,3.0963036128846655,2.25,2.427980921452159,After the historical event,Event experienced
-1.42,1,1,1,Nonshared environmental variance,5,8.834213503629808,9.115266445696959,7.937680043262927,9.50384436906226,9.000000000000002,8.834213503629808,After the historical event,Event experienced
-1.42,1,1,1,Phenotypic variance,5,13.641703885869681,13.550728900307952,13.09907245881089,14.367889494130656,14.251206459881232,13.641703885869681,After the historical event,Event experienced
-1.4,0,0,0,Additive genetic variance,5,1.7154165440380214,1.6922235429496664,1.4222148768923657,2.098668481324949,2.0427447334647515,1.7154165440380214,Before the historical event,Event not experienced
-1.4,0,0,0,Nuclear-family environmental variance,5,2.258474258613361,2.289955854664667,1.5747098951124912,2.86398272298989,2.25,2.258474258613361,Before the historical event,Event not experienced
-1.4,0,0,0,Nonshared environmental variance,5,8.98623246258447,9.197307406307852,8.317473487418354,9.548758352960617,9.000000000000002,8.98623246258447,Before the historical event,Event not experienced
-1.4,0,0,0,Phenotypic variance,5,12.960123265235852,12.814029349513685,12.703796255011602,13.27198200691163,13.292744733464753,12.960123265235852,Before the historical event,Event not experienced
-1.4,0,1,0,Additive genetic variance,5,1.7154165440380214,1.6922235429496664,1.4222148768923657,2.098668481324949,2.0427447334647515,1.7154165440380214,Before the historical event,Event experienced
-1.4,0,1,0,Nuclear-family environmental variance,5,2.258474258613361,2.289955854664667,1.5747098951124912,2.86398272298989,2.25,2.258474258613361,Before the historical event,Event experienced
-1.4,0,1,0,Nonshared environmental variance,5,8.98623246258447,9.197307406307852,8.317473487418354,9.548758352960617,9.000000000000002,8.98623246258447,Before the historical event,Event experienced
-1.4,0,1,0,Phenotypic variance,5,12.960123265235852,12.814029349513685,12.703796255011602,13.27198200691163,13.292744733464753,12.960123265235852,Before the historical event,Event experienced
-1.4,1,0,0,Additive genetic variance,5,1.7154165440380214,1.6922235429496664,1.4222148768923657,2.098668481324949,2.0427447334647515,1.7154165440380214,After the historical event,Event not experienced
-1.4,1,0,0,Nuclear-family environmental variance,5,2.258474258613361,2.289955854664667,1.5747098951124912,2.86398272298989,2.25,2.258474258613361,After the historical event,Event not experienced
-1.4,1,0,0,Nonshared environmental variance,5,8.98623246258447,9.197307406307852,8.317473487418354,9.548758352960617,9.000000000000002,8.98623246258447,After the historical event,Event not experienced
-1.4,1,0,0,Phenotypic variance,5,12.960123265235852,12.814029349513685,12.703796255011602,13.27198200691163,13.292744733464753,12.960123265235852,After the historical event,Event not experienced
-1.4,1,1,1,Additive genetic variance,5,2.4190487286817666,2.489688510486416,1.9584243268362902,2.989099536862017,3.04741704435935,2.4190487286817666,After the historical event,Event experienced
-1.4,1,1,1,Nuclear-family environmental variance,5,2.4247255919637953,2.348062693776479,1.724317113814104,3.085347780750346,2.25,2.4247255919637953,After the historical event,Event experienced
-1.4,1,1,1,Nonshared environmental variance,5,8.839109249246043,9.121126512029498,7.947548416998344,9.50168824526242,9.000000000000002,8.839109249246043,After the historical event,Event experienced
-1.4,1,1,1,Phenotypic variance,5,13.682883569891604,13.613621757357382,13.13009284653767,14.410069173687887,14.297417044359351,13.682883569891604,After the historical event,Event experienced
-1.38,0,0,0,Additive genetic variance,5,1.7430508025724893,1.7185407845124827,1.4491665735180534,2.129687622808894,2.0738657155696565,1.7430508025724893,Before the historical event,Event not experienced
-1.38,0,0,0,Nuclear-family environmental variance,5,2.255514515898977,2.289609483895041,1.5774374680868137,2.858239133812202,2.25,2.255514515898977,Before the historical event,Event not experienced
-1.38,0,0,0,Nonshared environmental variance,5,8.991287538397984,9.198925124277821,8.32728393934811,9.547021323444392,9.000000000000002,8.991287538397984,Before the historical event,Event not experienced
-1.38,0,0,0,Phenotypic variance,5,12.98985285686945,12.841027750013005,12.729869752846449,13.306525786852808,13.323865715569658,12.98985285686945,Before the historical event,Event not experienced
-1.38,0,1,0,Additive genetic variance,5,1.7430508025724893,1.7185407845124827,1.4491665735180534,2.129687622808894,2.0738657155696565,1.7430508025724893,Before the historical event,Event experienced
-1.38,0,1,0,Nuclear-family environmental variance,5,2.255514515898977,2.289609483895041,1.5774374680868137,2.858239133812202,2.25,2.255514515898977,Before the historical event,Event experienced
-1.38,0,1,0,Nonshared environmental variance,5,8.991287538397984,9.198925124277821,8.32728393934811,9.547021323444392,9.000000000000002,8.991287538397984,Before the historical event,Event experienced
-1.38,0,1,0,Phenotypic variance,5,12.98985285686945,12.841027750013005,12.729869752846449,13.306525786852808,13.323865715569658,12.98985285686945,Before the historical event,Event experienced
-1.38,1,0,0,Additive genetic variance,5,1.7430508025724893,1.7185407845124827,1.4491665735180534,2.129687622808894,2.0738657155696565,1.7430508025724893,After the historical event,Event not experienced
-1.38,1,0,0,Nuclear-family environmental variance,5,2.255514515898977,2.289609483895041,1.5774374680868137,2.858239133812202,2.25,2.255514515898977,After the historical event,Event not experienced
-1.38,1,0,0,Nonshared environmental variance,5,8.991287538397984,9.198925124277821,8.32728393934811,9.547021323444392,9.000000000000002,8.991287538397984,After the historical event,Event not experienced
-1.38,1,0,0,Phenotypic variance,5,12.98985285686945,12.841027750013005,12.729869752846449,13.306525786852808,13.323865715569658,12.98985285686945,After the historical event,Event not experienced
-1.38,1,1,1,Additive genetic variance,5,2.4588615751123335,2.5262800070014024,1.9890191746489831,3.0458203064705676,3.093844094078299,2.4588615751123335,After the historical event,Event experienced
-1.38,1,1,1,Nuclear-family environmental variance,5,2.4215026206585093,2.345196505991191,1.7274267674315924,3.0744762138439823,2.25,2.4215026206585093,After the historical event,Event experienced
-1.38,1,1,1,Nonshared environmental variance,5,8.843968679822373,9.126921095600983,7.957370744441973,9.500437446505687,9.000000000000002,8.843968679822373,After the historical event,Event experienced
-1.38,1,1,1,Phenotypic variance,5,13.724332875593214,13.677049282617526,13.161318507026651,14.452446488921222,14.343844094078301,13.724332875593214,After the historical event,Event experienced
-1.3599999999999999,0,0,0,Additive genetic variance,5,1.7708587564522598,1.745012764055739,1.4763624628809955,2.160828917519818,2.1051239754902435,1.7708587564522598,Before the historical event,Event not experienced
-1.3599999999999999,0,0,0,Nuclear-family environmental variance,5,2.252583298664521,2.2892609906239034,1.5801674907875394,2.852531586207937,2.25,2.252583298664521,Before the historical event,Event not experienced
-1.3599999999999999,0,0,0,Nonshared environmental variance,5,8.996305231371569,9.20050912287402,8.337044997992413,9.54528917718977,9.000000000000002,8.996305231371569,Before the historical event,Event not experienced
-1.3599999999999999,0,0,0,Phenotypic variance,5,13.01974728648835,12.868192682685347,12.756165536567464,13.341158599765585,13.355123975490246,13.01974728648835,Before the historical event,Event not experienced
-1.3599999999999999,0,1,0,Additive genetic variance,5,1.7708587564522598,1.745012764055739,1.4763624628809955,2.160828917519818,2.1051239754902435,1.7708587564522598,Before the historical event,Event experienced
-1.3599999999999999,0,1,0,Nuclear-family environmental variance,5,2.252583298664521,2.2892609906239034,1.5801674907875394,2.852531586207937,2.25,2.252583298664521,Before the historical event,Event experienced
-1.3599999999999999,0,1,0,Nonshared environmental variance,5,8.996305231371569,9.20050912287402,8.337044997992413,9.54528917718977,9.000000000000002,8.996305231371569,Before the historical event,Event experienced
-1.3599999999999999,0,1,0,Phenotypic variance,5,13.01974728648835,12.868192682685347,12.756165536567464,13.341158599765585,13.355123975490246,13.01974728648835,Before the historical event,Event experienced
-1.3599999999999999,1,0,0,Additive genetic variance,5,1.7708587564522598,1.745012764055739,1.4763624628809955,2.160828917519818,2.1051239754902435,1.7708587564522598,After the historical event,Event not experienced
-1.3599999999999999,1,0,0,Nuclear-family environmental variance,5,2.252583298664521,2.2892609906239034,1.5801674907875394,2.852531586207937,2.25,2.252583298664521,After the historical event,Event not experienced
-1.3599999999999999,1,0,0,Nonshared environmental variance,5,8.996305231371569,9.20050912287402,8.337044997992413,9.54528917718977,9.000000000000002,8.996305231371569,After the historical event,Event not experienced
-1.3599999999999999,1,0,0,Phenotypic variance,5,13.01974728648835,12.868192682685347,12.756165536567464,13.341158599765585,13.355123975490246,13.01974728648835,After the historical event,Event not experienced
-1.3599999999999999,1,1,1,Additive genetic variance,5,2.4989398170663155,2.56300955860895,2.0197986009938242,3.103050523213329,3.140475938233121,2.4989398170663155,After the historical event,Event experienced
-1.3599999999999999,1,1,1,Nuclear-family environmental variance,5,2.418311806560975,2.3423758764985214,1.7305351360872496,3.0636882850047273,2.25,2.418311806560975,After the historical event,Event experienced
-1.3599999999999999,1,1,1,Nonshared environmental variance,5,8.848791684173214,9.132650066851143,7.967146824629943,9.501653833366673,9.000000000000002,8.848791684173214,After the historical event,Event experienced
-1.3599999999999999,1,1,1,Phenotypic variance,5,13.766043307800505,13.740999774153885,13.192743331747653,14.49501240240932,14.390475938233124,13.766043307800505,After the historical event,Event experienced
-1.3399999999999999,0,0,0,Additive genetic variance,5,1.7988345025993573,1.7716340838639546,1.50379715256291,2.192084389917322,2.1365115051218235,1.7988345025993573,Before the historical event,Event not experienced
-1.3399999999999999,0,0,0,Nuclear-family environmental variance,5,2.2496804283472582,2.2889103758364273,1.5828999190005923,2.8468598982082463,2.25,2.2496804283472582,Before the historical event,Event not experienced
-1.3399999999999999,0,0,0,Nonshared environmental variance,5,9.001285426776317,9.202059384580691,8.346756462612243,9.54356189199636,9.000000000000002,9.001285426776317,Before the historical event,Event not experienced
-1.3399999999999999,0,0,0,Phenotypic variance,5,13.049800357722933,12.895518703765234,12.782678403593398,13.375872243731237,13.386511505121826,13.049800357722933,Before the historical event,Event not experienced
-1.3399999999999999,0,1,0,Additive genetic variance,5,1.7988345025993573,1.7716340838639546,1.50379715256291,2.192084389917322,2.1365115051218235,1.7988345025993573,Before the historical event,Event experienced
-1.3399999999999999,0,1,0,Nuclear-family environmental variance,5,2.2496804283472582,2.2889103758364273,1.5828999190005923,2.8468598982082463,2.25,2.2496804283472582,Before the historical event,Event experienced
-1.3399999999999999,0,1,0,Nonshared environmental variance,5,9.001285426776317,9.202059384580691,8.346756462612243,9.54356189199636,9.000000000000002,9.001285426776317,Before the historical event,Event experienced
-1.3399999999999999,0,1,0,Phenotypic variance,5,13.049800357722933,12.895518703765234,12.782678403593398,13.375872243731237,13.386511505121826,13.049800357722933,Before the historical event,Event experienced
-1.3399999999999999,1,0,0,Additive genetic variance,5,1.7988345025993573,1.7716340838639546,1.50379715256291,2.192084389917322,2.1365115051218235,1.7988345025993573,After the historical event,Event not experienced
-1.3399999999999999,1,0,0,Nuclear-family environmental variance,5,2.2496804283472582,2.2889103758364273,1.5828999190005923,2.8468598982082463,2.25,2.2496804283472582,After the historical event,Event not experienced
-1.3399999999999999,1,0,0,Nonshared environmental variance,5,9.001285426776317,9.202059384580691,8.346756462612243,9.54356189199636,9.000000000000002,9.001285426776317,After the historical event,Event not experienced
-1.3399999999999999,1,0,0,Phenotypic variance,5,13.049800357722933,12.895518703765234,12.782678403593398,13.375872243731237,13.386511505121826,13.049800357722933,After the historical event,Event not experienced
-1.3399999999999999,1,1,1,Additive genetic variance,5,2.5392750055668585,2.599867634001528,2.0507564549855792,3.1607785584852373,3.18730063013546,2.5392750055668585,After the historical event,Event experienced
-1.3399999999999999,1,1,1,Nuclear-family environmental variance,5,2.4151529507078364,2.339600649269088,1.7336421852847432,3.0529833730906457,2.25,2.4151529507078364,After the historical event,Event experienced
-1.3399999999999999,1,1,1,Nonshared environmental variance,5,8.853578151801885,9.138313297631855,7.976876457368112,9.502840141990267,9.000000000000002,8.853578151801885,After the historical event,Event experienced
-1.3399999999999999,1,1,1,Phenotypic variance,5,13.80800610807658,13.805461008080503,13.224361039051875,14.53775763428563,14.43730063013546,13.80800610807658,After the historical event,Event experienced
-1.32,0,0,0,Additive genetic variance,5,1.826971963312229,1.7983991976374583,1.531465016624694,2.2234458948577362,2.168020113805423,1.826971963312229,Before the historical event,Event not experienced
-1.32,0,0,0,Nuclear-family environmental variance,5,2.2468057281283915,2.288557640523683,1.5856347086590799,2.8412238892788104,2.25,2.2468057281283915,Before the historical event,Event not experienced
-1.32,0,0,0,Nonshared environmental variance,5,9.00622801059536,9.203575892253204,8.356418133322613,9.54183944585602,9.000000000000002,9.00622801059536,Before the historical event,Event not experienced
-1.32,0,0,0,Phenotypic variance,5,13.080005702035981,12.923000220897194,12.809402999844213,13.410658350367472,13.418020113805426,13.080005702035981,Before the historical event,Event not experienced
-1.32,0,1,0,Additive genetic variance,5,1.826971963312229,1.7983991976374583,1.531465016624694,2.2234458948577362,2.168020113805423,1.826971963312229,Before the historical event,Event experienced
-1.32,0,1,0,Nuclear-family environmental variance,5,2.2468057281283915,2.288557640523683,1.5856347086590799,2.8412238892788104,2.25,2.2468057281283915,Before the historical event,Event experienced
-1.32,0,1,0,Nonshared environmental variance,5,9.00622801059536,9.203575892253204,8.356418133322613,9.54183944585602,9.000000000000002,9.00622801059536,Before the historical event,Event experienced
-1.32,0,1,0,Phenotypic variance,5,13.080005702035981,12.923000220897194,12.809402999844213,13.410658350367472,13.418020113805426,13.080005702035981,Before the historical event,Event experienced
-1.32,1,0,0,Additive genetic variance,5,1.826971963312229,1.7983991976374583,1.531465016624694,2.2234458948577362,2.168020113805423,1.826971963312229,After the historical event,Event not experienced
-1.32,1,0,0,Nuclear-family environmental variance,5,2.2468057281283915,2.288557640523683,1.5856347086590799,2.8412238892788104,2.25,2.2468057281283915,After the historical event,Event not experienced
-1.32,1,0,0,Nonshared environmental variance,5,9.00622801059536,9.203575892253204,8.356418133322613,9.54183944585602,9.000000000000002,9.00622801059536,After the historical event,Event not experienced
-1.32,1,0,0,Phenotypic variance,5,13.080005702035981,12.923000220897194,12.809402999844213,13.410658350367472,13.418020113805426,13.080005702035981,After the historical event,Event not experienced
-1.32,1,1,1,Additive genetic variance,5,2.579858426658279,2.6368445034965804,2.081886412800476,3.2189922869103187,3.234305950757968,2.579858426658279,After the historical event,Event experienced
-1.32,1,1,1,Nuclear-family environmental variance,5,2.412025856130859,2.336870670904086,1.7367478804727146,3.042360862919535,2.25,2.412025856130859,After the historical event,Event experienced
-1.32,1,1,1,Nonshared environmental variance,5,8.858327972904311,9.143910661211901,7.986559443238897,9.503996355447061,9.000000000000002,8.858327972904311,After the historical event,Event experienced
-1.32,1,1,1,Phenotypic variance,5,13.85021225569345,13.870420237524618,13.256165175079536,14.58067266418539,14.48430595075797,13.85021225569345,After the historical event,Event experienced
-1.3,0,0,0,Additive genetic variance,5,1.8552648872752855,1.8253024114859258,1.5593601953882643,2.254905120248472,2.199641430886406,1.8552648872752855,Before the historical event,Event not experienced
-1.3,0,0,0,Nuclear-family environmental variance,5,2.2439590229183737,2.288202785682629,1.588371815842781,2.8356233803088884,2.25,2.2439590229183737,Before the historical event,Event not experienced
-1.3,0,0,0,Nonshared environmental variance,5,9.011132869527696,9.205058629118335,8.366029811099391,9.540121816953308,9.000000000000002,9.011132869527696,Before the historical event,Event not experienced
-1.3,0,0,0,Phenotypic variance,5,13.110356779721355,12.950631494129855,12.83633381981615,13.445508387477538,13.449641430886407,13.110356779721355,Before the historical event,Event not experienced
-1.3,0,1,0,Additive genetic variance,5,1.8552648872752855,1.8253024114859258,1.5593601953882643,2.254905120248472,2.199641430886406,1.8552648872752855,Before the historical event,Event experienced
-1.3,0,1,0,Nuclear-family environmental variance,5,2.2439590229183737,2.288202785682629,1.588371815842781,2.8356233803088884,2.25,2.2439590229183737,Before the historical event,Event experienced
-1.3,0,1,0,Nonshared environmental variance,5,9.011132869527696,9.205058629118335,8.366029811099391,9.540121816953308,9.000000000000002,9.011132869527696,Before the historical event,Event experienced
-1.3,0,1,0,Phenotypic variance,5,13.110356779721355,12.950631494129855,12.83633381981615,13.445508387477538,13.449641430886407,13.110356779721355,Before the historical event,Event experienced
-1.3,1,0,0,Additive genetic variance,5,1.8552648872752855,1.8253024114859258,1.5593601953882643,2.254905120248472,2.199641430886406,1.8552648872752855,After the historical event,Event not experienced
-1.3,1,0,0,Nuclear-family environmental variance,5,2.2439590229183737,2.288202785682629,1.588371815842781,2.8356233803088884,2.25,2.2439590229183737,After the historical event,Event not experienced
-1.3,1,0,0,Nonshared environmental variance,5,9.011132869527696,9.205058629118335,8.366029811099391,9.540121816953308,9.000000000000002,9.011132869527696,After the historical event,Event not experienced
-1.3,1,0,0,Phenotypic variance,5,13.110356779721355,12.950631494129855,12.83633381981615,13.445508387477538,13.449641430886407,13.110356779721355,After the historical event,Event not experienced
-1.3,1,1,1,Additive genetic variance,5,2.6206811026240096,2.67393024229617,2.1131819787296937,3.277679086039672,3.2814794125513234,2.6206811026240096,After the historical event,Event experienced
-1.3,1,1,1,Nuclear-family environmental variance,5,2.408930327840275,2.334185790621156,1.7398521870453731,3.031820145210388,2.25,2.408930327840275,After the historical event,Event experienced
-1.3,1,1,1,Nonshared environmental variance,5,8.863041038372712,9.149442032281693,7.996195583608047,9.505122457158036,9.000000000000002,8.863041038372712,After the historical event,Event experienced
-1.3,1,1,1,Phenotypic variance,5,13.892652468836996,13.935864192065663,13.2881491148081,14.623747733408583,14.531479412551326,13.892652468836996,After the historical event,Event experienced
-1.28,0,0,0,Additive genetic variance,5,1.8837068507227819,1.8523378850454324,1.5874765954308556,2.2864535898713085,2.2313669084560703,1.8837068507227819,Before the historical event,Event not experienced
-1.28,0,0,0,Nuclear-family environmental variance,5,2.2411401393423924,2.287845812316112,1.5911111967776563,2.830058193600491,2.25,2.2411401393423924,Before the historical event,Event not experienced
-1.28,0,0,0,Nonshared environmental variance,5,9.015999890992024,9.206507578774602,8.375591297786132,9.538408983665889,9.000000000000002,9.015999890992024,Before the historical event,Event not experienced
-1.28,0,0,0,Phenotypic variance,5,13.140846881057199,12.979511359465867,12.863354734533065,13.480413661868418,13.481366908456073,13.140846881057199,Before the historical event,Event not experienced
-1.28,0,1,0,Additive genetic variance,5,1.8837068507227819,1.8523378850454324,1.5874765954308556,2.2864535898713085,2.2313669084560703,1.8837068507227819,Before the historical event,Event experienced
-1.28,0,1,0,Nuclear-family environmental variance,5,2.2411401393423924,2.287845812316112,1.5911111967776563,2.830058193600491,2.25,2.2411401393423924,Before the historical event,Event experienced
-1.28,0,1,0,Nonshared environmental variance,5,9.015999890992024,9.206507578774602,8.375591297786132,9.538408983665889,9.000000000000002,9.015999890992024,Before the historical event,Event experienced
-1.28,0,1,0,Phenotypic variance,5,13.140846881057199,12.979511359465867,12.863354734533065,13.480413661868418,13.481366908456073,13.140846881057199,Before the historical event,Event experienced
-1.28,1,0,0,Additive genetic variance,5,1.8837068507227819,1.8523378850454324,1.5874765954308556,2.2864535898713085,2.2313669084560703,1.8837068507227819,After the historical event,Event not experienced
-1.28,1,0,0,Nuclear-family environmental variance,5,2.2411401393423924,2.287845812316112,1.5911111967776563,2.830058193600491,2.25,2.2411401393423924,After the historical event,Event not experienced
-1.28,1,0,0,Nonshared environmental variance,5,9.015999890992024,9.206507578774602,8.375591297786132,9.538408983665889,9.000000000000002,9.015999890992024,After the historical event,Event not experienced
-1.28,1,0,0,Phenotypic variance,5,13.140846881057199,12.979511359465867,12.863354734533065,13.480413661868418,13.481366908456073,13.140846881057199,After the historical event,Event not experienced
-1.28,1,1,1,Additive genetic variance,5,2.6617337934403382,2.7111147339464434,2.144636486374627,3.3368258365069408,3.3288082635342127,2.6617337934403382,After the historical event,Event experienced
-1.28,1,1,1,Nuclear-family environmental variance,5,2.4058661728083455,2.3315458602405097,1.7429550703430963,3.0213606165255293,2.25,2.4058661728083455,After the historical event,Event experienced
-1.28,1,1,1,Nonshared environmental variance,5,8.86771723979929,9.154907286957965,8.005784680631452,9.506218430894858,9.000000000000002,8.86771723979929,After the historical event,Event experienced
-1.28,1,1,1,Phenotypic variance,5,13.935317206047975,14.001779077658306,13.320306063242404,14.666972847300368,14.578808263534214,13.935317206047975,After the historical event,Event experienced
-1.26,0,0,0,Additive genetic variance,5,1.912291258758461,1.8794996327199092,1.6158078897957546,2.3180826663744076,2.2631878242762737,1.912291258758461,Before the historical event,Event not experienced
-1.26,0,0,0,Nuclear-family environmental variance,5,2.2383489057260357,2.287486721432861,1.5938528078353789,2.8245281528576536,2.25,2.2383489057260357,Before the historical event,Event not experienced
-1.26,0,0,0,Nonshared environmental variance,5,9.020828963130539,9.20792272519255,8.385102396100882,9.536700924564945,9.000000000000002,9.020828963130539,Before the historical event,Event not experienced
-1.26,0,0,0,Phenotypic variance,5,13.171469127615035,13.013213321213614,12.890101982751172,13.515365322337837,13.513187824276276,13.171469127615035,Before the historical event,Event not experienced
-1.26,0,1,0,Additive genetic variance,5,1.912291258758461,1.8794996327199092,1.6158078897957546,2.3180826663744076,2.2631878242762737,1.912291258758461,Before the historical event,Event experienced
-1.26,0,1,0,Nuclear-family environmental variance,5,2.2383489057260357,2.287486721432861,1.5938528078353789,2.8245281528576536,2.25,2.2383489057260357,Before the historical event,Event experienced
-1.26,0,1,0,Nonshared environmental variance,5,9.020828963130539,9.20792272519255,8.385102396100882,9.536700924564945,9.000000000000002,9.020828963130539,Before the historical event,Event experienced
-1.26,0,1,0,Phenotypic variance,5,13.171469127615035,13.013213321213614,12.890101982751172,13.515365322337837,13.513187824276276,13.171469127615035,Before the historical event,Event experienced
-1.26,1,0,0,Additive genetic variance,5,1.912291258758461,1.8794996327199092,1.6158078897957546,2.3180826663744076,2.2631878242762737,1.912291258758461,After the historical event,Event not experienced
-1.26,1,0,0,Nuclear-family environmental variance,5,2.2383489057260357,2.287486721432861,1.5938528078353789,2.8245281528576536,2.25,2.2383489057260357,After the historical event,Event not experienced
-1.26,1,0,0,Nonshared environmental variance,5,9.020828963130539,9.20792272519255,8.385102396100882,9.536700924564945,9.000000000000002,9.020828963130539,After the historical event,Event not experienced
-1.26,1,0,0,Phenotypic variance,5,13.171469127615035,13.013213321213614,12.890101982751172,13.515365322337837,13.513187824276276,13.171469127615035,After the historical event,Event not experienced
-1.26,1,1,1,Additive genetic variance,5,2.703006998468519,2.7483876739965023,2.176243099985016,3.396418922649665,3.376279491656356,2.703006998468519,After the historical event,Event experienced
-1.26,1,1,1,Nuclear-family environmental variance,5,2.402833199953117,2.328950734171305,1.7460564956530296,3.01098167921339,2.25,2.402833199953117,After the historical event,Event experienced
-1.26,1,1,1,Nonshared environmental variance,5,8.872356469479879,9.16030630278838,8.015326537261878,9.507284260780166,9.000000000000002,8.872356469479879,After the historical event,Event experienced
-1.26,1,1,1,Phenotypic variance,5,13.978196667901514,14.068150577048588,13.35262905674767,14.710337777849912,14.626279491656359,13.978196667901514,After the historical event,Event experienced
-1.24,0,0,0,Additive genetic variance,5,1.9410113468322099,1.9067815250477675,1.6443475184232097,2.349783554432599,2.2950952848869286,1.9410113468322099,Before the historical event,Event not experienced
-1.24,0,0,0,Nuclear-family environmental variance,5,2.235585152081126,2.2871255140474793,1.596596605532887,2.8190330831758055,2.25,2.235585152081126,Before the historical event,Event not experienced
-1.24,0,0,0,Nonshared environmental variance,5,9.02561997481271,9.209304052715076,8.394562909642932,9.534997618415602,9.000000000000002,9.02561997481271,Before the historical event,Event not experienced
-1.24,0,0,0,Phenotypic variance,5,13.202216473726047,13.04710842007271,12.917031884725752,13.550354362829692,13.54509528488693,13.202216473726047,Before the historical event,Event not experienced
-1.24,0,1,0,Additive genetic variance,5,1.9410113468322099,1.9067815250477675,1.6443475184232097,2.349783554432599,2.2950952848869286,1.9410113468322099,Before the historical event,Event experienced
-1.24,0,1,0,Nuclear-family environmental variance,5,2.235585152081126,2.2871255140474793,1.596596605532887,2.8190330831758055,2.25,2.235585152081126,Before the historical event,Event experienced
-1.24,0,1,0,Nonshared environmental variance,5,9.02561997481271,9.209304052715076,8.394562909642932,9.534997618415602,9.000000000000002,9.02561997481271,Before the historical event,Event experienced
-1.24,0,1,0,Phenotypic variance,5,13.202216473726047,13.04710842007271,12.917031884725752,13.550354362829692,13.54509528488693,13.202216473726047,Before the historical event,Event experienced
-1.24,1,0,0,Additive genetic variance,5,1.9410113468322099,1.9067815250477675,1.6443475184232097,2.349783554432599,2.2950952848869286,1.9410113468322099,After the historical event,Event not experienced
-1.24,1,0,0,Nuclear-family environmental variance,5,2.235585152081126,2.2871255140474793,1.596596605532887,2.8190330831758055,2.25,2.235585152081126,After the historical event,Event not experienced
-1.24,1,0,0,Nonshared environmental variance,5,9.02561997481271,9.209304052715076,8.394562909642932,9.534997618415602,9.000000000000002,9.02561997481271,After the historical event,Event not experienced
-1.24,1,0,0,Phenotypic variance,5,13.202216473726047,13.04710842007271,12.917031884725752,13.550354362829692,13.54509528488693,13.202216473726047,After the historical event,Event not experienced
-1.24,1,1,1,Additive genetic variance,5,2.7444909583875816,2.7857385738560354,2.2079948159409266,3.456444233604393,3.4238798294343478,2.7444909583875816,After the historical event,Event experienced
-1.24,1,1,1,Nuclear-family environmental variance,5,2.399831220122379,2.3264002693982624,1.749156428209691,3.0006827413519264,2.25,2.399831220122379,After the historical event,Event experienced
-1.24,1,1,1,Nonshared environmental variance,5,8.876958620417573,9.165638958756118,8.024820957255711,9.50831993128783,9.000000000000002,8.876958620417573,After the historical event,Event experienced
-1.24,1,1,1,Phenotypic variance,5,14.021280798927535,14.13496385069191,13.385110964526472,14.753832066508561,14.67387982943435,14.021280798927535,After the historical event,Event experienced
-1.22,0,0,0,Additive genetic variance,5,1.9698601823748334,1.9341772901943404,1.6730886888050551,2.3815473040753394,2.3270802288959955,1.9698601823748334,Before the historical event,Event not experienced
-1.22,0,0,0,Nuclear-family environmental variance,5,2.23284871009173,2.286762191180445,1.5993425465319566,2.813572811031257,2.25,2.23284871009173,Before the historical event,Event not experienced
-1.22,0,0,0,Nonshared environmental variance,5,9.030372815639033,9.210651546057674,8.403972642899593,9.53329904417733,9.000000000000002,9.030372815639033,Before the historical event,Event not experienced
-1.22,0,0,0,Phenotypic variance,5,13.233081708105596,13.081189347916816,12.944138431445094,13.585371625757238,13.577080228895998,13.233081708105596,Before the historical event,Event not experienced
-1.22,0,1,0,Additive genetic variance,5,1.9698601823748334,1.9341772901943404,1.6730886888050551,2.3815473040753394,2.3270802288959955,1.9698601823748334,Before the historical event,Event experienced
-1.22,0,1,0,Nuclear-family environmental variance,5,2.23284871009173,2.286762191180445,1.5993425465319566,2.813572811031257,2.25,2.23284871009173,Before the historical event,Event experienced
-1.22,0,1,0,Nonshared environmental variance,5,9.030372815639033,9.210651546057674,8.403972642899593,9.53329904417733,9.000000000000002,9.030372815639033,Before the historical event,Event experienced
-1.22,0,1,0,Phenotypic variance,5,13.233081708105596,13.081189347916816,12.944138431445094,13.585371625757238,13.577080228895998,13.233081708105596,Before the historical event,Event experienced
-1.22,1,0,0,Additive genetic variance,5,1.9698601823748334,1.9341772901943404,1.6730886888050551,2.3815473040753394,2.3270802288959955,1.9698601823748334,After the historical event,Event not experienced
-1.22,1,0,0,Nuclear-family environmental variance,5,2.23284871009173,2.286762191180445,1.5993425465319566,2.813572811031257,2.25,2.23284871009173,After the historical event,Event not experienced
-1.22,1,0,0,Nonshared environmental variance,5,9.030372815639033,9.210651546057674,8.403972642899593,9.53329904417733,9.000000000000002,9.030372815639033,After the historical event,Event not experienced
-1.22,1,0,0,Phenotypic variance,5,13.233081708105596,13.081189347916816,12.944138431445094,13.585371625757238,13.577080228895998,13.233081708105596,After the historical event,Event not experienced
-1.22,1,1,1,Additive genetic variance,5,2.7861756573699283,2.8231567648508418,2.2398844643793994,3.516887164882998,3.471595758859747,2.7861756573699283,After the historical event,Event experienced
-1.22,1,1,1,Nuclear-family environmental variance,5,2.3968600460778235,2.3238943254685345,1.7522548331955778,2.990463216692674,2.25,2.3968600460778235,After the historical event,Event experienced
-1.22,1,1,1,Nonshared environmental variance,5,8.881523586326342,9.170905135284377,8.034267745179658,9.509325427243194,9.000000000000002,8.881523586326342,After the historical event,Event experienced
-1.22,1,1,1,Phenotypic variance,5,14.064559289774092,14.202203538180955,13.417744490240443,14.797445027227914,14.721595758859749,14.064559289774092,After the historical event,Event experienced
-1.2,0,0,0,Additive genetic variance,5,1.9988306665918902,1.9616805155706671,1.7020243768663559,2.4133648141815174,2.3591334304514016,1.9988306665918902,Before the historical event,Event not experienced
-1.2,0,0,0,Nuclear-family environmental variance,5,2.2301394131003374,2.286396753858102,1.6020905876387972,2.808147164270772,2.25,2.2301394131003374,Before the historical event,Event not experienced
-1.2,0,0,0,Nonshared environmental variance,5,9.035087375944777,9.211965190308753,8.4133314012529,9.531605181004341,9.000000000000002,9.035087375944777,Before the historical event,Event not experienced
-1.2,0,0,0,Phenotypic variance,5,13.264057455637005,13.115448557282932,12.971415474532174,13.620407805493295,13.609133430451404,13.264057455637005,Before the historical event,Event not experienced
-1.2,0,1,0,Additive genetic variance,5,1.9988306665918902,1.9616805155706671,1.7020243768663559,2.4133648141815174,2.3591334304514016,1.9988306665918902,Before the historical event,Event experienced
-1.2,0,1,0,Nuclear-family environmental variance,5,2.2301394131003374,2.286396753858102,1.6020905876387972,2.808147164270772,2.25,2.2301394131003374,Before the historical event,Event experienced
-1.2,0,1,0,Nonshared environmental variance,5,9.035087375944777,9.211965190308753,8.4133314012529,9.531605181004341,9.000000000000002,9.035087375944777,Before the historical event,Event experienced
-1.2,0,1,0,Phenotypic variance,5,13.264057455637005,13.115448557282932,12.971415474532174,13.620407805493295,13.609133430451404,13.264057455637005,Before the historical event,Event experienced
-1.2,1,0,0,Additive genetic variance,5,1.9988306665918902,1.9616805155706671,1.7020243768663559,2.4133648141815174,2.3591334304514016,1.9988306665918902,After the historical event,Event not experienced
-1.2,1,0,0,Nuclear-family environmental variance,5,2.2301394131003374,2.286396753858102,1.6020905876387972,2.808147164270772,2.25,2.2301394131003374,After the historical event,Event not experienced
-1.2,1,0,0,Nonshared environmental variance,5,9.035087375944777,9.211965190308753,8.4133314012529,9.531605181004341,9.000000000000002,9.035087375944777,After the historical event,Event not experienced
-1.2,1,0,0,Phenotypic variance,5,13.264057455637005,13.115448557282932,12.971415474532174,13.620407805493295,13.609133430451404,13.264057455637005,After the historical event,Event not experienced
-1.2,1,1,1,Additive genetic variance,5,2.8280508255015704,2.8606314024751462,2.271904710966481,3.577732620437126,3.5194135165785756,2.8280508255015704,After the historical event,Event experienced
-1.2,1,1,1,Nuclear-family environmental variance,5,2.393919492479395,2.3217772908641834,1.7553172231032383,2.980322524605427,2.25,2.393919492479395,After the historical event,Event experienced
-1.2,1,1,1,Nonshared environmental variance,5,8.886051261634623,9.17610471424086,8.043666706417469,9.510300733823376,9.000000000000002,8.886051261634623,After the historical event,Event experienced
-1.2,1,1,1,Phenotypic variance,5,14.108021579615588,14.269853760191278,13.450522173777419,14.841165749718337,14.769413516578577,14.108021579615588,After the historical event,Event experienced
-1.18,0,0,0,Additive genetic variance,5,2.027915536417368,1.989284649579035,1.7311473280771483,2.4452268361401077,2.3912455028940935,2.027915536417368,Before the historical event,Event not experienced
-1.18,0,0,0,Nuclear-family environmental variance,5,2.227457096094207,2.2860292031126566,1.6048406858036668,2.8027559721012576,2.25,2.227457096094207,Before the historical event,Event not experienced
-1.18,0,0,0,Nonshared environmental variance,5,9.039763546803679,9.2132449709299,8.422638990986314,9.52991600824598,9.000000000000002,9.039763546803679,Before the historical event,Event not experienced
-1.18,0,0,0,Phenotypic variance,5,13.295136179315254,13.149878262516495,12.998856727120533,13.655453452026343,13.641245502894096,13.295136179315254,Before the historical event,Event not experienced
-1.18,0,1,0,Additive genetic variance,5,2.027915536417368,1.989284649579035,1.7311473280771483,2.4452268361401077,2.3912455028940935,2.027915536417368,Before the historical event,Event experienced
-1.18,0,1,0,Nuclear-family environmental variance,5,2.227457096094207,2.2860292031126566,1.6048406858036668,2.8027559721012576,2.25,2.227457096094207,Before the historical event,Event experienced
-1.18,0,1,0,Nonshared environmental variance,5,9.039763546803679,9.2132449709299,8.422638990986314,9.52991600824598,9.000000000000002,9.039763546803679,Before the historical event,Event experienced
-1.18,0,1,0,Phenotypic variance,5,13.295136179315254,13.149878262516495,12.998856727120533,13.655453452026343,13.641245502894096,13.295136179315254,Before the historical event,Event experienced
-1.18,1,0,0,Additive genetic variance,5,2.027915536417368,1.989284649579035,1.7311473280771483,2.4452268361401077,2.3912455028940935,2.027915536417368,After the historical event,Event not experienced
-1.18,1,0,0,Nuclear-family environmental variance,5,2.227457096094207,2.2860292031126566,1.6048406858036668,2.8027559721012576,2.25,2.227457096094207,After the historical event,Event not experienced
-1.18,1,0,0,Nonshared environmental variance,5,9.039763546803679,9.2132449709299,8.422638990986314,9.52991600824598,9.000000000000002,9.039763546803679,After the historical event,Event not experienced
-1.18,1,0,0,Phenotypic variance,5,13.295136179315254,13.149878262516495,12.998856727120533,13.655453452026343,13.641245502894096,13.295136179315254,After the historical event,Event not experienced
-1.18,1,1,1,Additive genetic variance,5,2.8701059414485934,2.898151470839374,2.304048058815191,3.6389650152172175,3.567319099341028,2.8701059414485934,After the historical event,Event experienced
-1.18,1,1,1,Nuclear-family environmental variance,5,2.3910093758698387,2.3214040525044908,1.7582080607843877,2.970260090023532,2.25,2.3910093758698387,After the historical event,Event experienced
-1.18,1,1,1,Nonshared environmental variance,5,8.890541541488885,9.181237578942174,8.053017647176569,9.511245836557476,9.000000000000002,8.890541541488885,After the historical event,Event experienced
-1.18,1,1,1,Phenotypic variance,5,14.151656858807318,14.337898120951587,13.483436393164574,14.884983102927944,14.81731909934103,14.151656858807318,After the historical event,Event experienced
-1.16,0,0,0,Additive genetic variance,5,2.0571073666278084,2.0169830034855556,1.7604500587970928,2.4771239776754737,2.423406902591211,2.0571073666278084,Before the historical event,Event not experienced
-1.16,0,0,0,Nuclear-family environmental variance,5,2.2248015956918805,2.2856595399821735,1.6075927981205074,2.797399065079535,2.25,2.2248015956918805,Before the historical event,Event not experienced
-1.16,0,0,0,Nonshared environmental variance,5,9.044401220031656,9.214490873756134,8.431895219291402,9.528231505447147,9.000000000000002,9.044401220031656,Before the historical event,Event not experienced
-1.16,0,0,0,Phenotypic variance,5,13.326310182351346,13.184470441162626,13.026455764846617,13.690498974781471,13.673406902591212,13.326310182351346,Before the historical event,Event not experienced
-1.16,0,1,0,Additive genetic variance,5,2.0571073666278084,2.0169830034855556,1.7604500587970928,2.4771239776754737,2.423406902591211,2.0571073666278084,Before the historical event,Event experienced
-1.16,0,1,0,Nuclear-family environmental variance,5,2.2248015956918805,2.2856595399821735,1.6075927981205074,2.797399065079535,2.25,2.2248015956918805,Before the historical event,Event experienced
-1.16,0,1,0,Nonshared environmental variance,5,9.044401220031656,9.214490873756134,8.431895219291402,9.528231505447147,9.000000000000002,9.044401220031656,Before the historical event,Event experienced
-1.16,0,1,0,Phenotypic variance,5,13.326310182351346,13.184470441162626,13.026455764846617,13.690498974781471,13.673406902591212,13.326310182351346,Before the historical event,Event experienced
-1.16,1,0,0,Additive genetic variance,5,2.0571073666278084,2.0169830034855556,1.7604500587970928,2.4771239776754737,2.423406902591211,2.0571073666278084,After the historical event,Event not experienced
-1.16,1,0,0,Nuclear-family environmental variance,5,2.2248015956918805,2.2856595399821735,1.6075927981205074,2.797399065079535,2.25,2.2248015956918805,After the historical event,Event not experienced
-1.16,1,0,0,Nonshared environmental variance,5,9.044401220031656,9.214490873756134,8.431895219291402,9.528231505447147,9.000000000000002,9.044401220031656,After the historical event,Event not experienced
-1.16,1,0,0,Phenotypic variance,5,13.326310182351346,13.184470441162626,13.026455764846617,13.690498974781471,13.673406902591212,13.326310182351346,After the historical event,Event not experienced
-1.16,1,1,1,Additive genetic variance,5,2.9123302353711904,2.9357057873118255,2.3363068505498505,3.700568278231982,3.6152982697199008,2.9123302353711904,After the historical event,Event experienced
-1.16,1,1,1,Nuclear-family environmental variance,5,2.38812951465944,2.3210286690719446,1.7611018921166857,2.960275343389808,2.25,2.38812951465944,After the historical event,Event experienced
-1.16,1,1,1,Nonshared environmental variance,5,8.894994321757192,9.186303614158218,8.062320374494734,9.512160721326833,9.000000000000002,8.894994321757192,After the historical event,Event experienced
-1.16,1,1,1,Phenotypic variance,5,14.195454071787823,14.406319711245292,13.516479366628044,14.92888573874211,14.865298269719903,14.195454071787823,After the historical event,Event experienced
-1.14,0,0,0,Additive genetic variance,5,2.086398572117326,2.044768753419932,1.7899248578556257,2.5090467068359135,2.455607932948168,2.086398572117326,Before the historical event,Event not experienced
-1.14,0,0,0,Nuclear-family environmental variance,5,2.2221727501298614,2.285287765510569,1.6103468818266011,2.79207627510223,2.25,2.2221727501298614,Before the historical event,Event not experienced
-1.14,0,0,0,Nonshared environmental variance,5,9.04900028819046,9.215702884996196,8.441099894274476,9.526551652348635,9.000000000000002,9.04900028819046,Before the historical event,Event not experienced
-1.14,0,0,0,Phenotypic variance,5,13.357571610437647,13.21921683560615,13.054206026959315,13.725534646604599,13.705607932948169,13.357571610437647,Before the historical event,Event not experienced
-1.14,0,1,0,Additive genetic variance,5,2.086398572117326,2.044768753419932,1.7899248578556257,2.5090467068359135,2.455607932948168,2.086398572117326,Before the historical event,Event experienced
-1.14,0,1,0,Nuclear-family environmental variance,5,2.2221727501298614,2.285287765510569,1.6103468818266011,2.79207627510223,2.25,2.2221727501298614,Before the historical event,Event experienced
-1.14,0,1,0,Nonshared environmental variance,5,9.04900028819046,9.215702884996196,8.441099894274476,9.526551652348635,9.000000000000002,9.04900028819046,Before the historical event,Event experienced
-1.14,0,1,0,Phenotypic variance,5,13.357571610437647,13.21921683560615,13.054206026959315,13.725534646604599,13.705607932948169,13.357571610437647,Before the historical event,Event experienced
-1.14,1,0,0,Additive genetic variance,5,2.086398572117326,2.044768753419932,1.7899248578556257,2.5090467068359135,2.455607932948168,2.086398572117326,After the historical event,Event not experienced
-1.14,1,0,0,Nuclear-family environmental variance,5,2.2221727501298614,2.285287765510569,1.6103468818266011,2.79207627510223,2.25,2.2221727501298614,After the historical event,Event not experienced
-1.14,1,0,0,Nonshared environmental variance,5,9.04900028819046,9.215702884996196,8.441099894274476,9.526551652348635,9.000000000000002,9.04900028819046,After the historical event,Event not experienced
-1.14,1,0,0,Phenotypic variance,5,13.357571610437647,13.21921683560615,13.054206026959315,13.725534646604599,13.705607932948169,13.357571610437647,After the historical event,Event not experienced
-1.14,1,1,1,Additive genetic variance,5,2.954712692086325,2.9732830073524448,2.368673270517044,3.7625258561136734,3.6633365620959064,2.954712692086325,After the historical event,Event experienced
-1.14,1,1,1,Nuclear-family environmental variance,5,2.385279729110951,2.320651141626615,1.7639986689416953,2.950367720603049,2.25,2.385279729110951,After the historical event,Event experienced
-1.14,1,1,1,Nonshared environmental variance,5,8.899409499032712,9.191302706116472,8.071574696246703,9.51304537436527,9.000000000000002,8.899409499032712,After the historical event,Event experienced
-1.14,1,1,1,Phenotypic variance,5,14.239401920229989,14.47510111194926,13.549643154799169,14.97286209590315,14.913336562095909,14.239401920229989,After the historical event,Event experienced
-1.1199999999999999,0,0,0,Additive genetic variance,5,2.1157814103337813,2.072634942502447,1.8195637883699098,2.540985356143859,2.4878387485981897,2.1157814103337813,Before the historical event,Event not experienced
-1.1199999999999999,0,0,0,Nuclear-family environmental variance,5,2.219570399249455,2.2849138807476086,1.6131028943022483,2.7867874353957434,2.25,2.219570399249455,Before the historical event,Event not experienced
-1.1199999999999999,0,0,0,Nonshared environmental variance,5,9.053560644591334,9.216880991232783,8.450252824963231,9.524876428887557,9.000000000000002,9.053560644591334,Before the historical event,Event not experienced
-1.1199999999999999,0,0,0,Phenotypic variance,5,13.38891245417457,13.254108954963,13.082100817547511,13.760550607908524,13.737838748598191,13.38891245417457,Before the historical event,Event not experienced
-1.1199999999999999,0,1,0,Additive genetic variance,5,2.1157814103337813,2.072634942502447,1.8195637883699098,2.540985356143859,2.4878387485981897,2.1157814103337813,Before the historical event,Event experienced
-1.1199999999999999,0,1,0,Nuclear-family environmental variance,5,2.219570399249455,2.2849138807476086,1.6131028943022483,2.7867874353957434,2.25,2.219570399249455,Before the historical event,Event experienced
-1.1199999999999999,0,1,0,Nonshared environmental variance,5,9.053560644591334,9.216880991232783,8.450252824963231,9.524876428887557,9.000000000000002,9.053560644591334,Before the historical event,Event experienced
-1.1199999999999999,0,1,0,Phenotypic variance,5,13.38891245417457,13.254108954963,13.082100817547511,13.760550607908524,13.737838748598191,13.38891245417457,Before the historical event,Event experienced
-1.1199999999999999,1,0,0,Additive genetic variance,5,2.1157814103337813,2.072634942502447,1.8195637883699098,2.540985356143859,2.4878387485981897,2.1157814103337813,After the historical event,Event not experienced
-1.1199999999999999,1,0,0,Nuclear-family environmental variance,5,2.219570399249455,2.2849138807476086,1.6131028943022483,2.7867874353957434,2.25,2.219570399249455,After the historical event,Event not experienced
-1.1199999999999999,1,0,0,Nonshared environmental variance,5,9.053560644591334,9.216880991232783,8.450252824963231,9.524876428887557,9.000000000000002,9.053560644591334,After the historical event,Event not experienced
-1.1199999999999999,1,0,0,Phenotypic variance,5,13.38891245417457,13.254108954963,13.082100817547511,13.760550607908524,13.737838748598191,13.38891245417457,After the historical event,Event not experienced
-1.1199999999999999,1,1,1,Additive genetic variance,5,2.9972420544798295,3.0108716295366595,2.401139347143347,3.8248207171939446,3.71141928890773,2.9972420544798295,After the historical event,Event experienced
-1.1199999999999999,1,1,1,Nuclear-family environmental variance,5,2.3824598413247076,2.3202714712345114,1.7668983433014769,2.9405366629651475,2.25,2.3824598413247076,After the historical event,Event experienced
-1.1199999999999999,1,1,1,Nonshared environmental variance,5,8.90378697063724,9.196234742506258,8.080780421150786,9.513899782259317,9.000000000000002,8.90378697063724,After the historical event,Event experienced
-1.1199999999999999,1,1,1,Phenotypic variance,5,14.283488866441777,14.519134052429418,13.582919663067637,15.019409438718228,14.96141928890773,14.283488866441777,After the historical event,Event experienced
-1.0999999999999999,0,0,0,Additive genetic variance,5,2.145247983876202,2.100574483098067,1.8493586898026306,2.572930126905939,2.520089359767649,2.145247983876202,Before the historical event,Event not experienced
-1.0999999999999999,0,0,0,Nuclear-family environmental variance,5,2.216994384483773,2.284537886748899,1.6158607930704645,2.781532380506328,2.25,2.216994384483773,Before the historical event,Event not experienced
-1.0999999999999999,0,0,0,Nonshared environmental variance,5,9.05808218329863,9.218025179422803,8.459353821313309,9.523205815197695,9.000000000000002,9.05808218329863,Before the historical event,Event not experienced
-1.0999999999999999,0,0,0,Phenotypic variance,5,13.420324551658606,13.289138077225044,13.110133306886219,13.795536870978903,13.77008935976765,13.420324551658606,Before the historical event,Event not experienced
-1.0999999999999999,0,1,0,Additive genetic variance,5,2.145247983876202,2.100574483098067,1.8493586898026306,2.572930126905939,2.520089359767649,2.145247983876202,Before the historical event,Event experienced
-1.0999999999999999,0,1,0,Nuclear-family environmental variance,5,2.216994384483773,2.284537886748899,1.6158607930704645,2.781532380506328,2.25,2.216994384483773,Before the historical event,Event experienced
-1.0999999999999999,0,1,0,Nonshared environmental variance,5,9.05808218329863,9.218025179422803,8.459353821313309,9.523205815197695,9.000000000000002,9.05808218329863,Before the historical event,Event experienced
-1.0999999999999999,0,1,0,Phenotypic variance,5,13.420324551658606,13.289138077225044,13.110133306886219,13.795536870978903,13.77008935976765,13.420324551658606,Before the historical event,Event experienced
-1.0999999999999999,1,0,0,Additive genetic variance,5,2.145247983876202,2.100574483098067,1.8493586898026306,2.572930126905939,2.520089359767649,2.145247983876202,After the historical event,Event not experienced
-1.0999999999999999,1,0,0,Nuclear-family environmental variance,5,2.216994384483773,2.284537886748899,1.6158607930704645,2.781532380506328,2.25,2.216994384483773,After the historical event,Event not experienced
-1.0999999999999999,1,0,0,Nonshared environmental variance,5,9.05808218329863,9.218025179422803,8.459353821313309,9.523205815197695,9.000000000000002,9.05808218329863,After the historical event,Event not experienced
-1.0999999999999999,1,0,0,Phenotypic variance,5,13.420324551658606,13.289138077225044,13.110133306886219,13.795536870978903,13.77008935976765,13.420324551658606,After the historical event,Event not experienced
-1.0999999999999999,1,1,1,Additive genetic variance,5,3.0399068271684593,3.048460000767017,2.4336969554398022,3.887435356094472,3.759531547164355,3.0399068271684593,After the historical event,Event experienced
-1.0999999999999999,1,1,1,Nuclear-family environmental variance,5,2.379669675223936,2.319889658967576,1.7698008674380403,2.930781617128792,2.25,2.379669675223936,After the historical event,Event experienced
-1.0999999999999999,1,1,1,Nonshared environmental variance,5,8.908126634624667,9.20109961248295,8.089937358775444,9.514723931948442,9.000000000000002,8.908126634624667,After the historical event,Event experienced
-1.0999999999999999,1,1,1,Phenotypic variance,5,14.32770313701706,14.559345667159462,13.616300644081408,15.06642123621853,15.009531547164357,14.32770313701706,After the historical event,Event experienced
-1.08,0,0,0,Additive genetic variance,5,2.174790243253362,2.12858015919743,1.8793011802614006,2.604871093680904,2.5523496368153222,2.174790243253362,Before the historical event,Event not experienced
-1.08,0,0,0,Nuclear-family environmental variance,5,2.214444548844898,2.2841597845758863,1.6186205357966972,2.7763109462902626,2.25,2.214444548844898,Before the historical event,Event not experienced
-1.08,0,0,0,Nonshared environmental variance,5,9.062564799133412,9.219135436897606,8.468402694214902,9.521539791609879,9.000000000000002,9.062564799133412,Before the historical event,Event not experienced
-1.08,0,0,0,Phenotypic variance,5,13.451799591231671,13.324295251660354,13.138296532901897,13.830483324438239,13.802349636815324,13.451799591231671,Before the historical event,Event not experienced
-1.08,0,1,0,Additive genetic variance,5,2.174790243253362,2.12858015919743,1.8793011802614006,2.604871093680904,2.5523496368153222,2.174790243253362,Before the historical event,Event experienced
-1.08,0,1,0,Nuclear-family environmental variance,5,2.214444548844898,2.2841597845758863,1.6186205357966972,2.7763109462902626,2.25,2.214444548844898,Before the historical event,Event experienced
-1.08,0,1,0,Nonshared environmental variance,5,9.062564799133412,9.219135436897606,8.468402694214902,9.521539791609879,9.000000000000002,9.062564799133412,Before the historical event,Event experienced
-1.08,0,1,0,Phenotypic variance,5,13.451799591231671,13.324295251660354,13.138296532901897,13.830483324438239,13.802349636815324,13.451799591231671,Before the historical event,Event experienced
-1.08,1,0,0,Additive genetic variance,5,2.174790243253362,2.12858015919743,1.8793011802614006,2.604871093680904,2.5523496368153222,2.174790243253362,After the historical event,Event not experienced
-1.08,1,0,0,Nuclear-family environmental variance,5,2.214444548844898,2.2841597845758863,1.6186205357966972,2.7763109462902626,2.25,2.214444548844898,After the historical event,Event not experienced
-1.08,1,0,0,Nonshared environmental variance,5,9.062564799133412,9.219135436897606,8.468402694214902,9.521539791609879,9.000000000000002,9.062564799133412,After the historical event,Event not experienced
-1.08,1,0,0,Phenotypic variance,5,13.451799591231671,13.324295251660354,13.138296532901897,13.830483324438239,13.802349636815324,13.451799591231671,After the historical event,Event not experienced
-1.08,1,1,1,Additive genetic variance,5,3.0826952804121386,3.0860363216701185,2.4663378196529733,3.9503517988359413,3.8076582252168243,3.0826952804121386,After the historical event,Event experienced
-1.08,1,1,1,Nuclear-family environmental variance,5,2.3769090565402364,2.319505705903679,1.772706193792825,2.921102035045758,2.25,2.3769090565402364,After the historical event,Event experienced
-1.08,1,1,1,Nonshared environmental variance,5,8.912428389784447,9.20589720667213,8.09904531954583,9.515517810725242,9.000000000000002,8.912428389784447,After the historical event,Event experienced
-1.08,1,1,1,Phenotypic variance,5,14.372032726736823,14.59952156414393,13.649777700393273,15.113504860410984,15.057658225216827,14.372032726736823,After the historical event,Event experienced
-1.06,0,0,0,Additive genetic variance,5,2.204399989803235,2.1566446289243437,1.9093826590412544,2.636798208903227,2.5846093149434526,2.204399989803235,Before the historical event,Event not experienced
-1.06,0,0,0,Nuclear-family environmental variance,5,2.2119207369111997,2.2837795752958483,1.621382080288564,2.7711229699041113,2.25,2.2119207369111997,Before the historical event,Event not experienced
-1.06,0,0,0,Nonshared environmental variance,5,9.067008387677038,9.220211751363227,8.47739925549927,9.51987833865235,9.000000000000002,9.067008387677038,Before the historical event,Event not experienced
-1.06,0,0,0,Phenotypic variance,5,13.483329114391472,13.359571301470456,13.166583402757238,13.865379737865645,13.834609314943455,13.483329114391472,Before the historical event,Event not experienced
-1.06,0,1,0,Additive genetic variance,5,2.204399989803235,2.1566446289243437,1.9093826590412544,2.636798208903227,2.5846093149434526,2.204399989803235,Before the historical event,Event experienced
-1.06,0,1,0,Nuclear-family environmental variance,5,2.2119207369111997,2.2837795752958483,1.621382080288564,2.7711229699041113,2.25,2.2119207369111997,Before the historical event,Event experienced
-1.06,0,1,0,Nonshared environmental variance,5,9.067008387677038,9.220211751363227,8.47739925549927,9.51987833865235,9.000000000000002,9.067008387677038,Before the historical event,Event experienced
-1.06,0,1,0,Phenotypic variance,5,13.483329114391472,13.359571301470456,13.166583402757238,13.865379737865645,13.834609314943455,13.483329114391472,Before the historical event,Event experienced
-1.06,1,0,0,Additive genetic variance,5,2.204399989803235,2.1566446289243437,1.9093826590412544,2.636798208903227,2.5846093149434526,2.204399989803235,After the historical event,Event not experienced
-1.06,1,0,0,Nuclear-family environmental variance,5,2.2119207369111997,2.2837795752958483,1.621382080288564,2.7711229699041113,2.25,2.2119207369111997,After the historical event,Event not experienced
-1.06,1,0,0,Nonshared environmental variance,5,9.067008387677038,9.220211751363227,8.47739925549927,9.51987833865235,9.000000000000002,9.067008387677038,After the historical event,Event not experienced
-1.06,1,0,0,Phenotypic variance,5,13.483329114391472,13.359571301470456,13.166583402757238,13.865379737865645,13.834609314943455,13.483329114391472,After the historical event,Event not experienced
-1.06,1,1,1,Additive genetic variance,5,3.12559545427636,3.1235886521761063,2.4990535160622604,4.013551608468363,3.8557840097863263,3.12559545427636,After the historical event,Event experienced
-1.06,1,1,1,Nuclear-family environmental variance,5,2.3741778127992554,2.319119613126615,1.775614275006205,2.9114973739157755,2.25,2.3741778127992554,After the historical event,Event experienced
-1.06,1,1,1,Nonshared environmental variance,5,8.916692135645047,9.210627417173681,8.108104114750342,9.516281406235693,9.000000000000002,8.916692135645047,After the historical event,Event experienced
-1.06,1,1,1,Phenotypic variance,5,14.416465402720663,14.639649575015655,13.683342287253767,15.160647216634608,15.105784009786328,14.416465402720663,After the historical event,Event experienced
-1.04,0,0,0,Additive genetic variance,5,2.2340688787728764,2.184760427169298,1.9395943094114176,2.668701307659999,2.6168579990783067,2.2340688787728764,Before the historical event,Event not experienced
-1.04,0,0,0,Nuclear-family environmental variance,5,2.2094227948148197,2.2833972599818915,1.624145384495609,2.765968289795088,2.25,2.2094227948148197,Before the historical event,Event not experienced
-1.04,0,0,0,Nonshared environmental variance,5,9.071412845274716,9.22125411090062,8.48634331794526,9.51822143705113,9.000000000000002,9.071412845274716,Before the historical event,Event not experienced
-1.04,0,0,0,Phenotypic variance,5,13.514904518862412,13.394956826705801,13.194986694555823,13.900215766569982,13.86685799907831,13.514904518862412,Before the historical event,Event not experienced
-1.04,0,1,0,Additive genetic variance,5,2.2340688787728764,2.184760427169298,1.9395943094114176,2.668701307659999,2.6168579990783067,2.2340688787728764,Before the historical event,Event experienced
-1.04,0,1,0,Nuclear-family environmental variance,5,2.2094227948148197,2.2833972599818915,1.624145384495609,2.765968289795088,2.25,2.2094227948148197,Before the historical event,Event experienced
-1.04,0,1,0,Nonshared environmental variance,5,9.071412845274716,9.22125411090062,8.48634331794526,9.51822143705113,9.000000000000002,9.071412845274716,Before the historical event,Event experienced
-1.04,0,1,0,Phenotypic variance,5,13.514904518862412,13.394956826705801,13.194986694555823,13.900215766569982,13.86685799907831,13.514904518862412,Before the historical event,Event experienced
-1.04,1,0,0,Additive genetic variance,5,2.2340688787728764,2.184760427169298,1.9395943094114176,2.668701307659999,2.6168579990783067,2.2340688787728764,After the historical event,Event not experienced
-1.04,1,0,0,Nuclear-family environmental variance,5,2.2094227948148197,2.2833972599818915,1.624145384495609,2.765968289795088,2.25,2.2094227948148197,After the historical event,Event not experienced
-1.04,1,0,0,Nonshared environmental variance,5,9.071412845274716,9.22125411090062,8.48634331794526,9.51822143705113,9.000000000000002,9.071412845274716,After the historical event,Event not experienced
-1.04,1,0,0,Phenotypic variance,5,13.514904518862412,13.394956826705801,13.194986694555823,13.900215766569982,13.86685799907831,13.514904518862412,After the historical event,Event not experienced
-1.04,1,1,1,Additive genetic variance,5,3.1685951630443925,3.1611049172777372,2.531835475922991,4.077015891225078,3.9038933932451343,3.1685951630443925,After the historical event,Event experienced
-1.04,1,1,1,Nuclear-family environmental variance,5,2.3714757733065355,2.318731381726095,1.7785250639170185,2.9019670961359605,2.25,2.3714757733065355,After the historical event,Event experienced
-1.04,1,1,1,Nonshared environmental variance,5,8.92091777247735,9.215290137565825,8.117113556547107,9.517014706479335,9.000000000000002,8.92091777247735,After the historical event,Event experienced
-1.04,1,1,1,Phenotypic variance,5,14.460988708828278,14.679717400403453,13.716985715549903,15.207834984660563,15.153893393245136,14.460988708828278,After the historical event,Event experienced
-1.02,0,0,0,Additive genetic variance,5,2.26378842255808,2.21291996834834,1.9699271016472455,2.7005701126185184,2.649085168917677,2.26378842255808,Before the historical event,Event not experienced
-1.02,0,0,0,Nuclear-family environmental variance,5,2.2069505702293006,2.2830128397129457,1.6269104065090823,2.7608467456915085,2.25,2.2069505702293006,Before the historical event,Event not experienced
-1.02,0,0,0,Nonshared environmental variance,5,9.075778069039034,9.222262503965855,8.4952346952858,9.51656906773036,9.000000000000002,9.075778069039034,Before the historical event,Event not experienced
-1.02,0,0,0,Phenotypic variance,5,13.546517061826414,13.430442207440468,13.223499059166812,13.934980956513847,13.89908516891768,13.546517061826414,Before the historical event,Event not experienced
-1.02,0,1,0,Additive genetic variance,5,2.26378842255808,2.21291996834834,1.9699271016472455,2.7005701126185184,2.649085168917677,2.26378842255808,Before the historical event,Event experienced
-1.02,0,1,0,Nuclear-family environmental variance,5,2.2069505702293006,2.2830128397129457,1.6269104065090823,2.7608467456915085,2.25,2.2069505702293006,Before the historical event,Event experienced
-1.02,0,1,0,Nonshared environmental variance,5,9.075778069039034,9.222262503965855,8.4952346952858,9.51656906773036,9.000000000000002,9.075778069039034,Before the historical event,Event experienced
-1.02,0,1,0,Phenotypic variance,5,13.546517061826414,13.430442207440468,13.223499059166812,13.934980956513847,13.89908516891768,13.546517061826414,Before the historical event,Event experienced
-1.02,1,0,0,Additive genetic variance,5,2.26378842255808,2.21291996834834,1.9699271016472455,2.7005701126185184,2.649085168917677,2.26378842255808,After the historical event,Event not experienced
-1.02,1,0,0,Nuclear-family environmental variance,5,2.2069505702293006,2.2830128397129457,1.6269104065090823,2.7608467456915085,2.25,2.2069505702293006,After the historical event,Event not experienced
-1.02,1,0,0,Nonshared environmental variance,5,9.075778069039034,9.222262503965855,8.4952346952858,9.51656906773036,9.000000000000002,9.075778069039034,After the historical event,Event not experienced
-1.02,1,0,0,Phenotypic variance,5,13.546517061826414,13.430442207440468,13.223499059166812,13.934980956513847,13.89908516891768,13.546517061826414,After the historical event,Event not experienced
-1.02,1,1,1,Additive genetic variance,5,3.211681999878675,3.198572912965834,2.5646749885546725,4.140725303202124,3.9519706811465873,3.211681999878675,After the historical event,Event experienced
-1.02,1,1,1,Nuclear-family environmental variance,5,2.3688027691335463,2.318341012797745,1.7814385135621278,2.892510669250823,2.25,2.3688027691335463,After the historical event,Event experienced
-1.02,1,1,1,Nonshared environmental variance,5,8.925105201298056,9.219885262909127,8.126073457970485,9.517717699809456,9.000000000000002,8.925105201298056,After the historical event,Event experienced
-1.02,1,1,1,Phenotypic variance,5,14.505589970310277,14.719712615860837,13.750699154889128,15.255054624005352,15.20197068114659,14.505589970310277,After the historical event,Event experienced
-1,0,0,0,Additive genetic variance,5,2.293549994101973,2.241115549286552,2.000371796307911,2.732394239101807,2.6812801841425573,2.293549994101973,Before the historical event,Event not experienced
-1,0,0,0,Nuclear-family environmental variance,5,2.204503912357373,2.282626315573756,1.629677104561734,2.7557581785933327,2.25,2.204503912357373,Before the historical event,Event not experienced
-1,0,0,0,Nonshared environmental variance,5,9.08010395685347,9.223236919390354,8.504073202214343,9.514921211812673,9.000000000000002,9.08010395685347,Before the historical event,Event not experienced
-1,0,0,0,Phenotypic variance,5,13.578157863312816,13.466017607206744,13.25211302216966,13.969664749385531,13.931280184142558,13.578157863312816,Before the historical event,Event not experienced
-1,0,1,0,Additive genetic variance,5,2.293549994101973,2.241115549286552,2.000371796307911,2.732394239101807,2.6812801841425573,2.293549994101973,Before the historical event,Event experienced
-1,0,1,0,Nuclear-family environmental variance,5,2.204503912357373,2.282626315573756,1.629677104561734,2.7557581785933327,2.25,2.204503912357373,Before the historical event,Event experienced
-1,0,1,0,Nonshared environmental variance,5,9.08010395685347,9.223236919390354,8.504073202214343,9.514921211812673,9.000000000000002,9.08010395685347,Before the historical event,Event experienced
-1,0,1,0,Phenotypic variance,5,13.578157863312816,13.466017607206744,13.25211302216966,13.969664749385531,13.931280184142558,13.578157863312816,Before the historical event,Event experienced
-1,1,0,0,Additive genetic variance,5,2.293549994101973,2.241115549286552,2.000371796307911,2.732394239101807,2.6812801841425573,2.293549994101973,After the historical event,Event not experienced
-1,1,0,0,Nuclear-family environmental variance,5,2.204503912357373,2.282626315573756,1.629677104561734,2.7557581785933327,2.25,2.204503912357373,After the historical event,Event not experienced
-1,1,0,0,Nonshared environmental variance,5,9.08010395685347,9.223236919390354,8.504073202214343,9.514921211812673,9.000000000000002,9.08010395685347,After the historical event,Event not experienced
-1,1,0,0,Phenotypic variance,5,13.578157863312816,13.466017607206744,13.25211302216966,13.969664749385531,13.931280184142558,13.578157863312816,After the historical event,Event not experienced
-1,1,1,1,Additive genetic variance,5,3.254843341730464,3.235980312337665,2.5975632045736035,4.204660057564037,4.000000000000001,3.254843341730464,After the historical event,Event experienced
-1,1,1,1,Nuclear-family environmental variance,5,2.3661586331038906,2.317948507443096,1.7843545771759977,2.88312756590282,2.25,2.3661586331038906,After the historical event,Event experienced
-1,1,1,1,Nonshared environmental variance,5,8.929254323873055,9.22441268975042,8.13498363293751,9.518390374933324,9.000000000000002,8.929254323873055,After the historical event,Event experienced
-1,1,1,1,Phenotypic variance,5,14.550256298707408,14.759622677967783,13.784473636827707,15.302292379494004,15.250000000000004,14.550256298707408,After the historical event,Event experienced
-0.98,0,0,0,Additive genetic variance,5,2.323344830451525,2.269339352225198,2.0309189477601195,2.7641632003090537,2.7134322897900183,2.323344830451525,Before the historical event,Event not experienced
-0.98,0,0,0,Nuclear-family environmental variance,5,2.202082671918895,2.2822376886548827,1.6324454370276318,2.7507024307628054,2.25,2.202082671918895,Before the historical event,Event not experienced
-0.98,0,0,0,Nonshared environmental variance,5,9.084390407375881,9.224177346381095,8.512858654391305,9.513277850619511,9.000000000000002,9.084390407375881,Before the historical event,Event not experienced
-0.98,0,0,0,Phenotypic variance,5,13.609817909746303,13.501672976689777,13.280820985918925,14.004256487816079,13.96343228979002,13.609817909746303,Before the historical event,Event not experienced
-0.98,0,1,0,Additive genetic variance,5,2.323344830451525,2.269339352225198,2.0309189477601195,2.7641632003090537,2.7134322897900183,2.323344830451525,Before the historical event,Event experienced
-0.98,0,1,0,Nuclear-family environmental variance,5,2.202082671918895,2.2822376886548827,1.6324454370276318,2.7507024307628054,2.25,2.202082671918895,Before the historical event,Event experienced
-0.98,0,1,0,Nonshared environmental variance,5,9.084390407375881,9.224177346381095,8.512858654391305,9.513277850619511,9.000000000000002,9.084390407375881,Before the historical event,Event experienced
-0.98,0,1,0,Phenotypic variance,5,13.609817909746303,13.501672976689777,13.280820985918925,14.004256487816079,13.96343228979002,13.609817909746303,Before the historical event,Event experienced
-0.98,1,0,0,Additive genetic variance,5,2.323344830451525,2.269339352225198,2.0309189477601195,2.7641632003090537,2.7134322897900183,2.323344830451525,After the historical event,Event not experienced
-0.98,1,0,0,Nuclear-family environmental variance,5,2.202082671918895,2.2822376886548827,1.6324454370276318,2.7507024307628054,2.25,2.202082671918895,After the historical event,Event not experienced
-0.98,1,0,0,Nonshared environmental variance,5,9.084390407375881,9.224177346381095,8.512858654391305,9.513277850619511,9.000000000000002,9.084390407375881,After the historical event,Event not experienced
-0.98,1,0,0,Phenotypic variance,5,13.609817909746303,13.501672976689777,13.280820985918925,14.004256487816079,13.96343228979002,13.609817909746303,After the historical event,Event not experienced
-0.98,1,1,1,Additive genetic variance,5,3.2980663544965014,3.2733146718745934,2.6304911392689085,4.268799932276423,4.047965305286054,3.2980663544965014,After the historical event,Event experienced
-0.98,1,1,1,Nuclear-family environmental variance,5,2.363543199779686,2.317553866769584,1.7872732081903044,2.8738172637834696,2.25,2.363543199779686,After the historical event,Event experienced
-0.98,1,1,1,Nonshared environmental variance,5,8.933365042720776,9.228872316126687,8.143843896254335,9.519032720912337,9.000000000000002,8.933365042720776,After the historical event,Event experienced
-0.98,1,1,1,Phenotypic variance,5,14.594974596996963,14.799434930601956,13.81830005824258,15.349534287071421,15.297965305286056,14.594974596996963,After the historical event,Event experienced
-0.96,0,0,0,Additive genetic variance,5,2.353164036470758,2.297583447951499,2.061558907947816,2.795866412677836,2.74553062178407,2.353164036470758,Before the historical event,Event not experienced
-0.96,0,0,0,Nuclear-family environmental variance,5,2.1996867011389436,2.2818469600526927,1.6352153624219983,2.745679345715182,2.25,2.1996867011389436,Before the historical event,Event not experienced
-0.96,0,0,0,Nonshared environmental variance,5,9.088637320041965,9.225083774520789,8.521590868450474,9.511638965671496,9.000000000000002,9.088637320041965,Before the historical event,Event not experienced
-0.96,0,0,0,Phenotypic variance,5,13.641488057651667,13.537398057682395,13.30961523172891,14.038745420738179,13.995530621784072,13.641488057651667,Before the historical event,Event not experienced
-0.96,0,1,0,Additive genetic variance,5,2.353164036470758,2.297583447951499,2.061558907947816,2.795866412677836,2.74553062178407,2.353164036470758,Before the historical event,Event experienced
-0.96,0,1,0,Nuclear-family environmental variance,5,2.1996867011389436,2.2818469600526927,1.6352153624219983,2.745679345715182,2.25,2.1996867011389436,Before the historical event,Event experienced
-0.96,0,1,0,Nonshared environmental variance,5,9.088637320041965,9.225083774520789,8.521590868450474,9.511638965671496,9.000000000000002,9.088637320041965,Before the historical event,Event experienced
-0.96,0,1,0,Phenotypic variance,5,13.641488057651667,13.537398057682395,13.30961523172891,14.038745420738179,13.995530621784072,13.641488057651667,Before the historical event,Event experienced
-0.96,1,0,0,Additive genetic variance,5,2.353164036470758,2.297583447951499,2.061558907947816,2.795866412677836,2.74553062178407,2.353164036470758,After the historical event,Event not experienced
-0.96,1,0,0,Nuclear-family environmental variance,5,2.1996867011389436,2.2818469600526927,1.6352153624219983,2.745679345715182,2.25,2.1996867011389436,After the historical event,Event not experienced
-0.96,1,0,0,Nonshared environmental variance,5,9.088637320041965,9.225083774520789,8.521590868450474,9.511638965671496,9.000000000000002,9.088637320041965,After the historical event,Event not experienced
-0.96,1,0,0,Phenotypic variance,5,13.641488057651667,13.537398057682395,13.30961523172891,14.038745420738179,13.995530621784072,13.641488057651667,After the historical event,Event not experienced
-0.96,1,1,1,Additive genetic variance,5,3.341337998421169,3.3105634378850852,2.6634496761208837,4.333124278365015,4.095850389707868,3.341337998421169,After the historical event,Event experienced
-0.96,1,1,1,Nuclear-family environmental variance,5,2.360956305448125,2.317157091890541,1.7901943602335686,2.864579245585008,2.25,2.360956305448125,After the historical event,Event experienced
-0.96,1,1,1,Nonshared environmental variance,5,8.937437261115516,9.233264041568903,8.152654063622625,9.519644727162209,9.000000000000002,8.937437261115516,After the historical event,Event experienced
-0.96,1,1,1,Phenotypic variance,5,14.63973156498481,14.839136611375496,13.852169184845616,15.396766179859629,15.34585038970787,14.63973156498481,After the historical event,Event experienced
-0.94,0,0,0,Additive genetic variance,5,2.3829985887092295,2.3258397990498345,2.0922818304075093,2.827493201384728,2.7775642126210935,2.3829985887092295,Before the historical event,Event not experienced
-0.94,0,0,0,Nuclear-family environmental variance,5,2.1973158537360504,2.281454130869355,1.637986839401064,2.740688768209539,2.25,2.1973158537360504,Before the historical event,Event not experienced
-0.94,0,0,0,Nonshared environmental variance,5,9.092844595068692,9.22595619376809,8.53026966200536,9.51000453868873,9.000000000000002,9.092844595068692,Before the historical event,Event not experienced
-0.94,0,0,0,Phenotypic variance,5,13.673159037513972,13.573182387299614,13.338487922177858,14.073120708883557,14.027564212621096,13.673159037513972,Before the historical event,Event not experienced
-0.94,0,1,0,Additive genetic variance,5,2.3829985887092295,2.3258397990498345,2.0922818304075093,2.827493201384728,2.7775642126210935,2.3829985887092295,Before the historical event,Event experienced
-0.94,0,1,0,Nuclear-family environmental variance,5,2.1973158537360504,2.281454130869355,1.637986839401064,2.740688768209539,2.25,2.1973158537360504,Before the historical event,Event experienced
-0.94,0,1,0,Nonshared environmental variance,5,9.092844595068692,9.22595619376809,8.53026966200536,9.51000453868873,9.000000000000002,9.092844595068692,Before the historical event,Event experienced
-0.94,0,1,0,Phenotypic variance,5,13.673159037513972,13.573182387299614,13.338487922177858,14.073120708883557,14.027564212621096,13.673159037513972,Before the historical event,Event experienced
-0.94,1,0,0,Additive genetic variance,5,2.3829985887092295,2.3258397990498345,2.0922818304075093,2.827493201384728,2.7775642126210935,2.3829985887092295,After the historical event,Event not experienced
-0.94,1,0,0,Nuclear-family environmental variance,5,2.1973158537360504,2.281454130869355,1.637986839401064,2.740688768209539,2.25,2.1973158537360504,After the historical event,Event not experienced
-0.94,1,0,0,Nonshared environmental variance,5,9.092844595068692,9.22595619376809,8.53026966200536,9.51000453868873,9.000000000000002,9.092844595068692,After the historical event,Event not experienced
-0.94,1,0,0,Phenotypic variance,5,13.673159037513972,13.573182387299614,13.338487922177858,14.073120708883557,14.027564212621096,13.673159037513972,After the historical event,Event not experienced
-0.94,1,1,1,Additive genetic variance,5,3.384645033742291,3.3477139531089506,2.696429570460401,4.397612028700192,4.143638891672675,3.384645033742291,After the historical event,Event experienced
-0.94,1,1,1,Nuclear-family environmental variance,5,2.358397788108198,2.316758183925192,1.79311798713081,2.8554129989525796,2.25,2.358397788108198,After the historical event,Event experienced
-0.94,1,1,1,Nonshared environmental variance,5,8.941470883090732,9.237587767105786,8.161413951645947,9.52022638345315,9.000000000000002,8.941470883090732,After the historical event,Event experienced
-0.94,1,1,1,Phenotypic variance,5,14.68451370494122,14.878714858233145,13.886071654838947,15.443973694458625,15.393638891672676,14.68451370494122,After the historical event,Event experienced
-0.9199999999999999,0,0,0,Additive genetic variance,5,2.4128393394242043,2.3541002632730437,2.123077674528544,2.8590328059807573,2.809521997206206,2.4128393394242043,Before the historical event,Event not experienced
-0.9199999999999999,0,0,0,Nuclear-family environmental variance,5,2.1949699849105886,2.281059202212836,1.6407598267619434,2.73573054423969,2.25,2.1949699849105886,Before the historical event,Event not experienced
-0.9199999999999999,0,0,0,Nonshared environmental variance,5,9.097012133457726,9.226794594457791,8.538894853655545,9.508374551591151,9.000000000000002,9.097012133457726,Before the historical event,Event not experienced
-0.9199999999999999,0,0,0,Phenotypic variance,5,13.70482145779252,13.609015302452171,13.367431103531333,14.107371430415325,14.059521997206208,13.70482145779252,Before the historical event,Event not experienced
-0.9199999999999999,0,1,0,Additive genetic variance,5,2.4128393394242043,2.3541002632730437,2.123077674528544,2.8590328059807573,2.809521997206206,2.4128393394242043,Before the historical event,Event experienced
-0.9199999999999999,0,1,0,Nuclear-family environmental variance,5,2.1949699849105886,2.281059202212836,1.6407598267619434,2.73573054423969,2.25,2.1949699849105886,Before the historical event,Event experienced
-0.9199999999999999,0,1,0,Nonshared environmental variance,5,9.097012133457726,9.226794594457791,8.538894853655545,9.508374551591151,9.000000000000002,9.097012133457726,Before the historical event,Event experienced
-0.9199999999999999,0,1,0,Phenotypic variance,5,13.70482145779252,13.609015302452171,13.367431103531333,14.107371430415325,14.059521997206208,13.70482145779252,Before the historical event,Event experienced
-0.9199999999999999,1,0,0,Additive genetic variance,5,2.4128393394242043,2.3541002632730437,2.123077674528544,2.8590328059807573,2.809521997206206,2.4128393394242043,After the historical event,Event not experienced
-0.9199999999999999,1,0,0,Nuclear-family environmental variance,5,2.1949699849105886,2.281059202212836,1.6407598267619434,2.73573054423969,2.25,2.1949699849105886,After the historical event,Event not experienced
-0.9199999999999999,1,0,0,Nonshared environmental variance,5,9.097012133457726,9.226794594457791,8.538894853655545,9.508374551591151,9.000000000000002,9.097012133457726,After the historical event,Event not experienced
-0.9199999999999999,1,0,0,Phenotypic variance,5,13.70482145779252,13.609015302452171,13.367431103531333,14.107371430415325,14.059521997206208,13.70482145779252,After the historical event,Event not experienced
-0.9199999999999999,1,1,1,Additive genetic variance,5,3.4279740265784286,3.38475346347846,2.729421453267929,4.462241707305268,4.191314303998646,3.4279740265784286,After the historical event,Event experienced
-0.9199999999999999,1,1,1,Nuclear-family environmental variance,5,2.3558674874575956,2.3163571439986486,1.796044042903233,2.8463180164369706,2.25,2.3558674874575956,After the historical event,Event experienced
-0.9199999999999999,1,1,1,Nonshared environmental variance,5,8.945465813442338,9.241843395267525,8.170123377836127,9.520777679910042,9.000000000000002,8.945465813442338,After the historical event,Event experienced
-0.9199999999999999,1,1,1,Phenotypic variance,5,14.729307327478363,14.918156716207479,13.919997982710004,15.49114227748793,15.441314303998649,14.729307327478363,After the historical event,Event experienced
-0.8999999999999999,0,0,0,Additive genetic variance,5,2.4426770207546906,2.3823565970323464,2.153936210057298,2.8904743861579534,2.8413928188367095,2.4426770207546906,Before the historical event,Event not experienced
-0.8999999999999999,0,0,0,Nuclear-family environmental variance,5,2.1926489513333065,2.280662175196895,1.6435342834425277,2.730804521025169,2.25,2.1926489513333065,Before the historical event,Event not experienced
-0.8999999999999999,0,0,0,Nonshared environmental variance,5,9.101139836998819,9.227598967300974,8.547466262993032,9.50674898649885,9.000000000000002,9.101139836998819,Before the historical event,Event not experienced
-0.8999999999999999,0,0,0,Phenotypic variance,5,13.736465809086816,13.644885944577943,13.396436708284249,14.14148658669152,14.091392818836711,13.736465809086816,Before the historical event,Event not experienced
-0.8999999999999999,0,1,0,Additive genetic variance,5,2.4426770207546906,2.3823565970323464,2.153936210057298,2.8904743861579534,2.8413928188367095,2.4426770207546906,Before the historical event,Event experienced
-0.8999999999999999,0,1,0,Nuclear-family environmental variance,5,2.1926489513333065,2.280662175196895,1.6435342834425277,2.730804521025169,2.25,2.1926489513333065,Before the historical event,Event experienced
-0.8999999999999999,0,1,0,Nonshared environmental variance,5,9.101139836998819,9.227598967300974,8.547466262993032,9.50674898649885,9.000000000000002,9.101139836998819,Before the historical event,Event experienced
-0.8999999999999999,0,1,0,Phenotypic variance,5,13.736465809086816,13.644885944577943,13.396436708284249,14.14148658669152,14.091392818836711,13.736465809086816,Before the historical event,Event experienced
-0.8999999999999999,1,0,0,Additive genetic variance,5,2.4426770207546906,2.3823565970323464,2.153936210057298,2.8904743861579534,2.8413928188367095,2.4426770207546906,After the historical event,Event not experienced
-0.8999999999999999,1,0,0,Nuclear-family environmental variance,5,2.1926489513333065,2.280662175196895,1.6435342834425277,2.730804521025169,2.25,2.1926489513333065,After the historical event,Event not experienced
-0.8999999999999999,1,0,0,Nonshared environmental variance,5,9.101139836998819,9.227598967300974,8.547466262993032,9.50674898649885,9.000000000000002,9.101139836998819,After the historical event,Event not experienced
-0.8999999999999999,1,0,0,Phenotypic variance,5,13.736465809086816,13.644885944577943,13.396436708284249,14.14148658669152,14.091392818836711,13.736465809086816,After the historical event,Event not experienced
-0.8999999999999999,1,1,1,Additive genetic variance,5,3.4713113550552057,3.4216691250317686,2.7624158351106045,4.526991439186122,4.23885998284115,3.4713113550552057,After the historical event,Event experienced
-0.8999999999999999,1,1,1,Nuclear-family environmental variance,5,2.353365244879774,2.3159539732419034,1.7989724817679302,2.837293795447857,2.25,2.353365244879774,After the historical event,Event experienced
-0.8999999999999999,1,1,1,Nonshared environmental variance,5,8.949421957731952,9.246030830089444,8.178782160619567,9.521298607012566,9.000000000000002,8.949421957731952,After the historical event,Event experienced
-0.8999999999999999,1,1,1,Phenotypic variance,5,14.77409855766693,14.957449144326581,13.95393856316467,15.538257192365709,15.488859982841152,14.77409855766693,After the historical event,Event experienced
-0.8799999999999999,0,0,0,Additive genetic variance,5,2.4725022490453643,2.4106004590042716,2.184847021843952,2.921807027643054,2.8731654353285574,2.4725022490453643,Before the historical event,Event not experienced
-0.8799999999999999,0,0,0,Nuclear-family environmental variance,5,2.1903526111340037,2.280263050941076,1.646310168521398,2.7259105470023135,2.25,2.1903526111340037,Before the historical event,Event not experienced
-0.8799999999999999,0,0,0,Nonshared environmental variance,5,9.105227608273163,9.228369303385211,8.55598371060846,9.50512782573238,9.000000000000002,9.105227608273163,Before the historical event,Event not experienced
-0.8799999999999999,0,0,0,Phenotypic variance,5,13.76808246845253,13.680783264629849,13.425496557820763,14.175455108155884,14.12316543532856,13.76808246845253,Before the historical event,Event not experienced
-0.8799999999999999,0,1,0,Additive genetic variance,5,2.4725022490453643,2.4106004590042716,2.184847021843952,2.921807027643054,2.8731654353285574,2.4725022490453643,Before the historical event,Event experienced
-0.8799999999999999,0,1,0,Nuclear-family environmental variance,5,2.1903526111340037,2.280263050941076,1.646310168521398,2.7259105470023135,2.25,2.1903526111340037,Before the historical event,Event experienced
-0.8799999999999999,0,1,0,Nonshared environmental variance,5,9.105227608273163,9.228369303385211,8.55598371060846,9.50512782573238,9.000000000000002,9.105227608273163,Before the historical event,Event experienced
-0.8799999999999999,0,1,0,Phenotypic variance,5,13.76808246845253,13.680783264629849,13.425496557820763,14.175455108155884,14.12316543532856,13.76808246845253,Before the historical event,Event experienced
-0.8799999999999999,1,0,0,Additive genetic variance,5,2.4725022490453643,2.4106004590042716,2.184847021843952,2.921807027643054,2.8731654353285574,2.4725022490453643,After the historical event,Event not experienced
-0.8799999999999999,1,0,0,Nuclear-family environmental variance,5,2.1903526111340037,2.280263050941076,1.646310168521398,2.7259105470023135,2.25,2.1903526111340037,After the historical event,Event not experienced
-0.8799999999999999,1,0,0,Nonshared environmental variance,5,9.105227608273163,9.228369303385211,8.55598371060846,9.50512782573238,9.000000000000002,9.105227608273163,After the historical event,Event not experienced
-0.8799999999999999,1,0,0,Phenotypic variance,5,13.76808246845253,13.680783264629849,13.425496557820763,14.175455108155884,14.12316543532856,13.76808246845253,After the historical event,Event not experienced
-0.8799999999999999,1,1,1,Additive genetic variance,5,3.5146432156678986,3.4584480109738367,2.7954031102155894,4.591838960679045,4.286259156832373,3.5146432156678986,After the historical event,Event experienced
-0.8799999999999999,1,1,1,Nuclear-family environmental variance,5,2.3508909034311913,2.315548672791826,1.801903258137616,2.828339838207588,2.25,2.3508909034311913,After the historical event,Event experienced
-0.8799999999999999,1,1,1,Nonshared environmental variance,5,8.953339222290122,9.2501499771156,8.187390119343561,9.521789155595403,9.000000000000002,8.953339222290122,After the historical event,Event experienced
-0.8799999999999999,1,1,1,Phenotypic variance,5,14.818873341389212,14.996579022669387,13.987883675196727,15.58530352632229,15.536259156832376,14.818873341389212,After the historical event,Event experienced
-0.8599999999999999,0,0,0,Additive genetic variance,5,2.502305529318174,2.438823413852844,2.215799514830161,2.953019748214262,2.904828525281583,2.502305529318174,Before the historical event,Event not experienced
-0.8599999999999999,0,0,0,Nuclear-family environmental variance,5,2.1880808238903504,2.2798618305707055,1.6490874412177567,2.7210484718154335,2.25,2.1880808238903504,Before the historical event,Event not experienced
-0.8599999999999999,0,0,0,Nonshared environmental variance,5,9.109275350656741,9.22910559417471,8.564447018097415,9.503511051813076,9.000000000000002,9.109275350656741,Before the historical event,Event not experienced
-0.8599999999999999,0,0,0,Phenotypic variance,5,13.799661703865265,13.71669602831845,13.454602365191478,14.209265860351834,14.154828525281584,13.799661703865265,Before the historical event,Event not experienced
-0.8599999999999999,0,1,0,Additive genetic variance,5,2.502305529318174,2.438823413852844,2.215799514830161,2.953019748214262,2.904828525281583,2.502305529318174,Before the historical event,Event experienced
-0.8599999999999999,0,1,0,Nuclear-family environmental variance,5,2.1880808238903504,2.2798618305707055,1.6490874412177567,2.7210484718154335,2.25,2.1880808238903504,Before the historical event,Event experienced
-0.8599999999999999,0,1,0,Nonshared environmental variance,5,9.109275350656741,9.22910559417471,8.564447018097415,9.503511051813076,9.000000000000002,9.109275350656741,Before the historical event,Event experienced
-0.8599999999999999,0,1,0,Phenotypic variance,5,13.799661703865265,13.71669602831845,13.454602365191478,14.209265860351834,14.154828525281584,13.799661703865265,Before the historical event,Event experienced
-0.8599999999999999,1,0,0,Additive genetic variance,5,2.502305529318174,2.438823413852844,2.215799514830161,2.953019748214262,2.904828525281583,2.502305529318174,After the historical event,Event not experienced
-0.8599999999999999,1,0,0,Nuclear-family environmental variance,5,2.1880808238903504,2.2798618305707055,1.6490874412177567,2.7210484718154335,2.25,2.1880808238903504,After the historical event,Event not experienced
-0.8599999999999999,1,0,0,Nonshared environmental variance,5,9.109275350656741,9.22910559417471,8.564447018097415,9.503511051813076,9.000000000000002,9.109275350656741,After the historical event,Event not experienced
-0.8599999999999999,1,0,0,Phenotypic variance,5,13.799661703865265,13.71669602831845,13.454602365191478,14.209265860351834,14.154828525281584,13.799661703865265,After the historical event,Event not experienced
-0.8599999999999999,1,1,1,Additive genetic variance,5,3.5579556298771973,3.49507711887986,2.8283735606778264,4.656761630312951,4.333494936427934,3.5579556298771973,After the historical event,Event experienced
-0.8599999999999999,1,1,1,Nuclear-family environmental variance,5,2.3484443078287063,2.315141243791157,1.8048363266203813,2.819455651705468,2.25,2.3484443078287063,After the historical event,Event experienced
-0.8599999999999999,1,1,1,Nonshared environmental variance,5,8.957217514219554,9.254200743402341,8.195947074282552,9.522249316848349,9.000000000000002,8.957217514219554,After the historical event,Event experienced
-0.8599999999999999,1,1,1,Phenotypic variance,5,14.863617451925458,15.035533159563714,14.021823486291831,15.632266197644105,15.583494936427936,14.863617451925458,After the historical event,Event experienced
-0.8399999999999999,0,0,0,Additive genetic variance,5,2.5320772598892494,2.467016936065132,2.2467829192755984,2.9841015038367495,2.9363706944790016,2.5320772598892494,Before the historical event,Event not experienced
-0.8399999999999999,0,0,0,Nuclear-family environmental variance,5,2.185833450616852,2.279458515216888,1.6518660608913773,2.7162181463080577,2.25,2.185833450616852,Before the historical event,Event not experienced
-0.8399999999999999,0,0,0,Nonshared environmental variance,5,9.113282968323647,9.22980783151047,8.572856008066632,9.50189864746336,9.000000000000002,9.113282968323647,Before the historical event,Event not experienced
-0.8399999999999999,0,0,0,Phenotypic variance,5,13.831193678829747,13.752612821607062,13.483745738006832,14.242907650055228,14.186370694479002,13.831193678829747,Before the historical event,Event not experienced
-0.8399999999999999,0,1,0,Additive genetic variance,5,2.5320772598892494,2.467016936065132,2.2467829192755984,2.9841015038367495,2.9363706944790016,2.5320772598892494,Before the historical event,Event experienced
-0.8399999999999999,0,1,0,Nuclear-family environmental variance,5,2.185833450616852,2.279458515216888,1.6518660608913773,2.7162181463080577,2.25,2.185833450616852,Before the historical event,Event experienced
-0.8399999999999999,0,1,0,Nonshared environmental variance,5,9.113282968323647,9.22980783151047,8.572856008066632,9.50189864746336,9.000000000000002,9.113282968323647,Before the historical event,Event experienced
-0.8399999999999999,0,1,0,Phenotypic variance,5,13.831193678829747,13.752612821607062,13.483745738006832,14.242907650055228,14.186370694479002,13.831193678829747,Before the historical event,Event experienced
-0.8399999999999999,1,0,0,Additive genetic variance,5,2.5320772598892494,2.467016936065132,2.2467829192755984,2.9841015038367495,2.9363706944790016,2.5320772598892494,After the historical event,Event not experienced
-0.8399999999999999,1,0,0,Nuclear-family environmental variance,5,2.185833450616852,2.279458515216888,1.6518660608913773,2.7162181463080577,2.25,2.185833450616852,After the historical event,Event not experienced
-0.8399999999999999,1,0,0,Nonshared environmental variance,5,9.113282968323647,9.22980783151047,8.572856008066632,9.50189864746336,9.000000000000002,9.113282968323647,After the historical event,Event not experienced
-0.8399999999999999,1,0,0,Phenotypic variance,5,13.831193678829747,13.752612821607062,13.483745738006832,14.242907650055228,14.186370694479002,13.831193678829747,After the historical event,Event not experienced
-0.8399999999999999,1,1,1,Additive genetic variance,5,3.601234450934745,3.53154337803596,2.861317360800105,4.7217364401813535,4.380550323453823,3.601234450934745,After the historical event,Event experienced
-0.8399999999999999,1,1,1,Nuclear-family environmental variance,5,2.3460253044371426,2.314731687388502,1.8077716420194736,2.8106407476525646,2.25,2.3460253044371426,After the historical event,Event experienced
-0.8399999999999999,1,1,1,Nonshared environmental variance,5,8.961056741398279,9.258183037521807,8.204452846644397,9.522679082316442,9.000000000000002,8.961056741398279,After the historical event,Event experienced
-0.8399999999999999,1,1,1,Phenotypic variance,5,14.908316496770167,15.074298298921693,14.055748056763777,15.679129963144229,15.630550323453825,14.908316496770167,After the historical event,Event experienced
-0.8199999999999998,0,0,0,Additive genetic variance,5,2.561807737128526,2.495172413898121,2.277786296221016,3.01504119491244,2.9677804824165177,2.561807737128526,Before the historical event,Event not experienced
-0.8199999999999998,0,0,0,Nuclear-family environmental variance,5,2.1836103537539504,2.279053106016495,1.654645987042575,2.7114194225142714,2.25,2.1836103537539504,Before the historical event,Event not experienced
-0.8199999999999998,0,0,0,Nonshared environmental variance,5,9.117250366249365,9.230476007610443,8.581210504140175,9.503945815371647,9.000000000000002,9.117250366249365,Before the historical event,Event not experienced
-0.8199999999999998,0,0,0,Phenotypic variance,5,13.862668457131841,13.788522056456882,13.51291818144572,14.276369231521528,14.217780482416519,13.862668457131841,Before the historical event,Event not experienced
-0.8199999999999998,0,1,0,Additive genetic variance,5,2.561807737128526,2.495172413898121,2.277786296221016,3.01504119491244,2.9677804824165177,2.561807737128526,Before the historical event,Event experienced
-0.8199999999999998,0,1,0,Nuclear-family environmental variance,5,2.1836103537539504,2.279053106016495,1.654645987042575,2.7114194225142714,2.25,2.1836103537539504,Before the historical event,Event experienced
-0.8199999999999998,0,1,0,Nonshared environmental variance,5,9.117250366249365,9.230476007610443,8.581210504140175,9.503945815371647,9.000000000000002,9.117250366249365,Before the historical event,Event experienced
-0.8199999999999998,0,1,0,Phenotypic variance,5,13.862668457131841,13.788522056456882,13.51291818144572,14.276369231521528,14.217780482416519,13.862668457131841,Before the historical event,Event experienced
-0.8199999999999998,1,0,0,Additive genetic variance,5,2.561807737128526,2.495172413898121,2.277786296221016,3.01504119491244,2.9677804824165177,2.561807737128526,After the historical event,Event not experienced
-0.8199999999999998,1,0,0,Nuclear-family environmental variance,5,2.1836103537539504,2.279053106016495,1.654645987042575,2.7114194225142714,2.25,2.1836103537539504,After the historical event,Event not experienced
-0.8199999999999998,1,0,0,Nonshared environmental variance,5,9.117250366249365,9.230476007610443,8.581210504140175,9.503945815371647,9.000000000000002,9.117250366249365,After the historical event,Event not experienced
-0.8199999999999998,1,0,0,Phenotypic variance,5,13.862668457131841,13.788522056456882,13.51291818144572,14.276369231521528,14.217780482416519,13.862668457131841,After the historical event,Event not experienced
-0.8199999999999998,1,1,1,Additive genetic variance,5,3.644465370934742,3.5678336569117324,2.8942245815632246,4.786740027818805,4.427408220846685,3.644465370934742,After the historical event,Event experienced
-0.8199999999999998,1,1,1,Nuclear-family environmental variance,5,2.3436337412570145,2.3143200047383274,1.8107091593331024,2.801894642437002,2.25,2.3436337412570145,After the historical event,Event experienced
-0.8199999999999998,1,1,1,Nonshared environmental variance,5,8.964856812482823,9.262096769565355,8.212907258576582,9.523078443900133,9.000000000000002,8.964856812482823,After the historical event,Event experienced
-0.8199999999999998,1,1,1,Phenotypic variance,5,14.95295592467458,15.112861127707246,14.089647344220985,15.72587942585518,15.677408220846687,14.95295592467458,After the historical event,Event experienced
-0.7999999999999998,0,0,0,Additive genetic variance,5,2.5914871603593155,2.5232811534347515,2.308798543185117,3.0458276726394153,2.9990463689561655,2.5914871603593155,Before the historical event,Event not experienced
-0.7999999999999998,0,0,0,Nuclear-family environmental variance,5,2.181411397157266,2.278645604112167,1.6574271793121926,2.7066521536501384,2.25,2.181411397157266,Before the historical event,Event not experienced
-0.7999999999999998,0,0,0,Nonshared environmental variance,5,9.121177450214045,9.231110115069681,8.589510330965615,9.50727488944151,9.000000000000002,9.121177450214045,Before the historical event,Event not experienced
-0.7999999999999998,0,0,0,Phenotypic variance,5,13.894076007730627,13.824411976819201,13.542111101378245,14.30963931284269,14.249046368956167,13.894076007730627,Before the historical event,Event not experienced
-0.7999999999999998,0,1,0,Additive genetic variance,5,2.5914871603593155,2.5232811534347515,2.308798543185117,3.0458276726394153,2.9990463689561655,2.5914871603593155,Before the historical event,Event experienced
-0.7999999999999998,0,1,0,Nuclear-family environmental variance,5,2.181411397157266,2.278645604112167,1.6574271793121926,2.7066521536501384,2.25,2.181411397157266,Before the historical event,Event experienced
-0.7999999999999998,0,1,0,Nonshared environmental variance,5,9.121177450214045,9.231110115069681,8.589510330965615,9.50727488944151,9.000000000000002,9.121177450214045,Before the historical event,Event experienced
-0.7999999999999998,0,1,0,Phenotypic variance,5,13.894076007730627,13.824411976819201,13.542111101378245,14.30963931284269,14.249046368956167,13.894076007730627,Before the historical event,Event experienced
-0.7999999999999998,1,0,0,Additive genetic variance,5,2.5914871603593155,2.5232811534347515,2.308798543185117,3.0458276726394153,2.9990463689561655,2.5914871603593155,After the historical event,Event not experienced
-0.7999999999999998,1,0,0,Nuclear-family environmental variance,5,2.181411397157266,2.278645604112167,1.6574271793121926,2.7066521536501384,2.25,2.181411397157266,After the historical event,Event not experienced
-0.7999999999999998,1,0,0,Nonshared environmental variance,5,9.121177450214045,9.231110115069681,8.589510330965615,9.50727488944151,9.000000000000002,9.121177450214045,After the historical event,Event not experienced
-0.7999999999999998,1,0,0,Phenotypic variance,5,13.894076007730627,13.824411976819201,13.542111101378245,14.30963931284269,14.249046368956167,13.894076007730627,After the historical event,Event not experienced
-0.7999999999999998,1,1,1,Additive genetic variance,5,3.687633928087599,3.6039347707589986,2.927085195223865,4.851748688575737,4.474051442580182,3.687633928087599,After the historical event,Event experienced
-0.7999999999999998,1,1,1,Nuclear-family environmental variance,5,2.3412694679124155,2.313906197000954,1.8136488337542642,2.793216857079771,2.25,2.3412694679124155,After the historical event,Event experienced
-0.7999999999999998,1,1,1,Nonshared environmental variance,5,8.968617636911342,9.265941851146943,8.221310133172397,9.523447393855406,9.000000000000002,8.968617636911342,After the historical event,Event experienced
-0.7999999999999998,1,1,1,Phenotypic variance,5,14.997521032911356,15.15120828352989,14.123511208160686,15.772499042939291,15.724051442580183,14.997521032911356,After the historical event,Event experienced
-0.7799999999999998,0,0,0,Additive genetic variance,5,2.6211056368948467,2.551334382746806,2.339808400092198,3.0764497454761432,3.0301567810998145,2.6211056368948467,Before the historical event,Event not experienced
-0.7799999999999998,0,0,0,Nuclear-family environmental variance,5,2.1792364460869793,2.2782360106523027,1.660209597481608,2.7019161941052006,2.25,2.1792364460869793,Before the historical event,Event not experienced
-0.7799999999999998,0,0,0,Nonshared environmental variance,5,9.125064126805746,9.23171014686046,8.597755314220151,9.510541745117964,9.000000000000002,9.125064126805746,Before the historical event,Event not experienced
-0.7799999999999998,0,0,0,Phenotypic variance,5,13.925406209787573,13.86027066487152,13.571315807601202,14.34270656240896,14.280156781099816,13.925406209787573,Before the historical event,Event not experienced
-0.7799999999999998,0,1,0,Additive genetic variance,5,2.6211056368948467,2.551334382746806,2.339808400092198,3.0764497454761432,3.0301567810998145,2.6211056368948467,Before the historical event,Event experienced
-0.7799999999999998,0,1,0,Nuclear-family environmental variance,5,2.1792364460869793,2.2782360106523027,1.660209597481608,2.7019161941052006,2.25,2.1792364460869793,Before the historical event,Event experienced
-0.7799999999999998,0,1,0,Nonshared environmental variance,5,9.125064126805746,9.23171014686046,8.597755314220151,9.510541745117964,9.000000000000002,9.125064126805746,Before the historical event,Event experienced
-0.7799999999999998,0,1,0,Phenotypic variance,5,13.925406209787573,13.86027066487152,13.571315807601202,14.34270656240896,14.280156781099816,13.925406209787573,Before the historical event,Event experienced
-0.7799999999999998,1,0,0,Additive genetic variance,5,2.6211056368948467,2.551334382746806,2.339808400092198,3.0764497454761432,3.0301567810998145,2.6211056368948467,After the historical event,Event not experienced
-0.7799999999999998,1,0,0,Nuclear-family environmental variance,5,2.1792364460869793,2.2782360106523027,1.660209597481608,2.7019161941052006,2.25,2.1792364460869793,After the historical event,Event not experienced
-0.7799999999999998,1,0,0,Nonshared environmental variance,5,9.125064126805746,9.23171014686046,8.597755314220151,9.510541745117964,9.000000000000002,9.125064126805746,After the historical event,Event not experienced
-0.7799999999999998,1,0,0,Phenotypic variance,5,13.925406209787573,13.86027066487152,13.571315807601202,14.34270656240896,14.280156781099816,13.925406209787573,After the historical event,Event not experienced
-0.7799999999999998,1,1,1,Additive genetic variance,5,3.7307255142113047,3.6398334893309467,2.959889080037617,4.9167383884849345,4.520462723769875,3.7307255142113047,After the historical event,Event experienced
-0.7799999999999998,1,1,1,Nuclear-family environmental variance,5,2.3389323356390634,2.3134902653425513,1.8165906206705995,2.7846069171910113,2.25,2.3389323356390634,After the historical event,Event experienced
-0.7799999999999998,1,1,1,Nonshared environmental variance,5,8.972339124906732,9.269718195406472,8.229661294477122,9.523785924793875,9.000000000000002,8.972339124906732,After the historical event,Event experienced
-0.7799999999999998,1,1,1,Phenotypic variance,5,15.041996974757101,15.189326362359147,14.157329414688377,15.818973133811781,15.770462723769878,15.041996974757101,After the historical event,Event experienced
-0.7599999999999998,0,0,0,Additive genetic variance,5,2.650653187208628,2.579323256162205,2.3708044554271703,3.1068961857055375,3.0611000998770814,2.650653187208628,Before the historical event,Event not experienced
-0.7599999999999998,0,0,0,Nuclear-family environmental variance,5,2.177085367197346,2.277824326791057,1.6629932014727593,2.697211399434059,2.25,2.177085367197346,Before the historical event,Event not experienced
-0.7599999999999998,0,0,0,Nonshared environmental variance,5,9.128910303423645,9.232276096332415,8.605945280616718,9.513746302736989,9.000000000000002,9.128910303423645,Before the historical event,Event not experienced
-0.7599999999999998,0,0,0,Phenotypic variance,5,13.956648857829618,13.89608604749388,13.600523517184943,14.375559615470603,14.311100099877084,13.956648857829618,Before the historical event,Event not experienced
-0.7599999999999998,0,1,0,Additive genetic variance,5,2.650653187208628,2.579323256162205,2.3708044554271703,3.1068961857055375,3.0611000998770814,2.650653187208628,Before the historical event,Event experienced
-0.7599999999999998,0,1,0,Nuclear-family environmental variance,5,2.177085367197346,2.277824326791057,1.6629932014727593,2.697211399434059,2.25,2.177085367197346,Before the historical event,Event experienced
-0.7599999999999998,0,1,0,Nonshared environmental variance,5,9.128910303423645,9.232276096332415,8.605945280616718,9.513746302736989,9.000000000000002,9.128910303423645,Before the historical event,Event experienced
-0.7599999999999998,0,1,0,Phenotypic variance,5,13.956648857829618,13.89608604749388,13.600523517184943,14.375559615470603,14.311100099877084,13.956648857829618,Before the historical event,Event experienced
-0.7599999999999998,1,0,0,Additive genetic variance,5,2.650653187208628,2.579323256162205,2.3708044554271703,3.1068961857055375,3.0611000998770814,2.650653187208628,After the historical event,Event not experienced
-0.7599999999999998,1,0,0,Nuclear-family environmental variance,5,2.177085367197346,2.277824326791057,1.6629932014727593,2.697211399434059,2.25,2.177085367197346,After the historical event,Event not experienced
-0.7599999999999998,1,0,0,Nonshared environmental variance,5,9.128910303423645,9.232276096332415,8.605945280616718,9.513746302736989,9.000000000000002,9.128910303423645,After the historical event,Event not experienced
-0.7599999999999998,1,0,0,Phenotypic variance,5,13.956648857829618,13.89608604749388,13.600523517184943,14.375559615470603,14.311100099877084,13.956648857829618,After the historical event,Event not experienced
-0.7599999999999998,1,1,1,Additive genetic variance,5,3.7737253824358623,3.675516544715637,2.9926260251044674,4.9816847776120765,4.56662473094879,3.7737253824358623,After the historical event,Event experienced
-0.7599999999999998,1,1,1,Nuclear-family environmental variance,5,2.336622197272506,2.313072210935134,1.819534475664265,2.7760643529267988,2.25,2.336622197272506,After the historical event,Event experienced
-0.7599999999999998,1,1,1,Nonshared environmental variance,5,8.976021187479727,9.27342571701305,8.237960567494147,9.524094029682933,9.000000000000002,8.976021187479727,After the historical event,Event experienced
-0.7599999999999998,1,1,1,Phenotypic variance,5,15.086368767188095,15.227201926353425,14.191091641359746,15.865285888471337,15.816624730948792,15.086368767188095,After the historical event,Event experienced
-0.7399999999999998,0,0,0,Additive genetic variance,5,2.6801197502352703,2.607238858634127,2.401775152614247,3.1371557360937103,3.0918646673422097,2.6801197502352703,Before the historical event,Event not experienced
-0.7399999999999998,0,0,0,Nuclear-family environmental variance,5,2.1749580285263477,2.277410553688333,1.665777951348186,2.692537626348049,2.25,2.1749580285263477,Before the historical event,Event not experienced
-0.7399999999999998,0,0,0,Nonshared environmental variance,5,9.132715888281231,9.232807957212659,8.61408005791003,9.516888484054851,9.000000000000002,9.132715888281231,Before the historical event,Event not experienced
-0.7399999999999998,0,0,0,Phenotypic variance,5,13.98779366704285,13.9318459029815,13.629725357930063,14.408187080794395,14.341864667342211,13.98779366704285,Before the historical event,Event not experienced
-0.7399999999999998,0,1,0,Additive genetic variance,5,2.6801197502352703,2.607238858634127,2.401775152614247,3.1371557360937103,3.0918646673422097,2.6801197502352703,Before the historical event,Event experienced
-0.7399999999999998,0,1,0,Nuclear-family environmental variance,5,2.1749580285263477,2.277410553688333,1.665777951348186,2.692537626348049,2.25,2.1749580285263477,Before the historical event,Event experienced
-0.7399999999999998,0,1,0,Nonshared environmental variance,5,9.132715888281231,9.232807957212659,8.61408005791003,9.516888484054851,9.000000000000002,9.132715888281231,Before the historical event,Event experienced
-0.7399999999999998,0,1,0,Phenotypic variance,5,13.98779366704285,13.9318459029815,13.629725357930063,14.408187080794395,14.341864667342211,13.98779366704285,Before the historical event,Event experienced
-0.7399999999999998,1,0,0,Additive genetic variance,5,2.6801197502352703,2.607238858634127,2.401775152614247,3.1371557360937103,3.0918646673422097,2.6801197502352703,After the historical event,Event not experienced
-0.7399999999999998,1,0,0,Nuclear-family environmental variance,5,2.1749580285263477,2.277410553688333,1.665777951348186,2.692537626348049,2.25,2.1749580285263477,After the historical event,Event not experienced
-0.7399999999999998,1,0,0,Nonshared environmental variance,5,9.132715888281231,9.232807957212659,8.61408005791003,9.516888484054851,9.000000000000002,9.132715888281231,After the historical event,Event not experienced
-0.7399999999999998,1,0,0,Phenotypic variance,5,13.98779366704285,13.9318459029815,13.629725357930063,14.408187080794395,14.341864667342211,13.98779366704285,After the historical event,Event not experienced
-0.7399999999999998,1,1,1,Additive genetic variance,5,3.8166186551158607,3.7109706392776554,3.025285735333885,5.046563203882147,4.612520072505519,3.8166186551158607,After the historical event,Event experienced
-0.7399999999999998,1,1,1,Nuclear-family environmental variance,5,2.3343389072364813,2.312652034956553,1.8224803545118344,2.767588698946401,2.25,2.3343389072364813,After the historical event,Event experienced
-0.7399999999999998,1,1,1,Nonshared environmental variance,5,8.979663736431943,9.27706433216819,8.246207778191092,9.52437170184582,9.000000000000002,8.979663736431943,After the historical event,Event experienced
-0.7399999999999998,1,1,1,Phenotypic variance,5,15.130621298784284,15.264821511797223,14.224787482142261,15.911421376032598,15.862520072505522,15.130621298784284,After the historical event,Event experienced
-0.7199999999999998,0,0,0,Additive genetic variance,5,2.709495188798247,2.6350722102092528,2.4327087966151977,3.167217116638123,3.122438793674298,2.709495188798247,Before the historical event,Event not experienced
-0.7199999999999998,0,0,0,Nuclear-family environmental variance,5,2.172854299485482,2.2769946925097777,1.668563807311092,2.6878947327069764,2.25,2.172854299485482,Before the historical event,Event not experienced
-0.7199999999999998,0,0,0,Nonshared environmental variance,5,9.136480790409466,9.233305723605913,8.622159474902636,9.519968212251005,9.000000000000002,9.136480790409466,Before the historical event,Event not experienced
-0.7199999999999998,0,0,0,Phenotypic variance,5,14.018830278693196,13.967537867989236,13.65891237193225,14.440577547409632,14.3724387936743,14.018830278693196,Before the historical event,Event not experienced
-0.7199999999999998,0,1,0,Additive genetic variance,5,2.709495188798247,2.6350722102092528,2.4327087966151977,3.167217116638123,3.122438793674298,2.709495188798247,Before the historical event,Event experienced
-0.7199999999999998,0,1,0,Nuclear-family environmental variance,5,2.172854299485482,2.2769946925097777,1.668563807311092,2.6878947327069764,2.25,2.172854299485482,Before the historical event,Event experienced
-0.7199999999999998,0,1,0,Nonshared environmental variance,5,9.136480790409466,9.233305723605913,8.622159474902636,9.519968212251005,9.000000000000002,9.136480790409466,Before the historical event,Event experienced
-0.7199999999999998,0,1,0,Phenotypic variance,5,14.018830278693196,13.967537867989236,13.65891237193225,14.440577547409632,14.3724387936743,14.018830278693196,Before the historical event,Event experienced
-0.7199999999999998,1,0,0,Additive genetic variance,5,2.709495188798247,2.6350722102092528,2.4327087966151977,3.167217116638123,3.122438793674298,2.709495188798247,After the historical event,Event not experienced
-0.7199999999999998,1,0,0,Nuclear-family environmental variance,5,2.172854299485482,2.2769946925097777,1.668563807311092,2.6878947327069764,2.25,2.172854299485482,After the historical event,Event not experienced
-0.7199999999999998,1,0,0,Nonshared environmental variance,5,9.136480790409466,9.233305723605913,8.622159474902636,9.519968212251005,9.000000000000002,9.136480790409466,After the historical event,Event not experienced
-0.7199999999999998,1,0,0,Phenotypic variance,5,14.018830278693196,13.967537867989236,13.65891237193225,14.440577547409632,14.3724387936743,14.018830278693196,After the historical event,Event not experienced
-0.7199999999999998,1,1,1,Additive genetic variance,5,3.8593903319459173,3.7461824537015356,3.057857836526497,5.111348727372651,4.658131309276533,3.8593903319459173,After the historical event,Event experienced
-0.7199999999999998,1,1,1,Nuclear-family environmental variance,5,2.332082321531432,2.312229738590495,1.8254282131842214,2.7591794943700134,2.25,2.332082321531432,After the historical event,Event experienced
-0.7199999999999998,1,1,1,Nonshared environmental variance,5,8.983266684358933,9.280633958608977,8.25440275350586,9.524618934961769,9.000000000000002,8.983266684358933,After the historical event,Event experienced
-0.7199999999999998,1,1,1,Phenotypic variance,5,15.174739337836282,15.302171637140264,14.258406452493412,15.96563967014974,15.908131309276534,15.174739337836282,After the historical event,Event experienced
-0.6999999999999997,0,0,0,Additive genetic variance,5,2.7387692951608553,2.6628142705922744,2.4635935607427983,3.1970690313996877,3.1528107643750825,2.7387692951608553,Before the historical event,Event not experienced
-0.6999999999999997,0,0,0,Nuclear-family environmental variance,5,2.170774050849676,2.2765767444267775,1.6713507297054242,2.6832825775109477,2.25,2.170774050849676,Before the historical event,Event not experienced
-0.6999999999999997,0,0,0,Nonshared environmental variance,5,9.140204919659935,9.233769389994594,8.630183361450904,9.522985411930984,9.000000000000002,9.140204919659935,Before the historical event,Event not experienced
-0.6999999999999997,0,0,0,Phenotypic variance,5,14.049748265670466,14.003149444703336,13.688075519253475,14.472719591438185,14.402810764375085,14.049748265670466,Before the historical event,Event not experienced
-0.6999999999999997,0,1,0,Additive genetic variance,5,2.7387692951608553,2.6628142705922744,2.4635935607427983,3.1970690313996877,3.1528107643750825,2.7387692951608553,Before the historical event,Event experienced
-0.6999999999999997,0,1,0,Nuclear-family environmental variance,5,2.170774050849676,2.2765767444267775,1.6713507297054242,2.6832825775109477,2.25,2.170774050849676,Before the historical event,Event experienced
-0.6999999999999997,0,1,0,Nonshared environmental variance,5,9.140204919659935,9.233769389994594,8.630183361450904,9.522985411930984,9.000000000000002,9.140204919659935,Before the historical event,Event experienced
-0.6999999999999997,0,1,0,Phenotypic variance,5,14.049748265670466,14.003149444703336,13.688075519253475,14.472719591438185,14.402810764375085,14.049748265670466,Before the historical event,Event experienced
-0.6999999999999997,1,0,0,Additive genetic variance,5,2.7387692951608553,2.6628142705922744,2.4635935607427983,3.1970690313996877,3.1528107643750825,2.7387692951608553,After the historical event,Event not experienced
-0.6999999999999997,1,0,0,Nuclear-family environmental variance,5,2.170774050849676,2.2765767444267775,1.6713507297054242,2.6832825775109477,2.25,2.170774050849676,After the historical event,Event not experienced
-0.6999999999999997,1,0,0,Nonshared environmental variance,5,9.140204919659935,9.233769389994594,8.630183361450904,9.522985411930984,9.000000000000002,9.140204919659935,After the historical event,Event not experienced
-0.6999999999999997,1,0,0,Phenotypic variance,5,14.049748265670466,14.003149444703336,13.688075519253475,14.472719591438185,14.402810764375085,14.049748265670466,After the historical event,Event not experienced
-0.6999999999999997,1,1,1,Additive genetic variance,5,3.9020252982734536,3.781138655130381,3.0903318805691797,5.176016135063978,4.703440965283999,3.9020252982734536,After the historical event,Event experienced
-0.6999999999999997,1,1,1,Nuclear-family environmental variance,5,2.3298522977231766,2.3118053230264715,1.8283780078466276,2.750836282736963,2.25,2.3298522977231766,After the historical event,Event experienced
-0.6999999999999997,1,1,1,Nonshared environmental variance,5,8.986829944653191,9.28413451561119,8.262545321352697,9.52483572306607,9.000000000000002,8.986829944653191,After the historical event,Event experienced
-0.6999999999999997,1,1,1,Phenotypic variance,5,15.21870754064982,15.339238811131995,14.29193799455239,16.03413374011959,15.953440965284,15.21870754064982,After the historical event,Event experienced
-0.6800000000000002,0,0,0,Additive genetic variance,5,2.7679317966964905,2.690455943803707,2.494417493684691,3.2267001754132236,3.1829688475582993,2.7679317966964905,Before the historical event,Event not experienced
-0.6800000000000002,0,0,0,Nuclear-family environmental variance,5,2.1687171547473407,2.2761567106164504,1.6741386790159711,2.678701020892277,2.25,2.1687171547473407,Before the historical event,Event not experienced
-0.6800000000000002,0,0,0,Nonshared environmental variance,5,9.143888186707944,9.23419895123894,8.638151548470992,9.525940009129156,9.000000000000002,9.143888186707944,Before the historical event,Event not experienced
-0.6800000000000002,0,0,0,Phenotypic variance,5,14.080537138151774,14.038668008235254,13.717205681697632,14.504601783002961,14.432968847558302,14.080537138151774,Before the historical event,Event not experienced
-0.6800000000000002,0,1,0,Additive genetic variance,5,2.7679317966964905,2.690455943803707,2.494417493684691,3.2267001754132236,3.1829688475582993,2.7679317966964905,Before the historical event,Event experienced
-0.6800000000000002,0,1,0,Nuclear-family environmental variance,5,2.1687171547473407,2.2761567106164504,1.6741386790159711,2.678701020892277,2.25,2.1687171547473407,Before the historical event,Event experienced
-0.6800000000000002,0,1,0,Nonshared environmental variance,5,9.143888186707944,9.23419895123894,8.638151548470992,9.525940009129156,9.000000000000002,9.143888186707944,Before the historical event,Event experienced
-0.6800000000000002,0,1,0,Phenotypic variance,5,14.080537138151774,14.038668008235254,13.717205681697632,14.504601783002961,14.432968847558302,14.080537138151774,Before the historical event,Event experienced
-0.6800000000000002,1,0,0,Additive genetic variance,5,2.7679317966964905,2.690455943803707,2.494417493684691,3.2267001754132236,3.1829688475582993,2.7679317966964905,After the historical event,Event not experienced
-0.6800000000000002,1,0,0,Nuclear-family environmental variance,5,2.1687171547473407,2.2761567106164504,1.6741386790159711,2.678701020892277,2.25,2.1687171547473407,After the historical event,Event not experienced
-0.6800000000000002,1,0,0,Nonshared environmental variance,5,9.143888186707944,9.23419895123894,8.638151548470992,9.525940009129156,9.000000000000002,9.143888186707944,After the historical event,Event not experienced
-0.6800000000000002,1,0,0,Phenotypic variance,5,14.080537138151774,14.038668008235254,13.717205681697632,14.504601783002961,14.432968847558302,14.080537138151774,After the historical event,Event not experienced
-0.6800000000000002,1,1,1,Additive genetic variance,5,3.9445083336029447,3.815825905392952,3.1226973507402565,5.24053995603642,4.748431538610243,3.9445083336029447,After the historical event,Event experienced
-0.6800000000000002,1,1,1,Nuclear-family environmental variance,5,2.32764869493173,2.311378789459816,1.8313296948585107,2.742558611964379,2.25,2.32764869493173,After the historical event,Event experienced
-0.6800000000000002,1,1,1,Nonshared environmental variance,5,8.990353431507147,9.2875659239923,8.270635310628231,9.525022060550182,9.000000000000002,8.990353431507147,After the historical event,Event experienced
-0.6800000000000002,1,1,1,Phenotypic variance,5,15.26251046004182,15.376009541044672,14.325371482441973,16.102455924183808,15.998431538610244,15.26251046004182,After the historical event,Event experienced
-0.6600000000000001,0,0,0,Additive genetic variance,5,2.7969723616741358,2.7179880829279006,2.5251685267325996,3.2560992416705457,3.2129013013245316,2.7969723616741358,Before the historical event,Event not experienced
-0.6600000000000001,0,0,0,Nuclear-family environmental variance,5,2.1666834846505485,2.275734592261643,1.6769276158684772,2.6741499241074638,2.25,2.1666834846505485,Before the historical event,Event not experienced
-0.6600000000000001,0,0,0,Nonshared environmental variance,5,9.14753050305562,9.23459440257709,8.646063867944806,9.528831931311514,9.000000000000002,9.14753050305562,Before the historical event,Event not experienced
-0.6600000000000001,0,0,0,Phenotypic variance,5,14.111186349380304,14.074080814232156,13.746293666688572,14.536212693209132,14.462901301324534,14.111186349380304,Before the historical event,Event not experienced
-0.6600000000000001,0,1,0,Additive genetic variance,5,2.7969723616741358,2.7179880829279006,2.5251685267325996,3.2560992416705457,3.2129013013245316,2.7969723616741358,Before the historical event,Event experienced
-0.6600000000000001,0,1,0,Nuclear-family environmental variance,5,2.1666834846505485,2.275734592261643,1.6769276158684772,2.6741499241074638,2.25,2.1666834846505485,Before the historical event,Event experienced
-0.6600000000000001,0,1,0,Nonshared environmental variance,5,9.14753050305562,9.23459440257709,8.646063867944806,9.528831931311514,9.000000000000002,9.14753050305562,Before the historical event,Event experienced
-0.6600000000000001,0,1,0,Phenotypic variance,5,14.111186349380304,14.074080814232156,13.746293666688572,14.536212693209132,14.462901301324534,14.111186349380304,Before the historical event,Event experienced
-0.6600000000000001,1,0,0,Additive genetic variance,5,2.7969723616741358,2.7179880829279006,2.5251685267325996,3.2560992416705457,3.2129013013245316,2.7969723616741358,After the historical event,Event not experienced
-0.6600000000000001,1,0,0,Nuclear-family environmental variance,5,2.1666834846505485,2.275734592261643,1.6769276158684772,2.6741499241074638,2.25,2.1666834846505485,After the historical event,Event not experienced
-0.6600000000000001,1,0,0,Nonshared environmental variance,5,9.14753050305562,9.23459440257709,8.646063867944806,9.528831931311514,9.000000000000002,9.14753050305562,After the historical event,Event not experienced
-0.6600000000000001,1,0,0,Phenotypic variance,5,14.111186349380304,14.074080814232156,13.746293666688572,14.536212693209132,14.462901301324534,14.111186349380304,After the historical event,Event not experienced
-0.6600000000000001,1,1,1,Additive genetic variance,5,3.986824120285515,3.8502308693123286,3.154943667121338,5.304894477102684,4.793085512399714,3.986824120285515,After the historical event,Event experienced
-0.6600000000000001,1,1,1,Nuclear-family environmental variance,5,2.3254713738202764,2.310950139091679,1.8342832307735795,2.7343460343063284,2.25,2.3254713738202764,After the historical event,Event experienced
-0.6600000000000001,1,1,1,Nonshared environmental variance,5,8.993837059916123,9.290928106114492,8.27867255121742,9.525177942161795,9.000000000000002,8.993837059916123,After the historical event,Event experienced
-0.6600000000000001,1,1,1,Phenotypic variance,5,15.306132554021914,15.412470340978201,14.358696227677047,16.170580266761508,16.043085512399717,15.306132554021914,After the historical event,Event experienced
-0.6400000000000001,0,0,0,Additive genetic variance,5,2.825880605154811,2.7454014949480157,2.5558344812114764,3.2852549281703065,3.2425963812152134,2.825880605154811,Before the historical event,Event not experienced
-0.6400000000000001,0,0,0,Nuclear-family environmental variance,5,2.1646729153653443,2.2753103905509238,1.679717501029777,2.6696291495292583,2.25,2.1646729153653443,Before the historical event,Event not experienced
-0.6400000000000001,0,0,0,Nonshared environmental variance,5,9.151131781034959,9.234955739625157,8.653920152925862,9.531661107378358,9.000000000000002,9.151131781034959,Before the historical event,Event not experienced
-0.6400000000000001,0,0,0,Phenotypic variance,5,14.141685301555114,14.10937500669834,13.775330211248328,14.567540901192183,14.492596381215215,14.141685301555114,Before the historical event,Event not experienced
-0.6400000000000001,0,1,0,Additive genetic variance,5,2.825880605154811,2.7454014949480157,2.5558344812114764,3.2852549281703065,3.2425963812152134,2.825880605154811,Before the historical event,Event experienced
-0.6400000000000001,0,1,0,Nuclear-family environmental variance,5,2.1646729153653443,2.2753103905509238,1.679717501029777,2.6696291495292583,2.25,2.1646729153653443,Before the historical event,Event experienced
-0.6400000000000001,0,1,0,Nonshared environmental variance,5,9.151131781034959,9.234955739625157,8.653920152925862,9.531661107378358,9.000000000000002,9.151131781034959,Before the historical event,Event experienced
-0.6400000000000001,0,1,0,Phenotypic variance,5,14.141685301555114,14.10937500669834,13.775330211248328,14.567540901192183,14.492596381215215,14.141685301555114,Before the historical event,Event experienced
-0.6400000000000001,1,0,0,Additive genetic variance,5,2.825880605154811,2.7454014949480157,2.5558344812114764,3.2852549281703065,3.2425963812152134,2.825880605154811,After the historical event,Event not experienced
-0.6400000000000001,1,0,0,Nuclear-family environmental variance,5,2.1646729153653443,2.2753103905509238,1.679717501029777,2.6696291495292583,2.25,2.1646729153653443,After the historical event,Event not experienced
-0.6400000000000001,1,0,0,Nonshared environmental variance,5,9.151131781034959,9.234955739625157,8.653920152925862,9.531661107378358,9.000000000000002,9.151131781034959,After the historical event,Event not experienced
-0.6400000000000001,1,0,0,Phenotypic variance,5,14.141685301555114,14.10937500669834,13.775330211248328,14.567540901192183,14.492596381215215,14.141685301555114,After the historical event,Event not experienced
-0.6400000000000001,1,1,1,Additive genetic variance,5,4.028957252387436,3.8843402230890955,3.187060192112191,5.36905375886405,4.837385365979062,4.028957252387436,After the historical event,Event experienced
-0.6400000000000001,1,1,1,Nuclear-family environmental variance,5,2.3233201965842882,2.310519373129021,1.8372385723398084,2.726198106313391,2.25,2.3233201965842882,After the historical event,Event experienced
-0.6400000000000001,1,1,1,Nonshared environmental variance,5,8.997280745681271,9.294220985887579,8.286656873999537,9.525303363004907,9.000000000000002,8.997280745681271,After the historical event,Event experienced
-0.6400000000000001,1,1,1,Phenotypic variance,5,15.349558194652998,15.448607740239654,14.391901484676245,16.23848058763431,16.087385365979063,15.349558194652998,After the historical event,Event experienced
-0.6200000000000001,0,0,0,Additive genetic variance,5,2.854646094994549,2.772686945664621,2.586403076102826,3.3141559450286118,3.272042347739403,2.854646094994549,Before the historical event,Event not experienced
-0.6200000000000001,0,0,0,Nuclear-family environmental variance,5,2.162685323022182,2.274884106678576,1.682508295407946,2.665138560638795,2.25,2.162685323022182,Before the historical event,Event not experienced
-0.6200000000000001,0,0,0,Nonshared environmental variance,5,9.15469193381087,9.235282958377352,8.661720237545167,9.53442746766694,9.000000000000002,9.15469193381087,Before the historical event,Event not experienced
-0.6200000000000001,0,0,0,Phenotypic variance,5,14.172023351827601,14.144537626021393,13.80430598607328,14.598575001226811,14.522042347739404,14.172023351827601,Before the historical event,Event not experienced
-0.6200000000000001,0,1,0,Additive genetic variance,5,2.854646094994549,2.772686945664621,2.586403076102826,3.3141559450286118,3.272042347739403,2.854646094994549,Before the historical event,Event experienced
-0.6200000000000001,0,1,0,Nuclear-family environmental variance,5,2.162685323022182,2.274884106678576,1.682508295407946,2.665138560638795,2.25,2.162685323022182,Before the historical event,Event experienced
-0.6200000000000001,0,1,0,Nonshared environmental variance,5,9.15469193381087,9.235282958377352,8.661720237545167,9.53442746766694,9.000000000000002,9.15469193381087,Before the historical event,Event experienced
-0.6200000000000001,0,1,0,Phenotypic variance,5,14.172023351827601,14.144537626021393,13.80430598607328,14.598575001226811,14.522042347739404,14.172023351827601,Before the historical event,Event experienced
-0.6200000000000001,1,0,0,Additive genetic variance,5,2.854646094994549,2.772686945664621,2.586403076102826,3.3141559450286118,3.272042347739403,2.854646094994549,After the historical event,Event not experienced
-0.6200000000000001,1,0,0,Nuclear-family environmental variance,5,2.162685323022182,2.274884106678576,1.682508295407946,2.665138560638795,2.25,2.162685323022182,After the historical event,Event not experienced
-0.6200000000000001,1,0,0,Nonshared environmental variance,5,9.15469193381087,9.235282958377352,8.661720237545167,9.53442746766694,9.000000000000002,9.15469193381087,After the historical event,Event not experienced
-0.6200000000000001,1,0,0,Phenotypic variance,5,14.172023351827601,14.144537626021393,13.80430598607328,14.598575001226811,14.522042347739404,14.172023351827601,After the historical event,Event not experienced
-0.6200000000000001,1,1,1,Additive genetic variance,5,4.07089224473084,3.9181406627518647,3.2190362360448748,5.432991652177535,4.881313586085768,4.07089224473084,After the historical event,Event experienced
-0.6200000000000001,1,1,1,Nuclear-family environmental variance,5,2.3211950269407993,2.310086492784606,1.8401956764994787,2.7181143887927006,2.25,2.3211950269407993,After the historical event,Event experienced
-0.6200000000000001,1,1,1,Nonshared environmental variance,5,9.000684405412485,9.29744448877186,8.294588110854075,9.52539831853993,9.000000000000002,9.000684405412485,After the historical event,Event experienced
-0.6200000000000001,1,1,1,Phenotypic variance,5,15.392771677084125,15.484408291790249,14.424976456372889,16.30613049841521,16.13131358608577,15.392771677084125,After the historical event,Event experienced
-0.6000000000000001,0,0,0,Additive genetic variance,5,2.8832583579493014,2.7998351646944504,2.6168619358561633,3.342791021644283,3.301227473966729,2.8832583579493014,Before the historical event,Event not experienced
-0.6000000000000001,0,0,0,Nuclear-family environmental variance,5,2.16072058506649,2.274455741844595,1.685299960052471,2.6606780220178106,2.25,2.16072058506649,Before the historical event,Event not experienced
-0.6000000000000001,0,0,0,Nonshared environmental variance,5,9.158210875384185,9.235576055206021,8.669463957017081,9.537130943954066,9.000000000000002,9.158210875384185,Before the historical event,Event not experienced
-0.6000000000000001,0,0,0,Phenotypic variance,5,14.202189818399976,14.179555617196645,13.833211599705853,14.629303609890597,14.55122747396673,14.202189818399976,Before the historical event,Event not experienced
-0.6000000000000001,0,1,0,Additive genetic variance,5,2.8832583579493014,2.7998351646944504,2.6168619358561633,3.342791021644283,3.301227473966729,2.8832583579493014,Before the historical event,Event experienced
-0.6000000000000001,0,1,0,Nuclear-family environmental variance,5,2.16072058506649,2.274455741844595,1.685299960052471,2.6606780220178106,2.25,2.16072058506649,Before the historical event,Event experienced
-0.6000000000000001,0,1,0,Nonshared environmental variance,5,9.158210875384185,9.235576055206021,8.669463957017081,9.537130943954066,9.000000000000002,9.158210875384185,Before the historical event,Event experienced
-0.6000000000000001,0,1,0,Phenotypic variance,5,14.202189818399976,14.179555617196645,13.833211599705853,14.629303609890597,14.55122747396673,14.202189818399976,Before the historical event,Event experienced
-0.6000000000000001,1,0,0,Additive genetic variance,5,2.8832583579493014,2.7998351646944504,2.6168619358561633,3.342791021644283,3.301227473966729,2.8832583579493014,After the historical event,Event not experienced
-0.6000000000000001,1,0,0,Nuclear-family environmental variance,5,2.16072058506649,2.274455741844595,1.685299960052471,2.6606780220178106,2.25,2.16072058506649,After the historical event,Event not experienced
-0.6000000000000001,1,0,0,Nonshared environmental variance,5,9.158210875384185,9.235576055206021,8.669463957017081,9.537130943954066,9.000000000000002,9.158210875384185,After the historical event,Event not experienced
-0.6000000000000001,1,0,0,Phenotypic variance,5,14.202189818399976,14.179555617196645,13.833211599705853,14.629303609890597,14.55122747396673,14.202189818399976,After the historical event,Event not experienced
-0.6000000000000001,1,1,1,Additive genetic variance,5,4.112613542099627,3.95161891266778,3.2508610628932786,5.496681815020851,4.924852678195471,4.112613542099627,After the historical event,Event experienced
-0.6000000000000001,1,1,1,Nuclear-family environmental variance,5,2.3190957301178177,2.3096514992769994,1.8431545003892413,2.71009444676842,2.25,2.3190957301178177,After the historical event,Event experienced
-0.6000000000000001,1,1,1,Nonshared environmental variance,5,9.004047956531295,9.300598541780968,8.302466094666672,9.525462804583702,9.000000000000002,9.004047956531295,After the historical event,Event experienced
-0.6000000000000001,1,1,1,Phenotypic variance,5,15.43575722874874,15.519858580752508,14.45791029992138,16.373503419415275,16.17485267819547,15.43575722874874,After the historical event,Event experienced
-0.5800000000000001,0,0,0,Additive genetic variance,5,2.9117068858769883,2.826836850545709,2.6471985983822,3.3711489139125463,3.330140053179798,2.9117068858769883,Before the historical event,Event not experienced
-0.5800000000000001,0,0,0,Nuclear-family environmental variance,5,2.1587785802493586,2.2740252972546817,1.6880924561544355,2.6562473993409257,2.25,2.1587785802493586,Before the historical event,Event not experienced
-0.5800000000000001,0,0,0,Nonshared environmental variance,5,9.161688520594627,9.235835026861725,8.677151147645073,9.539771469458628,9.000000000000002,9.161688520594627,Before the historical event,Event not experienced
-0.5800000000000001,0,0,0,Phenotypic variance,5,14.232173986720975,14.21441583824303,13.862037602799138,14.659715373276155,14.5801400531798,14.232173986720975,Before the historical event,Event not experienced
-0.5800000000000001,0,1,0,Additive genetic variance,5,2.9117068858769883,2.826836850545709,2.6471985983822,3.3711489139125463,3.330140053179798,2.9117068858769883,Before the historical event,Event experienced
-0.5800000000000001,0,1,0,Nuclear-family environmental variance,5,2.1587785802493586,2.2740252972546817,1.6880924561544355,2.6562473993409257,2.25,2.1587785802493586,Before the historical event,Event experienced
-0.5800000000000001,0,1,0,Nonshared environmental variance,5,9.161688520594627,9.235835026861725,8.677151147645073,9.539771469458628,9.000000000000002,9.161688520594627,Before the historical event,Event experienced
-0.5800000000000001,0,1,0,Phenotypic variance,5,14.232173986720975,14.21441583824303,13.862037602799138,14.659715373276155,14.5801400531798,14.232173986720975,Before the historical event,Event experienced
-0.5800000000000001,1,0,0,Additive genetic variance,5,2.9117068858769883,2.826836850545709,2.6471985983822,3.3711489139125463,3.330140053179798,2.9117068858769883,After the historical event,Event not experienced
-0.5800000000000001,1,0,0,Nuclear-family environmental variance,5,2.1587785802493586,2.2740252972546817,1.6880924561544355,2.6562473993409257,2.25,2.1587785802493586,After the historical event,Event not experienced
-0.5800000000000001,1,0,0,Nonshared environmental variance,5,9.161688520594627,9.235835026861725,8.677151147645073,9.539771469458628,9.000000000000002,9.161688520594627,After the historical event,Event not experienced
-0.5800000000000001,1,0,0,Phenotypic variance,5,14.232173986720975,14.21441583824303,13.862037602799138,14.659715373276155,14.5801400531798,14.232173986720975,After the historical event,Event not experienced
-0.5800000000000001,1,1,1,Additive genetic variance,5,4.154105528603344,3.9847617341055663,3.282523896073993,5.560097729741129,4.9679851779380355,4.154105528603344,After the historical event,Event experienced
-0.5800000000000001,1,1,1,Nuclear-family environmental variance,5,2.3170221728438896,2.3092143938305583,1.8461150013401988,2.7021378494426593,2.25,2.3170221728438896,After the historical event,Event experienced
-0.5800000000000001,1,1,1,Nonshared environmental variance,5,9.007371317273712,9.303683073484589,8.310290659334944,9.52549681730958,9.000000000000002,9.007371317273712,After the historical event,Event experienced
-0.5800000000000001,1,1,1,Phenotypic variance,5,15.478499018720944,15.554945232970052,14.49069213249498,16.440572596894093,16.217985177938036,15.478499018720944,After the historical event,Event experienced
-0.56,0,0,0,Additive genetic variance,5,2.939981142031785,2.85368267576625,2.6774005232210687,3.399218411480805,3.358768406579237,2.939981142031785,Before the historical event,Event not experienced
-0.56,0,0,0,Nuclear-family environmental variance,5,2.1568591886183572,2.273592774120234,1.690885745046725,2.6518465593680145,2.25,2.1568591886183572,Before the historical event,Event not experienced
-0.56,0,0,0,Nonshared environmental variance,5,9.165124785123767,9.236059870473296,8.684781646827501,9.54234897884407,9.000000000000002,9.165124785123767,Before the historical event,Event not experienced
-0.56,0,0,0,Phenotypic variance,5,14.26196511577391,14.24910506880325,13.890774492471852,14.68979897424544,14.60876840657924,14.26196511577391,Before the historical event,Event not experienced
-0.56,0,1,0,Additive genetic variance,5,2.939981142031785,2.85368267576625,2.6774005232210687,3.399218411480805,3.358768406579237,2.939981142031785,Before the historical event,Event experienced
-0.56,0,1,0,Nuclear-family environmental variance,5,2.1568591886183572,2.273592774120234,1.690885745046725,2.6518465593680145,2.25,2.1568591886183572,Before the historical event,Event experienced
-0.56,0,1,0,Nonshared environmental variance,5,9.165124785123767,9.236059870473296,8.684781646827501,9.54234897884407,9.000000000000002,9.165124785123767,Before the historical event,Event experienced
-0.56,0,1,0,Phenotypic variance,5,14.26196511577391,14.24910506880325,13.890774492471852,14.68979897424544,14.60876840657924,14.26196511577391,Before the historical event,Event experienced
-0.56,1,0,0,Additive genetic variance,5,2.939981142031785,2.85368267576625,2.6774005232210687,3.399218411480805,3.358768406579237,2.939981142031785,After the historical event,Event not experienced
-0.56,1,0,0,Nuclear-family environmental variance,5,2.1568591886183572,2.273592774120234,1.690885745046725,2.6518465593680145,2.25,2.1568591886183572,After the historical event,Event not experienced
-0.56,1,0,0,Nonshared environmental variance,5,9.165124785123767,9.236059870473296,8.684781646827501,9.54234897884407,9.000000000000002,9.165124785123767,After the historical event,Event not experienced
-0.56,1,0,0,Phenotypic variance,5,14.26196511577391,14.24910506880325,13.890774492471852,14.68979897424544,14.60876840657924,14.26196511577391,After the historical event,Event not experienced
-0.56,1,1,1,Additive genetic variance,5,4.19535253719148,4.017555933843509,3.3140139243343776,5.623212720672847,5.010693662592122,4.19535253719148,After the historical event,Event experienced
-0.56,1,1,1,Nuclear-family environmental variance,5,2.314974223337804,2.308775177675427,1.8490771368780172,2.6942441701568303,2.25,2.314974223337804,After the historical event,Event experienced
-0.56,1,1,1,Nonshared environmental variance,5,9.010654406693066,9.306698014011154,8.318061639774335,9.525500353247477,9.000000000000002,9.010654406693066,After the historical event,Event experienced
-0.56,1,1,1,Phenotypic variance,5,15.520981167222349,15.589654923612496,14.5233110371708,16.50731112067941,16.260693662592125,15.520981167222349,After the historical event,Event experienced
-0.54,0,0,0,Additive genetic variance,5,2.9680705674455443,2.8803632921607933,2.707455099878578,3.426988345040057,3.387100891034402,2.9680705674455443,Before the historical event,Event not experienced
-0.54,0,0,0,Nuclear-family environmental variance,5,2.154962291508469,2.2731581736583455,1.693679788204248,2.6474753699366396,2.25,2.154962291508469,Before the historical event,Event not experienced
-0.54,0,0,0,Nonshared environmental variance,5,9.168519585497965,9.2362505835479,8.692355293063352,9.544863408220856,9.000000000000002,9.168519585497965,Before the historical event,Event not experienced
-0.54,0,0,0,Phenotypic variance,5,14.291552444451979,14.283610018920722,13.919412716750871,14.719543139719859,14.637100891034404,14.291552444451979,Before the historical event,Event not experienced
-0.54,0,1,0,Additive genetic variance,5,2.9680705674455443,2.8803632921607933,2.707455099878578,3.426988345040057,3.387100891034402,2.9680705674455443,Before the historical event,Event experienced
-0.54,0,1,0,Nuclear-family environmental variance,5,2.154962291508469,2.2731581736583455,1.693679788204248,2.6474753699366396,2.25,2.154962291508469,Before the historical event,Event experienced
-0.54,0,1,0,Nonshared environmental variance,5,9.168519585497965,9.2362505835479,8.692355293063352,9.544863408220856,9.000000000000002,9.168519585497965,Before the historical event,Event experienced
-0.54,0,1,0,Phenotypic variance,5,14.291552444451979,14.283610018920722,13.919412716750871,14.719543139719859,14.637100891034404,14.291552444451979,Before the historical event,Event experienced
-0.54,1,0,0,Additive genetic variance,5,2.9680705674455443,2.8803632921607933,2.707455099878578,3.426988345040057,3.387100891034402,2.9680705674455443,After the historical event,Event not experienced
-0.54,1,0,0,Nuclear-family environmental variance,5,2.154962291508469,2.2731581736583455,1.693679788204248,2.6474753699366396,2.25,2.154962291508469,After the historical event,Event not experienced
-0.54,1,0,0,Nonshared environmental variance,5,9.168519585497965,9.2362505835479,8.692355293063352,9.544863408220856,9.000000000000002,9.168519585497965,After the historical event,Event not experienced
-0.54,1,0,0,Phenotypic variance,5,14.291552444451979,14.283610018920722,13.919412716750871,14.719543139719859,14.637100891034404,14.291552444451979,After the historical event,Event not experienced
-0.54,1,1,1,Additive genetic variance,5,4.2363388593104245,4.049988372814675,3.345320307723512,5.685999972109624,5.052960762647874,4.2363388593104245,After the historical event,Event experienced
-0.54,1,1,1,Nuclear-family environmental variance,5,2.312951751298441,2.308333852047533,1.8520408647230546,2.6864129863534254,2.25,2.312951751298441,After the historical event,Event experienced
-0.54,1,1,1,Nonshared environmental variance,5,9.013897144662822,9.30964329505052,8.325778871923912,9.525473409283906,9.000000000000002,9.013897144662822,After the historical event,Event experienced
-0.54,1,1,1,Phenotypic variance,5,15.563187755271688,15.62397438581778,14.555756068897782,16.57369194214064,16.302960762647878,15.563187755271688,After the historical event,Event experienced
-0.52,0,0,0,Additive genetic variance,5,2.9959645873911245,2.906869336073275,2.737349656323195,3.4544475936454235,3.4151259068726825,2.9959645873911245,Before the historical event,Event not experienced
-0.52,0,0,0,Nuclear-family environmental variance,5,2.1530877715331527,2.2727214970917977,1.6964745472441776,2.6431336999545603,2.25,2.1530877715331527,Before the historical event,Event not experienced
-0.52,0,0,0,Nonshared environmental variance,5,9.171872839091249,9.236407163971068,8.699871925957932,9.547314695148822,9.000000000000002,9.171872839091249,Before the historical event,Event not experienced
-0.52,0,0,0,Phenotypic variance,5,14.320925198015527,14.317917337985524,13.947942679098368,14.74893664799949,14.665125906872685,14.320925198015527,Before the historical event,Event not experienced
-0.52,0,1,0,Additive genetic variance,5,2.9959645873911245,2.906869336073275,2.737349656323195,3.4544475936454235,3.4151259068726825,2.9959645873911245,Before the historical event,Event experienced
-0.52,0,1,0,Nuclear-family environmental variance,5,2.1530877715331527,2.2727214970917977,1.6964745472441776,2.6431336999545603,2.25,2.1530877715331527,Before the historical event,Event experienced
-0.52,0,1,0,Nonshared environmental variance,5,9.171872839091249,9.236407163971068,8.699871925957932,9.547314695148822,9.000000000000002,9.171872839091249,Before the historical event,Event experienced
-0.52,0,1,0,Phenotypic variance,5,14.320925198015527,14.317917337985524,13.947942679098368,14.74893664799949,14.665125906872685,14.320925198015527,Before the historical event,Event experienced
-0.52,1,0,0,Additive genetic variance,5,2.9959645873911245,2.906869336073275,2.737349656323195,3.4544475936454235,3.4151259068726825,2.9959645873911245,After the historical event,Event not experienced
-0.52,1,0,0,Nuclear-family environmental variance,5,2.1530877715331527,2.2727214970917977,1.6964745472441776,2.6431336999545603,2.25,2.1530877715331527,After the historical event,Event not experienced
-0.52,1,0,0,Nonshared environmental variance,5,9.171872839091249,9.236407163971068,8.699871925957932,9.547314695148822,9.000000000000002,9.171872839091249,After the historical event,Event not experienced
-0.52,1,0,0,Phenotypic variance,5,14.320925198015527,14.317917337985524,13.947942679098368,14.74893664799949,14.665125906872685,14.320925198015527,After the historical event,Event not experienced
-0.52,1,1,1,Additive genetic variance,5,4.277048754695024,4.082045974781559,3.376432183641629,5.748432546613979,5.09476917342721,4.277048754695024,After the historical event,Event experienced
-0.52,1,1,1,Nuclear-family environmental variance,5,2.310954627894764,2.307890418188579,1.8550061427905162,2.678643879538226,2.25,2.310954627894764,After the historical event,Event experienced
-0.52,1,1,1,Nonshared environmental variance,5,9.017099451879355,9.31251884985651,8.33344219275214,9.52541598266202,9.000000000000002,9.017099451879355,After the historical event,Event experienced
-0.52,1,1,1,Phenotypic variance,5,15.605102834469143,15.657890419363987,14.588016260543153,16.63968789250037,16.34476917342721,15.605102834469143,After the historical event,Event experienced
-0.5,0,0,0,Additive genetic variance,5,3.0236526179222443,2.9331914337302907,2.7670714676361565,3.481585092059176,3.442831905700231,3.0236526179222443,Before the historical event,Event not experienced
-0.5,0,0,0,Nuclear-family environmental variance,5,2.1512355125755223,2.2722827456490537,1.699269983926205,2.6388214193923174,2.25,2.1512355125755223,Before the historical event,Event not experienced
-0.5,0,0,0,Nonshared environmental variance,5,9.175184464128202,9.236529610006748,8.707331386228507,9.549702778639501,9.000000000000002,9.175184464128202,Before the historical event,Event not experienced
-0.5,0,0,0,Phenotypic variance,5,14.350072594625969,14.352013623841158,13.976354743020627,14.777968336104925,14.692831905700233,14.350072594625969,Before the historical event,Event not experienced
-0.5,0,1,0,Additive genetic variance,5,3.0236526179222443,2.9331914337302907,2.7670714676361565,3.481585092059176,3.442831905700231,3.0236526179222443,Before the historical event,Event experienced
-0.5,0,1,0,Nuclear-family environmental variance,5,2.1512355125755223,2.2722827456490537,1.699269983926205,2.6388214193923174,2.25,2.1512355125755223,Before the historical event,Event experienced
-0.5,0,1,0,Nonshared environmental variance,5,9.175184464128202,9.236529610006748,8.707331386228507,9.549702778639501,9.000000000000002,9.175184464128202,Before the historical event,Event experienced
-0.5,0,1,0,Phenotypic variance,5,14.350072594625969,14.352013623841158,13.976354743020627,14.777968336104925,14.692831905700233,14.350072594625969,Before the historical event,Event experienced
-0.5,1,0,0,Additive genetic variance,5,3.0236526179222443,2.9331914337302907,2.7670714676361565,3.481585092059176,3.442831905700231,3.0236526179222443,After the historical event,Event not experienced
-0.5,1,0,0,Nuclear-family environmental variance,5,2.1512355125755223,2.2722827456490537,1.699269983926205,2.6388214193923174,2.25,2.1512355125755223,After the historical event,Event not experienced
-0.5,1,0,0,Nonshared environmental variance,5,9.175184464128202,9.236529610006748,8.707331386228507,9.549702778639501,9.000000000000002,9.175184464128202,After the historical event,Event not experienced
-0.5,1,0,0,Phenotypic variance,5,14.350072594625969,14.352013623841158,13.976354743020627,14.777968336104925,14.692831905700233,14.350072594625969,After the historical event,Event not experienced
-0.5,1,1,1,Additive genetic variance,5,4.317466461286511,4.113715735032255,3.4073386729634567,5.810483403648506,5.136101666750965,4.317466461286511,After the historical event,Event experienced
-0.5,1,1,1,Nuclear-family environmental variance,5,2.3089827257559463,2.307444877346038,1.8579729291906268,2.670936435242933,2.25,2.3089827257559463,After the historical event,Event experienced
-0.5,1,1,1,Nonshared environmental variance,5,9.0202612498647,9.31532461324944,8.341051440262616,9.525328070981649,9.000000000000002,9.0202612498647,After the historical event,Event experienced
-0.5,1,1,1,Phenotypic variance,5,15.646710436907156,15.691389899362898,14.620080629012854,16.705271701467257,16.386101666750967,15.646710436907156,After the historical event,Event experienced
-0.48,0,0,0,Additive genetic variance,5,3.0511240724843303,2.9593202066415194,2.7966077648068133,3.508389838109554,3.4702073982468367,3.0511240724843303,Before the historical event,Event not experienced
-0.48,0,0,0,Nuclear-family environmental variance,5,2.1494053997796474,2.271841920564253,1.7020660601528177,2.6345383992758893,2.25,2.1494053997796474,Before the historical event,Event not experienced
-0.48,0,0,0,Nonshared environmental variance,5,9.178454379686801,9.236617920297338,8.714733515709947,9.552027599158396,9.000000000000002,9.178454379686801,Before the historical event,Event not experienced
-0.48,0,0,0,Phenotypic variance,5,14.37898385195078,14.385885432043773,14.004639236755429,14.806627107135016,14.720207398246838,14.37898385195078,Before the historical event,Event not experienced
-0.48,0,1,0,Additive genetic variance,5,3.0511240724843303,2.9593202066415194,2.7966077648068133,3.508389838109554,3.4702073982468367,3.0511240724843303,Before the historical event,Event experienced
-0.48,0,1,0,Nuclear-family environmental variance,5,2.1494053997796474,2.271841920564253,1.7020660601528177,2.6345383992758893,2.25,2.1494053997796474,Before the historical event,Event experienced
-0.48,0,1,0,Nonshared environmental variance,5,9.178454379686801,9.236617920297338,8.714733515709947,9.552027599158396,9.000000000000002,9.178454379686801,Before the historical event,Event experienced
-0.48,0,1,0,Phenotypic variance,5,14.37898385195078,14.385885432043773,14.004639236755429,14.806627107135016,14.720207398246838,14.37898385195078,Before the historical event,Event experienced
-0.48,1,0,0,Additive genetic variance,5,3.0511240724843303,2.9593202066415194,2.7966077648068133,3.508389838109554,3.4702073982468367,3.0511240724843303,After the historical event,Event not experienced
-0.48,1,0,0,Nuclear-family environmental variance,5,2.1494053997796474,2.271841920564253,1.7020660601528177,2.6345383992758893,2.25,2.1494053997796474,After the historical event,Event not experienced
-0.48,1,0,0,Nonshared environmental variance,5,9.178454379686801,9.236617920297338,8.714733515709947,9.552027599158396,9.000000000000002,9.178454379686801,After the historical event,Event not experienced
-0.48,1,0,0,Phenotypic variance,5,14.37898385195078,14.385885432043773,14.004639236755429,14.806627107135016,14.720207398246838,14.37898385195078,After the historical event,Event not experienced
-0.48,1,1,1,Additive genetic variance,5,4.357576205268241,4.144984729090143,3.438028886230836,5.872125418511272,5.176941102642087,4.357576205268241,After the historical event,Event experienced
-0.48,1,1,1,Nuclear-family environmental variance,5,2.3070359189616454,2.3069972307731472,1.8609411822288324,2.6632902429882024,2.25,2.3070359189616454,After the historical event,Event experienced
-0.48,1,1,1,Nonshared environmental variance,5,9.02338246096929,9.318060521618596,8.34860645349976,9.525209672199313,9.000000000000002,9.02338246096929,After the historical event,Event experienced
-0.48,1,1,1,Phenotypic variance,5,15.687994585199176,15.72445978496718,14.651938181441299,16.770416016173108,16.42694110264209,15.687994585199176,After the historical event,Event experienced
-0.45999999999999996,0,0,0,Additive genetic variance,5,3.078368368590714,2.9852462770528927,2.825945743665073,3.534850900058604,3.497240962227585,3.078368368590714,Before the historical event,Event not experienced
-0.45999999999999996,0,0,0,Nuclear-family environmental variance,5,2.1475973195419753,2.271399023077207,1.7048627379695869,2.630284511679414,2.25,2.1475973195419753,Before the historical event,Event not experienced
-0.45999999999999996,0,0,0,Nonshared environmental variance,5,9.181682505701236,9.236672093863692,8.722078157360306,9.554289098627203,9.000000000000002,9.181682505701236,Before the historical event,Event not experienced
-0.45999999999999996,0,0,0,Phenotypic variance,5,14.407648193833925,14.419519285265094,14.032786458034712,14.83490193763366,14.747240962227586,14.407648193833925,Before the historical event,Event not experienced
-0.45999999999999996,0,1,0,Additive genetic variance,5,3.078368368590714,2.9852462770528927,2.825945743665073,3.534850900058604,3.497240962227585,3.078368368590714,Before the historical event,Event experienced
-0.45999999999999996,0,1,0,Nuclear-family environmental variance,5,2.1475973195419753,2.271399023077207,1.7048627379695869,2.630284511679414,2.25,2.1475973195419753,Before the historical event,Event experienced
-0.45999999999999996,0,1,0,Nonshared environmental variance,5,9.181682505701236,9.236672093863692,8.722078157360306,9.554289098627203,9.000000000000002,9.181682505701236,Before the historical event,Event experienced
-0.45999999999999996,0,1,0,Phenotypic variance,5,14.407648193833925,14.419519285265094,14.032786458034712,14.83490193763366,14.747240962227586,14.407648193833925,Before the historical event,Event experienced
-0.45999999999999996,1,0,0,Additive genetic variance,5,3.078368368590714,2.9852462770528927,2.825945743665073,3.534850900058604,3.497240962227585,3.078368368590714,After the historical event,Event not experienced
-0.45999999999999996,1,0,0,Nuclear-family environmental variance,5,2.1475973195419753,2.271399023077207,1.7048627379695869,2.630284511679414,2.25,2.1475973195419753,After the historical event,Event not experienced
-0.45999999999999996,1,0,0,Nonshared environmental variance,5,9.181682505701236,9.236672093863692,8.722078157360306,9.554289098627203,9.000000000000002,9.181682505701236,After the historical event,Event not experienced
-0.45999999999999996,1,0,0,Phenotypic variance,5,14.407648193833925,14.419519285265094,14.032786458034712,14.83490193763366,14.747240962227586,14.407648193833925,After the historical event,Event not experienced
-0.45999999999999996,1,1,1,Additive genetic variance,5,4.397362211210574,4.175840121429046,3.4684919299098116,5.933331401557755,5.217270441053832,4.397362211210574,After the historical event,Event experienced
-0.45999999999999996,1,1,1,Nuclear-family environmental variance,5,2.305114083032407,2.306547479728903,1.8639108604060195,2.6557048962471077,2.25,2.305114083032407,After the historical event,Event experienced
-0.45999999999999996,1,1,1,Nonshared environmental variance,5,9.026463008374648,9.320726512924633,8.356107072554513,9.525060784628252,9.000000000000002,9.026463008374648,After the historical event,Event experienced
-0.45999999999999996,1,1,1,Phenotypic variance,5,15.72893930261763,15.757087128083203,14.683577921445623,16.835093420396593,16.467270441053834,15.72893930261763,After the historical event,Event experienced
-0.43999999999999995,0,0,0,Additive genetic variance,5,3.1053749345583816,3.0109602734482057,2.8550725739424854,3.5609574239722184,3.5239212502138657,3.1053749345583816,Before the historical event,Event not experienced
-0.43999999999999995,0,0,0,Nuclear-family environmental variance,5,2.1458111595028666,2.2709540544333904,1.7076599795654794,2.626059629717989,2.25,2.1458111595028666,Before the historical event,Event not experienced
-0.43999999999999995,0,0,0,Nonshared environmental variance,5,9.184868762964692,9.23669213010516,8.72936515526636,9.556487220425959,9.000000000000002,9.184868762964692,Before the historical event,Event not experienced
-0.43999999999999995,0,0,0,Phenotypic variance,5,14.43605485702594,14.452901682830033,14.060786678919248,14.862781884958922,14.773921250213867,14.43605485702594,Before the historical event,Event not experienced
-0.43999999999999995,0,1,0,Additive genetic variance,5,3.1053749345583816,3.0109602734482057,2.8550725739424854,3.5609574239722184,3.5239212502138657,3.1053749345583816,Before the historical event,Event experienced
-0.43999999999999995,0,1,0,Nuclear-family environmental variance,5,2.1458111595028666,2.2709540544333904,1.7076599795654794,2.626059629717989,2.25,2.1458111595028666,Before the historical event,Event experienced
-0.43999999999999995,0,1,0,Nonshared environmental variance,5,9.184868762964692,9.23669213010516,8.72936515526636,9.556487220425959,9.000000000000002,9.184868762964692,Before the historical event,Event experienced
-0.43999999999999995,0,1,0,Phenotypic variance,5,14.43605485702594,14.452901682830033,14.060786678919248,14.862781884958922,14.773921250213867,14.43605485702594,Before the historical event,Event experienced
-0.43999999999999995,1,0,0,Additive genetic variance,5,3.1053749345583816,3.0109602734482057,2.8550725739424854,3.5609574239722184,3.5239212502138657,3.1053749345583816,After the historical event,Event not experienced
-0.43999999999999995,1,0,0,Nuclear-family environmental variance,5,2.1458111595028666,2.2709540544333904,1.7076599795654794,2.626059629717989,2.25,2.1458111595028666,After the historical event,Event not experienced
-0.43999999999999995,1,0,0,Nonshared environmental variance,5,9.184868762964692,9.23669213010516,8.72936515526636,9.556487220425959,9.000000000000002,9.184868762964692,After the historical event,Event not experienced
-0.43999999999999995,1,0,0,Phenotypic variance,5,14.43605485702594,14.452901682830033,14.060786678919248,14.862781884958922,14.773921250213867,14.43605485702594,After the historical event,Event not experienced
-0.43999999999999995,1,1,1,Additive genetic variance,5,4.436808712315888,4.206269174185677,3.498716912707329,5.994074117690927,5.257072753611949,4.436808712315888,After the historical event,Event experienced
-0.43999999999999995,1,1,1,Nuclear-family environmental variance,5,2.3032170949202113,2.306095625478053,1.8668819224187567,2.648179992408994,2.25,2.3032170949202113,After the historical event,Event experienced
-0.43999999999999995,1,1,1,Nonshared environmental variance,5,9.029502816096064,9.323322526701903,8.36355313856994,9.524881406938421,9.000000000000002,9.029502816096064,After the historical event,Event experienced
-0.43999999999999995,1,1,1,Phenotypic variance,5,15.769528623332166,15.789259082081252,14.714988855439614,16.89927645405499,16.50707275361195,15.769528623332166,After the historical event,Event experienced
-0.41999999999999993,0,0,0,Additive genetic variance,5,3.132133216297366,3.0364528360947536,2.883975408453305,3.5866986410854635,3.550236997506218,3.132133216297366,Before the historical event,Event not experienced
-0.41999999999999993,0,0,0,Nuclear-family environmental variance,5,2.144046808538252,2.270507015883938,1.710457747273183,2.6218636275405354,2.25,2.144046808538252,Before the historical event,Event not experienced
-0.41999999999999993,0,0,0,Nonshared environmental variance,5,9.188013073132124,9.23667802879959,8.73659435464915,9.558621909395145,9.000000000000002,9.188013073132124,Before the historical event,Event not experienced
-0.41999999999999993,0,0,0,Phenotypic variance,5,14.464193097967742,14.486019110379742,14.088630150701917,14.890256094647501,14.80023699750622,14.464193097967742,Before the historical event,Event not experienced
-0.41999999999999993,0,1,0,Additive genetic variance,5,3.132133216297366,3.0364528360947536,2.883975408453305,3.5866986410854635,3.550236997506218,3.132133216297366,Before the historical event,Event experienced
-0.41999999999999993,0,1,0,Nuclear-family environmental variance,5,2.144046808538252,2.270507015883938,1.710457747273183,2.6218636275405354,2.25,2.144046808538252,Before the historical event,Event experienced
-0.41999999999999993,0,1,0,Nonshared environmental variance,5,9.188013073132124,9.23667802879959,8.73659435464915,9.558621909395145,9.000000000000002,9.188013073132124,Before the historical event,Event experienced
-0.41999999999999993,0,1,0,Phenotypic variance,5,14.464193097967742,14.486019110379742,14.088630150701917,14.890256094647501,14.80023699750622,14.464193097967742,Before the historical event,Event experienced
-0.41999999999999993,1,0,0,Additive genetic variance,5,3.132133216297366,3.0364528360947536,2.883975408453305,3.5866986410854635,3.550236997506218,3.132133216297366,After the historical event,Event not experienced
-0.41999999999999993,1,0,0,Nuclear-family environmental variance,5,2.144046808538252,2.270507015883938,1.710457747273183,2.6218636275405354,2.25,2.144046808538252,After the historical event,Event not experienced
-0.41999999999999993,1,0,0,Nonshared environmental variance,5,9.188013073132124,9.23667802879959,8.73659435464915,9.558621909395145,9.000000000000002,9.188013073132124,After the historical event,Event not experienced
-0.41999999999999993,1,0,0,Phenotypic variance,5,14.464193097967742,14.486019110379742,14.088630150701917,14.890256094647501,14.80023699750622,14.464193097967742,After the historical event,Event not experienced
-0.41999999999999993,1,1,1,Additive genetic variance,5,4.475899960754627,4.2362592558612,3.5286929519425296,6.054326306100668,5.296331235359564,4.475899960754627,After the historical event,Event experienced
-0.41999999999999993,1,1,1,Nuclear-family environmental variance,5,2.301344832999154,2.305641669291093,1.8698543271595618,2.640715132743743,2.25,2.301344832999154,After the historical event,Event experienced
-0.41999999999999993,1,1,1,Nonshared environmental variance,5,9.03250180898525,9.325848504060769,8.370944493746874,9.524671538156518,9.000000000000002,9.03250180898525,After the historical event,Event experienced
-0.41999999999999993,1,1,1,Phenotypic variance,5,15.80974660273903,15.820962910495066,14.746159999002256,16.96293763294537,16.546331235359567,15.80974660273903,After the historical event,Event experienced
-0.3999999999999999,0,0,0,Additive genetic variance,5,3.1586326841477703,3.0617146226285175,2.912641392386589,3.6120638751562923,3.5761770300014284,3.1586326841477703,Before the historical event,Event not experienced
-0.3999999999999999,0,0,0,Nuclear-family environmental variance,5,2.1423041567514005,2.270057908685638,1.7108289456851606,2.6176963803227333,2.25,2.1423041567514005,Before the historical event,Event not experienced
-0.3999999999999999,0,0,0,Nonshared environmental variance,5,9.191115358722975,9.23662979010333,8.743765601869423,9.560693111837749,9.000000000000002,9.191115358722975,Before the historical event,Event not experienced
-0.3999999999999999,0,0,0,Phenotypic variance,5,14.492052199622146,14.518858049650493,14.116307108875944,14.917313807767677,14.82617703000143,14.492052199622146,Before the historical event,Event not experienced
-0.3999999999999999,0,1,0,Additive genetic variance,5,3.1586326841477703,3.0617146226285175,2.912641392386589,3.6120638751562923,3.5761770300014284,3.1586326841477703,Before the historical event,Event experienced
-0.3999999999999999,0,1,0,Nuclear-family environmental variance,5,2.1423041567514005,2.270057908685638,1.7108289456851606,2.6176963803227333,2.25,2.1423041567514005,Before the historical event,Event experienced
-0.3999999999999999,0,1,0,Nonshared environmental variance,5,9.191115358722975,9.23662979010333,8.743765601869423,9.560693111837749,9.000000000000002,9.191115358722975,Before the historical event,Event experienced
-0.3999999999999999,0,1,0,Phenotypic variance,5,14.492052199622146,14.518858049650493,14.116307108875944,14.917313807767677,14.82617703000143,14.492052199622146,Before the historical event,Event experienced
-0.3999999999999999,1,0,0,Additive genetic variance,5,3.1586326841477703,3.0617146226285175,2.912641392386589,3.6120638751562923,3.5761770300014284,3.1586326841477703,After the historical event,Event not experienced
-0.3999999999999999,1,0,0,Nuclear-family environmental variance,5,2.1423041567514005,2.270057908685638,1.7108289456851606,2.6176963803227333,2.25,2.1423041567514005,After the historical event,Event not experienced
-0.3999999999999999,1,0,0,Nonshared environmental variance,5,9.191115358722975,9.23662979010333,8.743765601869423,9.560693111837749,9.000000000000002,9.191115358722975,After the historical event,Event not experienced
-0.3999999999999999,1,0,0,Phenotypic variance,5,14.492052199622146,14.518858049650493,14.116307108875944,14.917313807767677,14.82617703000143,14.492052199622146,After the historical event,Event not experienced
-0.3999999999999999,1,1,1,Additive genetic variance,5,4.514620238083005,4.2657978500036595,3.5584091799675623,6.114060700233117,5.335029216493538,4.514620238083005,After the historical event,Event experienced
-0.3999999999999999,1,1,1,Nuclear-family environmental variance,5,2.2994971770562587,2.3051856124442582,1.8728280337171883,2.63330992236643,2.25,2.2994971770562587,After the historical event,Event experienced
-0.3999999999999999,1,1,1,Nonshared environmental variance,5,9.035459912732945,9.328304387689801,8.378280981349441,9.524431177665965,9.000000000000002,9.035459912732945,After the historical event,Event experienced
-0.3999999999999999,1,1,1,Phenotypic variance,5,15.84957732787221,15.852185995702307,14.777080383295855,17.0260494687156,16.58502921649354,15.84957732787221,After the historical event,Event experienced
-0.3799999999999999,0,0,0,Additive genetic variance,5,3.1848628397582663,3.086736313674321,2.941057672700166,3.63704254980063,3.6017302720462867,3.1848628397582663,Before the historical event,Event not experienced
-0.3799999999999999,0,0,0,Nuclear-family environmental variance,5,2.1405830954648075,2.2696067341009245,1.7106479706447808,2.613557764260028,2.25,2.1405830954648075,Before the historical event,Event not experienced
-0.3799999999999999,0,0,0,Nonshared environmental variance,5,9.194175543123894,9.236547414551225,8.75087874443309,9.562700775521265,9.000000000000002,9.194175543123894,Before the historical event,Event not experienced
-0.3799999999999999,0,0,0,Phenotypic variance,5,14.519621478346968,14.551404988358701,14.143807778164604,14.9439443682537,14.85173027204629,14.519621478346968,Before the historical event,Event not experienced
-0.3799999999999999,0,1,0,Additive genetic variance,5,3.1848628397582663,3.086736313674321,2.941057672700166,3.63704254980063,3.6017302720462867,3.1848628397582663,Before the historical event,Event experienced
-0.3799999999999999,0,1,0,Nuclear-family environmental variance,5,2.1405830954648075,2.2696067341009245,1.7106479706447808,2.613557764260028,2.25,2.1405830954648075,Before the historical event,Event experienced
-0.3799999999999999,0,1,0,Nonshared environmental variance,5,9.194175543123894,9.236547414551225,8.75087874443309,9.562700775521265,9.000000000000002,9.194175543123894,Before the historical event,Event experienced
-0.3799999999999999,0,1,0,Phenotypic variance,5,14.519621478346968,14.551404988358701,14.143807778164604,14.9439443682537,14.85173027204629,14.519621478346968,Before the historical event,Event experienced
-0.3799999999999999,1,0,0,Additive genetic variance,5,3.1848628397582663,3.086736313674321,2.941057672700166,3.63704254980063,3.6017302720462867,3.1848628397582663,After the historical event,Event not experienced
-0.3799999999999999,1,0,0,Nuclear-family environmental variance,5,2.1405830954648075,2.2696067341009245,1.7106479706447808,2.613557764260028,2.25,2.1405830954648075,After the historical event,Event not experienced
-0.3799999999999999,1,0,0,Nonshared environmental variance,5,9.194175543123894,9.236547414551225,8.75087874443309,9.562700775521265,9.000000000000002,9.194175543123894,After the historical event,Event not experienced
-0.3799999999999999,1,0,0,Phenotypic variance,5,14.519621478346968,14.551404988358701,14.143807778164604,14.9439443682537,14.85173027204629,14.519621478346968,After the historical event,Event not experienced
-0.3799999999999999,1,1,1,Additive genetic variance,5,4.552953865732856,4.294872563862949,3.5878547506327187,6.17325004797004,5.3731501740808625,4.552953865732856,After the historical event,Event experienced
-0.3799999999999999,1,1,1,Nuclear-family environmental variance,5,2.2976740082824256,2.3047274562195197,1.8758030013769318,2.6259639702023834,2.25,2.2976740082824256,After the historical event,Event experienced
-0.3799999999999999,1,1,1,Nonshared environmental variance,5,9.038377053871521,9.330690121857973,8.385562445710637,9.524160325206909,9.000000000000002,9.038377053871521,After the historical event,Event experienced
-0.3799999999999999,1,1,1,Phenotypic variance,5,15.889004927886802,15.88291584757778,14.807739061528524,17.08858448904546,16.623150174080862,15.889004927886802,After the historical event,Event experienced
-0.3599999999999999,0,0,0,Additive genetic variance,5,3.2108132229998536,3.111508618496327,2.969211407607075,3.6616241958018545,3.6268857542703,3.2108132229998536,Before the historical event,Event not experienced
-0.3599999999999999,0,0,0,Nuclear-family environmental variance,5,2.138883517212194,2.2691534933978748,1.7104944850695176,2.6094476565606977,2.25,2.138883517212194,Before the historical event,Event not experienced
-0.3599999999999999,0,0,0,Nonshared environmental variance,5,9.197193550591408,9.236430903056622,8.757933630996646,9.564644849679615,9.000000000000002,9.197193550591408,Before the historical event,Event not experienced
-0.3599999999999999,0,0,0,Phenotypic variance,5,14.546890290803454,14.583646430181915,14.171122377608622,14.970137230214664,14.876885754270301,14.546890290803454,Before the historical event,Event not experienced
-0.3599999999999999,0,1,0,Additive genetic variance,5,3.2108132229998536,3.111508618496327,2.969211407607075,3.6616241958018545,3.6268857542703,3.2108132229998536,Before the historical event,Event experienced
-0.3599999999999999,0,1,0,Nuclear-family environmental variance,5,2.138883517212194,2.2691534933978748,1.7104944850695176,2.6094476565606977,2.25,2.138883517212194,Before the historical event,Event experienced
-0.3599999999999999,0,1,0,Nonshared environmental variance,5,9.197193550591408,9.236430903056622,8.757933630996646,9.564644849679615,9.000000000000002,9.197193550591408,Before the historical event,Event experienced
-0.3599999999999999,0,1,0,Phenotypic variance,5,14.546890290803454,14.583646430181915,14.171122377608622,14.970137230214664,14.876885754270301,14.546890290803454,Before the historical event,Event experienced
-0.3599999999999999,1,0,0,Additive genetic variance,5,3.2108132229998536,3.111508618496327,2.969211407607075,3.6616241958018545,3.6268857542703,3.2108132229998536,After the historical event,Event not experienced
-0.3599999999999999,1,0,0,Nuclear-family environmental variance,5,2.138883517212194,2.2691534933978748,1.7104944850695176,2.6094476565606977,2.25,2.138883517212194,After the historical event,Event not experienced
-0.3599999999999999,1,0,0,Nonshared environmental variance,5,9.197193550591408,9.236430903056622,8.757933630996646,9.564644849679615,9.000000000000002,9.197193550591408,After the historical event,Event not experienced
-0.3599999999999999,1,0,0,Phenotypic variance,5,14.546890290803454,14.583646430181915,14.171122377608622,14.970137230214664,14.876885754270301,14.546890290803454,After the historical event,Event not experienced
-0.3599999999999999,1,1,1,Additive genetic variance,5,4.590885215563903,4.32347113701004,3.61701884579062,6.2318671319978725,5.410677743743721,4.590885215563903,After the historical event,Event experienced
-0.3599999999999999,1,1,1,Nuclear-family environmental variance,5,2.2958752092635137,2.304267201904576,1.8787791896209654,2.6186768889526184,2.25,2.2958752092635137,After the historical event,Event experienced
-0.3599999999999999,1,1,1,Nonshared environmental variance,5,9.041253159777542,9.333005652416743,8.39278873223781,9.523858980876202,9.000000000000002,9.041253159777542,After the historical event,Event experienced
-0.3599999999999999,1,1,1,Phenotypic variance,5,15.928013584604958,15.913140112110993,14.838125115455739,17.150515258017382,16.660677743743722,15.928013584604958,After the historical event,Event experienced
-0.33999999999999986,0,0,0,Additive genetic variance,5,3.2364734189085254,3.136022280674147,2.9970897761448687,3.6857984583876364,3.6516326213896892,3.2364734189085254,Before the historical event,Event not experienced
-0.33999999999999986,0,0,0,Nuclear-family environmental variance,5,2.1372053157306174,2.2686981878502004,1.7103684597729412,2.605365935438998,2.25,2.1372053157306174,Before the historical event,Event not experienced
-0.33999999999999986,0,0,0,Nonshared environmental variance,5,9.200169306254562,9.236280256911328,8.764930111372493,9.566525285015057,9.000000000000002,9.200169306254562,Before the historical event,Event not experienced
-0.33999999999999986,0,0,0,Phenotypic variance,5,14.573848040893706,14.61556890482562,14.198241125707348,14.995881965210822,14.901632621389691,14.573848040893706,Before the historical event,Event not experienced
-0.33999999999999986,0,1,0,Additive genetic variance,5,3.2364734189085254,3.136022280674147,2.9970897761448687,3.6857984583876364,3.6516326213896892,3.2364734189085254,Before the historical event,Event experienced
-0.33999999999999986,0,1,0,Nuclear-family environmental variance,5,2.1372053157306174,2.2686981878502004,1.7103684597729412,2.605365935438998,2.25,2.1372053157306174,Before the historical event,Event experienced
-0.33999999999999986,0,1,0,Nonshared environmental variance,5,9.200169306254562,9.236280256911328,8.764930111372493,9.566525285015057,9.000000000000002,9.200169306254562,Before the historical event,Event experienced
-0.33999999999999986,0,1,0,Phenotypic variance,5,14.573848040893706,14.61556890482562,14.198241125707348,14.995881965210822,14.901632621389691,14.573848040893706,Before the historical event,Event experienced
-0.33999999999999986,1,0,0,Additive genetic variance,5,3.2364734189085254,3.136022280674147,2.9970897761448687,3.6857984583876364,3.6516326213896892,3.2364734189085254,After the historical event,Event not experienced
-0.33999999999999986,1,0,0,Nuclear-family environmental variance,5,2.1372053157306174,2.2686981878502004,1.7103684597729412,2.605365935438998,2.25,2.1372053157306174,After the historical event,Event not experienced
-0.33999999999999986,1,0,0,Nonshared environmental variance,5,9.200169306254562,9.236280256911328,8.764930111372493,9.566525285015057,9.000000000000002,9.200169306254562,After the historical event,Event not experienced
-0.33999999999999986,1,0,0,Phenotypic variance,5,14.573848040893706,14.61556890482562,14.198241125707348,14.995881965210822,14.901632621389691,14.573848040893706,After the historical event,Event not experienced
-0.33999999999999986,1,1,1,Additive genetic variance,5,4.628398720468612,4.351581449912103,3.645890681834084,6.2898847903455914,5.447595731301673,4.628398720468612,After the historical event,Event experienced
-0.33999999999999986,1,1,1,Nuclear-family environmental variance,5,2.294100663971551,2.303804850792849,1.88175655812869,2.611448295059668,2.25,2.294100663971551,After the historical event,Event experienced
-0.33999999999999986,1,1,1,Nonshared environmental variance,5,9.044088158674304,9.335250926802122,8.399959687418129,9.52352714512739,9.000000000000002,9.044088158674304,After the historical event,Event experienced
-0.33999999999999986,1,1,1,Phenotypic variance,5,15.966587543114466,15.942846579979806,14.868227661915647,17.211814396656013,16.697595731301675,15.966587543114466,After the historical event,Event experienced
-0.31999999999999984,0,0,0,Additive genetic variance,5,3.2618330646504425,3.160268083799804,3.024679987817967,3.7095551044670914,3.6759601399749386,3.2618330646504425,Before the historical event,Event not experienced
-0.31999999999999984,0,0,0,Nuclear-family environmental variance,5,2.135548385952699,2.2682408187372434,1.7102698670690177,2.6013124801083642,2.25,2.135548385952699,Before the historical event,Event not experienced
-0.31999999999999984,0,0,0,Nonshared environmental variance,5,9.203102736117556,9.236095477785604,8.771868036534304,9.568342033700002,9.000000000000002,9.203102736117556,Before the historical event,Event not experienced
-0.31999999999999984,0,0,0,Phenotypic variance,5,14.600484186720697,14.6471589781653,14.225154245610035,15.021168269490275,14.92596013997494,14.600484186720697,Before the historical event,Event not experienced
-0.31999999999999984,0,1,0,Additive genetic variance,5,3.2618330646504425,3.160268083799804,3.024679987817967,3.7095551044670914,3.6759601399749386,3.2618330646504425,Before the historical event,Event experienced
-0.31999999999999984,0,1,0,Nuclear-family environmental variance,5,2.135548385952699,2.2682408187372434,1.7102698670690177,2.6013124801083642,2.25,2.135548385952699,Before the historical event,Event experienced
-0.31999999999999984,0,1,0,Nonshared environmental variance,5,9.203102736117556,9.236095477785604,8.771868036534304,9.568342033700002,9.000000000000002,9.203102736117556,Before the historical event,Event experienced
-0.31999999999999984,0,1,0,Phenotypic variance,5,14.600484186720697,14.6471589781653,14.225154245610035,15.021168269490275,14.92596013997494,14.600484186720697,Before the historical event,Event experienced
-0.31999999999999984,1,0,0,Additive genetic variance,5,3.2618330646504425,3.160268083799804,3.024679987817967,3.7095551044670914,3.6759601399749386,3.2618330646504425,After the historical event,Event not experienced
-0.31999999999999984,1,0,0,Nuclear-family environmental variance,5,2.135548385952699,2.2682408187372434,1.7102698670690177,2.6013124801083642,2.25,2.135548385952699,After the historical event,Event not experienced
-0.31999999999999984,1,0,0,Nonshared environmental variance,5,9.203102736117556,9.236095477785604,8.771868036534304,9.568342033700002,9.000000000000002,9.203102736117556,After the historical event,Event not experienced
-0.31999999999999984,1,0,0,Phenotypic variance,5,14.600484186720697,14.6471589781653,14.225154245610035,15.021168269490275,14.92596013997494,14.600484186720697,After the historical event,Event not experienced
-0.31999999999999984,1,1,1,Additive genetic variance,5,4.665478885019573,4.379191532455175,3.674459516262244,6.347275937070186,5.483888124359475,4.665478885019573,After the historical event,Event experienced
-0.31999999999999984,1,1,1,Nuclear-family environmental variance,5,2.2923502577560746,2.303340404183478,1.8847350667771088,2.60427780867379,2.25,2.2923502577560746,After the historical event,Event experienced
-0.31999999999999984,1,1,1,Nonshared environmental variance,5,9.046881979634342,9.337425894036652,8.407075158824021,9.523164818770674,9.000000000000002,9.046881979634342,After the historical event,Event experienced
-0.31999999999999984,1,1,1,Phenotypic variance,5,16.00471112240999,15.972023195071728,14.89803585939265,17.272454603615383,16.733888124359478,16.00471112240999,After the historical event,Event experienced
-0.2999999999999998,0,0,0,Additive genetic variance,5,3.286881856503094,3.1842368571906916,3.0519692923030646,3.7328840298212116,3.6998577061741567,3.286881856503094,Before the historical event,Event not experienced
-0.2999999999999998,0,0,0,Nuclear-family environmental variance,5,2.1339126239989574,2.267781387343968,1.7101986807700367,2.5972871707746847,2.25,2.1339126239989574,Before the historical event,Event not experienced
-0.2999999999999998,0,0,0,Nonshared environmental variance,5,9.205993767062322,9.235876567728125,8.778747258622294,9.570095049378804,9.000000000000002,9.205993767062322,Before the historical event,Event not experienced
-0.2999999999999998,0,0,0,Phenotypic variance,5,14.626788247564372,14.678403262453145,14.251851970352993,15.045985971179057,14.949857706174159,14.626788247564372,Before the historical event,Event not experienced
-0.2999999999999998,0,1,0,Additive genetic variance,5,3.286881856503094,3.1842368571906916,3.0519692923030646,3.7328840298212116,3.6998577061741567,3.286881856503094,Before the historical event,Event experienced
-0.2999999999999998,0,1,0,Nuclear-family environmental variance,5,2.1339126239989574,2.267781387343968,1.7101986807700367,2.5972871707746847,2.25,2.1339126239989574,Before the historical event,Event experienced
-0.2999999999999998,0,1,0,Nonshared environmental variance,5,9.205993767062322,9.235876567728125,8.778747258622294,9.570095049378804,9.000000000000002,9.205993767062322,Before the historical event,Event experienced
-0.2999999999999998,0,1,0,Phenotypic variance,5,14.626788247564372,14.678403262453145,14.251851970352993,15.045985971179057,14.949857706174159,14.626788247564372,Before the historical event,Event experienced
-0.2999999999999998,1,0,0,Additive genetic variance,5,3.286881856503094,3.1842368571906916,3.0519692923030646,3.7328840298212116,3.6998577061741567,3.286881856503094,After the historical event,Event not experienced
-0.2999999999999998,1,0,0,Nuclear-family environmental variance,5,2.1339126239989574,2.267781387343968,1.7101986807700367,2.5972871707746847,2.25,2.1339126239989574,After the historical event,Event not experienced
-0.2999999999999998,1,0,0,Nonshared environmental variance,5,9.205993767062322,9.235876567728125,8.778747258622294,9.570095049378804,9.000000000000002,9.205993767062322,After the historical event,Event not experienced
-0.2999999999999998,1,0,0,Phenotypic variance,5,14.626788247564372,14.678403262453145,14.251851970352993,15.045985971179057,14.949857706174159,14.626788247564372,After the historical event,Event not experienced
-0.2999999999999998,1,1,1,Additive genetic variance,5,4.7021102961493,4.406289572406043,3.7027146542694003,6.404013583068054,5.5195391038289845,4.7021102961493,After the historical event,Event experienced
-0.2999999999999998,1,1,1,Nuclear-family environmental variance,5,2.2906238773356042,2.3028738633813113,1.887714675641226,2.597165053619547,2.25,2.2906238773356042,After the historical event,Event experienced
-0.2999999999999998,1,1,1,Nonshared environmental variance,5,9.049634552581919,9.339530504731341,8.414134995118559,9.522772002972882,9.000000000000002,9.049634552581919,After the historical event,Event experienced
-0.2999999999999998,1,1,1,Phenotypic variance,5,16.042368726066826,16.00065806294457,14.927538914603764,17.332408675991992,16.769539103828986,16.042368726066826,After the historical event,Event experienced
-0.2799999999999998,0,0,0,Additive genetic variance,5,3.3116095568458874,3.207919481613656,3.0789449892074097,3.7557752662395205,3.723314853384518,3.3116095568458874,Before the historical event,Event not experienced
-0.2799999999999998,0,0,0,Nuclear-family environmental variance,5,2.1322979271702556,2.2673198949609574,1.7101548761846725,2.5932898886296374,2.25,2.1322979271702556,Before the historical event,Event not experienced
-0.2799999999999998,0,0,0,Nonshared environmental variance,5,9.20884232685109,9.235623529165967,8.785567630948474,9.571784287169463,9.000000000000002,9.20884232685109,Before the historical event,Event not experienced
-0.2799999999999998,0,0,0,Phenotypic variance,5,14.652749810867233,14.709288426578459,14.278324548138727,15.070325037417486,14.973314853384519,14.652749810867233,Before the historical event,Event not experienced
-0.2799999999999998,0,1,0,Additive genetic variance,5,3.3116095568458874,3.207919481613656,3.0789449892074097,3.7557752662395205,3.723314853384518,3.3116095568458874,Before the historical event,Event experienced
-0.2799999999999998,0,1,0,Nuclear-family environmental variance,5,2.1322979271702556,2.2673198949609574,1.7101548761846725,2.5932898886296374,2.25,2.1322979271702556,Before the historical event,Event experienced
-0.2799999999999998,0,1,0,Nonshared environmental variance,5,9.20884232685109,9.235623529165967,8.785567630948474,9.571784287169463,9.000000000000002,9.20884232685109,Before the historical event,Event experienced
-0.2799999999999998,0,1,0,Phenotypic variance,5,14.652749810867233,14.709288426578459,14.278324548138727,15.070325037417486,14.973314853384519,14.652749810867233,Before the historical event,Event experienced
-0.2799999999999998,1,0,0,Additive genetic variance,5,3.3116095568458874,3.207919481613656,3.0789449892074097,3.7557752662395205,3.723314853384518,3.3116095568458874,After the historical event,Event not experienced
-0.2799999999999998,1,0,0,Nuclear-family environmental variance,5,2.1322979271702556,2.2673198949609574,1.7101548761846725,2.5932898886296374,2.25,2.1322979271702556,After the historical event,Event not experienced
-0.2799999999999998,1,0,0,Nonshared environmental variance,5,9.20884232685109,9.235623529165967,8.785567630948474,9.571784287169463,9.000000000000002,9.20884232685109,After the historical event,Event not experienced
-0.2799999999999998,1,0,0,Phenotypic variance,5,14.652749810867233,14.709288426578459,14.278324548138727,15.070325037417486,14.973314853384519,14.652749810867233,After the historical event,Event not experienced
-0.2799999999999998,1,1,1,Additive genetic variance,5,4.738277633852116,4.4328639238049705,3.7306454553510155,6.460070856990344,5.554533055373609,4.738277633852116,After the historical event,Event experienced
-0.2799999999999998,1,1,1,Nuclear-family environmental variance,5,2.2889214107892415,2.302405229696902,1.8906953449944641,2.5901096573627633,2.25,2.2889214107892415,After the historical event,Event experienced
-0.2799999999999998,1,1,1,Nonshared environmental variance,5,9.052345808295474,9.341564711087523,8.421139046060842,9.522348699257448,9.000000000000002,9.052345808295474,After the historical event,Event experienced
-0.2799999999999998,1,1,1,Phenotypic variance,5,16.07954485293683,16.02873945921811,14.95672608910217,17.391649530241843,16.80453305537361,16.07954485293683,After the historical event,Event experienced
-0.2599999999999998,0,0,0,Additive genetic variance,5,3.336006001153524,3.2313068950152415,3.105594437869615,3.77821898859594,3.7463212598640445,3.336006001153524,Before the historical event,Event not experienced
-0.2599999999999998,0,0,0,Nuclear-family environmental variance,5,2.130704193940356,2.2668563428844046,1.7101384301161828,2.589320515844093,2.25,2.130704193940356,Before the historical event,Event not experienced
-0.2599999999999998,0,0,0,Nonshared environmental variance,5,9.211648344128921,9.235336364904503,8.79232900800186,9.573409703665314,9.000000000000002,9.211648344128921,Before the historical event,Event not experienced
-0.2599999999999998,0,0,0,Phenotypic variance,5,14.6783585392228,14.739801206370805,14.304562247652822,15.09417558143581,14.996321259864047,14.6783585392228,Before the historical event,Event not experienced
-0.2599999999999998,0,1,0,Additive genetic variance,5,3.336006001153524,3.2313068950152415,3.105594437869615,3.77821898859594,3.7463212598640445,3.336006001153524,Before the historical event,Event experienced
-0.2599999999999998,0,1,0,Nuclear-family environmental variance,5,2.130704193940356,2.2668563428844046,1.7101384301161828,2.589320515844093,2.25,2.130704193940356,Before the historical event,Event experienced
-0.2599999999999998,0,1,0,Nonshared environmental variance,5,9.211648344128921,9.235336364904503,8.79232900800186,9.573409703665314,9.000000000000002,9.211648344128921,Before the historical event,Event experienced
-0.2599999999999998,0,1,0,Phenotypic variance,5,14.6783585392228,14.739801206370805,14.304562247652822,15.09417558143581,14.996321259864047,14.6783585392228,Before the historical event,Event experienced
-0.2599999999999998,1,0,0,Additive genetic variance,5,3.336006001153524,3.2313068950152415,3.105594437869615,3.77821898859594,3.7463212598640445,3.336006001153524,After the historical event,Event not experienced
-0.2599999999999998,1,0,0,Nuclear-family environmental variance,5,2.130704193940356,2.2668563428844046,1.7101384301161828,2.589320515844093,2.25,2.130704193940356,After the historical event,Event not experienced
-0.2599999999999998,1,0,0,Nonshared environmental variance,5,9.211648344128921,9.235336364904503,8.79232900800186,9.573409703665314,9.000000000000002,9.211648344128921,After the historical event,Event not experienced
-0.2599999999999998,1,0,0,Phenotypic variance,5,14.6783585392228,14.739801206370805,14.304562247652822,15.09417558143581,14.996321259864047,14.6783585392228,After the historical event,Event not experienced
-0.2599999999999998,1,1,1,Additive genetic variance,5,4.773965681897775,4.458903115280987,3.7582413399212258,6.51542102623984,5.588854580763741,4.773965681897775,After the historical event,Event experienced
-0.2599999999999998,1,1,1,Nuclear-family environmental variance,5,2.2872427475483916,2.301934504446503,1.8936770353091024,2.5831112509778484,2.25,2.2872427475483916,After the historical event,Event experienced
-0.2599999999999998,1,1,1,Nonshared environmental variance,5,9.055015678410046,9.34352846689868,8.428087162511305,9.521894909504313,9.000000000000002,9.055015678410046,After the historical event,Event experienced
-0.2599999999999998,1,1,1,Phenotypic variance,5,16.116224107856212,16.056255837888422,14.985586705892302,17.450150223178987,16.838854580763744,16.116224107856212,After the historical event,Event experienced
-0.23999999999999977,0,0,0,Additive genetic variance,5,3.36006110498546,3.254390098253128,3.131905067192519,3.8002055218568462,3.768866756276016,3.36006110498546,Before the historical event,Event not experienced
-0.23999999999999977,0,0,0,Nuclear-family environmental variance,5,2.1291313239485845,2.26639073241611,1.710149320860741,2.585378935561582,2.25,2.1291313239485845,Before the historical event,Event not experienced
-0.23999999999999977,0,0,0,Nonshared environmental variance,5,9.214411748426214,9.235015078127422,8.79903124545365,9.574971256936623,9.000000000000002,9.214411748426214,Before the historical event,Event not experienced
-0.23999999999999977,0,0,0,Phenotypic variance,5,14.703604177360258,14.769928414934629,14.330555363414422,15.117527869562162,15.018866756276019,14.703604177360258,Before the historical event,Event not experienced
-0.23999999999999977,0,1,0,Additive genetic variance,5,3.36006110498546,3.254390098253128,3.131905067192519,3.8002055218568462,3.768866756276016,3.36006110498546,Before the historical event,Event experienced
-0.23999999999999977,0,1,0,Nuclear-family environmental variance,5,2.1291313239485845,2.26639073241611,1.710149320860741,2.585378935561582,2.25,2.1291313239485845,Before the historical event,Event experienced
-0.23999999999999977,0,1,0,Nonshared environmental variance,5,9.214411748426214,9.235015078127422,8.79903124545365,9.574971256936623,9.000000000000002,9.214411748426214,Before the historical event,Event experienced
-0.23999999999999977,0,1,0,Phenotypic variance,5,14.703604177360258,14.769928414934629,14.330555363414422,15.117527869562162,15.018866756276019,14.703604177360258,Before the historical event,Event experienced
-0.23999999999999977,1,0,0,Additive genetic variance,5,3.36006110498546,3.254390098253128,3.131905067192519,3.8002055218568462,3.768866756276016,3.36006110498546,After the historical event,Event not experienced
-0.23999999999999977,1,0,0,Nuclear-family environmental variance,5,2.1291313239485845,2.26639073241611,1.710149320860741,2.585378935561582,2.25,2.1291313239485845,After the historical event,Event not experienced
-0.23999999999999977,1,0,0,Nonshared environmental variance,5,9.214411748426214,9.235015078127422,8.79903124545365,9.574971256936623,9.000000000000002,9.214411748426214,After the historical event,Event not experienced
-0.23999999999999977,1,0,0,Phenotypic variance,5,14.703604177360258,14.769928414934629,14.330555363414422,15.117527869562162,15.018866756276019,14.703604177360258,After the historical event,Event not experienced
-0.23999999999999977,1,1,1,Additive genetic variance,5,4.809159338546296,4.484395858281432,3.7854917959361654,6.570037518026753,5.622488509131704,4.809159338546296,After the historical event,Event experienced
-0.23999999999999977,1,1,1,Nuclear-family environmental variance,5,2.28558777838862,2.301461688952057,1.8966597072567404,2.576169469115482,2.25,2.28558777838862,After the historical event,Event experienced
-0.23999999999999977,1,1,1,Nonshared environmental variance,5,9.057644095419683,9.345421727552187,8.434979196437013,9.52141063594993,9.000000000000002,9.057644095419683,After the historical event,Event experienced
-0.23999999999999977,1,1,1,Phenotypic variance,5,16.152391212354598,16.083195839556637,15.014110156050798,17.507883973033007,16.872488509131706,16.152391212354598,After the historical event,Event experienced
-0.21999999999999975,0,0,0,Additive genetic variance,5,3.383764870964721,3.2771601608237226,3.157864385497455,3.821725348014349,3.7909413331583095,3.383764870964721,Before the historical event,Event not experienced
-0.21999999999999975,0,0,0,Nuclear-family environmental variance,5,2.1275792179926016,2.2659230648634714,1.710187528205906,2.5814650318918253,2.25,2.1275792179926016,Before the historical event,Event not experienced
-0.21999999999999975,0,0,0,Nonshared environmental variance,5,9.217132470161179,9.234659672396635,8.805674200162358,9.57646890653214,9.000000000000002,9.217132470161179,Before the historical event,Event not experienced
-0.21999999999999975,0,0,0,Phenotypic variance,5,14.728476559118501,14.799656953004053,14.356294221155956,15.140372328155749,15.040941333158312,14.728476559118501,Before the historical event,Event not experienced
-0.21999999999999975,0,1,0,Additive genetic variance,5,3.383764870964721,3.2771601608237226,3.157864385497455,3.821725348014349,3.7909413331583095,3.383764870964721,Before the historical event,Event experienced
-0.21999999999999975,0,1,0,Nuclear-family environmental variance,5,2.1275792179926016,2.2659230648634714,1.710187528205906,2.5814650318918253,2.25,2.1275792179926016,Before the historical event,Event experienced
-0.21999999999999975,0,1,0,Nonshared environmental variance,5,9.217132470161179,9.234659672396635,8.805674200162358,9.57646890653214,9.000000000000002,9.217132470161179,Before the historical event,Event experienced
-0.21999999999999975,0,1,0,Phenotypic variance,5,14.728476559118501,14.799656953004053,14.356294221155956,15.140372328155749,15.040941333158312,14.728476559118501,Before the historical event,Event experienced
-0.21999999999999975,1,0,0,Additive genetic variance,5,3.383764870964721,3.2771601608237226,3.157864385497455,3.821725348014349,3.7909413331583095,3.383764870964721,After the historical event,Event not experienced
-0.21999999999999975,1,0,0,Nuclear-family environmental variance,5,2.1275792179926016,2.2659230648634714,1.710187528205906,2.5814650318918253,2.25,2.1275792179926016,After the historical event,Event not experienced
-0.21999999999999975,1,0,0,Nonshared environmental variance,5,9.217132470161179,9.234659672396635,8.805674200162358,9.57646890653214,9.000000000000002,9.217132470161179,After the historical event,Event not experienced
-0.21999999999999975,1,0,0,Phenotypic variance,5,14.728476559118501,14.799656953004053,14.356294221155956,15.140372328155749,15.040941333158312,14.728476559118501,After the historical event,Event not experienced
-0.21999999999999975,1,1,1,Additive genetic variance,5,4.843843627253429,4.509331055207538,3.8123863855173434,6.6238939404604436,5.65541990811469,4.843843627253429,After the historical event,Event experienced
-0.21999999999999975,1,1,1,Nuclear-family environmental variance,5,2.283956395421627,2.3009867845411938,1.8996433217087816,2.569283949970663,2.25,2.283956395421627,After the historical event,Event experienced
-0.21999999999999975,1,1,1,Nonshared environmental variance,5,9.060230992679804,9.34724445003099,8.441815000916915,9.520895881187188,9.000000000000002,9.060230992679804,After the historical event,Event experienced
-0.21999999999999975,1,1,1,Phenotypic variance,5,16.18803101535486,16.109548299563826,15.042285905347542,17.564824180542384,16.90541990811469,16.18803101535486,After the historical event,Event experienced
-0.19999999999999973,0,0,0,Additive genetic variance,5,3.407107395739278,3.2996082265808573,3.183459990389215,3.8427691129378596,3.8125351483100185,3.407107395739278,Before the historical event,Event not experienced
-0.19999999999999973,0,0,0,Nuclear-family environmental variance,5,2.126047778021279,2.2654533415394806,1.71025303342922,2.577578689904325,2.25,2.126047778021279,Before the historical event,Event not experienced
-0.19999999999999973,0,0,0,Nonshared environmental variance,5,9.219810440642275,9.234270151652186,8.812257730178883,9.577902613480616,9.000000000000002,9.219810440642275,Before the historical event,Event not experienced
-0.19999999999999973,0,0,0,Phenotypic variance,5,14.752965614402832,14.828973819306393,14.381769183227833,15.16269955045848,15.06253514831002,14.752965614402832,Before the historical event,Event not experienced
-0.19999999999999973,0,1,0,Additive genetic variance,5,3.407107395739278,3.2996082265808573,3.183459990389215,3.8427691129378596,3.8125351483100185,3.407107395739278,Before the historical event,Event experienced
-0.19999999999999973,0,1,0,Nuclear-family environmental variance,5,2.126047778021279,2.2654533415394806,1.71025303342922,2.577578689904325,2.25,2.126047778021279,Before the historical event,Event experienced
-0.19999999999999973,0,1,0,Nonshared environmental variance,5,9.219810440642275,9.234270151652186,8.812257730178883,9.577902613480616,9.000000000000002,9.219810440642275,Before the historical event,Event experienced
-0.19999999999999973,0,1,0,Phenotypic variance,5,14.752965614402832,14.828973819306393,14.381769183227833,15.16269955045848,15.06253514831002,14.752965614402832,Before the historical event,Event experienced
-0.19999999999999973,1,0,0,Additive genetic variance,5,3.407107395739278,3.2996082265808573,3.183459990389215,3.8427691129378596,3.8125351483100185,3.407107395739278,After the historical event,Event not experienced
-0.19999999999999973,1,0,0,Nuclear-family environmental variance,5,2.126047778021279,2.2654533415394806,1.71025303342922,2.577578689904325,2.25,2.126047778021279,After the historical event,Event not experienced
-0.19999999999999973,1,0,0,Nonshared environmental variance,5,9.219810440642275,9.234270151652186,8.812257730178883,9.577902613480616,9.000000000000002,9.219810440642275,After the historical event,Event not experienced
-0.19999999999999973,1,0,0,Phenotypic variance,5,14.752965614402832,14.828973819306393,14.381769183227833,15.16269955045848,15.06253514831002,14.752965614402832,After the historical event,Event not experienced
-0.19999999999999973,1,1,1,Additive genetic variance,5,4.878003707356111,4.533697807447836,3.838914751569307,6.676964103653911,5.68763409487431,4.878003707356111,After the historical event,Event experienced
-0.19999999999999973,1,1,1,Nuclear-family environmental variance,5,2.282348492087349,2.300509792547223,1.9026278397369358,2.5624543352511107,2.25,2.282348492087349,After the historical event,Event experienced
-0.19999999999999973,1,1,1,Nonshared environmental variance,5,9.06277630440953,9.34899659291525,8.44859443014707,9.520350648165307,9.000000000000002,9.06277630440953,After the historical event,Event experienced
-0.19999999999999973,1,1,1,Phenotypic variance,5,16.22312850385299,16.135302256023895,15.070103500861027,17.620944450060666,16.937634094874312,16.22312850385299,After the historical event,Event experienced
-0.18000000000000016,0,0,0,Additive genetic variance,5,3.4300788769191737,3.321725519440503,3.2086795786208238,3.8633276331370463,3.8336385340877466,3.4300788769191737,Before the historical event,Event not experienced
-0.18000000000000016,0,0,0,Nuclear-family environmental variance,5,2.1245369071276863,2.264981563762717,1.7103458192969503,2.5737197956220252,2.25,2.1245369071276863,Before the historical event,Event not experienced
-0.18000000000000016,0,0,0,Nonshared environmental variance,5,9.222445592070645,9.233846520212243,8.818781694751625,9.57927234029222,9.000000000000002,9.222445592070645,Before the historical event,Event not experienced
-0.18000000000000016,0,0,0,Phenotypic variance,5,14.777061376117505,14.857866120922777,14.406970654023688,15.184500303357991,15.083638534087749,14.777061376117505,Before the historical event,Event not experienced
-0.18000000000000016,0,1,0,Additive genetic variance,5,3.4300788769191737,3.321725519440503,3.2086795786208238,3.8633276331370463,3.8336385340877466,3.4300788769191737,Before the historical event,Event experienced
-0.18000000000000016,0,1,0,Nuclear-family environmental variance,5,2.1245369071276863,2.264981563762717,1.7103458192969503,2.5737197956220252,2.25,2.1245369071276863,Before the historical event,Event experienced
-0.18000000000000016,0,1,0,Nonshared environmental variance,5,9.222445592070645,9.233846520212243,8.818781694751625,9.57927234029222,9.000000000000002,9.222445592070645,Before the historical event,Event experienced
-0.18000000000000016,0,1,0,Phenotypic variance,5,14.777061376117505,14.857866120922777,14.406970654023688,15.184500303357991,15.083638534087749,14.777061376117505,Before the historical event,Event experienced
-0.18000000000000016,1,0,0,Additive genetic variance,5,3.4300788769191737,3.321725519440503,3.2086795786208238,3.8633276331370463,3.8336385340877466,3.4300788769191737,After the historical event,Event not experienced
-0.18000000000000016,1,0,0,Nuclear-family environmental variance,5,2.1245369071276863,2.264981563762717,1.7103458192969503,2.5737197956220252,2.25,2.1245369071276863,After the historical event,Event not experienced
-0.18000000000000016,1,0,0,Nonshared environmental variance,5,9.222445592070645,9.233846520212243,8.818781694751625,9.57927234029222,9.000000000000002,9.222445592070645,After the historical event,Event not experienced
-0.18000000000000016,1,0,0,Phenotypic variance,5,14.777061376117505,14.857866120922777,14.406970654023688,15.184500303357991,15.083638534087749,14.777061376117505,After the historical event,Event not experienced
-0.18000000000000016,1,1,1,Additive genetic variance,5,4.911624884727165,4.557485423301294,3.8650666243857437,6.729222040817596,5.719116646981375,4.911624884727165,After the historical event,Event experienced
-0.18000000000000016,1,1,1,Nuclear-family environmental variance,5,2.280763963146185,2.3000307143091283,1.9056132226137474,2.5556802701460235,2.25,2.280763963146185,After the historical event,Event experienced
-0.18000000000000016,1,1,1,Nonshared environmental variance,5,9.065279965694033,9.35067811638391,8.45531733944583,9.519774940189835,9.000000000000002,9.065279965694033,After the historical event,Event experienced
-0.18000000000000016,1,1,1,Phenotypic variance,5,16.257668813567385,16.160446957746338,15.097552577582196,17.676218610651908,16.969116646981377,16.257668813567385,After the historical event,Event experienced
-0.16000000000000014,0,0,0,Additive genetic variance,5,3.4526696199825633,3.3435033490663915,3.2335109559472075,3.883391902429372,3.8542420046040085,3.4526696199825633,Before the historical event,Event not experienced
-0.16000000000000014,0,0,0,Nuclear-family environmental variance,5,2.123046509542174,2.26450773285734,1.7104658700629558,2.569888236015026,2.25,2.123046509542174,Before the historical event,Event not experienced
-0.16000000000000014,0,0,0,Nonshared environmental variance,5,9.22503785754248,9.233388782772947,8.825245954331415,9.580578050959957,9.000000000000002,9.22503785754248,Before the historical event,Event not experienced
-0.16000000000000014,0,0,0,Phenotypic variance,5,14.800753987067218,14.886321083634211,14.431889085421634,15.205765534055388,15.10424200460401,14.800753987067218,Before the historical event,Event not experienced
-0.16000000000000014,0,1,0,Additive genetic variance,5,3.4526696199825633,3.3435033490663915,3.2335109559472075,3.883391902429372,3.8542420046040085,3.4526696199825633,Before the historical event,Event experienced
-0.16000000000000014,0,1,0,Nuclear-family environmental variance,5,2.123046509542174,2.26450773285734,1.7104658700629558,2.569888236015026,2.25,2.123046509542174,Before the historical event,Event experienced
-0.16000000000000014,0,1,0,Nonshared environmental variance,5,9.22503785754248,9.233388782772947,8.825245954331415,9.580578050959957,9.000000000000002,9.22503785754248,Before the historical event,Event experienced
-0.16000000000000014,0,1,0,Phenotypic variance,5,14.800753987067218,14.886321083634211,14.431889085421634,15.205765534055388,15.10424200460401,14.800753987067218,Before the historical event,Event experienced
-0.16000000000000014,1,0,0,Additive genetic variance,5,3.4526696199825633,3.3435033490663915,3.2335109559472075,3.883391902429372,3.8542420046040085,3.4526696199825633,After the historical event,Event not experienced
-0.16000000000000014,1,0,0,Nuclear-family environmental variance,5,2.123046509542174,2.26450773285734,1.7104658700629558,2.569888236015026,2.25,2.123046509542174,After the historical event,Event not experienced
-0.16000000000000014,1,0,0,Nonshared environmental variance,5,9.22503785754248,9.233388782772947,8.825245954331415,9.580578050959957,9.000000000000002,9.22503785754248,After the historical event,Event not experienced
-0.16000000000000014,1,0,0,Phenotypic variance,5,14.800753987067218,14.886321083634211,14.431889085421634,15.205765534055388,15.10424200460401,14.800753987067218,After the historical event,Event not experienced
-0.16000000000000014,1,1,1,Additive genetic variance,5,4.9446926223885175,4.58068342578213,3.8908318282381855,6.780642029318937,5.749853413154658,4.9446926223885175,After the historical event,Event experienced
-0.16000000000000014,1,1,1,Nuclear-family environmental variance,5,2.2792027046713392,2.299549551171559,1.9085994318131414,2.548961403295179,2.25,2.2792027046713392,After the historical event,Event experienced
-0.16000000000000014,1,1,1,Nonshared environmental variance,5,9.06774191248677,9.352288982216187,8.46198358525896,9.519168760922504,9.000000000000002,9.06774191248677,After the historical event,Event experienced
-0.16000000000000014,1,1,1,Phenotypic variance,5,16.291637239546624,16.184971872040755,15.124622865000926,17.730620737151863,16.99985341315466,16.291637239546624,After the historical event,Event experienced
-0.14000000000000012,0,0,0,Additive genetic variance,5,3.4748700451438124,3.364933116531432,3.257942046956735,3.902953098505421,3.8743362628202704,3.4748700451438124,Before the historical event,Event not experienced
-0.14000000000000012,0,0,0,Nuclear-family environmental variance,5,2.1215764906255736,2.2640318501530836,1.7106131714676953,2.566083898994367,2.25,2.1215764906255736,Before the historical event,Event not experienced
-0.14000000000000012,0,0,0,Nonshared environmental variance,5,9.22758717105139,9.232896944408386,8.831650370576561,9.581819710960977,9.000000000000002,9.22758717105139,Before the historical event,Event not experienced
-0.14000000000000012,0,0,0,Phenotypic variance,5,14.824033706820776,14.9143260622414,14.45651498223716,15.22648637663081,15.124336262820272,14.824033706820776,Before the historical event,Event not experienced
-0.14000000000000012,0,1,0,Additive genetic variance,5,3.4748700451438124,3.364933116531432,3.257942046956735,3.902953098505421,3.8743362628202704,3.4748700451438124,Before the historical event,Event experienced
-0.14000000000000012,0,1,0,Nuclear-family environmental variance,5,2.1215764906255736,2.2640318501530836,1.7106131714676953,2.566083898994367,2.25,2.1215764906255736,Before the historical event,Event experienced
-0.14000000000000012,0,1,0,Nonshared environmental variance,5,9.22758717105139,9.232896944408386,8.831650370576561,9.581819710960977,9.000000000000002,9.22758717105139,Before the historical event,Event experienced
-0.14000000000000012,0,1,0,Phenotypic variance,5,14.824033706820776,14.9143260622414,14.45651498223716,15.22648637663081,15.124336262820272,14.824033706820776,Before the historical event,Event experienced
-0.14000000000000012,1,0,0,Additive genetic variance,5,3.4748700451438124,3.364933116531432,3.257942046956735,3.902953098505421,3.8743362628202704,3.4748700451438124,After the historical event,Event not experienced
-0.14000000000000012,1,0,0,Nuclear-family environmental variance,5,2.1215764906255736,2.2640318501530836,1.7106131714676953,2.566083898994367,2.25,2.1215764906255736,After the historical event,Event not experienced
-0.14000000000000012,1,0,0,Nonshared environmental variance,5,9.22758717105139,9.232896944408386,8.831650370576561,9.581819710960977,9.000000000000002,9.22758717105139,After the historical event,Event not experienced
-0.14000000000000012,1,0,0,Phenotypic variance,5,14.824033706820776,14.9143260622414,14.45651498223716,15.22648637663081,15.124336262820272,14.824033706820776,After the historical event,Event not experienced
-0.14000000000000012,1,1,1,Additive genetic variance,5,4.977192551072085,4.603281560298319,3.9162002879414186,6.831198611683904,5.77983052384246,4.977192551072085,After the historical event,Event experienced
-0.14000000000000012,1,1,1,Nuclear-family environmental variance,5,2.277664614041292,2.299066304484827,1.9115864290109947,2.542297386758385,2.25,2.277664614041292,After the historical event,Event experienced
-0.14000000000000012,1,1,1,Nonshared environmental variance,5,9.070162081611779,9.353829153793042,8.468593025164772,9.518532114381193,9.000000000000002,9.070162081611779,After the historical event,Event experienced
-0.14000000000000012,1,1,1,Phenotypic variance,5,16.325019246725155,16.208866692395283,15.151304193669231,17.784125171171166,17.029830523842463,16.325019246725155,After the historical event,Event experienced
-0.1200000000000001,0,0,0,Additive genetic variance,5,3.4966706941768004,3.386006319949768,3.281960904869557,3.9220025893853436,3.8939122075272037,3.4966706941768004,Before the historical event,Event not experienced
-0.1200000000000001,0,0,0,Nuclear-family environmental variance,5,2.1201267568624873,2.263553916985251,1.7107877107373641,2.5623066734058613,2.25,2.1201267568624873,Before the historical event,Event not experienced
-0.1200000000000001,0,0,0,Nonshared environmental variance,5,9.230093467490722,9.23237101057045,8.837994806357734,9.582997287257863,9.000000000000002,9.230093467490722,Before the historical event,Event not experienced
-0.1200000000000001,0,0,0,Phenotypic variance,5,14.84689091853001,14.94186855084642,14.480838907682978,15.246654158500226,15.143912207527205,14.84689091853001,Before the historical event,Event not experienced
-0.1200000000000001,0,1,0,Additive genetic variance,5,3.4966706941768004,3.386006319949768,3.281960904869557,3.9220025893853436,3.8939122075272037,3.4966706941768004,Before the historical event,Event experienced
-0.1200000000000001,0,1,0,Nuclear-family environmental variance,5,2.1201267568624873,2.263553916985251,1.7107877107373641,2.5623066734058613,2.25,2.1201267568624873,Before the historical event,Event experienced
-0.1200000000000001,0,1,0,Nonshared environmental variance,5,9.230093467490722,9.23237101057045,8.837994806357734,9.582997287257863,9.000000000000002,9.230093467490722,Before the historical event,Event experienced
-0.1200000000000001,0,1,0,Phenotypic variance,5,14.84689091853001,14.94186855084642,14.480838907682978,15.246654158500226,15.143912207527205,14.84689091853001,Before the historical event,Event experienced
-0.1200000000000001,1,0,0,Additive genetic variance,5,3.4966706941768004,3.386006319949768,3.281960904869557,3.9220025893853436,3.8939122075272037,3.4966706941768004,After the historical event,Event not experienced
-0.1200000000000001,1,0,0,Nuclear-family environmental variance,5,2.1201267568624873,2.263553916985251,1.7107877107373641,2.5623066734058613,2.25,2.1201267568624873,After the historical event,Event not experienced
-0.1200000000000001,1,0,0,Nonshared environmental variance,5,9.230093467490722,9.23237101057045,8.837994806357734,9.582997287257863,9.000000000000002,9.230093467490722,After the historical event,Event not experienced
-0.1200000000000001,1,0,0,Phenotypic variance,5,14.84689091853001,14.94186855084642,14.480838907682978,15.246654158500226,15.143912207527205,14.84689091853001,After the historical event,Event not experienced
-0.1200000000000001,1,1,1,Additive genetic variance,5,5.009110479717573,4.625269802195963,3.9411620353897154,6.880866616516679,5.809034401635921,5.009110479717573,After the historical event,Event experienced
-0.1200000000000001,1,1,1,Nuclear-family environmental variance,5,2.2761495899323876,2.298580975604897,1.914574176085722,2.5356878759852686,2.25,2.2761495899323876,After the historical event,Event experienced
-0.1200000000000001,1,1,1,Nonshared environmental variance,5,9.072540410765884,9.355298596098544,8.475145517879179,9.517865004939804,9.000000000000002,9.072540410765884,After the historical event,Event experienced
-0.1200000000000001,1,1,1,Phenotypic variance,5,16.357800480415843,16.23212134602094,15.177586501735354,17.836706542016614,17.059034401635923,16.357800480415843,After the historical event,Event experienced
-0.10000000000000009,0,0,0,Additive genetic variance,5,3.5180622371865695,3.4067145600743713,3.305555721291626,3.94053193975981,3.9129609402048398,3.5180622371865695,Before the historical event,Event not experienced
-0.10000000000000009,0,0,0,Nuclear-family environmental variance,5,2.1186972158546906,2.2630739346947073,1.7109894765831675,2.558556449024005,2.25,2.1186972158546906,Before the historical event,Event not experienced
-0.10000000000000009,0,0,0,Nonshared environmental variance,5,9.232556682655868,9.231810987088766,8.844279125762897,9.58411074829986,9.000000000000002,9.232556682655868,Before the historical event,Event not experienced
-0.10000000000000009,0,0,0,Phenotypic variance,5,14.86931613569713,14.96893619308451,14.50485148883134,15.266260406756794,15.162960940204842,14.86931613569713,Before the historical event,Event not experienced
-0.10000000000000009,0,1,0,Additive genetic variance,5,3.5180622371865695,3.4067145600743713,3.305555721291626,3.94053193975981,3.9129609402048398,3.5180622371865695,Before the historical event,Event experienced
-0.10000000000000009,0,1,0,Nuclear-family environmental variance,5,2.1186972158546906,2.2630739346947073,1.7109894765831675,2.558556449024005,2.25,2.1186972158546906,Before the historical event,Event experienced
-0.10000000000000009,0,1,0,Nonshared environmental variance,5,9.232556682655868,9.231810987088766,8.844279125762897,9.58411074829986,9.000000000000002,9.232556682655868,Before the historical event,Event experienced
-0.10000000000000009,0,1,0,Phenotypic variance,5,14.86931613569713,14.96893619308451,14.50485148883134,15.266260406756794,15.162960940204842,14.86931613569713,Before the historical event,Event experienced
-0.10000000000000009,1,0,0,Additive genetic variance,5,3.5180622371865695,3.4067145600743713,3.305555721291626,3.94053193975981,3.9129609402048398,3.5180622371865695,After the historical event,Event not experienced
-0.10000000000000009,1,0,0,Nuclear-family environmental variance,5,2.1186972158546906,2.2630739346947073,1.7109894765831675,2.558556449024005,2.25,2.1186972158546906,After the historical event,Event not experienced
-0.10000000000000009,1,0,0,Nonshared environmental variance,5,9.232556682655868,9.231810987088766,8.844279125762897,9.58411074829986,9.000000000000002,9.232556682655868,After the historical event,Event not experienced
-0.10000000000000009,1,0,0,Phenotypic variance,5,14.86931613569713,14.96893619308451,14.50485148883134,15.266260406756794,15.162960940204842,14.86931613569713,After the historical event,Event not experienced
-0.10000000000000009,1,1,1,Additive genetic variance,5,5.040432405896303,4.6466383641617455,3.9657072160579805,6.929621179313507,5.8374517715031855,5.040432405896303,After the historical event,Event experienced
-0.10000000000000009,1,1,1,Nuclear-family environmental variance,5,2.2746575323115406,2.2980935658933848,1.9175626351188928,2.529132529785403,2.25,2.2746575323115406,After the historical event,Event experienced
-0.10000000000000009,1,1,1,Nonshared environmental variance,5,9.074876838520904,9.356697275721238,8.481640923260743,9.517167437328172,9.000000000000002,9.074876838520904,After the historical event,Event experienced
-0.10000000000000009,1,1,1,Phenotypic variance,5,16.38996677672875,16.254726001254262,15.203459841442786,17.88833978750667,17.08745177150319,16.38996677672875,After the historical event,Event experienced
-0.08000000000000007,0,0,0,Additive genetic variance,5,3.539035479322488,3.427091303525963,3.3287106601461707,3.9585329172089647,3.9314737717553903,3.539035479322488,Before the historical event,Event not experienced
-0.08000000000000007,0,0,0,Nuclear-family environmental variance,5,2.1172877763146305,2.262591904627873,1.7112184592007276,2.55483311654593,2.25,2.1172877763146305,Before the historical event,Event not experienced
-0.08000000000000007,0,0,0,Nonshared environmental variance,5,9.23497675324652,9.231216880170587,8.85050319410211,9.585160064024015,9.000000000000002,9.23497675324652,Before the historical event,Event not experienced
-0.08000000000000007,0,0,0,Phenotypic variance,5,14.89130000888364,14.995516792293973,14.528543422074062,15.285296854390305,15.181473771755392,14.89130000888364,Before the historical event,Event not experienced
-0.08000000000000007,0,1,0,Additive genetic variance,5,3.539035479322488,3.427091303525963,3.3287106601461707,3.9585329172089647,3.9314737717553903,3.539035479322488,Before the historical event,Event experienced
-0.08000000000000007,0,1,0,Nuclear-family environmental variance,5,2.1172877763146305,2.262591904627873,1.7112184592007276,2.55483311654593,2.25,2.1172877763146305,Before the historical event,Event experienced
-0.08000000000000007,0,1,0,Nonshared environmental variance,5,9.23497675324652,9.231216880170587,8.85050319410211,9.585160064024015,9.000000000000002,9.23497675324652,Before the historical event,Event experienced
-0.08000000000000007,0,1,0,Phenotypic variance,5,14.89130000888364,14.995516792293973,14.528543422074062,15.285296854390305,15.181473771755392,14.89130000888364,Before the historical event,Event experienced
-0.08000000000000007,1,0,0,Additive genetic variance,5,3.539035479322488,3.427091303525963,3.3287106601461707,3.9585329172089647,3.9314737717553903,3.539035479322488,After the historical event,Event not experienced
-0.08000000000000007,1,0,0,Nuclear-family environmental variance,5,2.1172877763146305,2.262591904627873,1.7112184592007276,2.55483311654593,2.25,2.1172877763146305,After the historical event,Event not experienced
-0.08000000000000007,1,0,0,Nonshared environmental variance,5,9.23497675324652,9.231216880170587,8.85050319410211,9.585160064024015,9.000000000000002,9.23497675324652,After the historical event,Event not experienced
-0.08000000000000007,1,0,0,Phenotypic variance,5,14.89130000888364,14.995516792293973,14.528543422074062,15.285296854390305,15.181473771755392,14.89130000888364,After the historical event,Event not experienced
-0.08000000000000007,1,1,1,Additive genetic variance,5,5.0711445261503245,4.667377703475828,3.989826095461897,6.97743776314678,5.86506967083357,5.0711445261503245,After the historical event,Event experienced
-0.08000000000000007,1,1,1,Nuclear-family environmental variance,5,2.273188342429062,2.2976040767175445,1.920551768395861,2.5226310102987695,2.25,2.273188342429062,After the historical event,Event experienced
-0.08000000000000007,1,1,1,Nonshared environmental variance,5,9.07717130432581,9.35802516085535,8.488079102315645,9.516439416631988,9.000000000000002,9.07717130432581,After the historical event,Event experienced
-0.08000000000000007,1,1,1,Phenotypic variance,5,16.4215041729052,16.27667107481044,15.228914385588338,17.939000174657103,17.11506967083357,16.4215041729052,After the historical event,Event experienced
-0.06000000000000005,0,0,0,Additive genetic variance,5,3.559581367426092,3.450688401731274,3.3510582159631386,3.975997498292956,3.949442229101612,3.559581367426092,Before the historical event,Event not experienced
-0.06000000000000005,0,0,0,Nuclear-family environmental variance,5,2.1158983480590283,2.2617535666798845,1.7114746502696225,2.5511719937311144,2.25,2.1158983480590283,Before the historical event,Event not experienced
-0.06000000000000005,0,0,0,Nonshared environmental variance,5,9.237353616868914,9.23058869640065,8.856666877912401,9.58614520585631,9.000000000000002,9.237353616868914,Before the historical event,Event not experienced
-0.06000000000000005,0,0,0,Phenotypic variance,5,14.912833332354035,15.021598321612458,14.551905478575748,15.303755446378268,15.199442229101614,14.912833332354035,Before the historical event,Event not experienced
-0.06000000000000005,0,1,0,Additive genetic variance,5,3.559581367426092,3.450688401731274,3.3510582159631386,3.975997498292956,3.949442229101612,3.559581367426092,Before the historical event,Event experienced
-0.06000000000000005,0,1,0,Nuclear-family environmental variance,5,2.1158983480590283,2.2617535666798845,1.7114746502696225,2.5511719937311144,2.25,2.1158983480590283,Before the historical event,Event experienced
-0.06000000000000005,0,1,0,Nonshared environmental variance,5,9.237353616868914,9.23058869640065,8.856666877912401,9.58614520585631,9.000000000000002,9.237353616868914,Before the historical event,Event experienced
-0.06000000000000005,0,1,0,Phenotypic variance,5,14.912833332354035,15.021598321612458,14.551905478575748,15.303755446378268,15.199442229101614,14.912833332354035,Before the historical event,Event experienced
-0.06000000000000005,1,0,0,Additive genetic variance,5,3.559581367426092,3.450688401731274,3.3510582159631386,3.975997498292956,3.949442229101612,3.559581367426092,After the historical event,Event not experienced
-0.06000000000000005,1,0,0,Nuclear-family environmental variance,5,2.1158983480590283,2.2617535666798845,1.7114746502696225,2.5511719937311144,2.25,2.1158983480590283,After the historical event,Event not experienced
-0.06000000000000005,1,0,0,Nonshared environmental variance,5,9.237353616868914,9.23058869640065,8.856666877912401,9.58614520585631,9.000000000000002,9.237353616868914,After the historical event,Event not experienced
-0.06000000000000005,1,0,0,Phenotypic variance,5,14.912833332354035,15.021598321612458,14.551905478575748,15.303755446378268,15.199442229101614,14.912833332354035,After the historical event,Event not experienced
-0.06000000000000005,1,1,1,Additive genetic variance,5,5.101233246235971,4.687478529107679,4.0135090655711805,7.024292179195312,5.8918754592811755,5.101233246235971,After the historical event,Event experienced
-0.06000000000000005,1,1,1,Nuclear-family environmental variance,5,2.271741922811607,2.2971125094502685,1.9235415384064196,2.5161829829665456,2.25,2.271741922811607,After the historical event,Event experienced
-0.06000000000000005,1,1,1,Nonshared environmental variance,5,9.079423748508878,9.357546914226674,8.494459917202656,9.51585447900017,9.000000000000002,9.079423748508878,After the historical event,Event experienced
-0.06000000000000005,1,1,1,Phenotypic variance,5,16.452398917556454,16.297947238879622,15.25394043393333,17.9886633202129,17.141875459281177,16.452398917556454,After the historical event,Event experienced
-0.040000000000000036,0,0,0,Additive genetic variance,5,3.579690996606824,3.473960915431199,3.3729407415289065,3.9929178745077523,3.966858061643717,3.579690996606824,Before the historical event,Event not experienced
-0.040000000000000036,0,0,0,Nuclear-family environmental variance,5,2.1145288420025796,2.2557146049563395,1.7117580429530608,2.5480574048292777,2.25,2.1145288420025796,Before the historical event,Event not experienced
-0.040000000000000036,0,0,0,Nonshared environmental variance,5,9.239687212038032,9.229926442741082,8.862770044962476,9.587066146712711,9.000000000000002,9.239687212038032,Before the historical event,Event not experienced
-0.040000000000000036,0,0,0,Phenotypic variance,5,14.933907050647436,15.045213541130526,14.57492850971537,15.321823884928092,15.21685806164372,14.933907050647436,Before the historical event,Event not experienced
-0.040000000000000036,0,1,0,Additive genetic variance,5,3.579690996606824,3.473960915431199,3.3729407415289065,3.9929178745077523,3.966858061643717,3.579690996606824,Before the historical event,Event experienced
-0.040000000000000036,0,1,0,Nuclear-family environmental variance,5,2.1145288420025796,2.2557146049563395,1.7117580429530608,2.5480574048292777,2.25,2.1145288420025796,Before the historical event,Event experienced
-0.040000000000000036,0,1,0,Nonshared environmental variance,5,9.239687212038032,9.229926442741082,8.862770044962476,9.587066146712711,9.000000000000002,9.239687212038032,Before the historical event,Event experienced
-0.040000000000000036,0,1,0,Phenotypic variance,5,14.933907050647436,15.045213541130526,14.57492850971537,15.321823884928092,15.21685806164372,14.933907050647436,Before the historical event,Event experienced
-0.040000000000000036,1,0,0,Additive genetic variance,5,3.579690996606824,3.473960915431199,3.3729407415289065,3.9929178745077523,3.966858061643717,3.579690996606824,After the historical event,Event not experienced
-0.040000000000000036,1,0,0,Nuclear-family environmental variance,5,2.1145288420025796,2.2557146049563395,1.7117580429530608,2.5480574048292777,2.25,2.1145288420025796,After the historical event,Event not experienced
-0.040000000000000036,1,0,0,Nonshared environmental variance,5,9.239687212038032,9.229926442741082,8.862770044962476,9.587066146712711,9.000000000000002,9.239687212038032,After the historical event,Event not experienced
-0.040000000000000036,1,0,0,Phenotypic variance,5,14.933907050647436,15.045213541130526,14.57492850971537,15.321823884928092,15.21685806164372,14.933907050647436,After the historical event,Event not experienced
-0.040000000000000036,1,1,1,Additive genetic variance,5,5.130685191261144,4.7069318086474485,4.036746651170037,7.070160607096848,5.917856828397474,5.130685191261144,After the historical event,Event experienced
-0.040000000000000036,1,1,1,Nuclear-family environmental variance,5,2.270318177255231,2.296618865470077,1.926531907845476,2.5097881165022264,2.25,2.270318177255231,After the historical event,Event experienced
-0.040000000000000036,1,1,1,Nonshared environmental variance,5,9.081634112279787,9.35581352762359,8.500783231238064,9.515357528191814,9.000000000000002,9.081634112279787,After the historical event,Event experienced
-0.040000000000000036,1,1,1,Phenotypic variance,5,16.48263748079616,16.318545428058805,15.278528419562054,18.037305211002344,17.167856828397476,16.48263748079616,After the historical event,Event experienced
-0.020000000000000018,0,0,0,Additive genetic variance,5,3.5993556167389253,3.4969001086647844,3.394347158494033,4.009286458100057,3.9837132475679375,3.5993556167389253,Before the historical event,Event not experienced
-0.020000000000000018,0,0,0,Nuclear-family environmental variance,5,2.1131791701517577,2.2497259231247306,1.712068631897688,2.544964153039384,2.25,2.1131791701517577,Before the historical event,Event not experienced
-0.020000000000000018,0,0,0,Nonshared environmental variance,5,9.241977478179779,9.229230126531274,8.868812564257475,9.587922861000145,9.000000000000002,9.241977478179779,Before the historical event,Event not experienced
-0.020000000000000018,0,0,0,Phenotypic variance,5,14.954512265070463,15.06245056400825,14.59760345251162,15.339884579672376,15.23371324756794,14.954512265070463,Before the historical event,Event not experienced
-0.020000000000000018,0,1,0,Additive genetic variance,5,3.5993556167389253,3.4969001086647844,3.394347158494033,4.009286458100057,3.9837132475679375,3.5993556167389253,Before the historical event,Event experienced
-0.020000000000000018,0,1,0,Nuclear-family environmental variance,5,2.1131791701517577,2.2497259231247306,1.712068631897688,2.544964153039384,2.25,2.1131791701517577,Before the historical event,Event experienced
-0.020000000000000018,0,1,0,Nonshared environmental variance,5,9.241977478179779,9.229230126531274,8.868812564257475,9.587922861000145,9.000000000000002,9.241977478179779,Before the historical event,Event experienced
-0.020000000000000018,0,1,0,Phenotypic variance,5,14.954512265070463,15.06245056400825,14.59760345251162,15.339884579672376,15.23371324756794,14.954512265070463,Before the historical event,Event experienced
-0.020000000000000018,1,0,0,Additive genetic variance,5,3.5993556167389253,3.4969001086647844,3.394347158494033,4.009286458100057,3.9837132475679375,3.5993556167389253,After the historical event,Event not experienced
-0.020000000000000018,1,0,0,Nuclear-family environmental variance,5,2.1131791701517577,2.2497259231247306,1.712068631897688,2.544964153039384,2.25,2.1131791701517577,After the historical event,Event not experienced
-0.020000000000000018,1,0,0,Nonshared environmental variance,5,9.241977478179779,9.229230126531274,8.868812564257475,9.587922861000145,9.000000000000002,9.241977478179779,After the historical event,Event not experienced
-0.020000000000000018,1,0,0,Phenotypic variance,5,14.954512265070463,15.06245056400825,14.59760345251162,15.339884579672376,15.23371324756794,14.954512265070463,After the historical event,Event not experienced
-0.020000000000000018,1,1,1,Additive genetic variance,5,5.15948721570563,4.7257287750656625,4.059529516158954,7.115019615098921,5.943001811042563,5.15948721570563,After the historical event,Event experienced
-0.020000000000000018,1,1,1,Nuclear-family environmental variance,5,2.26891701081857,2.296123146161114,1.929522839613749,2.50344608286306,2.25,2.26891701081857,After the historical event,Event experienced
-0.020000000000000018,1,1,1,Nonshared environmental variance,5,9.0838023377317,9.354092398959352,8.507048908900527,9.51482182786991,9.000000000000002,9.0838023377317,After the historical event,Event experienced
-0.020000000000000018,1,1,1,Phenotypic variance,5,16.5122065642559,16.33845684611221,15.302668915181545,18.084902224089433,17.193001811042564,16.5122065642559,After the historical event,Event experienced
0,0,0,0,Additive genetic variance,5,3.6185666388727604,3.519497327815553,3.415266579368799,4.025095887735261,4,3.6185666388727604,Before the historical event,Event not experienced
0,0,0,0,Nuclear-family environmental variance,5,2.1118492455987106,2.243787206093935,1.7124064132335275,2.5418921643358763,2.25,2.1118492455987106,Before the historical event,Event not experienced
0,0,0,0,Nonshared environmental variance,5,9.244224355633131,9.22849975548771,8.874794306043675,9.588715324617466,9.000000000000002,9.244224355633131,Before the historical event,Event not experienced
0,0,0,0,Phenotypic variance,5,14.974640240104602,15.079197636470251,14.61992133502724,15.357340176318559,15.250000000000002,14.974640240104602,Before the historical event,Event not experienced
0,0,1,0,Additive genetic variance,5,3.6185666388727604,3.519497327815553,3.415266579368799,4.025095887735261,4,3.6185666388727604,Before the historical event,Event experienced
0,0,1,0,Nuclear-family environmental variance,5,2.1118492455987106,2.243787206093935,1.7124064132335275,2.5418921643358763,2.25,2.1118492455987106,Before the historical event,Event experienced
0,0,1,0,Nonshared environmental variance,5,9.244224355633131,9.22849975548771,8.874794306043675,9.588715324617466,9.000000000000002,9.244224355633131,Before the historical event,Event experienced
0,0,1,0,Phenotypic variance,5,14.974640240104602,15.079197636470251,14.61992133502724,15.357340176318559,15.250000000000002,14.974640240104602,Before the historical event,Event experienced
0,1,0,0,Additive genetic variance,5,3.6185666388727604,3.519497327815553,3.415266579368799,4.025095887735261,4,3.6185666388727604,After the historical event,Event not experienced
0,1,0,0,Nuclear-family environmental variance,5,2.1118492455987106,2.243787206093935,1.7124064132335275,2.5418921643358763,2.25,2.1118492455987106,After the historical event,Event not experienced
0,1,0,0,Nonshared environmental variance,5,9.244224355633131,9.22849975548771,8.874794306043675,9.588715324617466,9.000000000000002,9.244224355633131,After the historical event,Event not experienced
0,1,0,0,Phenotypic variance,5,14.974640240104602,15.079197636470251,14.61992133502724,15.357340176318559,15.250000000000002,14.974640240104602,After the historical event,Event not experienced
0,1,1,1,Additive genetic variance,5,5.187626413313821,4.743860933294161,4.081848469791978,7.158846179984215,5.967298790565081,5.187626413313821,After the historical event,Event experienced
0,1,1,1,Nuclear-family environmental variance,5,2.2675383298161313,2.2956253529131376,1.932514296818486,2.497156557221812,2.25,2.2675383298161313,After the historical event,Event experienced
0,1,1,1,Nonshared environmental variance,5,9.08592836784333,9.352383521586646,8.513256815835932,9.514247382669877,9.000000000000002,9.08592836784333,After the historical event,Event experienced
0,1,1,1,Phenotypic variance,5,16.541093110973282,16.357672972553083,15.326352639356951,18.131431146700827,17.21729879056508,16.541093110973282,After the historical event,Event experienced
0.020000000000000018,0,0,0,Additive genetic variance,5,3.6373156415539385,3.541744007023424,3.4356883167646846,4.0403390340125025,4.01571077299691,3.6373156415539385,Before the historical event,Event not experienced
0.020000000000000018,0,0,0,Nuclear-family environmental variance,5,2.1105389825152616,2.237898141879722,1.712771384574054,2.5388413652763853,2.25,2.1105389825152616,Before the historical event,Event not experienced
0.020000000000000018,0,0,0,Nonshared environmental variance,5,9.24642778565224,9.22773533770387,8.880715141813084,9.58944351495632,9.000000000000002,9.24642778565224,Before the historical event,Event not experienced
0.020000000000000018,0,0,0,Phenotypic variance,5,14.994282409721441,15.095446973323773,14.64187328174757,15.374183179581358,15.265710772996911,14.994282409721441,Before the historical event,Event not experienced
0.020000000000000018,0,1,0,Additive genetic variance,5,3.6373156415539385,3.541744007023424,3.4356883167646846,4.0403390340125025,4.01571077299691,3.6373156415539385,Before the historical event,Event experienced
0.020000000000000018,0,1,0,Nuclear-family environmental variance,5,2.1105389825152616,2.237898141879722,1.712771384574054,2.5388413652763853,2.25,2.1105389825152616,Before the historical event,Event experienced
0.020000000000000018,0,1,0,Nonshared environmental variance,5,9.24642778565224,9.22773533770387,8.880715141813084,9.58944351495632,9.000000000000002,9.24642778565224,Before the historical event,Event experienced
0.020000000000000018,0,1,0,Phenotypic variance,5,14.994282409721441,15.095446973323773,14.64187328174757,15.374183179581358,15.265710772996911,14.994282409721441,Before the historical event,Event experienced
0.020000000000000018,1,0,0,Additive genetic variance,5,3.6373156415539385,3.541744007023424,3.4356883167646846,4.0403390340125025,4.01571077299691,3.6373156415539385,After the historical event,Event not experienced
0.020000000000000018,1,0,0,Nuclear-family environmental variance,5,2.1105389825152616,2.237898141879722,1.712771384574054,2.5388413652763853,2.25,2.1105389825152616,After the historical event,Event not experienced
0.020000000000000018,1,0,0,Nonshared environmental variance,5,9.24642778565224,9.22773533770387,8.880715141813084,9.58944351495632,9.000000000000002,9.24642778565224,After the historical event,Event not experienced
0.020000000000000018,1,0,0,Phenotypic variance,5,14.994282409721441,15.095446973323773,14.64187328174757,15.374183179581358,15.265710772996911,14.994282409721441,After the historical event,Event not experienced
0.020000000000000018,1,1,1,Additive genetic variance,5,5.215090126849307,4.761320066621355,4.103694472843646,7.201617706746762,5.990736509740908,5.215090126849307,After the historical event,Event experienced
0.020000000000000018,1,1,1,Nuclear-family environmental variance,5,2.2661820418117027,2.2951254871215183,1.9355062427742034,2.490919217938841,2.25,2.2661820418117027,After the historical event,Event experienced
0.020000000000000018,1,1,1,Nonshared environmental variance,5,9.088012146480937,9.35068688890628,8.519406818862189,9.51363419773864,9.000000000000002,9.088012146480937,After the historical event,Event experienced
0.020000000000000018,1,1,1,Phenotypic variance,5,16.569284315141946,16.37618556903987,15.349570462676523,18.176869195903578,17.240736509740913,16.569284315141946,After the historical event,Event experienced
0.040000000000000036,0,0,0,Additive genetic variance,5,3.655594377043659,3.563631673570295,3.4556018925095198,4.055009004821077,4.0308382673706,3.655594377043659,Before the historical event,Event not experienced
0.040000000000000036,0,0,0,Nuclear-family environmental variance,5,2.1092482961470025,2.2320584215776287,1.7131635450164016,2.5358116829987463,2.25,2.1092482961470025,Before the historical event,Event not experienced
0.040000000000000036,0,0,0,Nonshared environmental variance,5,9.248587710408536,9.226936881650053,8.88657494430808,9.590107410901991,9.000000000000002,9.248587710408536,Before the historical event,Event not experienced
0.040000000000000036,0,0,0,Phenotypic variance,5,15.013430383599198,15.111190963563864,14.663450518928672,15.390406338934664,15.280838267370601,15.013430383599198,Before the historical event,Event not experienced
0.040000000000000036,0,1,0,Additive genetic variance,5,3.655594377043659,3.563631673570295,3.4556018925095198,4.055009004821077,4.0308382673706,3.655594377043659,Before the historical event,Event experienced
0.040000000000000036,0,1,0,Nuclear-family environmental variance,5,2.1092482961470025,2.2320584215776287,1.7131635450164016,2.5358116829987463,2.25,2.1092482961470025,Before the historical event,Event experienced
0.040000000000000036,0,1,0,Nonshared environmental variance,5,9.248587710408536,9.226936881650053,8.88657494430808,9.590107410901991,9.000000000000002,9.248587710408536,Before the historical event,Event experienced
0.040000000000000036,0,1,0,Phenotypic variance,5,15.013430383599198,15.111190963563864,14.663450518928672,15.390406338934664,15.280838267370601,15.013430383599198,Before the historical event,Event experienced
0.040000000000000036,1,0,0,Additive genetic variance,5,3.655594377043659,3.563631673570295,3.4556018925095198,4.055009004821077,4.0308382673706,3.655594377043659,After the historical event,Event not experienced
0.040000000000000036,1,0,0,Nuclear-family environmental variance,5,2.1092482961470025,2.2320584215776287,1.7131635450164016,2.5358116829987463,2.25,2.1092482961470025,After the historical event,Event not experienced
0.040000000000000036,1,0,0,Nonshared environmental variance,5,9.248587710408536,9.226936881650053,8.88657494430808,9.590107410901991,9.000000000000002,9.248587710408536,After the historical event,Event not experienced
0.040000000000000036,1,0,0,Phenotypic variance,5,15.013430383599198,15.111190963563864,14.663450518928672,15.390406338934664,15.280838267370601,15.013430383599198,After the historical event,Event not experienced
0.040000000000000036,1,1,1,Additive genetic variance,5,5.241865957700887,4.778098242895084,4.125058643699809,7.243312047995489,6.013304079461006,5.241865957700887,After the historical event,Event experienced
0.040000000000000036,1,1,1,Nuclear-family environmental variance,5,2.26484805561187,2.294623550187228,1.9384986410034426,2.4847337465344848,2.25,2.26484805561187,After the historical event,Event experienced
0.040000000000000036,1,1,1,Nonshared environmental variance,5,9.090053618400342,9.349002494367125,8.52549878597399,9.512982278734611,9.000000000000002,9.090053618400342,After the historical event,Event experienced
0.040000000000000036,1,1,1,Phenotypic variance,5,16.5967676317131,16.393986685580188,15.372313413840555,18.221194038010218,17.263304079461008,16.5967676317131,After the historical event,Event experienced
0.06000000000000005,0,0,0,Additive genetic variance,5,3.6733947774337588,3.585151953234541,3.4749970466254148,4.069099150532532,4.045375436337134,3.6733947774337588,Before the historical event,Event not experienced
0.06000000000000005,0,0,0,Nuclear-family environmental variance,5,2.107977102807486,2.2262677393361456,1.7135828951417054,2.5328030452180443,2.25,2.107977102807486,Before the historical event,Event not experienced
0.06000000000000005,0,0,0,Nonshared environmental variance,5,9.25070407299276,9.226104396173216,8.892373587525968,9.590706992834146,9.000000000000002,9.25070407299276,Before the historical event,Event not experienced
0.06000000000000005,0,0,0,Phenotypic variance,5,15.032075953234004,15.12642217589568,14.6846443799102,15.406002654193049,15.295375436337135,15.032075953234004,Before the historical event,Event not experienced
0.06000000000000005,0,1,0,Additive genetic variance,5,3.6733947774337588,3.585151953234541,3.4749970466254148,4.069099150532532,4.045375436337134,3.6733947774337588,Before the historical event,Event experienced
0.06000000000000005,0,1,0,Nuclear-family environmental variance,5,2.107977102807486,2.2262677393361456,1.7135828951417054,2.5328030452180443,2.25,2.107977102807486,Before the historical event,Event experienced
0.06000000000000005,0,1,0,Nonshared environmental variance,5,9.25070407299276,9.226104396173216,8.892373587525968,9.590706992834146,9.000000000000002,9.25070407299276,Before the historical event,Event experienced
0.06000000000000005,0,1,0,Phenotypic variance,5,15.032075953234004,15.12642217589568,14.6846443799102,15.406002654193049,15.295375436337135,15.032075953234004,Before the historical event,Event experienced
0.06000000000000005,1,0,0,Additive genetic variance,5,3.6733947774337588,3.585151953234541,3.4749970466254148,4.069099150532532,4.045375436337134,3.6733947774337588,After the historical event,Event not experienced
0.06000000000000005,1,0,0,Nuclear-family environmental variance,5,2.107977102807486,2.2262677393361456,1.7135828951417054,2.5328030452180443,2.25,2.107977102807486,After the historical event,Event not experienced
0.06000000000000005,1,0,0,Nonshared environmental variance,5,9.25070407299276,9.226104396173216,8.892373587525968,9.590706992834146,9.000000000000002,9.25070407299276,After the historical event,Event not experienced
0.06000000000000005,1,0,0,Phenotypic variance,5,15.032075953234004,15.12642217589568,14.6846443799102,15.406002654193049,15.295375436337135,15.032075953234004,After the historical event,Event not experienced
0.06000000000000005,1,1,1,Additive genetic variance,5,5.267941775329685,4.794187820526504,4.1459322643666,7.283907523061766,6.034990987159068,5.267941775329685,After the historical event,Event experienced
0.06000000000000005,1,1,1,Nuclear-family environmental variance,5,2.2635362812596536,2.294119543516835,1.9414914552375564,2.4785998276617636,2.25,2.2635362812596536,After the historical event,Event experienced
0.06000000000000005,1,1,1,Nonshared environmental variance,5,9.092052729248874,9.347330331466093,8.531532586347534,9.512291631827585,9.000000000000002,9.092052729248874,After the historical event,Event experienced
0.06000000000000005,1,1,1,Phenotypic variance,5,16.623530785838213,16.411068666535936,15.394572685668507,18.264383807687857,17.28499098715907,16.623530785838213,After the historical event,Event experienced
0.08000000000000007,0,0,0,Additive genetic variance,5,3.6907089606500563,3.606296575609737,3.4938637461586945,4.082603069022998,4.05931549098538,3.6907089606500563,Before the historical event,Event not experienced
0.08000000000000007,0,0,0,Nuclear-family environmental variance,5,2.106725319872514,2.220525792330195,1.7140294370155738,2.5298153802236865,2.25,2.106725319872514,Before the historical event,Event not experienced
0.08000000000000007,0,0,0,Nonshared environmental variance,5,9.252776817416995,9.225237890496835,8.898110946723468,9.591242242627583,9.000000000000002,9.252776817416995,Before the historical event,Event not experienced
0.08000000000000007,0,0,0,Phenotypic variance,5,15.050211097939567,15.141133364145833,14.70544631038829,15.420965380919164,15.309315490985382,15.050211097939567,Before the historical event,Event not experienced
0.08000000000000007,0,1,0,Additive genetic variance,5,3.6907089606500563,3.606296575609737,3.4938637461586945,4.082603069022998,4.05931549098538,3.6907089606500563,Before the historical event,Event experienced
0.08000000000000007,0,1,0,Nuclear-family environmental variance,5,2.106725319872514,2.220525792330195,1.7140294370155738,2.5298153802236865,2.25,2.106725319872514,Before the historical event,Event experienced
0.08000000000000007,0,1,0,Nonshared environmental variance,5,9.252776817416995,9.225237890496835,8.898110946723468,9.591242242627583,9.000000000000002,9.252776817416995,Before the historical event,Event experienced
0.08000000000000007,0,1,0,Phenotypic variance,5,15.050211097939567,15.141133364145833,14.70544631038829,15.420965380919164,15.309315490985382,15.050211097939567,Before the historical event,Event experienced
0.08000000000000007,1,0,0,Additive genetic variance,5,3.6907089606500563,3.606296575609737,3.4938637461586945,4.082603069022998,4.05931549098538,3.6907089606500563,After the historical event,Event not experienced
0.08000000000000007,1,0,0,Nuclear-family environmental variance,5,2.106725319872514,2.220525792330195,1.7140294370155738,2.5298153802236865,2.25,2.106725319872514,After the historical event,Event not experienced
0.08000000000000007,1,0,0,Nonshared environmental variance,5,9.252776817416995,9.225237890496835,8.898110946723468,9.591242242627583,9.000000000000002,9.252776817416995,After the historical event,Event not experienced
0.08000000000000007,1,0,0,Phenotypic variance,5,15.050211097939567,15.141133364145833,14.70544631038829,15.420965380919164,15.309315490985382,15.050211097939567,After the historical event,Event not experienced
0.08000000000000007,1,1,1,Additive genetic variance,5,5.29330572654716,4.8095814542886695,4.166306786391868,7.3233829367879455,6.055787104969791,5.29330572654716,After the historical event,Event experienced
0.08000000000000007,1,1,1,Nuclear-family environmental variance,5,2.2622466300282524,2.293613468522499,1.9444846494175065,2.4725171490793834,2.25,2.2622466300282524,After the historical event,Event experienced
0.08000000000000007,1,1,1,Nonshared environmental variance,5,9.094009425567304,9.345670393748085,8.537508090345208,9.511562263698693,9.000000000000002,9.094009425567304,After the historical event,Event experienced
0.08000000000000007,1,1,1,Phenotypic variance,5,16.64956178214272,16.427424156423236,15.416339641018608,18.306417126748194,17.305787104969795,16.64956178214272,After the historical event,Event experienced
0.10000000000000009,0,0,0,Additive genetic variance,5,3.707529236337657,3.6270573793828924,3.512192193851181,4.095514610520436,4.072651905559175,3.707529236337657,Before the historical event,Event not experienced
0.10000000000000009,0,0,0,Nuclear-family environmental variance,5,2.1054928657745204,2.214832280734917,1.7145031741886982,2.526848616876501,2.25,2.1054928657745204,Before the historical event,Event not experienced
0.10000000000000009,0,0,0,Nonshared environmental variance,5,9.254805888616662,9.22433737422072,8.903786898421211,9.591713143652854,9.000000000000002,9.254805888616662,Before the historical event,Event not experienced
0.10000000000000009,0,0,0,Phenotypic variance,5,15.067827990728839,15.155317472557194,14.725847873643797,15.435288035651052,15.322651905559177,15.067827990728839,Before the historical event,Event not experienced
0.10000000000000009,0,1,0,Additive genetic variance,5,3.707529236337657,3.6270573793828924,3.512192193851181,4.095514610520436,4.072651905559175,3.707529236337657,Before the historical event,Event experienced
0.10000000000000009,0,1,0,Nuclear-family environmental variance,5,2.1054928657745204,2.214832280734917,1.7145031741886982,2.526848616876501,2.25,2.1054928657745204,Before the historical event,Event experienced
0.10000000000000009,0,1,0,Nonshared environmental variance,5,9.254805888616662,9.22433737422072,8.903786898421211,9.591713143652854,9.000000000000002,9.254805888616662,Before the historical event,Event experienced
0.10000000000000009,0,1,0,Phenotypic variance,5,15.067827990728839,15.155317472557194,14.725847873643797,15.435288035651052,15.322651905559177,15.067827990728839,Before the historical event,Event experienced
0.10000000000000009,1,0,0,Additive genetic variance,5,3.707529236337657,3.6270573793828924,3.512192193851181,4.095514610520436,4.072651905559175,3.707529236337657,After the historical event,Event not experienced
0.10000000000000009,1,0,0,Nuclear-family environmental variance,5,2.1054928657745204,2.214832280734917,1.7145031741886982,2.526848616876501,2.25,2.1054928657745204,After the historical event,Event not experienced
0.10000000000000009,1,0,0,Nonshared environmental variance,5,9.254805888616662,9.22433737422072,8.903786898421211,9.591713143652854,9.000000000000002,9.254805888616662,After the historical event,Event not experienced
0.10000000000000009,1,0,0,Phenotypic variance,5,15.067827990728839,15.155317472557194,14.725847873643797,15.435288035651052,15.322651905559177,15.067827990728839,After the historical event,Event not experienced
0.10000000000000009,1,1,1,Additive genetic variance,5,5.317946244613942,4.824272100903623,4.186173836693459,7.361717597974068,6.075682697608959,5.317946244613942,After the historical event,Event experienced
0.10000000000000009,1,1,1,Nuclear-family environmental variance,5,2.260979014414901,2.2931053266219625,1.9474781876946896,2.466485401625042,2.25,2.260979014414901,After the historical event,Event experienced
0.10000000000000009,1,1,1,Nonshared environmental variance,5,9.09592365479176,9.344022674805949,8.54342516952022,9.510794181540321,9.000000000000002,9.09592365479176,After the historical event,Event experienced
0.10000000000000009,1,1,1,Phenotypic variance,5,16.674848913820604,16.44304610550101,15.437605818614351,18.347273122595762,17.32568269760896,16.674848913820604,After the historical event,Event experienced
0.1200000000000001,0,0,0,Additive genetic variance,5,3.723848111621992,3.6474263175674846,3.52997283664231,4.107827882271664,4.085378422547272,3.723848111621992,Before the historical event,Event not experienced
0.1200000000000001,0,0,0,Nuclear-family environmental variance,5,2.104279659997048,2.2091869076997437,1.7150041116975954,2.5239026846058565,2.25,2.104279659997048,Before the historical event,Event not experienced
0.1200000000000001,0,0,0,Nonshared environmental variance,5,9.256791232452468,9.223402857320826,8.909401320408163,9.592119680776904,9.000000000000002,9.256791232452468,Before the historical event,Event not experienced
0.1200000000000001,0,0,0,Phenotypic variance,5,15.084919004071509,15.168967640961768,14.74584075572112,15.448964400943758,15.335378422547274,15.084919004071509,Before the historical event,Event not experienced
0.1200000000000001,0,1,0,Additive genetic variance,5,3.723848111621992,3.6474263175674846,3.52997283664231,4.107827882271664,4.085378422547272,3.723848111621992,Before the historical event,Event experienced
0.1200000000000001,0,1,0,Nuclear-family environmental variance,5,2.104279659997048,2.2091869076997437,1.7150041116975954,2.5239026846058565,2.25,2.104279659997048,Before the historical event,Event experienced
0.1200000000000001,0,1,0,Nonshared environmental variance,5,9.256791232452468,9.223402857320826,8.909401320408163,9.592119680776904,9.000000000000002,9.256791232452468,Before the historical event,Event experienced
0.1200000000000001,0,1,0,Phenotypic variance,5,15.084919004071509,15.168967640961768,14.74584075572112,15.448964400943758,15.335378422547274,15.084919004071509,Before the historical event,Event experienced
0.1200000000000001,1,0,0,Additive genetic variance,5,3.723848111621992,3.6474263175674846,3.52997283664231,4.107827882271664,4.085378422547272,3.723848111621992,After the historical event,Event not experienced
0.1200000000000001,1,0,0,Nuclear-family environmental variance,5,2.104279659997048,2.2091869076997437,1.7150041116975954,2.5239026846058565,2.25,2.104279659997048,After the historical event,Event not experienced
0.1200000000000001,1,0,0,Nonshared environmental variance,5,9.256791232452468,9.223402857320826,8.909401320408163,9.592119680776904,9.000000000000002,9.256791232452468,After the historical event,Event not experienced
0.1200000000000001,1,0,0,Phenotypic variance,5,15.084919004071509,15.168967640961768,14.74584075572112,15.448964400943758,15.335378422547274,15.084919004071509,After the historical event,Event not experienced
0.1200000000000001,1,1,1,Additive genetic variance,5,5.341852058149604,4.838253024412064,4.205525223288779,7.3988913374602765,6.094668429966753,5.341852058149604,After the historical event,Event experienced
0.1200000000000001,1,1,1,Nuclear-family environmental variance,5,2.2597333481348394,2.2925951192385448,1.9504720344317796,2.4605042791890397,2.25,2.2597333481348394,After the historical event,Event experienced
0.1200000000000001,1,1,1,Nonshared environmental variance,5,9.097795365255573,9.342387168280432,8.549283696621211,9.509987393055988,9.000000000000002,9.097795365255573,After the historical event,Event experienced
0.1200000000000001,1,1,1,Phenotypic variance,5,16.699380771540017,16.457927775142302,15.458362938772288,18.3869314463118,17.344668429966752,16.699380771540017,After the historical event,Event experienced
0.14000000000000012,0,0,0,Additive genetic variance,5,3.7396582967394774,3.667395462686635,3.5471963739917474,4.1195372530242125,4.097489057575477,3.7396582967394774,Before the historical event,Event not experienced
0.14000000000000012,0,0,0,Nuclear-family environmental variance,5,2.1030856230693225,2.203589379322771,1.7155322560654789,2.5209775134068106,2.25,2.1030856230693225,Before the historical event,Event not experienced
0.14000000000000012,0,0,0,Nonshared environmental variance,5,9.25873279571235,9.222434350149094,8.914954091746008,9.592461840363592,9.000000000000002,9.25873279571235,Before the historical event,Event not experienced
0.14000000000000012,0,0,0,Phenotypic variance,5,15.10147671552115,15.182077209826407,14.765416770552942,15.4619885302196,15.34748905757548,15.10147671552115,Before the historical event,Event not experienced
0.14000000000000012,0,1,0,Additive genetic variance,5,3.7396582967394774,3.667395462686635,3.5471963739917474,4.1195372530242125,4.097489057575477,3.7396582967394774,Before the historical event,Event experienced
0.14000000000000012,0,1,0,Nuclear-family environmental variance,5,2.1030856230693225,2.203589379322771,1.7155322560654789,2.5209775134068106,2.25,2.1030856230693225,Before the historical event,Event experienced
0.14000000000000012,0,1,0,Nonshared environmental variance,5,9.25873279571235,9.222434350149094,8.914954091746008,9.592461840363592,9.000000000000002,9.25873279571235,Before the historical event,Event experienced
0.14000000000000012,0,1,0,Phenotypic variance,5,15.10147671552115,15.182077209826407,14.765416770552942,15.4619885302196,15.34748905757548,15.10147671552115,Before the historical event,Event experienced
0.14000000000000012,1,0,0,Additive genetic variance,5,3.7396582967394774,3.667395462686635,3.5471963739917474,4.1195372530242125,4.097489057575477,3.7396582967394774,After the historical event,Event not experienced
0.14000000000000012,1,0,0,Nuclear-family environmental variance,5,2.1030856230693225,2.203589379322771,1.7155322560654789,2.5209775134068106,2.25,2.1030856230693225,After the historical event,Event not experienced
0.14000000000000012,1,0,0,Nonshared environmental variance,5,9.25873279571235,9.222434350149094,8.914954091746008,9.592461840363592,9.000000000000002,9.25873279571235,After the historical event,Event not experienced
0.14000000000000012,1,0,0,Phenotypic variance,5,15.10147671552115,15.182077209826407,14.765416770552942,15.4619885302196,15.34748905757548,15.10147671552115,After the historical event,Event not experienced
0.14000000000000012,1,1,1,Additive genetic variance,5,5.365012199843621,4.8515178013198685,4.2243529409201654,7.434884525822819,6.1127353744059505,5.365012199843621,After the historical event,Event experienced
0.14000000000000012,1,1,1,Nuclear-family environmental variance,5,2.2585095461153886,2.292082847801135,1.9534661542035958,2.4545734786881837,2.25,2.2585095461153886,After the historical event,Event experienced
0.14000000000000012,1,1,1,Nonshared environmental variance,5,9.099624506191146,9.340763867860156,8.55508354559682,9.509141906460247,9.000000000000002,9.099624506191146,After the historical event,Event experienced
0.14000000000000012,1,1,1,Phenotypic variance,5,16.723146252150155,16.47206274298255,15.478602909025676,18.42537229035176,17.36273537440595,16.723146252150155,After the historical event,Event experienced
0.16000000000000014,0,0,0,Additive genetic variance,5,3.754952710531793,3.6869570119017547,3.56385376601232,4.130637357318218,4.10897810409564,3.754952710531793,Before the historical event,Event not experienced
0.16000000000000014,0,0,0,Nuclear-family environmental variance,5,2.1019106765609132,2.1980394046254133,1.7160876153032736,2.5180730338372816,2.25,2.1019106765609132,Before the historical event,Event not experienced
0.16000000000000014,0,0,0,Nonshared environmental variance,5,9.260630526113347,9.221431863433246,8.92044509277347,9.592739610274172,9.000000000000002,9.260630526113347,Before the historical event,Event not experienced
0.16000000000000014,0,0,0,Phenotypic variance,5,15.117493913206053,15.194639725166097,14.784567865026228,15.474354752421851,15.358978104095641,15.117493913206053,Before the historical event,Event not experienced
0.16000000000000014,0,1,0,Additive genetic variance,5,3.754952710531793,3.6869570119017547,3.56385376601232,4.130637357318218,4.10897810409564,3.754952710531793,Before the historical event,Event experienced
0.16000000000000014,0,1,0,Nuclear-family environmental variance,5,2.1019106765609132,2.1980394046254133,1.7160876153032736,2.5180730338372816,2.25,2.1019106765609132,Before the historical event,Event experienced
0.16000000000000014,0,1,0,Nonshared environmental variance,5,9.260630526113347,9.221431863433246,8.92044509277347,9.592739610274172,9.000000000000002,9.260630526113347,Before the historical event,Event experienced
0.16000000000000014,0,1,0,Phenotypic variance,5,15.117493913206053,15.194639725166097,14.784567865026228,15.474354752421851,15.358978104095641,15.117493913206053,Before the historical event,Event experienced
0.16000000000000014,1,0,0,Additive genetic variance,5,3.754952710531793,3.6869570119017547,3.56385376601232,4.130637357318218,4.10897810409564,3.754952710531793,After the historical event,Event not experienced
0.16000000000000014,1,0,0,Nuclear-family environmental variance,5,2.1019106765609132,2.1980394046254133,1.7160876153032736,2.5180730338372816,2.25,2.1019106765609132,After the historical event,Event not experienced
0.16000000000000014,1,0,0,Nonshared environmental variance,5,9.260630526113347,9.221431863433246,8.92044509277347,9.592739610274172,9.000000000000002,9.260630526113347,After the historical event,Event not experienced
0.16000000000000014,1,0,0,Phenotypic variance,5,15.117493913206053,15.194639725166097,14.784567865026228,15.474354752421851,15.358978104095641,15.117493913206053,After the historical event,Event not experienced
0.16000000000000014,1,1,1,Additive genetic variance,5,5.387416014957969,4.864060325515934,4.242649176570665,7.469678090661897,6.129875017757078,5.387416014957969,After the historical event,Event experienced
0.16000000000000014,1,1,1,Nuclear-family environmental variance,5,2.25730752449014,2.291568513744187,1.9564605117979852,2.448692700039985,2.25,2.25730752449014,After the historical event,Event experienced
0.16000000000000014,1,1,1,Nonshared environmental variance,5,9.101411027731741,9.339152767281574,8.560824591600179,9.508257730478574,9.000000000000002,9.101411027731741,After the historical event,Event experienced
0.16000000000000014,1,1,1,Phenotypic variance,5,16.74613456717985,16.48544490783931,15.49831782963857,18.46257640583459,17.37987501775708,16.74613456717985,After the historical event,Event experienced
0.18000000000000016,0,0,0,Additive genetic variance,5,3.7697244857979078,3.706103292082019,3.5799362414032885,4.141123099583812,4.119840137866362,3.7697244857979078,Before the historical event,Event not experienced
0.18000000000000016,0,0,0,Nuclear-family environmental variance,5,2.1007547430764952,2.192536695527352,1.7166701989107536,2.5151891770152455,2.25,2.1007547430764952,Before the historical event,Event not experienced
0.18000000000000016,0,0,0,Nonshared environmental variance,5,9.2624843723035,9.220395408276582,8.925874205110663,9.592952979867759,9.000000000000002,9.2624843723035,Before the historical event,Event not experienced
0.18000000000000016,0,0,0,Phenotypic variance,5,15.132963601177904,15.206648943319786,14.803286123984893,15.486057676466732,15.369840137866364,15.132963601177904,Before the historical event,Event not experienced
0.18000000000000016,0,1,0,Additive genetic variance,5,3.7697244857979078,3.706103292082019,3.5799362414032885,4.141123099583812,4.119840137866362,3.7697244857979078,Before the historical event,Event experienced
0.18000000000000016,0,1,0,Nuclear-family environmental variance,5,2.1007547430764952,2.192536695527352,1.7166701989107536,2.5151891770152455,2.25,2.1007547430764952,Before the historical event,Event experienced
0.18000000000000016,0,1,0,Nonshared environmental variance,5,9.2624843723035,9.220395408276582,8.925874205110663,9.592952979867759,9.000000000000002,9.2624843723035,Before the historical event,Event experienced
0.18000000000000016,0,1,0,Phenotypic variance,5,15.132963601177904,15.206648943319786,14.803286123984893,15.486057676466732,15.369840137866364,15.132963601177904,Before the historical event,Event experienced
0.18000000000000016,1,0,0,Additive genetic variance,5,3.7697244857979078,3.706103292082019,3.5799362414032885,4.141123099583812,4.119840137866362,3.7697244857979078,After the historical event,Event not experienced
0.18000000000000016,1,0,0,Nuclear-family environmental variance,5,2.1007547430764952,2.192536695527352,1.7166701989107536,2.5151891770152455,2.25,2.1007547430764952,After the historical event,Event not experienced
0.18000000000000016,1,0,0,Nonshared environmental variance,5,9.2624843723035,9.220395408276582,8.925874205110663,9.592952979867759,9.000000000000002,9.2624843723035,After the historical event,Event not experienced
0.18000000000000016,1,0,0,Phenotypic variance,5,15.132963601177904,15.206648943319786,14.803286123984893,15.486057676466732,15.369840137866364,15.132963601177904,After the historical event,Event not experienced
0.18000000000000016,1,1,1,Additive genetic variance,5,5.40905316961201,4.875874812956116,4.260406314864875,7.503253533460047,6.146079268002854,5.40905316961201,After the historical event,Event experienced
0.18000000000000016,1,1,1,Nuclear-family environmental variance,5,2.25612720059325,2.29105211850771,1.9594550722167339,2.4428616461371497,2.25,2.25612720059325,After the historical event,Event experienced
0.18000000000000016,1,1,1,Nonshared environmental variance,5,9.103154880913278,9.33755386032891,8.56650671099341,9.507334874347196,9.000000000000002,9.103154880913278,After the historical event,Event experienced
0.18000000000000016,1,1,1,Phenotypic variance,5,16.768335251118536,16.49806849439826,15.517499999004954,18.498525119402554,17.396079268002858,16.768335251118536,After the historical event,Event experienced
0.20000000000000018,0,0,0,Additive genetic variance,5,3.783966974498115,3.7248267648101048,3.5954353051741883,4.1509896580395775,4.130070021220473,3.783966974498115,Before the historical event,Event not experienced
0.20000000000000018,0,0,0,Nuclear-family environmental variance,5,2.099617746250697,2.187080966821761,1.717280017877823,2.5123258746159585,2.25,2.099617746250697,Before the historical event,Event not experienced
0.20000000000000018,0,0,0,Nonshared environmental variance,5,9.264294283863654,9.219324996157782,8.931241311663275,9.593101940001674,9.000000000000002,9.264294283863654,Before the historical event,Event not experienced
0.20000000000000018,0,0,0,Phenotypic variance,5,15.147879004612467,15.21809883558383,14.821563775164424,15.497092195488648,15.380070021220476,15.147879004612467,Before the historical event,Event not experienced
0.20000000000000018,0,1,0,Additive genetic variance,5,3.783966974498115,3.7248267648101048,3.5954353051741883,4.1509896580395775,4.130070021220473,3.783966974498115,Before the historical event,Event experienced
0.20000000000000018,0,1,0,Nuclear-family environmental variance,5,2.099617746250697,2.187080966821761,1.717280017877823,2.5123258746159585,2.25,2.099617746250697,Before the historical event,Event experienced
0.20000000000000018,0,1,0,Nonshared environmental variance,5,9.264294283863654,9.219324996157782,8.931241311663275,9.593101940001674,9.000000000000002,9.264294283863654,Before the historical event,Event experienced
0.20000000000000018,0,1,0,Phenotypic variance,5,15.147879004612467,15.21809883558383,14.821563775164424,15.497092195488648,15.380070021220476,15.147879004612467,Before the historical event,Event experienced
0.20000000000000018,1,0,0,Additive genetic variance,5,3.783966974498115,3.7248267648101048,3.5954353051741883,4.1509896580395775,4.130070021220473,3.783966974498115,After the historical event,Event not experienced
0.20000000000000018,1,0,0,Nuclear-family environmental variance,5,2.099617746250697,2.187080966821761,1.717280017877823,2.5123258746159585,2.25,2.099617746250697,After the historical event,Event not experienced
0.20000000000000018,1,0,0,Nonshared environmental variance,5,9.264294283863654,9.219324996157782,8.931241311663275,9.593101940001674,9.000000000000002,9.264294283863654,After the historical event,Event not experienced
0.20000000000000018,1,0,0,Phenotypic variance,5,15.147879004612467,15.21809883558383,14.821563775164424,15.497092195488648,15.380070021220476,15.147879004612467,After the historical event,Event not experienced
0.20000000000000018,1,1,1,Additive genetic variance,5,5.4299136588404995,4.886955806108187,4.277616943349675,7.535592945990128,6.161340460644508,5.4299136588404995,After the historical event,Event experienced
0.20000000000000018,1,1,1,Nuclear-family environmental variance,5,2.254968492953843,2.2905336635372646,1.962449800676493,2.4370800228223506,2.25,2.254968492953843,After the historical event,Event experienced
0.20000000000000018,1,1,1,Nonshared environmental variance,5,9.10485601767607,9.335967140834146,8.572129781352062,9.506373347812977,9.000000000000002,9.10485601767607,After the historical event,Event experienced
0.20000000000000018,1,1,1,Phenotypic variance,5,16.789738169470414,16.509928057660307,15.536141918927866,18.53320034963068,17.41134046064451,16.789738169470414,After the historical event,Event experienced
0.2200000000000002,0,0,0,Additive genetic variance,5,3.797673752804489,3.7431200313195854,3.6103427461497026,4.1602324883879405,4.139662907114614,3.797673752804489,Before the historical event,Event not experienced
0.2200000000000002,0,0,0,Nuclear-family environmental variance,5,2.098499610743042,2.1816719361508112,1.7179170846859244,2.5094830588692005,2.25,2.098499610743042,Before the historical event,Event not experienced
0.2200000000000002,0,0,0,Nonshared environmental variance,5,9.266060211309284,9.218220638930706,8.936546296626833,9.593186483031777,9.000000000000002,9.266060211309284,Before the historical event,Event not experienced
0.2200000000000002,0,0,0,Phenotypic variance,5,15.162233574856815,15.228983592698263,14.839393194054097,15.507453490874122,15.389662907114616,15.162233574856815,Before the historical event,Event not experienced
0.2200000000000002,0,1,0,Additive genetic variance,5,3.797673752804489,3.7431200313195854,3.6103427461497026,4.1602324883879405,4.139662907114614,3.797673752804489,Before the historical event,Event experienced
0.2200000000000002,0,1,0,Nuclear-family environmental variance,5,2.098499610743042,2.1816719361508112,1.7179170846859244,2.5094830588692005,2.25,2.098499610743042,Before the historical event,Event experienced
0.2200000000000002,0,1,0,Nonshared environmental variance,5,9.266060211309284,9.218220638930706,8.936546296626833,9.593186483031777,9.000000000000002,9.266060211309284,Before the historical event,Event experienced
0.2200000000000002,0,1,0,Phenotypic variance,5,15.162233574856815,15.228983592698263,14.839393194054097,15.507453490874122,15.389662907114616,15.162233574856815,Before the historical event,Event experienced
0.2200000000000002,1,0,0,Additive genetic variance,5,3.797673752804489,3.7431200313195854,3.6103427461497026,4.1602324883879405,4.139662907114614,3.797673752804489,After the historical event,Event not experienced
0.2200000000000002,1,0,0,Nuclear-family environmental variance,5,2.098499610743042,2.1816719361508112,1.7179170846859244,2.5094830588692005,2.25,2.098499610743042,After the historical event,Event not experienced
0.2200000000000002,1,0,0,Nonshared environmental variance,5,9.266060211309284,9.218220638930706,8.936546296626833,9.593186483031777,9.000000000000002,9.266060211309284,After the historical event,Event not experienced
0.2200000000000002,1,0,0,Phenotypic variance,5,15.162233574856815,15.228983592698263,14.839393194054097,15.507453490874122,15.389662907114616,15.162233574856815,After the historical event,Event not experienced
0.2200000000000002,1,1,1,Additive genetic variance,5,5.44998781441583,4.897298178153063,4.294273857649667,7.5666790262526185,6.175651364743042,5.44998781441583,After the historical event,Event experienced
0.2200000000000002,1,1,1,Nuclear-family environmental variance,5,2.253831321290526,2.2900131502839542,1.9654446626097284,2.4313475388632924,2.25,2.253831321290526,After the historical event,Event experienced
0.2200000000000002,1,1,1,Nonshared environmental variance,5,9.10651439086656,9.33439260267696,8.577693681469508,9.505373161133246,9.000000000000002,9.10651439086656,After the historical event,Event experienced
0.2200000000000002,1,1,1,Phenotypic variance,5,16.810333526572915,16.521018487145135,15.55423629977321,18.56658462296545,17.425651364743047,16.810333526572915,After the historical event,Event experienced
0.2400000000000002,0,0,0,Additive genetic variance,5,3.8108386259923046,3.7609758373595,3.624650644246243,4.168847327303503,4.148614242956412,3.8108386259923046,Before the historical event,Event not experienced
0.2400000000000002,0,0,0,Nuclear-family environmental variance,5,2.097400262232981,2.176309323981462,1.7185814133095862,2.506660662556549,2.25,2.097400262232981,Before the historical event,Event not experienced
0.2400000000000002,0,0,0,Nonshared environmental variance,5,9.267782106092245,9.217082348824148,8.941789045490836,9.59320660281273,9.000000000000002,9.267782106092245,Before the historical event,Event not experienced
0.2400000000000002,0,0,0,Phenotypic variance,5,15.17602099431753,15.23929762918116,14.856766908682122,15.517137036079845,15.398614242956413,15.17602099431753,Before the historical event,Event not experienced
0.2400000000000002,0,1,0,Additive genetic variance,5,3.8108386259923046,3.7609758373595,3.624650644246243,4.168847327303503,4.148614242956412,3.8108386259923046,Before the historical event,Event experienced
0.2400000000000002,0,1,0,Nuclear-family environmental variance,5,2.097400262232981,2.176309323981462,1.7185814133095862,2.506660662556549,2.25,2.097400262232981,Before the historical event,Event experienced
0.2400000000000002,0,1,0,Nonshared environmental variance,5,9.267782106092245,9.217082348824148,8.941789045490836,9.59320660281273,9.000000000000002,9.267782106092245,Before the historical event,Event experienced
0.2400000000000002,0,1,0,Phenotypic variance,5,15.17602099431753,15.23929762918116,14.856766908682122,15.517137036079845,15.398614242956413,15.17602099431753,Before the historical event,Event experienced
0.2400000000000002,1,0,0,Additive genetic variance,5,3.8108386259923046,3.7609758373595,3.624650644246243,4.168847327303503,4.148614242956412,3.8108386259923046,After the historical event,Event not experienced
0.2400000000000002,1,0,0,Nuclear-family environmental variance,5,2.097400262232981,2.176309323981462,1.7185814133095862,2.506660662556549,2.25,2.097400262232981,After the historical event,Event not experienced
0.2400000000000002,1,0,0,Nonshared environmental variance,5,9.267782106092245,9.217082348824148,8.941789045490836,9.59320660281273,9.000000000000002,9.267782106092245,After the historical event,Event not experienced
0.2400000000000002,1,0,0,Phenotypic variance,5,15.17602099431753,15.23929762918116,14.856766908682122,15.517137036079845,15.398614242956413,15.17602099431753,After the historical event,Event not experienced
0.2400000000000002,1,1,1,Additive genetic variance,5,5.469266312425781,4.906897136937764,4.310370066492355,7.5964950939222655,6.189005188628717,5.469266312425781,After the historical event,Event experienced
0.2400000000000002,1,1,1,Nuclear-family environmental variance,5,2.2527156065060026,2.289490580204419,1.968439623665693,2.4256639059280523,2.25,2.2527156065060026,After the historical event,Event experienced
0.2400000000000002,1,1,1,Nonshared environmental variance,5,9.108129954238983,9.332830239784702,8.583198291361274,9.504334325075602,9.000000000000002,9.108129954238983,After the historical event,Event experienced
0.2400000000000002,1,1,1,Phenotypic variance,5,16.830111873170768,16.53133501084659,15.571776065493346,18.598661089172843,17.43900518862872,16.830111873170768,After the historical event,Event experienced
0.26000000000000023,0,0,0,Additive genetic variance,5,3.823455633167153,3.778387077981615,3.6383513775112015,4.176830195710586,4.156919774205063,3.823455633167153,Before the historical event,Event not experienced
0.26000000000000023,0,0,0,Nuclear-family environmental variance,5,2.0963196274150158,2.1709928535815126,1.719273019218102,2.5038586190086694,2.25,2.0963196274150158,Before the historical event,Event not experienced
0.26000000000000023,0,0,0,Nonshared environmental variance,5,9.269459920602529,9.215910138441629,8.946969445042887,9.593162294698196,9.000000000000002,9.269459920602529,Before the historical event,Event not experienced
0.26000000000000023,0,0,0,Phenotypic variance,5,15.189235181184698,15.249035587506674,14.873677604319377,15.526138600230613,15.406919774205065,15.189235181184698,Before the historical event,Event not experienced
0.26000000000000023,0,1,0,Additive genetic variance,5,3.823455633167153,3.778387077981615,3.6383513775112015,4.176830195710586,4.156919774205063,3.823455633167153,Before the historical event,Event experienced
0.26000000000000023,0,1,0,Nuclear-family environmental variance,5,2.0963196274150158,2.1709928535815126,1.719273019218102,2.5038586190086694,2.25,2.0963196274150158,Before the historical event,Event experienced
0.26000000000000023,0,1,0,Nonshared environmental variance,5,9.269459920602529,9.215910138441629,8.946969445042887,9.593162294698196,9.000000000000002,9.269459920602529,Before the historical event,Event experienced
0.26000000000000023,0,1,0,Phenotypic variance,5,15.189235181184698,15.249035587506674,14.873677604319377,15.526138600230613,15.406919774205065,15.189235181184698,Before the historical event,Event experienced
0.26000000000000023,1,0,0,Additive genetic variance,5,3.823455633167153,3.778387077981615,3.6383513775112015,4.176830195710586,4.156919774205063,3.823455633167153,After the historical event,Event not experienced
0.26000000000000023,1,0,0,Nuclear-family environmental variance,5,2.0963196274150158,2.1709928535815126,1.719273019218102,2.5038586190086694,2.25,2.0963196274150158,After the historical event,Event not experienced
0.26000000000000023,1,0,0,Nonshared environmental variance,5,9.269459920602529,9.215910138441629,8.946969445042887,9.593162294698196,9.000000000000002,9.269459920602529,After the historical event,Event not experienced
0.26000000000000023,1,0,0,Phenotypic variance,5,15.189235181184698,15.249035587506674,14.873677604319377,15.526138600230613,15.406919774205065,15.189235181184698,After the historical event,Event not experienced
0.26000000000000023,1,1,1,Additive genetic variance,5,5.487740180598373,4.915748228675835,4.325898796598118,7.625025105284793,6.2013955852724845,5.487740180598373,After the historical event,Event experienced
0.26000000000000023,1,1,1,Nuclear-family environmental variance,5,2.2516212706817997,2.288965954760829,1.9714346497114164,2.4200288385607003,2.25,2.2516212706817997,After the historical event,Event experienced
0.26000000000000023,1,1,1,Nonshared environmental variance,5,9.109702662457051,9.33128004613235,8.588643492269389,9.503256850917756,9.000000000000002,9.109702662457051,After the historical event,Event experienced
0.26000000000000023,1,1,1,Phenotypic variance,5,16.849064113737224,16.540873198935678,15.588754358515521,18.62941353627644,17.451395585272486,16.849064113737224,After the historical event,Event experienced
0.28000000000000025,0,0,0,Additive genetic variance,5,3.8355190518226183,3.789921559677401,3.651437628916078,4.184719926103298,4.164575547741305,3.8355190518226183,Before the historical event,Event not experienced
0.28000000000000025,0,0,0,Nuclear-family environmental variance,5,2.0952576339939086,2.165722250995938,1.7199919193773443,2.5010768621026354,2.25,2.0952576339939086,Before the historical event,Event not experienced
0.28000000000000025,0,0,0,Nonshared environmental variance,5,9.271093608169958,9.21470402076116,8.952087383372756,9.593053555540989,9.000000000000002,9.271093608169958,Before the historical event,Event not experienced
0.28000000000000025,0,0,0,Phenotypic variance,5,15.201870293986486,15.258192342122316,14.890118128097289,15.53445425149313,15.414575547741308,15.201870293986486,Before the historical event,Event not experienced
0.28000000000000025,0,1,0,Additive genetic variance,5,3.8355190518226183,3.789921559677401,3.651437628916078,4.184719926103298,4.164575547741305,3.8355190518226183,Before the historical event,Event experienced
0.28000000000000025,0,1,0,Nuclear-family environmental variance,5,2.0952576339939086,2.165722250995938,1.7199919193773443,2.5010768621026354,2.25,2.0952576339939086,Before the historical event,Event experienced
0.28000000000000025,0,1,0,Nonshared environmental variance,5,9.271093608169958,9.21470402076116,8.952087383372756,9.593053555540989,9.000000000000002,9.271093608169958,Before the historical event,Event experienced
0.28000000000000025,0,1,0,Phenotypic variance,5,15.201870293986486,15.258192342122316,14.890118128097289,15.53445425149313,15.414575547741308,15.201870293986486,Before the historical event,Event experienced
0.28000000000000025,1,0,0,Additive genetic variance,5,3.8355190518226183,3.789921559677401,3.651437628916078,4.184719926103298,4.164575547741305,3.8355190518226183,After the historical event,Event not experienced
0.28000000000000025,1,0,0,Nuclear-family environmental variance,5,2.0952576339939086,2.165722250995938,1.7199919193773443,2.5010768621026354,2.25,2.0952576339939086,After the historical event,Event not experienced
0.28000000000000025,1,0,0,Nonshared environmental variance,5,9.271093608169958,9.21470402076116,8.952087383372756,9.593053555540989,9.000000000000002,9.271093608169958,After the historical event,Event not experienced
0.28000000000000025,1,0,0,Phenotypic variance,5,15.201870293986486,15.258192342122316,14.890118128097289,15.53445425149313,15.414575547741308,15.201870293986486,After the historical event,Event not experienced
0.28000000000000025,1,1,1,Additive genetic variance,5,5.50540080536563,4.923847341391235,4.340853497430222,7.652253667644959,6.212816657313399,5.50540080536563,After the historical event,Event experienced
0.28000000000000025,1,1,1,Nuclear-family environmental variance,5,2.2505482370730947,2.2884392754208767,1.9744297068327177,2.414442054157195,2.25,2.2505482370730947,After the historical event,Event experienced
0.28000000000000025,1,1,1,Nonshared environmental variance,5,9.111232471095564,9.32974201574247,8.594029166666624,9.502140750447314,9.000000000000002,9.111232471095564,After the historical event,Event experienced
0.28000000000000025,1,1,1,Phenotypic variance,5,16.86718151353429,16.549628967207177,15.605164544490332,18.658826404966845,17.462816657313404,16.86718151353429,After the historical event,Event experienced
0.30000000000000027,0,0,0,Additive genetic variance,5,3.8470234022235803,3.800252907136213,3.6639023928949905,4.192045075177248,4.171577915003053,3.8470234022235803,Before the historical event,Event not experienced
0.30000000000000027,0,0,0,Nuclear-family environmental variance,5,2.0942142106799877,2.1604972450234845,1.720738132251717,2.4983153262592723,2.25,2.0942142106799877,Before the historical event,Event not experienced
0.30000000000000027,0,0,0,Nonshared environmental variance,5,9.272683123065878,9.21346400913501,8.957142749876436,9.592880383693181,9.000000000000002,9.272683123065878,Before the historical event,Event not experienced
0.30000000000000027,0,0,0,Phenotypic variance,5,15.213920735969445,15.266763003301307,14.906081493535595,15.542080360221915,15.421577915003056,15.213920735969445,Before the historical event,Event not experienced
0.30000000000000027,0,1,0,Additive genetic variance,5,3.8470234022235803,3.800252907136213,3.6639023928949905,4.192045075177248,4.171577915003053,3.8470234022235803,Before the historical event,Event experienced
0.30000000000000027,0,1,0,Nuclear-family environmental variance,5,2.0942142106799877,2.1604972450234845,1.720738132251717,2.4983153262592723,2.25,2.0942142106799877,Before the historical event,Event experienced
0.30000000000000027,0,1,0,Nonshared environmental variance,5,9.272683123065878,9.21346400913501,8.957142749876436,9.592880383693181,9.000000000000002,9.272683123065878,Before the historical event,Event experienced
0.30000000000000027,0,1,0,Phenotypic variance,5,15.213920735969445,15.266763003301307,14.906081493535595,15.542080360221915,15.421577915003056,15.213920735969445,Before the historical event,Event experienced
0.30000000000000027,1,0,0,Additive genetic variance,5,3.8470234022235803,3.800252907136213,3.6639023928949905,4.192045075177248,4.171577915003053,3.8470234022235803,After the historical event,Event not experienced
0.30000000000000027,1,0,0,Nuclear-family environmental variance,5,2.0942142106799877,2.1604972450234845,1.720738132251717,2.4983153262592723,2.25,2.0942142106799877,After the historical event,Event not experienced
0.30000000000000027,1,0,0,Nonshared environmental variance,5,9.272683123065878,9.21346400913501,8.957142749876436,9.592880383693181,9.000000000000002,9.272683123065878,After the historical event,Event not experienced
0.30000000000000027,1,0,0,Phenotypic variance,5,15.213920735969445,15.266763003301307,14.906081493535595,15.542080360221915,15.421577915003056,15.213920735969445,After the historical event,Event not experienced
0.30000000000000027,1,1,1,Additive genetic variance,5,5.522239938658362,4.931190708101965,4.355227845800187,7.678166053187754,6.22326296173643,5.522239938658362,After the historical event,Event experienced
0.30000000000000027,1,1,1,Nuclear-family environmental variance,5,2.2494964301036515,2.2879105436577722,1.9774247613352414,2.4089032729415547,2.25,2.2494964301036515,After the historical event,Event experienced
0.30000000000000027,1,1,1,Nonshared environmental variance,5,9.112719336642018,9.328216142685175,8.599355198260742,9.500986035961574,9.000000000000002,9.112719336642018,After the historical event,Event experienced
0.30000000000000027,1,1,1,Phenotypic variance,5,16.88445570540403,16.557598580266117,15.6210002168956,18.686884802464224,17.47326296173643,16.88445570540403,After the historical event,Event experienced
0.3200000000000003,0,0,0,Additive genetic variance,5,3.8579634516103667,3.8100294108510515,3.6757389816203507,4.1987370421467745,4.177923534883223,3.8579634516103667,Before the historical event,Event not experienced
0.3200000000000003,0,0,0,Nuclear-family environmental variance,5,2.0931892871845346,2.1553175671935354,1.7215116778062365,2.49557394644052,2.25,2.0931892871845346,Before the historical event,Event not experienced
0.3200000000000003,0,0,0,Nonshared environmental variance,5,9.274228420504777,9.217136370366392,8.961640809952385,9.5926427790061215,9.000000000000002,9.274228420504777,Before the historical event,Event not experienced
0.3200000000000003,0,0,0,Phenotypic variance,5,15.225381159299678,15.274742920825908,14.921560884975655,15.549013601873714,15.427923534883224,15.225381159299678,Before the historical event,Event not experienced
0.3200000000000003,0,1,0,Additive genetic variance,5,3.8579634516103667,3.8100294108510515,3.6757389816203507,4.1987370421467745,4.177923534883223,3.8579634516103667,Before the historical event,Event experienced
0.3200000000000003,0,1,0,Nuclear-family environmental variance,5,2.0931892871845346,2.1553175671935354,1.7215116778062365,2.49557394644052,2.25,2.0931892871845346,Before the historical event,Event experienced
0.3200000000000003,0,1,0,Nonshared environmental variance,5,9.274228420504777,9.217136370366392,8.961640809952385,9.5926427790061215,9.000000000000002,9.274228420504777,Before the historical event,Event experienced
0.3200000000000003,0,1,0,Phenotypic variance,5,15.225381159299678,15.274742920825908,14.921560884975655,15.549013601873714,15.427923534883224,15.225381159299678,Before the historical event,Event experienced
0.3200000000000003,1,0,0,Additive genetic variance,5,3.8579634516103667,3.8100294108510515,3.6757389816203507,4.1987370421467745,4.177923534883223,3.8579634516103667,After the historical event,Event not experienced
0.3200000000000003,1,0,0,Nuclear-family environmental variance,5,2.0931892871845346,2.1553175671935354,1.7215116778062365,2.49557394644052,2.25,2.0931892871845346,After the historical event,Event not experienced
0.3200000000000003,1,0,0,Nonshared environmental variance,5,9.274228420504777,9.217136370366392,8.961640809952385,9.5926427790061215,9.000000000000002,9.274228420504777,After the historical event,Event not experienced
0.3200000000000003,1,0,0,Phenotypic variance,5,15.225381159299678,15.274742920825908,14.921560884975655,15.549013601873714,15.427923534883224,15.225381159299678,After the historical event,Event not experienced
0.3200000000000003,1,1,1,Additive genetic variance,5,5.538249704424334,4.9377749097399795,4.3690157503239835,7.702748212275328,6.232729514195512,5.538249704424334,After the historical event,Event experienced
0.3200000000000003,1,1,1,Nuclear-family environmental variance,5,2.2484657753608563,2.2873797609502327,1.9804197797455088,2.403412217942295,2.25,2.2484657753608563,After the historical event,Event experienced
0.3200000000000003,1,1,1,Nonshared environmental variance,5,9.11416321649815,9.326702421078092,8.60462147199866,9.499792720267296,9.000000000000002,9.11416321649815,After the historical event,Event experienced
0.3200000000000003,1,1,1,Phenotypic variance,5,16.90087869628334,16.56477865445066,15.63625520149109,18.713574515816585,17.482729514195512,16.90087869628334,After the historical event,Event experienced
0.33999999999999986,0,0,0,Additive genetic variance,5,3.8683342182191844,3.819246648062111,3.6869410310078288,4.204792809495396,4.183609376386509,3.8683342182191844,Before the historical event,Event not experienced
0.33999999999999986,0,0,0,Nuclear-family environmental variance,5,2.0921827942152644,2.150182951743238,1.722312577508756,2.492852658146825,2.25,2.0921827942152644,Before the historical event,Event not experienced
0.33999999999999986,0,0,0,Nonshared environmental variance,5,9.275729456645907,9.222778385079922,8.965875728968435,9.592340742830423,9.000000000000002,9.275729456645907,Before the historical event,Event not experienced
0.33999999999999986,0,0,0,Phenotypic variance,5,15.236246469080356,15.282127687497937,14.936549661915231,15.55525095968722,15.43360937638651,15.236246469080356,Before the historical event,Event not experienced
0.33999999999999986,0,1,0,Additive genetic variance,5,3.8683342182191844,3.819246648062111,3.6869410310078288,4.204792809495396,4.183609376386509,3.8683342182191844,Before the historical event,Event experienced
0.33999999999999986,0,1,0,Nuclear-family environmental variance,5,2.0921827942152644,2.150182951743238,1.722312577508756,2.492852658146825,2.25,2.0921827942152644,Before the historical event,Event experienced
0.33999999999999986,0,1,0,Nonshared environmental variance,5,9.275729456645907,9.222778385079922,8.965875728968435,9.592340742830423,9.000000000000002,9.275729456645907,Before the historical event,Event experienced
0.33999999999999986,0,1,0,Phenotypic variance,5,15.236246469080356,15.282127687497937,14.936549661915231,15.55525095968722,15.43360937638651,15.236246469080356,Before the historical event,Event experienced
0.33999999999999986,1,0,0,Additive genetic variance,5,3.8683342182191844,3.819246648062111,3.6869410310078288,4.204792809495396,4.183609376386509,3.8683342182191844,After the historical event,Event not experienced
0.33999999999999986,1,0,0,Nuclear-family environmental variance,5,2.0921827942152644,2.150182951743238,1.722312577508756,2.492852658146825,2.25,2.0921827942152644,After the historical event,Event not experienced
0.33999999999999986,1,0,0,Nonshared environmental variance,5,9.275729456645907,9.222778385079922,8.965875728968435,9.592340742830423,9.000000000000002,9.275729456645907,After the historical event,Event not experienced
0.33999999999999986,1,0,0,Phenotypic variance,5,15.236246469080356,15.282127687497937,14.936549661915231,15.55525095968722,15.43360937638651,15.236246469080356,After the historical event,Event not experienced
0.33999999999999986,1,1,1,Additive genetic variance,5,5.553422604862511,4.943596877804226,4.3822113557246585,7.725986786162742,6.241211792976988,5.553422604862511,After the historical event,Event experienced
0.33999999999999986,1,1,1,Nuclear-family environmental variance,5,2.247456199590863,2.28684692878248,1.983414728811997,2.3979686149691357,2.25,2.247456199590863,After the historical event,Event experienced
0.33999999999999986,1,1,1,Nonshared environmental variance,5,9.115564068981492,9.325200845086327,8.609827874070605,9.498560816680454,9.000000000000002,9.115564068981492,After the historical event,Event experienced
0.33999999999999986,1,1,1,Phenotypic variance,5,16.916442873434868,16.571166160488268,15.650923560619688,18.73888202461682,17.49121179297699,16.916442873434868,After the historical event,Event experienced
0.3599999999999999,0,0,0,Additive genetic variance,5,3.8781309751144355,3.8279004419841853,3.6975025064430076,4.2102096496618735,4.188632721042165,3.8781309751144355,Before the historical event,Event not experienced
0.3599999999999999,0,0,0,Nuclear-family environmental variance,5,2.09119466347189,2.1450931355948923,1.723140854332318,2.4901513974145506,2.25,2.09119466347189,Before the historical event,Event not experienced
0.3599999999999999,0,0,0,Nonshared environmental variance,5,9.277186188594875,9.228356200916599,8.97005078694615,9.591974278015881,9.000000000000002,9.277186188594875,Before the historical event,Event not experienced
0.3599999999999999,0,0,0,Phenotypic variance,5,15.2465118271812,15.288913142472719,14.951041363240584,15.560789727124988,15.438632721042167,15.2465118271812,Before the historical event,Event not experienced
0.3599999999999999,0,1,0,Additive genetic variance,5,3.8781309751144355,3.8279004419841853,3.6975025064430076,4.2102096496618735,4.188632721042165,3.8781309751144355,Before the historical event,Event experienced
0.3599999999999999,0,1,0,Nuclear-family environmental variance,5,2.09119466347189,2.1450931355948923,1.723140854332318,2.4901513974145506,2.25,2.09119466347189,Before the historical event,Event experienced
0.3599999999999999,0,1,0,Nonshared environmental variance,5,9.277186188594875,9.228356200916599,8.97005078694615,9.591974278015881,9.000000000000002,9.277186188594875,Before the historical event,Event experienced
0.3599999999999999,0,1,0,Phenotypic variance,5,15.2465118271812,15.288913142472719,14.951041363240584,15.560789727124988,15.438632721042167,15.2465118271812,Before the historical event,Event experienced
0.3599999999999999,1,0,0,Additive genetic variance,5,3.8781309751144355,3.8279004419841853,3.6975025064430076,4.2102096496618735,4.188632721042165,3.8781309751144355,After the historical event,Event not experienced
0.3599999999999999,1,0,0,Nuclear-family environmental variance,5,2.09119466347189,2.1450931355948923,1.723140854332318,2.4901513974145506,2.25,2.09119466347189,After the historical event,Event not experienced
0.3599999999999999,1,0,0,Nonshared environmental variance,5,9.277186188594875,9.228356200916599,8.97005078694615,9.591974278015881,9.000000000000002,9.277186188594875,After the historical event,Event not experienced
0.3599999999999999,1,0,0,Phenotypic variance,5,15.2465118271812,15.288913142472719,14.951041363240584,15.560789727124988,15.438632721042167,15.2465118271812,After the historical event,Event not experienced
0.3599999999999999,1,1,1,Additive genetic variance,5,5.567751526366354,4.948653896743904,4.394809046977142,7.747869119116468,6.248705742599059,5.567751526366354,After the historical event,Event experienced
0.3599999999999999,1,1,1,Nuclear-family environmental variance,5,2.2464676306938354,2.2863120486442297,1.9864095755062334,2.3925721925899706,2.25,2.2464676306938354,After the historical event,Event experienced
0.3599999999999999,1,1,1,Nonshared environmental variance,5,9.116921853326865,9.323711408922412,8.614974291914212,9.497290339026023,9.000000000000002,9.116921853326865,After the historical event,Event experienced
0.3599999999999999,1,1,1,Phenotypic variance,5,16.931141010387055,16.57675842588222,15.664999597350775,18.762794513122525,17.49870574259906,16.931141010387055,After the historical event,Event experienced
0.3799999999999999,0,0,0,Additive genetic variance,5,3.8873492538287358,3.835986864960804,3.7074177082225184,4.214985127094835,4.192991165070102,3.8873492538287358,Before the historical event,Event not experienced
0.3799999999999999,0,0,0,Nuclear-family environmental variance,5,2.0902248276417783,2.1400478583335967,1.7239965327576487,2.4874701008134146,2.25,2.0902248276417783,Before the historical event,Event not experienced
0.3799999999999999,0,0,0,Nonshared environmental variance,5,9.278598574405162,9.233869697244437,8.974165892093568,9.591543388911342,9.000000000000002,9.278598574405162,Before the historical event,Event not experienced
0.3799999999999999,0,0,0,Phenotypic variance,5,15.256172655875675,15.29509537441293,14.96502971135186,15.565627510074862,15.442991165070104,15.256172655875675,Before the historical event,Event not experienced
0.3799999999999999,0,1,0,Additive genetic variance,5,3.8873492538287358,3.835986864960804,3.7074177082225184,4.214985127094835,4.192991165070102,3.8873492538287358,Before the historical event,Event experienced
0.3799999999999999,0,1,0,Nuclear-family environmental variance,5,2.0902248276417783,2.1400478583335967,1.7239965327576487,2.4874701008134146,2.25,2.0902248276417783,Before the historical event,Event experienced
0.3799999999999999,0,1,0,Nonshared environmental variance,5,9.278598574405162,9.233869697244437,8.974165892093568,9.591543388911342,9.000000000000002,9.278598574405162,Before the historical event,Event experienced
0.3799999999999999,0,1,0,Phenotypic variance,5,15.256172655875675,15.29509537441293,14.96502971135186,15.565627510074862,15.442991165070104,15.256172655875675,Before the historical event,Event experienced
0.3799999999999999,1,0,0,Additive genetic variance,5,3.8873492538287358,3.835986864960804,3.7074177082225184,4.214985127094835,4.192991165070102,3.8873492538287358,After the historical event,Event not experienced
0.3799999999999999,1,0,0,Nuclear-family environmental variance,5,2.0902248276417783,2.1400478583335967,1.7239965327576487,2.4874701008134146,2.25,2.0902248276417783,After the historical event,Event not experienced
0.3799999999999999,1,0,0,Nonshared environmental variance,5,9.278598574405162,9.233869697244437,8.974165892093568,9.591543388911342,9.000000000000002,9.278598574405162,After the historical event,Event not experienced
0.3799999999999999,1,0,0,Phenotypic variance,5,15.256172655875675,15.29509537441293,14.96502971135186,15.565627510074862,15.442991165070104,15.256172655875675,After the historical event,Event not experienced
0.3799999999999999,1,1,1,Additive genetic variance,5,5.58122974516949,4.95294360606939,4.40680345329112,7.768383269920228,6.255207777043224,5.58122974516949,After the historical event,Event experienced
0.3799999999999999,1,1,1,Nuclear-family environmental variance,5,2.245499997719296,2.285775122030688,1.9894042870239166,2.387222682108102,2.25,2.245499997719296,After the historical event,Event experienced
0.3799999999999999,1,1,1,Nonshared environmental variance,5,9.118236529687849,9.322234106846286,8.620060614218582,9.495981301637661,9.000000000000002,9.118236529687849,After the historical event,Event experienced
0.3799999999999999,1,1,1,Phenotypic variance,5,16.944966272576636,16.58155313702595,15.678477859461713,18.78529988176311,17.505207777043225,16.944966272576636,After the historical event,Event experienced
0.3999999999999999,0,0,0,Additive genetic variance,5,3.8959848478066528,3.8435022414349795,3.7166812767027357,4.219117100084465,4.196682621297882,3.8959848478066528,Before the historical event,Event not experienced
0.3999999999999999,0,0,0,Nuclear-family environmental variance,5,2.089273220395687,2.1350468621851464,1.7248796387757863,2.484808705443948,2.25,2.089273220395687,Before the historical event,Event not experienced
0.3999999999999999,0,0,0,Nonshared environmental variance,5,9.27996657307966,9.239318754773919,8.978220953847437,9.591048081364518,9.000000000000002,9.27996657307966,Before the historical event,Event not experienced
0.3999999999999999,0,0,0,Phenotypic variance,5,15.265224641282,15.300670724459092,14.97850861617789,15.569762228808331,15.446682621297883,15.265224641282,Before the historical event,Event not experienced
0.3999999999999999,0,1,0,Additive genetic variance,5,3.8959848478066528,3.8435022414349795,3.7166812767027357,4.219117100084465,4.196682621297882,3.8959848478066528,Before the historical event,Event experienced
0.3999999999999999,0,1,0,Nuclear-family environmental variance,5,2.089273220395687,2.1350468621851464,1.7248796387757863,2.484808705443948,2.25,2.089273220395687,Before the historical event,Event experienced
0.3999999999999999,0,1,0,Nonshared environmental variance,5,9.27996657307966,9.239318754773919,8.978220953847437,9.591048081364518,9.000000000000002,9.27996657307966,Before the historical event,Event experienced
0.3999999999999999,0,1,0,Phenotypic variance,5,15.265224641282,15.300670724459092,14.97850861617789,15.569762228808331,15.446682621297883,15.265224641282,Before the historical event,Event experienced
0.3999999999999999,1,0,0,Additive genetic variance,5,3.8959848478066528,3.8435022414349795,3.7166812767027357,4.219117100084465,4.196682621297882,3.8959848478066528,After the historical event,Event not experienced
0.3999999999999999,1,0,0,Nuclear-family environmental variance,5,2.089273220395687,2.1350468621851464,1.7248796387757863,2.484808705443948,2.25,2.089273220395687,After the historical event,Event not experienced
0.3999999999999999,1,0,0,Nonshared environmental variance,5,9.27996657307966,9.239318754773919,8.978220953847437,9.591048081364518,9.000000000000002,9.27996657307966,After the historical event,Event not experienced
0.3999999999999999,1,0,0,Phenotypic variance,5,15.265224641282,15.300670724459092,14.97850861617789,15.569762228808331,15.446682621297883,15.265224641282,After the historical event,Event not experienced
0.3999999999999999,1,1,1,Additive genetic variance,5,5.593850932687334,4.956464002188493,4.418189451928021,7.787518022753418,6.260714782614087,5.593850932687334,After the historical event,Event experienced
0.3999999999999999,1,1,1,Nuclear-family environmental variance,5,2.2445532308615754,2.2852361504425396,1.9923988307860534,2.3819198175397305,2.25,2.2445532308615754,After the historical event,Event experienced
0.3999999999999999,1,1,1,Nonshared environmental variance,5,9.119508059138225,9.320768933165256,8.625086730928277,9.494633719357493,9.000000000000002,9.119508059138225,After the historical event,Event experienced
0.3999999999999999,1,1,1,Phenotypic variance,5,16.957912222687135,16.585548341042813,15.69135314325346,18.806386758019475,17.510714782614087,16.957912222687135,After the historical event,Event experienced
0.41999999999999993,0,0,0,Additive genetic variance,5,3.9040338156483942,3.8504431507334065,3.7252881971495264,4.222603722369327,4.1997053208264665,3.9040338156483942,Before the historical event,Event not experienced
0.41999999999999993,0,0,0,Nuclear-family environmental variance,5,2.088339776383592,2.130089891994188,1.7257901998908431,2.4821671489349773,2.25,2.088339776383592,Before the historical event,Event not experienced
0.41999999999999993,0,0,0,Nonshared environmental variance,5,9.28129014457215,9.244703255562294,8.982215882876522,9.590488362721734,9.000000000000002,9.28129014457215,Before the historical event,Event not experienced
0.41999999999999993,0,0,0,Phenotypic variance,5,15.273663736604137,15.305635789013472,14.991472179076563,15.573192119693616,15.449705320826467,15.273663736604137,Before the historical event,Event not experienced
0.41999999999999993,0,1,0,Additive genetic variance,5,3.9040338156483942,3.8504431507334065,3.7252881971495264,4.222603722369327,4.1997053208264665,3.9040338156483942,Before the historical event,Event experienced
0.41999999999999993,0,1,0,Nuclear-family environmental variance,5,2.088339776383592,2.130089891994188,1.7257901998908431,2.4821671489349773,2.25,2.088339776383592,Before the historical event,Event experienced
0.41999999999999993,0,1,0,Nonshared environmental variance,5,9.28129014457215,9.244703255562294,8.982215882876522,9.590488362721734,9.000000000000002,9.28129014457215,Before the historical event,Event experienced
0.41999999999999993,0,1,0,Phenotypic variance,5,15.273663736604137,15.305635789013472,14.991472179076563,15.573192119693616,15.449705320826467,15.273663736604137,Before the historical event,Event experienced
0.41999999999999993,1,0,0,Additive genetic variance,5,3.9040338156483942,3.8504431507334065,3.7252881971495264,4.222603722369327,4.1997053208264665,3.9040338156483942,After the historical event,Event not experienced
0.41999999999999993,1,0,0,Nuclear-family environmental variance,5,2.088339776383592,2.130089891994188,1.7257901998908431,2.4821671489349773,2.25,2.088339776383592,After the historical event,Event not experienced
0.41999999999999993,1,0,0,Nonshared environmental variance,5,9.28129014457215,9.244703255562294,8.982215882876522,9.590488362721734,9.000000000000002,9.28129014457215,After the historical event,Event not experienced
0.41999999999999993,1,0,0,Phenotypic variance,5,15.273663736604137,15.305635789013472,14.991472179076563,15.573192119693616,15.449705320826467,15.273663736604137,After the historical event,Event not experienced
0.41999999999999993,1,1,1,Additive genetic variance,5,5.605609160548699,4.959213439966074,4.428962171848312,7.805262897428376,6.265224120424377,5.605609160548699,After the historical event,Event experienced
0.41999999999999993,1,1,1,Nuclear-family environmental variance,5,2.243627261455364,2.2846951353859466,1.9953931744401199,2.376663335591703,2.25,2.243627261455364,After the historical event,Event experienced
0.41999999999999993,1,1,1,Nonshared environmental variance,5,9.120736403673387,9.319315882233946,8.630052533247307,9.493247607535782,9.000000000000002,9.120736403673387,After the historical event,Event experienced
0.41999999999999993,1,1,1,Phenotypic variance,5,16.969972825677452,16.588742447349407,15.703620497196509,18.826044506662548,17.515224120424378,16.969972825677452,After the historical event,Event experienced
0.43999999999999995,0,0,0,Additive genetic variance,5,3.911492484149889,3.856806429661157,3.7332338042828614,4.225443444516626,4.202057814442863,3.911492484149889,Before the historical event,Event not experienced
0.43999999999999995,0,0,0,Nuclear-family environmental variance,5,2.0874244312305996,2.125176695202625,1.726728245122911,2.479545369441128,2.25,2.0874244312305996,Before the historical event,Event not experienced
0.43999999999999995,0,0,0,Nonshared environmental variance,5,9.282569249788729,9.250023083017831,8.98615059108483,9.589864241827614,9.000000000000002,9.282569249788729,Before the historical event,Event not experienced
0.43999999999999995,0,0,0,Phenotypic variance,5,15.281486165169218,15.309987422334457,15.003914696617013,15.575915736661532,15.452057814442865,15.281486165169218,Before the historical event,Event not experienced
0.43999999999999995,0,1,0,Additive genetic variance,5,3.911492484149889,3.856806429661157,3.7332338042828614,4.225443444516626,4.202057814442863,3.911492484149889,Before the historical event,Event experienced
0.43999999999999995,0,1,0,Nuclear-family environmental variance,5,2.0874244312305996,2.125176695202625,1.726728245122911,2.479545369441128,2.25,2.0874244312305996,Before the historical event,Event experienced
0.43999999999999995,0,1,0,Nonshared environmental variance,5,9.282569249788729,9.250023083017831,8.98615059108483,9.589864241827614,9.000000000000002,9.282569249788729,Before the historical event,Event experienced
0.43999999999999995,0,1,0,Phenotypic variance,5,15.281486165169218,15.309987422334457,15.003914696617013,15.575915736661532,15.452057814442865,15.281486165169218,Before the historical event,Event experienced
0.43999999999999995,1,0,0,Additive genetic variance,5,3.911492484149889,3.856806429661157,3.7332338042828614,4.225443444516626,4.202057814442863,3.911492484149889,After the historical event,Event not experienced
0.43999999999999995,1,0,0,Nuclear-family environmental variance,5,2.0874244312305996,2.125176695202625,1.726728245122911,2.479545369441128,2.25,2.0874244312305996,After the historical event,Event not experienced
0.43999999999999995,1,0,0,Nonshared environmental variance,5,9.282569249788729,9.250023083017831,8.98615059108483,9.589864241827614,9.000000000000002,9.282569249788729,After the historical event,Event not experienced
0.43999999999999995,1,0,0,Phenotypic variance,5,15.281486165169218,15.309987422334457,15.003914696617013,15.575915736661532,15.452057814442865,15.281486165169218,After the historical event,Event not experienced
0.43999999999999995,1,1,1,Additive genetic variance,5,5.616498905311633,4.961190634005301,4.439116997185481,7.82160815897326,6.268733628502362,5.616498905311633,After the historical event,Event experienced
0.43999999999999995,1,1,1,Nuclear-family environmental variance,5,2.2427220219713635,2.284152078372538,1.9983872858612441,2.3714529756395186,2.25,2.2427220219713635,After the historical event,Event experienced
0.43999999999999995,1,1,1,Nonshared environmental variance,5,9.121921526211711,9.317874948454273,8.63495791364305,9.491822982030637,9.000000000000002,9.121921526211711,After the historical event,Event experienced
0.43999999999999995,1,1,1,Phenotypic variance,5,16.98114245349471,16.59113422894061,15.715275225403555,18.844263239337362,17.518733628502364,16.98114245349471,After the historical event,Event experienced
0.45999999999999996,0,0,0,Additive genetic variance,5,3.918357451135935,3.862589174904125,3.74051378651053,4.227635015074454,4.203738973778092,3.918357451135935,Before the historical event,Event not experienced
0.45999999999999996,0,0,0,Nuclear-family environmental variance,5,2.0865271215329426,2.1203070218282605,1.7276938050110977,2.4769433056403534,2.25,2.0865271215329426,Before the historical event,Event not experienced
0.45999999999999996,0,0,0,Nonshared environmental variance,5,9.283803850589253,9.255278121904041,8.990024991614838,9.589175729024737,9.000000000000002,9.283803850589253,Before the historical event,Event not experienced
0.45999999999999996,0,0,0,Phenotypic variance,5,15.288688423258131,15.313722738938745,15.015830664240031,15.577931952422425,15.453738973778094,15.288688423258131,Before the historical event,Event not experienced
0.45999999999999996,0,1,0,Additive genetic variance,5,3.918357451135935,3.862589174904125,3.74051378651053,4.227635015074454,4.203738973778092,3.918357451135935,Before the historical event,Event experienced
0.45999999999999996,0,1,0,Nuclear-family environmental variance,5,2.0865271215329426,2.1203070218282605,1.7276938050110977,2.4769433056403534,2.25,2.0865271215329426,Before the historical event,Event experienced
0.45999999999999996,0,1,0,Nonshared environmental variance,5,9.283803850589253,9.255278121904041,8.990024991614838,9.589175729024737,9.000000000000002,9.283803850589253,Before the historical event,Event experienced
0.45999999999999996,0,1,0,Phenotypic variance,5,15.288688423258131,15.313722738938745,15.015830664240031,15.577931952422425,15.453738973778094,15.288688423258131,Before the historical event,Event experienced
0.45999999999999996,1,0,0,Additive genetic variance,5,3.918357451135935,3.862589174904125,3.74051378651053,4.227635015074454,4.203738973778092,3.918357451135935,After the historical event,Event not experienced
0.45999999999999996,1,0,0,Nuclear-family environmental variance,5,2.0865271215329426,2.1203070218282605,1.7276938050110977,2.4769433056403534,2.25,2.0865271215329426,After the historical event,Event not experienced
0.45999999999999996,1,0,0,Nonshared environmental variance,5,9.283803850589253,9.255278121904041,8.990024991614838,9.589175729024737,9.000000000000002,9.283803850589253,After the historical event,Event not experienced
0.45999999999999996,1,0,0,Phenotypic variance,5,15.288688423258131,15.313722738938745,15.015830664240031,15.577931952422425,15.453738973778094,15.288688423258131,After the historical event,Event not experienced
0.45999999999999996,1,1,1,Additive genetic variance,5,5.626515052858185,4.962394659649163,4.448649570543222,7.836544826548307,6.271241623519326,5.626515052858185,After the historical event,Event experienced
0.45999999999999996,1,1,1,Nuclear-family environmental variance,5,2.2418374460120383,2.283606980919402,2.001381133153408,2.3662884797055748,2.25,2.2418374460120383,After the historical event,Event experienced
0.45999999999999996,1,1,1,Nonshared environmental variance,5,9.123063390595908,9.316446126275407,8.639802765850133,9.49035985920772,9.000000000000002,9.123063390595908,After the historical event,Event experienced
0.45999999999999996,1,1,1,Phenotypic variance,5,16.991415889466133,16.59272282339508,15.726312890925374,18.86103382348054,17.52124162351933,16.991415889466133,After the historical event,Event experienced
0.48,0,0,0,Additive genetic variance,5,3.9246255880833045,3.8677887452366684,3.747124189845527,4.229177481494827,4.2047479922091675,3.9246255880833045,Before the historical event,Event not experienced
0.48,0,0,0,Nuclear-family environmental variance,5,2.085647784854062,2.1154806244436988,1.7286869116167058,2.474360896731484,2.25,2.085647784854062,Before the historical event,Event not experienced
0.48,0,0,0,Nonshared environmental variance,5,9.284993909788714,9.260468258343803,8.993838998850674,9.588422836153232,9.000000000000002,9.284993909788714,Before the historical event,Event not experienced
0.48,0,0,0,Phenotypic variance,5,15.29526728272608,15.316839115808657,15.027214779793166,15.579239959432766,15.45474799220917,15.29526728272608,Before the historical event,Event not experienced
0.48,0,1,0,Additive genetic variance,5,3.9246255880833045,3.8677887452366684,3.747124189845527,4.229177481494827,4.2047479922091675,3.9246255880833045,Before the historical event,Event experienced
0.48,0,1,0,Nuclear-family environmental variance,5,2.085647784854062,2.1154806244436988,1.7286869116167058,2.474360896731484,2.25,2.085647784854062,Before the historical event,Event experienced
0.48,0,1,0,Nonshared environmental variance,5,9.284993909788714,9.260468258343803,8.993838998850674,9.588422836153232,9.000000000000002,9.284993909788714,Before the historical event,Event experienced
0.48,0,1,0,Phenotypic variance,5,15.29526728272608,15.316839115808657,15.027214779793166,15.579239959432766,15.45474799220917,15.29526728272608,Before the historical event,Event experienced
0.48,1,0,0,Additive genetic variance,5,3.9246255880833045,3.8677887452366684,3.747124189845527,4.229177481494827,4.2047479922091675,3.9246255880833045,After the historical event,Event not experienced
0.48,1,0,0,Nuclear-family environmental variance,5,2.085647784854062,2.1154806244436988,1.7286869116167058,2.474360896731484,2.25,2.085647784854062,After the historical event,Event not experienced
0.48,1,0,0,Nonshared environmental variance,5,9.284993909788714,9.260468258343803,8.993838998850674,9.588422836153232,9.000000000000002,9.284993909788714,After the historical event,Event not experienced
0.48,1,0,0,Phenotypic variance,5,15.29526728272608,15.316839115808657,15.027214779793166,15.579239959432766,15.45474799220917,15.29526728272608,After the historical event,Event not experienced
0.48,1,1,1,Additive genetic variance,5,5.635652902463127,4.962824953701144,4.4575557961125325,7.85006468168405,6.2727469021351805,5.635652902463127,After the historical event,Event experienced
0.48,1,1,1,Nuclear-family environmental variance,5,2.2409734683074705,2.2830598445490824,2.004374684650672,2.3611695924376748,2.25,2.2409734683074705,After the historical event,Event experienced
0.48,1,1,1,Nonshared environmental variance,5,9.124161961594334,9.315029410193734,8.644586984874262,9.488858255939908,9.000000000000002,9.124161961594334,After the historical event,Event experienced
0.48,1,1,1,Phenotypic variance,5,17.00078833236493,16.593507733600013,15.73672931886666,18.876347890559682,17.522746902135182,17.00078833236493,After the historical event,Event experienced
0.5,0,0,0,Additive genetic variance,5,3.9302940425309285,3.8724027635320812,3.7530614215021454,4.230070190826549,4.2050843855040965,3.9302940425309285,Before the historical event,Event not experienced
0.5,0,0,0,Nuclear-family environmental variance,5,2.0847863597207725,2.1106972581554784,1.7297075985265458,2.4717980824318,2.25,2.0847863597207725,Before the historical event,Event not experienced
0.5,0,0,0,Nonshared environmental variance,5,9.286139391158569,9.265593379823514,8.9975925284211975,9.587605576550256,9.000000000000002,9.286139391158569,Before the historical event,Event not experienced
0.5,0,0,0,Phenotypic variance,5,15.30121979341027,15.319334194402263,15.038061946937118,15.57983927061025,15.455084385504097,15.30121979341027,Before the historical event,Event not experienced
0.5,0,1,0,Additive genetic variance,5,3.9302940425309285,3.8724027635320812,3.7530614215021454,4.230070190826549,4.2050843855040965,3.9302940425309285,Before the historical event,Event experienced
0.5,0,1,0,Nuclear-family environmental variance,5,2.0847863597207725,2.1106972581554784,1.7297075985265458,2.4717980824318,2.25,2.0847863597207725,Before the historical event,Event experienced
0.5,0,1,0,Nonshared environmental variance,5,9.286139391158569,9.265593379823514,8.9975925284211975,9.587605576550256,9.000000000000002,9.286139391158569,Before the historical event,Event experienced
0.5,0,1,0,Phenotypic variance,5,15.30121979341027,15.319334194402263,15.038061946937118,15.57983927061025,15.455084385504097,15.30121979341027,Before the historical event,Event experienced
0.5,1,0,0,Additive genetic variance,5,3.9302940425309285,3.8724027635320812,3.7530614215021454,4.230070190826549,4.2050843855040965,3.9302940425309285,After the historical event,Event not experienced
0.5,1,0,0,Nuclear-family environmental variance,5,2.0847863597207725,2.1106972581554784,1.7297075985265458,2.4717980824318,2.25,2.0847863597207725,After the historical event,Event not experienced
0.5,1,0,0,Nonshared environmental variance,5,9.286139391158569,9.265593379823514,8.9975925284211975,9.587605576550256,9.000000000000002,9.286139391158569,After the historical event,Event not experienced
0.5,1,0,0,Phenotypic variance,5,15.30121979341027,15.319334194402263,15.038061946937118,15.57983927061025,15.455084385504097,15.30121979341027,After the historical event,Event not experienced
0.5,1,1,1,Additive genetic variance,5,5.643908170531983,4.962481314864272,4.465831842605594,7.862160275830823,6.273248741960675,5.643908170531983,After the historical event,Event experienced
0.5,1,1,1,Nuclear-family environmental variance,5,2.2401300247113096,2.2825106707895673,2.0073679089184213,2.3560960610877726,2.25,2.2401300247113096,After the historical event,Event experienced
0.5,1,1,1,Nonshared environmental variance,5,9.125217204902274,9.313624794752835,8.649310466996019,9.487318189606935,9.000000000000002,9.125217204902274,After the historical event,Event experienced
0.5,1,1,1,Phenotypic variance,5,17.009255400145566,16.593488828194406,15.74652059931865,18.890197843624048,17.52324874196068,17.009255400145566,After the historical event,Event experienced
0.52,0,0,0,Additive genetic variance,5,3.9353602402745302,3.8764291185737756,3.758322253166148,4.230312790177184,4.2047479922091675,3.9353602402745302,Before the historical event,Event not experienced
0.52,0,0,0,Nuclear-family environmental variance,5,2.0839427856195147,2.1059566805834504,1.73075590085639,2.469254802974628,2.25,2.0839427856195147,Before the historical event,Event not experienced
0.52,0,0,0,Nonshared environmental variance,5,9.287240259428089,9.270653375197124,9.00128549720312,9.586723965049515,9.000000000000002,9.287240259428089,Before the historical event,Event not experienced
0.52,0,0,0,Phenotypic variance,5,15.306543285322133,15.321205882464307,15.048367278420113,15.579729719796603,15.45474799220917,15.306543285322133,Before the historical event,Event not experienced
0.52,0,1,0,Additive genetic variance,5,3.9353602402745302,3.8764291185737756,3.758322253166148,4.230312790177184,4.2047479922091675,3.9353602402745302,Before the historical event,Event experienced
0.52,0,1,0,Nuclear-family environmental variance,5,2.0839427856195147,2.1059566805834504,1.73075590085639,2.469254802974628,2.25,2.0839427856195147,Before the historical event,Event experienced
0.52,0,1,0,Nonshared environmental variance,5,9.287240259428089,9.270653375197124,9.00128549720312,9.586723965049515,9.000000000000002,9.287240259428089,Before the historical event,Event experienced
0.52,0,1,0,Phenotypic variance,5,15.306543285322133,15.321205882464307,15.048367278420113,15.579729719796603,15.45474799220917,15.306543285322133,Before the historical event,Event experienced
0.52,1,0,0,Additive genetic variance,5,3.9353602402745302,3.8764291185737756,3.758322253166148,4.230312790177184,4.2047479922091675,3.9353602402745302,After the historical event,Event not experienced
0.52,1,0,0,Nuclear-family environmental variance,5,2.0839427856195147,2.1059566805834504,1.73075590085639,2.469254802974628,2.25,2.0839427856195147,After the historical event,Event not experienced
0.52,1,0,0,Nonshared environmental variance,5,9.287240259428089,9.270653375197124,9.00128549720312,9.586723965049515,9.000000000000002,9.287240259428089,After the historical event,Event not experienced
0.52,1,0,0,Phenotypic variance,5,15.306543285322133,15.321205882464307,15.048367278420113,15.579729719796603,15.45474799220917,15.306543285322133,After the historical event,Event not experienced
0.52,1,1,1,Additive genetic variance,5,5.651276994004188,4.961363903898056,4.473474146003507,7.8728249372099155,6.2727469021351805,5.651276994004188,After the historical event,Event experienced
0.52,1,1,1,Nuclear-family environmental variance,5,2.239307052196825,2.281959461174286,2.010360774754632,2.3510676354909656,2.25,2.239307052196825,After the historical event,Event experienced
0.52,1,1,1,Nonshared environmental variance,5,9.126229087143187,9.312232274543426,8.653973109774606,9.485739678095094,9.000000000000002,9.126229087143187,After the historical event,Event experienced
0.52,1,1,1,Phenotypic variance,5,17.0168131333442,16.5926663417304,15.755683090105622,18.90257686415685,17.522746902135182,17.0168131333442,After the historical event,Event experienced
0.54,0,0,0,Additive genetic variance,5,3.9398218873432973,3.879865966665228,3.7629038239348596,4.2299052269437,4.203738973778092,3.9398218873432973,Before the historical event,Event not experienced
0.54,0,0,0,Nuclear-family environmental variance,5,2.0831170029926844,2.101258651840392,1.731831855254565,2.466730999106952,2.25,2.0831170029926844,Before the historical event,Event not experienced
0.54,0,0,0,Nonshared environmental variance,5,9.288296480285616,9.275648134690183,9.004917823324032,9.585778017980642,9.000000000000002,9.288296480285616,Before the historical event,Event not experienced
0.54,0,0,0,Phenotypic variance,5,15.3112353706216,15.322452355635766,15.05812609921714,15.578911461967458,15.453738973778094,15.3112353706216,Before the historical event,Event not experienced
0.54,0,1,0,Additive genetic variance,5,3.9398218873432973,3.879865966665228,3.7629038239348596,4.2299052269437,4.203738973778092,3.9398218873432973,Before the historical event,Event experienced
0.54,0,1,0,Nuclear-family environmental variance,5,2.0831170029926844,2.101258651840392,1.731831855254565,2.466730999106952,2.25,2.0831170029926844,Before the historical event,Event experienced
0.54,0,1,0,Nonshared environmental variance,5,9.288296480285616,9.275648134690183,9.004917823324032,9.585778017980642,9.000000000000002,9.288296480285616,Before the historical event,Event experienced
0.54,0,1,0,Phenotypic variance,5,15.3112353706216,15.322452355635766,15.05812609921714,15.578911461967458,15.453738973778094,15.3112353706216,Before the historical event,Event experienced
0.54,1,0,0,Additive genetic variance,5,3.9398218873432973,3.879865966665228,3.7629038239348596,4.2299052269437,4.203738973778092,3.9398218873432973,After the historical event,Event not experienced
0.54,1,0,0,Nuclear-family environmental variance,5,2.0831170029926844,2.101258651840392,1.731831855254565,2.466730999106952,2.25,2.0831170029926844,After the historical event,Event not experienced
0.54,1,0,0,Nonshared environmental variance,5,9.288296480285616,9.275648134690183,9.004917823324032,9.585778017980642,9.000000000000002,9.288296480285616,After the historical event,Event not experienced
0.54,1,0,0,Phenotypic variance,5,15.3112353706216,15.322452355635766,15.05812609921714,15.578911461967458,15.453738973778094,15.3112353706216,After the historical event,Event not experienced
0.54,1,1,1,Additive genetic variance,5,5.657755933417476,4.95947324349315,4.480479412115097,7.882052776957476,6.271241623519326,5.657755933417476,After the historical event,Event experienced
0.54,1,1,1,Nuclear-family environmental variance,5,2.2385044888530548,2.281406217242098,2.0133532511911585,2.3460840680447275,2.25,2.2385044888530548,After the historical event,Event experienced
0.54,1,1,1,Nonshared environmental variance,5,9.127197575869936,9.310851844203341,8.658574812051562,9.484122739796817,9.000000000000002,9.127197575869936,After the historical event,Event experienced
0.54,1,1,1,Phenotypic variance,5,17.02345799814047,16.591040874552448,15.764213419342516,18.913478918220292,17.52124162351933,17.02345799814047,After the historical event,Event experienced
0.56,0,0,0,Additive genetic variance,5,3.943676971756437,3.8827117330369707,3.7668036429233935,4.228847748811558,4.202057814442863,3.943676971756437,Before the historical event,Event not experienced
0.56,0,0,0,Nuclear-family environmental variance,5,2.0823089532350525,2.096602934511855,1.7329354999056825,2.4642266120870584,2.25,2.0823089532350525,Before the historical event,Event not experienced
0.56,0,0,0,Nonshared environmental variance,5,9.28930802037984,9.280577549903773,9.008489426165383,9.584767753168583,9.000000000000002,9.28930802037984,Before the historical event,Event not experienced
0.56,0,0,0,Phenotypic variance,5,15.31529394537133,15.323072058860546,15.067333949530948,15.577384973189071,15.452057814442865,15.31529394537133,Before the historical event,Event not experienced
0.56,0,1,0,Additive genetic variance,5,3.943676971756437,3.8827117330369707,3.7668036429233935,4.228847748811558,4.202057814442863,3.943676971756437,Before the historical event,Event experienced
0.56,0,1,0,Nuclear-family environmental variance,5,2.0823089532350525,2.096602934511855,1.7329354999056825,2.4642266120870584,2.25,2.0823089532350525,Before the historical event,Event experienced
0.56,0,1,0,Nonshared environmental variance,5,9.28930802037984,9.280577549903773,9.008489426165383,9.584767753168583,9.000000000000002,9.28930802037984,Before the historical event,Event experienced
0.56,0,1,0,Phenotypic variance,5,15.31529394537133,15.323072058860546,15.067333949530948,15.577384973189071,15.452057814442865,15.31529394537133,Before the historical event,Event experienced
0.56,1,0,0,Additive genetic variance,5,3.943676971756437,3.8827117330369707,3.7668036429233935,4.228847748811558,4.202057814442863,3.943676971756437,After the historical event,Event not experienced
0.56,1,0,0,Nuclear-family environmental variance,5,2.0823089532350525,2.096602934511855,1.7329354999056825,2.4642266120870584,2.25,2.0823089532350525,After the historical event,Event not experienced
0.56,1,0,0,Nonshared environmental variance,5,9.28930802037984,9.280577549903773,9.008489426165383,9.584767753168583,9.000000000000002,9.28930802037984,After the historical event,Event not experienced
0.56,1,0,0,Phenotypic variance,5,15.31529394537133,15.323072058860546,15.067333949530948,15.577384973189071,15.452057814442865,15.31529394537133,After the historical event,Event not experienced
0.56,1,1,1,Additive genetic variance,5,5.663341975630077,4.956810217863877,4.486844618944255,7.88983869455328,6.268733628502362,5.663341975630077,After the historical event,Event experienced
0.56,1,1,1,Nuclear-family environmental variance,5,2.237722273881054,2.28085094053729,2.0163453074950457,2.3411451136883796,2.25,2.237722273881054,After the historical event,Event experienced
0.56,1,1,1,Nonshared environmental variance,5,9.128122639565962,9.309483498417492,8.663115473954392,9.482467393610353,9.000000000000002,9.128122639565962,After the historical event,Event experienced
0.56,1,1,1,Phenotypic variance,5,17.029186889077092,16.588613392394514,15.772108487801074,18.92289876188543,17.518733628502364,17.029186889077092,After the historical event,Event experienced
0.5800000000000001,0,0,0,Additive genetic variance,5,3.946923765057706,3.8849651130491365,3.7700195915336954,4.227140903522298,4.1997053208264665,3.946923765057706,Before the historical event,Event not experienced
0.5800000000000001,0,0,0,Nuclear-family environmental variance,5,2.0815185786902606,2.0919892936362476,1.7340668745345114,2.461741583682195,2.25,2.0815185786902606,Before the historical event,Event not experienced
0.5800000000000001,0,0,0,Nonshared environmental variance,5,9.290274847320989,9.28544151381846,9.012000226365434,9.583693189932873,9.000000000000002,9.290274847320989,Before the historical event,Event not experienced
0.5800000000000001,0,0,0,Phenotypic variance,5,15.318717191068954,15.323063707587641,15.075986587651911,15.575151050321818,15.449705320826467,15.318717191068954,Before the historical event,Event not experienced
0.5800000000000001,0,1,0,Additive genetic variance,5,3.946923765057706,3.8849651130491365,3.7700195915336954,4.227140903522298,4.1997053208264665,3.946923765057706,Before the historical event,Event experienced
0.5800000000000001,0,1,0,Nuclear-family environmental variance,5,2.0815185786902606,2.0919892936362476,1.7340668745345114,2.461741583682195,2.25,2.0815185786902606,Before the historical event,Event experienced
0.5800000000000001,0,1,0,Nonshared environmental variance,5,9.290274847320989,9.28544151381846,9.012000226365434,9.583693189932873,9.000000000000002,9.290274847320989,Before the historical event,Event experienced
0.5800000000000001,0,1,0,Phenotypic variance,5,15.318717191068954,15.323063707587641,15.075986587651911,15.575151050321818,15.449705320826467,15.318717191068954,Before the historical event,Event experienced
0.5800000000000001,1,0,0,Additive genetic variance,5,3.946923765057706,3.8849651130491365,3.7700195915336954,4.227140903522298,4.1997053208264665,3.946923765057706,After the historical event,Event not experienced
0.5800000000000001,1,0,0,Nuclear-family environmental variance,5,2.0815185786902606,2.0919892936362476,1.7340668745345114,2.461741583682195,2.25,2.0815185786902606,After the historical event,Event not experienced
0.5800000000000001,1,0,0,Nonshared environmental variance,5,9.290274847320989,9.28544151381846,9.012000226365434,9.583693189932873,9.000000000000002,9.290274847320989,After the historical event,Event not experienced
0.5800000000000001,1,0,0,Phenotypic variance,5,15.318717191068954,15.323063707587641,15.075986587651911,15.575151050321818,15.449705320826467,15.318717191068954,After the historical event,Event not experienced
0.5800000000000001,1,1,1,Additive genetic variance,5,5.6680325361976145,4.959720109661318,4.491932615103149,7.8961783825273075,6.265224120424377,5.6680325361976145,After the historical event,Event experienced
0.5800000000000001,1,1,1,Nuclear-family environmental variance,5,2.23696034759024,2.280293632609564,2.019336913169859,2.336250529882799,2.25,2.23696034759024,After the historical event,Event experienced
0.5800000000000001,1,1,1,Nonshared environmental variance,5,9.129004247646444,9.308127231917842,8.6675949969002,9.480773658939324,9.000000000000002,9.129004247646444,After the historical event,Event experienced
0.5800000000000001,1,1,1,Phenotypic variance,5,17.0339971314343,16.585385225695692,15.779365471082144,18.930831945939858,17.515224120424378,17.0339971314343,After the historical event,Event experienced
0.6000000000000001,0,0,0,Additive genetic variance,5,3.949560823626234,3.886625073188255,3.772549925383481,4.224785538409898,4.196682621297882,3.949560823626234,Before the historical event,Event not experienced
0.6000000000000001,0,0,0,Nuclear-family environmental variance,5,2.0807458226474056,2.087417496685148,1.7352260204099883,2.4592758561662507,2.25,2.0807458226474056,Before the historical event,Event not experienced
0.6000000000000001,0,0,0,Nonshared environmental variance,5,9.291196929682036,9.290239920798156,9.015450145822186,9.582554349086884,9.000000000000002,9.291196929682036,Before the historical event,Event not experienced
0.6000000000000001,0,0,0,Phenotypic variance,5,15.321503575955674,15.322426288767629,15.084079992674031,15.572210810470793,15.446682621297883,15.321503575955674,Before the historical event,Event not experienced
0.6000000000000001,0,1,0,Additive genetic variance,5,3.949560823626234,3.886625073188255,3.772549925383481,4.224785538409898,4.196682621297882,3.949560823626234,Before the historical event,Event experienced
0.6000000000000001,0,1,0,Nuclear-family environmental variance,5,2.0807458226474056,2.087417496685148,1.7352260204099883,2.4592758561662507,2.25,2.0807458226474056,Before the historical event,Event experienced
0.6000000000000001,0,1,0,Nonshared environmental variance,5,9.291196929682036,9.290239920798156,9.015450145822186,9.582554349086884,9.000000000000002,9.291196929682036,Before the historical event,Event experienced
0.6000000000000001,0,1,0,Phenotypic variance,5,15.321503575955674,15.322426288767629,15.084079992674031,15.572210810470793,15.446682621297883,15.321503575955674,Before the historical event,Event experienced
0.6000000000000001,1,0,0,Additive genetic variance,5,3.949560823626234,3.886625073188255,3.772549925383481,4.224785538409898,4.196682621297882,3.949560823626234,After the historical event,Event not experienced
0.6000000000000001,1,0,0,Nuclear-family environmental variance,5,2.0807458226474056,2.087417496685148,1.7352260204099883,2.4592758561662507,2.25,2.0807458226474056,After the historical event,Event not experienced
0.6000000000000001,1,0,0,Nonshared environmental variance,5,9.291196929682036,9.290239920798156,9.015450145822186,9.582554349086884,9.000000000000002,9.291196929682036,After the historical event,Event not experienced
0.6000000000000001,1,0,0,Phenotypic variance,5,15.321503575955674,15.322426288767629,15.084079992674031,15.572210810470793,15.446682621297883,15.321503575955674,After the historical event,Event not experienced
0.6000000000000001,1,1,1,Additive genetic variance,5,5.671825461402053,4.970819830966946,4.495479398593259,7.901068330438069,6.260714782614087,5.671825461402053,After the historical event,Event experienced
0.6000000000000001,1,1,1,Nuclear-family environmental variance,5,2.236218651394835,2.2797342950140354,2.0223280379570356,2.3314000765903597,2.25,2.236218651394835,After the historical event,Event experienced
0.6000000000000001,1,1,1,Nonshared environmental variance,5,9.129842370459423,9.306783039483355,8.672013283599268,9.479041555692381,9.000000000000002,9.129842370459423,After the historical event,Event experienced
0.6000000000000001,1,1,1,Phenotypic variance,5,17.03788648325631,16.581358068635033,15.785981821591927,18.937274819867056,17.510714782614087,17.03788648325631,After the historical event,Event experienced
0.6200000000000001,0,0,0,Additive genetic variance,5,3.95158698976225,3.8876908518572533,3.7743932758926118,4.221782799706469,4.192991165070102,3.95158698976225,Before the historical event,Event not experienced
0.6200000000000001,0,0,0,Nuclear-family environmental variance,5,2.0799906293377,2.082887313543841,1.736412980349371,2.456829372317463,2.25,2.0799906293377,Before the historical event,Event not experienced
0.6200000000000001,0,0,0,Nonshared environmental variance,5,9.292074236999849,9.294972666593937,9.018839107696213,9.581351252937031,9.000000000000002,9.292074236999849,Before the historical event,Event not experienced
0.6200000000000001,0,0,0,Phenotypic variance,5,15.3236518560998,15.321159061642298,15.091610367064288,15.568565690184055,15.442991165070104,15.3236518560998,Before the historical event,Event not experienced
0.6200000000000001,0,1,0,Additive genetic variance,5,3.95158698976225,3.8876908518572533,3.7743932758926118,4.221782799706469,4.192991165070102,3.95158698976225,Before the historical event,Event experienced
0.6200000000000001,0,1,0,Nuclear-family environmental variance,5,2.0799906293377,2.082887313543841,1.736412980349371,2.456829372317463,2.25,2.0799906293377,Before the historical event,Event experienced
0.6200000000000001,0,1,0,Nonshared environmental variance,5,9.292074236999849,9.294972666593937,9.018839107696213,9.581351252937031,9.000000000000002,9.292074236999849,Before the historical event,Event experienced
0.6200000000000001,0,1,0,Phenotypic variance,5,15.3236518560998,15.321159061642298,15.091610367064288,15.568565690184055,15.442991165070104,15.3236518560998,Before the historical event,Event experienced
0.6200000000000001,1,0,0,Additive genetic variance,5,3.95158698976225,3.8876908518572533,3.7743932758926118,4.221782799706469,4.192991165070102,3.95158698976225,After the historical event,Event not experienced
0.6200000000000001,1,0,0,Nuclear-family environmental variance,5,2.0799906293377,2.082887313543841,1.736412980349371,2.456829372317463,2.25,2.0799906293377,After the historical event,Event not experienced
0.6200000000000001,1,0,0,Nonshared environmental variance,5,9.292074236999849,9.294972666593937,9.018839107696213,9.581351252937031,9.000000000000002,9.292074236999849,After the historical event,Event not experienced
0.6200000000000001,1,0,0,Phenotypic variance,5,15.3236518560998,15.321159061642298,15.091610367064288,15.568565690184055,15.442991165070104,15.3236518560998,After the historical event,Event not experienced
0.6200000000000001,1,1,1,Additive genetic variance,5,5.674719029930416,4.981246005187595,4.498369310270226,7.904505828117511,6.255207777043224,5.674719029930416,After the historical event,Event experienced
0.6200000000000001,1,1,1,Nuclear-family environmental variance,5,2.2354971278104054,2.2791729293112204,2.0253186518372623,2.3265935162551084,2.25,2.2354971278104054,After the historical event,Event experienced
0.6200000000000001,1,1,1,Nonshared environmental variance,5,9.130636979286898,9.305450915939979,8.676370238058544,9.47727110428277,9.000000000000002,9.130636979286898,After the historical event,Event experienced
0.6200000000000001,1,1,1,Phenotypic variance,5,17.040853137027717,16.57653397788669,15.79195527032023,18.942224535092397,17.505207777043225,17.040853137027717,After the historical event,Event experienced
0.6400000000000001,0,0,0,Additive genetic variance,5,3.953001392546524,3.888161959957794,3.7755486515248693,4.218134131618061,4.188632721042165,3.953001392546524,Before the historical event,Event not experienced
0.6400000000000001,0,0,0,Nuclear-family environmental variance,5,2.079252943931217,2.0783985164920864,1.7376277987225301,2.454402075416141,2.25,2.079252943931217,Before the historical event,Event not experienced
0.6400000000000001,0,0,0,Nonshared environmental variance,5,9.292906739776297,9.299639648347823,9.022167036413489,9.58008392528188,9.000000000000002,9.292906739776297,Before the historical event,Event not experienced
0.6400000000000001,0,0,0,Phenotypic variance,5,15.325161076254037,15.319261558326593,15.09715478886508,15.564217444399326,15.438632721042167,15.325161076254037,Before the historical event,Event not experienced
0.6400000000000001,0,1,0,Additive genetic variance,5,3.953001392546524,3.888161959957794,3.7755486515248693,4.218134131618061,4.188632721042165,3.953001392546524,Before the historical event,Event experienced
0.6400000000000001,0,1,0,Nuclear-family environmental variance,5,2.079252943931217,2.0783985164920864,1.7376277987225301,2.454402075416141,2.25,2.079252943931217,Before the historical event,Event experienced
0.6400000000000001,0,1,0,Nonshared environmental variance,5,9.292906739776297,9.299639648347823,9.022167036413489,9.58008392528188,9.000000000000002,9.292906739776297,Before the historical event,Event experienced
0.6400000000000001,0,1,0,Phenotypic variance,5,15.325161076254037,15.319261558326593,15.09715478886508,15.564217444399326,15.438632721042167,15.325161076254037,Before the historical event,Event experienced
0.6400000000000001,1,0,0,Additive genetic variance,5,3.953001392546524,3.888161959957794,3.7755486515248693,4.218134131618061,4.188632721042165,3.953001392546524,After the historical event,Event not experienced
0.6400000000000001,1,0,0,Nuclear-family environmental variance,5,2.079252943931217,2.0783985164920864,1.7376277987225301,2.454402075416141,2.25,2.079252943931217,After the historical event,Event not experienced
0.6400000000000001,1,0,0,Nonshared environmental variance,5,9.292906739776297,9.299639648347823,9.022167036413489,9.58008392528188,9.000000000000002,9.292906739776297,After the historical event,Event not experienced
0.6400000000000001,1,0,0,Phenotypic variance,5,15.325161076254037,15.319261558326593,15.09715478886508,15.564217444399326,15.438632721042167,15.325161076254037,After the historical event,Event not experienced
0.6400000000000001,1,1,1,Additive genetic variance,5,5.676711954201407,4.990994293347203,4.500601102641309,7.906488968178304,6.248705742599059,5.676711954201407,After the historical event,Event experienced
0.6400000000000001,1,1,1,Nuclear-family environmental variance,5,2.2347957204505002,2.2786095370670334,2.0283087250318674,2.321830613783165,2.25,2.2347957204505002,After the historical event,Event experienced
0.6400000000000001,1,1,1,Nonshared environmental variance,5,9.131388046345862,9.304130856160603,8.680665765585145,9.475462325627888,9.000000000000002,9.131388046345862,After the historical event,Event experienced
0.6400000000000001,1,1,1,Phenotypic variance,5,17.04289572099777,16.570915371096557,15.797283828418854,18.945679047491403,17.49870574259906,17.04289572099777,After the historical event,Event experienced
0.6600000000000001,0,0,0,Additive genetic variance,5,3.953803448472631,3.888038181264349,3.7760154386835434,4.213841275171628,4.183609376386509,3.953803448472631,Before the historical event,Event not experienced
0.6600000000000001,0,0,0,Nuclear-family environmental variance,5,2.078532712533717,2.0739508801851074,1.7388705214563873,2.4519939092424132,2.25,2.078532712533717,Before the historical event,Event not experienced
0.6600000000000001,0,0,0,Nonshared environmental variance,5,9.293694409479345,9.304240764596498,9.025433857668165,9.578752391411232,9.000000000000002,9.293694409479345,Before the historical event,Event not experienced
0.6600000000000001,0,0,0,Phenotypic variance,5,15.326030570485694,15.31673358418237,15.101230362303646,15.559168145140392,15.43360937638651,15.326030570485694,Before the historical event,Event not experienced
0.6600000000000001,0,1,0,Additive genetic variance,5,3.953803448472631,3.888038181264349,3.7760154386835434,4.213841275171628,4.183609376386509,3.953803448472631,Before the historical event,Event experienced
0.6600000000000001,0,1,0,Nuclear-family environmental variance,5,2.078532712533717,2.0739508801851074,1.7388705214563873,2.4519939092424132,2.25,2.078532712533717,Before the historical event,Event experienced
0.6600000000000001,0,1,0,Nonshared environmental variance,5,9.293694409479345,9.304240764596498,9.025433857668165,9.578752391411232,9.000000000000002,9.293694409479345,Before the historical event,Event experienced
0.6600000000000001,0,1,0,Phenotypic variance,5,15.326030570485694,15.31673358418237,15.101230362303646,15.559168145140392,15.43360937638651,15.326030570485694,Before the historical event,Event experienced
0.6600000000000001,1,0,0,Additive genetic variance,5,3.953803448472631,3.888038181264349,3.7760154386835434,4.213841275171628,4.183609376386509,3.953803448472631,After the historical event,Event not experienced
0.6600000000000001,1,0,0,Nuclear-family environmental variance,5,2.078532712533717,2.0739508801851074,1.7388705214563873,2.4519939092424132,2.25,2.078532712533717,After the historical event,Event not experienced
0.6600000000000001,1,0,0,Nonshared environmental variance,5,9.293694409479345,9.304240764596498,9.025433857668165,9.578752391411232,9.000000000000002,9.293694409479345,After the historical event,Event not experienced
0.6600000000000001,1,0,0,Phenotypic variance,5,15.326030570485694,15.31673358418237,15.101230362303646,15.559168145140392,15.43360937638651,15.326030570485694,After the historical event,Event not experienced
0.6600000000000001,1,1,1,Additive genetic variance,5,5.677803381338473,5.000060633045384,4.502173817167066,7.907016647780281,6.241211792976988,5.677803381338473,After the historical event,Event experienced
0.6600000000000001,1,1,1,Nuclear-family environmental variance,5,2.2341143740233806,2.278044119852775,2.0312982280042418,2.3171111365233568,2.25,2.2341143740233806,After the historical event,Event experienced
0.6600000000000001,1,1,1,Nonshared environmental variance,5,9.132095544789355,9.302822855065033,8.684899772789763,9.473615241148877,9.000000000000002,9.132095544789355,After the historical event,Event experienced
0.6600000000000001,1,1,1,Phenotypic variance,5,17.04401330015121,16.564505025082354,15.801965788578592,18.947637119157186,17.49121179297699,17.04401330015121,After the historical event,Event experienced
0.6800000000000002,0,0,0,Additive genetic variance,5,3.9539928618513778,3.8873195725895915,3.775793402259702,4.208906266834412,4.177923534883223,3.9539928618513778,Before the historical event,Event not experienced
0.6800000000000002,0,0,0,Nuclear-family environmental variance,5,2.0778298821835524,2.0695441816347993,1.740141196039489,2.449604818073997,2.25,2.0778298821835524,Before the historical event,Event not experienced
0.6800000000000002,0,0,0,Nonshared environmental variance,5,9.29443721854411,9.308775915274998,9.028639498425303,9.577356678105158,9.000000000000002,9.29443721854411,Before the historical event,Event not experienced
0.6800000000000002,0,0,0,Phenotypic variance,5,15.32625996257904,15.313575217983374,15.10474964791749,15.553420179964416,15.427923534883224,15.32625996257904,Before the historical event,Event not experienced
0.6800000000000002,0,1,0,Additive genetic variance,5,3.9539928618513778,3.8873195725895915,3.775793402259702,4.208906266834412,4.177923534883223,3.9539928618513778,Before the historical event,Event experienced
0.6800000000000002,0,1,0,Nuclear-family environmental variance,5,2.0778298821835524,2.0695441816347993,1.740141196039489,2.449604818073997,2.25,2.0778298821835524,Before the historical event,Event experienced
0.6800000000000002,0,1,0,Nonshared environmental variance,5,9.29443721854411,9.308775915274998,9.028639498425303,9.577356678105158,9.000000000000002,9.29443721854411,Before the historical event,Event experienced
0.6800000000000002,0,1,0,Phenotypic variance,5,15.32625996257904,15.313575217983374,15.10474964791749,15.553420179964416,15.427923534883224,15.32625996257904,Before the historical event,Event experienced
0.6800000000000002,1,0,0,Additive genetic variance,5,3.9539928618513778,3.8873195725895915,3.775793402259702,4.208906266834412,4.177923534883223,3.9539928618513778,After the historical event,Event not experienced
0.6800000000000002,1,0,0,Nuclear-family environmental variance,5,2.0778298821835524,2.0695441816347993,1.740141196039489,2.449604818073997,2.25,2.0778298821835524,After the historical event,Event not experienced
0.6800000000000002,1,0,0,Nonshared environmental variance,5,9.29443721854411,9.308775915274998,9.028639498425303,9.577356678105158,9.000000000000002,9.29443721854411,After the historical event,Event not experienced
0.6800000000000002,1,0,0,Phenotypic variance,5,15.32625996257904,15.313575217983374,15.10474964791749,15.553420179964416,15.427923534883224,15.32625996257904,After the historical event,Event not experienced
0.6800000000000002,1,1,1,Additive genetic variance,5,5.677992893788253,5.008441241278735,4.503086784946417,7.906088569653678,6.232729514195512,5.677992893788253,After the historical event,Event experienced
0.6800000000000002,1,1,1,Nuclear-family environmental variance,5,2.2334530343288503,2.2774766792451313,2.034287131461277,2.312434854248069,2.25,2.2334530343288503,After the historical event,Event experienced
0.6800000000000002,1,1,1,Nonshared environmental variance,5,9.132759448707448,9.301526907619944,8.689072167590083,9.471729872770165,9.000000000000002,9.132759448707448,After the historical event,Event experienced
0.6800000000000002,1,1,1,Phenotypic variance,5,17.04420537682455,16.557306073758845,15.8059997262034,18.948098319424705,17.482729514195512,17.04420537682455,After the historical event,Event experienced
0.7000000000000002,0,0,0,Additive genetic variance,5,3.9535696249869945,3.8860064637409377,3.774882685832444,4.203331436907325,4.171577915003053,3.9535696249869945,Before the historical event,Event not experienced
0.7000000000000002,0,0,0,Nuclear-family environmental variance,5,2.0771444008486553,2.0651782001911614,1.7414398715267303,2.447234746683984,2.25,2.0771444008486553,Before the historical event,Event not experienced
0.7000000000000002,0,0,0,Nonshared environmental variance,5,9.295135140373866,9.313245001720327,9.031783886923542,9.57589681363292,9.000000000000002,9.295135140373866,Before the historical event,Event not experienced
0.7000000000000002,0,0,0,Phenotypic variance,5,15.325849166209515,15.309786811871408,15.107711674390165,15.548737537641665,15.421577915003056,15.325849166209515,Before the historical event,Event not experienced
0.7000000000000002,0,1,0,Additive genetic variance,5,3.9535696249869945,3.8860064637409377,3.774882685832444,4.203331436907325,4.171577915003053,3.9535696249869945,Before the historical event,Event experienced
0.7000000000000002,0,1,0,Nuclear-family environmental variance,5,2.0771444008486553,2.0651782001911614,1.7414398715267303,2.447234746683984,2.25,2.0771444008486553,Before the historical event,Event experienced
0.7000000000000002,0,1,0,Nonshared environmental variance,5,9.295135140373866,9.313245001720327,9.031783886923542,9.57589681363292,9.000000000000002,9.295135140373866,Before the historical event,Event experienced
0.7000000000000002,0,1,0,Phenotypic variance,5,15.325849166209515,15.309786811871408,15.107711674390165,15.548737537641665,15.421577915003056,15.325849166209515,Before the historical event,Event experienced
0.7000000000000002,1,0,0,Additive genetic variance,5,3.9535696249869945,3.8860064637409377,3.774882685832444,4.203331436907325,4.171577915003053,3.9535696249869945,After the historical event,Event not experienced
0.7000000000000002,1,0,0,Nuclear-family environmental variance,5,2.0771444008486553,2.0651782001911614,1.7414398715267303,2.447234746683984,2.25,2.0771444008486553,After the historical event,Event not experienced
0.7000000000000002,1,0,0,Nonshared environmental variance,5,9.295135140373866,9.313245001720327,9.031783886923542,9.57589681363292,9.000000000000002,9.295135140373866,After the historical event,Event not experienced
0.7000000000000002,1,0,0,Phenotypic variance,5,15.325849166209515,15.309786811871408,15.107711674390165,15.548737537641665,15.421577915003056,15.325849166209515,After the historical event,Event not experienced
0.7000000000000002,1,1,1,Additive genetic variance,5,5.677280509583778,5.016132617071467,4.5033396271895025,7.90370524237792,6.22326296173643,5.677280509583778,After the historical event,Event experienced
0.7000000000000002,1,1,1,Nuclear-family environmental variance,5,2.232811648255178,2.278195000965382,2.037146627940903,2.3078015391343265,2.25,2.232811648255178,After the historical event,Event experienced
0.7000000000000002,1,1,1,Nonshared environmental variance,5,9.133379733128196,9.300243008838866,8.693182859214087,9.469806242918988,9.000000000000002,9.133379733128196,After the historical event,Event experienced
0.7000000000000002,1,1,1,Phenotypic variance,5,17.04347189096715,16.549322005790643,15.809384500380594,18.947063025150474,17.47326296173643,17.04347189096715,After the historical event,Event experienced
0.7200000000000002,0,0,0,Additive genetic variance,5,3.9525340181249558,3.8840994572682823,3.773283811520893,4.197119407694043,4.164575547741305,3.9525340181249558,Before the historical event,Event not experienced
0.7200000000000002,0,0,0,Nuclear-family environmental variance,5,2.0764762174236036,2.0608527175239404,1.7427665985442178,2.4448836403386545,2.25,2.0764762174236036,Before the historical event,Event not experienced
0.7200000000000002,0,0,0,Nonshared environmental variance,5,9.29578814934104,9.317647926675034,9.034866952677753,9.574372827751924,9.000000000000002,9.29578814934104,Before the historical event,Event not experienced
0.7200000000000002,0,0,0,Phenotypic variance,5,15.3247983848896,15.305368991103695,15.110115714883143,15.547968055594298,15.414575547741308,15.3247983848896,Before the historical event,Event not experienced
0.7200000000000002,0,1,0,Additive genetic variance,5,3.9525340181249558,3.8840994572682823,3.773283811520893,4.197119407694043,4.164575547741305,3.9525340181249558,Before the historical event,Event experienced
0.7200000000000002,0,1,0,Nuclear-family environmental variance,5,2.0764762174236036,2.0608527175239404,1.7427665985442178,2.4448836403386545,2.25,2.0764762174236036,Before the historical event,Event experienced
0.7200000000000002,0,1,0,Nonshared environmental variance,5,9.29578814934104,9.317647926675034,9.034866952677753,9.574372827751924,9.000000000000002,9.29578814934104,Before the historical event,Event experienced
0.7200000000000002,0,1,0,Phenotypic variance,5,15.3247983848896,15.305368991103695,15.110115714883143,15.547968055594298,15.414575547741308,15.3247983848896,Before the historical event,Event experienced
0.7200000000000002,1,0,0,Additive genetic variance,5,3.9525340181249558,3.8840994572682823,3.773283811520893,4.197119407694043,4.164575547741305,3.9525340181249558,After the historical event,Event not experienced
0.7200000000000002,1,0,0,Nuclear-family environmental variance,5,2.0764762174236036,2.0608527175239404,1.7427665985442178,2.4448836403386545,2.25,2.0764762174236036,After the historical event,Event not experienced
0.7200000000000002,1,0,0,Nonshared environmental variance,5,9.29578814934104,9.317647926675034,9.034866952677753,9.574372827751924,9.000000000000002,9.29578814934104,After the historical event,Event not experienced
0.7200000000000002,1,0,0,Phenotypic variance,5,15.3247983848896,15.305368991103695,15.110115714883143,15.547968055594298,15.414575547741308,15.3247983848896,After the historical event,Event not experienced
0.7200000000000002,1,1,1,Additive genetic variance,5,5.67566668225219,5.023131543912784,4.502932255477877,7.899867979915517,6.212816657313399,5.67566668225219,After the historical event,Event experienced
0.7200000000000002,1,1,1,Nuclear-family environmental variance,5,2.2321901637761155,2.2797081982025267,2.0399257774812614,2.303210965745092,2.25,2.2321901637761155,After the historical event,Event experienced
0.7200000000000002,1,1,1,Nonshared environmental variance,5,9.13395637401858,9.298971153782142,8.697231758203365,9.467844374524951,9.000000000000002,9.13395637401858,After the historical event,Event experienced
0.7200000000000002,1,1,1,Phenotypic variance,5,17.041813220046887,16.540556661975074,15.812119254646063,18.94453242024738,17.462816657313404,17.041813220046887,After the historical event,Event experienced
0.7400000000000002,0,0,0,Additive genetic variance,5,3.9508866091715404,3.881599428003203,3.770997679488148,4.190273091447852,4.156919774205063,3.9508866091715404,Before the historical event,Event not experienced
0.7400000000000002,0,0,0,Nuclear-family environmental variance,5,2.075825281726769,2.0565675176044946,1.7441214292942775,2.4425514447953063,2.25,2.075825281726769,Before the historical event,Event not experienced
0.7400000000000002,0,0,0,Nonshared environmental variance,5,9.29639622078817,9.321984594290747,9.0378886264816245,9.572784751706546,9.000000000000002,9.29639622078817,Before the historical event,Event not experienced
0.7400000000000002,0,0,0,Phenotypic variance,5,15.32310811168648,15.300322653591666,15.111961287506423,15.546458728193219,15.406919774205065,15.32310811168648,Before the historical event,Event not experienced
0.7400000000000002,0,1,0,Additive genetic variance,5,3.9508866091715404,3.881599428003203,3.770997679488148,4.190273091447852,4.156919774205063,3.9508866091715404,Before the historical event,Event experienced
0.7400000000000002,0,1,0,Nuclear-family environmental variance,5,2.075825281726769,2.0565675176044946,1.7441214292942775,2.4425514447953063,2.25,2.075825281726769,Before the historical event,Event experienced
0.7400000000000002,0,1,0,Nonshared environmental variance,5,9.29639622078817,9.321984594290747,9.0378886264816245,9.572784751706546,9.000000000000002,9.29639622078817,Before the historical event,Event experienced
0.7400000000000002,0,1,0,Phenotypic variance,5,15.32310811168648,15.300322653591666,15.111961287506423,15.546458728193219,15.406919774205065,15.32310811168648,Before the historical event,Event experienced
0.7400000000000002,1,0,0,Additive genetic variance,5,3.9508866091715404,3.881599428003203,3.770997679488148,4.190273091447852,4.156919774205063,3.9508866091715404,After the historical event,Event not experienced
0.7400000000000002,1,0,0,Nuclear-family environmental variance,5,2.075825281726769,2.0565675176044946,1.7441214292942775,2.4425514447953063,2.25,2.075825281726769,After the historical event,Event not experienced
0.7400000000000002,1,0,0,Nonshared environmental variance,5,9.29639622078817,9.321984594290747,9.0378886264816245,9.572784751706546,9.000000000000002,9.29639622078817,After the historical event,Event not experienced
0.7400000000000002,1,0,0,Phenotypic variance,5,15.32310811168648,15.300322653591666,15.111961287506423,15.546458728193219,15.406919774205065,15.32310811168648,After the historical event,Event not experienced
0.7400000000000002,1,1,1,Additive genetic variance,5,5.6731523003671604,5.0294350919986455,4.501864871811776,7.894578900401731,6.2013955852724845,5.6731523003671604,After the historical event,Event experienced
0.7400000000000002,1,1,1,Nuclear-family environmental variance,5,2.2315885299480143,2.281263362833593,2.042699842500175,2.2986629110107786,2.25,2.2315885299480143,After the historical event,Event experienced
0.7400000000000002,1,1,1,Nonshared environmental variance,5,9.134489348285397,9.297711337556898,8.701218776416342,9.465844291019511,9.000000000000002,9.134489348285397,After the historical event,Event experienced
0.7400000000000002,1,1,1,Phenotypic variance,5,17.039230178600572,16.531014232357997,15.814203417543734,18.94050849447528,17.451395585272486,17.039230178600572,After the historical event,Event experienced
0.7600000000000002,0,0,0,Additive genetic variance,5,3.9486282531855053,3.8785075223901133,3.7680255670978293,4.182795688098513,4.148614242956412,3.9486282531855053,Before the historical event,Event not experienced
0.7600000000000002,0,0,0,Nuclear-family environmental variance,5,2.075191544497541,2.0523223866878646,1.7455044175606071,2.440238106300106,2.25,2.075191544497541,Before the historical event,Event not experienced
0.7600000000000002,0,0,0,Nonshared environmental variance,5,9.296959331028795,9.326254910131643,9.040848840410213,9.571132618226912,9.000000000000002,9.296959331028795,Before the historical event,Event not experienced
0.7600000000000002,0,0,0,Phenotypic variance,5,15.320779128711841,15.2946489692317,15.113248155611803,15.544211078279847,15.398614242956413,15.320779128711841,Before the historical event,Event not experienced
0.7600000000000002,0,1,0,Additive genetic variance,5,3.9486282531855053,3.8785075223901133,3.7680255670978293,4.182795688098513,4.148614242956412,3.9486282531855053,Before the historical event,Event experienced
0.7600000000000002,0,1,0,Nuclear-family environmental variance,5,2.075191544497541,2.0523223866878646,1.7455044175606071,2.440238106300106,2.25,2.075191544497541,Before the historical event,Event experienced
0.7600000000000002,0,1,0,Nonshared environmental variance,5,9.296959331028795,9.326254910131643,9.040848840410213,9.571132618226912,9.000000000000002,9.296959331028795,Before the historical event,Event experienced
0.7600000000000002,0,1,0,Phenotypic variance,5,15.320779128711841,15.2946489692317,15.113248155611803,15.544211078279847,15.398614242956413,15.320779128711841,Before the historical event,Event experienced
0.7600000000000002,1,0,0,Additive genetic variance,5,3.9486282531855053,3.8785075223901133,3.7680255670978293,4.182795688098513,4.148614242956412,3.9486282531855053,After the historical event,Event not experienced
0.7600000000000002,1,0,0,Nuclear-family environmental variance,5,2.075191544497541,2.0523223866878646,1.7455044175606071,2.440238106300106,2.25,2.075191544497541,After the historical event,Event not experienced
0.7600000000000002,1,0,0,Nonshared environmental variance,5,9.296959331028795,9.326254910131643,9.040848840410213,9.571132618226912,9.000000000000002,9.296959331028795,After the historical event,Event not experienced
0.7600000000000002,1,0,0,Phenotypic variance,5,15.320779128711841,15.2946489692317,15.113248155611803,15.544211078279847,15.398614242956413,15.320779128711841,After the historical event,Event not experienced
0.7600000000000002,1,1,1,Additive genetic variance,5,5.669738686746592,5.035040620275713,4.500137968444418,7.887840924191502,6.189005188628717,5.669738686746592,After the historical event,Event experienced
0.7600000000000002,1,1,1,Nuclear-family environmental variance,5,2.231006696907029,2.2814753779553607,2.045468786403357,2.2942956743511362,2.25,2.231006696907029,After the historical event,Event experienced
0.7600000000000002,1,1,1,Nonshared environmental variance,5,9.13497863377612,9.29646355531701,8.705143827031499,9.463806016335479,9.000000000000002,9.13497863377612,After the historical event,Event experienced
0.7600000000000002,1,1,1,Phenotypic variance,5,17.03572401742974,16.520699253085628,15.815636702978738,18.934994041488803,17.43900518862872,17.03572401742974,After the historical event,Event experienced
0.7800000000000002,0,0,0,Additive genetic variance,5,3.9457600916425033,3.8748251576100987,3.764369127724356,4.174690682761575,4.139662907114614,3.9457600916425033,Before the historical event,Event not experienced
0.7800000000000002,0,0,0,Nuclear-family environmental variance,5,2.0745749573936334,2.04811711329506,1.7469156187135764,2.4379435715859614,2.25,2.0745749573936334,Before the historical event,Event not experienced
0.7800000000000002,0,0,0,Nonshared environmental variance,5,9.297477457348377,9.330458781177894,9.043747527822461,9.569416461527682,9.000000000000002,9.297477457348377,Before the historical event,Event not experienced
0.7800000000000002,0,0,0,Phenotypic variance,5,15.317812506384513,15.288349379028588,15.113976327908523,15.541227011280107,15.389662907114616,15.317812506384513,Before the historical event,Event not experienced
0.7800000000000002,0,1,0,Additive genetic variance,5,3.9457600916425033,3.8748251576100987,3.764369127724356,4.174690682761575,4.139662907114614,3.9457600916425033,Before the historical event,Event experienced
0.7800000000000002,0,1,0,Nuclear-family environmental variance,5,2.0745749573936334,2.04811711329506,1.7469156187135764,2.4379435715859614,2.25,2.0745749573936334,Before the historical event,Event experienced
0.7800000000000002,0,1,0,Nonshared environmental variance,5,9.297477457348377,9.330458781177894,9.043747527822461,9.569416461527682,9.000000000000002,9.297477457348377,Before the historical event,Event experienced
0.7800000000000002,0,1,0,Phenotypic variance,5,15.317812506384513,15.288349379028588,15.113976327908523,15.541227011280107,15.389662907114616,15.317812506384513,Before the historical event,Event experienced
0.7800000000000002,1,0,0,Additive genetic variance,5,3.9457600916425033,3.8748251576100987,3.764369127724356,4.174690682761575,4.139662907114614,3.9457600916425033,After the historical event,Event not experienced
0.7800000000000002,1,0,0,Nuclear-family environmental variance,5,2.0745749573936334,2.04811711329506,1.7469156187135764,2.4379435715859614,2.25,2.0745749573936334,After the historical event,Event not experienced
0.7800000000000002,1,0,0,Nonshared environmental variance,5,9.297477457348377,9.330458781177894,9.043747527822461,9.569416461527682,9.000000000000002,9.297477457348377,After the historical event,Event not experienced
0.7800000000000002,1,0,0,Phenotypic variance,5,15.317812506384513,15.288349379028588,15.113976327908523,15.541227011280107,15.389662907114616,15.317812506384513,After the historical event,Event not experienced
0.7800000000000002,1,1,1,Additive genetic variance,5,5.665427597296641,5.0399457782855,4.497752327503556,7.879657771166273,6.175651364743042,5.665427597296641,After the historical event,Event experienced
0.7800000000000002,1,1,1,Nuclear-family environmental variance,5,2.2304446158664235,2.279171794998342,2.048232572615636,2.2902262909161237,2.25,2.2304446158664235,After the historical event,Event experienced
0.7800000000000002,1,1,1,Nonshared environmental variance,5,9.135424209279746,9.29522780226307,8.709006824550514,9.461729574906535,9.000000000000002,9.135424209279746,After the historical event,Event experienced
0.7800000000000002,1,1,1,Phenotypic variance,5,17.031296422442807,16.50961660299597,15.816419110363912,18.92799265614503,17.425651364743047,17.031296422442807,After the historical event,Event experienced
0.8000000000000003,0,0,0,Additive genetic variance,5,3.942283551473129,3.8705540204983575,3.76003038921847,4.1659618430329015,4.130070021220473,3.942283551473129,Before the historical event,Event not experienced
0.8000000000000003,0,0,0,Nuclear-family environmental variance,5,2.073975472988467,2.043951488195549,1.7483550897156688,2.435667787870417,2.25,2.073975472988467,Before the historical event,Event not experienced
0.8000000000000003,0,0,0,Nonshared environmental variance,5,9.297950578005125,9.33459611582901,9.046584623363643,9.567636317306683,9.000000000000002,9.297950578005125,Before the historical event,Event not experienced
0.8000000000000003,0,0,0,Phenotypic variance,5,15.31420960246672,15.281425594012536,15.114146058401158,15.537508813377498,15.380070021220476,15.31420960246672,Before the historical event,Event not experienced
0.8000000000000003,0,1,0,Additive genetic variance,5,3.942283551473129,3.8705540204983575,3.76003038921847,4.1659618430329015,4.130070021220473,3.942283551473129,Before the historical event,Event experienced
0.8000000000000003,0,1,0,Nuclear-family environmental variance,5,2.073975472988467,2.043951488195549,1.7483550897156688,2.435667787870417,2.25,2.073975472988467,Before the historical event,Event experienced
0.8000000000000003,0,1,0,Nonshared environmental variance,5,9.297950578005125,9.33459611582901,9.046584623363643,9.567636317306683,9.000000000000002,9.297950578005125,Before the historical event,Event experienced
0.8000000000000003,0,1,0,Phenotypic variance,5,15.31420960246672,15.281425594012536,15.114146058401158,15.537508813377498,15.380070021220476,15.31420960246672,Before the historical event,Event experienced
0.8000000000000003,1,0,0,Additive genetic variance,5,3.942283551473129,3.8705540204983575,3.76003038921847,4.1659618430329015,4.130070021220473,3.942283551473129,After the historical event,Event not experienced
0.8000000000000003,1,0,0,Nuclear-family environmental variance,5,2.073975472988467,2.043951488195549,1.7483550897156688,2.435667787870417,2.25,2.073975472988467,After the historical event,Event not experienced
0.8000000000000003,1,0,0,Nonshared environmental variance,5,9.297950578005125,9.33459611582901,9.046584623363643,9.567636317306683,9.000000000000002,9.297950578005125,After the historical event,Event not experienced
0.8000000000000003,1,0,0,Phenotypic variance,5,15.31420960246672,15.281425594012536,15.114146058401158,15.537508813377498,15.380070021220476,15.31420960246672,After the historical event,Event not experienced
0.8000000000000003,1,1,1,Additive genetic variance,5,5.6602212195034305,5.044148507806913,4.494709020400673,7.870033957304079,6.161340460644508,5.6602212195034305,After the historical event,Event experienced
0.8000000000000003,1,1,1,Nuclear-family environmental variance,5,2.2299022391139642,2.2768877196002277,2.0509911645817342,2.286201042981505,2.25,2.2299022391139642,After the historical event,Event experienced
0.8000000000000003,1,1,1,Nonshared environmental variance,5,9.135826054527582,9.294004073642373,8.712807684801351,9.459614991666697,9.000000000000002,9.135826054527582,After the historical event,Event experienced
0.8000000000000003,1,1,1,Phenotypic variance,5,17.025949513144976,16.49777149995331,15.816550924559523,18.919508731074423,17.41134046064451,17.025949513144976,After the historical event,Event experienced
0.8200000000000003,0,0,0,Additive genetic variance,5,3.9382003438757236,3.865696066256414,3.7550117520300295,4.156613216071314,4.119840137866362,3.9382003438757236,Before the historical event,Event not experienced
0.8200000000000003,0,0,0,Nuclear-family environmental variance,5,2.0733930447686344,2.0398253043899626,1.749822889127074,2.433410702853564,2.25,2.0733930447686344,Before the historical event,Event not experienced
0.8200000000000003,0,0,0,Nonshared environmental variance,5,9.298378672230816,9.338666823907197,9.049360062967759,9.565792222743562,9.000000000000002,9.298378672230816,Before the historical event,Event not experienced
0.8200000000000003,0,0,0,Phenotypic variance,5,15.309972060875173,15.273879593950934,15.113757846149827,15.533059149339707,15.369840137866364,15.309972060875173,Before the historical event,Event not experienced
0.8200000000000003,0,1,0,Additive genetic variance,5,3.9382003438757236,3.865696066256414,3.7550117520300295,4.156613216071314,4.119840137866362,3.9382003438757236,Before the historical event,Event experienced
0.8200000000000003,0,1,0,Nuclear-family environmental variance,5,2.0733930447686344,2.0398253043899626,1.749822889127074,2.433410702853564,2.25,2.0733930447686344,Before the historical event,Event experienced
0.8200000000000003,0,1,0,Nonshared environmental variance,5,9.298378672230816,9.338666823907197,9.049360062967759,9.565792222743562,9.000000000000002,9.298378672230816,Before the historical event,Event experienced
0.8200000000000003,0,1,0,Phenotypic variance,5,15.309972060875173,15.273879593950934,15.113757846149827,15.533059149339707,15.369840137866364,15.309972060875173,Before the historical event,Event experienced
0.8200000000000003,1,0,0,Additive genetic variance,5,3.9382003438757236,3.865696066256414,3.7550117520300295,4.156613216071314,4.119840137866362,3.9382003438757236,After the historical event,Event not experienced
0.8200000000000003,1,0,0,Nuclear-family environmental variance,5,2.0733930447686344,2.0398253043899626,1.749822889127074,2.433410702853564,2.25,2.0733930447686344,After the historical event,Event not experienced
0.8200000000000003,1,0,0,Nonshared environmental variance,5,9.298378672230816,9.338666823907197,9.049360062967759,9.565792222743562,9.000000000000002,9.298378672230816,After the historical event,Event not experienced
0.8200000000000003,1,0,0,Phenotypic variance,5,15.309972060875173,15.273879593950934,15.113757846149827,15.533059149339707,15.369840137866364,15.309972060875173,After the historical event,Event not experienced
0.8200000000000003,1,1,1,Additive genetic variance,5,5.654122170574304,5.047647044295567,4.491009407028437,7.858974790517395,6.146079268002854,5.654122170574304,After the historical event,Event experienced
0.8200000000000003,1,1,1,Nuclear-family environmental variance,5,2.229379520009411,2.274623097756715,2.053744525767057,2.2872736769700186,2.25,2.229379520009411,After the historical event,Event experienced
0.8200000000000003,1,1,1,Nonshared environmental variance,5,9.136184150194005,9.292792364748857,8.716546324941339,9.457462292049758,9.000000000000002,9.136184150194005,After the historical event,Event experienced
0.8200000000000003,1,1,1,Phenotypic variance,5,17.01968584077772,16.48516949692993,15.816032715606225,18.909547452519494,17.396079268002858,17.01968584077772,After the historical event,Event experienced
0.8399999999999999,0,0,0,Additive genetic variance,5,3.9335124629053344,3.8602535169604733,3.7493159869904966,4.146649125472532,4.10897810409564,3.9335124629053344,Before the historical event,Event not experienced
0.8399999999999999,0,0,0,Nuclear-family environmental variance,5,2.0728276271314376,2.0357383570929937,1.7513190771114246,2.4311722647159755,2.25,2.0728276271314376,Before the historical event,Event not experienced
0.8399999999999999,0,0,0,Nonshared environmental variance,5,9.29876172023159,9.342670816660613,9.052073783859951,9.563884216498352,9.000000000000002,9.29876172023159,Before the historical event,Event not experienced
0.8399999999999999,0,0,0,Phenotypic variance,5,15.305101810268363,15.26571362585632,15.112812434852978,15.527881060001365,15.358978104095641,15.305101810268363,Before the historical event,Event not experienced
0.8399999999999999,0,1,0,Additive genetic variance,5,3.9335124629053344,3.8602535169604733,3.7493159869904966,4.146649125472532,4.10897810409564,3.9335124629053344,Before the historical event,Event experienced
0.8399999999999999,0,1,0,Nuclear-family environmental variance,5,2.0728276271314376,2.0357383570929937,1.7513190771114246,2.4311722647159755,2.25,2.0728276271314376,Before the historical event,Event experienced
0.8399999999999999,0,1,0,Nonshared environmental variance,5,9.29876172023159,9.342670816660613,9.052073783859951,9.563884216498352,9.000000000000002,9.29876172023159,Before the historical event,Event experienced
0.8399999999999999,0,1,0,Phenotypic variance,5,15.305101810268363,15.26571362585632,15.112812434852978,15.527881060001365,15.358978104095641,15.305101810268363,Before the historical event,Event experienced
0.8399999999999999,1,0,0,Additive genetic variance,5,3.9335124629053344,3.8602535169604733,3.7493159869904966,4.146649125472532,4.10897810409564,3.9335124629053344,After the historical event,Event not experienced
0.8399999999999999,1,0,0,Nuclear-family environmental variance,5,2.0728276271314376,2.0357383570929937,1.7513190771114246,2.4311722647159755,2.25,2.0728276271314376,After the historical event,Event not experienced
0.8399999999999999,1,0,0,Nonshared environmental variance,5,9.29876172023159,9.342670816660613,9.052073783859951,9.563884216498352,9.000000000000002,9.29876172023159,After the historical event,Event not experienced
0.8399999999999999,1,0,0,Phenotypic variance,5,15.305101810268363,15.26571362585632,15.112812434852978,15.527881060001365,15.358978104095641,15.305101810268363,After the historical event,Event not experienced
0.8399999999999999,1,1,1,Additive genetic variance,5,5.647133495230825,5.050439918118493,4.4866551347472665,7.846486365764125,6.129875017757078,5.647133495230825,After the historical event,Event experienced
0.8399999999999999,1,1,1,Nuclear-family environmental variance,5,2.2288764129820984,2.272864503194204,2.0564439569348156,2.288406227337233,2.25,2.2288764129820984,After the historical event,Event experienced
0.8399999999999999,1,1,1,Nonshared environmental variance,5,9.136498477897222,9.2915926709231,8.720222663460168,9.455271501988776,9.000000000000002,9.136498477897222,After the historical event,Event experienced
0.8399999999999999,1,1,1,Phenotypic variance,5,17.012508386110145,16.471816477839266,15.814865338251563,18.898114795446563,17.37987501775708,17.012508386110145,After the historical event,Event experienced
0.8599999999999999,0,0,0,Additive genetic variance,5,3.9282221838404703,3.85422885986752,3.742946232757991,4.136074167937781,4.097489057575476,3.9282221838404703,Before the historical event,Event not experienced
0.8599999999999999,0,0,0,Nuclear-family environmental variance,5,2.0722791753825103,2.0316904437165055,1.7528437154416854,2.4289524221166587,2.25,2.0722791753825103,Before the historical event,Event not experienced
0.8599999999999999,0,0,0,Nonshared environmental variance,5,9.299099703188691,9.346608006766616,9.054725724558784,9.561912338709995,9.000000000000002,9.299099703188691,Before the historical event,Event not experienced
0.8599999999999999,0,0,0,Phenotypic variance,5,15.299601062411673,15.25693020229201,15.11131081225317,15.521977959406232,15.347489057575478,15.299601062411673,Before the historical event,Event not experienced
0.8599999999999999,0,1,0,Additive genetic variance,5,3.9282221838404703,3.85422885986752,3.742946232757991,4.136074167937781,4.097489057575476,3.9282221838404703,Before the historical event,Event experienced
0.8599999999999999,0,1,0,Nuclear-family environmental variance,5,2.0722791753825103,2.0316904437165055,1.7528437154416854,2.4289524221166587,2.25,2.0722791753825103,Before the historical event,Event experienced
0.8599999999999999,0,1,0,Nonshared environmental variance,5,9.299099703188691,9.346608006766616,9.054725724558784,9.561912338709995,9.000000000000002,9.299099703188691,Before the historical event,Event experienced
0.8599999999999999,0,1,0,Phenotypic variance,5,15.299601062411673,15.25693020229201,15.11131081225317,15.521977959406232,15.347489057575478,15.299601062411673,Before the historical event,Event experienced
0.8599999999999999,1,0,0,Additive genetic variance,5,3.9282221838404703,3.85422885986752,3.742946232757991,4.136074167937781,4.097489057575476,3.9282221838404703,After the historical event,Event not experienced
0.8599999999999999,1,0,0,Nuclear-family environmental variance,5,2.0722791753825103,2.0316904437165055,1.7528437154416854,2.4289524221166587,2.25,2.0722791753825103,After the historical event,Event not experienced
0.8599999999999999,1,0,0,Nonshared environmental variance,5,9.299099703188691,9.346608006766616,9.054725724558784,9.561912338709995,9.000000000000002,9.299099703188691,After the historical event,Event not experienced
0.8599999999999999,1,0,0,Phenotypic variance,5,15.299601062411673,15.25693020229201,15.11131081225317,15.521977959406232,15.347489057575478,15.299601062411673,After the historical event,Event not experienced
0.8599999999999999,1,1,1,Additive genetic variance,5,5.639258663156166,5.05252595558301,4.481648137162086,7.832575559438033,6.112735374405948,5.639258663156166,After the historical event,Event experienced
0.8599999999999999,1,1,1,Nuclear-family environmental variance,5,2.2283928735286143,2.272278923881161,2.0590227174954676,2.289581402201495,2.25,2.2283928735286143,After the historical event,Event experienced
0.8599999999999999,1,1,1,Nonshared environmental variance,5,9.136769020199944,9.290404987552277,8.72383662018286,9.45304264791549,9.000000000000002,9.136769020199944,After the historical event,Event experienced
0.8599999999999999,1,1,1,Phenotypic variance,5,17.004420556884725,16.457718653124836,15.813049931270555,18.88521751793698,17.36273537440595,17.004420556884725,After the historical event,Event experienced
0.8799999999999999,0,0,0,Additive genetic variance,5,3.9223320613295223,3.8476248455209525,3.7359059929282132,4.124893209740661,4.085378422547272,3.9223320613295223,Before the historical event,Event not experienced
0.8799999999999999,0,0,0,Nuclear-family environmental variance,5,2.0717476457335118,2.0276813638528393,1.7543968675061854,2.4267511241910324,2.25,2.0717476457335118,Before the historical event,Event not experienced
0.8799999999999999,0,0,0,Nonshared environmental variance,5,9.29939260325918,9.350478308334898,9.05731582487854,9.559876630994783,9.000000000000002,9.29939260325918,Before the historical event,Event not experienced
0.8799999999999999,0,0,0,Phenotypic variance,5,15.293472310322214,15.24753209947732,15.109254209366448,15.515353631612408,15.335378422547274,15.293472310322214,Before the historical event,Event not experienced
0.8799999999999999,0,1,0,Additive genetic variance,5,3.9223320613295223,3.8476248455209525,3.7359059929282132,4.124893209740661,4.085378422547272,3.9223320613295223,Before the historical event,Event experienced
0.8799999999999999,0,1,0,Nuclear-family environmental variance,5,2.0717476457335118,2.0276813638528393,1.7543968675061854,2.4267511241910324,2.25,2.0717476457335118,Before the historical event,Event experienced
0.8799999999999999,0,1,0,Nonshared environmental variance,5,9.29939260325918,9.350478308334898,9.05731582487854,9.559876630994783,9.000000000000002,9.29939260325918,Before the historical event,Event experienced
0.8799999999999999,0,1,0,Phenotypic variance,5,15.293472310322214,15.24753209947732,15.109254209366448,15.515353631612408,15.335378422547274,15.293472310322214,Before the historical event,Event experienced
0.8799999999999999,1,0,0,Additive genetic variance,5,3.9223320613295223,3.8476248455209525,3.7359059929282132,4.124893209740661,4.085378422547272,3.9223320613295223,After the historical event,Event not experienced
0.8799999999999999,1,0,0,Nuclear-family environmental variance,5,2.0717476457335118,2.0276813638528393,1.7543968675061854,2.4267511241910324,2.25,2.0717476457335118,After the historical event,Event not experienced
0.8799999999999999,1,0,0,Nonshared environmental variance,5,9.29939260325918,9.350478308334898,9.05731582487854,9.559876630994783,9.000000000000002,9.29939260325918,After the historical event,Event not experienced
0.8799999999999999,1,0,0,Phenotypic variance,5,15.293472310322214,15.24753209947732,15.109254209366448,15.515353631612408,15.335378422547274,15.293472310322214,After the historical event,Event not experienced
0.8799999999999999,1,1,1,Additive genetic variance,5,5.630501566099882,5.053904279758737,4.47599063269049,7.817250023045852,6.094668429966753,5.630501566099882,After the historical event,Event experienced
0.8799999999999999,1,1,1,Nuclear-family environmental variance,5,2.2279288582105647,2.2680047323294463,2.0615982679865112,2.2911679283481043,2.25,2.2279288582105647,After the historical event,Event experienced
0.8799999999999999,1,1,1,Nonshared environmental variance,5,9.136995760610072,9.289229310070132,8.727388116272666,9.45077575675977,9.000000000000002,9.136995760610072,After the historical event,Event experienced
0.8799999999999999,1,1,1,Phenotypic variance,5,16.995426184920518,16.442882555109943,15.810587916580928,18.870863154864928,17.344668429966752,16.995426184920518,After the historical event,Event experienced
0.8999999999999999,0,0,0,Additive genetic variance,5,3.915844927319005,3.8404444856577964,3.728199132814975,4.113111382996079,4.072651905559175,3.915844927319005,Before the historical event,Event not experienced
0.8999999999999999,0,0,0,Nuclear-family environmental variance,5,2.0712329952999027,2.0237109192583183,1.7559785983148044,2.424568320548916,2.25,2.0712329952999027,Before the historical event,Event not experienced
0.8999999999999999,0,0,0,Nonshared environmental variance,5,9.299640403576621,9.354281636910653,9.059844025931453,9.55777713644477,9.000000000000002,9.299640403576621,Before the historical event,Event not experienced
0.8999999999999999,0,0,0,Phenotypic variance,5,15.28671832619553,15.237522355194294,15.10664409953614,15.508012227164686,15.322651905559177,15.28671832619553,Before the historical event,Event not experienced
0.8999999999999999,0,1,0,Additive genetic variance,5,3.915844927319005,3.8404444856577964,3.728199132814975,4.113111382996079,4.072651905559175,3.915844927319005,Before the historical event,Event experienced
0.8999999999999999,0,1,0,Nuclear-family environmental variance,5,2.0712329952999027,2.0237109192583183,1.7559785983148044,2.424568320548916,2.25,2.0712329952999027,Before the historical event,Event experienced
0.8999999999999999,0,1,0,Nonshared environmental variance,5,9.299640403576621,9.354281636910653,9.059844025931453,9.55777713644477,9.000000000000002,9.299640403576621,Before the historical event,Event experienced
0.8999999999999999,0,1,0,Phenotypic variance,5,15.28671832619553,15.237522355194294,15.10664409953614,15.508012227164686,15.322651905559177,15.28671832619553,Before the historical event,Event experienced
0.8999999999999999,1,0,0,Additive genetic variance,5,3.915844927319005,3.8404444856577964,3.728199132814975,4.113111382996079,4.072651905559175,3.915844927319005,After the historical event,Event not experienced
0.8999999999999999,1,0,0,Nuclear-family environmental variance,5,2.0712329952999027,2.0237109192583183,1.7559785983148044,2.424568320548916,2.25,2.0712329952999027,After the historical event,Event not experienced
0.8999999999999999,1,0,0,Nonshared environmental variance,5,9.299640403576621,9.354281636910653,9.059844025931453,9.55777713644477,9.000000000000002,9.299640403576621,After the historical event,Event not experienced
0.8999999999999999,1,0,0,Phenotypic variance,5,15.28671832619553,15.237522355194294,15.10664409953614,15.508012227164686,15.322651905559177,15.28671832619553,After the historical event,Event not experienced
0.8999999999999999,1,1,1,Additive genetic variance,5,5.620866514643503,5.054574311091991,4.469685122923863,7.800518176179239,6.075682697608959,5.620866514643503,After the historical event,Event experienced
0.8999999999999999,1,1,1,Nuclear-family environmental variance,5,2.2274843246524387,2.265758083091944,2.0639511288474477,2.2928136969083472,2.25,2.2274843246524387,After the historical event,Event experienced
0.8999999999999999,1,1,1,Nonshared environmental variance,5,9.137178683581324,9.288065633956949,8.73087707423395,9.448470855949003,9.000000000000002,9.137178683581324,After the historical event,Event experienced
0.8999999999999999,1,1,1,Phenotypic variance,5,16.985529522877265,16.42731503311296,15.807480998154043,18.85506001087014,17.32568269760896,16.985529522877265,After the historical event,Event experienced
0.9199999999999999,0,0,0,Additive genetic variance,5,3.9087638887659675,3.832691050919699,3.7198298759044706,4.100734081735246,4.059315490985379,3.9087638887659675,Before the historical event,Event not experienced
0.9199999999999999,0,0,0,Nuclear-family environmental variance,5,2.0707351820987947,2.0197789138369515,1.7575889745053075,2.4224039612725448,2.25,2.0707351820987947,Before the historical event,Event not experienced
0.9199999999999999,0,0,0,Nonshared environmental variance,5,9.299843088251729,9.35313964427229,9.062310270129872,9.55610172614666,9.000000000000002,9.299843088251729,Before the historical event,Event not experienced
0.9199999999999999,0,0,0,Phenotypic variance,5,15.27934215911649,15.226904266498266,15.10348219731197,15.499958259238449,15.30931549098538,15.27934215911649,Before the historical event,Event not experienced
0.9199999999999999,0,1,0,Additive genetic variance,5,3.9087638887659675,3.832691050919699,3.7198298759044706,4.100734081735246,4.059315490985379,3.9087638887659675,Before the historical event,Event experienced
0.9199999999999999,0,1,0,Nuclear-family environmental variance,5,2.0707351820987947,2.0197789138369515,1.7575889745053075,2.4224039612725448,2.25,2.0707351820987947,Before the historical event,Event experienced
0.9199999999999999,0,1,0,Nonshared environmental variance,5,9.299843088251729,9.35313964427229,9.062310270129872,9.55610172614666,9.000000000000002,9.299843088251729,Before the historical event,Event experienced
0.9199999999999999,0,1,0,Phenotypic variance,5,15.27934215911649,15.226904266498266,15.10348219731197,15.499958259238449,15.30931549098538,15.27934215911649,Before the historical event,Event experienced
0.9199999999999999,1,0,0,Additive genetic variance,5,3.9087638887659675,3.832691050919699,3.7198298759044706,4.100734081735246,4.059315490985379,3.9087638887659675,After the historical event,Event not experienced
0.9199999999999999,1,0,0,Nuclear-family environmental variance,5,2.0707351820987947,2.0197789138369515,1.7575889745053075,2.4224039612725448,2.25,2.0707351820987947,After the historical event,Event not experienced
0.9199999999999999,1,0,0,Nonshared environmental variance,5,9.299843088251729,9.35313964427229,9.062310270129872,9.55610172614666,9.000000000000002,9.299843088251729,After the historical event,Event not experienced
0.9199999999999999,1,0,0,Phenotypic variance,5,15.27934215911649,15.226904266498266,15.10348219731197,15.499958259238449,15.30931549098538,15.27934215911649,After the historical event,Event not experienced
0.9199999999999999,1,1,1,Additive genetic variance,5,5.61035823463073,5.054535767811902,4.462734390783106,7.782389198790603,6.055787104969788,5.61035823463073,After the historical event,Event experienced
0.9199999999999999,1,1,1,Nuclear-family environmental variance,5,2.2270592315395583,2.263589936177024,2.066297145359268,2.294497796085563,2.25,2.2270592315395583,After the historical event,Event experienced
0.9199999999999999,1,1,1,Nonshared environmental variance,5,9.137317774513845,9.286913954739521,8.734303417915008,9.446127973407526,9.000000000000002,9.137317774513845,After the historical event,Event experienced
0.9199999999999999,1,1,1,Phenotypic variance,5,16.974735240684133,16.411023248333564,15.803731160722522,18.837817152634393,17.305787104969788,16.974735240684133,After the historical event,Event experienced
0.94,0,0,0,Additive genetic variance,5,3.901092325137197,3.8259595880860062,3.710643648016288,4.087766957790946,4.045375436337134,3.901092325137197,Before the historical event,Event not experienced
0.94,0,0,0,Nuclear-family environmental variance,5,2.0702541650468818,2.0158851536243314,1.7592280643498324,2.420257996914605,2.25,2.0702541650468818,Before the historical event,Event not experienced
0.94,0,0,0,Nonshared environmental variance,5,9.300000642372982,9.351991830331043,9.064714501188428,9.554356487990447,9.000000000000002,9.300000642372982,Before the historical event,Event not experienced
0.94,0,0,0,Phenotypic variance,5,15.271347132557061,15.215681387234628,15.09977045715573,15.491196599460109,15.295375436337135,15.271347132557061,Before the historical event,Event not experienced
0.94,0,1,0,Additive genetic variance,5,3.901092325137197,3.8259595880860062,3.710643648016288,4.087766957790946,4.045375436337134,3.901092325137197,Before the historical event,Event experienced
0.94,0,1,0,Nuclear-family environmental variance,5,2.0702541650468818,2.0158851536243314,1.7592280643498324,2.420257996914605,2.25,2.0702541650468818,Before the historical event,Event experienced
0.94,0,1,0,Nonshared environmental variance,5,9.300000642372982,9.351991830331043,9.064714501188428,9.554356487990447,9.000000000000002,9.300000642372982,Before the historical event,Event experienced
0.94,0,1,0,Phenotypic variance,5,15.271347132557061,15.215681387234628,15.09977045715573,15.491196599460109,15.295375436337135,15.271347132557061,Before the historical event,Event experienced
0.94,1,0,0,Additive genetic variance,5,3.901092325137197,3.8259595880860062,3.710643648016288,4.087766957790946,4.045375436337134,3.901092325137197,After the historical event,Event not experienced
0.94,1,0,0,Nuclear-family environmental variance,5,2.0702541650468818,2.0158851536243314,1.7592280643498324,2.420257996914605,2.25,2.0702541650468818,After the historical event,Event not experienced
0.94,1,0,0,Nonshared environmental variance,5,9.300000642372982,9.351991830331043,9.064714501188428,9.554356487990447,9.000000000000002,9.300000642372982,After the historical event,Event not experienced
0.94,1,0,0,Phenotypic variance,5,15.271347132557061,15.215681387234628,15.09977045715573,15.491196599460109,15.295375436337135,15.271347132557061,After the historical event,Event not experienced
0.94,1,1,1,Additive genetic variance,5,5.598981863266421,5.053788666127896,4.455141498470891,7.762873022782801,6.034990987159068,5.598981863266421,After the historical event,Event experienced
0.94,1,1,1,Nuclear-family environmental variance,5,2.2266535386161266,2.261440929093943,2.068642190410038,2.2962203211922705,2.25,2.2266535386161266,After the historical event,Event experienced
0.94,1,1,1,Nonshared environmental variance,5,9.137413019754772,9.285774267991131,8.737667072510822,9.443747137556008,9.000000000000002,9.137413019754772,After the historical event,Event experienced
0.94,1,1,1,Phenotypic variance,5,16.963048421637318,16.394014668515286,15.799340668285968,18.819144400471863,17.28499098715907,16.963048421637318,After the historical event,Event experienced
0.96,0,0,0,Additive genetic variance,5,3.8928338856980575,3.819715665831159,3.7006991982761455,4.074215916497455,4.0308382673706,3.8928338856980575,Before the historical event,Event not experienced
0.96,0,0,0,Nuclear-family environmental variance,5,2.069789903958442,2.0120294467717224,1.760895937761527,2.4181303784962838,2.25,2.069789903958442,Before the historical event,Event not experienced
0.96,0,0,0,Nonshared environmental variance,5,9.300113052007204,9.350856089966534,9.067056664126108,9.552539671984368,9.000000000000002,9.300113052007204,Before the historical event,Event not experienced
0.96,0,0,0,Phenotypic variance,5,15.262736841663703,15.203857525364452,15.095511071974704,15.481732473409302,15.280838267370601,15.262736841663703,Before the historical event,Event not experienced
0.96,0,1,0,Additive genetic variance,5,3.8928338856980575,3.819715665831159,3.7006991982761455,4.074215916497455,4.0308382673706,3.8928338856980575,Before the historical event,Event experienced
0.96,0,1,0,Nuclear-family environmental variance,5,2.069789903958442,2.0120294467717224,1.760895937761527,2.4181303784962838,2.25,2.069789903958442,Before the historical event,Event experienced
0.96,0,1,0,Nonshared environmental variance,5,9.300113052007204,9.350856089966534,9.067056664126108,9.552539671984368,9.000000000000002,9.300113052007204,Before the historical event,Event experienced
0.96,0,1,0,Phenotypic variance,5,15.262736841663703,15.203857525364452,15.095511071974704,15.481732473409302,15.280838267370601,15.262736841663703,Before the historical event,Event experienced
0.96,1,0,0,Additive genetic variance,5,3.8928338856980575,3.819715665831159,3.7006991982761455,4.074215916497455,4.0308382673706,3.8928338856980575,After the historical event,Event not experienced
0.96,1,0,0,Nuclear-family environmental variance,5,2.069789903958442,2.0120294467717224,1.760895937761527,2.4181303784962838,2.25,2.069789903958442,After the historical event,Event not experienced
0.96,1,0,0,Nonshared environmental variance,5,9.300113052007204,9.350856089966534,9.067056664126108,9.552539671984368,9.000000000000002,9.300113052007204,After the historical event,Event not experienced
0.96,1,0,0,Phenotypic variance,5,15.262736841663703,15.203857525364452,15.095511071974704,15.481732473409302,15.280838267370601,15.262736841663703,After the historical event,Event not experienced
0.96,1,1,1,Additive genetic variance,5,5.5867429448889165,5.052333320218348,4.446909785222561,7.741980322923403,6.013304079461006,5.5867429448889165,After the historical event,Event experienced
0.96,1,1,1,Nuclear-family environmental variance,5,2.226267206683365,2.259311011253573,2.0709862060081483,2.2979813697043063,2.25,2.226267206683365,After the historical event,Event experienced
0.96,1,1,1,Nonshared environmental variance,5,9.137464406598774,9.284646569331509,8.740967964565794,9.441328377310812,9.000000000000002,9.137464406598774,After the historical event,Event experienced
0.96,1,1,1,Phenotypic variance,5,16.950474558171056,16.3762970623902,15.794312062416243,18.799052319244026,17.263304079461008,16.950474558171056,After the historical event,Event experienced
0.98,0,0,0,Additive genetic variance,5,3.8839924865940225,3.8129257435434365,3.6901055574523145,4.063695549853597,4.01571077299691,3.8839924865940225,Before the historical event,Event not experienced
0.98,0,0,0,Nuclear-family environmental variance,5,2.069342359543423,2.0082116035303432,1.762592666301339,2.416021057505344,2.25,2.069342359543423,Before the historical event,Event not experienced
0.98,0,0,0,Nonshared environmental variance,5,9.300180304200103,9.34973241881402,9.069336705268306,9.550651319674685,9.000000000000002,9.300180304200103,Before the historical event,Event not experienced
0.98,0,0,0,Phenotypic variance,5,15.253515150337549,15.191436740101823,15.090706471484442,15.47157145580864,15.265710772996911,15.253515150337549,Before the historical event,Event not experienced
0.98,0,1,0,Additive genetic variance,5,3.8839924865940225,3.8129257435434365,3.6901055574523145,4.063695549853597,4.01571077299691,3.8839924865940225,Before the historical event,Event experienced
0.98,0,1,0,Nuclear-family environmental variance,5,2.069342359543423,2.0082116035303432,1.762592666301339,2.416021057505344,2.25,2.069342359543423,Before the historical event,Event experienced
0.98,0,1,0,Nonshared environmental variance,5,9.300180304200103,9.34973241881402,9.069336705268306,9.550651319674685,9.000000000000002,9.300180304200103,Before the historical event,Event experienced
0.98,0,1,0,Phenotypic variance,5,15.253515150337549,15.191436740101823,15.090706471484442,15.47157145580864,15.265710772996911,15.253515150337549,Before the historical event,Event experienced
0.98,1,0,0,Additive genetic variance,5,3.8839924865940225,3.8129257435434365,3.6901055574523145,4.063695549853597,4.01571077299691,3.8839924865940225,After the historical event,Event not experienced
0.98,1,0,0,Nuclear-family environmental variance,5,2.069342359543423,2.0082116035303432,1.762592666301339,2.416021057505344,2.25,2.069342359543423,After the historical event,Event not experienced
0.98,1,0,0,Nonshared environmental variance,5,9.300180304200103,9.34973241881402,9.069336705268306,9.550651319674685,9.000000000000002,9.300180304200103,After the historical event,Event not experienced
0.98,1,0,0,Phenotypic variance,5,15.253515150337549,15.191436740101823,15.090706471484442,15.47157145580864,15.265710772996911,15.253515150337549,After the historical event,Event not experienced
0.98,1,1,1,Additive genetic variance,5,5.573647426420619,5.0501703420103645,4.4380428648579695,7.719722507095283,5.990736509740908,5.573647426420619,After the historical event,Event experienced
0.98,1,1,1,Nuclear-family environmental variance,5,2.225900197597741,2.257200132546573,2.0733291344233247,2.2997810412696817,2.25,2.225900197597741,After the historical event,Event experienced
0.98,1,1,1,Nonshared environmental variance,5,9.137471923288556,9.283530854426811,8.744206021976412,9.438871722083393,9.000000000000002,9.137471923288556,After the historical event,Event experienced
0.98,1,1,1,Phenotypic variance,5,16.937019547306917,16.357878493911613,15.78864816036402,18.777552208610867,17.240736509740913,16.937019547306917,After the historical event,Event experienced
1,0,0,0,Additive genetic variance,5,3.8745723077282275,3.8055927706294392,3.678868472919344,4.060009393700243,4,3.8745723077282275,Before the historical event,Event not experienced
1,0,0,0,Nuclear-family environmental variance,5,2.0689114934055977,2.0044314362358406,1.7643183231849646,2.413929985894214,2.25,2.0689114934055977,Before the historical event,Event not experienced
1,0,0,0,Nonshared environmental variance,5,9.300202386976794,9.348620812555485,9.071554572248816,9.548691474214957,9.000000000000002,9.300202386976794,Before the historical event,Event not experienced
1,0,0,0,Phenotypic variance,5,15.243686188110619,15.178423338865915,15.085359320402503,15.460719465407053,15.250000000000002,15.243686188110619,Before the historical event,Event not experienced
1,0,1,0,Additive genetic variance,5,3.8745723077282275,3.8055927706294392,3.678868472919344,4.060009393700243,4,3.8745723077282275,Before the historical event,Event experienced
1,0,1,0,Nuclear-family environmental variance,5,2.0689114934055977,2.0044314362358406,1.7643183231849646,2.413929985894214,2.25,2.0689114934055977,Before the historical event,Event experienced
1,0,1,0,Nonshared environmental variance,5,9.300202386976794,9.348620812555485,9.071554572248816,9.548691474214957,9.000000000000002,9.300202386976794,Before the historical event,Event experienced
1,0,1,0,Phenotypic variance,5,15.243686188110619,15.178423338865915,15.085359320402503,15.460719465407053,15.250000000000002,15.243686188110619,Before the historical event,Event experienced
1,1,0,0,Additive genetic variance,5,3.8745723077282275,3.8055927706294392,3.678868472919344,4.060009393700243,4,3.8745723077282275,After the historical event,Event not experienced
1,1,0,0,Nuclear-family environmental variance,5,2.0689114934055977,2.0044314362358406,1.7643183231849646,2.413929985894214,2.25,2.0689114934055977,After the historical event,Event not experienced
1,1,0,0,Nonshared environmental variance,5,9.300202386976794,9.348620812555485,9.071554572248816,9.548691474214957,9.000000000000002,9.300202386976794,After the historical event,Event not experienced
1,1,0,0,Phenotypic variance,5,15.243686188110619,15.178423338865915,15.085359320402503,15.460719465407053,15.250000000000002,15.243686188110619,After the historical event,Event not experienced
1,1,1,1,Additive genetic variance,5,5.5597016525021266,5.047300640751002,4.428544623136789,7.696111705895984,5.967298790565081,5.5597016525021266,After the historical event,Event experienced
1,1,1,1,Nuclear-family environmental variance,5,2.225552474269291,2.2551082433414225,2.0756709181856903,2.301619437717641,2.25,2.225552474269291,After the historical event,Event experienced
1,1,1,1,Nonshared environmental variance,5,9.137435559015337,9.2824271189896,8.747381173993888,9.436377201779644,9.000000000000002,9.137435559015337,After the historical event,Event experienced
1,1,1,1,Phenotypic variance,5,16.922689685786754,16.338767316280865,15.782352052968637,18.75465609263083,17.21729879056508,16.922689685786754,After the historical event,Event experienced
1.0200000000000005,0,0,0,Additive genetic variance,5,3.86457778943853,3.7977199284247245,3.6669940290434937,4.055755807562427,3.9837132475679375,3.86457778943853,Before the historical event,Event not experienced
1.0200000000000005,0,0,0,Nuclear-family environmental variance,5,2.0684972680407996,2.0006887592929443,1.7660729832899436,2.4118571160780986,2.25,2.0684972680407996,Before the historical event,Event not experienced
1.0200000000000005,0,0,0,Nonshared environmental variance,5,9.30017928934227,9.347521266919612,9.073710214011808,9.546660180364437,9.000000000000002,9.30017928934227,Before the historical event,Event not experienced
1.0200000000000005,0,0,0,Phenotypic variance,5,15.233254346821598,15.164821874050977,15.079472516474967,15.449182759563215,15.23371324756794,15.233254346821598,Before the historical event,Event not experienced
1.0200000000000005,0,1,0,Additive genetic variance,5,3.86457778943853,3.7977199284247245,3.6669940290434937,4.055755807562427,3.9837132475679375,3.86457778943853,Before the historical event,Event experienced
1.0200000000000005,0,1,0,Nuclear-family environmental variance,5,2.0684972680407996,2.0006887592929443,1.7660729832899436,2.4118571160780986,2.25,2.0684972680407996,Before the historical event,Event experienced
1.0200000000000005,0,1,0,Nonshared environmental variance,5,9.30017928934227,9.347521266919612,9.073710214011808,9.546660180364437,9.000000000000002,9.30017928934227,Before the historical event,Event experienced
1.0200000000000005,0,1,0,Phenotypic variance,5,15.233254346821598,15.164821874050977,15.079472516474967,15.449182759563215,15.23371324756794,15.233254346821598,Before the historical event,Event experienced
1.0200000000000005,1,0,0,Additive genetic variance,5,3.86457778943853,3.7977199284247245,3.6669940290434937,4.055755807562427,3.9837132475679375,3.86457778943853,After the historical event,Event not experienced
1.0200000000000005,1,0,0,Nuclear-family environmental variance,5,2.0684972680407996,2.0006887592929443,1.7660729832899436,2.4118571160780986,2.25,2.0684972680407996,After the historical event,Event not experienced
1.0200000000000005,1,0,0,Nonshared environmental variance,5,9.30017928934227,9.347521266919612,9.073710214011808,9.546660180364437,9.000000000000002,9.30017928934227,After the historical event,Event not experienced
1.0200000000000005,1,0,0,Phenotypic variance,5,15.233254346821598,15.164821874050977,15.079472516474967,15.449182759563215,15.23371324756794,15.233254346821598,After the historical event,Event not experienced
1.0200000000000005,1,1,1,Additive genetic variance,5,5.544912360315535,5.0437254223702555,4.418419214919996,7.671160761599124,5.943001811042563,5.544912360315535,After the historical event,Event experienced
1.0200000000000005,1,1,1,Nuclear-family environmental variance,5,2.22522400066003,2.25303529448248,2.0780115000848354,2.303496663067921,2.25,2.22522400066003,After the historical event,Event experienced
1.0200000000000005,1,1,1,Nonshared environmental variance,5,9.137355303919279,9.281335358778803,8.750493351226723,9.433844846799218,9.000000000000002,9.137355303919279,After the historical event,Event experienced
1.0200000000000005,1,1,1,Phenotypic variance,5,16.90749166489484,16.318972165774664,15.775427102373186,18.730376708722787,17.193001811042564,16.90749166489484,After the historical event,Event experienced
1.04,0,0,0,Additive genetic variance,5,3.8540136289778326,3.789310627893668,3.654488641678417,4.050936629355018,3.966858061643717,3.8540136289778326,Before the historical event,Event not experienced
1.04,0,0,0,Nuclear-family environmental variance,5,2.068099646835235,1.996983389160314,1.7678567231629168,2.409802400933112,2.25,2.068099646835235,Before the historical event,Event not experienced
1.04,0,0,0,Nonshared environmental variance,5,9.300111001281843,9.346433777681767,9.075803580813703,9.544557484486328,9.000000000000002,9.300111001281843,Before the historical event,Event not experienced
1.04,0,0,0,Phenotypic variance,5,15.222224277094911,15.150637139617755,15.07304918833777,15.43696792853591,15.21685806164372,15.222224277094911,Before the historical event,Event not experienced
1.04,0,1,0,Additive genetic variance,5,3.8540136289778326,3.789310627893668,3.654488641678417,4.050936629355018,3.966858061643717,3.8540136289778326,Before the historical event,Event experienced
1.04,0,1,0,Nuclear-family environmental variance,5,2.068099646835235,1.996983389160314,1.7678567231629168,2.409802400933112,2.25,2.068099646835235,Before the historical event,Event experienced
1.04,0,1,0,Nonshared environmental variance,5,9.300111001281843,9.346433777681767,9.075803580813703,9.544557484486328,9.000000000000002,9.300111001281843,Before the historical event,Event experienced
1.04,0,1,0,Phenotypic variance,5,15.222224277094911,15.150637139617755,15.07304918833777,15.43696792853591,15.21685806164372,15.222224277094911,Before the historical event,Event experienced
1.04,1,0,0,Additive genetic variance,5,3.8540136289778326,3.789310627893668,3.654488641678417,4.050936629355018,3.966858061643717,3.8540136289778326,After the historical event,Event not experienced
1.04,1,0,0,Nuclear-family environmental variance,5,2.068099646835235,1.996983389160314,1.7678567231629168,2.409802400933112,2.25,2.068099646835235,After the historical event,Event not experienced
1.04,1,0,0,Nonshared environmental variance,5,9.300111001281843,9.346433777681767,9.075803580813703,9.544557484486328,9.000000000000002,9.300111001281843,After the historical event,Event not experienced
1.04,1,0,0,Phenotypic variance,5,15.222224277094911,15.150637139617755,15.07304918833777,15.43696792853591,15.21685806164372,15.222224277094911,After the historical event,Event not experienced
1.04,1,1,1,Additive genetic variance,5,5.529286674102888,5.0394461886364805,4.407671061140424,7.6448832164919684,5.917856828397474,5.529286674102888,After the historical event,Event experienced
1.04,1,1,1,Nuclear-family environmental variance,5,2.224914741782457,2.2509812372880567,2.080350823168915,2.3054128235402254,2.25,2.224914741782457,After the historical event,Event experienced
1.04,1,1,1,Nonshared environmental variance,5,9.137231149089898,9.280255569599694,8.753542485643234,9.431274688034888,9.000000000000002,9.137231149089898,After the historical event,Event experienced
1.04,1,1,1,Phenotypic variance,5,16.891432564975243,16.298501955379397,15.767876939547333,18.70472749600411,17.167856828397476,16.891432564975243,After the historical event,Event experienced
1.0600000000000005,0,0,0,Additive genetic variance,5,3.8428847768016086,3.7803685071666435,3.6413590523735007,4.045553933352528,3.949442229101612,3.8428847768016086,Before the historical event,Event not experienced
1.0600000000000005,0,0,0,Nuclear-family environmental variance,5,2.067718594063867,1.993315144335567,1.769669621027036,2.4077657937944252,2.25,2.067718594063867,Before the historical event,Event not experienced
1.0600000000000005,0,0,0,Nonshared environmental variance,5,9.29999751376156,9.345358340663953,9.077834624225051,9.542383434546043,9.000000000000002,9.29999751376156,Before the historical event,Event not experienced
1.0600000000000005,0,0,0,Phenotypic variance,5,15.210600884627036,15.135874167509826,15.06609269321499,15.424081889488525,15.199442229101614,15.210600884627036,Before the historical event,Event not experienced
1.0600000000000005,0,1,0,Additive genetic variance,5,3.8428847768016086,3.7803685071666435,3.6413590523735007,4.045553933352528,3.949442229101612,3.8428847768016086,Before the historical event,Event experienced
1.0600000000000005,0,1,0,Nuclear-family environmental variance,5,2.067718594063867,1.993315144335567,1.769669621027036,2.4077657937944252,2.25,2.067718594063867,Before the historical event,Event experienced
1.0600000000000005,0,1,0,Nonshared environmental variance,5,9.29999751376156,9.345358340663953,9.077834624225051,9.542383434546043,9.000000000000002,9.29999751376156,Before the historical event,Event experienced
1.0600000000000005,0,1,0,Phenotypic variance,5,15.210600884627036,15.135874167509826,15.06609269321499,15.424081889488525,15.199442229101614,15.210600884627036,Before the historical event,Event experienced
1.0600000000000005,1,0,0,Additive genetic variance,5,3.8428847768016086,3.7803685071666435,3.6413590523735007,4.045553933352528,3.949442229101612,3.8428847768016086,After the historical event,Event not experienced
1.0600000000000005,1,0,0,Nuclear-family environmental variance,5,2.067718594063867,1.993315144335567,1.769669621027036,2.4077657937944252,2.25,2.067718594063867,After the historical event,Event not experienced
1.0600000000000005,1,0,0,Nonshared environmental variance,5,9.29999751376156,9.345358340663953,9.077834624225051,9.542383434546043,9.000000000000002,9.29999751376156,After the historical event,Event not experienced
1.0600000000000005,1,0,0,Phenotypic variance,5,15.210600884627036,15.135874167509826,15.06609269321499,15.424081889488525,15.199442229101614,15.210600884627036,After the historical event,Event not experienced
1.0600000000000005,1,1,1,Additive genetic variance,5,5.512832099386096,5.034464736105096,4.396304845585497,7.617293300603981,5.8918754592811755,5.512832099386096,After the historical event,Event experienced
1.0600000000000005,1,1,1,Nuclear-family environmental variance,5,2.224624663698149,2.248946023548516,2.0826888307437694,2.307368027563893,2.25,2.224624663698149,After the historical event,Event experienced
1.0600000000000005,1,1,1,Nonshared environmental variance,5,9.137063086566435,9.279187747303862,8.75652851057403,9.428666756871852,9.000000000000002,9.137063086566435,After the historical event,Event experienced
1.0600000000000005,1,1,1,Phenotypic variance,5,16.87451984965068,16.277365868239205,15.759705461620264,18.67772258301977,17.141875459281177,16.87451984965068,After the historical event,Event experienced
1.08,0,0,0,Additive genetic variance,5,3.8311964326667667,3.7708974289169968,3.6276123223022037,4.039610028699929,3.9314737717553894,3.8311964326667667,Before the historical event,Event not experienced
1.08,0,0,0,Nuclear-family environmental variance,5,2.067354074888881,1.9896838453404913,1.771511756789532,2.4057472484544316,2.25,2.067354074888881,Before the historical event,Event not experienced
1.08,0,0,0,Nonshared environmental variance,5,9.299838818728572,9.344294951734799,9.079803297132356,9.54013808010937,9.000000000000002,9.299838818728572,Before the historical event,Event not experienced
1.08,0,0,0,Phenotypic variance,5,15.19838932628422,15.120538223898688,15.05860661445641,15.410531880215238,15.18147377175539,15.19838932628422,Before the historical event,Event not experienced
1.08,0,1,0,Additive genetic variance,5,3.8311964326667667,3.7708974289169968,3.6276123223022037,4.039610028699929,3.9314737717553894,3.8311964326667667,Before the historical event,Event experienced
1.08,0,1,0,Nuclear-family environmental variance,5,2.067354074888881,1.9896838453404913,1.771511756789532,2.4057472484544316,2.25,2.067354074888881,Before the historical event,Event experienced
1.08,0,1,0,Nonshared environmental variance,5,9.299838818728572,9.344294951734799,9.079803297132356,9.54013808010937,9.000000000000002,9.299838818728572,Before the historical event,Event experienced
1.08,0,1,0,Phenotypic variance,5,15.19838932628422,15.120538223898688,15.05860661445641,15.410531880215238,15.18147377175539,15.19838932628422,Before the historical event,Event experienced
1.08,1,0,0,Additive genetic variance,5,3.8311964326667667,3.7708974289169968,3.6276123223022037,4.039610028699929,3.9314737717553894,3.8311964326667667,After the historical event,Event not experienced
1.08,1,0,0,Nuclear-family environmental variance,5,2.067354074888881,1.9896838453404913,1.771511756789532,2.4057472484544316,2.25,2.067354074888881,After the historical event,Event not experienced
1.08,1,0,0,Nonshared environmental variance,5,9.299838818728572,9.344294951734799,9.079803297132356,9.54013808010937,9.000000000000002,9.299838818728572,After the historical event,Event not experienced
1.08,1,0,0,Phenotypic variance,5,15.19838932628422,15.120538223898688,15.05860661445641,15.410531880215238,15.18147377175539,15.19838932628422,After the historical event,Event not experienced
1.08,1,1,1,Additive genetic variance,5,5.495556516894952,5.028783154861549,4.38432551149541,7.588405918841999,5.8650696708335675,5.495556516894952,After the historical event,Event experienced
1.08,1,1,1,Nuclear-family environmental variance,5,2.2243537335164443,2.2469296055243833,2.0850254663720595,2.309362385787777,2.25,2.2243537335164443,After the historical event,Event experienced
1.08,1,1,1,Nonshared environmental variance,5,9.136851109338203,9.278131887789188,8.759451360714463,9.42602108518704,9.000000000000002,9.136851109338203,After the historical event,Event experienced
1.08,1,1,1,Phenotypic variance,5,16.856761359749598,16.255573350924656,15.750916829026469,18.649376774877947,17.11506967083357,16.856761359749598,After the historical event,Event experienced
1.0999999999999996,0,0,0,Additive genetic variance,5,3.8189540415462138,3.7609014775804677,3.6132558259180465,4.033107457760562,3.9129609402048398,3.8189540415462138,Before the historical event,Event not experienced
1.0999999999999996,0,0,0,Nuclear-family environmental variance,5,2.067006055358218,1.9860893147064353,1.7733832120494433,2.4037467191609405,2.25,2.067006055358218,Before the historical event,Event not experienced
1.0999999999999996,0,0,0,Nonshared environmental variance,5,9.299634909111486,9.343243606809526,9.081709553739811,9.537821472340614,9.000000000000002,9.299634909111486,Before the historical event,Event not experienced
1.0999999999999996,0,0,0,Phenotypic variance,5,15.18559500601592,15.104634805261517,15.050594758916844,15.396325452596786,15.162960940204842,15.18559500601592,Before the historical event,Event not experienced
1.0999999999999996,0,1,0,Additive genetic variance,5,3.8189540415462138,3.7609014775804677,3.6132558259180465,4.033107457760562,3.9129609402048398,3.8189540415462138,Before the historical event,Event experienced
1.0999999999999996,0,1,0,Nuclear-family environmental variance,5,2.067006055358218,1.9860893147064353,1.7733832120494433,2.4037467191609405,2.25,2.067006055358218,Before the historical event,Event experienced
1.0999999999999996,0,1,0,Nonshared environmental variance,5,9.299634909111486,9.343243606809526,9.081709553739811,9.537821472340614,9.000000000000002,9.299634909111486,Before the historical event,Event experienced
1.0999999999999996,0,1,0,Phenotypic variance,5,15.18559500601592,15.104634805261517,15.050594758916844,15.396325452596786,15.162960940204842,15.18559500601592,Before the historical event,Event experienced
1.0999999999999996,1,0,0,Additive genetic variance,5,3.8189540415462138,3.7609014775804677,3.6132558259180465,4.033107457760562,3.9129609402048398,3.8189540415462138,After the historical event,Event not experienced
1.0999999999999996,1,0,0,Nuclear-family environmental variance,5,2.067006055358218,1.9860893147064353,1.7733832120494433,2.4037467191609405,2.25,2.067006055358218,After the historical event,Event not experienced
1.0999999999999996,1,0,0,Nonshared environmental variance,5,9.299634909111486,9.343243606809526,9.081709553739811,9.537821472340614,9.000000000000002,9.299634909111486,After the historical event,Event not experienced
1.0999999999999996,1,0,0,Phenotypic variance,5,15.18559500601592,15.104634805261517,15.050594758916844,15.396325452596786,15.162960940204842,15.18559500601592,After the historical event,Event not experienced
1.0999999999999996,1,1,1,Additive genetic variance,5,5.477468176210197,5.022403827059823,4.371738257980198,7.558236637548261,5.8374517715031855,5.477468176210197,After the historical event,Event experienced
1.0999999999999996,1,1,1,Nuclear-family environmental variance,5,2.2241019193932234,2.2449319359444853,2.0873606738724266,2.311396011090344,2.25,2.2241019193932234,After the historical event,Event experienced
1.0999999999999996,1,1,1,Nonshared environmental variance,5,9.136595211344886,9.277087986999817,8.762310972126981,9.423337705348416,9.000000000000002,9.136595211344886,After the historical event,Event experienced
1.0999999999999996,1,1,1,Phenotypic variance,5,16.83816530694831,16.233134106529157,15.74151546246727,18.61970553980856,17.08745177150319,16.83816530694831,After the historical event,Event experienced
1.12,0,0,0,Additive genetic variance,5,3.806163289363648,3.750384956419878,3.5982972443462646,4.026048994302775,3.8939122075272037,3.806163289363648,Before the historical event,Event not experienced
1.12,0,0,0,Nuclear-family environmental variance,5,2.0666745024041933,1.9825313769598818,1.7752840701054982,2.401764160615376,2.25,2.0666745024041933,Before the historical event,Event not experienced
1.12,0,0,0,Nonshared environmental variance,5,9.299385778820652,9.342204301849923,9.083553349571028,9.535433664000614,9.000000000000002,9.299385778820652,Before the historical event,Event not experienced
1.12,0,0,0,Phenotypic variance,5,15.172223570588494,15.09662598204939,15.041215519404505,15.381470465793932,15.143912207527205,15.172223570588494,Before the historical event,Event not experienced
1.12,0,1,0,Additive genetic variance,5,3.806163289363648,3.750384956419878,3.5982972443462646,4.026048994302775,3.8939122075272037,3.806163289363648,Before the historical event,Event experienced
1.12,0,1,0,Nuclear-family environmental variance,5,2.0666745024041933,1.9825313769598818,1.7752840701054982,2.401764160615376,2.25,2.0666745024041933,Before the historical event,Event experienced
1.12,0,1,0,Nonshared environmental variance,5,9.299385778820652,9.342204301849923,9.083553349571028,9.535433664000614,9.000000000000002,9.299385778820652,Before the historical event,Event experienced
1.12,0,1,0,Phenotypic variance,5,15.172223570588494,15.09662598204939,15.041215519404505,15.381470465793932,15.143912207527205,15.172223570588494,Before the historical event,Event experienced
1.12,1,0,0,Additive genetic variance,5,3.806163289363648,3.750384956419878,3.5982972443462646,4.026048994302775,3.8939122075272037,3.806163289363648,After the historical event,Event not experienced
1.12,1,0,0,Nuclear-family environmental variance,5,2.0666745024041933,1.9825313769598818,1.7752840701054982,2.401764160615376,2.25,2.0666745024041933,After the historical event,Event not experienced
1.12,1,0,0,Nonshared environmental variance,5,9.299385778820652,9.342204301849923,9.083553349571028,9.535433664000614,9.000000000000002,9.299385778820652,After the historical event,Event not experienced
1.12,1,0,0,Phenotypic variance,5,15.172223570588494,15.09662598204939,15.041215519404505,15.381470465793932,15.143912207527205,15.172223570588494,After the historical event,Event not experienced
1.12,1,1,1,Additive genetic variance,5,5.458575689128888,5.015329425257872,4.358548536259379,7.526801670498346,5.809034401635921,5.458575689128888,After the historical event,Event experienced
1.12,1,1,1,Nuclear-family environmental variance,5,2.2238691905297703,2.2429529680041,2.089694397318674,2.313469018589966,2.25,2.2238691905297703,After the historical event,Event experienced
1.12,1,1,1,Nonshared environmental variance,5,9.136295387476814,9.276056040926129,8.765107282243475,9.420616650214265,9.000000000000002,9.136295387476814,After the historical event,Event experienced
1.12,1,1,1,Phenotypic variance,5,16.81874026713547,16.210058087600203,15.731506039691107,18.588724995161574,17.059034401635923,16.81874026713547,After the historical event,Event experienced
1.1399999999999997,0,0,0,Additive genetic variance,5,3.792830098553303,3.7393523844380057,3.582744558519429,4.0184376415271394,3.8743362628202704,3.792830098553303,Before the historical event,Event not experienced
1.1399999999999997,0,0,0,Nuclear-family environmental variance,5,2.066359383842182,1.9790098586081943,1.7772144159641636,2.399799527971009,2.25,2.066359383842182,Before the historical event,Event not experienced
1.1399999999999997,0,0,0,Nonshared environmental variance,5,9.29909142274846,9.341177032864326,9.085334641470741,9.532974709444773,9.000000000000002,9.29909142274846,Before the historical event,Event not experienced
1.1399999999999997,0,0,0,Phenotypic variance,5,15.158280905143945,15.089127605756312,15.031212150620577,15.365975079187335,15.124336262820272,15.158280905143945,Before the historical event,Event not experienced
1.1399999999999997,0,1,0,Additive genetic variance,5,3.792830098553303,3.7393523844380057,3.582744558519429,4.0184376415271394,3.8743362628202704,3.792830098553303,Before the historical event,Event experienced
1.1399999999999997,0,1,0,Nuclear-family environmental variance,5,2.066359383842182,1.9790098586081943,1.7772144159641636,2.399799527971009,2.25,2.066359383842182,Before the historical event,Event experienced
1.1399999999999997,0,1,0,Nonshared environmental variance,5,9.29909142274846,9.341177032864326,9.085334641470741,9.532974709444773,9.000000000000002,9.29909142274846,Before the historical event,Event experienced
1.1399999999999997,0,1,0,Phenotypic variance,5,15.158280905143945,15.089127605756312,15.031212150620577,15.365975079187335,15.124336262820272,15.158280905143945,Before the historical event,Event experienced
1.1399999999999997,1,0,0,Additive genetic variance,5,3.792830098553303,3.7393523844380057,3.582744558519429,4.0184376415271394,3.8743362628202704,3.792830098553303,After the historical event,Event not experienced
1.1399999999999997,1,0,0,Nuclear-family environmental variance,5,2.066359383842182,1.9790098586081943,1.7772144159641636,2.399799527971009,2.25,2.066359383842182,After the historical event,Event not experienced
1.1399999999999997,1,0,0,Nonshared environmental variance,5,9.29909142274846,9.341177032864326,9.085334641470741,9.532974709444773,9.000000000000002,9.29909142274846,After the historical event,Event not experienced
1.1399999999999997,1,0,0,Phenotypic variance,5,15.158280905143945,15.089127605756312,15.031212150620577,15.365975079187335,15.124336262820272,15.158280905143945,After the historical event,Event not experienced
1.1399999999999997,1,1,1,Additive genetic variance,5,5.438888022759629,5.007562910551664,4.344762045727914,7.494117864356636,5.77983052384246,5.438888022759629,After the historical event,Event experienced
1.1399999999999997,1,1,1,Nuclear-family environmental variance,5,2.223655517171734,2.240992655363133,2.0920265810389633,2.315581525655435,2.25,2.223655517171734,After the historical event,Event experienced
1.1399999999999997,1,1,1,Nonshared environmental variance,5,9.13595163357521,9.275036045604724,8.767840229867552,9.417857953132447,9.000000000000002,9.13595163357521,After the historical event,Event experienced
1.1399999999999997,1,1,1,Phenotypic variance,5,16.798495173506574,16.18635548891298,15.720893492095872,18.55645189286289,17.029830523842463,16.798495173506574,After the historical event,Event experienced
1.1600000000000001,0,0,0,Additive genetic variance,5,3.7789606234495463,3.72780849314178,3.5666060420656285,4.010276629936168,3.8542420046040085,3.7789606234495463,Before the historical event,Event not experienced
1.1600000000000001,0,0,0,Nuclear-family environmental variance,5,2.0660606683693827,1.9755245881255439,1.779174336347852,2.3978527768311917,2.25,2.0660606683693827,Before the historical event,Event not experienced
1.1600000000000001,0,0,0,Nonshared environmental variance,5,9.29875183676956,9.340161795907587,9.087053387606385,9.53044466462099,9.000000000000002,9.29875183676956,Before the historical event,Event not experienced
1.1600000000000001,0,0,0,Phenotypic variance,5,15.143773128588489,15.081045278019083,15.02069916873039,15.349847745072374,15.10424200460401,15.143773128588489,Before the historical event,Event not experienced
1.1600000000000001,0,1,0,Additive genetic variance,5,3.7789606234495463,3.72780849314178,3.5666060420656285,4.010276629936168,3.8542420046040085,3.7789606234495463,Before the historical event,Event experienced
1.1600000000000001,0,1,0,Nuclear-family environmental variance,5,2.0660606683693827,1.9755245881255439,1.779174336347852,2.3978527768311917,2.25,2.0660606683693827,Before the historical event,Event experienced
1.1600000000000001,0,1,0,Nonshared environmental variance,5,9.29875183676956,9.340161795907587,9.087053387606385,9.53044466462099,9.000000000000002,9.29875183676956,Before the historical event,Event experienced
1.1600000000000001,0,1,0,Phenotypic variance,5,15.143773128588489,15.081045278019083,15.02069916873039,15.349847745072374,15.10424200460401,15.143773128588489,Before the historical event,Event experienced
1.1600000000000001,1,0,0,Additive genetic variance,5,3.7789606234495463,3.72780849314178,3.5666060420656285,4.010276629936168,3.8542420046040085,3.7789606234495463,After the historical event,Event not experienced
1.1600000000000001,1,0,0,Nuclear-family environmental variance,5,2.0660606683693827,1.9755245881255439,1.779174336347852,2.3978527768311917,2.25,2.0660606683693827,After the historical event,Event not experienced
1.1600000000000001,1,0,0,Nonshared environmental variance,5,9.29875183676956,9.340161795907587,9.087053387606385,9.53044466462099,9.000000000000002,9.29875183676956,After the historical event,Event not experienced
1.1600000000000001,1,0,0,Phenotypic variance,5,15.143773128588489,15.081045278019083,15.02069916873039,15.349847745072374,15.10424200460401,15.143773128588489,After the historical event,Event not experienced
1.1600000000000001,1,1,1,Additive genetic variance,5,5.418414492355495,4.999107530509597,4.330384729852521,7.46020268360764,5.749853413154658,5.418414492355495,After the historical event,Event experienced
1.1600000000000001,1,1,1,Nuclear-family environmental variance,5,2.2234608706081747,2.2390509521443076,2.0943571696150385,2.317733651916689,2.25,2.2234608706081747,After the historical event,Event experienced
1.1600000000000001,1,1,1,Nonshared environmental variance,5,9.135563946432397,9.274027997118386,8.77050975517678,9.415061647939673,9.000000000000002,9.135563946432397,After the historical event,Event experienced
1.1600000000000001,1,1,1,Phenotypic variance,5,16.777439309396065,16.162036740093658,15.709683001156618,18.522903604346023,16.99985341315466,16.777439309396065,After the historical event,Event experienced
1.1799999999999997,0,0,0,Additive genetic variance,5,3.764561245511405,3.7157582231610116,3.5498902539581114,4.0015694150486905,3.8336385340877475,3.764561245511405,Before the historical event,Event not experienced
1.1799999999999997,0,0,0,Nuclear-family environmental variance,5,2.065778325563658,1.9720753959390063,1.7811639197032885,2.3959238632476283,2.25,2.065778325563658,Before the historical event,Event not experienced
1.1799999999999997,0,0,0,Nonshared environmental variance,5,9.298367017741068,9.339158587081037,9.088709547469689,9.527843587067528,9.000000000000002,9.298367017741068,Before the historical event,Event not experienced
1.1799999999999997,0,0,0,Phenotypic variance,5,15.128706588816131,15.072381623193639,15.009681620425113,15.333097201118248,15.083638534087749,15.128706588816131,Before the historical event,Event not experienced
1.1799999999999997,0,1,0,Additive genetic variance,5,3.764561245511405,3.7157582231610116,3.5498902539581114,4.0015694150486905,3.8336385340877475,3.764561245511405,Before the historical event,Event experienced
1.1799999999999997,0,1,0,Nuclear-family environmental variance,5,2.065778325563658,1.9720753959390063,1.7811639197032885,2.3959238632476283,2.25,2.065778325563658,Before the historical event,Event experienced
1.1799999999999997,0,1,0,Nonshared environmental variance,5,9.298367017741068,9.339158587081037,9.088709547469689,9.527843587067528,9.000000000000002,9.298367017741068,Before the historical event,Event experienced
1.1799999999999997,0,1,0,Phenotypic variance,5,15.128706588816131,15.072381623193639,15.009681620425113,15.333097201118248,15.083638534087749,15.128706588816131,Before the historical event,Event experienced
1.1799999999999997,1,0,0,Additive genetic variance,5,3.764561245511405,3.7157582231610116,3.5498902539581114,4.0015694150486905,3.8336385340877475,3.764561245511405,After the historical event,Event not experienced
1.1799999999999997,1,0,0,Nuclear-family environmental variance,5,2.065778325563658,1.9720753959390063,1.7811639197032885,2.3959238632476283,2.25,2.065778325563658,After the historical event,Event not experienced
1.1799999999999997,1,0,0,Nonshared environmental variance,5,9.298367017741068,9.339158587081037,9.088709547469689,9.527843587067528,9.000000000000002,9.298367017741068,After the historical event,Event not experienced
1.1799999999999997,1,0,0,Phenotypic variance,5,15.128706588816131,15.072381623193639,15.009681620425113,15.333097201118248,15.083638534087749,15.128706588816131,After the historical event,Event not experienced
1.1799999999999997,1,1,1,Additive genetic variance,5,5.397164753892742,4.989966816909358,4.31542277190242,7.425074194981989,5.7191166469813774,5.397164753892742,After the historical event,Event experienced
1.1799999999999997,1,1,1,Nuclear-family environmental variance,5,2.223285223170703,2.2371278129313783,2.0966861078814603,2.3199255192757486,2.25,2.223285223170703,After the historical event,Event experienced
1.1799999999999997,1,1,1,Nonshared environmental variance,5,9.135132323791957,9.273031891596053,8.773115799724847,9.412227768960749,9.000000000000002,9.135132323791957,After the historical event,Event experienced
1.1799999999999997,1,1,1,Phenotypic variance,5,16.7555823008554,16.137112498100173,15.69787999468228,18.48809810497845,16.96911664698138,16.7555823008554,After the historical event,Event experienced
1.2000000000000002,0,0,0,Additive genetic variance,5,3.7496385683872475,3.7032067207250603,3.5326060309355274,3.992319674961106,3.8125351483100185,3.7496385683872475,Before the historical event,Event not experienced
1.2000000000000002,0,0,0,Nuclear-family environmental variance,5,2.0655123258824473,1.9686621144148344,1.783183256210047,2.394012743718649,2.25,2.0655123258824473,Before the historical event,Event not experienced
1.2000000000000002,0,0,0,Nonshared environmental variance,5,9.297936963502755,9.338167402532493,9.090303081878236,9.525171535910834,9.000000000000002,9.297936963502755,Before the historical event,Event not experienced
1.2000000000000002,0,0,0,Phenotypic variance,5,15.11308785777245,15.063139495748816,14.998164758343698,15.315732462600531,15.06253514831002,15.11308785777245,Before the historical event,Event not experienced
1.2000000000000002,0,1,0,Additive genetic variance,5,3.7496385683872475,3.7032067207250603,3.5326060309355274,3.992319674961106,3.8125351483100185,3.7496385683872475,Before the historical event,Event experienced
1.2000000000000002,0,1,0,Nuclear-family environmental variance,5,2.0655123258824473,1.9686621144148344,1.783183256210047,2.394012743718649,2.25,2.0655123258824473,Before the historical event,Event experienced
1.2000000000000002,0,1,0,Nonshared environmental variance,5,9.297936963502755,9.338167402532493,9.090303081878236,9.525171535910834,9.000000000000002,9.297936963502755,Before the historical event,Event experienced
1.2000000000000002,0,1,0,Phenotypic variance,5,15.11308785777245,15.063139495748816,14.998164758343698,15.315732462600531,15.06253514831002,15.11308785777245,Before the historical event,Event experienced
1.2000000000000002,1,0,0,Additive genetic variance,5,3.7496385683872475,3.7032067207250603,3.5326060309355274,3.992319674961106,3.8125351483100185,3.7496385683872475,After the historical event,Event not experienced
1.2000000000000002,1,0,0,Nuclear-family environmental variance,5,2.0655123258824473,1.9686621144148344,1.783183256210047,2.394012743718649,2.25,2.0655123258824473,After the historical event,Event not experienced
1.2000000000000002,1,0,0,Nonshared environmental variance,5,9.297936963502755,9.338167402532493,9.090303081878236,9.525171535910834,9.000000000000002,9.297936963502755,After the historical event,Event not experienced
1.2000000000000002,1,0,0,Phenotypic variance,5,15.11308785777245,15.063139495748816,14.998164758343698,15.315732462600531,15.06253514831002,15.11308785777245,After the historical event,Event not experienced
1.2000000000000002,1,1,1,Additive genetic variance,5,5.375148796403685,4.980144583279398,4.299882590518847,7.3887510513966586,5.68763409487431,5.375148796403685,After the historical event,Event experienced
1.2000000000000002,1,1,1,Nuclear-family environmental variance,5,2.2231285482327086,2.235223192767358,2.0990133409248704,2.322157251917871,2.25,2.2231285482327086,After the historical event,Event experienced
1.2000000000000002,1,1,1,Nonshared environmental variance,5,9.134656764348902,9.272047725212818,8.775658306443727,9.409356351007816,9.000000000000002,9.134656764348902,After the historical event,Event experienced
1.2000000000000002,1,1,1,Phenotypic variance,5,16.732934108985294,16.11159363956807,15.68549014290516,18.45205395800211,16.937634094874312,16.732934108985294,After the historical event,Event experienced
1.2199999999999998,0,0,0,Additive genetic variance,5,3.734199412825029,3.690159334000949,3.5147624797022075,3.9825313077579687,3.7909413331583095,3.734199412825029,Before the historical event,Event not experienced
1.2199999999999998,0,0,0,Nuclear-family environmental variance,5,2.0652626406617554,1.9652845778449008,1.785232437789244,2.39211937518751,2.25,2.0652626406617554,Before the historical event,Event not experienced
1.2199999999999998,0,0,0,Nonshared environmental variance,5,9.297461672877153,9.337188238456195,9.091833952976897,9.522428571863319,9.000000000000002,9.297461672877153,Before the historical event,Event not experienced
1.2199999999999998,0,0,0,Phenotypic variance,5,15.096923726363936,15.053321978120627,14.986154037294424,15.297762814416863,15.040941333158312,15.096923726363936,Before the historical event,Event not experienced
1.2199999999999998,0,1,0,Additive genetic variance,5,3.734199412825029,3.690159334000949,3.5147624797022075,3.9825313077579687,3.7909413331583095,3.734199412825029,Before the historical event,Event experienced
1.2199999999999998,0,1,0,Nuclear-family environmental variance,5,2.0652626406617554,1.9652845778449008,1.785232437789244,2.39211937518751,2.25,2.0652626406617554,Before the historical event,Event experienced
1.2199999999999998,0,1,0,Nonshared environmental variance,5,9.297461672877153,9.337188238456195,9.091833952976897,9.522428571863319,9.000000000000002,9.297461672877153,Before the historical event,Event experienced
1.2199999999999998,0,1,0,Phenotypic variance,5,15.096923726363936,15.053321978120627,14.986154037294424,15.297762814416863,15.040941333158312,15.096923726363936,Before the historical event,Event experienced
1.2199999999999998,1,0,0,Additive genetic variance,5,3.734199412825029,3.690159334000949,3.5147624797022075,3.9825313077579687,3.7909413331583095,3.734199412825029,After the historical event,Event not experienced
1.2199999999999998,1,0,0,Nuclear-family environmental variance,5,2.0652626406617554,1.9652845778449008,1.785232437789244,2.39211937518751,2.25,2.0652626406617554,After the historical event,Event not experienced
1.2199999999999998,1,0,0,Nonshared environmental variance,5,9.297461672877153,9.337188238456195,9.091833952976897,9.522428571863319,9.000000000000002,9.297461672877153,After the historical event,Event not experienced
1.2199999999999998,1,0,0,Phenotypic variance,5,15.096923726363936,15.053321978120627,14.986154037294424,15.297762814416863,15.040941333158312,15.096923726363936,After the historical event,Event not experienced
1.2199999999999998,1,1,1,Additive genetic variance,5,5.352376934072344,4.969644922247433,4.283770835127762,7.351252475429346,5.65541990811469,5.352376934072344,After the historical event,Event experienced
1.2199999999999998,1,1,1,Nuclear-family environmental variance,5,2.222990820208679,2.2333370471527703,2.1013388140832667,2.3244289763229227,2.25,2.222990820208679,After the historical event,Event experienced
1.2199999999999998,1,1,1,Nonshared environmental variance,5,9.134137267749752,9.271075494189867,8.778137219645725,9.406447429379552,9.000000000000002,9.134137267749752,After the historical event,Event experienced
1.2199999999999998,1,1,1,Phenotypic variance,5,16.709505022030775,16.094415158355332,15.671626963874383,18.41479029800811,16.90541990811469,16.709505022030775,After the historical event,Event experienced
1.2400000000000002,0,0,0,Additive genetic variance,5,3.718250811433628,3.6766216092965696,3.496368968918105,3.9722084287744286,3.768866756276015,3.718250811433628,Before the historical event,Event not experienced
1.2400000000000002,0,0,0,Nuclear-family environmental variance,5,2.065029242115217,1.961942622433311,1.7873115581124037,2.390243715040712,2.25,2.065029242115217,Before the historical event,Event not experienced
1.2400000000000002,0,0,0,Nonshared environmental variance,5,9.296941145669683,9.336221091092815,9.093302124239298,9.519614757221039,9.000000000000002,9.296941145669683,Before the historical event,Event not experienced
1.2400000000000002,0,0,0,Phenotypic variance,5,15.080221199218528,15.04293237841356,14.97365511034156,15.27919780289563,15.018866756276017,15.080221199218528,Before the historical event,Event not experienced
1.2400000000000002,0,1,0,Additive genetic variance,5,3.718250811433628,3.6766216092965696,3.496368968918105,3.9722084287744286,3.768866756276015,3.718250811433628,Before the historical event,Event experienced
1.2400000000000002,0,1,0,Nuclear-family environmental variance,5,2.065029242115217,1.961942622433311,1.7873115581124037,2.390243715040712,2.25,2.065029242115217,Before the historical event,Event experienced
1.2400000000000002,0,1,0,Nonshared environmental variance,5,9.296941145669683,9.336221091092815,9.093302124239298,9.519614757221039,9.000000000000002,9.296941145669683,Before the historical event,Event experienced
1.2400000000000002,0,1,0,Phenotypic variance,5,15.080221199218528,15.04293237841356,14.97365511034156,15.27919780289563,15.018866756276017,15.080221199218528,Before the historical event,Event experienced
1.2400000000000002,1,0,0,Additive genetic variance,5,3.718250811433628,3.6766216092965696,3.496368968918105,3.9722084287744286,3.768866756276015,3.718250811433628,After the historical event,Event not experienced
1.2400000000000002,1,0,0,Nuclear-family environmental variance,5,2.065029242115217,1.961942622433311,1.7873115581124037,2.390243715040712,2.25,2.065029242115217,After the historical event,Event not experienced
1.2400000000000002,1,0,0,Nonshared environmental variance,5,9.296941145669683,9.336221091092815,9.093302124239298,9.519614757221039,9.000000000000002,9.296941145669683,After the historical event,Event not experienced
1.2400000000000002,1,0,0,Phenotypic variance,5,15.080221199218528,15.04293237841356,14.97365511034156,15.27919780289563,15.018866756276017,15.080221199218528,After the historical event,Event not experienced
1.2400000000000002,1,1,1,Additive genetic variance,5,5.328859798101714,4.958472202698554,4.267094381200325,7.3125982423475575,5.622488509131701,5.328859798101714,After the historical event,Event experienced
1.2400000000000002,1,1,1,Nuclear-family environmental variance,5,2.2228720145536096,2.2314693320439147,2.103662472945303,2.3267408212769682,2.25,2.2228720145536096,After the historical event,Event experienced
1.2400000000000002,1,1,1,Nonshared environmental variance,5,9.133573834592639,9.270115194794492,8.78055248502555,9.403501039860426,9.000000000000002,9.133573834592639,After the historical event,Event experienced
1.2400000000000002,1,1,1,Phenotypic variance,5,16.68530564724796,16.08141336762933,15.656714098223977,18.37632681396603,16.872488509131703,16.68530564724796,After the historical event,Event experienced
1.2599999999999998,0,0,0,Additive genetic variance,5,3.701800003300964,3.6625992871327524,3.477435120988293,3.961355367713221,3.7463212598640445,3.701800003300964,Before the historical event,Event not experienced
1.2599999999999998,0,0,0,Nuclear-family environmental variance,5,2.064812103333235,1.9631378331601532,1.7889705379227883,2.3883857211063324,2.25,2.064812103333235,Before the historical event,Event not experienced
1.2599999999999998,0,0,0,Nonshared environmental variance,5,9.296375382668705,9.335265956729414,9.094707560469207,9.516730155861339,9.000000000000002,9.296375382668705,Before the historical event,Event not experienced
1.2599999999999998,0,0,0,Phenotypic variance,5,15.062987489302904,15.031974227950933,14.95803980666979,15.260047227407584,14.996321259864047,15.062987489302904,Before the historical event,Event not experienced
1.2599999999999998,0,1,0,Additive genetic variance,5,3.701800003300964,3.6625992871327524,3.477435120988293,3.961355367713221,3.7463212598640445,3.701800003300964,Before the historical event,Event experienced
1.2599999999999998,0,1,0,Nuclear-family environmental variance,5,2.064812103333235,1.9631378331601532,1.7889705379227883,2.3883857211063324,2.25,2.064812103333235,Before the historical event,Event experienced
1.2599999999999998,0,1,0,Nonshared environmental variance,5,9.296375382668705,9.335265956729414,9.094707560469207,9.516730155861339,9.000000000000002,9.296375382668705,Before the historical event,Event experienced
1.2599999999999998,0,1,0,Phenotypic variance,5,15.062987489302904,15.031974227950933,14.95803980666979,15.260047227407584,14.996321259864047,15.062987489302904,Before the historical event,Event experienced
1.2599999999999998,1,0,0,Additive genetic variance,5,3.701800003300964,3.6625992871327524,3.477435120988293,3.961355367713221,3.7463212598640445,3.701800003300964,After the historical event,Event not experienced
1.2599999999999998,1,0,0,Nuclear-family environmental variance,5,2.064812103333235,1.9631378331601532,1.7889705379227883,2.3883857211063324,2.25,2.064812103333235,After the historical event,Event not experienced
1.2599999999999998,1,0,0,Nonshared environmental variance,5,9.296375382668705,9.335265956729414,9.094707560469207,9.516730155861339,9.000000000000002,9.296375382668705,After the historical event,Event not experienced
1.2599999999999998,1,0,0,Phenotypic variance,5,15.062987489302904,15.031974227950933,14.95803980666979,15.260047227407584,14.996321259864047,15.062987489302904,After the historical event,Event not experienced
1.2599999999999998,1,1,1,Additive genetic variance,5,5.304608328361717,4.946631066745699,4.249860325365894,7.2728086627133886,5.588854580763741,5.304608328361717,After the historical event,Event experienced
1.2599999999999998,1,1,1,Nuclear-family environmental variance,5,2.2227721077625033,2.229620003851155,2.1059842633496024,2.32909291788408,2.25,2.2227721077625033,After the historical event,Event experienced
1.2599999999999998,1,1,1,Nonshared environmental variance,5,9.132966466427327,9.269166823340042,8.782904049662259,9.400517218719866,9.000000000000002,9.132966466427327,After the historical event,Event experienced
1.2599999999999998,1,1,1,Phenotypic variance,5,16.66034690255155,16.067717897144682,15.641246104255616,18.33668373182894,16.838854580763744,16.66034690255155,After the historical event,Event experienced
1.2800000000000002,0,0,0,Additive genetic variance,5,3.684854428474709,3.648098298188098,3.4579708036620915,3.9499766656190443,3.723314853384517,3.684854428474709,Before the historical event,Event not experienced
1.2800000000000002,0,0,0,Nuclear-family environmental variance,5,2.0646111982821913,1.9659321056910621,1.7905032688523346,2.386545351652379,2.25,2.0646111982821913,Before the historical event,Event not experienced
1.2800000000000002,0,0,0,Nonshared environmental variance,5,9.295764385645557,9.334322831699417,9.09605022780185,9.513774833240449,9.000000000000002,9.295764385645557,Before the historical event,Event not experienced
1.2800000000000002,0,0,0,Phenotypic variance,5,15.045230012402456,15.020451278676692,14.938120076187634,15.240321131790795,14.973314853384519,15.045230012402456,Before the historical event,Event not experienced
1.2800000000000002,0,1,0,Additive genetic variance,5,3.684854428474709,3.648098298188098,3.4579708036620915,3.9499766656190443,3.723314853384517,3.684854428474709,Before the historical event,Event experienced
1.2800000000000002,0,1,0,Nuclear-family environmental variance,5,2.0646111982821913,1.9659321056910621,1.7905032688523346,2.386545351652379,2.25,2.0646111982821913,Before the historical event,Event experienced
1.2800000000000002,0,1,0,Nonshared environmental variance,5,9.295764385645557,9.334322831699417,9.09605022780185,9.513774833240449,9.000000000000002,9.295764385645557,Before the historical event,Event experienced
1.2800000000000002,0,1,0,Phenotypic variance,5,15.045230012402456,15.020451278676692,14.938120076187634,15.240321131790795,14.973314853384519,15.045230012402456,Before the historical event,Event experienced
1.2800000000000002,1,0,0,Additive genetic variance,5,3.684854428474709,3.648098298188098,3.4579708036620915,3.9499766656190443,3.723314853384517,3.684854428474709,After the historical event,Event not experienced
1.2800000000000002,1,0,0,Nuclear-family environmental variance,5,2.0646111982821913,1.9659321056910621,1.7905032688523346,2.386545351652379,2.25,2.0646111982821913,After the historical event,Event not experienced
1.2800000000000002,1,0,0,Nonshared environmental variance,5,9.295764385645557,9.334322831699417,9.09605022780185,9.513774833240449,9.000000000000002,9.295764385645557,After the historical event,Event not experienced
1.2800000000000002,1,0,0,Phenotypic variance,5,15.045230012402456,15.020451278676692,14.938120076187634,15.240321131790795,14.973314853384519,15.045230012402456,After the historical event,Event not experienced
1.2800000000000002,1,1,1,Additive genetic variance,5,5.279633764827118,4.934126426515429,4.232075980382385,7.231904564585404,5.554533055373609,5.279633764827118,After the historical event,Event experienced
1.2800000000000002,1,1,1,Nuclear-family environmental variance,5,2.22269107736996,2.227789019437224,2.1083041313840973,2.3314853995783693,2.25,2.22269107736996,After the historical event,Event experienced
1.2800000000000002,1,1,1,Nonshared environmental variance,5,9.13231516575523,9.268230376185901,8.785191862021211,9.39749600271145,9.000000000000002,9.13231516575523,After the historical event,Event experienced
1.2800000000000002,1,1,1,Phenotypic variance,5,16.63464000795231,16.053333439685144,15.62523027794385,18.295881796735472,16.80453305537361,16.63464000795231,After the historical event,Event experienced
1.2999999999999998,0,0,0,Additive genetic variance,5,3.667421722311546,3.63312475912058,3.4379861214521075,3.938077071713279,3.6998577061741575,3.667421722311546,Before the historical event,Event not experienced
1.2999999999999998,0,0,0,Nuclear-family environmental variance,5,2.0644265018037373,1.9687202376066097,1.792070354306791,2.3847225653851614,2.25,2.0644265018037373,Before the historical event,Event not experienced
1.2999999999999998,0,0,0,Nonshared environmental variance,5,9.295108157354553,9.333391712382598,9.097330093705231,9.510748856390995,9.000000000000002,9.295108157354553,Before the historical event,Event not experienced
1.2999999999999998,0,0,0,Phenotypic variance,5,15.026956381469837,15.008367500411296,14.917702941655419,15.220029795599288,14.949857706174159,15.026956381469837,Before the historical event,Event not experienced
1.2999999999999998,0,1,0,Additive genetic variance,5,3.667421722311546,3.63312475912058,3.4379861214521075,3.938077071713279,3.6998577061741575,3.667421722311546,Before the historical event,Event experienced
1.2999999999999998,0,1,0,Nuclear-family environmental variance,5,2.0644265018037373,1.9687202376066097,1.792070354306791,2.3847225653851614,2.25,2.0644265018037373,Before the historical event,Event experienced
1.2999999999999998,0,1,0,Nonshared environmental variance,5,9.295108157354553,9.333391712382598,9.097330093705231,9.510748856390995,9.000000000000002,9.295108157354553,Before the historical event,Event experienced
1.2999999999999998,0,1,0,Phenotypic variance,5,15.026956381469837,15.008367500411296,14.917702941655419,15.220029795599288,14.949857706174159,15.026956381469837,Before the historical event,Event experienced
1.2999999999999998,1,0,0,Additive genetic variance,5,3.667421722311546,3.63312475912058,3.4379861214521075,3.938077071713279,3.6998577061741575,3.667421722311546,After the historical event,Event not experienced
1.2999999999999998,1,0,0,Nuclear-family environmental variance,5,2.0644265018037373,1.9687202376066097,1.792070354306791,2.3847225653851614,2.25,2.0644265018037373,After the historical event,Event not experienced
1.2999999999999998,1,0,0,Nonshared environmental variance,5,9.295108157354553,9.333391712382598,9.097330093705231,9.510748856390995,9.000000000000002,9.295108157354553,After the historical event,Event not experienced
1.2999999999999998,1,0,0,Phenotypic variance,5,15.026956381469837,15.008367500411296,14.917702941655419,15.220029795599288,14.949857706174159,15.026956381469837,After the historical event,Event not experienced
1.2999999999999998,1,1,1,Additive genetic variance,5,5.25394763881488,4.920963460752146,4.2137488699689865,7.189907275339508,5.519539103828987,5.25394763881488,After the historical event,Event experienced
1.2999999999999998,1,1,1,Nuclear-family environmental variance,5,2.2226289019498573,2.225976336115545,2.110622023385382,2.333918402136238,2.25,2.2226289019498573,After the historical event,Event experienced
1.2999999999999998,1,1,1,Nonshared environmental variance,5,9.131619936029395,9.267305849737483,8.787415871955957,9.394437429072093,9.000000000000002,9.131619936029395,After the historical event,Event experienced
1.2999999999999998,1,1,1,Phenotypic variance,5,16.60819647679413,16.038264958163218,15.608674126719885,18.253942254830868,16.76953910382899,16.60819647679413,After the historical event,Event experienced
1.3200000000000003,0,0,0,Additive genetic variance,5,3.649509709701009,3.617684968270026,3.4174914068836335,3.92566154009212,3.6759601399749386,3.649509709701009,Before the historical event,Event not experienced
1.3200000000000003,0,0,0,Nuclear-family environmental variance,5,2.0642579896141533,1.9715021915196012,1.7936718831622533,2.382917321447679,2.25,2.0642579896141533,Before the historical event,Event not experienced
1.3200000000000003,0,0,0,Nonshared environmental variance,5,9.294406701532955,9.332472595205061,9.098547126981376,9.507652293919472,9.000000000000002,9.294406701532955,Before the historical event,Event not experienced
1.3200000000000003,0,0,0,Phenotypic variance,5,15.008174400848118,14.995727077964165,14.89679598359527,15.199183725185978,14.92596013997494,15.008174400848118,Before the historical event,Event not experienced
1.3200000000000003,0,1,0,Additive genetic variance,5,3.649509709701009,3.617684968270026,3.4174914068836335,3.92566154009212,3.6759601399749386,3.649509709701009,Before the historical event,Event experienced
1.3200000000000003,0,1,0,Nuclear-family environmental variance,5,2.0642579896141533,1.9715021915196012,1.7936718831622533,2.382917321447679,2.25,2.0642579896141533,Before the historical event,Event experienced
1.3200000000000003,0,1,0,Nonshared environmental variance,5,9.294406701532955,9.332472595205061,9.098547126981376,9.507652293919472,9.000000000000002,9.294406701532955,Before the historical event,Event experienced
1.3200000000000003,0,1,0,Phenotypic variance,5,15.008174400848118,14.995727077964165,14.89679598359527,15.199183725185978,14.92596013997494,15.008174400848118,Before the historical event,Event experienced
1.3200000000000003,1,0,0,Additive genetic variance,5,3.649509709701009,3.617684968270026,3.4174914068836335,3.92566154009212,3.6759601399749386,3.649509709701009,After the historical event,Event not experienced
1.3200000000000003,1,0,0,Nuclear-family environmental variance,5,2.0642579896141533,1.9715021915196012,1.7936718831622533,2.382917321447679,2.25,2.0642579896141533,After the historical event,Event not experienced
1.3200000000000003,1,0,0,Nonshared environmental variance,5,9.294406701532955,9.332472595205061,9.098547126981376,9.507652293919472,9.000000000000002,9.294406701532955,After the historical event,Event not experienced
1.3200000000000003,1,0,0,Phenotypic variance,5,15.008174400848118,14.995727077964165,14.89679598359527,15.199183725185978,14.92596013997494,15.008174400848118,After the historical event,Event not experienced
1.3200000000000003,1,1,1,Additive genetic variance,5,5.227561764030609,4.907147611243991,4.194886723506337,7.146838603130947,5.483888124359475,5.227561764030609,After the historical event,Event experienced
1.3200000000000003,1,1,1,Nuclear-family environmental variance,5,2.222585561115121,2.2241819116485773,2.112937885938082,2.336392063688862,2.25,2.222585561115121,After the historical event,Event experienced
1.3200000000000003,1,1,1,Nonshared environmental variance,5,9.130880781654433,9.266393240446192,8.789576030710046,9.391341535521223,9.000000000000002,9.130880781654433,After the historical event,Event experienced
1.3200000000000003,1,1,1,Phenotypic variance,5,16.581028106800165,16.022517682033268,15.591585364173586,18.210886834729095,16.733888124359478,16.581028106800165,After the historical event,Event experienced
1.3399999999999999,0,0,0,Additive genetic variance,5,3.6311263991700957,3.6017854012457162,3.3964972115850363,3.9127352262913684,3.65163262138969,3.6311263991700957,Before the historical event,Event not experienced
1.3399999999999999,0,0,0,Nuclear-family environmental variance,5,2.064105638303787,1.9742779300852333,1.7953079462725976,2.381129579418028,2.25,2.064105638303787,Before the historical event,Event not experienced
1.3399999999999999,0,0,0,Nonshared environmental variance,5,9.293660022900884,9.331565476639202,9.099701297767494,9.504485216003651,9.000000000000002,9.293660022900884,Before the historical event,Event not experienced
1.3399999999999999,0,0,0,Phenotypic variance,5,14.988892060374766,14.982534408105515,14.87540695491533,15.177793644630778,14.901632621389691,14.988892060374766,Before the historical event,Event not experienced
1.3399999999999999,0,1,0,Additive genetic variance,5,3.6311263991700957,3.6017854012457162,3.3964972115850363,3.9127352262913684,3.65163262138969,3.6311263991700957,Before the historical event,Event experienced
1.3399999999999999,0,1,0,Nuclear-family environmental variance,5,2.064105638303787,1.9742779300852333,1.7953079462725976,2.381129579418028,2.25,2.064105638303787,Before the historical event,Event experienced
1.3399999999999999,0,1,0,Nonshared environmental variance,5,9.293660022900884,9.331565476639202,9.099701297767494,9.504485216003651,9.000000000000002,9.293660022900884,Before the historical event,Event experienced
1.3399999999999999,0,1,0,Phenotypic variance,5,14.988892060374766,14.982534408105515,14.87540695491533,15.177793644630778,14.901632621389691,14.988892060374766,Before the historical event,Event experienced
1.3399999999999999,1,0,0,Additive genetic variance,5,3.6311263991700957,3.6017854012457162,3.3964972115850363,3.9127352262913684,3.65163262138969,3.6311263991700957,After the historical event,Event not experienced
1.3399999999999999,1,0,0,Nuclear-family environmental variance,5,2.064105638303787,1.9742779300852333,1.7953079462725976,2.381129579418028,2.25,2.064105638303787,After the historical event,Event not experienced
1.3399999999999999,1,0,0,Nonshared environmental variance,5,9.293660022900884,9.331565476639202,9.099701297767494,9.504485216003651,9.000000000000002,9.293660022900884,After the historical event,Event not experienced
1.3399999999999999,1,0,0,Phenotypic variance,5,14.988892060374766,14.982534408105515,14.87540695491533,15.177793644630778,14.901632621389691,14.988892060374766,After the historical event,Event not experienced
1.3399999999999999,1,1,1,Additive genetic variance,5,5.200488227433914,4.8926845790739355,4.175497470609384,7.102720818020098,5.447595731301673,5.200488227433914,After the historical event,Event experienced
1.3399999999999999,1,1,1,Nuclear-family environmental variance,5,2.222561035517584,2.222405704246174,2.11525166587425,2.33890652473489,2.25,2.222561035517584,After the historical event,Event experienced
1.3399999999999999,1,1,1,Nonshared environmental variance,5,9.130097707986435,9.265492544809401,8.791672290918827,9.388208360259902,9.000000000000002,9.130097707986435,After the historical event,Event experienced
1.3399999999999999,1,1,1,Phenotypic variance,5,16.553146970937934,16.006097103529875,15.57397190462824,18.16673772863877,16.697595731301675,16.553146970937934,After the historical event,Event experienced
1.3600000000000003,0,0,0,Additive genetic variance,5,3.612279976874901,3.5854327064034126,3.375014297229865,3.8993034837211704,3.6268857542702992,3.612279976874901,Before the historical event,Event not experienced
1.3600000000000003,0,0,0,Nuclear-family environmental variance,5,2.0639694253365626,1.9770474160019236,1.7969786364780385,2.3793592993078234,2.25,2.0639694253365626,Before the historical event,Event not experienced
1.3600000000000003,0,0,0,Nonshared environmental variance,5,9.292868127161235,9.330670353203697,9.099845960030029,9.501247694389932,9.000000000000002,9.292868127161235,Before the historical event,Event not experienced
1.3600000000000003,0,0,0,Phenotypic variance,5,14.9691175293727,14.956474441313475,14.853543775353971,15.15710245203335,14.876885754270301,14.9691175293727,Before the historical event,Event not experienced
1.3600000000000003,0,1,0,Additive genetic variance,5,3.612279976874901,3.5854327064034126,3.375014297229865,3.8993034837211704,3.6268857542702992,3.612279976874901,Before the historical event,Event experienced
1.3600000000000003,0,1,0,Nuclear-family environmental variance,5,2.0639694253365626,1.9770474160019236,1.7969786364780385,2.3793592993078234,2.25,2.0639694253365626,Before the historical event,Event experienced
1.3600000000000003,0,1,0,Nonshared environmental variance,5,9.292868127161235,9.330670353203697,9.099845960030029,9.501247694389932,9.000000000000002,9.292868127161235,Before the historical event,Event experienced
1.3600000000000003,0,1,0,Phenotypic variance,5,14.9691175293727,14.956474441313475,14.853543775353971,15.15710245203335,14.876885754270301,14.9691175293727,Before the historical event,Event experienced
1.3600000000000003,1,0,0,Additive genetic variance,5,3.612279976874901,3.5854327064034126,3.375014297229865,3.8993034837211704,3.6268857542702992,3.612279976874901,After the historical event,Event not experienced
1.3600000000000003,1,0,0,Nuclear-family environmental variance,5,2.0639694253365626,1.9770474160019236,1.7969786364780385,2.3793592993078234,2.25,2.0639694253365626,After the historical event,Event not experienced
1.3600000000000003,1,0,0,Nonshared environmental variance,5,9.292868127161235,9.330670353203697,9.099845960030029,9.501247694389932,9.000000000000002,9.292868127161235,After the historical event,Event not experienced
1.3600000000000003,1,0,0,Phenotypic variance,5,14.9691175293727,14.956474441313475,14.853543775353971,15.15710245203335,14.876885754270301,14.9691175293727,After the historical event,Event not experienced
1.3600000000000003,1,1,1,Additive genetic variance,5,5.172739379932648,4.877580320699626,4.155589235578258,7.057576632784791,5.410677743743721,5.172739379932648,After the historical event,Event experienced
1.3600000000000003,1,1,1,Nuclear-family environmental variance,5,2.2225553068479402,2.220647672563961,2.1175633102727716,2.3414619281533797,2.25,2.2225553068479402,After the historical event,Event experienced
1.3600000000000003,1,1,1,Nonshared environmental variance,5,9.129270721332855,9.26460375937044,8.793704606611183,9.385037941970014,9.000000000000002,9.129270721332855,After the historical event,Event experienced
1.3600000000000003,1,1,1,Phenotypic variance,5,16.524565408113443,15.989008973735173,15.55584185759333,18.12151757317555,16.660677743743722,16.524565408113443,After the historical event,Event experienced
1.38,0,0,0,Additive genetic variance,5,3.592978800485641,3.56863370021625,3.3530536263415884,3.885371859974194,3.6017302720462876,3.592978800485641,Before the historical event,Event not experienced
1.38,0,0,0,Nuclear-family environmental variance,5,2.063849329049568,1.9798106120121373,1.7986840486138769,2.377606441560644,2.25,2.063849329049568,Before the historical event,Event not experienced
1.38,0,0,0,Nonshared environmental variance,5,9.29203102099953,9.329787221463482,9.097257815159452,9.49793980239062,9.000000000000002,9.29203102099953,Before the historical event,Event not experienced
1.38,0,0,0,Phenotypic variance,5,14.948859150534739,14.929476479360297,14.831214525825693,15.13592883007553,14.85173027204629,14.948859150534739,Before the historical event,Event not experienced
1.38,0,1,0,Additive genetic variance,5,3.592978800485641,3.56863370021625,3.3530536263415884,3.885371859974194,3.6017302720462876,3.592978800485641,Before the historical event,Event experienced
1.38,0,1,0,Nuclear-family environmental variance,5,2.063849329049568,1.9798106120121373,1.7986840486138769,2.377606441560644,2.25,2.063849329049568,Before the historical event,Event experienced
1.38,0,1,0,Nonshared environmental variance,5,9.29203102099953,9.329787221463482,9.097257815159452,9.49793980239062,9.000000000000002,9.29203102099953,Before the historical event,Event experienced
1.38,0,1,0,Phenotypic variance,5,14.948859150534739,14.929476479360297,14.831214525825693,15.13592883007553,14.85173027204629,14.948859150534739,Before the historical event,Event experienced
1.38,1,0,0,Additive genetic variance,5,3.592978800485641,3.56863370021625,3.3530536263415884,3.885371859974194,3.6017302720462876,3.592978800485641,After the historical event,Event not experienced
1.38,1,0,0,Nuclear-family environmental variance,5,2.063849329049568,1.9798106120121373,1.7986840486138769,2.377606441560644,2.25,2.063849329049568,After the historical event,Event not experienced
1.38,1,0,0,Nonshared environmental variance,5,9.29203102099953,9.329787221463482,9.097257815159452,9.49793980239062,9.000000000000002,9.29203102099953,After the historical event,Event not experienced
1.38,1,0,0,Phenotypic variance,5,14.948859150534739,14.929476479360297,14.831214525825693,15.13592883007553,14.85173027204629,14.948859150534739,After the historical event,Event not experienced
1.38,1,1,1,Additive genetic variance,5,5.144327826916162,4.861841043865791,4.135170331732583,7.0114291834423925,5.3731501740808625,5.144327826916162,After the historical event,Event experienced
1.38,1,1,1,Nuclear-family environmental variance,5,2.2225683578357835,2.2189077757017333,2.1198727664587924,2.344058419216961,2.25,2.2225683578357835,After the historical event,Event experienced
1.38,1,1,1,Nonshared environmental variance,5,9.128399828952343,9.263666595301387,8.795672933211184,9.381836348355069,9.000000000000002,9.128399828952343,After the historical event,Event experienced
1.38,1,1,1,Phenotypic variance,5,16.495296013704287,15.971259298478826,15.537203522100777,18.075249429884238,16.623150174080862,16.495296013704287,After the historical event,Event experienced
1.4000000000000004,0,0,0,Additive genetic variance,5,3.5732313929714934,3.551395362543982,3.3306263529719446,3.870946093010774,3.5761770300014275,3.5732313929714934,Before the historical event,Event not experienced
1.4000000000000004,0,0,0,Nuclear-family environmental variance,5,2.0637453286527134,1.9825674809032177,1.8004242795194363,2.375870967050488,2.25,2.0637453286527134,Before the historical event,Event not experienced
1.4000000000000004,0,0,0,Nonshared environmental variance,5,9.291148712083743,9.32891607802971,9.094633704845888,9.494561614881192,9.000000000000002,9.291148712083743,Before the historical event,Event not experienced
1.4000000000000004,0,0,0,Phenotypic variance,5,14.928125433707951,14.90205402886016,14.808427442674532,15.114233250852644,14.826177030001428,14.928125433707951,Before the historical event,Event not experienced
1.4000000000000004,0,1,0,Additive genetic variance,5,3.5732313929714934,3.551395362543982,3.3306263529719446,3.870946093010774,3.5761770300014275,3.5732313929714934,Before the historical event,Event experienced
1.4000000000000004,0,1,0,Nuclear-family environmental variance,5,2.0637453286527134,1.9825674809032177,1.8004242795194363,2.375870967050488,2.25,2.0637453286527134,Before the historical event,Event experienced
1.4000000000000004,0,1,0,Nonshared environmental variance,5,9.291148712083743,9.32891607802971,9.094633704845888,9.494561614881192,9.000000000000002,9.291148712083743,Before the historical event,Event experienced
1.4000000000000004,0,1,0,Phenotypic variance,5,14.928125433707951,14.90205402886016,14.808427442674532,15.114233250852644,14.826177030001428,14.928125433707951,Before the historical event,Event experienced
1.4000000000000004,1,0,0,Additive genetic variance,5,3.5732313929714934,3.551395362543982,3.3306263529719446,3.870946093010774,3.5761770300014275,3.5732313929714934,After the historical event,Event not experienced
1.4000000000000004,1,0,0,Nuclear-family environmental variance,5,2.0637453286527134,1.9825674809032177,1.8004242795194363,2.375870967050488,2.25,2.0637453286527134,After the historical event,Event not experienced
1.4000000000000004,1,0,0,Nonshared environmental variance,5,9.291148712083743,9.32891607802971,9.094633704845888,9.494561614881192,9.000000000000002,9.291148712083743,After the historical event,Event not experienced
1.4000000000000004,1,0,0,Phenotypic variance,5,14.928125433707951,14.90205402886016,14.808427442674532,15.114233250852644,14.826177030001428,14.928125433707951,After the historical event,Event not experienced
1.4000000000000004,1,1,1,Additive genetic variance,5,5.1152664186378,4.845473203353123,4.114249255634745,6.9643020095049435,5.335029216493536,5.1152664186378,After the historical event,Event experienced
1.4000000000000004,1,1,1,Nuclear-family environmental variance,5,2.2226001722497397,2.2171859732018704,2.1221799820031646,2.3466961456052244,2.25,2.2226001722497397,After the historical event,Event experienced
1.4000000000000004,1,1,1,Nonshared environmental variance,5,9.127485039054559,9.259780732609448,8.79757722753975,9.378893650718704,9.000000000000002,9.127485039054559,After the historical event,Event experienced
1.4000000000000004,1,1,1,Phenotypic variance,5,16.4653516299421,15.952854334074589,15.518065380930134,18.027956765493983,16.58502921649354,16.4653516299421,After the historical event,Event experienced
1.42,0,0,0,Additive genetic variance,5,3.5530464362917877,3.5337248318051873,3.307743813263992,3.8560321072247152,3.550236997506218,3.5530464362917877,Before the historical event,Event not experienced
1.42,0,0,0,Nuclear-family environmental variance,5,2.0636574042284663,1.9853179855082113,1.8021994280471925,2.374152837080252,2.25,2.0636574042284663,Before the historical event,Event not experienced
1.42,0,0,0,Nonshared environmental variance,5,9.290221209064097,9.328056919559769,9.091973656338526,9.491113208297428,9.000000000000002,9.290221209064097,Before the historical event,Event not experienced
1.42,0,0,0,Phenotypic variance,5,14.906925049584352,14.874218042100377,14.785190911840617,15.092026641853016,14.80023699750622,14.906925049584352,Before the historical event,Event not experienced
1.42,0,1,0,Additive genetic variance,5,3.5530464362917877,3.5337248318051873,3.307743813263992,3.8560321072247152,3.550236997506218,3.5530464362917877,Before the historical event,Event experienced
1.42,0,1,0,Nuclear-family environmental variance,5,2.0636574042284663,1.9853179855082113,1.8021994280471925,2.374152837080252,2.25,2.0636574042284663,Before the historical event,Event experienced
1.42,0,1,0,Nonshared environmental variance,5,9.290221209064097,9.328056919559769,9.091973656338526,9.491113208297428,9.000000000000002,9.290221209064097,Before the historical event,Event experienced
1.42,0,1,0,Phenotypic variance,5,14.906925049584352,14.874218042100377,14.785190911840617,15.092026641853016,14.80023699750622,14.906925049584352,Before the historical event,Event experienced
1.42,1,0,0,Additive genetic variance,5,3.5530464362917877,3.5337248318051873,3.307743813263992,3.8560321072247152,3.550236997506218,3.5530464362917877,After the historical event,Event not experienced
1.42,1,0,0,Nuclear-family environmental variance,5,2.0636574042284663,1.9853179855082113,1.8021994280471925,2.374152837080252,2.25,2.0636574042284663,After the historical event,Event not experienced
1.42,1,0,0,Nonshared environmental variance,5,9.290221209064097,9.328056919559769,9.091973656338526,9.491113208297428,9.000000000000002,9.290221209064097,After the historical event,Event not experienced
1.42,1,0,0,Phenotypic variance,5,14.906925049584352,14.874218042100377,14.785190911840617,15.092026641853016,14.80023699750622,14.906925049584352,After the historical event,Event not experienced
1.42,1,1,1,Additive genetic variance,5,5.085568240457002,4.828483496567714,4.092834681207758,6.916219033990942,5.296331235359564,5.085568240457002,After the historical event,Event experienced
1.42,1,1,1,Nuclear-family environmental variance,5,2.222650734897688,2.215482225047767,2.1244849047219057,2.34937525741835,2.25,2.222650734897688,After the historical event,Event experienced
1.42,1,1,1,Nonshared environmental variance,5,9.126526360799955,9.255826271762963,8.7994174478162,9.375921878801197,9.000000000000002,9.126526360799955,After the historical event,Event experienced
1.42,1,1,1,Phenotypic variance,5,16.434745336154645,15.933800582897577,15.498436094728449,17.979663431930017,16.546331235359567,16.434745336154645,After the historical event,Event experienced
1.4400000000000004,0,0,0,Additive genetic variance,5,3.5324327650000917,3.5156294000570982,3.2844175159110223,3.840636009393491,3.5239212502138657,3.5324327650000917,Before the historical event,Event not experienced
1.4400000000000004,0,0,0,Nuclear-family environmental variance,5,2.063585536731659,1.9880620887066986,1.8040095950720985,2.3724520133802245,2.25,2.063585536731659,Before the historical event,Event not experienced
1.4400000000000004,0,0,0,Nonshared environmental variance,5,9.289248521572826,9.327209742757223,9.089277697346137,9.487594660632562,9.000000000000002,9.289248521572826,Before the historical event,Event not experienced
1.4400000000000004,0,0,0,Phenotypic variance,5,14.885266823304576,14.845979574602003,14.761513462945654,15.069320110152734,14.773921250213867,14.885266823304576,Before the historical event,Event not experienced
1.4400000000000004,0,1,0,Additive genetic variance,5,3.5324327650000917,3.5156294000570982,3.2844175159110223,3.840636009393491,3.5239212502138657,3.5324327650000917,Before the historical event,Event experienced
1.4400000000000004,0,1,0,Nuclear-family environmental variance,5,2.063585536731659,1.9880620887066986,1.8040095950720985,2.3724520133802245,2.25,2.063585536731659,Before the historical event,Event experienced
1.4400000000000004,0,1,0,Nonshared environmental variance,5,9.289248521572826,9.327209742757223,9.089277697346137,9.487594660632562,9.000000000000002,9.289248521572826,Before the historical event,Event experienced
1.4400000000000004,0,1,0,Phenotypic variance,5,14.885266823304576,14.845979574602003,14.761513462945654,15.069320110152734,14.773921250213867,14.885266823304576,Before the historical event,Event experienced
1.4400000000000004,1,0,0,Additive genetic variance,5,3.5324327650000917,3.5156294000570982,3.2844175159110223,3.840636009393491,3.5239212502138657,3.5324327650000917,After the historical event,Event not experienced
1.4400000000000004,1,0,0,Nuclear-family environmental variance,5,2.063585536731659,1.9880620887066986,1.8040095950720985,2.3724520133802245,2.25,2.063585536731659,After the historical event,Event not experienced
1.4400000000000004,1,0,0,Nonshared environmental variance,5,9.289248521572826,9.327209742757223,9.089277697346137,9.487594660632562,9.000000000000002,9.289248521572826,After the historical event,Event not experienced
1.4400000000000004,1,0,0,Phenotypic variance,5,14.885266823304576,14.845979574602003,14.761513462945654,15.069320110152734,14.773921250213867,14.885266823304576,After the historical event,Event not experienced
1.4400000000000004,1,1,1,Additive genetic variance,5,5.055246602951433,4.8108788589752445,4.070935453753357,6.867204543217486,5.257072753611949,5.055246602951433,After the historical event,Event experienced
1.4400000000000004,1,1,1,Nuclear-family environmental variance,5,2.222720031627075,2.213796491662286,2.1267874826756805,2.35209590719097,2.25,2.222720031627075,After the historical event,Event experienced
1.4400000000000004,1,1,1,Nonshared environmental variance,5,9.125523804299522,9.251803302052629,8.801193553659814,9.37292106394243,9.000000000000002,9.125523804299522,After the historical event,Event experienced
1.4400000000000004,1,1,1,Phenotypic variance,5,16.40349043887803,15.914104788806412,15.478324496030321,17.93039364610577,16.50707275361195,16.40349043887803,After the historical event,Event experienced
1.46,0,0,0,Additive genetic variance,5,3.5113993597678705,3.4971165079877897,3.2606591325225707,3.824764084516771,3.497240962227585,3.5113993597678705,Before the historical event,Event not experienced
1.46,0,0,0,Nuclear-family environmental variance,5,2.0635297079893724,1.990799753425622,1.8058548835011001,2.3707684581065953,2.25,2.0635297079893724,Before the historical event,Event not experienced
1.46,0,0,0,Nonshared environmental variance,5,9.288230660223887,9.326374544371806,9.086545856036642,9.484006051434331,9.000000000000002,9.288230660223887,Before the historical event,Event not experienced
1.46,0,0,0,Phenotypic variance,5,14.86315972798113,14.817349777675158,14.737403763303242,15.046124933010846,14.747240962227586,14.86315972798113,Before the historical event,Event not experienced
1.46,0,1,0,Additive genetic variance,5,3.5113993597678705,3.4971165079877897,3.2606591325225707,3.824764084516771,3.497240962227585,3.5113993597678705,Before the historical event,Event experienced
1.46,0,1,0,Nuclear-family environmental variance,5,2.0635297079893724,1.990799753425622,1.8058548835011001,2.3707684581065953,2.25,2.0635297079893724,Before the historical event,Event experienced
1.46,0,1,0,Nonshared environmental variance,5,9.288230660223887,9.326374544371806,9.086545856036642,9.484006051434331,9.000000000000002,9.288230660223887,Before the historical event,Event experienced
1.46,0,1,0,Phenotypic variance,5,14.86315972798113,14.817349777675158,14.737403763303242,15.046124933010846,14.747240962227586,14.86315972798113,Before the historical event,Event experienced
1.46,1,0,0,Additive genetic variance,5,3.5113993597678705,3.4971165079877897,3.2606591325225707,3.824764084516771,3.497240962227585,3.5113993597678705,After the historical event,Event not experienced
1.46,1,0,0,Nuclear-family environmental variance,5,2.0635297079893724,1.990799753425622,1.8058548835011001,2.3707684581065953,2.25,2.0635297079893724,After the historical event,Event not experienced
1.46,1,0,0,Nonshared environmental variance,5,9.288230660223887,9.326374544371806,9.086545856036642,9.484006051434331,9.000000000000002,9.288230660223887,After the historical event,Event not experienced
1.46,1,0,0,Phenotypic variance,5,14.86315972798113,14.817349777675158,14.737403763303242,15.046124933010846,14.747240962227586,14.86315972798113,After the historical event,Event not experienced
1.46,1,1,1,Additive genetic variance,5,5.024315031909725,4.79266645938433,4.048560583876153,6.817283166396613,5.217270441053832,5.024315031909725,After the historical event,Event experienced
1.46,1,1,1,Nuclear-family environmental variance,5,2.222808049325317,2.2121287339062246,2.1290876641692975,2.354858249906263,2.25,2.222808049325317,After the historical event,Event experienced
1.46,1,1,1,Nonshared environmental variance,5,9.12447738061449,9.247711914289743,8.802905506091275,9.369891237811126,9.000000000000002,9.12447738061449,After the historical event,Event experienced
1.46,1,1,1,Phenotypic variance,5,16.371600461849532,15.89377393241461,15.457739583184068,17.880171969519147,16.467270441053834,16.371600461849532,After the historical event,Event experienced
1.4800000000000004,0,0,0,Additive genetic variance,5,3.48995534083435,3.4781937398255454,3.236480487908771,3.8084227915471565,3.4702073982468358,3.48995534083435,Before the historical event,Event not experienced
1.4800000000000004,0,0,0,Nuclear-family environmental variance,5,2.0634899007008953,1.9935309426401124,1.8077353982828515,2.369102133839987,2.25,2.0634899007008953,Before the historical event,Event not experienced
1.4800000000000004,0,0,0,Nonshared environmental variance,5,9.287167636612656,9.3255513211994,9.083778161036635,9.480347461801976,9.000000000000002,9.287167636612656,Before the historical event,Event not experienced
1.4800000000000004,0,0,0,Phenotypic variance,5,14.840612878147901,14.797276003665058,14.71197700058907,15.022452548377867,14.720207398246838,14.840612878147901,Before the historical event,Event not experienced
1.4800000000000004,0,1,0,Additive genetic variance,5,3.48995534083435,3.4781937398255454,3.236480487908771,3.8084227915471565,3.4702073982468358,3.48995534083435,Before the historical event,Event experienced
1.4800000000000004,0,1,0,Nuclear-family environmental variance,5,2.0634899007008953,1.9935309426401124,1.8077353982828515,2.369102133839987,2.25,2.0634899007008953,Before the historical event,Event experienced
1.4800000000000004,0,1,0,Nonshared environmental variance,5,9.287167636612656,9.3255513211994,9.083778161036635,9.480347461801976,9.000000000000002,9.287167636612656,Before the historical event,Event experienced
1.4800000000000004,0,1,0,Phenotypic variance,5,14.840612878147901,14.797276003665058,14.71197700058907,15.022452548377867,14.720207398246838,14.840612878147901,Before the historical event,Event experienced
1.4800000000000004,1,0,0,Additive genetic variance,5,3.48995534083435,3.4781937398255454,3.236480487908771,3.8084227915471565,3.4702073982468358,3.48995534083435,After the historical event,Event not experienced
1.4800000000000004,1,0,0,Nuclear-family environmental variance,5,2.0634899007008953,1.9935309426401124,1.8077353982828515,2.369102133839987,2.25,2.0634899007008953,After the historical event,Event not experienced
1.4800000000000004,1,0,0,Nonshared environmental variance,5,9.287167636612656,9.3255513211994,9.083778161036635,9.480347461801976,9.000000000000002,9.287167636612656,After the historical event,Event not experienced
1.4800000000000004,1,0,0,Phenotypic variance,5,14.840612878147901,14.797276003665058,14.71197700058907,15.022452548377867,14.720207398246838,14.840612878147901,After the historical event,Event not experienced
1.4800000000000004,1,1,1,Additive genetic variance,5,4.992787258215359,4.773853695083444,4.025719241319618,6.766479855059754,5.176941102642084,4.992787258215359,After the historical event,Event experienced
1.4800000000000004,1,1,1,Nuclear-family environmental variance,5,2.2229147759202914,2.2104789130768006,2.131385397751221,2.357662443010288,2.25,2.2229147759202914,After the historical event,Event experienced
1.4800000000000004,1,1,1,Nonshared environmental variance,5,9.12338710175601,9.243552200802792,8.80455326753411,9.366832432404301,9.000000000000002,9.12338710175601,After the historical event,Event experienced
1.4800000000000004,1,1,1,Phenotypic variance,5,16.339089135891662,15.872815226215696,15.436690514189747,17.829023287676833,16.426941102642086,16.339089135891662,After the historical event,Event experienced
1.5,0,0,0,Additive genetic variance,5,3.468109961389353,3.4588688181702585,3.21189355029437,3.7916187590172563,3.4428319057002312,3.468109961389353,Before the historical event,Event not experienced
1.5,0,0,0,Nuclear-family environmental variance,5,2.0634660984377535,1.9962556193743188,1.8096512464176233,2.367453003583997,2.25,2.0634660984377535,Before the historical event,Event not experienced
1.5,0,0,0,Nonshared environmental variance,5,9.286059463315597,9.32474007008202,9.080974641430945,9.476618974383193,9.000000000000002,9.286059463315597,Before the historical event,Event not experienced
1.5,0,0,0,Phenotypic variance,5,14.817635523142703,14.779864507626598,14.685832605803947,14.998314545328686,14.692831905700233,14.817635523142703,Before the historical event,Event not experienced
1.5,0,1,0,Additive genetic variance,5,3.468109961389353,3.4588688181702585,3.21189355029437,3.7916187590172563,3.4428319057002312,3.468109961389353,Before the historical event,Event experienced
1.5,0,1,0,Nuclear-family environmental variance,5,2.0634660984377535,1.9962556193743188,1.8096512464176233,2.367453003583997,2.25,2.0634660984377535,Before the historical event,Event experienced
1.5,0,1,0,Nonshared environmental variance,5,9.286059463315597,9.32474007008202,9.080974641430945,9.476618974383193,9.000000000000002,9.286059463315597,Before the historical event,Event experienced
1.5,0,1,0,Phenotypic variance,5,14.817635523142703,14.779864507626598,14.685832605803947,14.998314545328686,14.692831905700233,14.817635523142703,Before the historical event,Event experienced
1.5,1,0,0,Additive genetic variance,5,3.468109961389353,3.4588688181702585,3.21189355029437,3.7916187590172563,3.4428319057002312,3.468109961389353,After the historical event,Event not experienced
1.5,1,0,0,Nuclear-family environmental variance,5,2.0634660984377535,1.9962556193743188,1.8096512464176233,2.367453003583997,2.25,2.0634660984377535,After the historical event,Event not experienced
1.5,1,0,0,Nonshared environmental variance,5,9.286059463315597,9.32474007008202,9.080974641430945,9.476618974383193,9.000000000000002,9.286059463315597,After the historical event,Event not experienced
1.5,1,0,0,Phenotypic variance,5,14.817635523142703,14.779864507626598,14.685832605803947,14.998314545328686,14.692831905700233,14.817635523142703,After the historical event,Event not experienced
1.5,1,1,1,Additive genetic variance,5,4.960677207632423,4.754448186836102,4.0024207487198264,6.714819862334363,5.1361016667509665,4.960677207632423,After the historical event,Event experienced
1.5,1,1,1,Nuclear-family environmental variance,5,2.2230402003809244,2.208846990906155,2.133680632213104,2.360508646426565,2.25,2.2230402003809244,After the historical event,Event experienced
1.5,1,1,1,Nonshared environmental variance,5,9.122252980684816,9.239324255433983,8.806136801816075,9.363744680046647,9.000000000000002,9.122252980684816,After the historical event,Event experienced
1.5,1,1,1,Phenotypic variance,5,16.305970388698164,15.851236109566715,15.415186600454938,17.776972789370845,16.386101666750967,16.305970388698164,After the historical event,Event experienced
1.5200000000000005,0,0,0,Additive genetic variance,5,3.4458726008958114,3.4391495987517953,3.186910421473671,3.7743587805671774,3.415125906872682,3.4458726008958114,Before the historical event,Event not experienced
1.5200000000000005,0,0,0,Nuclear-family environmental variance,5,2.0634582856438177,1.9989737467022348,1.8116025369674134,2.3658210307637626,2.25,2.0634582856438177,Before the historical event,Event not experienced
1.5200000000000005,0,0,0,Nonshared environmental variance,5,9.284906153889866,9.323940787907793,9.078135326762101,9.472820673371022,9.000000000000002,9.284906153889866,Before the historical event,Event not experienced
1.5200000000000005,0,0,0,Phenotypic variance,5,14.794237040429495,14.762064133361822,14.659285877742743,14.973722654430947,14.665125906872683,14.794237040429495,Before the historical event,Event not experienced
1.5200000000000005,0,1,0,Additive genetic variance,5,3.4458726008958114,3.4391495987517953,3.186910421473671,3.7743587805671774,3.415125906872682,3.4458726008958114,Before the historical event,Event experienced
1.5200000000000005,0,1,0,Nuclear-family environmental variance,5,2.0634582856438177,1.9989737467022348,1.8116025369674134,2.3658210307637626,2.25,2.0634582856438177,Before the historical event,Event experienced
1.5200000000000005,0,1,0,Nonshared environmental variance,5,9.284906153889866,9.323940787907793,9.078135326762101,9.472820673371022,9.000000000000002,9.284906153889866,Before the historical event,Event experienced
1.5200000000000005,0,1,0,Phenotypic variance,5,14.794237040429495,14.762064133361822,14.659285877742743,14.973722654430947,14.665125906872683,14.794237040429495,Before the historical event,Event experienced
1.5200000000000005,1,0,0,Additive genetic variance,5,3.4458726008958114,3.4391495987517953,3.186910421473671,3.7743587805671774,3.415125906872682,3.4458726008958114,After the historical event,Event not experienced
1.5200000000000005,1,0,0,Nuclear-family environmental variance,5,2.0634582856438177,1.9989737467022348,1.8116025369674134,2.3658210307637626,2.25,2.0634582856438177,After the historical event,Event not experienced
1.5200000000000005,1,0,0,Nonshared environmental variance,5,9.284906153889866,9.323940787907793,9.078135326762101,9.472820673371022,9.000000000000002,9.284906153889866,After the historical event,Event not experienced
1.5200000000000005,1,0,0,Phenotypic variance,5,14.794237040429495,14.762064133361822,14.659285877742743,14.973722654430947,14.665125906872683,14.794237040429495,After the historical event,Event not experienced
1.5200000000000005,1,1,1,Additive genetic variance,5,4.927998990503843,4.73445777373899,3.9786745752828683,6.662328722096579,5.094769173427207,4.927998990503843,After the historical event,Event experienced
1.5200000000000005,1,1,1,Nuclear-family environmental variance,5,2.2231843127178643,2.207232929559877,2.135973316589332,2.36339702257089,2.25,2.2231843127178643,After the historical event,Event experienced
1.5200000000000005,1,1,1,Nonshared environmental variance,5,9.121075031310815,9.235028173535705,8.807656074170453,9.360628013389942,9.000000000000002,9.121075031310815,After the historical event,Event experienced
1.5200000000000005,1,1,1,Phenotypic variance,5,16.272258334532523,15.829044243534733,15.393237300474242,17.724045945831,16.34476917342721,16.272258334532523,After the historical event,Event experienced
1.54,0,0,0,Additive genetic variance,5,3.423252758358762,3.4190440651202887,3.1615433269177444,3.756649810376697,3.387100891034402,3.423252758358762,Before the historical event,Event not experienced
1.54,0,0,0,Nuclear-family environmental variance,5,2.0634664476354856,2.0016852877485274,1.8135893810662562,2.3642061792245403,2.25,2.0634664476354856,Before the historical event,Event not experienced
1.54,0,0,0,Nonshared environmental variance,5,9.283707722872897,9.323153471610915,9.075260247029867,9.468952644500659,9.000000000000002,9.283707722872897,Before the historical event,Event not experienced
1.54,0,0,0,Phenotypic variance,5,14.770426928867145,14.743882824479732,14.63234632491012,14.94868873805995,14.637100891034404,14.770426928867145,Before the historical event,Event not experienced
1.54,0,1,0,Additive genetic variance,5,3.423252758358762,3.4190440651202887,3.1615433269177444,3.756649810376697,3.387100891034402,3.423252758358762,Before the historical event,Event experienced
1.54,0,1,0,Nuclear-family environmental variance,5,2.0634664476354856,2.0016852877485274,1.8135893810662562,2.3642061792245403,2.25,2.0634664476354856,Before the historical event,Event experienced
1.54,0,1,0,Nonshared environmental variance,5,9.283707722872897,9.323153471610915,9.075260247029867,9.468952644500659,9.000000000000002,9.283707722872897,Before the historical event,Event experienced
1.54,0,1,0,Phenotypic variance,5,14.770426928867145,14.743882824479732,14.63234632491012,14.94868873805995,14.637100891034404,14.770426928867145,Before the historical event,Event experienced
1.54,1,0,0,Additive genetic variance,5,3.423252758358762,3.4190440651202887,3.1615433269177444,3.756649810376697,3.387100891034402,3.423252758358762,After the historical event,Event not experienced
1.54,1,0,0,Nuclear-family environmental variance,5,2.0634664476354856,2.0016852877485274,1.8135893810662562,2.3642061792245403,2.25,2.0634664476354856,After the historical event,Event not experienced
1.54,1,0,0,Nonshared environmental variance,5,9.283707722872897,9.323153471610915,9.075260247029867,9.468952644500659,9.000000000000002,9.283707722872897,After the historical event,Event not experienced
1.54,1,0,0,Phenotypic variance,5,14.770426928867145,14.743882824479732,14.63234632491012,14.94868873805995,14.637100891034404,14.770426928867145,After the historical event,Event not experienced
1.54,1,1,1,Additive genetic variance,5,4.8947668913729085,4.713890507947944,3.9544903303919408,6.609032228024084,5.052960762647874,4.8947668913729085,After the historical event,Event experienced
1.54,1,1,1,Nuclear-family environmental variance,5,2.223347103984249,2.2056366916355366,2.1382634001565894,2.3663277363663955,2.25,2.223347103984249,After the historical event,Event experienced
1.54,1,1,1,Nonshared environmental variance,5,9.11985326849267,9.230664051966949,8.80911105123735,9.357482465412428,9.000000000000002,9.11985326849267,After the historical event,Event experienced
1.54,1,1,1,Phenotypic variance,5,16.23796726384983,15.806247505611381,15.370852213438432,17.67026848977758,16.302960762647878,16.23796726384983,After the historical event,Event experienced
1.5600000000000005,0,0,0,Additive genetic variance,5,3.4002600455475696,3.396356679534581,3.135804605845104,3.7387193228802325,3.358768406579237,3.4002600455475696,Before the historical event,Event not experienced
1.5600000000000005,0,0,0,Nuclear-family environmental variance,5,2.063490570601936,2.0043902056893654,1.8156118919307296,2.3626084132302982,2.25,2.063490570601936,Before the historical event,Event not experienced
1.5600000000000005,0,0,0,Nonshared environmental variance,5,9.282464185781976,9.32237811817167,9.072349432690727,9.465014975046264,9.000000000000002,9.282464185781976,Before the historical event,Event not experienced
1.5600000000000005,0,0,0,Phenotypic variance,5,14.746214801931481,14.725328647134397,14.605023556224118,14.92322478067115,14.60876840657924,14.746214801931481,Before the historical event,Event not experienced
1.5600000000000005,0,1,0,Additive genetic variance,5,3.4002600455475696,3.396356679534581,3.135804605845104,3.7387193228802325,3.358768406579237,3.4002600455475696,Before the historical event,Event experienced
1.5600000000000005,0,1,0,Nuclear-family environmental variance,5,2.063490570601936,2.0043902056893654,1.8156118919307296,2.3626084132302982,2.25,2.063490570601936,Before the historical event,Event experienced
1.5600000000000005,0,1,0,Nonshared environmental variance,5,9.282464185781976,9.32237811817167,9.072349432690727,9.465014975046264,9.000000000000002,9.282464185781976,Before the historical event,Event experienced
1.5600000000000005,0,1,0,Phenotypic variance,5,14.746214801931481,14.725328647134397,14.605023556224118,14.92322478067115,14.60876840657924,14.746214801931481,Before the historical event,Event experienced
1.5600000000000005,1,0,0,Additive genetic variance,5,3.4002600455475696,3.396356679534581,3.135804605845104,3.7387193228802325,3.358768406579237,3.4002600455475696,After the historical event,Event not experienced
1.5600000000000005,1,0,0,Nuclear-family environmental variance,5,2.063490570601936,2.0043902056893654,1.8156118919307296,2.3626084132302982,2.25,2.063490570601936,After the historical event,Event not experienced
1.5600000000000005,1,0,0,Nonshared environmental variance,5,9.282464185781976,9.32237811817167,9.072349432690727,9.465014975046264,9.000000000000002,9.282464185781976,After the historical event,Event not experienced
1.5600000000000005,1,0,0,Phenotypic variance,5,14.746214801931481,14.725328647134397,14.605023556224118,14.92322478067115,14.60876840657924,14.746214801931481,After the historical event,Event not experienced
1.5600000000000005,1,1,1,Additive genetic variance,5,4.860995358538706,4.692754649276677,3.929877757150098,6.554956412572921,5.010693662592122,4.860995358538706,After the historical event,Event experienced
1.5600000000000005,1,1,1,Nuclear-family environmental variance,5,2.223528566276562,2.2040582401612427,2.1400051292455267,2.3693009552588586,2.25,2.223528566276562,After the historical event,Event experienced
1.5600000000000005,1,1,1,Nonshared environmental variance,5,9.118587708037367,9.226231989089664,8.810501701064911,9.354308069418234,9.000000000000002,9.118587708037367,After the historical event,Event experienced
1.5600000000000005,1,1,1,Phenotypic variance,5,16.203111632852632,15.782853984300218,15.348041072779367,17.615666394397913,16.260693662592125,16.203111632852632,After the historical event,Event experienced
1.58,0,0,0,Additive genetic variance,5,3.3769041801781947,3.3676414361587375,3.1097067012671666,3.720920002158529,3.330140053179798,3.3769041801781947,Before the historical event,Event not experienced
1.58,0,0,0,Nuclear-family environmental variance,5,2.0635306416054626,2.0070884637532433,1.8176701848706687,2.361027697462336,2.25,2.0635306416054626,Before the historical event,Event not experienced
1.58,0,0,0,Nonshared environmental variance,5,9.281175559113736,9.32161472461638,9.069402914657372,9.461007753817663,9.000000000000002,9.281175559113736,Before the historical event,Event not experienced
1.58,0,0,0,Phenotypic variance,5,14.721610380897394,14.706409784594978,14.577327274498899,14.897342879041277,14.5801400531798,14.721610380897394,Before the historical event,Event not experienced
1.58,0,1,0,Additive genetic variance,5,3.3769041801781947,3.3676414361587375,3.1097067012671666,3.720920002158529,3.330140053179798,3.3769041801781947,Before the historical event,Event experienced
1.58,0,1,0,Nuclear-family environmental variance,5,2.0635306416054626,2.0070884637532433,1.8176701848706687,2.361027697462336,2.25,2.0635306416054626,Before the historical event,Event experienced
1.58,0,1,0,Nonshared environmental variance,5,9.281175559113736,9.32161472461638,9.069402914657372,9.461007753817663,9.000000000000002,9.281175559113736,Before the historical event,Event experienced
1.58,0,1,0,Phenotypic variance,5,14.721610380897394,14.706409784594978,14.577327274498899,14.897342879041277,14.5801400531798,14.721610380897394,Before the historical event,Event experienced
1.58,1,0,0,Additive genetic variance,5,3.3769041801781947,3.3676414361587375,3.1097067012671666,3.720920002158529,3.330140053179798,3.3769041801781947,After the historical event,Event not experienced
1.58,1,0,0,Nuclear-family environmental variance,5,2.0635306416054626,2.0070884637532433,1.8176701848706687,2.361027697462336,2.25,2.0635306416054626,After the historical event,Event not experienced
1.58,1,0,0,Nonshared environmental variance,5,9.281175559113736,9.32161472461638,9.069402914657372,9.461007753817663,9.000000000000002,9.281175559113736,After the historical event,Event not experienced
1.58,1,0,0,Phenotypic variance,5,14.721610380897394,14.706409784594978,14.577327274498899,14.897342879041277,14.5801400531798,14.721610380897394,After the historical event,Event not experienced
1.58,1,1,1,Additive genetic variance,5,4.826698993556292,4.671058659673395,3.904846725864767,6.5001275259022435,4.9679851779380355,4.826698993556292,After the historical event,Event experienced
1.58,1,1,1,Nuclear-family environmental variance,5,2.2237286927355804,2.202497538594219,2.1375145396318134,2.3723168492322597,2.25,2.2237286927355804,After the historical event,Event experienced
1.58,1,1,1,Nonshared environmental variance,5,9.117278366699702,9.22173208476509,8.811827993110478,9.35110485903674,9.000000000000002,9.117278366699702,After the historical event,Event experienced
1.58,1,1,1,Phenotypic variance,5,16.167706052991576,15.758871973582107,15.324813739656603,17.56026585227089,16.217985177938036,16.167706052991576,After the historical event,Event experienced
1.6000000000000005,0,0,0,Additive genetic variance,5,3.35319497906225,3.3386482619892877,3.08326215001957,3.702685096469696,3.301227473966728,3.35319497906225,Before the historical event,Event not experienced
1.6000000000000005,0,0,0,Nuclear-family environmental variance,5,2.0635866485818743,2.0097800252218128,1.8197643773000833,2.359463997017908,2.25,2.0635866485818743,Before the historical event,Event not experienced
1.6000000000000005,0,0,0,Nonshared environmental variance,5,9.279841860343659,9.320863288017405,9.066420724298156,9.456931071156994,9.000000000000002,9.279841860343659,Before the historical event,Event not experienced
1.6000000000000005,0,0,0,Phenotypic variance,5,14.696623487987784,14.68713453176283,14.549267269901833,14.871055232489033,14.55122747396673,14.696623487987784,Before the historical event,Event not experienced
1.6000000000000005,0,1,0,Additive genetic variance,5,3.35319497906225,3.3386482619892877,3.08326215001957,3.702685096469696,3.301227473966728,3.35319497906225,Before the historical event,Event experienced
1.6000000000000005,0,1,0,Nuclear-family environmental variance,5,2.0635866485818743,2.0097800252218128,1.8197643773000833,2.359463997017908,2.25,2.0635866485818743,Before the historical event,Event experienced
1.6000000000000005,0,1,0,Nonshared environmental variance,5,9.279841860343659,9.320863288017405,9.066420724298156,9.456931071156994,9.000000000000002,9.279841860343659,Before the historical event,Event experienced
1.6000000000000005,0,1,0,Phenotypic variance,5,14.696623487987784,14.68713453176283,14.549267269901833,14.871055232489033,14.55122747396673,14.696623487987784,Before the historical event,Event experienced
1.6000000000000005,1,0,0,Additive genetic variance,5,3.35319497906225,3.3386482619892877,3.08326215001957,3.702685096469696,3.301227473966728,3.35319497906225,After the historical event,Event not experienced
1.6000000000000005,1,0,0,Nuclear-family environmental variance,5,2.0635866485818743,2.0097800252218128,1.8197643773000833,2.359463997017908,2.25,2.0635866485818743,After the historical event,Event not experienced
1.6000000000000005,1,0,0,Nonshared environmental variance,5,9.279841860343659,9.320863288017405,9.066420724298156,9.456931071156994,9.000000000000002,9.279841860343659,After the historical event,Event not experienced
1.6000000000000005,1,0,0,Phenotypic variance,5,14.696623487987784,14.68713453176283,14.549267269901833,14.871055232489033,14.55122747396673,14.696623487987784,After the historical event,Event not experienced
1.6000000000000005,1,1,1,Additive genetic variance,5,4.7918925406922055,4.648811197580417,3.8794072274800326,6.444572014770613,4.924852678195468,4.7918925406922055,After the historical event,Event experienced
1.6000000000000005,1,1,1,Nuclear-family environmental variance,5,2.2239474775474184,2.20095455081939,2.1350564001024326,2.375375590824583,2.25,2.2239474775474184,After the historical event,Event experienced
1.6000000000000005,1,1,1,Nonshared environmental variance,5,9.115925262181777,9.217164440349965,8.813089898241714,9.347872868221945,9.000000000000002,9.115925262181777,After the historical event,Event experienced
1.6000000000000005,1,1,1,Phenotypic variance,5,16.1317652804214,15.734309967263684,15.30118019639186,17.504093254262955,16.17485267819547,16.1317652804214,After the historical event,Event experienced
1.62,0,0,0,Additive genetic variance,5,3.3291423512296396,3.3093885532958995,3.0564835727905226,3.6840218591463216,3.272042347739404,3.3291423512296396,Before the historical event,Event not experienced
1.62,0,0,0,Nuclear-family environmental variance,5,2.0636585803409804,2.012464853430707,1.8218945887482763,2.3579172774088732,2.25,2.0636585803409804,Before the historical event,Event not experienced
1.62,0,0,0,Nonshared environmental variance,5,9.27846310792552,9.320123805493107,9.063402893436571,9.452785018935348,9.000000000000002,9.27846310792552,Before the historical event,Event not experienced
1.62,0,0,0,Phenotypic variance,5,14.67126403949614,14.667511289640736,14.520853413391173,14.8443741330863,14.522042347739406,14.67126403949614,Before the historical event,Event not experienced
1.62,0,1,0,Additive genetic variance,5,3.3291423512296396,3.3093885532958995,3.0564835727905226,3.6840218591463216,3.272042347739404,3.3291423512296396,Before the historical event,Event experienced
1.62,0,1,0,Nuclear-family environmental variance,5,2.0636585803409804,2.012464853430707,1.8218945887482763,2.3579172774088732,2.25,2.0636585803409804,Before the historical event,Event experienced
1.62,0,1,0,Nonshared environmental variance,5,9.27846310792552,9.320123805493107,9.063402893436571,9.452785018935348,9.000000000000002,9.27846310792552,Before the historical event,Event experienced
1.62,0,1,0,Phenotypic variance,5,14.67126403949614,14.667511289640736,14.520853413391173,14.8443741330863,14.522042347739406,14.67126403949614,Before the historical event,Event experienced
1.62,1,0,0,Additive genetic variance,5,3.3291423512296396,3.3093885532958995,3.0564835727905226,3.6840218591463216,3.272042347739404,3.3291423512296396,After the historical event,Event not experienced
1.62,1,0,0,Nuclear-family environmental variance,5,2.0636585803409804,2.012464853430707,1.8218945887482763,2.3579172774088732,2.25,2.0636585803409804,After the historical event,Event not experienced
1.62,1,0,0,Nonshared environmental variance,5,9.27846310792552,9.320123805493107,9.063402893436571,9.452785018935348,9.000000000000002,9.27846310792552,After the historical event,Event not experienced
1.62,1,0,0,Phenotypic variance,5,14.67126403949614,14.667511289640736,14.520853413391173,14.8443741330863,14.522042347739406,14.67126403949614,After the historical event,Event not experienced
1.62,1,1,1,Additive genetic variance,5,4.756590876346086,4.626021112182071,3.8535693669628506,6.388316501427494,4.881313586085768,4.756590876346086,After the historical event,Event experienced
1.62,1,1,1,Nuclear-family environmental variance,5,2.2241849159446554,2.1994292411479903,2.1326305760840865,2.378477355143877,2.25,2.2241849159446554,After the historical event,Event experienced
1.62,1,1,1,Nonshared environmental variance,5,9.114528413132447,9.21252915869275,8.814287388737679,9.344612131251866,9.000000000000002,9.114528413132447,After the historical event,Event experienced
1.62,1,1,1,Phenotypic variance,5,16.09530420542319,15.709176653214275,15.277150539857406,17.447175168419268,16.13131358608577,16.09530420542319,After the historical event,Event experienced
1.6399999999999997,0,0,0,Additive genetic variance,5,3.304756291031484,3.279873731503012,3.0293836641571454,3.6649376874709576,3.2425963812152148,3.304756291031484,Before the historical event,Event not experienced
1.6399999999999997,0,0,0,Nuclear-family environmental variance,5,2.063746426567144,2.0151429117703668,1.8240609408711734,2.356387504560358,2.25,2.063746426567144,Before the historical event,Event not experienced
1.6399999999999997,0,0,0,Nonshared environmental variance,5,9.277039321290799,9.319396274207843,9.060349454350696,9.448569690549277,9.000000000000002,9.277039321290799,Before the historical event,Event not experienced
1.6399999999999997,0,0,0,Phenotypic variance,5,14.645542038889428,14.647548559759471,14.492095650140358,14.81731195587066,14.492596381215217,14.645542038889428,Before the historical event,Event not experienced
1.6399999999999997,0,1,0,Additive genetic variance,5,3.304756291031484,3.279873731503012,3.0293836641571454,3.6649376874709576,3.2425963812152148,3.304756291031484,Before the historical event,Event experienced
1.6399999999999997,0,1,0,Nuclear-family environmental variance,5,2.063746426567144,2.0151429117703668,1.8240609408711734,2.356387504560358,2.25,2.063746426567144,Before the historical event,Event experienced
1.6399999999999997,0,1,0,Nonshared environmental variance,5,9.277039321290799,9.319396274207843,9.060349454350696,9.448569690549277,9.000000000000002,9.277039321290799,Before the historical event,Event experienced
1.6399999999999997,0,1,0,Phenotypic variance,5,14.645542038889428,14.647548559759471,14.492095650140358,14.81731195587066,14.492596381215217,14.645542038889428,Before the historical event,Event experienced
1.6399999999999997,1,0,0,Additive genetic variance,5,3.304756291031484,3.279873731503012,3.0293836641571454,3.6649376874709576,3.2425963812152148,3.304756291031484,After the historical event,Event not experienced
1.6399999999999997,1,0,0,Nuclear-family environmental variance,5,2.063746426567144,2.0151429117703668,1.8240609408711734,2.356387504560358,2.25,2.063746426567144,After the historical event,Event not experienced
1.6399999999999997,1,0,0,Nonshared environmental variance,5,9.277039321290799,9.319396274207843,9.060349454350696,9.448569690549277,9.000000000000002,9.277039321290799,After the historical event,Event not experienced
1.6399999999999997,1,0,0,Phenotypic variance,5,14.645542038889428,14.647548559759471,14.492095650140358,14.81731195587066,14.492596381215217,14.645542038889428,After the historical event,Event not experienced
1.6399999999999997,1,1,1,Additive genetic variance,5,4.7208089984489305,4.602697437546219,3.820542654253639,6.331387762523235,4.837385365979065,4.7208089984489305,After the historical event,Event experienced
1.6399999999999997,1,1,1,Nuclear-family environmental variance,5,2.2244410042075615,2.19792157431619,2.130236934698439,2.381622319884565,2.25,2.2244410042075615,After the historical event,Event experienced
1.6399999999999997,1,1,1,Nonshared environmental variance,5,9.113087839146724,9.207826344129753,8.815420438289829,9.341322682727895,9.000000000000002,9.113087839146724,After the historical event,Event experienced
1.6399999999999997,1,1,1,Phenotypic variance,5,16.058337841803215,15.683480907496438,15.252734974824428,17.38953831887336,16.087385365979067,16.058337841803215,After the historical event,Event experienced
1.6600000000000001,0,0,0,Additive genetic variance,5,3.280046871230072,3.2501152358767107,3.0019751826407326,3.6454401177986338,3.2129013013245324,3.280046871230072,Before the historical event,Event not experienced
1.6600000000000001,0,0,0,Nuclear-family environmental variance,5,2.063850177819912,2.0178141636868694,1.826263557462861,2.354874644809435,2.25,2.063850177819912,Before the historical event,Event not experienced
1.6600000000000001,0,0,0,Nonshared environmental variance,5,9.275570520848072,9.318680691371952,9.057260439772623,9.448026737291872,9.000000000000002,9.275570520848072,Before the historical event,Event not experienced
1.6600000000000001,0,0,0,Phenotypic variance,5,14.619467569898056,14.627254938566763,14.463003992955139,14.789881149069966,14.462901301324534,14.619467569898056,Before the historical event,Event not experienced
1.6600000000000001,0,1,0,Additive genetic variance,5,3.280046871230072,3.2501152358767107,3.0019751826407326,3.6454401177986338,3.2129013013245324,3.280046871230072,Before the historical event,Event experienced
1.6600000000000001,0,1,0,Nuclear-family environmental variance,5,2.063850177819912,2.0178141636868694,1.826263557462861,2.354874644809435,2.25,2.063850177819912,Before the historical event,Event experienced
1.6600000000000001,0,1,0,Nonshared environmental variance,5,9.275570520848072,9.318680691371952,9.057260439772623,9.448026737291872,9.000000000000002,9.275570520848072,Before the historical event,Event experienced
1.6600000000000001,0,1,0,Phenotypic variance,5,14.619467569898056,14.627254938566763,14.463003992955139,14.789881149069966,14.462901301324534,14.619467569898056,Before the historical event,Event experienced
1.6600000000000001,1,0,0,Additive genetic variance,5,3.280046871230072,3.2501152358767107,3.0019751826407326,3.6454401177986338,3.2129013013245324,3.280046871230072,After the historical event,Event not experienced
1.6600000000000001,1,0,0,Nuclear-family environmental variance,5,2.063850177819912,2.0178141636868694,1.826263557462861,2.354874644809435,2.25,2.063850177819912,After the historical event,Event not experienced
1.6600000000000001,1,0,0,Nonshared environmental variance,5,9.275570520848072,9.318680691371952,9.057260439772623,9.448026737291872,9.000000000000002,9.275570520848072,After the historical event,Event not experienced
1.6600000000000001,1,0,0,Phenotypic variance,5,14.619467569898056,14.627254938566763,14.463003992955139,14.789881149069966,14.462901301324534,14.619467569898056,After the historical event,Event not experienced
1.6600000000000001,1,1,1,Additive genetic variance,5,4.684562015848629,4.578849386664807,3.78678106676306,6.273812708060746,4.793085512399714,4.684562015848629,After the historical event,Event experienced
1.6600000000000001,1,1,1,Nuclear-family environmental variance,5,2.224715739665412,2.196431515483734,2.1278753447519887,2.384810665344013,2.25,2.224715739665412,After the historical event,Event experienced
1.6600000000000001,1,1,1,Nonshared environmental variance,5,9.11160356076517,9.203056102481236,8.816489022002985,9.338004557574148,9.000000000000002,9.11160356076517,After the historical event,Event experienced
1.6600000000000001,1,1,1,Phenotypic variance,5,16.020881316279212,15.657231788395762,15.227943807277544,17.331209564798403,16.043085512399717,16.020881316279212,After the historical event,Event experienced
1.6799999999999997,0,0,0,Additive genetic variance,5,3.2550242360824875,3.220124516262393,2.9742709407917025,3.625536820607005,3.1829688475583007,3.2550242360824875,Before the historical event,Event not experienced
1.6799999999999997,0,0,0,Nuclear-family environmental variance,5,2.0639698255347216,2.0204785726827525,1.828502564467328,2.353378664903818,2.25,2.0639698255347216,Before the historical event,Event not experienced
1.6799999999999997,0,0,0,Nonshared environmental variance,5,9.27405672798236,9.317977054241725,9.054135882887904,9.448557323332478,9.000000000000002,9.27405672798236,Before the historical event,Event not experienced
1.6799999999999997,0,0,0,Phenotypic variance,5,14.59305078959957,14.606639111783794,14.433588515689573,14.762094224349639,14.432968847558303,14.59305078959957,Before the historical event,Event not experienced
1.6799999999999997,0,1,0,Additive genetic variance,5,3.2550242360824875,3.220124516262393,2.9742709407917025,3.625536820607005,3.1829688475583007,3.2550242360824875,Before the historical event,Event experienced
1.6799999999999997,0,1,0,Nuclear-family environmental variance,5,2.0639698255347216,2.0204785726827525,1.828502564467328,2.353378664903818,2.25,2.0639698255347216,Before the historical event,Event experienced
1.6799999999999997,0,1,0,Nonshared environmental variance,5,9.27405672798236,9.317977054241725,9.054135882887904,9.448557323332478,9.000000000000002,9.27405672798236,Before the historical event,Event experienced
1.6799999999999997,0,1,0,Phenotypic variance,5,14.59305078959957,14.606639111783794,14.433588515689573,14.762094224349639,14.432968847558303,14.59305078959957,Before the historical event,Event experienced
1.6799999999999997,1,0,0,Additive genetic variance,5,3.2550242360824875,3.220124516262393,2.9742709407917025,3.625536820607005,3.1829688475583007,3.2550242360824875,After the historical event,Event not experienced
1.6799999999999997,1,0,0,Nuclear-family environmental variance,5,2.0639698255347216,2.0204785726827525,1.828502564467328,2.353378664903818,2.25,2.0639698255347216,After the historical event,Event not experienced
1.6799999999999997,1,0,0,Nonshared environmental variance,5,9.27405672798236,9.317977054241725,9.054135882887904,9.448557323332478,9.000000000000002,9.27405672798236,After the historical event,Event not experienced
1.6799999999999997,1,0,0,Phenotypic variance,5,14.59305078959957,14.606639111783794,14.433588515689573,14.762094224349639,14.432968847558303,14.59305078959957,After the historical event,Event not experienced
1.6799999999999997,1,1,1,Additive genetic variance,5,4.647865137693226,4.554486345398983,3.752738258512095,6.2156183604117405,4.748431538610245,4.647865137693226,After the historical event,Event experienced
1.6799999999999997,1,1,1,Nuclear-family environmental variance,5,2.2250091206978966,2.194959030232602,2.1255456767260865,2.3880425744393556,2.25,2.2250091206978966,After the historical event,Event experienced
1.6799999999999997,1,1,1,Nonshared environmental variance,5,9.110075599473245,9.198218541047419,8.81749311639626,9.334657791036843,9.000000000000002,9.110075599473245,After the historical event,Event experienced
1.6799999999999997,1,1,1,Phenotypic variance,5,15.982949857864368,15.630438530355255,15.202787437701476,17.272215879423054,15.998431538610248,15.982949857864368,After the historical event,Event experienced
1.7000000000000002,0,0,0,Additive genetic variance,5,3.2296985944245233,3.189913025879551,2.9462837953149035,3.6052355954786246,3.1528107643750807,3.2296985944245233,Before the historical event,Event not experienced
1.7000000000000002,0,0,0,Nuclear-family environmental variance,5,2.0641053620236813,2.0231361023178396,1.8307780899904285,2.351899532000579,2.25,2.0641053620236813,Before the historical event,Event not experienced
1.7000000000000002,0,0,0,Nonshared environmental variance,5,9.272497965054436,9.317285360119389,9.05097581733495,9.449018782202753,9.000000000000002,9.272497965054436,Before the historical event,Event not experienced
1.7000000000000002,0,0,0,Phenotypic variance,5,14.566301921502639,14.585709848734393,14.40385934666695,14.733963747093059,14.402810764375083,14.566301921502639,Before the historical event,Event not experienced
1.7000000000000002,0,1,0,Additive genetic variance,5,3.2296985944245233,3.189913025879551,2.9462837953149035,3.6052355954786246,3.1528107643750807,3.2296985944245233,Before the historical event,Event experienced
1.7000000000000002,0,1,0,Nuclear-family environmental variance,5,2.0641053620236813,2.0231361023178396,1.8307780899904285,2.351899532000579,2.25,2.0641053620236813,Before the historical event,Event experienced
1.7000000000000002,0,1,0,Nonshared environmental variance,5,9.272497965054436,9.317285360119389,9.05097581733495,9.449018782202753,9.000000000000002,9.272497965054436,Before the historical event,Event experienced
1.7000000000000002,0,1,0,Phenotypic variance,5,14.566301921502639,14.585709848734393,14.40385934666695,14.733963747093059,14.402810764375083,14.566301921502639,Before the historical event,Event experienced
1.7000000000000002,1,0,0,Additive genetic variance,5,3.2296985944245233,3.189913025879551,2.9462837953149035,3.6052355954786246,3.1528107643750807,3.2296985944245233,After the historical event,Event not experienced
1.7000000000000002,1,0,0,Nuclear-family environmental variance,5,2.0641053620236813,2.0231361023178396,1.8307780899904285,2.351899532000579,2.25,2.0641053620236813,After the historical event,Event not experienced
1.7000000000000002,1,0,0,Nonshared environmental variance,5,9.272497965054436,9.317285360119389,9.05097581733495,9.449018782202753,9.000000000000002,9.272497965054436,After the historical event,Event not experienced
1.7000000000000002,1,0,0,Phenotypic variance,5,14.566301921502639,14.585709848734393,14.40385934666695,14.733963747093059,14.402810764375083,14.566301921502639,After the historical event,Event not experienced
1.7000000000000002,1,1,1,Additive genetic variance,5,4.610733662822312,4.529617866334281,3.718427251746886,6.15683183342011,4.703440965283997,4.610733662822312,After the historical event,Event experienced
1.7000000000000002,1,1,1,Nuclear-family environmental variance,5,2.2253211467366185,2.1935040845656837,2.123247802767095,2.3913182327245828,2.25,2.2253211467366185,After the historical event,Event experienced
1.7000000000000002,1,1,1,Nonshared environmental variance,5,9.108503977700616,9.193313768604483,8.818432699403894,9.33128241868364,9.000000000000002,9.108503977700616,After the historical event,Event experienced
1.7000000000000002,1,1,1,Phenotypic variance,5,15.944558787259549,15.603110537819928,15.177276354346,17.21258432913437,15.953440965283999,15.944558787259549,After the historical event,Event experienced
1.7199999999999998,0,0,0,Additive genetic variance,5,3.2040802127614674,3.159492214179873,2.918026637245756,3.58454436601998,3.122438793674299,3.2040802127614674,Before the historical event,Event not experienced
1.7199999999999998,0,0,0,Nuclear-family environmental variance,5,2.064256780476426,2.0257867162100665,1.8330902643120477,2.350437213664868,2.25,2.064256780476426,Before the historical event,Event not experienced
1.7199999999999998,0,0,0,Nonshared environmental variance,5,9.270894255400105,9.316605606353095,9.047780277204438,9.44941110401055,9.000000000000002,9.270894255400105,Before the historical event,Event not experienced
1.7199999999999998,0,0,0,Phenotypic variance,5,14.539231248637998,14.564475996652064,14.373826662111574,14.705502326725567,14.3724387936743,14.539231248637998,Before the historical event,Event not experienced
1.7199999999999998,0,1,0,Additive genetic variance,5,3.2040802127614674,3.159492214179873,2.918026637245756,3.58454436601998,3.122438793674299,3.2040802127614674,Before the historical event,Event experienced
1.7199999999999998,0,1,0,Nuclear-family environmental variance,5,2.064256780476426,2.0257867162100665,1.8330902643120477,2.350437213664868,2.25,2.064256780476426,Before the historical event,Event experienced
1.7199999999999998,0,1,0,Nonshared environmental variance,5,9.270894255400105,9.316605606353095,9.047780277204438,9.44941110401055,9.000000000000002,9.270894255400105,Before the historical event,Event experienced
1.7199999999999998,0,1,0,Phenotypic variance,5,14.539231248637998,14.564475996652064,14.373826662111574,14.705502326725567,14.3724387936743,14.539231248637998,Before the historical event,Event experienced
1.7199999999999998,1,0,0,Additive genetic variance,5,3.2040802127614674,3.159492214179873,2.918026637245756,3.58454436601998,3.122438793674299,3.2040802127614674,After the historical event,Event not experienced
1.7199999999999998,1,0,0,Nuclear-family environmental variance,5,2.064256780476426,2.0257867162100665,1.8330902643120477,2.350437213664868,2.25,2.064256780476426,After the historical event,Event not experienced
1.7199999999999998,1,0,0,Nonshared environmental variance,5,9.270894255400105,9.316605606353095,9.047780277204438,9.44941110401055,9.000000000000002,9.270894255400105,After the historical event,Event not experienced
1.7199999999999998,1,0,0,Phenotypic variance,5,14.539231248637998,14.564475996652064,14.373826662111574,14.705502326725567,14.3724387936743,14.539231248637998,After the historical event,Event not experienced
1.7199999999999998,1,1,1,Additive genetic variance,5,4.573182969176873,4.504253662551539,3.683861073754904,6.097480311614794,4.658131309276533,4.573182969176873,After the historical event,Event experienced
1.7199999999999998,1,1,1,Nuclear-family environmental variance,5,2.225651818266687,2.192066644905469,2.120981596676684,2.3946378284078897,2.25,2.225651818266687,After the historical event,Event experienced
1.7199999999999998,1,1,1,Nonshared environmental variance,5,9.106888718820448,9.188341895400477,8.819307750376078,9.327878476402976,9.000000000000002,9.106888718820448,After the historical event,Event experienced
1.7199999999999998,1,1,1,Phenotypic variance,5,15.905723506264007,15.575257378997218,15.151421126475254,17.152342052690184,15.908131309276534,15.905723506264007,After the historical event,Event experienced
1.7400000000000002,0,0,0,Additive genetic variance,5,3.178179408372235,3.1288735197747,2.889512382187589,3.5634711747218746,3.0918646673422083,3.178179408372235,Before the historical event,Event not experienced
1.7400000000000002,0,0,0,Nuclear-family environmental variance,5,2.064424074961052,2.028430378036307,1.835439219898491,2.348991677868667,2.25,2.064424074961052,Before the historical event,Event not experienced
1.7400000000000002,0,0,0,Nonshared environmental variance,5,9.269245623329464,9.315937790336905,9.044549297038733,9.449734280381154,9.000000000000002,9.269245623329464,Before the historical event,Event not experienced
1.7400000000000002,0,0,0,Phenotypic variance,5,14.511849106662751,14.542946474969934,14.343500679597426,14.676722607092167,14.341864667342211,14.511849106662751,Before the historical event,Event not experienced
1.7400000000000002,0,1,0,Additive genetic variance,5,3.178179408372235,3.1288735197747,2.889512382187589,3.5634711747218746,3.0918646673422083,3.178179408372235,Before the historical event,Event experienced
1.7400000000000002,0,1,0,Nuclear-family environmental variance,5,2.064424074961052,2.028430378036307,1.835439219898491,2.348991677868667,2.25,2.064424074961052,Before the historical event,Event experienced
1.7400000000000002,0,1,0,Nonshared environmental variance,5,9.269245623329464,9.315937790336905,9.044549297038733,9.449734280381154,9.000000000000002,9.269245623329464,Before the historical event,Event experienced
1.7400000000000002,0,1,0,Phenotypic variance,5,14.511849106662751,14.542946474969934,14.343500679597426,14.676722607092167,14.341864667342211,14.511849106662751,Before the historical event,Event experienced
1.7400000000000002,1,0,0,Additive genetic variance,5,3.178179408372235,3.1288735197747,2.889512382187589,3.5634711747218746,3.0918646673422083,3.178179408372235,After the historical event,Event not experienced
1.7400000000000002,1,0,0,Nuclear-family environmental variance,5,2.064424074961052,2.028430378036307,1.835439219898491,2.348991677868667,2.25,2.064424074961052,After the historical event,Event not experienced
1.7400000000000002,1,0,0,Nonshared environmental variance,5,9.269245623329464,9.315937790336905,9.044549297038733,9.449734280381154,9.000000000000002,9.269245623329464,After the historical event,Event not experienced
1.7400000000000002,1,0,0,Phenotypic variance,5,14.511849106662751,14.542946474969934,14.343500679597426,14.676722607092167,14.341864667342211,14.511849106662751,After the historical event,Event not experienced
1.7400000000000002,1,1,1,Additive genetic variance,5,4.535228503237757,4.478403601319215,3.6490527487921387,6.037591029553997,4.612520072505516,4.535228503237757,After the historical event,Event experienced
1.7400000000000002,1,1,1,Nuclear-family environmental variance,5,2.226001136828404,2.190646678092759,2.1187469339022686,2.398001552369291,2.25,2.226001136828404,After the historical event,Event experienced
1.7400000000000002,1,1,1,Nonshared environmental variance,5,9.105229847148648,9.183303033151194,8.820118250079702,9.324446000403425,9.000000000000002,9.105229847148648,After the historical event,Event experienced
1.7400000000000002,1,1,1,Phenotypic variance,5,15.86645948721481,15.546888779538904,15.125232397607355,17.091516240562846,15.862520072505518,15.86645948721481,After the historical event,Event experienced
1.7599999999999998,0,0,0,Additive genetic variance,5,3.1520065424332904,3.0980683634378106,2.860753960620324,3.542024177765825,3.061100099877081,3.1520065424332904,Before the historical event,Event not experienced
1.7599999999999998,0,0,0,Nuclear-family environmental variance,5,2.0646072404251217,2.0310670515331934,1.837825091415082,2.3475628929895453,2.25,2.0646072404251217,Before the historical event,Event not experienced
1.7599999999999998,0,0,0,Nonshared environmental variance,5,9.267552094126106,9.315281909510766,9.04128291183124,9.44998830445758,9.000000000000002,9.267552094126106,Before the historical event,Event not experienced
1.7599999999999998,0,0,0,Phenotypic variance,5,14.484165876984518,14.521130269598725,14.312891651519443,14.647637256899005,14.311100099877082,14.484165876984518,Before the historical event,Event not experienced
1.7599999999999998,0,1,0,Additive genetic variance,5,3.1520065424332904,3.0980683634378106,2.860753960620324,3.542024177765825,3.061100099877081,3.1520065424332904,Before the historical event,Event experienced
1.7599999999999998,0,1,0,Nuclear-family environmental variance,5,2.0646072404251217,2.0310670515331934,1.837825091415082,2.3475628929895453,2.25,2.0646072404251217,Before the historical event,Event experienced
1.7599999999999998,0,1,0,Nonshared environmental variance,5,9.267552094126106,9.315281909510766,9.04128291183124,9.44998830445758,9.000000000000002,9.267552094126106,Before the historical event,Event experienced
1.7599999999999998,0,1,0,Phenotypic variance,5,14.484165876984518,14.521130269598725,14.312891651519443,14.647637256899005,14.311100099877082,14.484165876984518,Before the historical event,Event experienced
1.7599999999999998,1,0,0,Additive genetic variance,5,3.1520065424332904,3.0980683634378106,2.860753960620324,3.542024177765825,3.061100099877081,3.1520065424332904,After the historical event,Event not experienced
1.7599999999999998,1,0,0,Nuclear-family environmental variance,5,2.0646072404251217,2.0310670515331934,1.837825091415082,2.3475628929895453,2.25,2.0646072404251217,After the historical event,Event not experienced
1.7599999999999998,1,0,0,Nonshared environmental variance,5,9.267552094126106,9.315281909510766,9.04128291183124,9.44998830445758,9.000000000000002,9.267552094126106,After the historical event,Event not experienced
1.7599999999999998,1,0,0,Phenotypic variance,5,14.484165876984518,14.521130269598725,14.312891651519443,14.647637256899005,14.311100099877082,14.484165876984518,After the historical event,Event not experienced
1.7599999999999998,1,1,1,Additive genetic variance,5,4.496885769502866,4.452077697712793,3.614015290087856,5.977191251322392,4.566624730948788,4.496885769502866,After the historical event,Event experienced
1.7599999999999998,1,1,1,Nuclear-family environmental variance,5,2.226369105019043,2.18924415138539,2.1165436915275793,2.401409598178503,2.25,2.226369105019043,After the historical event,Event experienced
1.7599999999999998,1,1,1,Nonshared environmental variance,5,9.103527387943092,9.178197295035993,8.820864180699068,9.320985027213027,9.000000000000002,9.103527387943092,After the historical event,Event experienced
1.7599999999999998,1,1,1,Phenotypic variance,5,15.826782262465002,15.518014616150221,15.098720878750404,17.030134114435846,15.816624730948789,15.826782262465002,After the historical event,Event experienced
1.7800000000000002,0,0,0,Additive genetic variance,5,3.1255720131686853,3.067088141189291,2.831764308290471,3.520211639781149,3.0301567810998136,3.1255720131686853,Before the historical event,Event not experienced
1.7800000000000002,0,0,0,Nuclear-family environmental variance,5,2.064806272696751,2.033696700497945,1.8402480157389838,2.346150827809438,2.25,2.064806272696751,Before the historical event,Event not experienced
1.7800000000000002,0,0,0,Nonshared environmental variance,5,9.26581369404629,9.314637961360484,9.037981157025788,9.450173170900825,9.000000000000002,9.26581369404629,Before the historical event,Event not experienced
1.7800000000000002,0,0,0,Phenotypic variance,5,14.456191979911726,14.499036427197835,14.282009858593286,14.618258960228491,14.280156781099816,14.456191979911726,Before the historical event,Event not experienced
1.7800000000000002,0,1,0,Additive genetic variance,5,3.1255720131686853,3.067088141189291,2.831764308290471,3.520211639781149,3.0301567810998136,3.1255720131686853,Before the historical event,Event experienced
1.7800000000000002,0,1,0,Nuclear-family environmental variance,5,2.064806272696751,2.033696700497945,1.8402480157389838,2.346150827809438,2.25,2.064806272696751,Before the historical event,Event experienced
1.7800000000000002,0,1,0,Nonshared environmental variance,5,9.26581369404629,9.314637961360484,9.037981157025788,9.450173170900825,9.000000000000002,9.26581369404629,Before the historical event,Event experienced
1.7800000000000002,0,1,0,Phenotypic variance,5,14.456191979911726,14.499036427197835,14.282009858593286,14.618258960228491,14.280156781099816,14.456191979911726,Before the historical event,Event experienced
1.7800000000000002,1,0,0,Additive genetic variance,5,3.1255720131686853,3.067088141189291,2.831764308290471,3.520211639781149,3.0301567810998136,3.1255720131686853,After the historical event,Event not experienced
1.7800000000000002,1,0,0,Nuclear-family environmental variance,5,2.064806272696751,2.033696700497945,1.8402480157389838,2.346150827809438,2.25,2.064806272696751,After the historical event,Event not experienced
1.7800000000000002,1,0,0,Nonshared environmental variance,5,9.26581369404629,9.314637961360484,9.037981157025788,9.450173170900825,9.000000000000002,9.26581369404629,After the historical event,Event not experienced
1.7800000000000002,1,0,0,Phenotypic variance,5,14.456191979911726,14.499036427197835,14.282009858593286,14.618258960228491,14.280156781099816,14.456191979911726,After the historical event,Event not experienced
1.7800000000000002,1,1,1,Additive genetic variance,5,4.4581703200129335,4.425286108167082,3.578761691933544,5.916308250202379,4.520462723769875,4.4581703200129335,After the historical event,Event experienced
1.7800000000000002,1,1,1,Nuclear-family environmental variance,5,2.22675572649472,2.1878590324569753,2.1143717482633733,2.404862162113093,2.25,2.22675572649472,After the historical event,Event experienced
1.7800000000000002,1,1,1,Nonshared environmental variance,5,9.101781367402799,9.173024795693554,8.821545525836543,9.317495593678592,9.000000000000002,9.101781367402799,After the historical event,Event experienced
1.7800000000000002,1,1,1,Phenotypic variance,5,15.786707413910454,15.488644910131958,15.071897341640758,16.968222906874512,15.770462723769878,15.786707413910454,After the historical event,Event experienced
1.7999999999999998,0,0,0,Additive genetic variance,5,3.0988862490325007,3.0359442174661875,2.802556356692232,3.498041928557446,2.9990463689561655,3.0988862490325007,Before the historical event,Event not experienced
1.7999999999999998,0,0,0,Nuclear-family environmental variance,5,2.0650211684857656,2.0363192887891883,1.842708131972236,2.3447554515134406,2.25,2.0650211684857656,Before the historical event,Event not experienced
1.7999999999999998,0,0,0,Nonshared environmental variance,5,9.264030450318105,9.314005943417751,9.034644068516005,9.450288875890038,9.000000000000002,9.264030450318105,Before the historical event,Event not experienced
1.7999999999999998,0,0,0,Phenotypic variance,5,14.42793786783637,14.476674049444625,14.250865603389316,14.588600407137715,14.249046368956167,14.42793786783637,Before the historical event,Event not experienced
1.7999999999999998,0,1,0,Additive genetic variance,5,3.0988862490325007,3.0359442174661875,2.802556356692232,3.498041928557446,2.9990463689561655,3.0988862490325007,Before the historical event,Event experienced
1.7999999999999998,0,1,0,Nuclear-family environmental variance,5,2.0650211684857656,2.0363192887891883,1.842708131972236,2.3447554515134406,2.25,2.0650211684857656,Before the historical event,Event experienced
1.7999999999999998,0,1,0,Nonshared environmental variance,5,9.264030450318105,9.314005943417751,9.034644068516005,9.450288875890038,9.000000000000002,9.264030450318105,Before the historical event,Event experienced
1.7999999999999998,0,1,0,Phenotypic variance,5,14.42793786783637,14.476674049444625,14.250865603389316,14.588600407137715,14.249046368956167,14.42793786783637,Before the historical event,Event experienced
1.7999999999999998,1,0,0,Additive genetic variance,5,3.0988862490325007,3.0359442174661875,2.802556356692232,3.498041928557446,2.9990463689561655,3.0988862490325007,After the historical event,Event not experienced
1.7999999999999998,1,0,0,Nuclear-family environmental variance,5,2.0650211684857656,2.0363192887891883,1.842708131972236,2.3447554515134406,2.25,2.0650211684857656,After the historical event,Event not experienced
1.7999999999999998,1,0,0,Nonshared environmental variance,5,9.264030450318105,9.314005943417751,9.034644068516005,9.450288875890038,9.000000000000002,9.264030450318105,After the historical event,Event not experienced
1.7999999999999998,1,0,0,Phenotypic variance,5,14.42793786783637,14.476674049444625,14.250865603389316,14.588600407137715,14.249046368956167,14.42793786783637,After the historical event,Event not experienced
1.7999999999999998,1,1,1,Additive genetic variance,5,4.419097743935757,4.398039123967169,3.54330492186261,5.854969288540223,4.474051442580182,4.419097743935757,After the historical event,Event experienced
1.7999999999999998,1,1,1,Nuclear-family environmental variance,5,2.2271610059723637,2.186491289395664,2.1122309844382796,2.4083594431769075,2.25,2.2271610059723637,After the historical event,Event experienced
1.7999999999999998,1,1,1,Nonshared environmental variance,5,9.099991812667094,9.167785651217585,8.822162270513145,9.313977736965063,9.000000000000002,9.099991812667094,After the historical event,Event experienced
1.7999999999999998,1,1,1,Phenotypic variance,5,15.746250562575216,15.458789820861313,15.044772611989568,16.905809841191545,15.724051442580183,15.746250562575216,After the historical event,Event experienced
1.8200000000000003,0,0,0,Additive genetic variance,5,3.0719597019298193,3.004647918385396,2.773143023649226,3.4755235097171706,2.9677804824165164,3.0719597019298193,Before the historical event,Event not experienced
1.8200000000000003,0,0,0,Nuclear-family environmental variance,5,2.065251925384941,2.038934780327783,1.8452055814550172,2.3433767336886153,2.25,2.065251925384941,Before the historical event,Event not experienced
1.8200000000000003,0,0,0,Nonshared environmental variance,5,9.26220239114056,9.313385853260064,9.031271682644666,9.450335417122663,9.000000000000002,9.26220239114056,Before the historical event,Event not experienced
1.8200000000000003,0,0,0,Phenotypic variance,5,14.39941401845532,14.45405228730676,14.219469203906295,14.558674284349596,14.217780482416519,14.39941401845532,Before the historical event,Event not experienced
1.8200000000000003,0,1,0,Additive genetic variance,5,3.0719597019298193,3.004647918385396,2.773143023649226,3.4755235097171706,2.9677804824165164,3.0719597019298193,Before the historical event,Event experienced
1.8200000000000003,0,1,0,Nuclear-family environmental variance,5,2.065251925384941,2.038934780327783,1.8452055814550172,2.3433767336886153,2.25,2.065251925384941,Before the historical event,Event experienced
1.8200000000000003,0,1,0,Nonshared environmental variance,5,9.26220239114056,9.313385853260064,9.031271682644666,9.450335417122663,9.000000000000002,9.26220239114056,Before the historical event,Event experienced
1.8200000000000003,0,1,0,Phenotypic variance,5,14.39941401845532,14.45405228730676,14.219469203906295,14.558674284349596,14.217780482416519,14.39941401845532,Before the historical event,Event experienced
1.8200000000000003,1,0,0,Additive genetic variance,5,3.0719597019298193,3.004647918385396,2.773143023649226,3.4755235097171706,2.9677804824165164,3.0719597019298193,After the historical event,Event not experienced
1.8200000000000003,1,0,0,Nuclear-family environmental variance,5,2.065251925384941,2.038934780327783,1.8452055814550172,2.3433767336886153,2.25,2.065251925384941,After the historical event,Event not experienced
1.8200000000000003,1,0,0,Nonshared environmental variance,5,9.26220239114056,9.313385853260064,9.031271682644666,9.450335417122663,9.000000000000002,9.26220239114056,After the historical event,Event not experienced
1.8200000000000003,1,0,0,Phenotypic variance,5,14.39941401845532,14.45405228730676,14.219469203906295,14.558674284349596,14.217780482416519,14.39941401845532,After the historical event,Event not experienced
1.8200000000000003,1,1,1,Additive genetic variance,5,4.379683657218415,4.370347164683841,3.5076579129271135,5.793201597827231,4.427408220846682,4.379683657218415,After the historical event,Event experienced
1.8200000000000003,1,1,1,Nuclear-family environmental variance,5,2.22758494923177,2.185140890702916,2.110121281989776,2.4119016431187688,2.25,2.22758494923177,After the historical event,Event experienced
1.8200000000000003,1,1,1,Nonshared environmental variance,5,9.098158751814717,9.16247997915249,8.822714401169105,9.310431494554807,9.000000000000002,9.098158751814717,After the historical event,Event experienced
1.8200000000000003,1,1,1,Phenotypic variance,5,15.705427358264902,15.428459639217305,15.017357562743289,16.84292211152752,15.677408220846683,15.705427358264902,After the historical event,Event experienced
1.8399999999999999,0,0,0,Additive genetic variance,5,3.0448028404823337,2.973210525104186,2.7435372040062127,3.4526649413530657,2.9363706944790016,3.0448028404823337,Before the historical event,Event not experienced
1.8399999999999999,0,0,0,Nuclear-family environmental variance,5,2.065498541871313,2.041543139097641,1.847740507779124,2.3420146443228167,2.25,2.065498541871313,Before the historical event,Event not experienced
1.8399999999999999,0,0,0,Nonshared environmental variance,5,9.260329545682685,9.312777688510774,9.027864036203024,9.450312793814506,9.000000000000002,9.260329545682685,Before the historical event,Event not experienced
1.8399999999999999,0,0,0,Phenotypic variance,5,14.37063092803633,14.431180335322821,14.187830987190472,14.528493266046077,14.186370694479002,14.37063092803633,Before the historical event,Event not experienced
1.8399999999999999,0,1,0,Additive genetic variance,5,3.0448028404823337,2.973210525104186,2.7435372040062127,3.4526649413530657,2.9363706944790016,3.0448028404823337,Before the historical event,Event experienced
1.8399999999999999,0,1,0,Nuclear-family environmental variance,5,2.065498541871313,2.041543139097641,1.847740507779124,2.3420146443228167,2.25,2.065498541871313,Before the historical event,Event experienced
1.8399999999999999,0,1,0,Nonshared environmental variance,5,9.260329545682685,9.312777688510774,9.027864036203024,9.450312793814506,9.000000000000002,9.260329545682685,Before the historical event,Event experienced
1.8399999999999999,0,1,0,Phenotypic variance,5,14.37063092803633,14.431180335322821,14.187830987190472,14.528493266046077,14.186370694479002,14.37063092803633,Before the historical event,Event experienced
1.8399999999999999,1,0,0,Additive genetic variance,5,3.0448028404823337,2.973210525104186,2.7435372040062127,3.4526649413530657,2.9363706944790016,3.0448028404823337,After the historical event,Event not experienced
1.8399999999999999,1,0,0,Nuclear-family environmental variance,5,2.065498541871313,2.041543139097641,1.847740507779124,2.3420146443228167,2.25,2.065498541871313,After the historical event,Event not experienced
1.8399999999999999,1,0,0,Nonshared environmental variance,5,9.260329545682685,9.312777688510774,9.027864036203024,9.450312793814506,9.000000000000002,9.260329545682685,After the historical event,Event not experienced
1.8399999999999999,1,0,0,Phenotypic variance,5,14.37063092803633,14.431180335322821,14.187830987190472,14.528493266046077,14.186370694479002,14.37063092803633,After the historical event,Event not experienced
1.8399999999999999,1,1,1,Additive genetic variance,5,4.339943692316988,4.342220771559363,3.47183355607778,5.731032359015833,4.380550323453823,4.339943692316988,After the historical event,Event experienced
1.8399999999999999,1,1,1,Nuclear-family environmental variance,5,2.22802756311776,2.183807805292292,2.1080425244553016,2.4154889664514476,2.25,2.22802756311776,After the historical event,Event experienced
1.8399999999999999,1,1,1,Nonshared environmental variance,5,9.096282213862924,9.157107898488979,8.823201905664368,9.306856904246933,9.000000000000002,9.096282213862924,After the historical event,Event experienced
1.8399999999999999,1,1,1,Phenotypic variance,5,15.664253469297673,15.39766478095665,14.989663107364144,16.779586863166347,15.630550323453825,15.664253469297673,After the historical event,Event experienced
1.8600000000000003,0,0,0,Additive genetic variance,5,3.0174261433445033,2.9416432672835016,2.7137517604398638,3.4294748686351215,2.904828525281582,3.0174261433445033,Before the historical event,Event not experienced
1.8600000000000003,0,0,0,Nuclear-family environmental variance,5,2.0657610173075676,2.0441443291465493,1.8503130568016835,2.3406691538035345,2.25,2.0657610173075676,Before the historical event,Event not experienced
1.8600000000000003,0,0,0,Nonshared environmental variance,5,9.258411944082557,9.312181446839029,9.024421166430145,9.450221006699767,9.000000000000002,9.258411944082557,Before the historical event,Event not experienced
1.8600000000000003,0,0,0,Phenotypic variance,5,14.341599104734629,14.408067425895847,14.155961283005388,14.498070004772297,14.154828525281584,14.341599104734629,Before the historical event,Event not experienced
1.8600000000000003,0,1,0,Additive genetic variance,5,3.0174261433445033,2.9416432672835016,2.7137517604398638,3.4294748686351215,2.904828525281582,3.0174261433445033,Before the historical event,Event experienced
1.8600000000000003,0,1,0,Nuclear-family environmental variance,5,2.0657610173075676,2.0441443291465493,1.8503130568016835,2.3406691538035345,2.25,2.0657610173075676,Before the historical event,Event experienced
1.8600000000000003,0,1,0,Nonshared environmental variance,5,9.258411944082557,9.312181446839029,9.024421166430145,9.450221006699767,9.000000000000002,9.258411944082557,Before the historical event,Event experienced
1.8600000000000003,0,1,0,Phenotypic variance,5,14.341599104734629,14.408067425895847,14.155961283005388,14.498070004772297,14.154828525281584,14.341599104734629,Before the historical event,Event experienced
1.8600000000000003,1,0,0,Additive genetic variance,5,3.0174261433445033,2.9416432672835016,2.7137517604398638,3.4294748686351215,2.904828525281582,3.0174261433445033,After the historical event,Event not experienced
1.8600000000000003,1,0,0,Nuclear-family environmental variance,5,2.0657610173075676,2.0441443291465493,1.8503130568016835,2.3406691538035345,2.25,2.0657610173075676,After the historical event,Event not experienced
1.8600000000000003,1,0,0,Nonshared environmental variance,5,9.258411944082557,9.312181446839029,9.024421166430145,9.450221006699767,9.000000000000002,9.258411944082557,After the historical event,Event not experienced
1.8600000000000003,1,0,0,Phenotypic variance,5,14.341599104734629,14.408067425895847,14.155961283005388,14.498070004772297,14.154828525281584,14.341599104734629,After the historical event,Event not experienced
1.8600000000000003,1,1,1,Additive genetic variance,5,4.29989348801299,4.313670600849382,3.4358446926532378,5.668488683089767,4.333494936427934,4.29989348801299,After the historical event,Event experienced
1.8600000000000003,1,1,1,Nuclear-family environmental variance,5,2.2284888555424294,2.1830750668996743,2.10593629052236,2.419121620470921,2.25,2.2284888555424294,After the historical event,Event experienced
1.8600000000000003,1,1,1,Nonshared environmental variance,5,9.09436222876653,9.1516695296596,8.823624773279017,9.303254004156594,9.000000000000002,9.09436222876653,After the historical event,Event experienced
1.8600000000000003,1,1,1,Phenotypic variance,5,15.622744572321949,15.366415780045857,14.961700193136082,16.715831173104696,15.583494936427936,15.622744572321949,After the historical event,Event experienced
1.88,0,0,0,Additive genetic variance,5,2.9898400925761437,2.9099573166591166,2.6837995143974496,3.405962018391861,2.8731654353285574,2.9898400925761437,Before the historical event,Event not experienced
1.88,0,0,0,Nuclear-family environmental variance,5,2.0660393519435094,2.046738314586994,1.852923376659085,2.3393402329167476,2.25,2.0660393519435094,Before the historical event,Event not experienced
1.88,0,0,0,Nonshared environmental variance,5,9.256449617446313,9.311597125959763,9.02094311101224,9.450060058031,9.000000000000002,9.256449617446313,Before the historical event,Event not experienced
1.88,0,0,0,Phenotypic variance,5,14.312329061965967,14.384722823604882,14.12387041755782,14.467417122460567,14.12316543532856,14.312329061965967,Before the historical event,Event not experienced
1.88,0,1,0,Additive genetic variance,5,2.9898400925761437,2.9099573166591166,2.6837995143974496,3.405962018391861,2.8731654353285574,2.9898400925761437,Before the historical event,Event experienced
1.88,0,1,0,Nuclear-family environmental variance,5,2.0660393519435094,2.046738314586994,1.852923376659085,2.3393402329167476,2.25,2.0660393519435094,Before the historical event,Event experienced
1.88,0,1,0,Nonshared environmental variance,5,9.256449617446313,9.311597125959763,9.02094311101224,9.450060058031,9.000000000000002,9.256449617446313,Before the historical event,Event experienced
1.88,0,1,0,Phenotypic variance,5,14.312329061965967,14.384722823604882,14.12387041755782,14.467417122460567,14.12316543532856,14.312329061965967,Before the historical event,Event experienced
1.88,1,0,0,Additive genetic variance,5,2.9898400925761437,2.9099573166591166,2.6837995143974496,3.405962018391861,2.8731654353285574,2.9898400925761437,After the historical event,Event not experienced
1.88,1,0,0,Nuclear-family environmental variance,5,2.0660393519435094,2.046738314586994,1.852923376659085,2.3393402329167476,2.25,2.0660393519435094,After the historical event,Event not experienced
1.88,1,0,0,Nonshared environmental variance,5,9.256449617446313,9.311597125959763,9.02094311101224,9.450060058031,9.000000000000002,9.256449617446313,After the historical event,Event not experienced
1.88,1,0,0,Phenotypic variance,5,14.312329061965967,14.384722823604882,14.12387041755782,14.467417122460567,14.12316543532856,14.312329061965967,After the historical event,Event not experienced
1.88,1,1,1,Additive genetic variance,5,4.25954867932564,4.284707417126905,3.399704106984374,5.6055975919071885,4.286259156832373,4.25954867932564,After the historical event,Event experienced
1.88,1,1,1,Nuclear-family environmental variance,5,2.2289688354874904,2.185845353155,2.1035121961126038,2.4227998152759085,2.25,2.2289688354874904,After the historical event,Event experienced
1.88,1,1,1,Nonshared environmental variance,5,9.092398827416938,9.146164994534253,8.8239829947137,9.299622832714302,9.000000000000002,9.092398827416938,After the historical event,Event experienced
1.88,1,1,1,Phenotypic variance,5,15.580916342230068,15.334723281955476,14.933479794501993,16.651682030894406,15.536259156832376,15.580916342230068,After the historical event,Event experienced
1.9000000000000004,0,0,0,Additive genetic variance,5,2.9620551670771187,2.878163780725431,2.6536932371719995,3.3821351936706066,2.841392818836708,2.9620551670771187,Before the historical event,Event not experienced
1.9000000000000004,0,0,0,Nuclear-family environmental variance,5,2.0663335469176034,2.049325059596978,1.8555716177811437,2.3380278528457974,2.25,2.0663335469176034,Before the historical event,Event not experienced
1.9000000000000004,0,0,0,Nonshared environmental variance,5,9.254442597847138,9.311024723633714,9.017429908081983,9.449829951579,9.000000000000002,9.254442597847138,Before the historical event,Event not experienced
1.9000000000000004,0,0,0,Phenotypic variance,5,14.28283131184186,14.361155819539254,14.091568707285008,14.436547201582648,14.09139281883671,14.28283131184186,Before the historical event,Event not experienced
1.9000000000000004,0,1,0,Additive genetic variance,5,2.9620551670771187,2.878163780725431,2.6536932371719995,3.3821351936706066,2.841392818836708,2.9620551670771187,Before the historical event,Event experienced
1.9000000000000004,0,1,0,Nuclear-family environmental variance,5,2.0663335469176034,2.049325059596978,1.8555716177811437,2.3380278528457974,2.25,2.0663335469176034,Before the historical event,Event experienced
1.9000000000000004,0,1,0,Nonshared environmental variance,5,9.254442597847138,9.311024723633714,9.017429908081983,9.449829951579,9.000000000000002,9.254442597847138,Before the historical event,Event experienced
1.9000000000000004,0,1,0,Phenotypic variance,5,14.28283131184186,14.361155819539254,14.091568707285008,14.436547201582648,14.09139281883671,14.28283131184186,Before the historical event,Event experienced
1.9000000000000004,1,0,0,Additive genetic variance,5,2.9620551670771187,2.878163780725431,2.6536932371719995,3.3821351936706066,2.841392818836708,2.9620551670771187,After the historical event,Event not experienced
1.9000000000000004,1,0,0,Nuclear-family environmental variance,5,2.0663335469176034,2.049325059596978,1.8555716177811437,2.3380278528457974,2.25,2.0663335469176034,After the historical event,Event not experienced
1.9000000000000004,1,0,0,Nonshared environmental variance,5,9.254442597847138,9.311024723633714,9.017429908081983,9.449829951579,9.000000000000002,9.254442597847138,After the historical event,Event not experienced
1.9000000000000004,1,0,0,Phenotypic variance,5,14.28283131184186,14.361155819539254,14.091568707285008,14.436547201582648,14.09139281883671,14.28283131184186,After the historical event,Event not experienced
1.9000000000000004,1,1,1,Additive genetic variance,5,4.218924887528774,4.255342086554119,3.3634245191193903,5.542385999334789,4.238859982841149,4.218924887528774,After the historical event,Event experienced
1.9000000000000004,1,1,1,Nuclear-family environmental variance,5,2.2294675130067128,2.188607906882349,2.1011212022432133,2.426523763787696,2.25,2.2294675130067128,After the historical event,Event experienced
1.9000000000000004,1,1,1,Nonshared environmental variance,5,9.09039204164113,9.140594416415638,8.824276562089931,9.295963428665218,9.000000000000002,9.09039204164113,After the historical event,Event experienced
1.9000000000000004,1,1,1,Phenotypic variance,5,15.538784442176617,15.302598036922298,14.90501290643775,16.5871663197758,15.48885998284115,15.538784442176617,After the historical event,Event experienced
1.92,0,0,0,Additive genetic variance,5,2.9340818360897836,2.850334323074429,2.623039578468508,3.3580032682815117,2.809521997206206,2.9340818360897836,Before the historical event,Event not experienced
1.92,0,0,0,Nuclear-family environmental variance,5,2.066643604258597,2.0519045284208404,1.8582579329054956,2.3367319851702755,2.25,2.066643604258597,Before the historical event,Event not experienced
1.92,0,0,0,Nonshared environmental variance,5,9.252390918324188,9.310464237667363,9.013881596217765,9.449530692632692,9.000000000000002,9.252390918324188,Before the historical event,Event not experienced
1.92,0,0,0,Phenotypic variance,5,14.25311635867257,14.337375725660312,14.059066452708274,14.405472776438643,14.059521997206208,14.25311635867257,Before the historical event,Event not experienced
1.92,0,1,0,Additive genetic variance,5,2.9340818360897836,2.850334323074429,2.623039578468508,3.3580032682815117,2.809521997206206,2.9340818360897836,Before the historical event,Event experienced
1.92,0,1,0,Nuclear-family environmental variance,5,2.066643604258597,2.0519045284208404,1.8582579329054956,2.3367319851702755,2.25,2.066643604258597,Before the historical event,Event experienced
1.92,0,1,0,Nonshared environmental variance,5,9.252390918324188,9.310464237667363,9.013881596217765,9.449530692632692,9.000000000000002,9.252390918324188,Before the historical event,Event experienced
1.92,0,1,0,Phenotypic variance,5,14.25311635867257,14.337375725660312,14.059066452708274,14.405472776438643,14.059521997206208,14.25311635867257,Before the historical event,Event experienced
1.92,1,0,0,Additive genetic variance,5,2.9340818360897836,2.850334323074429,2.623039578468508,3.3580032682815117,2.809521997206206,2.9340818360897836,After the historical event,Event not experienced
1.92,1,0,0,Nuclear-family environmental variance,5,2.066643604258597,2.0519045284208404,1.8582579329054956,2.3367319851702755,2.25,2.066643604258597,After the historical event,Event not experienced
1.92,1,0,0,Nonshared environmental variance,5,9.252390918324188,9.310464237667363,9.013881596217765,9.449530692632692,9.000000000000002,9.252390918324188,After the historical event,Event not experienced
1.92,1,0,0,Phenotypic variance,5,14.25311635867257,14.337375725660312,14.059066452708274,14.405472776438643,14.059521997206208,14.25311635867257,After the historical event,Event not experienced
1.92,1,1,1,Additive genetic variance,5,4.178037710281135,4.225585570128001,3.3270185776750676,5.478880692690643,4.191314303998646,4.178037710281135,After the historical event,Event experienced
1.92,1,1,1,Nuclear-family environmental variance,5,2.2299848992284574,2.1913626898959193,2.098763199638824,2.4302936817702383,2.25,2.2299848992284574,After the historical event,Event experienced
1.92,1,1,1,Nonshared environmental variance,5,9.088341904200613,9.134957920034653,8.824505468950404,9.292275831068423,9.000000000000002,9.088341904200613,After the historical event,Event experienced
1.92,1,1,1,Phenotypic variance,5,15.496364513710207,15.27005089318542,14.876310537868484,16.52231079811974,15.441314303998649,15.496364513710207,After the historical event,Event experienced
1.9400000000000004,0,0,0,Additive genetic variance,5,2.905930552774586,2.8224688732665655,2.5922522861819424,3.3335751813299925,2.777564212621092,2.905930552774586,Before the historical event,Event not experienced
1.9400000000000004,0,0,0,Nuclear-family environmental variance,5,2.066969526887219,2.0544766853700795,1.8609824770922225,2.3354526018649255,2.25,2.066969526887219,Before the historical event,Event not experienced
1.9400000000000004,0,0,0,Nonshared environmental variance,5,9.250294612881522,9.30991566591295,9.01029821444303,9.449162287998911,9.000000000000002,9.250294612881522,Before the historical event,Event not experienced
1.9400000000000004,0,0,0,Phenotypic variance,5,14.223194692543327,14.313391869195378,14.026373932358148,14.374206324590444,14.027564212621094,14.223194692543327,Before the historical event,Event not experienced
1.9400000000000004,0,1,0,Additive genetic variance,5,2.905930552774586,2.8224688732665655,2.5922522861819424,3.3335751813299925,2.777564212621092,2.905930552774586,Before the historical event,Event experienced
1.9400000000000004,0,1,0,Nuclear-family environmental variance,5,2.066969526887219,2.0544766853700795,1.8609824770922225,2.3354526018649255,2.25,2.066969526887219,Before the historical event,Event experienced
1.9400000000000004,0,1,0,Nonshared environmental variance,5,9.250294612881522,9.30991566591295,9.01029821444303,9.449162287998911,9.000000000000002,9.250294612881522,Before the historical event,Event experienced
1.9400000000000004,0,1,0,Phenotypic variance,5,14.223194692543327,14.313391869195378,14.026373932358148,14.374206324590444,14.027564212621094,14.223194692543327,Before the historical event,Event experienced
1.9400000000000004,1,0,0,Additive genetic variance,5,2.905930552774586,2.8224688732665655,2.5922522861819424,3.3335751813299925,2.777564212621092,2.905930552774586,After the historical event,Event not experienced
1.9400000000000004,1,0,0,Nuclear-family environmental variance,5,2.066969526887219,2.0544766853700795,1.8609824770922225,2.3354526018649255,2.25,2.066969526887219,After the historical event,Event not experienced
1.9400000000000004,1,0,0,Nonshared environmental variance,5,9.250294612881522,9.30991566591295,9.01029821444303,9.449162287998911,9.000000000000002,9.250294612881522,After the historical event,Event not experienced
1.9400000000000004,1,0,0,Phenotypic variance,5,14.223194692543327,14.313391869195378,14.026373932358148,14.374206324590444,14.027564212621094,14.223194692543327,After the historical event,Event not experienced
1.9400000000000004,1,1,1,Additive genetic variance,5,4.136902711878394,4.195448916905461,3.2904988528194603,5.415108314512708,4.143638891672674,4.136902711878394,After the historical event,Event experienced
1.9400000000000004,1,1,1,Nuclear-family environmental variance,5,2.2305210063583103,2.194109664081632,2.0964380806150102,2.434109787850565,2.25,2.2305210063583103,After the historical event,Event experienced
1.9400000000000004,1,1,1,Nonshared environmental variance,5,9.086248448790366,9.129255631545739,8.824669710259236,9.288560079296232,9.000000000000002,9.086248448790366,After the historical event,Event experienced
1.9400000000000004,1,1,1,Phenotypic variance,5,15.45367216702707,15.237092790201954,14.847383705132577,16.457142081195293,15.393638891672676,15.45367216702707,After the historical event,Event experienced
1.96,0,0,0,Additive genetic variance,5,2.8776117478641887,2.7944482379847817,2.561356936220161,3.3088599317422682,2.74553062178407,2.8776117478641887,Before the historical event,Event not experienced
1.96,0,0,0,Nuclear-family environmental variance,5,2.0673113186179557,2.0570414948241673,1.8637454077387112,2.3341896752985662,2.25,2.0673113186179557,Before the historical event,Event not experienced
1.96,0,0,0,Nonshared environmental variance,5,9.248153716486962,9.309379006268458,9.006679802225548,9.448724746002139,9.000000000000002,9.248153716486962,Before the historical event,Event not experienced
1.96,0,0,0,Phenotypic variance,5,14.193076782969106,14.289213587068502,13.993501396775711,14.342760258447504,13.995530621784072,14.193076782969106,Before the historical event,Event not experienced
1.96,0,1,0,Additive genetic variance,5,2.8776117478641887,2.7944482379847817,2.561356936220161,3.3088599317422682,2.74553062178407,2.8776117478641887,Before the historical event,Event experienced
1.96,0,1,0,Nuclear-family environmental variance,5,2.0673113186179557,2.0570414948241673,1.8637454077387112,2.3341896752985662,2.25,2.0673113186179557,Before the historical event,Event experienced
1.96,0,1,0,Nonshared environmental variance,5,9.248153716486962,9.309379006268458,9.006679802225548,9.448724746002139,9.000000000000002,9.248153716486962,Before the historical event,Event experienced
1.96,0,1,0,Phenotypic variance,5,14.193076782969106,14.289213587068502,13.993501396775711,14.342760258447504,13.995530621784072,14.193076782969106,Before the historical event,Event experienced
1.96,1,0,0,Additive genetic variance,5,2.8776117478641887,2.7944482379847817,2.561356936220161,3.3088599317422682,2.74553062178407,2.8776117478641887,After the historical event,Event not experienced
1.96,1,0,0,Nuclear-family environmental variance,5,2.0673113186179557,2.0570414948241673,1.8637454077387112,2.3341896752985662,2.25,2.0673113186179557,After the historical event,Event not experienced
1.96,1,0,0,Nonshared environmental variance,5,9.248153716486962,9.309379006268458,9.006679802225548,9.448724746002139,9.000000000000002,9.248153716486962,After the historical event,Event not experienced
1.96,1,0,0,Phenotypic variance,5,14.193076782969106,14.289213587068502,13.993501396775711,14.342760258447504,13.995530621784072,14.193076782969106,After the historical event,Event not experienced
1.96,1,1,1,Additive genetic variance,5,4.095535413635173,4.1649432572139,3.2538778293911217,5.351095344669469,4.095850389707868,4.095535413635173,After the historical event,Event experienced
1.96,1,1,1,Nuclear-family environmental variance,5,2.2310758476818062,2.196848791398002,2.0941457390699845,2.437972303539466,2.25,2.2310758476818062,After the historical event,Event experienced
1.96,1,1,1,Nonshared environmental variance,5,9.08411171003771,9.123487678522174,8.824769282402121,9.284816213033467,9.000000000000002,9.08411171003771,After the historical event,Event experienced
1.96,1,1,1,Phenotypic variance,5,15.41072297135469,15.20373475184821,14.818243425498654,16.391686623279497,15.34585038970787,15.41072297135469,After the historical event,Event experienced
1.9800000000000004,0,0,0,Additive genetic variance,5,2.8491358234012574,2.766282489373708,2.530366084789361,3.2838665727886527,2.7134322897900174,2.8491358234012574,Before the historical event,Event not experienced
1.9800000000000004,0,0,0,Nuclear-family environmental variance,5,2.067668984160906,2.059598921231371,1.8624807347522265,2.332943178233021,2.25,2.067668984160906,Before the historical event,Event not experienced
1.9800000000000004,0,0,0,Nonshared environmental variance,5,9.245968265070939,9.308854256677591,9.003026399476653,9.448218076484192,9.000000000000002,9.245968265070939,Before the historical event,Event not experienced
1.9800000000000004,0,0,0,Phenotypic variance,5,14.162773072633103,14.264850220372496,13.960459062594932,14.31114691701235,13.963432289790019,14.162773072633103,Before the historical event,Event not experienced
1.9800000000000004,0,1,0,Additive genetic variance,5,2.8491358234012574,2.766282489373708,2.530366084789361,3.2838665727886527,2.7134322897900174,2.8491358234012574,Before the historical event,Event experienced
1.9800000000000004,0,1,0,Nuclear-family environmental variance,5,2.067668984160906,2.059598921231371,1.8624807347522265,2.332943178233021,2.25,2.067668984160906,Before the historical event,Event experienced
1.9800000000000004,0,1,0,Nonshared environmental variance,5,9.245968265070939,9.308854256677591,9.003026399476653,9.448218076484192,9.000000000000002,9.245968265070939,Before the historical event,Event experienced
1.9800000000000004,0,1,0,Phenotypic variance,5,14.162773072633103,14.264850220372496,13.960459062594932,14.31114691701235,13.963432289790019,14.162773072633103,Before the historical event,Event experienced
1.9800000000000004,1,0,0,Additive genetic variance,5,2.8491358234012574,2.766282489373708,2.530366084789361,3.2838665727886527,2.7134322897900174,2.8491358234012574,After the historical event,Event not experienced
1.9800000000000004,1,0,0,Nuclear-family environmental variance,5,2.067668984160906,2.059598921231371,1.8624807347522265,2.332943178233021,2.25,2.067668984160906,After the historical event,Event not experienced
1.9800000000000004,1,0,0,Nonshared environmental variance,5,9.245968265070939,9.308854256677591,9.003026399476653,9.448218076484192,9.000000000000002,9.245968265070939,After the historical event,Event not experienced
1.9800000000000004,1,0,0,Phenotypic variance,5,14.162773072633103,14.264850220372496,13.960459062594932,14.31114691701235,13.963432289790019,14.162773072633103,After the historical event,Event not experienced
1.9800000000000004,1,1,1,Additive genetic variance,5,4.053951284404997,4.134079795852954,3.217167900159683,5.286868082828417,4.047965305286052,4.053951284404997,After the historical event,Event experienced
1.9800000000000004,1,1,1,Nuclear-family environmental variance,5,2.2316494375672553,2.1995800338770137,2.091886070476411,2.4418814532524835,2.25,2.2316494375672553,After the historical event,Event experienced
1.9800000000000004,1,1,1,Nonshared environmental variance,5,9.081931723501187,9.11765418995131,8.824804183186492,9.281044272276711,9.000000000000002,9.081931723501187,After the historical event,Event experienced
1.9800000000000004,1,1,1,Phenotypic variance,5,15.367532445473438,15.169987879612199,14.78555707216169,16.325970700124923,15.297965305286054,15.367532445473438,After the historical event,Event experienced
2,0,0,0,Additive genetic variance,5,2.8205131465649713,2.737981665096252,2.499292189696421,3.25860420660922,2.6812801841425573,2.8205131465649713,Before the historical event,Event not experienced
2,0,0,0,Nuclear-family environmental variance,5,2.0680425291237157,2.0621489291095663,1.8609353585653392,2.3317130838220703,2.25,2.0680425291237157,Before the historical event,Event not experienced
2,0,0,0,Nonshared environmental variance,5,9.24373829552531,9.308341415129771,8.999338046550523,9.447642290803874,9.000000000000002,9.24373829552531,Before the historical event,Event not experienced
2,0,0,0,Phenotypic variance,5,14.132293971213995,14.240311108886807,13.927257106710716,14.279378557792985,13.931280184142558,14.132293971213995,Before the historical event,Event not experienced
2,0,1,0,Additive genetic variance,5,2.8205131465649713,2.737981665096252,2.499292189696421,3.25860420660922,2.6812801841425573,2.8205131465649713,Before the historical event,Event experienced
2,0,1,0,Nuclear-family environmental variance,5,2.0680425291237157,2.0621489291095663,1.8609353585653392,2.3317130838220703,2.25,2.0680425291237157,Before the historical event,Event experienced
2,0,1,0,Nonshared environmental variance,5,9.24373829552531,9.308341415129771,8.999338046550523,9.447642290803874,9.000000000000002,9.24373829552531,Before the historical event,Event experienced
2,0,1,0,Phenotypic variance,5,14.132293971213995,14.240311108886807,13.927257106710716,14.279378557792985,13.931280184142558,14.132293971213995,Before the historical event,Event experienced
2,1,0,0,Additive genetic variance,5,2.8205131465649713,2.737981665096252,2.499292189696421,3.25860420660922,2.6812801841425573,2.8205131465649713,After the historical event,Event not experienced
2,1,0,0,Nuclear-family environmental variance,5,2.0680425291237157,2.0621489291095663,1.8609353585653392,2.3317130838220703,2.25,2.0680425291237157,After the historical event,Event not experienced
2,1,0,0,Nonshared environmental variance,5,9.24373829552531,9.308341415129771,8.999338046550523,9.447642290803874,9.000000000000002,9.24373829552531,After the historical event,Event not experienced
2,1,0,0,Phenotypic variance,5,14.132293971213995,14.240311108886807,13.927257106710716,14.279378557792985,13.931280184142558,14.132293971213995,After the historical event,Event not experienced
2,1,1,1,Additive genetic variance,5,4.012165731245912,4.102869805293191,3.1803813592324826,5.222452631297593,4.000000000000001,4.012165731245912,After the historical event,Event experienced
2,1,1,1,Nuclear-family environmental variance,5,2.2322417914686645,2.202303353624994,2.089658971873359,2.4458374643311913,2.25,2.2322417914686645,After the historical event,Event experienced
2,1,1,1,Nonshared environmental variance,5,9.079708525669375,9.111755296229777,8.824774411841593,9.277244297333597,9.000000000000002,9.079708525669375,After the historical event,Event experienced
2,1,1,1,Phenotypic variance,5,15.324116048383951,15.135863345783122,14.747708672447224,16.260020391800317,15.250000000000004,15.324116048383951,After the historical event,Event experienced
2.0200000000000005,0,0,0,Additive genetic variance,5,2.791754043591105,2.7095557625694906,2.468147602429111,3.2330819787464016,2.649085168917676,2.791754043591105,Before the historical event,Event not experienced
2.0200000000000005,0,0,0,Nuclear-family environmental variance,5,2.0684319600135876,2.064691483047058,1.859421465666929,2.3304993656104176,2.25,2.0684319600135876,Before the historical event,Event not experienced
2.0200000000000005,0,0,0,Nonshared environmental variance,5,9.241463845702121,9.307840479660104,8.995614784243445,9.44699740183652,9.000000000000002,9.241463845702121,Before the historical event,Event not experienced
2.0200000000000005,0,0,0,Phenotypic variance,5,14.101649849306813,14.215605585645502,13.893905660536994,14.24871639133891,13.899085168917678,14.101649849306813,Before the historical event,Event not experienced
2.0200000000000005,0,1,0,Additive genetic variance,5,2.791754043591105,2.7095557625694906,2.468147602429111,3.2330819787464016,2.649085168917676,2.791754043591105,Before the historical event,Event experienced
2.0200000000000005,0,1,0,Nuclear-family environmental variance,5,2.0684319600135876,2.064691483047058,1.859421465666929,2.3304993656104176,2.25,2.0684319600135876,Before the historical event,Event experienced
2.0200000000000005,0,1,0,Nonshared environmental variance,5,9.241463845702121,9.307840479660104,8.995614784243445,9.44699740183652,9.000000000000002,9.241463845702121,Before the historical event,Event experienced
2.0200000000000005,0,1,0,Phenotypic variance,5,14.101649849306813,14.215605585645502,13.893905660536994,14.24871639133891,13.899085168917678,14.101649849306813,Before the historical event,Event experienced
2.0200000000000005,1,0,0,Additive genetic variance,5,2.791754043591105,2.7095557625694906,2.468147602429111,3.2330819787464016,2.649085168917676,2.791754043591105,After the historical event,Event not experienced
2.0200000000000005,1,0,0,Nuclear-family environmental variance,5,2.0684319600135876,2.064691483047058,1.859421465666929,2.3304993656104176,2.25,2.0684319600135876,After the historical event,Event not experienced
2.0200000000000005,1,0,0,Nonshared environmental variance,5,9.241463845702121,9.307840479660104,8.995614784243445,9.44699740183652,9.000000000000002,9.241463845702121,After the historical event,Event not experienced
2.0200000000000005,1,0,0,Phenotypic variance,5,14.101649849306813,14.215605585645502,13.893905660536994,14.24871639133891,13.899085168917678,14.101649849306813,After the historical event,Event not experienced
2.0200000000000005,1,1,1,Additive genetic variance,5,3.970194090239222,4.071324618877453,3.143530395611646,5.157874878254561,3.9519706811465856,3.970194090239222,After the historical event,Event experienced
2.0200000000000005,1,1,1,Nuclear-family environmental variance,5,2.2328529259287557,2.2050187128234824,2.0874643418583734,2.449840567064786,2.25,2.2328529259287557,After the historical event,Event experienced
2.0200000000000005,1,1,1,Nonshared environmental variance,5,9.077442153959696,9.105791129158622,8.824679969018497,9.273416328822078,9.000000000000002,9.077442153959696,After the historical event,Event experienced
2.0200000000000005,1,1,1,Phenotypic variance,5,15.280489170127675,15.101372386643625,14.709784772392036,16.19386156591855,15.201970681146587,15.280489170127675,After the historical event,Event experienced
2.04,0,0,0,Additive genetic variance,5,2.7628687937904277,2.681014733289731,2.436944560430134,3.207309072689091,2.616857999078307,2.7628687937904277,Before the historical event,Event not experienced
2.04,0,0,0,Nuclear-family environmental variance,5,2.0688372842393745,2.0672265477033935,1.8579389888189173,2.3293019975326668,2.25,2.0688372842393745,Before the historical event,Event not experienced
2.04,0,0,0,Nonshared environmental variance,5,9.239144954412364,9.307351448349392,8.991856653792993,9.446283423973531,9.000000000000002,9.239144954412364,Before the historical event,Event not experienced
2.04,0,0,0,Phenotypic variance,5,14.070851032442167,14.190742971559724,13.860414804359184,14.219915558000334,13.86685799907831,14.070851032442167,Before the historical event,Event not experienced
2.04,0,1,0,Additive genetic variance,5,2.7628687937904277,2.681014733289731,2.436944560430134,3.207309072689091,2.616857999078307,2.7628687937904277,Before the historical event,Event experienced
2.04,0,1,0,Nuclear-family environmental variance,5,2.0688372842393745,2.0672265477033935,1.8579389888189173,2.3293019975326668,2.25,2.0688372842393745,Before the historical event,Event experienced
2.04,0,1,0,Nonshared environmental variance,5,9.239144954412364,9.307351448349392,8.991856653792993,9.446283423973531,9.000000000000002,9.239144954412364,Before the historical event,Event experienced
2.04,0,1,0,Phenotypic variance,5,14.070851032442167,14.190742971559724,13.860414804359184,14.219915558000334,13.86685799907831,14.070851032442167,Before the historical event,Event experienced
2.04,1,0,0,Additive genetic variance,5,2.7628687937904277,2.681014733289731,2.436944560430134,3.207309072689091,2.616857999078307,2.7628687937904277,After the historical event,Event not experienced
2.04,1,0,0,Nuclear-family environmental variance,5,2.0688372842393745,2.0672265477033935,1.8579389888189173,2.3293019975326668,2.25,2.0688372842393745,After the historical event,Event not experienced
2.04,1,0,0,Nonshared environmental variance,5,9.239144954412364,9.307351448349392,8.991856653792993,9.446283423973531,9.000000000000002,9.239144954412364,After the historical event,Event not experienced
2.04,1,0,0,Phenotypic variance,5,14.070851032442167,14.190742971559724,13.860414804359184,14.219915558000334,13.86685799907831,14.070851032442167,After the historical event,Event not experienced
2.04,1,1,1,Additive genetic variance,5,3.9280516174685705,4.039455624030577,3.1066270869059065,5.093160481376716,3.903893393245135,3.9280516174685705,After the historical event,Event experienced
2.04,1,1,1,Nuclear-family environmental variance,5,2.2334828585820836,2.2077260737301043,2.0853020805796754,2.4538909947119696,2.25,2.2334828585820836,After the historical event,Event experienced
2.04,1,1,1,Nonshared environmental variance,5,9.075132646717172,9.099761821938399,8.824520856790096,9.269560407669653,9.000000000000002,9.075132646717172,After the historical event,Event experienced
2.04,1,1,1,Phenotypic variance,5,15.236667122767827,15.066526295670528,14.67179779858684,16.127519861265966,15.153893393245138,15.236667122767827,After the historical event,Event experienced
2.0600000000000005,0,0,0,Additive genetic variance,5,2.733867623669936,2.6523684772509912,2.4056951795710306,3.181294704432711,2.5846093149434513,2.733867623669936,Before the historical event,Event not experienced
2.0600000000000005,0,0,0,Nuclear-family environmental variance,5,2.069258510113749,2.0697540878101766,1.8564878623787424,2.3281209539123204,2.25,2.069258510113749,Before the historical event,Event not experienced
2.0600000000000005,0,0,0,Nonshared environmental variance,5,9.236781661424674,9.306874319324114,8.988063696877319,9.44550037312185,9.000000000000002,9.236781661424674,Before the historical event,Event not experienced
2.0600000000000005,0,0,0,Phenotypic variance,5,14.039907795208359,14.165732570098744,13.82679456178537,14.190845892025957,13.834609314943453,14.039907795208359,Before the historical event,Event not experienced
2.0600000000000005,0,1,0,Additive genetic variance,5,2.733867623669936,2.6523684772509912,2.4056951795710306,3.181294704432711,2.5846093149434513,2.733867623669936,Before the historical event,Event experienced
2.0600000000000005,0,1,0,Nuclear-family environmental variance,5,2.069258510113749,2.0697540878101766,1.8564878623787424,2.3281209539123204,2.25,2.069258510113749,Before the historical event,Event experienced
2.0600000000000005,0,1,0,Nonshared environmental variance,5,9.236781661424674,9.306874319324114,8.988063696877319,9.44550037312185,9.000000000000002,9.236781661424674,Before the historical event,Event experienced
2.0600000000000005,0,1,0,Phenotypic variance,5,14.039907795208359,14.165732570098744,13.82679456178537,14.190845892025957,13.834609314943453,14.039907795208359,Before the historical event,Event experienced
2.0600000000000005,1,0,0,Additive genetic variance,5,2.733867623669936,2.6523684772509912,2.4056951795710306,3.181294704432711,2.5846093149434513,2.733867623669936,After the historical event,Event not experienced
2.0600000000000005,1,0,0,Nuclear-family environmental variance,5,2.069258510113749,2.0697540878101766,1.8564878623787424,2.3281209539123204,2.25,2.069258510113749,After the historical event,Event not experienced
2.0600000000000005,1,0,0,Nonshared environmental variance,5,9.236781661424674,9.306874319324114,8.988063696877319,9.44550037312185,9.000000000000002,9.236781661424674,After the historical event,Event not experienced
2.0600000000000005,1,0,0,Phenotypic variance,5,14.039907795208359,14.165732570098744,13.82679456178537,14.190845892025957,13.834609314943453,14.039907795208359,After the historical event,Event not experienced
2.0600000000000005,1,1,1,Additive genetic variance,5,3.8857534801662754,4.003837766177779,3.0696833932011183,5.028678500816469,3.8557840097863245,3.8857534801662754,After the historical event,Event experienced
2.0600000000000005,1,1,1,Nuclear-family environmental variance,5,2.2341316081582523,2.210425398679439,2.083172089728488,2.4579889835231548,2.25,2.2341316081582523,After the historical event,Event experienced
2.0600000000000005,1,1,1,Nonshared environmental variance,5,9.072780043213163,9.093667509164211,8.824297078651014,9.265676575112648,9.000000000000002,9.072780043213163,After the historical event,Event experienced
2.0600000000000005,1,1,1,Phenotypic variance,5,15.19266513153769,15.031336416749529,14.633760064358027,16.061020671845974,15.105784009786326,15.19266513153769,After the historical event,Event experienced
2.08,0,0,0,Additive genetic variance,5,2.7047607011613573,2.623626837461048,2.3744114468318065,3.155048117059728,2.5523496368153222,2.7047607011613573,Before the historical event,Event not experienced
2.08,0,0,0,Nuclear-family environmental variance,5,2.0696956468554535,2.0722740681718825,1.8550680222945934,2.326956209460791,2.25,2.0696956468554535,Before the historical event,Event not experienced
2.08,0,0,0,Nonshared environmental variance,5,9.234374007464014,9.306409090756404,8.984235955614334,9.444648266703355,9.000000000000002,9.234374007464014,Before the historical event,Event not experienced
2.08,0,0,0,Phenotypic variance,5,14.008830355480827,14.14058366203372,13.79305489430002,14.16151685137132,13.802349636815324,14.008830355480827,Before the historical event,Event not experienced
2.08,0,1,0,Additive genetic variance,5,2.7047607011613573,2.623626837461048,2.3744114468318065,3.155048117059728,2.5523496368153222,2.7047607011613573,Before the historical event,Event experienced
2.08,0,1,0,Nuclear-family environmental variance,5,2.0696956468554535,2.0722740681718825,1.8550680222945934,2.326956209460791,2.25,2.0696956468554535,Before the historical event,Event experienced
2.08,0,1,0,Nonshared environmental variance,5,9.234374007464014,9.306409090756404,8.984235955614334,9.444648266703355,9.000000000000002,9.234374007464014,Before the historical event,Event experienced
2.08,0,1,0,Phenotypic variance,5,14.008830355480827,14.14058366203372,13.79305489430002,14.16151685137132,13.802349636815324,14.008830355480827,Before the historical event,Event experienced
2.08,1,0,0,Additive genetic variance,5,2.7047607011613573,2.623626837461048,2.3744114468318065,3.155048117059728,2.5523496368153222,2.7047607011613573,After the historical event,Event not experienced
2.08,1,0,0,Nuclear-family environmental variance,5,2.0696956468554535,2.0722740681718825,1.8550680222945934,2.326956209460791,2.25,2.0696956468554535,After the historical event,Event not experienced
2.08,1,0,0,Nonshared environmental variance,5,9.234374007464014,9.306409090756404,8.984235955614334,9.444648266703355,9.000000000000002,9.234374007464014,After the historical event,Event not experienced
2.08,1,0,0,Phenotypic variance,5,14.008830355480827,14.14058366203372,13.79305489430002,14.16151685137132,13.802349636815324,14.008830355480827,After the historical event,Event not experienced
2.08,1,1,1,Additive genetic variance,5,3.843314748033624,3.960451312206601,3.0327111510933342,4.964857206650901,3.8076582252168243,3.843314748033624,After the historical event,Event experienced
2.08,1,1,1,Nuclear-family environmental variance,5,2.234799194485227,2.2131166500838906,2.081074272531484,2.4621347727629623,2.25,2.234799194485227,After the historical event,Event experienced
2.08,1,1,1,Nonshared environmental variance,5,9.070384383644067,9.087508326820714,8.824008639517492,9.261764872695478,9.000000000000002,9.070384383644067,After the historical event,Event experienced
2.08,1,1,1,Phenotypic variance,5,15.148498326162917,14.995814137409619,14.595683763818812,15.994389131349523,15.057658225216827,15.148498326162917,After the historical event,Event experienced
2.1000000000000005,0,0,0,Additive genetic variance,5,2.675558129961087,2.594799594559005,2.3431052131916625,3.128578575344952,2.520089359767648,2.675558129961087,Before the historical event,Event not experienced
2.1000000000000005,0,0,0,Nuclear-family environmental variance,5,2.0701487045916287,2.0747864536666722,1.8536794061007786,2.325807739276424,2.25,2.0701487045916287,Before the historical event,Event not experienced
2.1000000000000005,0,0,0,Nonshared environmental variance,5,9.231922034210317,9.305955760864052,8.980373472560911,9.443727123654217,9.000000000000002,9.231922034210317,Before the historical event,Event not experienced
2.1000000000000005,0,0,0,Phenotypic variance,5,13.977628868763034,14.115305500248157,13.759205695924203,14.131937907548327,13.770089359767649,13.977628868763034,Before the historical event,Event not experienced
2.1000000000000005,0,1,0,Additive genetic variance,5,2.675558129961087,2.594799594559005,2.3431052131916625,3.128578575344952,2.520089359767648,2.675558129961087,Before the historical event,Event experienced
2.1000000000000005,0,1,0,Nuclear-family environmental variance,5,2.0701487045916287,2.0747864536666722,1.8536794061007786,2.325807739276424,2.25,2.0701487045916287,Before the historical event,Event experienced
2.1000000000000005,0,1,0,Nonshared environmental variance,5,9.231922034210317,9.305955760864052,8.980373472560911,9.443727123654217,9.000000000000002,9.231922034210317,Before the historical event,Event experienced
2.1000000000000005,0,1,0,Phenotypic variance,5,13.977628868763034,14.115305500248157,13.759205695924203,14.131937907548327,13.770089359767649,13.977628868763034,Before the historical event,Event experienced
2.1000000000000005,1,0,0,Additive genetic variance,5,2.675558129961087,2.594799594559005,2.3431052131916625,3.128578575344952,2.520089359767648,2.675558129961087,After the historical event,Event not experienced
2.1000000000000005,1,0,0,Nuclear-family environmental variance,5,2.0701487045916287,2.0747864536666722,1.8536794061007786,2.325807739276424,2.25,2.0701487045916287,After the historical event,Event not experienced
2.1000000000000005,1,0,0,Nonshared environmental variance,5,9.231922034210317,9.305955760864052,8.980373472560911,9.443727123654217,9.000000000000002,9.231922034210317,After the historical event,Event not experienced
2.1000000000000005,1,0,0,Phenotypic variance,5,13.977628868763034,14.115305500248157,13.759205695924203,14.131937907548327,13.770089359767649,13.977628868763034,After the historical event,Event not experienced
2.1000000000000005,1,1,1,Additive genetic variance,5,3.8007503847414537,3.91693563751211,2.9957220678879493,4.90095868441406,3.7595315471643547,3.8007503847414537,After the historical event,Event experienced
2.1000000000000005,1,1,1,Nuclear-family environmental variance,5,2.235485638492751,2.2157997904345557,2.0790085337433566,2.4663286047330453,2.25,2.235485638492751,After the historical event,Event experienced
2.1000000000000005,1,1,1,Nonshared environmental variance,5,9.067945709129981,9.081284412277036,8.823655545727199,9.257825342269827,9.000000000000002,9.067945709129981,After the historical event,Event experienced
2.1000000000000005,1,1,1,Phenotypic variance,5,15.104181732364186,14.95997088208259,14.557580966086745,15.927650098063967,15.009531547164357,15.104181732364186,After the historical event,Event experienced
2.12,0,0,0,Additive genetic variance,5,2.6462699439856547,2.565896461538244,2.311788186735977,3.1018953603899964,2.4878387485981897,2.6462699439856547,Before the historical event,Event not experienced
2.12,0,0,0,Nuclear-family environmental variance,5,2.0706176943602275,2.0772912092472025,1.8523219529132307,2.3246755188435424,2.25,2.0706176943602275,Before the historical event,Event not experienced
2.12,0,0,0,Nonshared environmental variance,5,9.229425784297094,9.30551432791048,8.976476290712096,9.442736964424205,9.000000000000002,9.229425784297094,Before the historical event,Event not experienced
2.12,0,0,0,Phenotypic variance,5,13.946313422642977,14.084195811118065,13.725256787986138,14.102689689402052,13.737838748598191,13.946313422642977,Before the historical event,Event not experienced
2.12,0,1,0,Additive genetic variance,5,2.6462699439856547,2.565896461538244,2.311788186735977,3.1018953603899964,2.4878387485981897,2.6462699439856547,Before the historical event,Event experienced
2.12,0,1,0,Nuclear-family environmental variance,5,2.0706176943602275,2.0772912092472025,1.8523219529132307,2.3246755188435424,2.25,2.0706176943602275,Before the historical event,Event experienced
2.12,0,1,0,Nonshared environmental variance,5,9.229425784297094,9.30551432791048,8.976476290712096,9.442736964424205,9.000000000000002,9.229425784297094,Before the historical event,Event experienced
2.12,0,1,0,Phenotypic variance,5,13.946313422642977,14.084195811118065,13.725256787986138,14.102689689402052,13.737838748598191,13.946313422642977,Before the historical event,Event experienced
2.12,1,0,0,Additive genetic variance,5,2.6462699439856547,2.565896461538244,2.311788186735977,3.1018953603899964,2.4878387485981897,2.6462699439856547,After the historical event,Event not experienced
2.12,1,0,0,Nuclear-family environmental variance,5,2.0706176943602275,2.0772912092472025,1.8523219529132307,2.3246755188435424,2.25,2.0706176943602275,After the historical event,Event not experienced
2.12,1,0,0,Nonshared environmental variance,5,9.229425784297094,9.30551432791048,8.976476290712096,9.442736964424205,9.000000000000002,9.229425784297094,After the historical event,Event not experienced
2.12,1,0,0,Phenotypic variance,5,13.946313422642977,14.084195811118065,13.725256787986138,14.102689689402052,13.737838748598191,13.946313422642977,After the historical event,Event not experienced
2.12,1,1,1,Additive genetic variance,5,3.758075239617192,3.8733054041784194,2.9587277159683545,4.8370072019682535,3.71141928890773,3.758075239617192,After the historical event,Event experienced
2.12,1,1,1,Nuclear-family environmental variance,5,2.2361909622158587,2.2184747823020903,2.0769747796395155,2.470570724795221,2.25,2.2361909622158587,After the historical event,Event experienced
2.12,1,1,1,Nonshared environmental variance,5,9.065464061713353,9.074995904281707,8.823237805039,9.253858025993956,9.000000000000002,9.065464061713353,After the historical event,Event experienced
2.12,1,1,1,Phenotypic variance,5,15.059730263546404,14.923818105393078,14.519463609670998,15.860828140231508,14.96141928890773,15.059730263546404,After the historical event,Event experienced
2.1399999999999997,0,0,0,Additive genetic variance,5,2.616906101946558,2.5369270785783975,2.2804719259842696,3.0750077642911333,2.4556079329481686,2.616906101946558,Before the historical event,Event not experienced
2.1399999999999997,0,0,0,Nuclear-family environmental variance,5,2.0711026281125027,2.0797882999414385,1.8509956034251418,2.3235595240315,2.25,2.0711026281125027,Before the historical event,Event not experienced
2.1399999999999997,0,0,0,Nonshared environmental variance,5,9.226885301310011,9.305084790204743,8.972544453500282,9.441677810975913,9.000000000000002,9.226885301310011,Before the historical event,Event not experienced
2.1399999999999997,0,0,0,Phenotypic variance,5,13.914894031369071,14.051368523753784,13.691217914005456,14.073371204157773,13.70560793294817,13.914894031369071,Before the historical event,Event not experienced
2.1399999999999997,0,1,0,Additive genetic variance,5,2.616906101946558,2.5369270785783975,2.2804719259842696,3.0750077642911333,2.4556079329481686,2.616906101946558,Before the historical event,Event experienced
2.1399999999999997,0,1,0,Nuclear-family environmental variance,5,2.0711026281125027,2.0797882999414385,1.8509956034251418,2.3235595240315,2.25,2.0711026281125027,Before the historical event,Event experienced
2.1399999999999997,0,1,0,Nonshared environmental variance,5,9.226885301310011,9.305084790204743,8.972544453500282,9.441677810975913,9.000000000000002,9.226885301310011,Before the historical event,Event experienced
2.1399999999999997,0,1,0,Phenotypic variance,5,13.914894031369071,14.051368523753784,13.691217914005456,14.073371204157773,13.70560793294817,13.914894031369071,Before the historical event,Event experienced
2.1399999999999997,1,0,0,Additive genetic variance,5,2.616906101946558,2.5369270785783975,2.2804719259842696,3.0750077642911333,2.4556079329481686,2.616906101946558,After the historical event,Event not experienced
2.1399999999999997,1,0,0,Nuclear-family environmental variance,5,2.0711026281125027,2.0797882999414385,1.8509956034251418,2.3235595240315,2.25,2.0711026281125027,After the historical event,Event not experienced
2.1399999999999997,1,0,0,Nonshared environmental variance,5,9.226885301310011,9.305084790204743,8.972544453500282,9.441677810975913,9.000000000000002,9.226885301310011,After the historical event,Event not experienced
2.1399999999999997,1,0,0,Phenotypic variance,5,13.914894031369071,14.051368523753784,13.691217914005456,14.073371204157773,13.70560793294817,13.914894031369071,After the historical event,Event not experienced
2.1399999999999997,1,1,1,Additive genetic variance,5,3.715304039524111,3.8295751643748934,2.921739527337161,4.773026734317228,3.6633365620959064,3.715304039524111,After the historical event,Event experienced
2.1399999999999997,1,1,1,Nuclear-family environmental variance,5,2.2369151887984895,2.2211415883375767,2.0749729180089,2.4748613813949247,2.25,2.2369151887984895,After the historical event,Event experienced
2.1399999999999997,1,1,1,Nonshared environmental variance,5,9.062939484357575,9.068642942957476,8.822755426632664,9.249862966331909,9.000000000000002,9.062939484357575,After the historical event,Event experienced
2.1399999999999997,1,1,1,Phenotypic variance,5,15.015158712680176,14.88736728548461,14.481343497032482,15.793947521867354,14.913336562095909,15.015158712680176,After the historical event,Event experienced
2.16,0,0,0,Additive genetic variance,5,2.587476482048152,2.507901007989896,2.2491678334435727,3.0479250848447377,2.423406902591211,2.587476482048152,Before the historical event,Event not experienced
2.16,0,0,0,Nuclear-family environmental variance,5,2.071603518715581,2.082277690853463,1.849700299902737,2.322459731093756,2.25,2.071603518715581,Before the historical event,Event not experienced
2.16,0,0,0,Nonshared environmental variance,5,9.22430062978544,9.299302785167477,8.968578004794386,9.44108612287738,9.000000000000002,9.22430062978544,Before the historical event,Event not experienced
2.16,0,0,0,Phenotypic variance,5,13.883380630549173,14.018500517182344,13.657098734694683,14.043825156734812,13.673406902591212,13.883380630549173,Before the historical event,Event not experienced
2.16,0,1,0,Additive genetic variance,5,2.587476482048152,2.507901007989896,2.2491678334435727,3.0479250848447377,2.423406902591211,2.587476482048152,Before the historical event,Event experienced
2.16,0,1,0,Nuclear-family environmental variance,5,2.071603518715581,2.082277690853463,1.849700299902737,2.322459731093756,2.25,2.071603518715581,Before the historical event,Event experienced
2.16,0,1,0,Nonshared environmental variance,5,9.22430062978544,9.299302785167477,8.968578004794386,9.44108612287738,9.000000000000002,9.22430062978544,Before the historical event,Event experienced
2.16,0,1,0,Phenotypic variance,5,13.883380630549173,14.018500517182344,13.657098734694683,14.043825156734812,13.673406902591212,13.883380630549173,Before the historical event,Event experienced
2.16,1,0,0,Additive genetic variance,5,2.587476482048152,2.507901007989896,2.2491678334435727,3.0479250848447377,2.423406902591211,2.587476482048152,After the historical event,Event not experienced
2.16,1,0,0,Nuclear-family environmental variance,5,2.071603518715581,2.082277690853463,1.849700299902737,2.322459731093756,2.25,2.071603518715581,After the historical event,Event not experienced
2.16,1,0,0,Nonshared environmental variance,5,9.22430062978544,9.299302785167477,8.968578004794386,9.44108612287738,9.000000000000002,9.22430062978544,After the historical event,Event not experienced
2.16,1,0,0,Phenotypic variance,5,13.883380630549173,14.018500517182344,13.657098734694683,14.043825156734812,13.673406902591212,13.883380630549173,After the historical event,Event not experienced
2.16,1,1,1,Additive genetic variance,5,3.6724513809383437,3.785759352724758,2.8847687883329463,4.709040949995558,3.6152982697199008,3.6724513809383437,After the historical event,Event experienced
2.16,1,1,1,Nuclear-family environmental variance,5,2.2376583424972045,2.223800171273389,2.073002858146916,2.479200826084986,2.25,2.2376583424972045,After the historical event,Event experienced
2.16,1,1,1,Nonshared environmental variance,5,9.060372020945563,9.06222566979612,8.822208421108558,9.245840206052716,9.000000000000002,9.060372020945563,After the historical event,Event experienced
2.16,1,1,1,Phenotypic variance,5,14.970481744381111,14.850629917386842,14.443232289319761,15.727032189047208,14.865298269719903,14.970481744381111,After the historical event,Event experienced
2.1799999999999997,0,0,0,Additive genetic variance,5,2.5579908768121333,2.47882772927443,2.2178871493912946,3.020656620294477,2.391245502894094,2.5579908768121333,Before the historical event,Event not experienced
2.1799999999999997,0,0,0,Nuclear-family environmental variance,5,2.072120379955115,2.0847593471642867,1.8484359861811785,2.3213761166669573,2.25,2.072120379955115,Before the historical event,Event not experienced
2.1799999999999997,0,0,0,Nonshared environmental variance,5,9.221671815208964,9.29265178185241,8.964576988899,9.440513578049046,9.000000000000002,9.221671815208964,Before the historical event,Event not experienced
2.1799999999999997,0,0,0,Phenotypic variance,5,13.851783071976213,13.98560319723233,13.6229088230812,14.01406078615561,13.641245502894096,13.851783071976213,Before the historical event,Event not experienced
2.1799999999999997,0,1,0,Additive genetic variance,5,2.5579908768121333,2.47882772927443,2.2178871493912946,3.020656620294477,2.391245502894094,2.5579908768121333,Before the historical event,Event experienced
2.1799999999999997,0,1,0,Nuclear-family environmental variance,5,2.072120379955115,2.0847593471642867,1.8484359861811785,2.3213761166669573,2.25,2.072120379955115,Before the historical event,Event experienced
2.1799999999999997,0,1,0,Nonshared environmental variance,5,9.221671815208964,9.29265178185241,8.964576988899,9.440513578049046,9.000000000000002,9.221671815208964,Before the historical event,Event experienced
2.1799999999999997,0,1,0,Phenotypic variance,5,13.851783071976213,13.98560319723233,13.6229088230812,14.01406078615561,13.641245502894096,13.851783071976213,Before the historical event,Event experienced
2.1799999999999997,1,0,0,Additive genetic variance,5,2.5579908768121333,2.47882772927443,2.2178871493912946,3.020656620294477,2.391245502894094,2.5579908768121333,After the historical event,Event not experienced
2.1799999999999997,1,0,0,Nuclear-family environmental variance,5,2.072120379955115,2.0847593471642867,1.8484359861811785,2.3213761166669573,2.25,2.072120379955115,After the historical event,Event not experienced
2.1799999999999997,1,0,0,Nonshared environmental variance,5,9.221671815208964,9.29265178185241,8.964576988899,9.440513578049046,9.000000000000002,9.221671815208964,After the historical event,Event not experienced
2.1799999999999997,1,0,0,Phenotypic variance,5,13.851783071976213,13.98560319723233,13.6229088230812,14.01406078615561,13.641245502894096,13.851783071976213,After the historical event,Event not experienced
2.1799999999999997,1,1,1,Additive genetic variance,5,3.6295317222289074,3.7418722788487173,2.847826634525213,4.645073197923382,3.5673190993410295,3.6295317222289074,After the historical event,Event experienced
2.1799999999999997,1,1,1,Nuclear-family environmental variance,5,2.2384204486850003,2.2264504939240584,2.071064510848495,2.4835893135497247,2.25,2.2384204486850003,After the historical event,Event experienced
2.1799999999999997,1,1,1,Nonshared environmental variance,5,9.057761716278291,9.055744227653184,8.821596800487217,9.241789788229642,9.000000000000002,9.057761716278291,After the historical event,Event experienced
2.1799999999999997,1,1,1,Phenotypic variance,5,14.925713887192199,14.813617506429209,14.405141501283484,15.660105756672893,14.81731909934103,14.925713887192199,After the historical event,Event experienced
2.2,0,0,0,Additive genetic variance,5,2.528458988031893,2.4497166343045307,2.1866409458912437,2.993211664124232,2.3591334304514016,2.528458988031893,Before the historical event,Event not experienced
2.2,0,0,0,Nuclear-family environmental variance,5,2.072653226538019,2.0872332341326554,1.8472026076606025,2.32030865777004,2.25,2.072653226538019,Before the historical event,Event not experienced
2.2,0,0,0,Nonshared environmental variance,5,9.218998904013855,9.285935078816221,8.960541450553576,9.439879872975844,9.000000000000002,9.218998904013855,Before the historical event,Event not experienced
2.2,0,0,0,Phenotypic variance,5,13.820111118583766,13.95268780063356,13.588182303810774,13.986940499418516,13.609133430451404,13.820111118583766,Before the historical event,Event not experienced
2.2,0,1,0,Additive genetic variance,5,2.528458988031893,2.4497166343045307,2.1866409458912437,2.993211664124232,2.3591334304514016,2.528458988031893,Before the historical event,Event experienced
2.2,0,1,0,Nuclear-family environmental variance,5,2.072653226538019,2.0872332341326554,1.8472026076606025,2.32030865777004,2.25,2.072653226538019,Before the historical event,Event experienced
2.2,0,1,0,Nonshared environmental variance,5,9.218998904013855,9.285935078816221,8.960541450553576,9.439879872975844,9.000000000000002,9.218998904013855,Before the historical event,Event experienced
2.2,0,1,0,Phenotypic variance,5,13.820111118583766,13.95268780063356,13.588182303810774,13.986940499418516,13.609133430451404,13.820111118583766,Before the historical event,Event experienced
2.2,1,0,0,Additive genetic variance,5,2.528458988031893,2.4497166343045307,2.1866409458912437,2.993211664124232,2.3591334304514016,2.528458988031893,After the historical event,Event not experienced
2.2,1,0,0,Nuclear-family environmental variance,5,2.072653226538019,2.0872332341326554,1.8472026076606025,2.32030865777004,2.25,2.072653226538019,After the historical event,Event not experienced
2.2,1,0,0,Nonshared environmental variance,5,9.218998904013855,9.285935078816221,8.960541450553576,9.439879872975844,9.000000000000002,9.218998904013855,After the historical event,Event not experienced
2.2,1,0,0,Phenotypic variance,5,13.820111118583766,13.95268780063356,13.588182303810774,13.986940499418516,13.609133430451404,13.820111118583766,After the historical event,Event not experienced
2.2,1,1,1,Additive genetic variance,5,3.586559376145608,3.6979281200883656,2.8109240457899833,4.581146494734496,3.5194135165785756,3.586559376145608,After the historical event,Event experienced
2.2,1,1,1,Nuclear-family environmental variance,5,2.239201533855231,2.2285585944843835,2.0691577884012635,2.4880804940996613,2.25,2.239201533855231,After the historical event,Event experienced
2.2,1,1,1,Nonshared environmental variance,5,9.05510861607331,9.049198760742694,8.820920578208938,9.237959722370217,9.000000000000002,9.05510861607331,After the historical event,Event experienced
2.2,1,1,1,Phenotypic variance,5,14.880869526074148,14.7763415617061,14.367082496371726,15.593191495724172,14.769413516578577,14.880869526074148,After the historical event,Event experienced
2.2199999999999998,0,0,0,Additive genetic variance,5,2.4988904218599277,2.4205770226253125,2.1554401210462424,2.9655994999007858,2.3270802288959955,2.4988904218599277,Before the historical event,Event not experienced
2.2199999999999998,0,0,0,Nuclear-family environmental variance,5,2.073202074095287,2.089699317095859,1.8460001113022895,2.319257331803349,2.25,2.073202074095287,Before the historical event,Event not experienced
2.2199999999999998,0,0,0,Nonshared environmental variance,5,9.216281943579537,9.27915282543426,8.956471434931537,9.439185020574675,9.000000000000002,9.216281943579537,Before the historical event,Event not experienced
2.2199999999999998,0,0,0,Phenotypic variance,5,13.788374439534751,13.919765389074591,13.553238318330447,13.960599846282028,13.577080228895998,13.788374439534751,Before the historical event,Event not experienced
2.2199999999999998,0,1,0,Additive genetic variance,5,2.4988904218599277,2.4205770226253125,2.1554401210462424,2.9655994999007858,2.3270802288959955,2.4988904218599277,Before the historical event,Event experienced
2.2199999999999998,0,1,0,Nuclear-family environmental variance,5,2.073202074095287,2.089699317095859,1.8460001113022895,2.319257331803349,2.25,2.073202074095287,Before the historical event,Event experienced
2.2199999999999998,0,1,0,Nonshared environmental variance,5,9.216281943579537,9.27915282543426,8.956471434931537,9.439185020574675,9.000000000000002,9.216281943579537,Before the historical event,Event experienced
2.2199999999999998,0,1,0,Phenotypic variance,5,13.788374439534751,13.919765389074591,13.553238318330447,13.960599846282028,13.577080228895998,13.788374439534751,Before the historical event,Event experienced
2.2199999999999998,1,0,0,Additive genetic variance,5,2.4988904218599277,2.4205770226253125,2.1554401210462424,2.9655994999007858,2.3270802288959955,2.4988904218599277,After the historical event,Event not experienced
2.2199999999999998,1,0,0,Nuclear-family environmental variance,5,2.073202074095287,2.089699317095859,1.8460001113022895,2.319257331803349,2.25,2.073202074095287,After the historical event,Event not experienced
2.2199999999999998,1,0,0,Nonshared environmental variance,5,9.216281943579537,9.27915282543426,8.956471434931537,9.439185020574675,9.000000000000002,9.216281943579537,After the historical event,Event not experienced
2.2199999999999998,1,0,0,Phenotypic variance,5,13.788374439534751,13.919765389074591,13.553238318330447,13.960599846282028,13.577080228895998,13.788374439534751,After the historical event,Event not experienced
2.2199999999999998,1,1,1,Additive genetic variance,5,3.5435485025195135,3.653940914414013,2.7740718415683077,4.517283512585301,3.471595758859747,3.5435485025195135,After the historical event,Event experienced
2.2199999999999998,1,1,1,Nuclear-family environmental variance,5,2.240001625625628,2.227840500791781,2.067282604578845,2.492903022270123,2.25,2.240001625625628,After the historical event,Event experienced
2.2199999999999998,1,1,1,Nonshared environmental variance,5,9.052412766963233,9.042589414631811,8.820179769133269,9.237166417097683,9.000000000000002,9.052412766963233,After the historical event,Event experienced
2.2199999999999998,1,1,1,Phenotypic variance,5,14.835962895108374,14.738813589598674,14.329066482008532,15.52631232100417,14.721595758859749,14.835962895108374,After the historical event,Event experienced
2.24,0,0,0,Additive genetic variance,5,2.4692946840312193,2.3914180968812384,2.1242953934902937,2.9378293961700925,2.2950952848869286,2.4692946840312193,Before the historical event,Event not experienced
2.24,0,0,0,Nuclear-family environmental variance,5,2.073766939184892,2.092157561470535,1.8448284456249662,2.3182221165477648,2.25,2.073766939184892,Before the historical event,Event not experienced
2.24,0,0,0,Nonshared environmental variance,5,9.213520982229973,9.272305172464849,8.952366987639412,9.438429035136904,9.000000000000002,9.213520982229973,Before the historical event,Event not experienced
2.24,0,0,0,Phenotypic variance,5,13.756582605446084,13.886846843507815,13.51832748588012,13.934179624694272,13.54509528488693,13.756582605446084,Before the historical event,Event not experienced
2.24,0,1,0,Additive genetic variance,5,2.4692946840312193,2.3914180968812384,2.1242953934902937,2.9378293961700925,2.2950952848869286,2.4692946840312193,Before the historical event,Event experienced
2.24,0,1,0,Nuclear-family environmental variance,5,2.073766939184892,2.092157561470535,1.8448284456249662,2.3182221165477648,2.25,2.073766939184892,Before the historical event,Event experienced
2.24,0,1,0,Nonshared environmental variance,5,9.213520982229973,9.272305172464849,8.952366987639412,9.438429035136904,9.000000000000002,9.213520982229973,Before the historical event,Event experienced
2.24,0,1,0,Phenotypic variance,5,13.756582605446084,13.886846843507815,13.51832748588012,13.934179624694272,13.54509528488693,13.756582605446084,Before the historical event,Event experienced
2.24,1,0,0,Additive genetic variance,5,2.4692946840312193,2.3914180968812384,2.1242953934902937,2.9378293961700925,2.2950952848869286,2.4692946840312193,After the historical event,Event not experienced
2.24,1,0,0,Nuclear-family environmental variance,5,2.073766939184892,2.092157561470535,1.8448284456249662,2.3182221165477648,2.25,2.073766939184892,After the historical event,Event not experienced
2.24,1,0,0,Nonshared environmental variance,5,9.213520982229973,9.272305172464849,8.952366987639412,9.438429035136904,9.000000000000002,9.213520982229973,After the historical event,Event not experienced
2.24,1,0,0,Phenotypic variance,5,13.756582605446084,13.886846843507815,13.51832748588012,13.934179624694272,13.54509528488693,13.756582605446084,After the historical event,Event not experienced
2.24,1,1,1,Additive genetic variance,5,3.500513101180273,3.6099245535212394,2.7372806763096613,4.453506567451174,3.4238798294343478,3.500513101180273,After the historical event,Event experienced
2.24,1,1,1,Nuclear-family environmental variance,5,2.240820752742424,2.227120522629414,2.0654388746342627,2.4977747276161146,2.25,2.240820752742424,After the historical event,Event experienced
2.24,1,1,1,Nonshared environmental variance,5,9.049674216494155,9.035916336235415,8.819374389538469,9.236380545152752,9.000000000000002,9.049674216494155,After the historical event,Event experienced
2.24,1,1,1,Phenotypic variance,5,14.791008070416853,14.70104508735803,14.291104505057625,15.459490779384906,14.67387982943435,14.791008070416853,After the historical event,Event experienced
2.26,0,0,0,Additive genetic variance,5,2.439681175225375,2.3622489583706248,2.093217297123011,2.909910601410984,2.263187824276274,2.439681175225375,Before the historical event,Event not experienced
2.26,0,0,0,Nuclear-family environmental variance,5,2.074347839294769,2.094607932753478,1.8436875607012386,2.3172029901638487,2.25,2.074347839294769,Before the historical event,Event not experienced
2.26,0,0,0,Nonshared environmental variance,5,9.210716069232078,9.265392272043739,8.948228154715988,9.437611932327876,9.000000000000002,9.210716069232078,Before the historical event,Event not experienced
2.26,0,0,0,Phenotypic variance,5,13.72474508375222,13.853942858705103,13.483459182339569,13.907688725457028,13.513187824276276,13.72474508375222,Before the historical event,Event not experienced
2.26,0,1,0,Additive genetic variance,5,2.439681175225375,2.3622489583706248,2.093217297123011,2.909910601410984,2.263187824276274,2.439681175225375,Before the historical event,Event experienced
2.26,0,1,0,Nuclear-family environmental variance,5,2.074347839294769,2.094607932753478,1.8436875607012386,2.3172029901638487,2.25,2.074347839294769,Before the historical event,Event experienced
2.26,0,1,0,Nonshared environmental variance,5,9.210716069232078,9.265392272043739,8.948228154715988,9.437611932327876,9.000000000000002,9.210716069232078,Before the historical event,Event experienced
2.26,0,1,0,Phenotypic variance,5,13.72474508375222,13.853942858705103,13.483459182339569,13.907688725457028,13.513187824276276,13.72474508375222,Before the historical event,Event experienced
2.26,1,0,0,Additive genetic variance,5,2.439681175225375,2.3622489583706248,2.093217297123011,2.909910601410984,2.263187824276274,2.439681175225375,After the historical event,Event not experienced
2.26,1,0,0,Nuclear-family environmental variance,5,2.074347839294769,2.094607932753478,1.8436875607012386,2.3172029901638487,2.25,2.074347839294769,After the historical event,Event not experienced
2.26,1,0,0,Nonshared environmental variance,5,9.210716069232078,9.265392272043739,8.948228154715988,9.437611932327876,9.000000000000002,9.210716069232078,After the historical event,Event not experienced
2.26,1,0,0,Phenotypic variance,5,13.72474508375222,13.853942858705103,13.483459182339569,13.907688725457028,13.513187824276276,13.72474508375222,After the historical event,Event not experienced
2.26,1,1,1,Additive genetic variance,5,3.4574670050943244,3.565892776120269,2.7005610351020386,4.389837607916315,3.376279491656357,3.4574670050943244,After the historical event,Event experienced
2.26,1,1,1,Nuclear-family environmental variance,5,2.2416589450845814,2.2263986619740894,2.0636265152934765,2.5026958737130505,2.25,2.2416589450845814,After the historical event,Event experienced
2.26,1,1,1,Nonshared environmental variance,5,9.046893013124109,9.029179673810695,8.818504457120921,9.235602110204697,9.000000000000002,9.046893013124109,After the historical event,Event experienced
2.26,1,1,1,Phenotypic variance,5,14.746018963303014,14.663047536754744,14.253207447473143,15.392749038558957,14.626279491656359,14.746018963303014,After the historical event,Event experienced
2.2800000000000002,0,0,0,Additive genetic variance,5,2.410059186570071,2.333078602730407,2.0622161760885924,2.881852339049964,2.2313669084560694,2.410059186570071,Before the historical event,Event not experienced
2.2800000000000002,0,0,0,Nuclear-family environmental variance,5,2.07494479284588,2.097050396522437,1.8425774081541602,2.3161999311910058,2.25,2.07494479284588,Before the historical event,Event not experienced
2.2800000000000002,0,0,0,Nonshared environmental variance,5,9.207867254794037,9.25841427767844,8.94405498263139,9.436733729186281,9.000000000000002,9.207867254794037,Before the historical event,Event not experienced
2.2800000000000002,0,0,0,Phenotypic variance,5,13.692871234209989,13.821063938066338,13.44864263479519,13.8811359737745,13.48136690845607,13.692871234209989,Before the historical event,Event not experienced
2.2800000000000002,0,1,0,Additive genetic variance,5,2.410059186570071,2.333078602730407,2.0622161760885924,2.881852339049964,2.2313669084560694,2.410059186570071,Before the historical event,Event experienced
2.2800000000000002,0,1,0,Nuclear-family environmental variance,5,2.07494479284588,2.097050396522437,1.8425774081541602,2.3161999311910058,2.25,2.07494479284588,Before the historical event,Event experienced
2.2800000000000002,0,1,0,Nonshared environmental variance,5,9.207867254794037,9.25841427767844,8.94405498263139,9.436733729186281,9.000000000000002,9.207867254794037,Before the historical event,Event experienced
2.2800000000000002,0,1,0,Phenotypic variance,5,13.692871234209989,13.821063938066338,13.44864263479519,13.8811359737745,13.48136690845607,13.692871234209989,Before the historical event,Event experienced
2.2800000000000002,1,0,0,Additive genetic variance,5,2.410059186570071,2.333078602730407,2.0622161760885924,2.881852339049964,2.2313669084560694,2.410059186570071,After the historical event,Event not experienced
2.2800000000000002,1,0,0,Nuclear-family environmental variance,5,2.07494479284588,2.097050396522437,1.8425774081541602,2.3161999311910058,2.25,2.07494479284588,After the historical event,Event not experienced
2.2800000000000002,1,0,0,Nonshared environmental variance,5,9.207867254794037,9.25841427767844,8.94405498263139,9.436733729186281,9.000000000000002,9.207867254794037,After the historical event,Event not experienced
2.2800000000000002,1,0,0,Phenotypic variance,5,13.692871234209989,13.821063938066338,13.44864263479519,13.8811359737745,13.48136690845607,13.692871234209989,After the historical event,Event not experienced
2.2800000000000002,1,1,1,Additive genetic variance,5,3.414423873727685,3.5218591614219865,2.663923229490277,4.326298204462175,3.3288082635342127,3.414423873727685,After the historical event,Event experienced
2.2800000000000002,1,1,1,Nuclear-family environmental variance,5,2.242516233668124,2.2256749208073363,2.0618454447490224,2.507666727401502,2.25,2.242516233668124,After the historical event,Event experienced
2.2800000000000002,1,1,1,Nonshared environmental variance,5,9.044069206221417,9.022379576951632,8.817569990994466,9.234831115996366,9.000000000000002,9.044069206221417,After the historical event,Event experienced
2.2800000000000002,1,1,1,Phenotypic variance,5,14.701009313617226,14.624832397799413,14.215386022138873,15.326108876302204,14.578808263534214,14.701009313617226,After the historical event,Event experienced
2.3,0,0,0,Additive genetic variance,5,2.380437895288217,2.3039159157535596,2.031302180001353,2.8536638025407313,2.1996414308864063,2.380437895288217,Before the historical event,Event not experienced
2.3,0,0,0,Nuclear-family environmental variance,5,2.0755578191953665,2.099484918436925,1.8414979411539252,2.3152129185466563,2.25,2.0755578191953665,Before the historical event,Event not experienced
2.3,0,0,0,Nonshared environmental variance,5,9.204974590063646,9.251371344242571,8.939847518286193,9.435794444123577,9.000000000000002,9.204974590063646,Before the historical event,Event not experienced
2.3,0,0,0,Phenotypic variance,5,13.66097030454723,13.788220388683019,13.413886918138012,13.85453012485847,13.449641430886409,13.66097030454723,Before the historical event,Event not experienced
2.3,0,1,0,Additive genetic variance,5,2.380437895288217,2.3039159157535596,2.031302180001353,2.8536638025407313,2.1996414308864063,2.380437895288217,Before the historical event,Event experienced
2.3,0,1,0,Nuclear-family environmental variance,5,2.0755578191953665,2.099484918436925,1.8414979411539252,2.3152129185466563,2.25,2.0755578191953665,Before the historical event,Event experienced
2.3,0,1,0,Nonshared environmental variance,5,9.204974590063646,9.251371344242571,8.939847518286193,9.435794444123577,9.000000000000002,9.204974590063646,Before the historical event,Event experienced
2.3,0,1,0,Phenotypic variance,5,13.66097030454723,13.788220388683019,13.413886918138012,13.85453012485847,13.449641430886409,13.66097030454723,Before the historical event,Event experienced
2.3,1,0,0,Additive genetic variance,5,2.380437895288217,2.3039159157535596,2.031302180001353,2.8536638025407313,2.1996414308864063,2.380437895288217,After the historical event,Event not experienced
2.3,1,0,0,Nuclear-family environmental variance,5,2.0755578191953665,2.099484918436925,1.8414979411539252,2.3152129185466563,2.25,2.0755578191953665,After the historical event,Event not experienced
2.3,1,0,0,Nonshared environmental variance,5,9.204974590063646,9.251371344242571,8.939847518286193,9.435794444123577,9.000000000000002,9.204974590063646,After the historical event,Event not experienced
2.3,1,0,0,Phenotypic variance,5,13.66097030454723,13.788220388683019,13.413886918138012,13.85453012485847,13.449641430886409,13.66097030454723,After the historical event,Event not experienced
2.3,1,1,1,Additive genetic variance,5,3.3713971866367576,3.477837122824189,2.627377393483988,4.262909539259113,3.2814794125513247,3.3713971866367576,After the historical event,Event experienced
2.3,1,1,1,Nuclear-family environmental variance,5,2.243392650650576,2.2249493011154007,2.060095582653778,2.5126875588134108,2.25,2.243392650650576,After the historical event,Event experienced
2.3,1,1,1,Nonshared environmental variance,5,9.041202846063058,9.015516196583482,8.816571011689717,9.234067566344063,9.000000000000002,9.041202846063058,After the historical event,Event experienced
2.3,1,1,1,Phenotypic variance,5,14.655992683350393,14.586411102538746,14.1776507688974,15.259591670252277,14.531479412551327,14.655992683350393,After the historical event,Event experienced
2.3200000000000003,0,0,0,Additive genetic variance,5,2.350826360490993,2.2747696693413246,2.0004852594193987,2.825354150511931,2.168020113805423,2.350826360490993,Before the historical event,Event not experienced
2.3200000000000003,0,0,0,Nuclear-family environmental variance,5,2.076186938639782,2.1019114642390178,1.840449114414697,2.314241931525428,2.25,2.076186938639782,Before the historical event,Event not experienced
2.3200000000000003,0,0,0,Nonshared environmental variance,5,9.202038127126588,9.24426362797012,8.935605809010525,9.434794096923266,9.000000000000002,9.202038127126588,Before the historical event,Event not experienced
2.3200000000000003,0,0,0,Phenotypic variance,5,13.629051426257362,13.755422316658551,13.379200951828869,13.827879859632509,13.418020113805426,13.629051426257362,Before the historical event,Event not experienced
2.3200000000000003,0,1,0,Additive genetic variance,5,2.350826360490993,2.2747696693413246,2.0004852594193987,2.825354150511931,2.168020113805423,2.350826360490993,Before the historical event,Event experienced
2.3200000000000003,0,1,0,Nuclear-family environmental variance,5,2.076186938639782,2.1019114642390178,1.840449114414697,2.314241931525428,2.25,2.076186938639782,Before the historical event,Event experienced
2.3200000000000003,0,1,0,Nonshared environmental variance,5,9.202038127126588,9.24426362797012,8.935605809010525,9.434794096923266,9.000000000000002,9.202038127126588,Before the historical event,Event experienced
2.3200000000000003,0,1,0,Phenotypic variance,5,13.629051426257362,13.755422316658551,13.379200951828869,13.827879859632509,13.418020113805426,13.629051426257362,Before the historical event,Event experienced
2.3200000000000003,1,0,0,Additive genetic variance,5,2.350826360490993,2.2747696693413246,2.0004852594193987,2.825354150511931,2.168020113805423,2.350826360490993,After the historical event,Event not experienced
2.3200000000000003,1,0,0,Nuclear-family environmental variance,5,2.076186938639782,2.1019114642390178,1.840449114414697,2.314241931525428,2.25,2.076186938639782,After the historical event,Event not experienced
2.3200000000000003,1,0,0,Nonshared environmental variance,5,9.202038127126588,9.24426362797012,8.935605809010525,9.434794096923266,9.000000000000002,9.202038127126588,After the historical event,Event not experienced
2.3200000000000003,1,0,0,Phenotypic variance,5,13.629051426257362,13.755422316658551,13.379200951828869,13.827879859632509,13.418020113805426,13.629051426257362,After the historical event,Event not experienced
2.3200000000000003,1,1,1,Additive genetic variance,5,3.328400237290196,3.4338399018013477,2.5909334797561434,4.1996923964649335,3.234305950757968,3.328400237290196,After the historical event,Event experienced
2.3200000000000003,1,1,1,Nuclear-family environmental variance,5,2.2442882293355018,2.2242218048892353,2.0583768501148336,2.517758641398641,2.25,2.2442882293355018,After the historical event,Event experienced
2.3200000000000003,1,1,1,Nonshared environmental variance,5,9.038293983832999,9.008589684957194,8.815507541153305,9.233311465137481,9.000000000000002,9.038293983832999,After the historical event,Event experienced
2.3200000000000003,1,1,1,Phenotypic variance,5,14.610982450458698,14.547795048931745,14.14001205077025,15.193218388206182,14.48430595075797,14.610982450458698,After the historical event,Event experienced
2.34,0,0,0,Additive genetic variance,5,2.3212335191187985,2.24564851759234,1.9697751615677683,2.7969325019865434,2.1365115051218235,2.3212335191187985,Before the historical event,Event not experienced
2.34,0,0,0,Nuclear-family environmental variance,5,2.0768321724184124,2.1043299997541527,1.8394308841915668,2.313286949798357,2.25,2.0768321724184124,Before the historical event,Event not experienced
2.34,0,0,0,Nonshared environmental variance,5,9.199057919004682,9.237091286449656,8.931329902563135,9.4337327087402,9.000000000000002,9.199057919004682,Before the historical event,Event not experienced
2.34,0,0,0,Phenotypic variance,5,13.597123610541892,13.722679622686707,13.34459349683159,13.801193780537783,13.386511505121826,13.597123610541892,Before the historical event,Event not experienced
2.34,0,1,0,Additive genetic variance,5,2.3212335191187985,2.24564851759234,1.9697751615677683,2.7969325019865434,2.1365115051218235,2.3212335191187985,Before the historical event,Event experienced
2.34,0,1,0,Nuclear-family environmental variance,5,2.0768321724184124,2.1043299997541527,1.8394308841915668,2.313286949798357,2.25,2.0768321724184124,Before the historical event,Event experienced
2.34,0,1,0,Nonshared environmental variance,5,9.199057919004682,9.237091286449656,8.931329902563135,9.4337327087402,9.000000000000002,9.199057919004682,Before the historical event,Event experienced
2.34,0,1,0,Phenotypic variance,5,13.597123610541892,13.722679622686707,13.34459349683159,13.801193780537783,13.386511505121826,13.597123610541892,Before the historical event,Event experienced
2.34,1,0,0,Additive genetic variance,5,2.3212335191187985,2.24564851759234,1.9697751615677683,2.7969325019865434,2.1365115051218235,2.3212335191187985,After the historical event,Event not experienced
2.34,1,0,0,Nuclear-family environmental variance,5,2.0768321724184124,2.1043299997541527,1.8394308841915668,2.313286949798357,2.25,2.0768321724184124,After the historical event,Event not experienced
2.34,1,0,0,Nonshared environmental variance,5,9.199057919004682,9.237091286449656,8.931329902563135,9.4337327087402,9.000000000000002,9.199057919004682,After the historical event,Event not experienced
2.34,1,0,0,Phenotypic variance,5,13.597123610541892,13.722679622686707,13.34459349683159,13.801193780537783,13.386511505121826,13.597123610541892,After the historical event,Event not experienced
2.34,1,1,1,Additive genetic variance,5,3.285446127124698,3.389880562001011,2.554601256033292,4.1366671530335175,3.18730063013546,3.285446127124698,After the historical event,Event experienced
2.34,1,1,1,Nuclear-family environmental variance,5,2.245203004177157,2.2234924341244895,2.0566891696874863,2.5228802519518885,2.25,2.245203004177157,After the historical event,Event experienced
2.34,1,1,1,Nonshared environmental variance,5,9.035342671620471,9.001600195643762,8.81437960274707,9.232562816339598,9.000000000000002,9.035342671620471,After the historical event,Event experienced
2.34,1,1,1,Phenotypic variance,5,14.565991802922326,14.508995594810372,14.102480050369921,15.127009578940218,14.43730063013546,14.565991802922326,After the historical event,Event experienced
2.3600000000000003,0,0,0,Additive genetic variance,5,2.291668182031881,2.2165609930304493,1.9391814263119587,2.7684079316762134,2.1051239754902435,2.291668182031881,Before the historical event,Event not experienced
2.3600000000000003,0,0,0,Nuclear-family environmental variance,5,2.077493542716678,2.1067404908919314,1.8384432082776412,2.312347953412109,2.25,2.077493542716678,Before the historical event,Event not experienced
2.3600000000000003,0,0,0,Nonshared environmental variance,5,9.19603401965411,9.229854478618545,8.927019847130467,9.432610302099777,9.000000000000002,9.19603401965411,Before the historical event,Event not experienced
2.3600000000000003,0,0,0,Phenotypic variance,5,13.565195744402669,13.69000199788914,13.310073152714656,13.774480407443003,13.355123975490246,13.565195744402669,Before the historical event,Event not experienced
2.3600000000000003,0,1,0,Additive genetic variance,5,2.291668182031881,2.2165609930304493,1.9391814263119587,2.7684079316762134,2.1051239754902435,2.291668182031881,Before the historical event,Event experienced
2.3600000000000003,0,1,0,Nuclear-family environmental variance,5,2.077493542716678,2.1067404908919314,1.8384432082776412,2.312347953412109,2.25,2.077493542716678,Before the historical event,Event experienced
2.3600000000000003,0,1,0,Nonshared environmental variance,5,9.19603401965411,9.229854478618545,8.927019847130467,9.432610302099777,9.000000000000002,9.19603401965411,Before the historical event,Event experienced
2.3600000000000003,0,1,0,Phenotypic variance,5,13.565195744402669,13.69000199788914,13.310073152714656,13.774480407443003,13.355123975490246,13.565195744402669,Before the historical event,Event experienced
2.3600000000000003,1,0,0,Additive genetic variance,5,2.291668182031881,2.2165609930304493,1.9391814263119587,2.7684079316762134,2.1051239754902435,2.291668182031881,After the historical event,Event not experienced
2.3600000000000003,1,0,0,Nuclear-family environmental variance,5,2.077493542716678,2.1067404908919314,1.8384432082776412,2.312347953412109,2.25,2.077493542716678,After the historical event,Event not experienced
2.3600000000000003,1,0,0,Nonshared environmental variance,5,9.19603401965411,9.229854478618545,8.927019847130467,9.432610302099777,9.000000000000002,9.19603401965411,After the historical event,Event not experienced
2.3600000000000003,1,0,0,Phenotypic variance,5,13.565195744402669,13.69000199788914,13.310073152714656,13.774480407443003,13.355123975490246,13.565195744402669,After the historical event,Event not experienced
2.3600000000000003,1,1,1,Additive genetic variance,5,3.242547759837123,3.3459719835495627,2.5183903016779983,4.073853770035845,3.140475938233121,3.242547759837123,After the historical event,Event experienced
2.3600000000000003,1,1,1,Nuclear-family environmental variance,5,2.246137010785242,2.2227611908215015,2.0550324653693424,2.5280526706399478,2.25,2.246137010785242,After the historical event,Event experienced
2.3600000000000003,1,1,1,Nonshared environmental variance,5,9.032348962418244,8.994547883528591,8.813187221247219,9.231821623986558,9.000000000000002,9.032348962418244,After the historical event,Event experienced
2.3600000000000003,1,1,1,Phenotypic variance,5,14.521033733040609,14.470024051928796,14.065064766504504,15.06098536355434,14.390475938233124,14.521033733040609,After the historical event,Event experienced
2.38,0,0,0,Additive genetic variance,5,2.26213903025231,2.1875155029729516,1.9087133823824662,2.73978946535375,2.0738657155696565,2.26213903025231,Before the historical event,Event not experienced
2.38,0,0,0,Nuclear-family environmental variance,5,2.0781710726696265,2.109142903646916,1.8374860460012603,2.3114249227882095,2.25,2.0781710726696265,Before the historical event,Event not experienced
2.38,0,0,0,Nonshared environmental variance,5,9.1929664839636,9.222553364757026,8.92267569132572,9.431426900897113,9.000000000000002,9.1929664839636,Before the historical event,Event not experienced
2.38,0,0,0,Phenotypic variance,5,13.533276586885536,13.657398919912719,13.275648354921678,13.747748173660904,13.323865715569658,13.533276586885536,Before the historical event,Event not experienced
2.38,0,1,0,Additive genetic variance,5,2.26213903025231,2.1875155029729516,1.9087133823824662,2.73978946535375,2.0738657155696565,2.26213903025231,Before the historical event,Event experienced
2.38,0,1,0,Nuclear-family environmental variance,5,2.0781710726696265,2.109142903646916,1.8374860460012603,2.3114249227882095,2.25,2.0781710726696265,Before the historical event,Event experienced
2.38,0,1,0,Nonshared environmental variance,5,9.1929664839636,9.222553364757026,8.92267569132572,9.431426900897113,9.000000000000002,9.1929664839636,Before the historical event,Event experienced
2.38,0,1,0,Phenotypic variance,5,13.533276586885536,13.657398919912719,13.275648354921678,13.747748173660904,13.323865715569658,13.533276586885536,Before the historical event,Event experienced
2.38,1,0,0,Additive genetic variance,5,2.26213903025231,2.1875155029729516,1.9087133823824662,2.73978946535375,2.0738657155696565,2.26213903025231,After the historical event,Event not experienced
2.38,1,0,0,Nuclear-family environmental variance,5,2.0781710726696265,2.109142903646916,1.8374860460012603,2.3114249227882095,2.25,2.0781710726696265,After the historical event,Event not experienced
2.38,1,0,0,Nonshared environmental variance,5,9.1929664839636,9.222553364757026,8.92267569132572,9.431426900897113,9.000000000000002,9.1929664839636,After the historical event,Event not experienced
2.38,1,0,0,Phenotypic variance,5,13.533276586885536,13.657398919912719,13.275648354921678,13.747748173660904,13.323865715569658,13.533276586885536,After the historical event,Event not experienced
2.38,1,1,1,Additive genetic variance,5,3.1997178359151985,3.302126857569978,2.4823100044640363,4.011271784495158,3.093844094078299,3.1997178359151985,After the historical event,Event experienced
2.38,1,1,1,Nuclear-family environmental variance,5,2.2470902859297675,2.2220280769852883,2.053406662594535,2.533276181029329,2.25,2.2470902859297675,After the historical event,Event experienced
2.38,1,1,1,Nonshared environmental variance,5,9.02931291012084,8.987432904805726,8.81193042284339,9.231087892187597,9.000000000000002,9.02931291012084,After the historical event,Event experienced
2.38,1,1,1,Phenotypic variance,5,14.476121031965805,14.43089168010548,14.027776010975316,14.995165427342513,14.343844094078301,14.476121031965805,After the historical event,Event experienced
2.4000000000000004,0,0,0,Additive genetic variance,5,2.2326546113586727,2.158520326040745,1.8783801438506083,2.7110860753068233,2.042744733464751,2.2326546113586727,Before the historical event,Event not experienced
2.4000000000000004,0,0,0,Nuclear-family environmental variance,5,2.078864786365507,2.111537204099425,1.8365593582233455,2.3105178387222933,2.25,2.078864786365507,Before the historical event,Event not experienced
2.4000000000000004,0,0,0,Nonshared environmental variance,5,9.189855367752592,9.215188106482358,8.918297484187924,9.430182530396182,9.000000000000002,9.189855367752592,Before the historical event,Event not experienced
2.4000000000000004,0,0,0,Phenotypic variance,5,13.501374765476772,13.624879649286935,13.241327372210932,13.721005422073409,13.292744733464753,13.501374765476772,Before the historical event,Event not experienced
2.4000000000000004,0,1,0,Additive genetic variance,5,2.2326546113586727,2.158520326040745,1.8783801438506083,2.7110860753068233,2.042744733464751,2.2326546113586727,Before the historical event,Event experienced
2.4000000000000004,0,1,0,Nuclear-family environmental variance,5,2.078864786365507,2.111537204099425,1.8365593582233455,2.3105178387222933,2.25,2.078864786365507,Before the historical event,Event experienced
2.4000000000000004,0,1,0,Nonshared environmental variance,5,9.189855367752592,9.215188106482358,8.918297484187924,9.430182530396182,9.000000000000002,9.189855367752592,Before the historical event,Event experienced
2.4000000000000004,0,1,0,Phenotypic variance,5,13.501374765476772,13.624879649286935,13.241327372210932,13.721005422073409,13.292744733464753,13.501374765476772,Before the historical event,Event experienced
2.4000000000000004,1,0,0,Additive genetic variance,5,2.2326546113586727,2.158520326040745,1.8783801438506083,2.7110860753068233,2.042744733464751,2.2326546113586727,After the historical event,Event not experienced
2.4000000000000004,1,0,0,Nuclear-family environmental variance,5,2.078864786365507,2.111537204099425,1.8365593582233455,2.3105178387222933,2.25,2.078864786365507,After the historical event,Event not experienced
2.4000000000000004,1,0,0,Nonshared environmental variance,5,9.189855367752592,9.215188106482358,8.918297484187924,9.430182530396182,9.000000000000002,9.189855367752592,After the historical event,Event not experienced
2.4000000000000004,1,0,0,Phenotypic variance,5,13.501374765476772,13.624879649286935,13.241327372210932,13.721005422073409,13.292744733464753,13.501374765476772,After the historical event,Event not experienced
2.4000000000000004,1,1,1,Additive genetic variance,5,3.1569688474086144,3.258357680913762,2.4463695575445197,3.948940301737214,3.04741704435935,3.1569688474086144,After the historical event,Event experienced
2.4000000000000004,1,1,1,Nuclear-family environmental variance,5,2.248062867546023,2.2212930946255383,2.0518116882280526,2.538551070114252,2.25,2.248062867546023,After the historical event,Event experienced
2.4000000000000004,1,1,1,Nonshared environmental variance,5,9.026234569522757,8.980255416972138,8.810609235137738,9.230361625124921,9.000000000000002,9.026234569522757,After the historical event,Event experienced
2.4000000000000004,1,1,1,Phenotypic variance,5,14.431266284477394,14.391609681462016,13.990623405567877,14.92956901218996,14.297417044359351,14.431266284477394,After the historical event,Event experienced
2.42,0,0,0,Additive genetic variance,5,2.203223336034783,2.1295836088117563,1.8481906068555942,2.6823066758759246,2.0117688523500443,2.203223336034783,Before the historical event,Event not experienced
2.42,0,0,0,Nuclear-family environmental variance,5,2.0795747088494347,2.113923358416331,1.835663107334878,2.309626682383365,2.25,2.0795747088494347,Before the historical event,Event not experienced
2.42,0,0,0,Nonshared environmental variance,5,9.18670072776935,9.207758866742816,8.913885275180936,9.428877217228846,9.000000000000002,9.18670072776935,Before the historical event,Event not experienced
2.42,0,0,0,Phenotypic variance,5,13.46949877265357,13.59245322604135,13.20711830426379,13.694260401367634,13.261768852350047,13.46949877265357,Before the historical event,Event not experienced
2.42,0,1,0,Additive genetic variance,5,2.203223336034783,2.1295836088117563,1.8481906068555942,2.6823066758759246,2.0117688523500443,2.203223336034783,Before the historical event,Event experienced
2.42,0,1,0,Nuclear-family environmental variance,5,2.0795747088494347,2.113923358416331,1.835663107334878,2.309626682383365,2.25,2.0795747088494347,Before the historical event,Event experienced
2.42,0,1,0,Nonshared environmental variance,5,9.18670072776935,9.207758866742816,8.913885275180936,9.428877217228846,9.000000000000002,9.18670072776935,Before the historical event,Event experienced
2.42,0,1,0,Phenotypic variance,5,13.46949877265357,13.59245322604135,13.20711830426379,13.694260401367634,13.261768852350047,13.46949877265357,Before the historical event,Event experienced
2.42,1,0,0,Additive genetic variance,5,2.203223336034783,2.1295836088117563,1.8481906068555942,2.6823066758759246,2.0117688523500443,2.203223336034783,After the historical event,Event not experienced
2.42,1,0,0,Nuclear-family environmental variance,5,2.0795747088494347,2.113923358416331,1.835663107334878,2.309626682383365,2.25,2.0795747088494347,After the historical event,Event not experienced
2.42,1,0,0,Nonshared environmental variance,5,9.18670072776935,9.207758866742816,8.913885275180936,9.428877217228846,9.000000000000002,9.18670072776935,After the historical event,Event not experienced
2.42,1,0,0,Phenotypic variance,5,13.46949877265357,13.59245322604135,13.20711830426379,13.694260401367634,13.261768852350047,13.46949877265357,After the historical event,Event not experienced
2.42,1,1,1,Additive genetic variance,5,3.1143130729421507,3.214676751109201,2.410577956613054,3.886877988256009,3.00120645988123,3.1143130729421507,After the historical event,Event experienced
2.42,1,1,1,Nuclear-family environmental variance,5,2.2490547947396577,2.220556245756598,2.050247470560181,2.5438776283449953,2.25,2.2490547947396577,After the historical event,Event experienced
2.42,1,1,1,Nonshared environmental variance,5,9.023113996316612,8.973015578821892,8.809223687143872,9.229642827053635,9.000000000000002,9.023113996316612,After the historical event,Event experienced
2.42,1,1,1,Phenotypic variance,5,14.38648186399842,14.352189194762513,13.953616379236163,14.864214909497315,14.251206459881232,14.38648186399842,After the historical event,Event experienced
2.4400000000000004,0,0,0,Additive genetic variance,5,2.173853474773409,2.100713362618792,1.8181534465824625,2.6534601190793867,1.980945708276266,2.173853474773409,Before the historical event,Event not experienced
2.4400000000000004,0,0,0,Nuclear-family environmental variance,5,2.0803008661271383,2.1163013328518536,1.8347972572545048,2.3087514353130745,2.25,2.0803008661271383,Before the historical event,Event not experienced
2.4400000000000004,0,0,0,Nonshared environmental variance,5,9.183502621689067,9.200265809811695,8.909439114192505,9.427510989393934,9.000000000000002,9.183502621689067,Before the historical event,Event not experienced
2.4400000000000004,0,0,0,Phenotypic variance,5,13.437656962589614,13.560128466582782,13.173029079461903,13.667521262384621,13.230945708276268,13.437656962589614,Before the historical event,Event not experienced
2.4400000000000004,0,1,0,Additive genetic variance,5,2.173853474773409,2.100713362618792,1.8181534465824625,2.6534601190793867,1.980945708276266,2.173853474773409,Before the historical event,Event experienced
2.4400000000000004,0,1,0,Nuclear-family environmental variance,5,2.0803008661271383,2.1163013328518536,1.8347972572545048,2.3087514353130745,2.25,2.0803008661271383,Before the historical event,Event experienced
2.4400000000000004,0,1,0,Nonshared environmental variance,5,9.183502621689067,9.200265809811695,8.909439114192505,9.427510989393934,9.000000000000002,9.183502621689067,Before the historical event,Event experienced
2.4400000000000004,0,1,0,Phenotypic variance,5,13.437656962589614,13.560128466582782,13.173029079461903,13.667521262384621,13.230945708276268,13.437656962589614,Before the historical event,Event experienced
2.4400000000000004,1,0,0,Additive genetic variance,5,2.173853474773409,2.100713362618792,1.8181534465824625,2.6534601190793867,1.980945708276266,2.173853474773409,After the historical event,Event not experienced
2.4400000000000004,1,0,0,Nuclear-family environmental variance,5,2.0803008661271383,2.1163013328518536,1.8347972572545048,2.3087514353130745,2.25,2.0803008661271383,After the historical event,Event not experienced
2.4400000000000004,1,0,0,Nonshared environmental variance,5,9.183502621689067,9.200265809811695,8.909439114192505,9.427510989393934,9.000000000000002,9.183502621689067,After the historical event,Event not experienced
2.4400000000000004,1,0,0,Phenotypic variance,5,13.437656962589614,13.560128466582782,13.173029079461903,13.667521262384621,13.230945708276268,13.437656962589614,After the historical event,Event not experienced
2.4400000000000004,1,1,1,Additive genetic variance,5,3.0717625729720472,3.171096161527604,2.3749439972576907,3.825103065094576,2.955223732293013,3.0717625729720472,After the historical event,Event experienced
2.4400000000000004,1,1,1,Nuclear-family environmental variance,5,2.2500661077918704,2.2198175323974683,2.0487139393010576,2.5492561496566224,2.25,2.2500661077918704,After the historical event,Event experienced
2.4400000000000004,1,1,1,Nonshared environmental variance,5,9.0199512470913,8.965713550440285,8.807773809285845,9.22893150230161,9.000000000000002,9.0199512470913,After the historical event,Event experienced
2.4400000000000004,1,1,1,Phenotypic variance,5,14.341779927855217,14.312641289857318,13.91676416548,14.79912145363131,14.205223732293014,14.341779927855217,After the historical event,Event experienced
2.46,0,0,0,Additive genetic variance,5,2.1445531547359225,2.0719174604928514,1.7882771144902205,2.624555190328255,1.950282748158385,2.1445531547359225,Before the historical event,Event not experienced
2.46,0,0,0,Nuclear-family environmental variance,5,2.0810432851687994,2.1186710937483513,1.8339617734262754,2.30789207942501,2.25,2.0810432851687994,Before the historical event,Event not experienced
2.46,0,0,0,Nonshared environmental variance,5,9.18026110811192,9.192709101281265,8.904959051533293,9.426083876256143,9.000000000000002,9.18026110811192,Before the historical event,Event not experienced
2.46,0,0,0,Phenotypic variance,5,13.405857548016641,13.527913960831405,13.139067452832812,13.640796054582689,13.200282748158386,13.405857548016641,Before the historical event,Event not experienced
2.46,0,1,0,Additive genetic variance,5,2.1445531547359225,2.0719174604928514,1.7882771144902205,2.624555190328255,1.950282748158385,2.1445531547359225,Before the historical event,Event experienced
2.46,0,1,0,Nuclear-family environmental variance,5,2.0810432851687994,2.1186710937483513,1.8339617734262754,2.30789207942501,2.25,2.0810432851687994,Before the historical event,Event experienced
2.46,0,1,0,Nonshared environmental variance,5,9.18026110811192,9.192709101281265,8.904959051533293,9.426083876256143,9.000000000000002,9.18026110811192,Before the historical event,Event experienced
2.46,0,1,0,Phenotypic variance,5,13.405857548016641,13.527913960831405,13.139067452832812,13.640796054582689,13.200282748158386,13.405857548016641,Before the historical event,Event experienced
2.46,1,0,0,Additive genetic variance,5,2.1445531547359225,2.0719174604928514,1.7882771144902205,2.624555190328255,1.950282748158385,2.1445531547359225,After the historical event,Event not experienced
2.46,1,0,0,Nuclear-family environmental variance,5,2.0810432851687994,2.1186710937483513,1.8339617734262754,2.30789207942501,2.25,2.0810432851687994,After the historical event,Event not experienced
2.46,1,0,0,Nonshared environmental variance,5,9.18026110811192,9.192709101281265,8.904959051533293,9.426083876256143,9.000000000000002,9.18026110811192,After the historical event,Event not experienced
2.46,1,0,0,Phenotypic variance,5,13.405857548016641,13.527913960831405,13.139067452832812,13.640796054582689,13.200282748158386,13.405857548016641,After the historical event,Event not experienced
2.46,1,1,1,Additive genetic variance,5,3.029329185286663,3.1276277967691386,2.3394762725073512,3.76363330173991,2.9094799710863684,3.029329185286663,After the historical event,Event experienced
2.46,1,1,1,Nuclear-family environmental variance,5,2.2510968481647082,2.219076956571791,2.047211025575332,2.5546869314980825,2.25,2.2510968481647082,After the historical event,Event experienced
2.46,1,1,1,Nonshared environmental variance,5,9.016746379330089,8.958349493197966,8.806259633396998,9.228227655269409,9.000000000000002,9.016746379330089,After the historical event,Event experienced
2.46,1,1,1,Phenotypic variance,5,14.29717241278146,14.272976962234631,13.880075799915312,14.73430651590061,14.15947997108637,14.29717241278146,After the historical event,Event experienced
2.4800000000000004,0,0,0,Additive genetic variance,5,2.115330356768519,2.043203634252703,1.7585698357891706,2.595600604233629,1.919787227944425,2.115330356768519,Before the historical event,Event not experienced
2.4800000000000004,0,0,0,Nuclear-family environmental variance,5,2.081801993912979,2.1210326075371158,1.8331566228175076,2.307048597003999,2.25,2.081801993912979,Before the historical event,Event not experienced
2.4800000000000004,0,0,0,Nonshared environmental variance,5,9.176976246561102,9.185088908056674,8.900445137935876,9.424595908545019,9.000000000000002,9.176976246561102,Before the historical event,Event not experienced
2.4800000000000004,0,0,0,Phenotypic variance,5,13.3741085972426,13.495818069614902,13.10524100416327,13.614092722616997,13.169787227944427,13.3741085972426,Before the historical event,Event not experienced
2.4800000000000004,0,1,0,Additive genetic variance,5,2.115330356768519,2.043203634252703,1.7585698357891706,2.595600604233629,1.919787227944425,2.115330356768519,Before the historical event,Event experienced
2.4800000000000004,0,1,0,Nuclear-family environmental variance,5,2.081801993912979,2.1210326075371158,1.8331566228175076,2.307048597003999,2.25,2.081801993912979,Before the historical event,Event experienced
2.4800000000000004,0,1,0,Nonshared environmental variance,5,9.176976246561102,9.185088908056674,8.900445137935876,9.424595908545019,9.000000000000002,9.176976246561102,Before the historical event,Event experienced
2.4800000000000004,0,1,0,Phenotypic variance,5,13.3741085972426,13.495818069614902,13.10524100416327,13.614092722616997,13.169787227944427,13.3741085972426,Before the historical event,Event experienced
2.4800000000000004,1,0,0,Additive genetic variance,5,2.115330356768519,2.043203634252703,1.7585698357891706,2.595600604233629,1.919787227944425,2.115330356768519,After the historical event,Event not experienced
2.4800000000000004,1,0,0,Nuclear-family environmental variance,5,2.081801993912979,2.1210326075371158,1.8331566228175076,2.307048597003999,2.25,2.081801993912979,After the historical event,Event not experienced
2.4800000000000004,1,0,0,Nonshared environmental variance,5,9.176976246561102,9.185088908056674,8.900445137935876,9.424595908545019,9.000000000000002,9.176976246561102,After the historical event,Event not experienced
2.4800000000000004,1,0,0,Phenotypic variance,5,13.3741085972426,13.495818069614902,13.10524100416327,13.614092722616997,13.169787227944427,13.3741085972426,After the historical event,Event not experienced
2.4800000000000004,1,1,1,Additive genetic variance,5,2.987024520752046,3.08428332826945,2.304183170570087,3.7024860105303254,2.863986000863764,2.987024520752046,After the historical event,Event experienced
2.4800000000000004,1,1,1,Nuclear-family environmental variance,5,2.252147058506478,2.2183345203078417,2.0457386619169404,2.5601702748616875,2.25,2.252147058506478,After the historical event,Event experienced
2.4800000000000004,1,1,1,Nonshared environmental variance,5,9.013499451408709,8.950923569744992,8.804681192718824,9.22753129043018,9.000000000000002,9.013499451408709,After the historical event,Event experienced
2.4800000000000004,1,1,1,Phenotypic variance,5,14.252671030667232,14.233207127683325,13.843560118036487,14.66978749905513,14.113986000863765,14.252671030667232,After the historical event,Event experienced
2.5,0,0,0,Additive genetic variance,5,2.0861929125755383,2.0145794717414356,1.7290396071661545,2.566605000509009,1.8894662109640588,2.0861929125755383,Before the historical event,Event not experienced
2.5,0,0,0,Nuclear-family environmental variance,5,2.082577021270632,2.123385840739158,1.8323817739167803,2.306220970705431,2.25,2.082577021270632,Before the historical event,Event not experienced
2.5,0,0,0,Nonshared environmental variance,5,9.173648097480818,9.177405398349798,8.89589742455373,9.423047118353795,9.000000000000002,9.173648097480818,Before the historical event,Event not experienced
2.5,0,0,0,Phenotypic variance,5,13.342418031326988,13.463848922319192,13.07155713627967,13.587419103036941,13.139466210964061,13.342418031326988,Before the historical event,Event not experienced
2.5,0,1,0,Additive genetic variance,5,2.0861929125755383,2.0145794717414356,1.7290396071661545,2.566605000509009,1.8894662109640588,2.0861929125755383,Before the historical event,Event experienced
2.5,0,1,0,Nuclear-family environmental variance,5,2.082577021270632,2.123385840739158,1.8323817739167803,2.306220970705431,2.25,2.082577021270632,Before the historical event,Event experienced
2.5,0,1,0,Nonshared environmental variance,5,9.173648097480818,9.177405398349798,8.89589742455373,9.423047118353795,9.000000000000002,9.173648097480818,Before the historical event,Event experienced
2.5,0,1,0,Phenotypic variance,5,13.342418031326988,13.463848922319192,13.07155713627967,13.587419103036941,13.139466210964061,13.342418031326988,Before the historical event,Event experienced
2.5,1,0,0,Additive genetic variance,5,2.0861929125755383,2.0145794717414356,1.7290396071661545,2.566605000509009,1.8894662109640588,2.0861929125755383,After the historical event,Event not experienced
2.5,1,0,0,Nuclear-family environmental variance,5,2.082577021270632,2.123385840739158,1.8323817739167803,2.306220970705431,2.25,2.082577021270632,After the historical event,Event not experienced
2.5,1,0,0,Nonshared environmental variance,5,9.173648097480818,9.177405398349798,8.89589742455373,9.423047118353795,9.000000000000002,9.173648097480818,After the historical event,Event not experienced
2.5,1,0,0,Phenotypic variance,5,13.342418031326988,13.463848922319192,13.07155713627967,13.587419103036941,13.139466210964061,13.342418031326988,After the historical event,Event not experienced
2.5,1,1,1,Additive genetic variance,5,2.9448599593028724,3.0410742101281416,2.269072872762451,3.6416780415730274,2.818752358874854,2.9448599593028724,After the historical event,Event experienced
2.5,1,1,1,Nuclear-family environmental variance,5,2.253216782657267,2.21759022563852,2.04429678226399,2.565706484312972,2.25,2.253216782657267,After the historical event,Event experienced
2.5,1,1,1,Nonshared environmental variance,5,9.010210522593379,8.943435944004829,8.803038521899737,9.226842412329548,9.000000000000002,9.010210522593379,After the historical event,Event experienced
2.5,1,1,1,Phenotypic variance,5,14.208287264553517,14.193342617070408,13.807225753170233,14.605581332306166,14.068752358874857,14.208287264553517,After the historical event,Event experienced
2.5200000000000005,0,0,0,Additive genetic variance,5,2.057148502050168,1.986052414210443,1.6996941947560962,2.537576939970014,1.8593265664557523,2.057148502050168,Before the historical event,Event not experienced
2.5200000000000005,0,0,0,Nuclear-family environmental variance,5,2.0833683971292096,2.125730759966001,1.8316371967320562,2.3054091835545862,2.25,2.0833683971292096,Before the historical event,Event not experienced
2.5200000000000005,0,0,0,Nonshared environmental variance,5,9.170276722234263,9.16965874167306,8.891315962960268,9.421437539138214,9.000000000000002,9.170276722234263,Before the historical event,Event not experienced
2.5200000000000005,0,0,0,Phenotypic variance,5,13.31079362141364,13.43201441479415,13.038023073494607,13.560782921102723,13.109326566455755,13.31079362141364,Before the historical event,Event not experienced
2.5200000000000005,0,1,0,Additive genetic variance,5,2.057148502050168,1.986052414210443,1.6996941947560962,2.537576939970014,1.8593265664557523,2.057148502050168,Before the historical event,Event experienced
2.5200000000000005,0,1,0,Nuclear-family environmental variance,5,2.0833683971292096,2.125730759966001,1.8316371967320562,2.3054091835545862,2.25,2.0833683971292096,Before the historical event,Event experienced
2.5200000000000005,0,1,0,Nonshared environmental variance,5,9.170276722234263,9.16965874167306,8.891315962960268,9.421437539138214,9.000000000000002,9.170276722234263,Before the historical event,Event experienced
2.5200000000000005,0,1,0,Phenotypic variance,5,13.31079362141364,13.43201441479415,13.038023073494607,13.560782921102723,13.109326566455755,13.31079362141364,Before the historical event,Event experienced
2.5200000000000005,1,0,0,Additive genetic variance,5,2.057148502050168,1.986052414210443,1.6996941947560962,2.537576939970014,1.8593265664557523,2.057148502050168,After the historical event,Event not experienced
2.5200000000000005,1,0,0,Nuclear-family environmental variance,5,2.0833683971292096,2.125730759966001,1.8316371967320562,2.3054091835545862,2.25,2.0833683971292096,After the historical event,Event not experienced
2.5200000000000005,1,0,0,Nonshared environmental variance,5,9.170276722234263,9.16965874167306,8.891315962960268,9.421437539138214,9.000000000000002,9.170276722234263,After the historical event,Event not experienced
2.5200000000000005,1,0,0,Phenotypic variance,5,13.31079362141364,13.43201441479415,13.038023073494607,13.560782921102723,13.109326566455755,13.31079362141364,After the historical event,Event not experienced
2.5200000000000005,1,1,1,Additive genetic variance,5,2.902846646178816,2.998011675159812,2.2341533516289633,3.581225778168934,2.773789292819234,2.902846646178816,After the historical event,Event experienced
2.5200000000000005,1,1,1,Nuclear-family environmental variance,5,2.2543060656545806,2.216844074601339,2.0428853219537495,2.5712958680209423,2.25,2.2543060656545806,After the historical event,Event experienced
2.5200000000000005,1,1,1,Nonshared environmental variance,5,9.006879653038851,8.935886781168342,8.801331656993804,9.226161025585528,9.000000000000002,9.006879653038851,After the historical event,Event experienced
2.5200000000000005,1,1,1,Phenotypic variance,5,14.164032364872247,14.15339417123618,13.771081134619864,14.54170446686429,14.023789292819236,14.164032364872247,After the historical event,Event experienced
2.54,0,0,0,Additive genetic variance,5,2.0282046507627025,1.9576297538512277,1.6705411323579902,2.508524900633785,1.8293749682710956,2.0282046507627025,Before the historical event,Event not experienced
2.54,0,0,0,Nuclear-family environmental variance,5,2.0841761523568554,2.1280673319204637,1.830922862788935,2.3046132189459883,2.25,2.0841761523568554,Before the historical event,Event not experienced
2.54,0,0,0,Nonshared environmental variance,5,9.166862183101546,9.161849108833206,8.886700805147782,9.419767205715322,9.000000000000002,9.166862183101546,Before the historical event,Event not experienced
2.54,0,0,0,Phenotypic variance,5,13.279242986221103,13.400322207512383,13.004645860218499,13.534191787722387,13.079374968271097,13.279242986221103,Before the historical event,Event not experienced
2.54,0,1,0,Additive genetic variance,5,2.0282046507627025,1.9576297538512277,1.6705411323579902,2.508524900633785,1.8293749682710956,2.0282046507627025,Before the historical event,Event experienced
2.54,0,1,0,Nuclear-family environmental variance,5,2.0841761523568554,2.1280673319204637,1.830922862788935,2.3046132189459883,2.25,2.0841761523568554,Before the historical event,Event experienced
2.54,0,1,0,Nonshared environmental variance,5,9.166862183101546,9.161849108833206,8.886700805147782,9.419767205715322,9.000000000000002,9.166862183101546,Before the historical event,Event experienced
2.54,0,1,0,Phenotypic variance,5,13.279242986221103,13.400322207512383,13.004645860218499,13.534191787722387,13.079374968271097,13.279242986221103,Before the historical event,Event experienced
2.54,1,0,0,Additive genetic variance,5,2.0282046507627025,1.9576297538512277,1.6705411323579902,2.508524900633785,1.8293749682710956,2.0282046507627025,After the historical event,Event not experienced
2.54,1,0,0,Nuclear-family environmental variance,5,2.0841761523568554,2.1280673319204637,1.830922862788935,2.3046132189459883,2.25,2.0841761523568554,After the historical event,Event not experienced
2.54,1,0,0,Nonshared environmental variance,5,9.166862183101546,9.161849108833206,8.886700805147782,9.419767205715322,9.000000000000002,9.166862183101546,After the historical event,Event not experienced
2.54,1,0,0,Phenotypic variance,5,13.279242986221103,13.400322207512383,13.004645860218499,13.534191787722387,13.079374968271097,13.279242986221103,After the historical event,Event not experienced
2.54,1,1,1,Additive genetic variance,5,2.860995488406227,2.955106731168238,2.199432369250541,3.521145132741342,2.7291067589135354,2.860995488406227,After the historical event,Event experienced
2.54,1,1,1,Nuclear-family environmental variance,5,2.2554149537390873,2.2160960692384197,2.04150421771775,2.576938737788716,2.25,2.2554149537390873,After the historical event,Event experienced
2.54,1,1,1,Nonshared environmental variance,5,9.003506903786379,8.928276247687714,8.799560635459438,9.2254871348884,9.000000000000002,9.003506903786379,After the historical event,Event experienced
2.54,1,1,1,Phenotypic variance,5,14.119917345931693,14.113372436010014,13.735134485998907,14.478172871991307,13.979106758913538,14.119917345931693,After the historical event,Event experienced
2.5600000000000005,0,0,0,Additive genetic variance,5,1.999368727606291,1.9293186314751645,1.6415877198931466,2.4794572739201834,1.7996178937547236,1.999368727606291,Before the historical event,Event not experienced
2.5600000000000005,0,0,0,Nuclear-family environmental variance,5,2.0850003188066895,2.1303955233974485,1.8302387451290307,2.303833060642761,2.25,2.0850003188066895,Before the historical event,Event not experienced
2.5600000000000005,0,0,0,Nonshared environmental variance,5,9.163404543277593,9.153976671925003,8.882052003526416,9.418036154262168,9.000000000000002,9.163404543277593,Before the historical event,Event not experienced
2.5600000000000005,0,0,0,Phenotypic variance,5,13.247773589690574,13.368779723978747,12.971432359735065,13.507653196510459,13.049617893754725,13.247773589690574,Before the historical event,Event not experienced
2.5600000000000005,0,1,0,Additive genetic variance,5,1.999368727606291,1.9293186314751645,1.6415877198931466,2.4794572739201834,1.7996178937547236,1.999368727606291,Before the historical event,Event experienced
2.5600000000000005,0,1,0,Nuclear-family environmental variance,5,2.0850003188066895,2.1303955233974485,1.8302387451290307,2.303833060642761,2.25,2.0850003188066895,Before the historical event,Event experienced
2.5600000000000005,0,1,0,Nonshared environmental variance,5,9.163404543277593,9.153976671925003,8.882052003526416,9.418036154262168,9.000000000000002,9.163404543277593,Before the historical event,Event experienced
2.5600000000000005,0,1,0,Phenotypic variance,5,13.247773589690574,13.368779723978747,12.971432359735065,13.507653196510459,13.049617893754725,13.247773589690574,Before the historical event,Event experienced
2.5600000000000005,1,0,0,Additive genetic variance,5,1.999368727606291,1.9293186314751645,1.6415877198931466,2.4794572739201834,1.7996178937547236,1.999368727606291,After the historical event,Event not experienced
2.5600000000000005,1,0,0,Nuclear-family environmental variance,5,2.0850003188066895,2.1303955233974485,1.8302387451290307,2.303833060642761,2.25,2.0850003188066895,After the historical event,Event not experienced
2.5600000000000005,1,0,0,Nonshared environmental variance,5,9.163404543277593,9.153976671925003,8.882052003526416,9.418036154262168,9.000000000000002,9.163404543277593,After the historical event,Event not experienced
2.5600000000000005,1,0,0,Phenotypic variance,5,13.247773589690574,13.368779723978747,12.971432359735065,13.507653196510459,13.049617893754725,13.247773589690574,After the historical event,Event not experienced
2.5600000000000005,1,1,1,Additive genetic variance,5,2.819317151524628,2.9123701574438945,2.1649174757405225,3.4614515432642547,2.6847144202204603,2.819317151524628,After the historical event,Event experienced
2.5600000000000005,1,1,1,Nuclear-family environmental variance,5,2.256543494360483,2.215346211596476,2.040153407676992,2.582635409084555,2.25,2.256543494360483,After the historical event,Event experienced
2.5600000000000005,1,1,1,Nonshared environmental variance,5,9.000092336761671,8.920604511270318,8.797725496158014,9.224820745000637,9.000000000000002,9.000092336761671,After the historical event,Event experienced
2.5600000000000005,1,1,1,Phenotypic variance,5,14.075952982646783,14.073287957349695,13.699393823752633,14.415002031561798,13.934714420220462,14.075952982646783,After the historical event,Event experienced
2.58,0,0,0,Additive genetic variance,5,1.970647942599993,1.9011260343412804,1.6128410221032823,2.4503823609568594,1.7700616227981283,1.970647942599993,Before the historical event,Event not experienced
2.58,0,0,0,Nuclear-family environmental variance,5,2.085840929321185,2.132715301284725,1.8295848183084824,2.303068692776007,2.25,2.085840929321185,Before the historical event,Event not experienced
2.58,0,0,0,Nonshared environmental variance,5,9.159903866870044,9.14604160432497,8.877369610923168,9.41624442231448,9.000000000000002,9.159903866870044,Before the historical event,Event not experienced
2.58,0,0,0,Phenotypic variance,5,13.216392738791221,13.337394149388132,12.938038571455385,13.48117452096915,13.02006162279813,13.216392738791221,Before the historical event,Event not experienced
2.58,0,1,0,Additive genetic variance,5,1.970647942599993,1.9011260343412804,1.6128410221032823,2.4503823609568594,1.7700616227981283,1.970647942599993,Before the historical event,Event experienced
2.58,0,1,0,Nuclear-family environmental variance,5,2.085840929321185,2.132715301284725,1.8295848183084824,2.303068692776007,2.25,2.085840929321185,Before the historical event,Event experienced
2.58,0,1,0,Nonshared environmental variance,5,9.159903866870044,9.14604160432497,8.877369610923168,9.41624442231448,9.000000000000002,9.159903866870044,Before the historical event,Event experienced
2.58,0,1,0,Phenotypic variance,5,13.216392738791221,13.337394149388132,12.938038571455385,13.48117452096915,13.02006162279813,13.216392738791221,Before the historical event,Event experienced
2.58,1,0,0,Additive genetic variance,5,1.970647942599993,1.9011260343412804,1.6128410221032823,2.4503823609568594,1.7700616227981283,1.970647942599993,After the historical event,Event not experienced
2.58,1,0,0,Nuclear-family environmental variance,5,2.085840929321185,2.132715301284725,1.8295848183084824,2.303068692776007,2.25,2.085840929321185,After the historical event,Event not experienced
2.58,1,0,0,Nonshared environmental variance,5,9.159903866870044,9.14604160432497,8.877369610923168,9.41624442231448,9.000000000000002,9.159903866870044,After the historical event,Event not experienced
2.58,1,0,0,Phenotypic variance,5,13.216392738791221,13.337394149388132,12.938038571455385,13.48117452096915,13.02006162279813,13.216392738791221,After the historical event,Event not experienced
2.58,1,1,1,Additive genetic variance,5,2.7778220565573686,2.869812501484918,2.1306160079267795,3.4021599701858145,2.640621645237234,2.7778220565573686,After the historical event,Event experienced
2.58,1,1,1,Nuclear-family environmental variance,5,2.2576917361834674,2.2145945037268118,2.038832831337264,2.588386201073296,2.25,2.2576917361834674,After the historical event,Event experienced
2.58,1,1,1,Nonshared environmental variance,5,8.996636014772841,8.912871740872598,8.795826279352456,9.224161860756784,9.000000000000002,8.996636014772841,After the historical event,Event experienced
2.58,1,1,1,Phenotypic variance,5,14.032149807513678,14.033151176607014,13.663866955866107,14.352206941129491,13.890621645237236,14.032149807513678,After the historical event,Event experienced
2.6000000000000005,0,0,0,Additive genetic variance,5,1.942049344848728,1.8730587941318697,1.5843078674857307,2.42130836899004,1.7407122370654262,1.942049344848728,Before the historical event,Event not experienced
2.6000000000000005,0,0,0,Nuclear-family environmental variance,5,2.086698017736633,2.1350266325637115,1.8289610583965883,2.3023200998441946,2.25,2.086698017736633,Before the historical event,Event not experienced
2.6000000000000005,0,0,0,Nonshared environmental variance,5,9.156360218897063,9.138044080684969,8.872653680580784,9.414392048765302,9.000000000000002,9.156360218897063,Before the historical event,Event not experienced
2.6000000000000005,0,0,0,Phenotypic variance,5,13.185107581482423,13.306172429528687,12.904374522440568,13.454763011793,12.990712237065427,13.185107581482423,Before the historical event,Event not experienced
2.6000000000000005,0,1,0,Additive genetic variance,5,1.942049344848728,1.8730587941318697,1.5843078674857307,2.42130836899004,1.7407122370654262,1.942049344848728,Before the historical event,Event experienced
2.6000000000000005,0,1,0,Nuclear-family environmental variance,5,2.086698017736633,2.1350266325637115,1.8289610583965883,2.3023200998441946,2.25,2.086698017736633,Before the historical event,Event experienced
2.6000000000000005,0,1,0,Nonshared environmental variance,5,9.156360218897063,9.138044080684969,8.872653680580784,9.414392048765302,9.000000000000002,9.156360218897063,Before the historical event,Event experienced
2.6000000000000005,0,1,0,Phenotypic variance,5,13.185107581482423,13.306172429528687,12.904374522440568,13.454763011793,12.990712237065427,13.185107581482423,Before the historical event,Event experienced
2.6000000000000005,1,0,0,Additive genetic variance,5,1.942049344848728,1.8730587941318697,1.5843078674857307,2.42130836899004,1.7407122370654262,1.942049344848728,After the historical event,Event not experienced
2.6000000000000005,1,0,0,Nuclear-family environmental variance,5,2.086698017736633,2.1350266325637115,1.8289610583965883,2.3023200998441946,2.25,2.086698017736633,After the historical event,Event not experienced
2.6000000000000005,1,0,0,Nonshared environmental variance,5,9.156360218897063,9.138044080684969,8.872653680580784,9.414392048765302,9.000000000000002,9.156360218897063,After the historical event,Event not experienced
2.6000000000000005,1,0,0,Phenotypic variance,5,13.185107581482423,13.306172429528687,12.904374522440568,13.454763011793,12.990712237065427,13.185107581482423,After the historical event,Event not experienced
2.6000000000000005,1,1,1,Additive genetic variance,5,2.736520377225394,2.827444075941235,2.0965350882181855,3.343284893841535,2.596837506740589,2.736520377225394,After the historical event,Event experienced
2.6000000000000005,1,1,1,Nuclear-family environmental variance,5,2.2588597290938375,2.2138409476853056,2.037542429584565,2.594191436648193,2.25,2.2588597290938375,After the historical event,Event experienced
2.6000000000000005,1,1,1,Nonshared environmental variance,5,8.993138001508282,8.905186013552587,8.793852236019887,9.223510487063361,9.000000000000002,8.993138001508282,After the historical event,Event experienced
2.6000000000000005,1,1,1,Phenotypic variance,5,13.988518107827513,13.992972425921943,13.628561480756865,14.289802105492859,13.846837506740592,13.988518107827513,After the historical event,Event experienced
2.62,0,0,0,Additive genetic variance,5,1.913579820659617,1.8451235850757015,1.5559948474628444,2.392243407902873,1.7115756193890546,1.913579820659617,Before the historical event,Event not experienced
2.62,0,0,0,Nuclear-family environmental variance,5,2.087571618887707,2.1373294843102593,1.828367442974572,2.301587266712564,2.25,2.087571618887707,Before the historical event,Event not experienced
2.62,0,0,0,Nonshared environmental variance,5,9.152773665285178,9.129984276925823,8.867904266156756,9.412479073863565,9.000000000000002,9.152773665285178,Before the historical event,Event not experienced
2.62,0,0,0,Phenotypic variance,5,13.153925104832503,13.275121269927393,12.870819977148674,13.428425794297693,12.961575619389055,13.153925104832503,Before the historical event,Event not experienced
2.62,0,1,0,Additive genetic variance,5,1.913579820659617,1.8451235850757015,1.5559948474628444,2.392243407902873,1.7115756193890546,1.913579820659617,Before the historical event,Event experienced
2.62,0,1,0,Nuclear-family environmental variance,5,2.087571618887707,2.1373294843102593,1.828367442974572,2.301587266712564,2.25,2.087571618887707,Before the historical event,Event experienced
2.62,0,1,0,Nonshared environmental variance,5,9.152773665285178,9.129984276925823,8.867904266156756,9.412479073863565,9.000000000000002,9.152773665285178,Before the historical event,Event experienced
2.62,0,1,0,Phenotypic variance,5,13.153925104832503,13.275121269927393,12.870819977148674,13.428425794297693,12.961575619389055,13.153925104832503,Before the historical event,Event experienced
2.62,1,0,0,Additive genetic variance,5,1.913579820659617,1.8451235850757015,1.5559948474628444,2.392243407902873,1.7115756193890546,1.913579820659617,After the historical event,Event not experienced
2.62,1,0,0,Nuclear-family environmental variance,5,2.087571618887707,2.1373294843102593,1.828367442974572,2.301587266712564,2.25,2.087571618887707,After the historical event,Event not experienced
2.62,1,0,0,Nonshared environmental variance,5,9.152773665285178,9.129984276925823,8.867904266156756,9.412479073863565,9.000000000000002,9.152773665285178,After the historical event,Event not experienced
2.62,1,0,0,Phenotypic variance,5,13.153925104832503,13.275121269927393,12.870819977148674,13.428425794297693,12.961575619389055,13.153925104832503,After the historical event,Event not experienced
2.62,1,1,1,Additive genetic variance,5,2.6954220374029543,2.785274955781474,2.0626816236536007,3.2848403123516765,2.5533707808852464,2.6954220374029543,After the historical event,Event experienced
2.62,1,1,1,Nuclear-family environmental variance,5,2.260047524204695,2.213085545532405,2.03628214468063,2.600051442463155,2.25,2.260047524204695,After the historical event,Event experienced
2.62,1,1,1,Nonshared environmental variance,5,8.989598361534538,8.902598356511495,8.791298323645329,9.222866628898771,9.000000000000002,8.989598361534538,After the historical event,Event experienced
2.62,1,1,1,Phenotypic variance,5,13.945067923142188,13.952761923748039,13.593484786350562,14.227801536753953,13.803370780885249,13.945067923142188,After the historical event,Event experienced
2.6399999999999997,0,0,0,Additive genetic variance,5,1.885246091813957,1.8173269222183193,1.527908315782347,2.363195486842929,1.6826574533331564,1.885246091813957,Before the historical event,Event not experienced
2.6399999999999997,0,0,0,Nuclear-family environmental variance,5,2.0884617686121096,2.1396238236954277,1.8278039511344744,2.300870178612545,2.25,2.0884617686121096,Before the historical event,Event not experienced
2.6399999999999997,0,0,0,Nonshared environmental variance,5,9.149144272867048,9.121862370230874,8.863121421722212,9.410505539212595,9.000000000000002,9.149144272867048,Before the historical event,Event not experienced
2.6399999999999997,0,0,0,Phenotypic variance,5,13.122852133293115,13.244247135234632,12.837381457341355,13.402169865973544,12.932657453333158,13.122852133293115,Before the historical event,Event not experienced
2.6399999999999997,0,1,0,Additive genetic variance,5,1.885246091813957,1.8173269222183193,1.527908315782347,2.363195486842929,1.6826574533331564,1.885246091813957,Before the historical event,Event experienced
2.6399999999999997,0,1,0,Nuclear-family environmental variance,5,2.0884617686121096,2.1396238236954277,1.8278039511344744,2.300870178612545,2.25,2.0884617686121096,Before the historical event,Event experienced
2.6399999999999997,0,1,0,Nonshared environmental variance,5,9.149144272867048,9.121862370230874,8.863121421722212,9.410505539212595,9.000000000000002,9.149144272867048,Before the historical event,Event experienced
2.6399999999999997,0,1,0,Phenotypic variance,5,13.122852133293115,13.244247135234632,12.837381457341355,13.402169865973544,12.932657453333158,13.122852133293115,Before the historical event,Event experienced
2.6399999999999997,1,0,0,Additive genetic variance,5,1.885246091813957,1.8173269222183193,1.527908315782347,2.363195486842929,1.6826574533331564,1.885246091813957,After the historical event,Event not experienced
2.6399999999999997,1,0,0,Nuclear-family environmental variance,5,2.0884617686121096,2.1396238236954277,1.8278039511344744,2.300870178612545,2.25,2.0884617686121096,After the historical event,Event not experienced
2.6399999999999997,1,0,0,Nonshared environmental variance,5,9.149144272867048,9.121862370230874,8.863121421722212,9.410505539212595,9.000000000000002,9.149144272867048,After the historical event,Event not experienced
2.6399999999999997,1,0,0,Phenotypic variance,5,13.122852133293115,13.244247135234632,12.837381457341355,13.402169865973544,12.932657453333158,13.122852133293115,After the historical event,Event not experienced
2.6399999999999997,1,1,1,Additive genetic variance,5,2.654536708813697,2.7433149756819346,2.0290623051312937,3.226839739996404,2.510229946552566,2.654536708813697,After the historical event,Event experienced
2.6399999999999997,1,1,1,Nuclear-family environmental variance,5,2.261255173862776,2.2123282993331177,2.0350519202585695,2.6059665489654074,2.25,2.261255173862776,After the historical event,Event experienced
2.6399999999999997,1,1,1,Nonshared environmental variance,5,8.986017160294157,8.899946384585823,8.788680842470272,9.222230291313176,9.000000000000002,8.986017160294157,After the historical event,Event experienced
2.6399999999999997,1,1,1,Phenotypic variance,5,13.90180904297063,13.912529770511119,13.558644049337367,14.166218752863932,13.760229946552567,13.90180904297063,After the historical event,Event experienced
2.66,0,0,0,Additive genetic variance,5,1.8570547139939988,1.7896751598388825,1.500054388145223,2.334172510960416,1.653963222922298,1.8570547139939988,Before the historical event,Event not experienced
2.66,0,0,0,Nuclear-family environmental variance,5,2.0893685037553253,2.1419096179862662,1.8272705634781752,2.3001688211411855,2.25,2.0893685037553253,Before the historical event,Event not experienced
2.66,0,0,0,Nonshared environmental variance,5,9.145472109379224,9.113678539039487,8.85830520176088,9.408471487768614,9.000000000000002,9.145472109379224,Before the historical event,Event not experienced
2.66,0,0,0,Phenotypic variance,5,13.09189532712855,13.21355624884423,12.80406532160974,13.376002094164267,12.9039632229223,13.09189532712855,Before the historical event,Event not experienced
2.66,0,1,0,Additive genetic variance,5,1.8570547139939988,1.7896751598388825,1.500054388145223,2.334172510960416,1.653963222922298,1.8570547139939988,Before the historical event,Event experienced
2.66,0,1,0,Nuclear-family environmental variance,5,2.0893685037553253,2.1419096179862662,1.8272705634781752,2.3001688211411855,2.25,2.0893685037553253,Before the historical event,Event experienced
2.66,0,1,0,Nonshared environmental variance,5,9.145472109379224,9.113678539039487,8.85830520176088,9.408471487768614,9.000000000000002,9.145472109379224,Before the historical event,Event experienced
2.66,0,1,0,Phenotypic variance,5,13.09189532712855,13.21355624884423,12.80406532160974,13.376002094164267,12.9039632229223,13.09189532712855,Before the historical event,Event experienced
2.66,1,0,0,Additive genetic variance,5,1.8570547139939988,1.7896751598388825,1.500054388145223,2.334172510960416,1.653963222922298,1.8570547139939988,After the historical event,Event not experienced
2.66,1,0,0,Nuclear-family environmental variance,5,2.0893685037553253,2.1419096179862662,1.8272705634781752,2.3001688211411855,2.25,2.0893685037553253,After the historical event,Event not experienced
2.66,1,0,0,Nonshared environmental variance,5,9.145472109379224,9.113678539039487,8.85830520176088,9.408471487768614,9.000000000000002,9.145472109379224,After the historical event,Event not experienced
2.66,1,0,0,Phenotypic variance,5,13.09189532712855,13.21355624884423,12.80406532160974,13.376002094164267,12.9039632229223,13.09189532712855,After the historical event,Event not experienced
2.66,1,1,1,Additive genetic variance,5,2.613873808965449,2.7015737276367497,1.995683606816625,3.169296206062045,2.4674231849458383,2.613873808965449,After the historical event,Event experienced
2.66,1,1,1,Nuclear-family environmental variance,5,2.262482731654894,2.211569211156998,2.033851701318607,2.6119370904285675,2.25,2.262482731654894,After the historical event,Event experienced
2.66,1,1,1,Nonshared environmental variance,5,8.982394464103484,8.897230155704818,8.785999849944702,9.221601479428413,9.000000000000002,8.982394464103484,After the historical event,Event experienced
2.66,1,1,1,Phenotypic variance,5,13.858751004723826,13.872285944403298,13.524046234607063,14.1050667766482,13.71742318494584,13.858751004723826,After the historical event,Event experienced
2.6799999999999997,0,0,0,Additive genetic variance,5,1.829012075363488,1.762174490012786,1.4724389420574613,2.305182278258502,1.6254982125330217,1.829012075363488,Before the historical event,Event not experienced
2.6799999999999997,0,0,0,Nuclear-family environmental variance,5,2.090291862175458,2.144186834546588,1.8267672621165432,2.2994831802606015,2.25,2.090291862175458,Before the historical event,Event not experienced
2.6799999999999997,0,0,0,Nonshared environmental variance,5,9.141757243459855,9.105432963040522,8.85345566116795,9.406376963839143,9.000000000000002,9.141757243459855,Before the historical event,Event not experienced
2.6799999999999997,0,0,0,Phenotypic variance,5,13.061061180998802,13.18305459274504,12.770877764065162,13.349929213871153,12.875498212533024,13.061061180998802,Before the historical event,Event not experienced
2.6799999999999997,0,1,0,Additive genetic variance,5,1.829012075363488,1.762174490012786,1.4724389420574613,2.305182278258502,1.6254982125330217,1.829012075363488,Before the historical event,Event experienced
2.6799999999999997,0,1,0,Nuclear-family environmental variance,5,2.090291862175458,2.144186834546588,1.8267672621165432,2.2994831802606015,2.25,2.090291862175458,Before the historical event,Event experienced
2.6799999999999997,0,1,0,Nonshared environmental variance,5,9.141757243459855,9.105432963040522,8.85345566116795,9.406376963839143,9.000000000000002,9.141757243459855,Before the historical event,Event experienced
2.6799999999999997,0,1,0,Phenotypic variance,5,13.061061180998802,13.18305459274504,12.770877764065162,13.349929213871153,12.875498212533024,13.061061180998802,Before the historical event,Event experienced
2.6799999999999997,1,0,0,Additive genetic variance,5,1.829012075363488,1.762174490012786,1.4724389420574613,2.305182278258502,1.6254982125330217,1.829012075363488,After the historical event,Event not experienced
2.6799999999999997,1,0,0,Nuclear-family environmental variance,5,2.090291862175458,2.144186834546588,1.8267672621165432,2.2994831802606015,2.25,2.090291862175458,After the historical event,Event not experienced
2.6799999999999997,1,0,0,Nonshared environmental variance,5,9.141757243459855,9.105432963040522,8.85345566116795,9.406376963839143,9.000000000000002,9.141757243459855,After the historical event,Event not experienced
2.6799999999999997,1,0,0,Phenotypic variance,5,13.061061180998802,13.18305459274504,12.770877764065162,13.349929213871153,12.875498212533024,13.061061180998802,After the historical event,Event not experienced
2.6799999999999997,1,1,1,Additive genetic variance,5,2.573442499321688,2.660060558788117,1.962551785725632,3.1122222541511437,2.424958379428501,2.573442499321688,After the historical event,Event experienced
2.6799999999999997,1,1,1,Nuclear-family environmental variance,5,2.2637302524145064,2.2108082830781424,2.032681434223928,2.6179634049861336,2.25,2.2637302524145064,After the historical event,Event experienced
2.6799999999999997,1,1,1,Nonshared environmental variance,5,8.978730340150442,8.894449729189361,8.783255404894868,9.220980198437884,9.000000000000002,8.978730340150442,After the historical event,Event experienced
2.6799999999999997,1,1,1,Phenotypic variance,5,13.815903091886636,13.832040297314332,13.489698094860374,14.044358135303604,13.674958379428503,13.815903091886636,After the historical event,Event experienced
2.7,0,0,0,Additive genetic variance,5,1.8011243953007778,1.7348309413191625,1.44506761690173,2.2762324765570034,1.5972675069455593,1.8011243953007778,Before the historical event,Event not experienced
2.7,0,0,0,Nuclear-family environmental variance,5,2.0912318827481675,2.146455440837746,1.82629403066871,2.298813242297433,2.25,2.0912318827481675,Before the historical event,Event not experienced
2.7,0,0,0,Nonshared environmental variance,5,9.137999744646397,9.097125823165754,8.848572855249031,9.404222013081405,9.000000000000002,9.137999744646397,Before the historical event,Event not experienced
2.7,0,0,0,Phenotypic variance,5,13.030356022695342,13.1527479076001,12.737824813175596,13.323957825683006,12.847267506945562,13.030356022695342,Before the historical event,Event not experienced
2.7,0,1,0,Additive genetic variance,5,1.8011243953007778,1.7348309413191625,1.44506761690173,2.2762324765570034,1.5972675069455593,1.8011243953007778,Before the historical event,Event experienced
2.7,0,1,0,Nuclear-family environmental variance,5,2.0912318827481675,2.146455440837746,1.82629403066871,2.298813242297433,2.25,2.0912318827481675,Before the historical event,Event experienced
2.7,0,1,0,Nonshared environmental variance,5,9.137999744646397,9.097125823165754,8.848572855249031,9.404222013081405,9.000000000000002,9.137999744646397,Before the historical event,Event experienced
2.7,0,1,0,Phenotypic variance,5,13.030356022695342,13.1527479076001,12.737824813175596,13.323957825683006,12.847267506945562,13.030356022695342,Before the historical event,Event experienced
2.7,1,0,0,Additive genetic variance,5,1.8011243953007778,1.7348309413191625,1.44506761690173,2.2762324765570034,1.5972675069455593,1.8011243953007778,After the historical event,Event not experienced
2.7,1,0,0,Nuclear-family environmental variance,5,2.0912318827481675,2.146455440837746,1.82629403066871,2.298813242297433,2.25,2.0912318827481675,After the historical event,Event not experienced
2.7,1,0,0,Nonshared environmental variance,5,9.137999744646397,9.097125823165754,8.848572855249031,9.404222013081405,9.000000000000002,9.137999744646397,After the historical event,Event not experienced
2.7,1,0,0,Phenotypic variance,5,13.030356022695342,13.1527479076001,12.737824813175596,13.323957825683006,12.847267506945562,13.030356022695342,After the historical event,Event not experienced
2.7,1,1,1,Additive genetic variance,5,2.5332516837074612,2.61878456947523,1.929672881481976,3.05562994194858,2.3828431156012844,2.5332516837074612,After the historical event,Event experienced
2.7,1,1,1,Nuclear-family environmental variance,5,2.264997792228397,2.210045517175176,2.0315410666966267,2.6240458346654147,2.25,2.264997792228397,After the historical event,Event experienced
2.7,1,1,1,Nonshared environmental variance,5,8.975024856492292,8.891605165749832,8.780447567521152,9.220366453606452,9.000000000000002,8.975024856492292,After the historical event,Event experienced
2.7,1,1,1,Phenotypic variance,5,13.77327433242815,13.791802550902016,13.455606170394073,13.984104860359627,13.632843115601286,13.77327433242815,After the historical event,Event experienced
2.7199999999999998,0,0,0,Additive genetic variance,5,1.7733977232832223,1.7076503776922671,1.417945814224935,2.2473306805706126,1.5692759915529557,1.7733977232832223,Before the historical event,Event not experienced
2.7199999999999998,0,0,0,Nuclear-family environmental variance,5,2.092188605371701,2.1487154044194052,1.8258508542614806,2.2981589939423195,2.25,2.092188605371701,Before the historical event,Event not experienced
2.7199999999999998,0,0,0,Nonshared environmental variance,5,9.134199683373255,9.088757301583273,8.843656839719024,9.402006682500629,9.000000000000002,9.134199683373255,Before the historical event,Event not experienced
2.7199999999999998,0,0,0,Phenotypic variance,5,12.99978601202818,13.122641693049003,12.704912330746383,13.298094393831786,12.819275991552956,12.99978601202818,Before the historical event,Event not experienced
2.7199999999999998,0,1,0,Additive genetic variance,5,1.7733977232832223,1.7076503776922671,1.417945814224935,2.2473306805706126,1.5692759915529557,1.7733977232832223,Before the historical event,Event experienced
2.7199999999999998,0,1,0,Nuclear-family environmental variance,5,2.092188605371701,2.1487154044194052,1.8258508542614806,2.2981589939423195,2.25,2.092188605371701,Before the historical event,Event experienced
2.7199999999999998,0,1,0,Nonshared environmental variance,5,9.134199683373255,9.088757301583273,8.843656839719024,9.402006682500629,9.000000000000002,9.134199683373255,Before the historical event,Event experienced
2.7199999999999998,0,1,0,Phenotypic variance,5,12.99978601202818,13.122641693049003,12.704912330746383,13.298094393831786,12.819275991552956,12.99978601202818,Before the historical event,Event experienced
2.7199999999999998,1,0,0,Additive genetic variance,5,1.7733977232832223,1.7076503776922671,1.417945814224935,2.2473306805706126,1.5692759915529557,1.7733977232832223,After the historical event,Event not experienced
2.7199999999999998,1,0,0,Nuclear-family environmental variance,5,2.092188605371701,2.1487154044194052,1.8258508542614806,2.2981589939423195,2.25,2.092188605371701,After the historical event,Event not experienced
2.7199999999999998,1,0,0,Nonshared environmental variance,5,9.134199683373255,9.088757301583273,8.843656839719024,9.402006682500629,9.000000000000002,9.134199683373255,After the historical event,Event not experienced
2.7199999999999998,1,0,0,Phenotypic variance,5,12.99978601202818,13.122641693049003,12.704912330746383,13.298094393831786,12.819275991552956,12.99978601202818,After the historical event,Event not experienced
2.7199999999999998,1,1,1,Additive genetic variance,5,2.493310006947357,2.577754611500404,1.8970527162446518,2.999530841435668,2.3410846816141926,2.493310006947357,After the historical event,Event experienced
2.7199999999999998,1,1,1,Nuclear-family environmental variance,5,2.266285408443482,2.209280915531246,2.0304305478137636,2.630184725421874,2.25,2.266285408443482,After the historical event,Event experienced
2.7199999999999998,1,1,1,Nonshared environmental variance,5,8.971278082053342,8.888696527483871,8.777576399395853,9.219760250270344,9.000000000000002,8.971278082053342,After the historical event,Event experienced
2.7199999999999998,1,1,1,Phenotypic variance,5,13.73087349744418,13.751582292803167,13.421776789057256,13.924318488095224,13.591084681614195,13.73087349744418,After the historical event,Event experienced
2.74,0,0,0,Additive genetic variance,5,1.7458379379213382,1.6806384974155477,1.3910786982372916,2.2184843491026522,1.5415283527246721,1.7458379379213382,Before the historical event,Event not experienced
2.74,0,0,0,Nuclear-family environmental variance,5,2.0931620709720216,2.1509666929503144,1.825437719528861,2.2975204222493866,2.25,2.0931620709720216,Before the historical event,Event not experienced
2.74,0,0,0,Nonshared environmental variance,5,9.130357130969427,9.080327581690815,8.838707670700984,9.399731020448353,9.000000000000002,9.130357130969427,Before the historical event,Event not experienced
2.74,0,0,0,Phenotypic variance,5,12.969357139862787,13.092741208229082,12.672146011044076,13.272345244373934,12.791528352724674,12.969357139862787,Before the historical event,Event not experienced
2.74,0,1,0,Additive genetic variance,5,1.7458379379213382,1.6806384974155477,1.3910786982372916,2.2184843491026522,1.5415283527246721,1.7458379379213382,Before the historical event,Event experienced
2.74,0,1,0,Nuclear-family environmental variance,5,2.0931620709720216,2.1509666929503144,1.825437719528861,2.2975204222493866,2.25,2.0931620709720216,Before the historical event,Event experienced
2.74,0,1,0,Nonshared environmental variance,5,9.130357130969427,9.080327581690815,8.838707670700984,9.399731020448353,9.000000000000002,9.130357130969427,Before the historical event,Event experienced
2.74,0,1,0,Phenotypic variance,5,12.969357139862787,13.092741208229082,12.672146011044076,13.272345244373934,12.791528352724674,12.969357139862787,Before the historical event,Event experienced
2.74,1,0,0,Additive genetic variance,5,1.7458379379213382,1.6806384974155477,1.3910786982372916,2.2184843491026522,1.5415283527246721,1.7458379379213382,After the historical event,Event not experienced
2.74,1,0,0,Nuclear-family environmental variance,5,2.0931620709720216,2.1509666929503144,1.825437719528861,2.2975204222493866,2.25,2.0931620709720216,After the historical event,Event not experienced
2.74,1,0,0,Nonshared environmental variance,5,9.130357130969427,9.080327581690815,8.838707670700984,9.399731020448353,9.000000000000002,9.130357130969427,After the historical event,Event not experienced
2.74,1,0,0,Phenotypic variance,5,12.969357139862787,13.092741208229082,12.672146011044076,13.272345244373934,12.791528352724674,12.969357139862787,After the historical event,Event not experienced
2.74,1,1,1,Additive genetic variance,5,2.453625853732806,2.536979286610593,1.8646968948036071,2.9439360395435634,2.2996900687089297,2.453625853732806,After the historical event,Event experienced
2.74,1,1,1,Nuclear-family environmental variance,5,2.2675931596737406,2.2085144802340113,2.0293498280035207,2.6363804271739237,2.25,2.2675931596737406,After the historical event,Event experienced
2.74,1,1,1,Nonshared environmental variance,5,8.967490086622641,8.88572387787413,8.774641963460951,9.21916159383703,9.000000000000002,8.967490086622641,After the historical event,Event experienced
2.74,1,1,1,Phenotypic variance,5,13.688709100029188,13.711388972986704,13.388216066375886,13.86501006040223,13.549690068708932,13.688709100029188,After the historical event,Event experienced
2.76,0,0,0,Additive genetic variance,5,1.7184507461411704,1.653800832257138,1.3644711965184697,2.1897008223552814,1.514029078321655,1.7184507461411704,Before the historical event,Event not experienced
2.76,0,0,0,Nuclear-family environmental variance,5,2.094152321508033,2.153209274189075,1.8250546146117244,2.296897514635748,2.25,2.094152321508033,Before the historical event,Event not experienced
2.76,0,0,0,Nonshared environmental variance,5,9.126472159656096,9.071836848109083,8.833725404725037,9.39739507662064,9.000000000000002,9.126472159656096,Before the historical event,Event not experienced
2.76,0,0,0,Phenotypic variance,5,12.939075227305299,13.06305147251062,12.639531380061948,13.246716563497214,12.764029078321656,12.939075227305299,Before the historical event,Event not experienced
2.76,0,1,0,Additive genetic variance,5,1.7184507461411704,1.653800832257138,1.3644711965184697,2.1897008223552814,1.514029078321655,1.7184507461411704,Before the historical event,Event experienced
2.76,0,1,0,Nuclear-family environmental variance,5,2.094152321508033,2.153209274189075,1.8250546146117244,2.296897514635748,2.25,2.094152321508033,Before the historical event,Event experienced
2.76,0,1,0,Nonshared environmental variance,5,9.126472159656096,9.071836848109083,8.833725404725037,9.39739507662064,9.000000000000002,9.126472159656096,Before the historical event,Event experienced
2.76,0,1,0,Phenotypic variance,5,12.939075227305299,13.06305147251062,12.639531380061948,13.246716563497214,12.764029078321656,12.939075227305299,Before the historical event,Event experienced
2.76,1,0,0,Additive genetic variance,5,1.7184507461411704,1.653800832257138,1.3644711965184697,2.1897008223552814,1.514029078321655,1.7184507461411704,After the historical event,Event not experienced
2.76,1,0,0,Nuclear-family environmental variance,5,2.094152321508033,2.153209274189075,1.8250546146117244,2.296897514635748,2.25,2.094152321508033,After the historical event,Event not experienced
2.76,1,0,0,Nonshared environmental variance,5,9.126472159656096,9.071836848109083,8.833725404725037,9.39739507662064,9.000000000000002,9.126472159656096,After the historical event,Event not experienced
2.76,1,0,0,Phenotypic variance,5,12.939075227305299,13.06305147251062,12.639531380061948,13.246716563497214,12.764029078321656,12.939075227305299,After the historical event,Event not experienced
2.76,1,1,1,Additive genetic variance,5,2.4142073477158847,2.496466945192389,1.8326108048403997,2.8888561392370744,2.2586659719872944,2.4142073477158847,After the historical event,Event experienced
2.76,1,1,1,Nuclear-family environmental variance,5,2.2689211058072614,2.207746213375631,2.0282988590414672,2.6426332938381485,2.25,2.2689211058072614,After the historical event,Event experienced
2.76,1,1,1,Nonshared environmental variance,5,8.963660940851657,8.882687281785977,8.771644324025795,9.218570489785153,9.000000000000002,8.963660940851657,After the historical event,Event experienced
2.76,1,1,1,Phenotypic variance,5,13.646789394374803,13.671231900250092,13.35492990584284,13.806190126086175,13.508665971987297,13.646789394374803,After the historical event,Event experienced
2.7800000000000002,0,0,0,Additive genetic variance,5,1.691241682513077,1.6271427467453086,1.3381280009260912,2.1609873193569022,1.4867824583597147,1.691241682513077,Before the historical event,Event not experienced
2.7800000000000002,0,0,0,Nuclear-family environmental variance,5,2.095159399976903,2.155443115994909,1.8247015291575996,2.2962902588810192,2.25,2.095159399976903,Before the historical event,Event not experienced
2.7800000000000002,0,0,0,Nonshared environmental variance,5,9.122544842544206,9.063285286675006,8.828710098727221,9.39499890205627,9.000000000000002,9.122544842544206,Before the historical event,Event not experienced
2.7800000000000002,0,0,0,Phenotypic variance,5,12.908945925034185,13.033577266441284,12.607073794925546,13.221214395952657,12.736782458359716,12.908945925034185,Before the historical event,Event not experienced
2.7800000000000002,0,1,0,Additive genetic variance,5,1.691241682513077,1.6271427467453086,1.3381280009260912,2.1609873193569022,1.4867824583597147,1.691241682513077,Before the historical event,Event experienced
2.7800000000000002,0,1,0,Nuclear-family environmental variance,5,2.095159399976903,2.155443115994909,1.8247015291575996,2.2962902588810192,2.25,2.095159399976903,Before the historical event,Event experienced
2.7800000000000002,0,1,0,Nonshared environmental variance,5,9.122544842544206,9.063285286675006,8.828710098727221,9.39499890205627,9.000000000000002,9.122544842544206,Before the historical event,Event experienced
2.7800000000000002,0,1,0,Phenotypic variance,5,12.908945925034185,13.033577266441284,12.607073794925546,13.221214395952657,12.736782458359716,12.908945925034185,Before the historical event,Event experienced
2.7800000000000002,1,0,0,Additive genetic variance,5,1.691241682513077,1.6271427467453086,1.3381280009260912,2.1609873193569022,1.4867824583597147,1.691241682513077,After the historical event,Event not experienced
2.7800000000000002,1,0,0,Nuclear-family environmental variance,5,2.095159399976903,2.155443115994909,1.8247015291575996,2.2962902588810192,2.25,2.095159399976903,After the historical event,Event not experienced
2.7800000000000002,1,0,0,Nonshared environmental variance,5,9.122544842544206,9.063285286675006,8.828710098727221,9.39499890205627,9.000000000000002,9.122544842544206,After the historical event,Event not experienced
2.7800000000000002,1,0,0,Phenotypic variance,5,12.908945925034185,13.033577266441284,12.607073794925546,13.221214395952657,12.736782458359716,12.908945925034185,After the historical event,Event not experienced
2.7800000000000002,1,1,1,Additive genetic variance,5,2.375062350826495,2.456225685178289,1.8007996173507952,2.834301261019439,2.218018791400826,2.375062350826495,After the historical event,Event experienced
2.7800000000000002,1,1,1,Nuclear-family environmental variance,5,2.2702693080134204,2.2069761170527586,2.02727759404692,2.648943683364981,2.25,2.2702693080134204,After the historical event,Event experienced
2.7800000000000002,1,1,1,Nonshared environmental variance,5,8.959790716251888,8.87958680546511,8.768583546764773,9.217986943664387,9.000000000000002,8.959790716251888,After the historical event,Event experienced
2.7800000000000002,1,1,1,Phenotypic variance,5,13.605122375091803,13.631120238860202,13.321923999370256,13.756030831876297,13.468018791400828,13.605122375091803,After the historical event,Event experienced
2.8,0,0,0,Additive genetic variance,5,1.6642161087250924,1.600669437582356,1.31205356870177,2.132350935507423,1.4597925858179748,1.6642161087250924,Before the historical event,Event not experienced
2.8,0,0,0,Nuclear-family environmental variance,5,2.096183350419484,2.1576681863284253,1.8243784543205894,2.2956986431268476,2.25,2.096183350419484,Before the historical event,Event not experienced
2.8,0,0,0,Nonshared environmental variance,5,9.118575253631992,9.054673084434958,8.823661810048351,9.392542549134875,9.000000000000002,9.118575253631992,Before the historical event,Event not experienced
2.8,0,0,0,Phenotypic variance,5,12.878974712776568,13.004323132894687,12.574778443436607,13.195844643611258,12.709792585817976,12.878974712776568,Before the historical event,Event not experienced
2.8,0,1,0,Additive genetic variance,5,1.6642161087250924,1.600669437582356,1.31205356870177,2.132350935507423,1.4597925858179748,1.6642161087250924,Before the historical event,Event experienced
2.8,0,1,0,Nuclear-family environmental variance,5,2.096183350419484,2.1576681863284253,1.8243784543205894,2.2956986431268476,2.25,2.096183350419484,Before the historical event,Event experienced
2.8,0,1,0,Nonshared environmental variance,5,9.118575253631992,9.054673084434958,8.823661810048351,9.392542549134875,9.000000000000002,9.118575253631992,Before the historical event,Event experienced
2.8,0,1,0,Phenotypic variance,5,12.878974712776568,13.004323132894687,12.574778443436607,13.195844643611258,12.709792585817976,12.878974712776568,Before the historical event,Event experienced
2.8,1,0,0,Additive genetic variance,5,1.6642161087250924,1.600669437582356,1.31205356870177,2.132350935507423,1.4597925858179748,1.6642161087250924,After the historical event,Event not experienced
2.8,1,0,0,Nuclear-family environmental variance,5,2.096183350419484,2.1576681863284253,1.8243784543205894,2.2956986431268476,2.25,2.096183350419484,After the historical event,Event not experienced
2.8,1,0,0,Nonshared environmental variance,5,9.118575253631992,9.054673084434958,8.823661810048351,9.392542549134875,9.000000000000002,9.118575253631992,After the historical event,Event not experienced
2.8,1,0,0,Phenotypic variance,5,12.878974712776568,13.004323132894687,12.574778443436607,13.195844643611258,12.709792585817976,12.878974712776568,After the historical event,Event not experienced
2.8,1,1,1,Additive genetic variance,5,2.3361984628096675,2.416263351161944,1.7692682872261662,2.7802810448484117,2.1777546329568684,2.3361984628096675,After the historical event,Event experienced
2.8,1,1,1,Nuclear-family environmental variance,5,2.271637828750179,2.20620419336653,2.026285987479413,2.6553119577748223,2.25,2.271637828750179,After the historical event,Event experienced
2.8,1,1,1,Nonshared environmental variance,5,8.955879485192478,8.876422516535165,8.765459698714896,9.217410961095343,9.000000000000002,8.955879485192478,After the historical event,Event experienced
2.8,1,1,1,Phenotypic variance,5,13.563715776752325,13.591063005339665,13.289203827901108,13.708578089628466,13.42775463295687,13.563715776752325,After the historical event,Event experienced
2.8200000000000003,0,0,0,Additive genetic variance,5,1.637379213198843,1.574385933195224,1.286252123769651,2.103798640241892,1.4330633575890162,1.637379213198843,Before the historical event,Event not experienced
2.8200000000000003,0,0,0,Nuclear-family environmental variance,5,2.097224217925836,2.159884453252385,1.824085382761416,2.295122655876452,2.25,2.097224217925836,Before the historical event,Event not experienced
2.8200000000000003,0,0,0,Nonshared environmental variance,5,9.114563467802501,9.046000429637946,8.818580596432849,9.390026071575015,9.000000000000002,9.114563467802501,Before the historical event,Event not experienced
2.8200000000000003,0,0,0,Phenotypic variance,5,12.84916689892718,12.975293378417852,12.542650343753554,13.17061306414486,12.683063357589017,12.84916689892718,Before the historical event,Event not experienced
2.8200000000000003,0,1,0,Additive genetic variance,5,1.637379213198843,1.574385933195224,1.286252123769651,2.103798640241892,1.4330633575890162,1.637379213198843,Before the historical event,Event experienced
2.8200000000000003,0,1,0,Nuclear-family environmental variance,5,2.097224217925836,2.159884453252385,1.824085382761416,2.295122655876452,2.25,2.097224217925836,Before the historical event,Event experienced
2.8200000000000003,0,1,0,Nonshared environmental variance,5,9.114563467802501,9.046000429637946,8.818580596432849,9.390026071575015,9.000000000000002,9.114563467802501,Before the historical event,Event experienced
2.8200000000000003,0,1,0,Phenotypic variance,5,12.84916689892718,12.975293378417852,12.542650343753554,13.17061306414486,12.683063357589017,12.84916689892718,Before the historical event,Event experienced
2.8200000000000003,1,0,0,Additive genetic variance,5,1.637379213198843,1.574385933195224,1.286252123769651,2.103798640241892,1.4330633575890162,1.637379213198843,After the historical event,Event not experienced
2.8200000000000003,1,0,0,Nuclear-family environmental variance,5,2.097224217925836,2.159884453252385,1.824085382761416,2.295122655876452,2.25,2.097224217925836,After the historical event,Event not experienced
2.8200000000000003,1,0,0,Nonshared environmental variance,5,9.114563467802501,9.046000429637946,8.818580596432849,9.390026071575015,9.000000000000002,9.114563467802501,After the historical event,Event not experienced
2.8200000000000003,1,0,0,Phenotypic variance,5,12.84916689892718,12.975293378417852,12.542650343753554,13.17061306414486,12.683063357589017,12.84916689892718,After the historical event,Event not experienced
2.8200000000000003,1,1,1,Additive genetic variance,5,2.2976230209794912,2.3765875337198032,1.7380215539903696,2.726804652453521,2.1378793101360176,2.2976230209794912,After the historical event,Event experienced
2.8200000000000003,1,1,1,Nuclear-family environmental variance,5,2.27302673177151,2.2054304444225536,2.0253239951352646,2.6617384831946227,2.25,2.27302673177151,After the historical event,Event experienced
2.8200000000000003,1,1,1,Nonshared environmental variance,5,8.9519273208978,8.87319448399527,8.762272848273355,9.216842547769499,9.000000000000002,8.9519273208978,After the historical event,Event experienced
2.8200000000000003,1,1,1,Phenotypic variance,5,13.522577073648803,13.551069065399481,13.256774662176687,13.661408908553584,13.38787931013602,13.522577073648803,After the historical event,Event experienced
2.84,0,0,0,Additive genetic variance,5,1.6107360108459148,1.5482970934210876,1.260727658222331,2.075337274812908,1.406598475567285,1.6107360108459148,Before the historical event,Event not experienced
2.84,0,0,0,Nuclear-family environmental variance,5,2.098282048640844,2.16209188493246,1.823822308647599,2.294562285994184,2.25,2.098282048640844,Before the historical event,Event not experienced
2.84,0,0,0,Nonshared environmental variance,5,9.11050956082107,9.037267511728768,8.813466516027608,9.38744952443222,9.000000000000002,9.11050956082107,Before the historical event,Event not experienced
2.84,0,0,0,Phenotypic variance,5,12.819527620307829,12.945682252385605,12.510694344206637,13.145606252069108,12.656598475567286,12.819527620307829,Before the historical event,Event not experienced
2.84,0,1,0,Additive genetic variance,5,1.6107360108459148,1.5482970934210876,1.260727658222331,2.075337274812908,1.406598475567285,1.6107360108459148,Before the historical event,Event experienced
2.84,0,1,0,Nuclear-family environmental variance,5,2.098282048640844,2.16209188493246,1.823822308647599,2.294562285994184,2.25,2.098282048640844,Before the historical event,Event experienced
2.84,0,1,0,Nonshared environmental variance,5,9.11050956082107,9.037267511728768,8.813466516027608,9.38744952443222,9.000000000000002,9.11050956082107,Before the historical event,Event experienced
2.84,0,1,0,Phenotypic variance,5,12.819527620307829,12.945682252385605,12.510694344206637,13.145606252069108,12.656598475567286,12.819527620307829,Before the historical event,Event experienced
2.84,1,0,0,Additive genetic variance,5,1.6107360108459148,1.5482970934210876,1.260727658222331,2.075337274812908,1.406598475567285,1.6107360108459148,After the historical event,Event not experienced
2.84,1,0,0,Nuclear-family environmental variance,5,2.098282048640844,2.16209188493246,1.823822308647599,2.294562285994184,2.25,2.098282048640844,After the historical event,Event not experienced
2.84,1,0,0,Nonshared environmental variance,5,9.11050956082107,9.037267511728768,8.813466516027608,9.38744952443222,9.000000000000002,9.11050956082107,After the historical event,Event not experienced
2.84,1,0,0,Phenotypic variance,5,12.819527620307829,12.945682252385605,12.510694344206637,13.145606252069108,12.656598475567286,12.819527620307829,After the historical event,Event not experienced
2.84,1,1,1,Additive genetic variance,5,2.259343100186045,2.3372055689364974,1.7070639426887362,2.6738807700441884,2.0983983455158364,2.259343100186045,After the historical event,Event experienced
2.84,1,1,1,Nuclear-family environmental variance,5,2.2744360821349514,2.204654872330903,2.0243915741442526,2.668223629894918,2.25,2.2744360821349514,After the historical event,Event experienced
2.84,1,1,1,Nonshared environmental variance,5,8.947934297444995,8.869902778217511,8.759023065195027,9.216281709449033,9.000000000000002,8.947934297444995,After the historical event,Event experienced
2.84,1,1,1,Phenotypic variance,5,13.481713479765991,13.514460882832369,13.224310188475247,13.61453081881359,13.348398345515838,13.481713479765991,After the historical event,Event experienced
2.8600000000000003,0,0,0,Additive genetic variance,5,1.5842913429624168,1.5224076093259675,1.2354839339888302,2.04697355019208,1.3804014478721973,1.5842913429624168,Before the historical event,Event not experienced
2.8600000000000003,0,0,0,Nuclear-family environmental variance,5,2.0993568897699446,2.1642904496379987,1.8235892276537562,2.294017522705093,2.25,2.0993568897699446,Before the historical event,Event not experienced
2.8600000000000003,0,0,0,Nonshared environmental variance,5,9.106413609332776,9.028474521341112,8.808319627380818,9.384812964096993,9.000000000000002,9.106413609332776,Before the historical event,Event not experienced
2.8600000000000003,0,0,0,Phenotypic variance,5,12.790061842065137,12.912818892299091,12.478915123245628,13.121097143313563,12.630401447872199,12.790061842065137,Before the historical event,Event not experienced
2.8600000000000003,0,1,0,Additive genetic variance,5,1.5842913429624168,1.5224076093259675,1.2354839339888302,2.04697355019208,1.3804014478721973,1.5842913429624168,Before the historical event,Event experienced
2.8600000000000003,0,1,0,Nuclear-family environmental variance,5,2.0993568897699446,2.1642904496379987,1.8235892276537562,2.294017522705093,2.25,2.0993568897699446,Before the historical event,Event experienced
2.8600000000000003,0,1,0,Nonshared environmental variance,5,9.106413609332776,9.028474521341112,8.808319627380818,9.384812964096993,9.000000000000002,9.106413609332776,Before the historical event,Event experienced
2.8600000000000003,0,1,0,Phenotypic variance,5,12.790061842065137,12.912818892299091,12.478915123245628,13.121097143313563,12.630401447872199,12.790061842065137,Before the historical event,Event experienced
2.8600000000000003,1,0,0,Additive genetic variance,5,1.5842913429624168,1.5224076093259675,1.2354839339888302,2.04697355019208,1.3804014478721973,1.5842913429624168,After the historical event,Event not experienced
2.8600000000000003,1,0,0,Nuclear-family environmental variance,5,2.0993568897699446,2.1642904496379987,1.8235892276537562,2.294017522705093,2.25,2.0993568897699446,After the historical event,Event not experienced
2.8600000000000003,1,0,0,Nonshared environmental variance,5,9.106413609332776,9.028474521341112,8.808319627380818,9.384812964096993,9.000000000000002,9.106413609332776,After the historical event,Event not experienced
2.8600000000000003,1,0,0,Phenotypic variance,5,12.790061842065137,12.912818892299091,12.478915123245628,13.121097143313563,12.630401447872199,12.790061842065137,After the historical event,Event not experienced
2.8600000000000003,1,1,1,Additive genetic variance,5,2.221365512991468,2.2981245381310287,1.676399764925633,2.6215176113979526,2.059316972595513,2.221365512991468,After the historical event,Event experienced
2.8600000000000003,1,1,1,Nuclear-family environmental variance,5,2.2758659462092865,2.203877479206105,2.0234886829663816,2.674767772327334,2.25,2.2758659462092865,After the historical event,Event experienced
2.8600000000000003,1,1,1,Nonshared environmental variance,5,8.943900489761496,8.866547470944386,8.755710420589944,9.215728451966775,9.000000000000002,8.943900489761496,After the historical event,Event experienced
2.8600000000000003,1,1,1,Phenotypic variance,5,13.441131948962251,13.486469648891113,13.191292996465872,13.567951071008192,13.309316972595514,13.441131948962251,After the historical event,Event experienced
2.88,0,0,0,Additive genetic variance,5,1.5580498772594096,1.4967220031543769,1.2105244846792176,2.018714045090699,1.3544755902023313,1.5580498772594096,Before the historical event,Event not experienced
2.88,0,0,0,Nuclear-family environmental variance,5,2.100448789584946,2.1664801157427793,1.8233861369620379,2.2934883555945142,2.25,2.100448789584946,Before the historical event,Event not experienced
2.88,0,0,0,Nonshared environmental variance,5,9.102275690859859,9.024112893429164,8.8026908651269,9.382116448292734,9.000000000000002,9.102275690859859,Before the historical event,Event not experienced
2.88,0,0,0,Phenotypic variance,5,12.760774357704214,12.880016327884888,12.447317189517953,13.096760114051719,12.604475590202334,12.760774357704214,Before the historical event,Event not experienced
2.88,0,1,0,Additive genetic variance,5,1.5580498772594096,1.4967220031543769,1.2105244846792176,2.018714045090699,1.3544755902023313,1.5580498772594096,Before the historical event,Event experienced
2.88,0,1,0,Nuclear-family environmental variance,5,2.100448789584946,2.1664801157427793,1.8233861369620379,2.2934883555945142,2.25,2.100448789584946,Before the historical event,Event experienced
2.88,0,1,0,Nonshared environmental variance,5,9.102275690859859,9.024112893429164,8.8026908651269,9.382116448292734,9.000000000000002,9.102275690859859,Before the historical event,Event experienced
2.88,0,1,0,Phenotypic variance,5,12.760774357704214,12.880016327884888,12.447317189517953,13.096760114051719,12.604475590202334,12.760774357704214,Before the historical event,Event experienced
2.88,1,0,0,Additive genetic variance,5,1.5580498772594096,1.4967220031543769,1.2105244846792176,2.018714045090699,1.3544755902023313,1.5580498772594096,After the historical event,Event not experienced
2.88,1,0,0,Nuclear-family environmental variance,5,2.100448789584946,2.1664801157427793,1.8233861369620379,2.2934883555945142,2.25,2.100448789584946,After the historical event,Event not experienced
2.88,1,0,0,Nonshared environmental variance,5,9.102275690859859,9.024112893429164,8.8026908651269,9.382116448292734,9.000000000000002,9.102275690859859,After the historical event,Event not experienced
2.88,1,0,0,Phenotypic variance,5,12.760774357704214,12.880016327884888,12.447317189517953,13.096760114051719,12.604475590202334,12.760774357704214,After the historical event,Event not experienced
2.88,1,1,1,Additive genetic variance,5,2.183696810051211,2.25935126778076,1.6460331200470328,2.569722921317908,2.020640137816074,2.183696810051211,After the historical event,Event experienced
2.88,1,1,1,Nuclear-family environmental variance,5,2.277316391682353,2.2030982671671313,2.022615281388762,2.6813712891625614,2.25,2.277316391682353,After the historical event,Event experienced
2.88,1,1,1,Nonshared environmental variance,5,8.93982597362252,8.863128635286207,8.752334986920678,9.21518278122607,9.000000000000002,8.93982597362252,After the historical event,Event experienced
2.88,1,1,1,Phenotypic variance,5,13.400839175356085,13.456855678697874,13.158571317404583,13.52185785963341,13.270640137816075,13.400839175356085,After the historical event,Event experienced
2.9000000000000004,0,0,0,Additive genetic variance,5,1.5320161080267234,1.4712446284078546,1.185852617600332,1.9905652040996478,1.3288240273169776,1.5320161080267234,Before the historical event,Event not experienced
2.9000000000000004,0,0,0,Nuclear-family environmental variance,5,2.101557797429955,2.1686608517257704,1.8232130352626885,2.2929747746076603,2.25,2.101557797429955,Before the historical event,Event not experienced
2.9000000000000004,0,0,0,Nonshared environmental variance,5,9.098095883799115,9.020567353757993,8.79694183533562,9.37936003607364,9.000000000000002,9.098095883799115,Before the historical event,Event not experienced
2.9000000000000004,0,0,0,Phenotypic variance,5,12.731669789255792,12.847281198222989,12.415904882075052,13.072600008366576,12.57882402731698,12.731669789255792,Before the historical event,Event not experienced
2.9000000000000004,0,1,0,Additive genetic variance,5,1.5320161080267234,1.4712446284078546,1.185852617600332,1.9905652040996478,1.3288240273169776,1.5320161080267234,Before the historical event,Event experienced
2.9000000000000004,0,1,0,Nuclear-family environmental variance,5,2.101557797429955,2.1686608517257704,1.8232130352626885,2.2929747746076603,2.25,2.101557797429955,Before the historical event,Event experienced
2.9000000000000004,0,1,0,Nonshared environmental variance,5,9.098095883799115,9.020567353757993,8.79694183533562,9.37936003607364,9.000000000000002,9.098095883799115,Before the historical event,Event experienced
2.9000000000000004,0,1,0,Phenotypic variance,5,12.731669789255792,12.847281198222989,12.415904882075052,13.072600008366576,12.57882402731698,12.731669789255792,Before the historical event,Event experienced
2.9000000000000004,1,0,0,Additive genetic variance,5,1.5320161080267234,1.4712446284078546,1.185852617600332,1.9905652040996478,1.3288240273169776,1.5320161080267234,After the historical event,Event not experienced
2.9000000000000004,1,0,0,Nuclear-family environmental variance,5,2.101557797429955,2.1686608517257704,1.8232130352626885,2.2929747746076603,2.25,2.101557797429955,After the historical event,Event not experienced
2.9000000000000004,1,0,0,Nonshared environmental variance,5,9.098095883799115,9.020567353757993,8.79694183533562,9.37936003607364,9.000000000000002,9.098095883799115,After the historical event,Event not experienced
2.9000000000000004,1,0,0,Phenotypic variance,5,12.731669789255792,12.847281198222989,12.415904882075052,13.072600008366576,12.57882402731698,12.731669789255792,After the historical event,Event not experienced
2.9000000000000004,1,1,1,Additive genetic variance,5,2.1463432806962817,2.220892329639965,1.615967896464365,2.522778330310457,1.9823725027706052,2.1463432806962817,After the historical event,Event experienced
2.9000000000000004,1,1,1,Nuclear-family environmental variance,5,2.2787874875689846,2.202317238337389,2.0217713305225793,2.688034563328804,2.25,2.2787874875689846,After the historical event,Event experienced
2.9000000000000004,1,1,1,Nonshared environmental variance,5,8.935710825648526,8.859646345718444,8.748896837999705,9.214644703200676,9.000000000000002,8.935710825648526,After the historical event,Event experienced
2.9000000000000004,1,1,1,Phenotypic variance,5,13.360841593913793,13.40056165644792,13.126149836544547,13.478764187816342,13.232372502770607,13.360841593913793,After the historical event,Event experienced
2.92,0,0,0,Additive genetic variance,5,1.5061943564276365,1.4459796700501804,1.1614714159369603,1.9625333359485033,1.3034496946412926,1.5061943564276365,Before the historical event,Event not experienced
2.92,0,0,0,Nuclear-family environmental variance,5,2.1026839637274084,2.1679861861369005,1.823069922754737,2.2927614140527375,2.25,2.1026839637274084,Before the historical event,Event not experienced
2.92,0,0,0,Nonshared environmental variance,5,9.093874267419256,9.01695728485596,8.79116067891492,9.376543787822557,9.000000000000002,9.093874267419256,Before the historical event,Event not experienced
2.92,0,0,0,Phenotypic variance,5,12.7027525875743,12.814620010882603,12.384682370704537,13.048621511852183,12.553449694641294,12.7027525875743,Before the historical event,Event not experienced
2.92,0,1,0,Additive genetic variance,5,1.5061943564276365,1.4459796700501804,1.1614714159369603,1.9625333359485033,1.3034496946412926,1.5061943564276365,Before the historical event,Event experienced
2.92,0,1,0,Nuclear-family environmental variance,5,2.1026839637274084,2.1679861861369005,1.823069922754737,2.2927614140527375,2.25,2.1026839637274084,Before the historical event,Event experienced
2.92,0,1,0,Nonshared environmental variance,5,9.093874267419256,9.01695728485596,8.79116067891492,9.376543787822557,9.000000000000002,9.093874267419256,Before the historical event,Event experienced
2.92,0,1,0,Phenotypic variance,5,12.7027525875743,12.814620010882603,12.384682370704537,13.048621511852183,12.553449694641294,12.7027525875743,Before the historical event,Event experienced
2.92,1,0,0,Additive genetic variance,5,1.5061943564276365,1.4459796700501804,1.1614714159369603,1.9625333359485033,1.3034496946412926,1.5061943564276365,After the historical event,Event not experienced
2.92,1,0,0,Nuclear-family environmental variance,5,2.1026839637274084,2.1679861861369005,1.823069922754737,2.2927614140527375,2.25,2.1026839637274084,After the historical event,Event not experienced
2.92,1,0,0,Nonshared environmental variance,5,9.093874267419256,9.01695728485596,8.79116067891492,9.376543787822557,9.000000000000002,9.093874267419256,After the historical event,Event not experienced
2.92,1,0,0,Phenotypic variance,5,12.7027525875743,12.814620010882603,12.384682370704537,13.048621511852183,12.553449694641294,12.7027525875743,After the historical event,Event not experienced
2.92,1,1,1,Additive genetic variance,5,2.10931095371223,2.182754041049608,1.5862077731159083,2.485909935474215,1.9445184465988525,2.10931095371223,After the historical event,Event experienced
2.92,1,1,1,Nuclear-family environmental variance,5,2.2802793042190834,2.20153439484471,2.020956792800174,2.694757982050711,2.25,2.2802793042190834,After the historical event,Event experienced
2.92,1,1,1,Nonshared environmental variance,5,8.93155512330266,8.856100678078997,8.745396048986738,9.214114223934665,9.000000000000002,8.93155512330266,After the historical event,Event experienced
2.92,1,1,1,Phenotypic variance,5,13.321145381233974,13.352348156888247,13.093283488833869,13.435950521496599,13.194518446598854,13.321145381233974,After the historical event,Event experienced
2.9400000000000004,0,0,0,Additive genetic variance,5,1.4805887709217274,1.420931144836924,1.1373837410927128,1.9346246118835857,1.2783553399911787,1.4805887709217274,Before the historical event,Event not experienced
2.9400000000000004,0,0,0,Nuclear-family environmental variance,5,2.1038273399842047,2.16721348713955,1.822956801146815,2.29257252464639,2.25,2.1038273399842047,Before the historical event,Event not experienced
2.9400000000000004,0,0,0,Nonshared environmental variance,5,9.089610921858258,9.013282765322852,8.785347467678212,9.373667765248765,9.000000000000002,9.089610921858258,Before the historical event,Event not experienced
2.9400000000000004,0,0,0,Phenotypic variance,5,12.67402703276419,12.782039140166011,12.353653656385745,13.024829151439237,12.52835533999118,12.67402703276419,Before the historical event,Event not experienced
2.9400000000000004,0,1,0,Additive genetic variance,5,1.4805887709217274,1.420931144836924,1.1373837410927128,1.9346246118835857,1.2783553399911787,1.4805887709217274,Before the historical event,Event experienced
2.9400000000000004,0,1,0,Nuclear-family environmental variance,5,2.1038273399842047,2.16721348713955,1.822956801146815,2.29257252464639,2.25,2.1038273399842047,Before the historical event,Event experienced
2.9400000000000004,0,1,0,Nonshared environmental variance,5,9.089610921858258,9.013282765322852,8.785347467678212,9.373667765248765,9.000000000000002,9.089610921858258,Before the historical event,Event experienced
2.9400000000000004,0,1,0,Phenotypic variance,5,12.67402703276419,12.782039140166011,12.353653656385745,13.024829151439237,12.52835533999118,12.67402703276419,Before the historical event,Event experienced
2.9400000000000004,1,0,0,Additive genetic variance,5,1.4805887709217274,1.420931144836924,1.1373837410927128,1.9346246118835857,1.2783553399911787,1.4805887709217274,After the historical event,Event not experienced
2.9400000000000004,1,0,0,Nuclear-family environmental variance,5,2.1038273399842047,2.16721348713955,1.822956801146815,2.29257252464639,2.25,2.1038273399842047,After the historical event,Event not experienced
2.9400000000000004,1,0,0,Nonshared environmental variance,5,9.089610921858258,9.013282765322852,8.785347467678212,9.373667765248765,9.000000000000002,9.089610921858258,After the historical event,Event not experienced
2.9400000000000004,1,0,0,Phenotypic variance,5,12.67402703276419,12.782039140166011,12.353653656385745,13.024829151439237,12.52835533999118,12.67402703276419,After the historical event,Event not experienced
2.9400000000000004,1,1,1,Additive genetic variance,5,2.0726055983103753,2.1449424654348057,1.5567562210618247,2.449236424768168,1.9070820685604435,2.0726055983103753,After the historical event,Event experienced
2.9400000000000004,1,1,1,Nuclear-family environmental variance,5,2.2817919133258218,2.2007497388213424,2.0201716319722123,2.701541936888795,2.25,2.2817919133258218,After the historical event,Event experienced
2.9400000000000004,1,1,1,Nonshared environmental variance,5,8.927358944888159,8.852491709565479,8.741832696385957,9.2135913495423285,9.000000000000002,8.927358944888159,After the historical event,Event experienced
2.9400000000000004,1,1,1,Phenotypic variance,5,13.281756456524356,13.312911363529235,13.059907561332148,13.393422917569033,13.157082068560445,13.281756456524356,After the historical event,Event experienced
2.96,0,0,0,Additive genetic variance,5,1.4552033278131944,1.3961029017669389,1.113592235184785,1.9068450641647086,1.2535435254140133,1.4552033278131944,Before the historical event,Event not experienced
2.96,0,0,0,Nuclear-family environmental variance,5,2.1049879787979435,2.1664390053359583,1.822873673658109,2.2923984692308785,2.25,2.1049879787979435,Before the historical event,Event not experienced
2.96,0,0,0,Nonshared environmental variance,5,9.08530592812065,9.009543875139979,8.779502273811431,9.370732031385739,9.000000000000002,9.08530592812065,Before the historical event,Event not experienced
2.96,0,0,0,Phenotypic variance,5,12.645497234731788,12.749544825471247,12.322822571866196,13.00122729534177,12.503543525414015,12.645497234731788,Before the historical event,Event not experienced
2.96,0,1,0,Additive genetic variance,5,1.4552033278131944,1.3961029017669389,1.113592235184785,1.9068450641647086,1.2535435254140133,1.4552033278131944,Before the historical event,Event experienced
2.96,0,1,0,Nuclear-family environmental variance,5,2.1049879787979435,2.1664390053359583,1.822873673658109,2.2923984692308785,2.25,2.1049879787979435,Before the historical event,Event experienced
2.96,0,1,0,Nonshared environmental variance,5,9.08530592812065,9.009543875139979,8.779502273811431,9.370732031385739,9.000000000000002,9.08530592812065,Before the historical event,Event experienced
2.96,0,1,0,Phenotypic variance,5,12.645497234731788,12.749544825471247,12.322822571866196,13.00122729534177,12.503543525414015,12.645497234731788,Before the historical event,Event experienced
2.96,1,0,0,Additive genetic variance,5,1.4552033278131944,1.3961029017669389,1.113592235184785,1.9068450641647086,1.2535435254140133,1.4552033278131944,After the historical event,Event not experienced
2.96,1,0,0,Nuclear-family environmental variance,5,2.1049879787979435,2.1664390053359583,1.822873673658109,2.2923984692308785,2.25,2.1049879787979435,After the historical event,Event not experienced
2.96,1,0,0,Nonshared environmental variance,5,9.08530592812065,9.009543875139979,8.779502273811431,9.370732031385739,9.000000000000002,9.08530592812065,After the historical event,Event not experienced
2.96,1,0,0,Phenotypic variance,5,12.645497234731788,12.749544825471247,12.322822571866196,13.00122729534177,12.503543525414015,12.645497234731788,After the historical event,Event not experienced
2.96,1,1,1,Additive genetic variance,5,2.0362327252867694,2.1074634129863776,1.527616505208962,2.4127652955675813,1.8700671907809325,2.0362327252867694,After the historical event,Event experienced
2.96,1,1,1,Nuclear-family environmental variance,5,2.2833253879339814,2.19996327240394,2.0194158131049638,2.7083868237793407,2.25,2.2833253879339814,After the historical event,Event experienced
2.96,1,1,1,Nonshared environmental variance,5,8.923122369545725,8.84881951873239,8.738206858043242,9.213076086208035,9.000000000000002,8.923122369545725,After the historical event,Event experienced
2.96,1,1,1,Phenotypic variance,5,13.242680482766477,13.273595474290243,13.026892291499468,13.35118718775556,13.120067190780935,13.242680482766477,After the historical event,Event experienced
2.9800000000000004,0,0,0,Additive genetic variance,5,1.4300418319217763,1.3714986226532635,1.0900993236866616,1.8792005846801547,1.2290166291412346,1.4300418319217763,Before the historical event,Event not experienced
2.9800000000000004,0,0,0,Nuclear-family environmental variance,5,2.106165933863271,2.16566274283455,1.8228205450194386,2.2922392358670693,2.25,2.106165933863271,Before the historical event,Event not experienced
2.9800000000000004,0,0,0,Nonshared environmental variance,5,9.080959368074813,9.005740695667297,8.773625169871389,9.367736650588844,9.000000000000002,9.080959368074813,Before the historical event,Event not experienced
2.9800000000000004,0,0,0,Phenotypic variance,5,12.61716713385986,12.717143169773475,12.292192782356215,12.977820153122934,12.479016629141237,12.61716713385986,Before the historical event,Event not experienced
2.9800000000000004,0,1,0,Additive genetic variance,5,1.4300418319217763,1.3714986226532635,1.0900993236866616,1.8792005846801547,1.2290166291412346,1.4300418319217763,Before the historical event,Event experienced
2.9800000000000004,0,1,0,Nuclear-family environmental variance,5,2.106165933863271,2.16566274283455,1.8228205450194386,2.2922392358670693,2.25,2.106165933863271,Before the historical event,Event experienced
2.9800000000000004,0,1,0,Nonshared environmental variance,5,9.080959368074813,9.005740695667297,8.773625169871389,9.367736650588844,9.000000000000002,9.080959368074813,Before the historical event,Event experienced
2.9800000000000004,0,1,0,Phenotypic variance,5,12.61716713385986,12.717143169773475,12.292192782356215,12.977820153122934,12.479016629141237,12.61716713385986,Before the historical event,Event experienced
2.9800000000000004,1,0,0,Additive genetic variance,5,1.4300418319217763,1.3714986226532635,1.0900993236866616,1.8792005846801547,1.2290166291412346,1.4300418319217763,After the historical event,Event not experienced
2.9800000000000004,1,0,0,Nuclear-family environmental variance,5,2.106165933863271,2.16566274283455,1.8228205450194386,2.2922392358670693,2.25,2.106165933863271,After the historical event,Event not experienced
2.9800000000000004,1,0,0,Nonshared environmental variance,5,9.080959368074813,9.005740695667297,8.773625169871389,9.367736650588844,9.000000000000002,9.080959368074813,After the historical event,Event not experienced
2.9800000000000004,1,0,0,Phenotypic variance,5,12.61716713385986,12.717143169773475,12.292192782356215,12.977820153122934,12.479016629141237,12.61716713385986,After the historical event,Event not experienced
2.9800000000000004,1,1,1,Additive genetic variance,5,2.0001975883641347,2.070322441522634,1.4987916861613626,2.376503842022658,1.8334773611647157,2.0001975883641347,After the historical event,Event experienced
2.9800000000000004,1,1,1,Nuclear-family environmental variance,5,2.284879802448428,2.199174997733554,2.0186893025776778,2.715293043074814,2.25,2.284879802448428,After the historical event,Event experienced
2.9800000000000004,1,1,1,Nonshared environmental variance,5,8.918845477250892,8.845084185488275,8.73451861314334,9.212568440186164,9.000000000000002,8.918845477250892,After the historical event,Event experienced
2.9800000000000004,1,1,1,Phenotypic variance,5,13.203922868063454,13.234408055662831,12.994241334093546,13.321203756798301,13.083477361164718,13.203922868063454,After the historical event,Event experienced
3,0,0,0,Additive genetic variance,5,1.405107917373403,1.3471218228108848,1.066907218212831,1.8516969236794047,1.2047768476488083,1.405107917373403,Before the historical event,Event not experienced
3,0,0,0,Nuclear-family environmental variance,5,2.107361259978331,2.164884701748068,1.8227974214744633,2.292094812984363,2.25,2.107361259978331,Before the historical event,Event not experienced
3,0,0,0,Nonshared environmental variance,5,9.076571324450201,9.001873309640454,8.767716228784105,9.364681688533,9.000000000000002,9.076571324450201,Before the historical event,Event not experienced
3,0,0,0,Phenotypic variance,5,12.589040501801934,12.684840138224542,12.261767786339172,12.954611775877709,12.45477684764881,12.589040501801934,Before the historical event,Event not experienced
3,0,1,0,Additive genetic variance,5,1.405107917373403,1.3471218228108848,1.066907218212831,1.8516969236794047,1.2047768476488083,1.405107917373403,Before the historical event,Event experienced
3,0,1,0,Nuclear-family environmental variance,5,2.107361259978331,2.164884701748068,1.8227974214744633,2.292094812984363,2.25,2.107361259978331,Before the historical event,Event experienced
3,0,1,0,Nonshared environmental variance,5,9.076571324450201,9.001873309640454,8.767716228784105,9.364681688533,9.000000000000002,9.076571324450201,Before the historical event,Event experienced
3,0,1,0,Phenotypic variance,5,12.589040501801934,12.684840138224542,12.261767786339172,12.954611775877709,12.45477684764881,12.589040501801934,Before the historical event,Event experienced
3,1,0,0,Additive genetic variance,5,1.405107917373403,1.3471218228108848,1.066907218212831,1.8516969236794047,1.2047768476488083,1.405107917373403,After the historical event,Event not experienced
3,1,0,0,Nuclear-family environmental variance,5,2.107361259978331,2.164884701748068,1.8227974214744633,2.292094812984363,2.25,2.107361259978331,After the historical event,Event not experienced
3,1,0,0,Nonshared environmental variance,5,9.076571324450201,9.001873309640454,8.767716228784105,9.364681688533,9.000000000000002,9.076571324450201,After the historical event,Event not experienced
3,1,0,0,Phenotypic variance,5,12.589040501801934,12.684840138224542,12.261767786339172,12.954611775877709,12.45477684764881,12.589040501801934,After the historical event,Event not experienced
3,1,1,1,Additive genetic variance,5,1.9645051857120337,2.0335248575275817,1.4702846221924981,2.3404591541210067,1.7973158564688865,1.9645051857120337,After the historical event,Event experienced
3,1,1,1,Nuclear-family environmental variance,5,2.2864552326427154,2.1983849169556207,2.0179920680800505,2.722260999584772,2.25,2.2864552326427154,After the historical event,Event experienced
3,1,1,1,Nonshared environmental variance,5,8.91452834881133,8.841285791092835,8.730768042206972,9.212068417800968,9.000000000000002,8.91452834881133,After the historical event,Event experienced
3,1,1,1,Phenotypic variance,5,13.16548876716608,13.195356502361912,12.96195811767339,13.29297817850036,13.047315856468888,13.16548876716608,After the historical event,Event experienced
