time,historical_period,event_experienced,event_effect,component,n_replications,recovered_mean,recovered_median,recovered_lower,recovered_upper,population_variance,recovered_central,historical_period_label,event_experience_label
-3,0,0,0,Additive genetic variance,500,0.40741897397035615,0.3817435528237654,0.14649814667890138,0.8068841438598638,0.36287181315764994,0.40741897397035615,Before the historical event,Event not experienced
-3,0,0,0,Nuclear-family environmental variance,500,2.2930078231655364,2.314654177054747,1.0455922274783127,3.655076034970043,2.25,2.2930078231655364,Before the historical event,Event not experienced
-3,0,0,0,Nonshared environmental variance,500,3.8923497777821123,3.8577768227314166,2.671422781319324,5.294059555291211,4,3.8923497777821123,Before the historical event,Event not experienced
-3,0,0,0,Phenotypic variance,500,6.592776574918005,6.564542031532691,5.844019679914472,7.37139822653561,6.61287181315765,6.592776574918005,Before the historical event,Event not experienced
-3,0,1,0,Additive genetic variance,500,0.40741897397035615,0.3817435528237654,0.14649814667890138,0.8068841438598638,0.36287181315764994,0.40741897397035615,Before the historical event,Event experienced
-3,0,1,0,Nuclear-family environmental variance,500,2.2930078231655364,2.314654177054747,1.0455922274783127,3.655076034970043,2.25,2.2930078231655364,Before the historical event,Event experienced
-3,0,1,0,Nonshared environmental variance,500,3.8923497777821123,3.8577768227314166,2.671422781319324,5.294059555291211,4,3.8923497777821123,Before the historical event,Event experienced
-3,0,1,0,Phenotypic variance,500,6.592776574918005,6.564542031532691,5.844019679914472,7.37139822653561,6.61287181315765,6.592776574918005,Before the historical event,Event experienced
-3,1,0,0,Additive genetic variance,500,0.40741897397035615,0.3817435528237654,0.14649814667890138,0.8068841438598638,0.36287181315764994,0.40741897397035615,After the historical event,Event not experienced
-3,1,0,0,Nuclear-family environmental variance,500,2.2930078231655364,2.314654177054747,1.0455922274783127,3.655076034970043,2.25,2.2930078231655364,After the historical event,Event not experienced
-3,1,0,0,Nonshared environmental variance,500,3.8923497777821123,3.8577768227314166,2.671422781319324,5.294059555291211,4,3.8923497777821123,After the historical event,Event not experienced
-3,1,0,0,Phenotypic variance,500,6.592776574918005,6.564542031532691,5.844019679914472,7.37139822653561,6.61287181315765,6.592776574918005,After the historical event,Event not experienced
-3,1,1,1,Additive genetic variance,500,0.6240819102373691,0.5687445971861089,0.21677316986003625,1.4402668444910245,0.5413411329464507,0.6240819102373691,After the historical event,Event experienced
-3,1,1,1,Nuclear-family environmental variance,500,2.391323363941482,2.2792531803830274,0.8603196013835285,4.593540655733992,2.25,2.391323363941482,After the historical event,Event experienced
-3,1,1,1,Nonshared environmental variance,500,3.9378970618252658,3.8278901332294852,2.4513580738143386,5.91392524538059,4,3.9378970618252658,After the historical event,Event experienced
-3,1,1,1,Phenotypic variance,500,6.953302336004117,6.909060145071916,5.648927509303734,8.558479240001109,6.791341132946451,6.953302336004117,After the historical event,Event experienced
-2.98,0,0,0,Additive genetic variance,500,0.41817822467405275,0.3920377766597117,0.15207229899768476,0.8243997522778871,0.3731459537791037,0.41817822467405275,Before the historical event,Event not experienced
-2.98,0,0,0,Nuclear-family environmental variance,500,2.291841425244877,2.3111128337660665,1.0513303130396472,3.640884177386781,2.25,2.291841425244877,Before the historical event,Event not experienced
-2.98,0,0,0,Nonshared environmental variance,500,3.8925000956328604,3.8588409455338333,2.6813733951273253,5.278332711127005,4,3.8925000956328604,Before the historical event,Event not experienced
-2.98,0,0,0,Phenotypic variance,500,6.60251974555179,6.573255185751763,5.85689070085331,7.3794731568623195,6.623145953779104,6.60251974555179,Before the historical event,Event not experienced
-2.98,0,1,0,Additive genetic variance,500,0.41817822467405275,0.3920377766597117,0.15207229899768476,0.8243997522778871,0.3731459537791037,0.41817822467405275,Before the historical event,Event experienced
-2.98,0,1,0,Nuclear-family environmental variance,500,2.291841425244877,2.3111128337660665,1.0513303130396472,3.640884177386781,2.25,2.291841425244877,Before the historical event,Event experienced
-2.98,0,1,0,Nonshared environmental variance,500,3.8925000956328604,3.8588409455338333,2.6813733951273253,5.278332711127005,4,3.8925000956328604,Before the historical event,Event experienced
-2.98,0,1,0,Phenotypic variance,500,6.60251974555179,6.573255185751763,5.85689070085331,7.3794731568623195,6.623145953779104,6.60251974555179,Before the historical event,Event experienced
-2.98,1,0,0,Additive genetic variance,500,0.41817822467405275,0.3920377766597117,0.15207229899768476,0.8243997522778871,0.3731459537791037,0.41817822467405275,After the historical event,Event not experienced
-2.98,1,0,0,Nuclear-family environmental variance,500,2.291841425244877,2.3111128337660665,1.0513303130396472,3.640884177386781,2.25,2.291841425244877,After the historical event,Event not experienced
-2.98,1,0,0,Nonshared environmental variance,500,3.8925000956328604,3.8588409455338333,2.6813733951273253,5.278332711127005,4,3.8925000956328604,After the historical event,Event not experienced
-2.98,1,0,0,Phenotypic variance,500,6.60251974555179,6.573255185751763,5.85689070085331,7.3794731568623195,6.623145953779104,6.60251974555179,After the historical event,Event not experienced
-2.98,1,1,1,Additive genetic variance,500,0.6406180089820924,0.5833177732322792,0.2242565549822132,1.471628585480564,0.5566683496725748,0.6406180089820924,After the historical event,Event experienced
-2.98,1,1,1,Nuclear-family environmental variance,500,2.389992945406539,2.2781627811237035,0.8663151064233066,4.572225301542815,2.25,2.389992945406539,After the historical event,Event experienced
-2.98,1,1,1,Nonshared environmental variance,500,3.9378986573916928,3.8265097298961006,2.458066947282967,5.897476123286992,4,3.9378986573916928,After the historical event,Event experienced
-2.98,1,1,1,Phenotypic variance,500,6.968509611780324,6.925260873243797,5.662581426657707,8.568898255663377,6.806668349672575,6.968509611780324,After the historical event,Event experienced
-2.96,0,0,0,Additive genetic variance,500,0.42916391356333533,0.40242309605299753,0.1578251740429821,0.8426671605079274,0.3836496015713771,0.42916391356333533,Before the historical event,Event not experienced
-2.96,0,0,0,Nuclear-family environmental variance,500,2.290693836210012,2.307738891142637,1.057080911399564,3.6267989946899704,2.25,2.290693836210012,Before the historical event,Event not experienced
-2.96,0,0,0,Nonshared environmental variance,500,3.8926592609624286,3.860532840904126,2.691048802209136,5.262718072107804,4,3.8926592609624286,Before the historical event,Event not experienced
-2.96,0,0,0,Phenotypic variance,500,6.612517010735776,6.5820756117417805,5.870602129866087,7.39171356106387,6.633649601571378,6.612517010735776,Before the historical event,Event not experienced
-2.96,0,1,0,Additive genetic variance,500,0.42916391356333533,0.40242309605299753,0.1578251740429821,0.8426671605079274,0.3836496015713771,0.42916391356333533,Before the historical event,Event experienced
-2.96,0,1,0,Nuclear-family environmental variance,500,2.290693836210012,2.307738891142637,1.057080911399564,3.6267989946899704,2.25,2.290693836210012,Before the historical event,Event experienced
-2.96,0,1,0,Nonshared environmental variance,500,3.8926592609624286,3.860532840904126,2.691048802209136,5.262718072107804,4,3.8926592609624286,Before the historical event,Event experienced
-2.96,0,1,0,Phenotypic variance,500,6.612517010735776,6.5820756117417805,5.870602129866087,7.39171356106387,6.633649601571378,6.612517010735776,Before the historical event,Event experienced
-2.96,1,0,0,Additive genetic variance,500,0.42916391356333533,0.40242309605299753,0.1578251740429821,0.8426671605079274,0.3836496015713771,0.42916391356333533,After the historical event,Event not experienced
-2.96,1,0,0,Nuclear-family environmental variance,500,2.290693836210012,2.307738891142637,1.057080911399564,3.6267989946899704,2.25,2.290693836210012,After the historical event,Event not experienced
-2.96,1,0,0,Nonshared environmental variance,500,3.8926592609624286,3.860532840904126,2.691048802209136,5.262718072107804,4,3.8926592609624286,After the historical event,Event not experienced
-2.96,1,0,0,Phenotypic variance,500,6.612517010735776,6.5820756117417805,5.870602129866087,7.39171356106387,6.633649601571378,6.612517010735776,After the historical event,Event not experienced
-2.96,1,1,1,Additive genetic variance,500,0.6575027564077633,0.5996845575362385,0.231955280351063,1.5034662855214629,0.5723379508644135,0.6575027564077633,After the historical event,Event experienced
-2.96,1,1,1,Nuclear-family environmental variance,500,2.3886805603628978,2.277506542440798,0.8718965032261534,4.558121088309266,2.25,2.3886805603628978,After the historical event,Event experienced
-2.96,1,1,1,Nonshared environmental variance,500,3.937908675164278,3.8245625043297946,2.4651470384030487,5.881136898077086,4,3.937908675164278,After the historical event,Event experienced
-2.96,1,1,1,Phenotypic variance,500,6.984091991934939,6.941912885352108,5.678234432131955,8.579664057407296,6.822337950864414,6.984091991934939,After the historical event,Event experienced
-2.94,0,0,0,Additive genetic variance,500,0.44037888794908686,0.4135321207344902,0.1637611056826881,0.8612238034333481,0.39438580870744855,0.44037888794908686,Before the historical event,Event not experienced
-2.94,0,0,0,Nuclear-family environmental variance,500,2.289564868077679,2.3055435704272824,1.0628438810340581,3.6128196393734555,2.25,2.289564868077679,Before the historical event,Event not experienced
-2.94,0,0,0,Nonshared environmental variance,500,3.8928271677260207,3.861929438742206,2.6983730947402487,5.247368112453657,4,3.8928271677260207,Before the historical event,Event not experienced
-2.94,0,0,0,Phenotypic variance,500,6.622770923752786,6.590559825654114,5.884550714993198,7.40615976890045,6.644385808707448,6.622770923752786,Before the historical event,Event not experienced
-2.94,0,1,0,Additive genetic variance,500,0.44037888794908686,0.4135321207344902,0.1637611056826881,0.8612238034333481,0.39438580870744855,0.44037888794908686,Before the historical event,Event experienced
-2.94,0,1,0,Nuclear-family environmental variance,500,2.289564868077679,2.3055435704272824,1.0628438810340581,3.6128196393734555,2.25,2.289564868077679,Before the historical event,Event experienced
-2.94,0,1,0,Nonshared environmental variance,500,3.8928271677260207,3.861929438742206,2.6983730947402487,5.247368112453657,4,3.8928271677260207,Before the historical event,Event experienced
-2.94,0,1,0,Phenotypic variance,500,6.622770923752786,6.590559825654114,5.884550714993198,7.40615976890045,6.644385808707448,6.622770923752786,Before the historical event,Event experienced
-2.94,1,0,0,Additive genetic variance,500,0.44037888794908686,0.4135321207344902,0.1637611056826881,0.8612238034333481,0.39438580870744855,0.44037888794908686,After the historical event,Event not experienced
-2.94,1,0,0,Nuclear-family environmental variance,500,2.289564868077679,2.3055435704272824,1.0628438810340581,3.6128196393734555,2.25,2.289564868077679,After the historical event,Event not experienced
-2.94,1,0,0,Nonshared environmental variance,500,3.8928271677260207,3.861929438742206,2.6983730947402487,5.247368112453657,4,3.8928271677260207,After the historical event,Event not experienced
-2.94,1,0,0,Phenotypic variance,500,6.622770923752786,6.590559825654114,5.884550714993198,7.40615976890045,6.644385808707448,6.622770923752786,After the historical event,Event not experienced
-2.94,1,1,1,Additive genetic variance,500,0.6747405209489227,0.6156313714652781,0.23987383460391207,1.5357813788504293,0.5883544898289973,0.6747405209489227,After the historical event,Event experienced
-2.94,1,1,1,Nuclear-family environmental variance,500,2.38738600972561,2.2766548783821614,0.8774929353988425,4.54480778539175,2.25,2.38738600972561,After the historical event,Event experienced
-2.94,1,1,1,Nonshared environmental variance,500,3.9379270072184775,3.8213555656736027,2.4722267375885836,5.864906815636061,4,3.9379270072184775,After the historical event,Event experienced
-2.94,1,1,1,Phenotypic variance,500,7.0000535378930095,6.9560108026867855,5.698204688132975,8.591408805618645,6.838354489828998,7.0000535378930095,After the historical event,Event experienced
-2.92,0,0,0,Additive genetic variance,500,0.4518259680406073,0.42482204232043097,0.16988510539403584,0.8800710097519668,0.4053575998439434,0.4518259680406073,Before the historical event,Event not experienced
-2.92,0,0,0,Nuclear-family environmental variance,500,2.288454334086296,2.305624725762417,1.0686190789354728,3.5990732978500857,2.25,2.288454334086296,Before the historical event,Event not experienced
-2.92,0,0,0,Nonshared environmental variance,500,3.8930037103781006,3.86346917886583,2.705698490770227,5.232107470344127,4,3.8930037103781006,Before the historical event,Event not experienced
-2.92,0,0,0,Phenotypic variance,500,6.633284012505004,6.601254752648405,5.898739994448874,7.420799888724803,6.655357599843944,6.633284012505004,Before the historical event,Event not experienced
-2.92,0,1,0,Additive genetic variance,500,0.4518259680406073,0.42482204232043097,0.16988510539403584,0.8800710097519668,0.4053575998439434,0.4518259680406073,Before the historical event,Event experienced
-2.92,0,1,0,Nuclear-family environmental variance,500,2.288454334086296,2.305624725762417,1.0686190789354728,3.5990732978500857,2.25,2.288454334086296,Before the historical event,Event experienced
-2.92,0,1,0,Nonshared environmental variance,500,3.8930037103781006,3.86346917886583,2.705698490770227,5.232107470344127,4,3.8930037103781006,Before the historical event,Event experienced
-2.92,0,1,0,Phenotypic variance,500,6.633284012505004,6.601254752648405,5.898739994448874,7.420799888724803,6.655357599843944,6.633284012505004,Before the historical event,Event experienced
-2.92,1,0,0,Additive genetic variance,500,0.4518259680406073,0.42482204232043097,0.16988510539403584,0.8800710097519668,0.4053575998439434,0.4518259680406073,After the historical event,Event not experienced
-2.92,1,0,0,Nuclear-family environmental variance,500,2.288454334086296,2.305624725762417,1.0686190789354728,3.5990732978500857,2.25,2.288454334086296,After the historical event,Event not experienced
-2.92,1,0,0,Nonshared environmental variance,500,3.8930037103781006,3.86346917886583,2.705698490770227,5.232107470344127,4,3.8930037103781006,After the historical event,Event not experienced
-2.92,1,0,0,Phenotypic variance,500,6.633284012505004,6.601254752648405,5.898739994448874,7.420799888724803,6.655357599843944,6.633284012505004,After the historical event,Event not experienced
-2.92,1,1,1,Additive genetic variance,500,0.692335627658988,0.632531817728517,0.24801673562059812,1.5685751311409062,0.6047224788237818,0.692335627658988,After the historical event,Event experienced
-2.92,1,1,1,Nuclear-family environmental variance,500,2.386109095651629,2.2776709277955733,0.8831042205520343,4.5315694997424405,2.25,2.386109095651629,After the historical event,Event experienced
-2.92,1,1,1,Nonshared environmental variance,500,3.9379535461379604,3.818203036845137,2.4793059244173743,5.848785128795388,4,3.9379535461379604,After the historical event,Event experienced
-2.92,1,1,1,Phenotypic variance,500,7.016398269448578,6.974499126349762,5.71836938949048,8.603524724473614,6.854722478823781,7.016398269448578,After the historical event,Event experienced
-2.9,0,0,0,Additive genetic variance,500,0.46350794440273735,0.43623586729791497,0.17620162223789348,0.899210018694897,0.41656796938864216,0.46350794440273735,Before the historical event,Event not experienced
-2.9,0,0,0,Nuclear-family environmental variance,500,2.2873620486846127,2.3093611099999185,1.0744063606146326,3.586700259356178,2.25,2.2873620486846127,Before the historical event,Event not experienced
-2.9,0,0,0,Nonshared environmental variance,500,3.893188783870813,3.8649303467408043,2.713024880498288,5.216935602208215,4,3.893188783870813,Before the historical event,Event not experienced
-2.9,0,0,0,Phenotypic variance,500,6.644058776958163,6.610704880229315,5.913173493916544,7.435634496650355,6.666567969388642,6.644058776958163,Before the historical event,Event not experienced
-2.9,0,1,0,Additive genetic variance,500,0.46350794440273735,0.43623586729791497,0.17620162223789348,0.899210018694897,0.41656796938864216,0.46350794440273735,Before the historical event,Event experienced
-2.9,0,1,0,Nuclear-family environmental variance,500,2.2873620486846127,2.3093611099999185,1.0744063606146326,3.586700259356178,2.25,2.2873620486846127,Before the historical event,Event experienced
-2.9,0,1,0,Nonshared environmental variance,500,3.893188783870813,3.8649303467408043,2.713024880498288,5.216935602208215,4,3.893188783870813,Before the historical event,Event experienced
-2.9,0,1,0,Phenotypic variance,500,6.644058776958163,6.610704880229315,5.913173493916544,7.435634496650355,6.666567969388642,6.644058776958163,Before the historical event,Event experienced
-2.9,1,0,0,Additive genetic variance,500,0.46350794440273735,0.43623586729791497,0.17620162223789348,0.899210018694897,0.41656796938864216,0.46350794440273735,After the historical event,Event not experienced
-2.9,1,0,0,Nuclear-family environmental variance,500,2.2873620486846127,2.3093611099999185,1.0744063606146326,3.586700259356178,2.25,2.2873620486846127,After the historical event,Event not experienced
-2.9,1,0,0,Nonshared environmental variance,500,3.893188783870813,3.8649303467408043,2.713024880498288,5.216935602208215,4,3.893188783870813,After the historical event,Event not experienced
-2.9,1,0,0,Phenotypic variance,500,6.644058776958163,6.610704880229315,5.913173493916544,7.435634496650355,6.666567969388642,6.644058776958163,After the historical event,Event not experienced
-2.9,1,1,1,Additive genetic variance,500,0.7102923542308673,0.6505981620162858,0.2568354519624857,1.601848635169853,0.6214463849802491,0.7102923542308673,After the historical event,Event experienced
-2.9,1,1,1,Nuclear-family environmental variance,500,2.3848496215292223,2.278681429406821,0.8884839931266181,4.518405549882866,2.25,2.3848496215292223,After the historical event,Event experienced
-2.9,1,1,1,Nonshared environmental variance,500,3.9379881850131158,3.8150133320310498,2.486384478136788,5.83277109726589,4,3.9379881850131158,After the historical event,Event experienced
-2.9,1,1,1,Phenotypic variance,500,7.033130160773205,6.987904690479574,5.740848487373321,8.616016363070521,6.871446384980249,7.033130160773205,After the historical event,Event experienced
-2.88,0,0,0,Additive genetic variance,500,0.47542757536274377,0.44810743287391364,0.18271514934575364,0.9186419773864846,0.428019878716284,0.47542757536274377,Before the historical event,Event not experienced
-2.88,0,0,0,Nuclear-family environmental variance,500,2.2862878275205714,2.310242071222413,1.0798536099793958,3.576546811953873,2.25,2.2862878275205714,Before the historical event,Event not experienced
-2.88,0,0,0,Nonshared environmental variance,500,3.8933822836524477,3.8636711948158484,2.72035215374396,5.199040952691097,4,3.8933822836524477,Before the historical event,Event not experienced
-2.88,0,0,0,Phenotypic variance,500,6.655097686535762,6.626311738879569,5.933234415112904,7.443833357936752,6.6780198787162846,6.655097686535762,Before the historical event,Event not experienced
-2.88,0,1,0,Additive genetic variance,500,0.47542757536274377,0.44810743287391364,0.18271514934575364,0.9186419773864846,0.428019878716284,0.47542757536274377,Before the historical event,Event experienced
-2.88,0,1,0,Nuclear-family environmental variance,500,2.2862878275205714,2.310242071222413,1.0798536099793958,3.576546811953873,2.25,2.2862878275205714,Before the historical event,Event experienced
-2.88,0,1,0,Nonshared environmental variance,500,3.8933822836524477,3.8636711948158484,2.72035215374396,5.199040952691097,4,3.8933822836524477,Before the historical event,Event experienced
-2.88,0,1,0,Phenotypic variance,500,6.655097686535762,6.626311738879569,5.933234415112904,7.443833357936752,6.6780198787162846,6.655097686535762,Before the historical event,Event experienced
-2.88,1,0,0,Additive genetic variance,500,0.47542757536274377,0.44810743287391364,0.18271514934575364,0.9186419773864846,0.428019878716284,0.47542757536274377,After the historical event,Event not experienced
-2.88,1,0,0,Nuclear-family environmental variance,500,2.2862878275205714,2.310242071222413,1.0798536099793958,3.576546811953873,2.25,2.2862878275205714,After the historical event,Event not experienced
-2.88,1,0,0,Nonshared environmental variance,500,3.8933822836524477,3.8636711948158484,2.72035215374396,5.199040952691097,4,3.8933822836524477,After the historical event,Event not experienced
-2.88,1,0,0,Phenotypic variance,500,6.655097686535762,6.626311738879569,5.933234415112904,7.443833357936752,6.6780198787162846,6.655097686535762,After the historical event,Event not experienced
-2.88,1,1,1,Additive genetic variance,500,0.7286149269397322,0.6680988169187518,0.26604883514121763,1.6356028065120163,0.6385306261503736,0.7286149269397322,After the historical event,Event experienced
-2.88,1,1,1,Nuclear-family environmental variance,500,2.3836073919676024,2.275970508482597,0.8926890769389305,4.508567575646217,2.25,2.3836073919676024,After the historical event,Event experienced
-2.88,1,1,1,Nonshared environmental variance,500,3.9380308174395964,3.811877910678054,2.4934622776669073,5.816863987571548,4,3.9380308174395964,After the historical event,Event experienced
-2.88,1,1,1,Phenotypic variance,500,7.050253136346931,7.013909602567749,5.767353408647724,8.628888238099943,6.888530626150374,7.050253136346931,After the historical event,Event experienced
-2.86,0,0,0,Additive genetic variance,500,0.4875875843679754,0.4602176381952455,0.1894302217687057,0.93836793820918,0.4397162533339329,0.4875875843679754,Before the historical event,Event not experienced
-2.86,0,0,0,Nuclear-family environmental variance,500,2.285231487430383,2.310931840187362,1.0861457280502052,3.566181899132026,2.25,2.285231487430383,Before the historical event,Event not experienced
-2.86,0,0,0,Nonshared environmental variance,500,3.893584105665942,3.8661883436249154,2.727556556358395,5.181213621729349,4,3.893584105665942,Before the historical event,Event not experienced
-2.86,0,0,0,Phenotypic variance,500,6.6664031774643,6.63857145434843,5.95453077896085,7.450261392143204,6.689716253333932,6.6664031774643,Before the historical event,Event not experienced
-2.86,0,1,0,Additive genetic variance,500,0.4875875843679754,0.4602176381952455,0.1894302217687057,0.93836793820918,0.4397162533339329,0.4875875843679754,Before the historical event,Event experienced
-2.86,0,1,0,Nuclear-family environmental variance,500,2.285231487430383,2.310931840187362,1.0861457280502052,3.566181899132026,2.25,2.285231487430383,Before the historical event,Event experienced
-2.86,0,1,0,Nonshared environmental variance,500,3.893584105665942,3.8661883436249154,2.727556556358395,5.181213621729349,4,3.893584105665942,Before the historical event,Event experienced
-2.86,0,1,0,Phenotypic variance,500,6.6664031774643,6.63857145434843,5.95453077896085,7.450261392143204,6.689716253333932,6.6664031774643,Before the historical event,Event experienced
-2.86,1,0,0,Additive genetic variance,500,0.4875875843679754,0.4602176381952455,0.1894302217687057,0.93836793820918,0.4397162533339329,0.4875875843679754,After the historical event,Event not experienced
-2.86,1,0,0,Nuclear-family environmental variance,500,2.285231487430383,2.310931840187362,1.0861457280502052,3.566181899132026,2.25,2.285231487430383,After the historical event,Event not experienced
-2.86,1,0,0,Nonshared environmental variance,500,3.893584105665942,3.8661883436249154,2.727556556358395,5.181213621729349,4,3.893584105665942,After the historical event,Event not experienced
-2.86,1,0,0,Phenotypic variance,500,6.6664031774643,6.63857145434843,5.95453077896085,7.450261392143204,6.689716253333932,6.6664031774643,After the historical event,Event not experienced
-2.86,1,1,1,Additive genetic variance,500,0.7473075165095757,0.6868189992865351,0.2755401089017955,1.6698383792658578,0.6559795666778467,0.7473075165095757,After the historical event,Event experienced
-2.86,1,1,1,Nuclear-family environmental variance,500,2.382382212786771,2.2740189954185226,0.8962971065692165,4.499936142517386,2.25,2.382382212786771,After the historical event,Event experienced
-2.86,1,1,1,Nonshared environmental variance,500,3.938081337516906,3.812445661066265,2.5005392016037016,5.801063072984061,4,3.938081337516906,After the historical event,Event experienced
-2.86,1,1,1,Phenotypic variance,500,7.067771066813253,7.038527085391915,5.794380887244991,8.642144829331423,6.905979566677846,7.067771066813253,After the historical event,Event experienced
-2.84,0,0,0,Additive genetic variance,500,0.49999065729538883,0.47199274996349694,0.19635141420258093,0.9583888561756149,0.4516599799972751,0.49999065729538883,Before the historical event,Event not experienced
-2.84,0,0,0,Nuclear-family environmental variance,500,2.2841928464278163,2.3098598115396634,1.092619862919301,3.5526182664533965,2.25,2.2841928464278163,Before the historical event,Event not experienced
-2.84,0,0,0,Nonshared environmental variance,500,3.893794146347425,3.86722382991951,2.734685732770977,5.163520785871819,4,3.893794146347425,Before the historical event,Event not experienced
-2.84,0,0,0,Phenotypic variance,500,6.6779776500706305,6.650106603783074,5.974442725416967,7.461344377566653,6.701659979997276,6.6779776500706305,Before the historical event,Event not experienced
-2.84,0,1,0,Additive genetic variance,500,0.49999065729538883,0.47199274996349694,0.19635141420258093,0.9583888561756149,0.4516599799972751,0.49999065729538883,Before the historical event,Event experienced
-2.84,0,1,0,Nuclear-family environmental variance,500,2.2841928464278163,2.3098598115396634,1.092619862919301,3.5526182664533965,2.25,2.2841928464278163,Before the historical event,Event experienced
-2.84,0,1,0,Nonshared environmental variance,500,3.893794146347425,3.86722382991951,2.734685732770977,5.163520785871819,4,3.893794146347425,Before the historical event,Event experienced
-2.84,0,1,0,Phenotypic variance,500,6.6779776500706305,6.650106603783074,5.974442725416967,7.461344377566653,6.701659979997276,6.6779776500706305,Before the historical event,Event experienced
-2.84,1,0,0,Additive genetic variance,500,0.49999065729538883,0.47199274996349694,0.19635141420258093,0.9583888561756149,0.4516599799972751,0.49999065729538883,After the historical event,Event not experienced
-2.84,1,0,0,Nuclear-family environmental variance,500,2.2841928464278163,2.3098598115396634,1.092619862919301,3.5526182664533965,2.25,2.2841928464278163,After the historical event,Event not experienced
-2.84,1,0,0,Nonshared environmental variance,500,3.893794146347425,3.86722382991951,2.734685732770977,5.163520785871819,4,3.893794146347425,After the historical event,Event not experienced
-2.84,1,0,0,Phenotypic variance,500,6.6779776500706305,6.650106603783074,5.974442725416967,7.461344377566653,6.701659979997276,6.6779776500706305,After the historical event,Event not experienced
-2.84,1,1,1,Additive genetic variance,500,0.7663742339053253,0.7041435778421936,0.2852609275334228,1.704555901815414,0.6737975130960971,0.7663742339053253,After the historical event,Event experienced
-2.84,1,1,1,Nuclear-family environmental variance,500,2.38117389100758,2.274165984082162,0.8997888309163871,4.491314255409509,2.25,2.38117389100758,After the historical event,Event experienced
-2.84,1,1,1,Nonshared environmental variance,500,3.9381396398470243,3.816968913918531,2.5076151282222283,5.785367633458112,4,3.9381396398470243,After the historical event,Event experienced
-2.84,1,1,1,Phenotypic variance,500,7.08568776475993,7.064904450851275,5.821880300134623,8.655790575004678,6.923797513096098,7.08568776475993,After the historical event,Event experienced
-2.82,0,0,0,Additive genetic variance,500,0.5126394397141256,0.4850317916461355,0.2034833385875781,0.9787055863101934,0.4638539037793014,0.5126394397141256,Before the historical event,Event not experienced
-2.82,0,0,0,Nuclear-family environmental variance,500,2.283171723693689,2.30916345994764,1.0991145892614769,3.539339370220088,2.25,2.283171723693689,Before the historical event,Event not experienced
-2.82,0,0,0,Nonshared environmental variance,500,3.8940123026248026,3.8671895820832063,2.7429420886580136,5.145961480792813,4,3.8940123026248026,Before the historical event,Event not experienced
-2.82,0,0,0,Phenotypic variance,500,6.6898234660326175,6.662991258020019,5.987332224423055,7.466767974533182,6.7138539037793015,6.6898234660326175,Before the historical event,Event not experienced
-2.82,0,1,0,Additive genetic variance,500,0.5126394397141256,0.4850317916461355,0.2034833385875781,0.9787055863101934,0.4638539037793014,0.5126394397141256,Before the historical event,Event experienced
-2.82,0,1,0,Nuclear-family environmental variance,500,2.283171723693689,2.30916345994764,1.0991145892614769,3.539339370220088,2.25,2.283171723693689,Before the historical event,Event experienced
-2.82,0,1,0,Nonshared environmental variance,500,3.8940123026248026,3.8671895820832063,2.7429420886580136,5.145961480792813,4,3.8940123026248026,Before the historical event,Event experienced
-2.82,0,1,0,Phenotypic variance,500,6.6898234660326175,6.662991258020019,5.987332224423055,7.466767974533182,6.7138539037793015,6.6898234660326175,Before the historical event,Event experienced
-2.82,1,0,0,Additive genetic variance,500,0.5126394397141256,0.4850317916461355,0.2034833385875781,0.9787055863101934,0.4638539037793014,0.5126394397141256,After the historical event,Event not experienced
-2.82,1,0,0,Nuclear-family environmental variance,500,2.283171723693689,2.30916345994764,1.0991145892614769,3.539339370220088,2.25,2.283171723693689,After the historical event,Event not experienced
-2.82,1,0,0,Nonshared environmental variance,500,3.8940123026248026,3.8671895820832063,2.7429420886580136,5.145961480792813,4,3.8940123026248026,After the historical event,Event not experienced
-2.82,1,0,0,Phenotypic variance,500,6.6898234660326175,6.662991258020019,5.987332224423055,7.466767974533182,6.7138539037793015,6.6898234660326175,After the historical event,Event not experienced
-2.82,1,1,1,Additive genetic variance,500,0.7858191260524133,0.7222344415356375,0.29483451172356023,1.7397557326323665,0.6919887097552793,0.7858191260524133,After the historical event,Event experienced
-2.82,1,1,1,Nuclear-family environmental variance,500,2.379982234842,2.274837107998076,0.9032886713857451,4.482701892943366,2.25,2.379982234842,After the historical event,Event experienced
-2.82,1,1,1,Nonshared environmental variance,500,3.93820561953307,3.8215599150772204,2.5145283914626124,5.770210043233135,4,3.93820561953307,After the historical event,Event experienced
-2.82,1,1,1,Phenotypic variance,500,7.104006980427484,7.087641885080013,5.849856023812815,8.669829867127213,6.941988709755279,7.104006980427484,After the historical event,Event experienced
-2.8,0,0,0,Additive genetic variance,500,0.5255365341024127,0.4976430966277837,0.2108306415807982,0.9993188810425349,0.47630082509292465,0.5255365341024127,Before the historical event,Event not experienced
-2.8,0,0,0,Nuclear-family environmental variance,500,2.282167939565568,2.30848225245374,1.105629691120999,3.528087625249995,2.25,2.282167939565568,Before the historical event,Event not experienced
-2.8,0,0,0,Nonshared environmental variance,500,3.894238471916378,3.868756696219479,2.750933687304605,5.128534751187216,4,3.894238471916378,Before the historical event,Event not experienced
-2.8,0,0,0,Phenotypic variance,500,6.701942945584358,6.677053317133595,6.000518887841922,7.4621666078290305,6.726300825092925,6.701942945584358,Before the historical event,Event not experienced
-2.8,0,1,0,Additive genetic variance,500,0.5255365341024127,0.4976430966277837,0.2108306415807982,0.9993188810425349,0.47630082509292465,0.5255365341024127,Before the historical event,Event experienced
-2.8,0,1,0,Nuclear-family environmental variance,500,2.282167939565568,2.30848225245374,1.105629691120999,3.528087625249995,2.25,2.282167939565568,Before the historical event,Event experienced
-2.8,0,1,0,Nonshared environmental variance,500,3.894238471916378,3.868756696219479,2.750933687304605,5.128534751187216,4,3.894238471916378,Before the historical event,Event experienced
-2.8,0,1,0,Phenotypic variance,500,6.701942945584358,6.677053317133595,6.000518887841922,7.4621666078290305,6.726300825092925,6.701942945584358,Before the historical event,Event experienced
-2.8,1,0,0,Additive genetic variance,500,0.5255365341024127,0.4976430966277837,0.2108306415807982,0.9993188810425349,0.47630082509292465,0.5255365341024127,After the historical event,Event not experienced
-2.8,1,0,0,Nuclear-family environmental variance,500,2.282167939565568,2.30848225245374,1.105629691120999,3.528087625249995,2.25,2.282167939565568,After the historical event,Event not experienced
-2.8,1,0,0,Nonshared environmental variance,500,3.894238471916378,3.868756696219479,2.750933687304605,5.128534751187216,4,3.894238471916378,After the historical event,Event not experienced
-2.8,1,0,0,Phenotypic variance,500,6.701942945584358,6.677053317133595,6.000518887841922,7.4621666078290305,6.726300825092925,6.701942945584358,After the historical event,Event not experienced
-2.8,1,1,1,Additive genetic variance,500,0.8056461714858435,0.7389723972877984,0.3039868147746828,1.7754380361226882,0.7105573343805399,0.8056461714858435,After the historical event,Event experienced
-2.8,1,1,1,Nuclear-family environmental variance,500,2.3788070536835977,2.2753424070855375,0.9067965755421579,4.474099034056008,2.25,2.3788070536835977,After the historical event,Event experienced
-2.8,1,1,1,Nonshared environmental variance,500,3.9382791721780044,3.825294942357876,2.521141589667703,5.755248146242951,4,3.9382791721780044,After the historical event,Event experienced
-2.8,1,1,1,Phenotypic variance,500,7.122732397347446,7.107522645181454,5.878312329160821,8.68426704668052,6.96055733438054,7.122732397347446,After the historical event,Event experienced
-2.78,0,0,0,Additive genetic variance,500,0.5386844970201494,0.5104930749357083,0.2183980019002524,1.020229387615168,0.4890034966691808,0.5386844970201494,Before the historical event,Event not experienced
-2.78,0,0,0,Nuclear-family environmental variance,500,2.2811813155276717,2.307816178602133,1.1121649488669214,3.5188035378266465,2.25,2.2811813155276717,Before the historical event,Event not experienced
-2.78,0,0,0,Nonshared environmental variance,500,3.8944725521295163,3.8677017932520252,2.7585057258056285,5.111239650684862,4,3.8944725521295163,Before the historical event,Event not experienced
-2.78,0,0,0,Phenotypic variance,500,6.714338364677337,6.689272972514477,6.013914476666932,7.45509826626823,6.739003496669181,6.714338364677337,Before the historical event,Event not experienced
-2.78,0,1,0,Additive genetic variance,500,0.5386844970201494,0.5104930749357083,0.2183980019002524,1.020229387615168,0.4890034966691808,0.5386844970201494,Before the historical event,Event experienced
-2.78,0,1,0,Nuclear-family environmental variance,500,2.2811813155276717,2.307816178602133,1.1121649488669214,3.5188035378266465,2.25,2.2811813155276717,Before the historical event,Event experienced
-2.78,0,1,0,Nonshared environmental variance,500,3.8944725521295163,3.8677017932520252,2.7585057258056285,5.111239650684862,4,3.8944725521295163,Before the historical event,Event experienced
-2.78,0,1,0,Phenotypic variance,500,6.714338364677337,6.689272972514477,6.013914476666932,7.45509826626823,6.739003496669181,6.714338364677337,Before the historical event,Event experienced
-2.78,1,0,0,Additive genetic variance,500,0.5386844970201494,0.5104930749357083,0.2183980019002524,1.020229387615168,0.4890034966691808,0.5386844970201494,After the historical event,Event not experienced
-2.78,1,0,0,Nuclear-family environmental variance,500,2.2811813155276717,2.307816178602133,1.1121649488669214,3.5188035378266465,2.25,2.2811813155276717,After the historical event,Event not experienced
-2.78,1,0,0,Nonshared environmental variance,500,3.8944725521295163,3.8677017932520252,2.7585057258056285,5.111239650684862,4,3.8944725521295163,After the historical event,Event not experienced
-2.78,1,0,0,Phenotypic variance,500,6.714338364677337,6.689272972514477,6.013914476666932,7.45509826626823,6.739003496669181,6.714338364677337,After the historical event,Event not experienced
-2.78,1,1,1,Additive genetic variance,500,0.8258592759309462,0.7564834623313261,0.3133684661650856,1.8116027785222628,0.7295074935640247,0.8258592759309462,After the historical event,Event experienced
-2.78,1,1,1,Nuclear-family environmental variance,500,2.377648158098218,2.2751238198471078,0.910312490389094,4.467352138637345,2.25,2.377648158098218,After the historical event,Event experienced
-2.78,1,1,1,Nonshared environmental variance,500,3.93836019388337,3.830363524540843,2.525868976531902,5.741186202965062,4,3.93836019388337,After the historical event,Event experienced
-2.78,1,1,1,Phenotypic variance,500,7.141867627912534,7.124080322066503,5.907253375605652,8.699106398737133,6.979507493564025,7.141867627912534,After the historical event,Event experienced
-2.76,0,0,0,Additive genetic variance,500,0.5520858362386301,0.5236521799504182,0.22619012753903825,1.0414376455078922,0.5019646204927511,0.5520858362386301,Before the historical event,Event not experienced
-2.76,0,0,0,Nuclear-family environmental variance,500,2.2802116742009737,2.3108528674428648,1.1187201391954151,3.5095535280133436,2.25,2.2802116742009737,Before the historical event,Event not experienced
-2.76,0,0,0,Nonshared environmental variance,500,3.8947144416593438,3.8684005077828143,2.7660730434409535,5.094763539589369,4,3.8947144416593438,Before the historical event,Event not experienced
-2.76,0,0,0,Phenotypic variance,500,6.727011952098947,6.6998784690675475,6.027407192574756,7.453938583425845,6.7519646204927515,6.727011952098947,Before the historical event,Event not experienced
-2.76,0,1,0,Additive genetic variance,500,0.5520858362386301,0.5236521799504182,0.22619012753903825,1.0414376455078922,0.5019646204927511,0.5520858362386301,Before the historical event,Event experienced
-2.76,0,1,0,Nuclear-family environmental variance,500,2.2802116742009737,2.3108528674428648,1.1187201391954151,3.5095535280133436,2.25,2.2802116742009737,Before the historical event,Event experienced
-2.76,0,1,0,Nonshared environmental variance,500,3.8947144416593438,3.8684005077828143,2.7660730434409535,5.094763539589369,4,3.8947144416593438,Before the historical event,Event experienced
-2.76,0,1,0,Phenotypic variance,500,6.727011952098947,6.6998784690675475,6.027407192574756,7.453938583425845,6.7519646204927515,6.727011952098947,Before the historical event,Event experienced
-2.76,1,0,0,Additive genetic variance,500,0.5520858362386301,0.5236521799504182,0.22619012753903825,1.0414376455078922,0.5019646204927511,0.5520858362386301,After the historical event,Event not experienced
-2.76,1,0,0,Nuclear-family environmental variance,500,2.2802116742009737,2.3108528674428648,1.1187201391954151,3.5095535280133436,2.25,2.2802116742009737,After the historical event,Event not experienced
-2.76,1,0,0,Nonshared environmental variance,500,3.8947144416593438,3.8684005077828143,2.7660730434409535,5.094763539589369,4,3.8947144416593438,After the historical event,Event not experienced
-2.76,1,0,0,Phenotypic variance,500,6.727011952098947,6.6998784690675475,6.027407192574756,7.453938583425845,6.7519646204927515,6.727011952098947,After the historical event,Event not experienced
-2.76,1,1,1,Additive genetic variance,500,0.8464622678181405,0.7761807595741472,0.32294036867833165,1.8497035040402068,0.7488432181932135,0.8464622678181405,After the historical event,Event experienced
-2.76,1,1,1,Nuclear-family environmental variance,500,2.376505359814871,2.2754323544707065,0.9138363623705338,4.46115648291936,2.25,2.376505359814871,After the historical event,Event experienced
-2.76,1,1,1,Nonshared environmental variance,500,3.9384485812480725,3.8352240308159042,2.5306003356349693,5.734200961664545,4,3.9384485812480725,After the historical event,Event experienced
-2.76,1,1,1,Phenotypic variance,500,7.161416208881084,7.149708150354205,5.936683205209828,8.71435214749107,6.998843218193214,7.161416208881084,After the historical event,Event experienced
-2.74,0,0,0,Additive genetic variance,500,0.5657430078289462,0.5379316264002723,0.23421175284852913,1.0629440838812672,0.5151868446966414,0.5657430078289462,Before the historical event,Event not experienced
-2.74,0,0,0,Nuclear-family environmental variance,500,2.2792588393335036,2.3105382662247504,1.1252950351327913,3.5003374601864623,2.25,2.2792588393335036,Before the historical event,Event not experienced
-2.74,0,0,0,Nonshared environmental variance,500,3.894964039387488,3.870601342144396,2.7736354810257353,5.08351851655333,4,3.894964039387488,Before the historical event,Event not experienced
-2.74,0,0,0,Phenotypic variance,500,6.739965886549937,6.719408412915984,6.04120866083257,7.4541189491766975,6.7651868446966414,6.739965886549937,Before the historical event,Event not experienced
-2.74,0,1,0,Additive genetic variance,500,0.5657430078289462,0.5379316264002723,0.23421175284852913,1.0629440838812672,0.5151868446966414,0.5657430078289462,Before the historical event,Event experienced
-2.74,0,1,0,Nuclear-family environmental variance,500,2.2792588393335036,2.3105382662247504,1.1252950351327913,3.5003374601864623,2.25,2.2792588393335036,Before the historical event,Event experienced
-2.74,0,1,0,Nonshared environmental variance,500,3.894964039387488,3.870601342144396,2.7736354810257353,5.08351851655333,4,3.894964039387488,Before the historical event,Event experienced
-2.74,0,1,0,Phenotypic variance,500,6.739965886549937,6.719408412915984,6.04120866083257,7.4541189491766975,6.7651868446966414,6.739965886549937,Before the historical event,Event experienced
-2.74,1,0,0,Additive genetic variance,500,0.5657430078289462,0.5379316264002723,0.23421175284852913,1.0629440838812672,0.5151868446966414,0.5657430078289462,After the historical event,Event not experienced
-2.74,1,0,0,Nuclear-family environmental variance,500,2.2792588393335036,2.3105382662247504,1.1252950351327913,3.5003374601864623,2.25,2.2792588393335036,After the historical event,Event not experienced
-2.74,1,0,0,Nonshared environmental variance,500,3.894964039387488,3.870601342144396,2.7736354810257353,5.08351851655333,4,3.894964039387488,After the historical event,Event not experienced
-2.74,1,0,0,Phenotypic variance,500,6.739965886549937,6.719408412915984,6.04120866083257,7.4541189491766975,6.7651868446966414,6.739965886549937,After the historical event,Event not experienced
-2.74,1,1,1,Additive genetic variance,500,0.8674588937341778,0.7981354536747389,0.33249674696999776,1.88940557454304,0.7685684588183271,0.8674588937341778,After the historical event,Event experienced
-2.74,1,1,1,Nuclear-family environmental variance,500,2.3753784717168194,2.274834971433781,0.918827322749038,4.454947777806348,2.25,2.3753784717168194,After the historical event,Event experienced
-2.74,1,1,1,Nonshared environmental variance,500,3.9385442313671915,3.839742180425684,2.5353356179369406,5.72723066596108,4,3.9385442313671915,After the historical event,Event experienced
-2.74,1,1,1,Phenotypic variance,500,7.181381596818189,7.167677132439033,5.966605736694256,8.730008451204231,7.0185684588183275,7.181381596818189,After the historical event,Event experienced
-2.7199999999999998,0,0,0,Additive genetic variance,500,0.5796584132107032,0.5523920180424828,0.24246763548957112,1.0847490190417348,0.528672760417952,0.5796584132107032,Before the historical event,Event not experienced
-2.7199999999999998,0,0,0,Nuclear-family environmental variance,500,2.2783226357908437,2.3098758539242183,1.1318169605424304,3.490971595475127,2.25,2.2783226357908437,Before the historical event,Event not experienced
-2.7199999999999998,0,0,0,Nonshared environmental variance,500,3.8952212446808523,3.873064959740807,2.7811928790915097,5.07570306665227,4,3.8952212446808523,Before the historical event,Event not experienced
-2.7199999999999998,0,0,0,Phenotypic variance,500,6.753202293682399,6.73665623863625,6.055322943688914,7.470453620325365,6.778672760417952,6.753202293682399,Before the historical event,Event not experienced
-2.7199999999999998,0,1,0,Additive genetic variance,500,0.5796584132107032,0.5523920180424828,0.24246763548957112,1.0847490190417348,0.528672760417952,0.5796584132107032,Before the historical event,Event experienced
-2.7199999999999998,0,1,0,Nuclear-family environmental variance,500,2.2783226357908437,2.3098758539242183,1.1318169605424304,3.490971595475127,2.25,2.2783226357908437,Before the historical event,Event experienced
-2.7199999999999998,0,1,0,Nonshared environmental variance,500,3.8952212446808523,3.873064959740807,2.7811928790915097,5.07570306665227,4,3.8952212446808523,Before the historical event,Event experienced
-2.7199999999999998,0,1,0,Phenotypic variance,500,6.753202293682399,6.73665623863625,6.055322943688914,7.470453620325365,6.778672760417952,6.753202293682399,Before the historical event,Event experienced
-2.7199999999999998,1,0,0,Additive genetic variance,500,0.5796584132107032,0.5523920180424828,0.24246763548957112,1.0847490190417348,0.528672760417952,0.5796584132107032,After the historical event,Event not experienced
-2.7199999999999998,1,0,0,Nuclear-family environmental variance,500,2.2783226357908437,2.3098758539242183,1.1318169605424304,3.490971595475127,2.25,2.2783226357908437,After the historical event,Event not experienced
-2.7199999999999998,1,0,0,Nonshared environmental variance,500,3.8952212446808523,3.873064959740807,2.7811928790915097,5.07570306665227,4,3.8952212446808523,After the historical event,Event not experienced
-2.7199999999999998,1,0,0,Phenotypic variance,500,6.753202293682399,6.73665623863625,6.055322943688914,7.470453620325365,6.778672760417952,6.753202293682399,After the historical event,Event not experienced
-2.7199999999999998,1,1,1,Additive genetic variance,500,0.8888528138124842,0.8155610003314835,0.34197485302043507,1.9296736648201291,0.7886870809616869,0.8888528138124842,After the historical event,Event experienced
-2.7199999999999998,1,1,1,Nuclear-family environmental variance,500,2.3742673078328616,2.273949590118352,0.9241470052532313,4.448726101430699,2.25,2.3742673078328616,After the historical event,Event experienced
-2.7199999999999998,1,1,1,Nonshared environmental variance,500,3.9386470418308366,3.842260661842729,2.539884454869417,5.720275251454517,4,3.9386470418308366,After the historical event,Event experienced
-2.7199999999999998,1,1,1,Phenotypic variance,500,7.201767163476182,7.181126245393701,5.997024759398522,8.746079397071673,7.038687080961687,7.201767163476182,After the historical event,Event experienced
-2.7,0,0,0,Additive genetic variance,500,0.5938343961627732,0.5665983683970681,0.25096255325083705,1.1068526519308746,0.5424248986167587,0.5938343961627732,Before the historical event,Event not experienced
-2.7,0,0,0,Nuclear-family environmental variance,500,2.27740288954682,2.3116655571227573,1.1381745163582133,3.4815575961020357,2.25,2.27740288954682,Before the historical event,Event not experienced
-2.7,0,0,0,Nonshared environmental variance,500,3.895485957390433,3.8741840287287115,2.7887450778921172,5.067924374158515,4,3.895485957390433,Before the historical event,Event not experienced
-2.7,0,0,0,Phenotypic variance,500,6.766723243100026,6.748457951787648,6.071700831626538,7.489611558268494,6.792424898616758,6.766723243100026,Before the historical event,Event not experienced
-2.7,0,1,0,Additive genetic variance,500,0.5938343961627732,0.5665983683970681,0.25096255325083705,1.1068526519308746,0.5424248986167587,0.5938343961627732,Before the historical event,Event experienced
-2.7,0,1,0,Nuclear-family environmental variance,500,2.27740288954682,2.3116655571227573,1.1381745163582133,3.4815575961020357,2.25,2.27740288954682,Before the historical event,Event experienced
-2.7,0,1,0,Nonshared environmental variance,500,3.895485957390433,3.8741840287287115,2.7887450778921172,5.067924374158515,4,3.895485957390433,Before the historical event,Event experienced
-2.7,0,1,0,Phenotypic variance,500,6.766723243100026,6.748457951787648,6.071700831626538,7.489611558268494,6.792424898616758,6.766723243100026,Before the historical event,Event experienced
-2.7,1,0,0,Additive genetic variance,500,0.5938343961627732,0.5665983683970681,0.25096255325083705,1.1068526519308746,0.5424248986167587,0.5938343961627732,After the historical event,Event not experienced
-2.7,1,0,0,Nuclear-family environmental variance,500,2.27740288954682,2.3116655571227573,1.1381745163582133,3.4815575961020357,2.25,2.27740288954682,After the historical event,Event not experienced
-2.7,1,0,0,Nonshared environmental variance,500,3.895485957390433,3.8741840287287115,2.7887450778921172,5.067924374158515,4,3.895485957390433,After the historical event,Event not experienced
-2.7,1,0,0,Phenotypic variance,500,6.766723243100026,6.748457951787648,6.071700831626538,7.489611558268494,6.792424898616758,6.766723243100026,After the historical event,Event not experienced
-2.7,1,1,1,Additive genetic variance,500,0.9106475970653488,0.8363711330537484,0.35228116202758164,1.9705077107926323,0.8092028603720427,0.9106475970653488,After the historical event,Event experienced
-2.7,1,1,1,Nuclear-family environmental variance,500,2.3731716833288163,2.2703951076729765,0.9294788121865818,4.442491532007004,2.25,2.3731716833288163,After the historical event,Event experienced
-2.7,1,1,1,Nonshared environmental variance,500,3.9387569107230336,3.842906341464211,2.5463390998631734,5.713334654176685,4,3.9387569107230336,After the historical event,Event experienced
-2.7,1,1,1,Phenotypic variance,500,7.222576191117199,7.192481456440025,6.024291293687845,8.7625689960087,7.059202860372043,7.222576191117199,After the historical event,Event experienced
-2.68,0,0,0,Additive genetic variance,500,0.6082732397979124,0.580526234485208,0.25970130073366526,1.1292550656413833,0.5564457268602363,0.6082732397979124,Before the historical event,Event not experienced
-2.68,0,0,0,Nuclear-family environmental variance,500,2.276499427674387,2.3134321928670296,1.144549985232865,3.472199638044075,2.25,2.276499427674387,Before the historical event,Event not experienced
-2.68,0,0,0,Nonshared environmental variance,500,3.8957580778501657,3.874850105862188,2.79625358355211,5.06018230754502,4,3.8957580778501657,Before the historical event,Event not experienced
-2.68,0,0,0,Phenotypic variance,500,6.780530745322465,6.757671923638821,6.089673536575496,7.509063135216157,6.806445726860236,6.780530745322465,Before the historical event,Event not experienced
-2.68,0,1,0,Additive genetic variance,500,0.6082732397979124,0.580526234485208,0.25970130073366526,1.1292550656413833,0.5564457268602363,0.6082732397979124,Before the historical event,Event experienced
-2.68,0,1,0,Nuclear-family environmental variance,500,2.276499427674387,2.3134321928670296,1.144549985232865,3.472199638044075,2.25,2.276499427674387,Before the historical event,Event experienced
-2.68,0,1,0,Nonshared environmental variance,500,3.8957580778501657,3.874850105862188,2.79625358355211,5.06018230754502,4,3.8957580778501657,Before the historical event,Event experienced
-2.68,0,1,0,Phenotypic variance,500,6.780530745322465,6.757671923638821,6.089673536575496,7.509063135216157,6.806445726860236,6.780530745322465,Before the historical event,Event experienced
-2.68,1,0,0,Additive genetic variance,500,0.6082732397979124,0.580526234485208,0.25970130073366526,1.1292550656413833,0.5564457268602363,0.6082732397979124,After the historical event,Event not experienced
-2.68,1,0,0,Nuclear-family environmental variance,500,2.276499427674387,2.3134321928670296,1.144549985232865,3.472199638044075,2.25,2.276499427674387,After the historical event,Event not experienced
-2.68,1,0,0,Nonshared environmental variance,500,3.8957580778501657,3.874850105862188,2.79625358355211,5.06018230754502,4,3.8957580778501657,After the historical event,Event not experienced
-2.68,1,0,0,Phenotypic variance,500,6.780530745322465,6.757671923638821,6.089673536575496,7.509063135216157,6.806445726860236,6.780530745322465,After the historical event,Event not experienced
-2.68,1,1,1,Additive genetic variance,500,0.9328467166608878,0.8573776333167344,0.36277433874547427,2.011946822991855,0.8301194782270489,0.9328467166608878,After the historical event,Event experienced
-2.68,1,1,1,Nuclear-family environmental variance,500,2.3720914144991943,2.2683566008955705,0.9348225973131625,4.436244147830414,2.25,2.3720914144991943,After the historical event,Event experienced
-2.68,1,1,1,Nonshared environmental variance,500,3.938873736620651,3.837198857785081,2.554007928018972,5.70652208468036,4,3.938873736620651,After the historical event,Event experienced
-2.68,1,1,1,Phenotypic variance,500,7.2438118677807335,7.217659276941682,6.051399839586681,8.77948117736296,7.080119478227049,7.2438118677807335,After the historical event,Event experienced
-2.66,0,0,0,Additive genetic variance,500,0.6229771635031428,0.5957862110895109,0.2686886859028645,1.1519562229623252,0.5707376460742317,0.6229771635031428,Before the historical event,Event not experienced
-2.66,0,0,0,Nuclear-family environmental variance,500,2.275612078336694,2.3151756794199314,1.1509431470716187,3.462897404430402,2.25,2.275612078336694,Before the historical event,Event not experienced
-2.66,0,0,0,Nonshared environmental variance,500,3.896037506875816,3.8740755198155483,2.803725395662399,5.052476736117228,4,3.896037506875816,Before the historical event,Event not experienced
-2.66,0,0,0,Phenotypic variance,500,6.794626748715653,6.777912916755278,6.109911502548993,7.528807722868795,6.820737646074232,6.794626748715653,Before the historical event,Event not experienced
-2.66,0,1,0,Additive genetic variance,500,0.6229771635031428,0.5957862110895109,0.2686886859028645,1.1519562229623252,0.5707376460742317,0.6229771635031428,Before the historical event,Event experienced
-2.66,0,1,0,Nuclear-family environmental variance,500,2.275612078336694,2.3151756794199314,1.1509431470716187,3.462897404430402,2.25,2.275612078336694,Before the historical event,Event experienced
-2.66,0,1,0,Nonshared environmental variance,500,3.896037506875816,3.8740755198155483,2.803725395662399,5.052476736117228,4,3.896037506875816,Before the historical event,Event experienced
-2.66,0,1,0,Phenotypic variance,500,6.794626748715653,6.777912916755278,6.109911502548993,7.528807722868795,6.820737646074232,6.794626748715653,Before the historical event,Event experienced
-2.66,1,0,0,Additive genetic variance,500,0.6229771635031428,0.5957862110895109,0.2686886859028645,1.1519562229623252,0.5707376460742317,0.6229771635031428,After the historical event,Event not experienced
-2.66,1,0,0,Nuclear-family environmental variance,500,2.275612078336694,2.3151756794199314,1.1509431470716187,3.462897404430402,2.25,2.275612078336694,After the historical event,Event not experienced
-2.66,1,0,0,Nonshared environmental variance,500,3.896037506875816,3.8740755198155483,2.803725395662399,5.052476736117228,4,3.896037506875816,After the historical event,Event not experienced
-2.66,1,0,0,Phenotypic variance,500,6.794626748715653,6.777912916755278,6.109911502548993,7.528807722868795,6.820737646074232,6.794626748715653,After the historical event,Event not experienced
-2.66,1,1,1,Additive genetic variance,500,0.9554535451478097,0.8794614587316281,0.3735175398938361,2.054123412726423,0.8514405162871811,0.9554535451478097,After the historical event,Event experienced
-2.66,1,1,1,Nuclear-family environmental variance,500,2.371026318759067,2.26632808804941,0.9401782128115952,4.42998402727501,2.25,2.371026318759067,After the historical event,Event experienced
-2.66,1,1,1,Nonshared environmental variance,500,3.938997418592358,3.836509641411892,2.5597431842623823,5.699904067800582,4,3.938997418592358,After the historical event,Event experienced
-2.66,1,1,1,Phenotypic variance,500,7.265477282499235,7.2431564808735445,6.079099810153194,8.796819783554948,7.101440516287181,7.265477282499235,After the historical event,Event experienced
-2.64,0,0,0,Additive genetic variance,500,0.6379483198479143,0.6111359871748623,0.2779295265031655,1.1749559639562845,0.5853029872646032,0.6379483198479143,Before the historical event,Event not experienced
-2.64,0,0,0,Nuclear-family environmental variance,500,2.27474067077835,2.316599688584553,1.1573537784659327,3.453650580728854,2.25,2.27474067077835,Before the historical event,Event not experienced
-2.64,0,0,0,Nonshared environmental variance,500,3.8963241457639,3.8744849562002823,2.811191954659389,5.044807530008677,4,3.8963241457639,Before the historical event,Event not experienced
-2.64,0,0,0,Phenotypic variance,500,6.809013136390164,6.794224869649283,6.129650379699216,7.548844563657823,6.835302987264603,6.809013136390164,Before the historical event,Event not experienced
-2.64,0,1,0,Additive genetic variance,500,0.6379483198479143,0.6111359871748623,0.2779295265031655,1.1749559639562845,0.5853029872646032,0.6379483198479143,Before the historical event,Event experienced
-2.64,0,1,0,Nuclear-family environmental variance,500,2.27474067077835,2.316599688584553,1.1573537784659327,3.453650580728854,2.25,2.27474067077835,Before the historical event,Event experienced
-2.64,0,1,0,Nonshared environmental variance,500,3.8963241457639,3.8744849562002823,2.811191954659389,5.044807530008677,4,3.8963241457639,Before the historical event,Event experienced
-2.64,0,1,0,Phenotypic variance,500,6.809013136390164,6.794224869649283,6.129650379699216,7.548844563657823,6.835302987264603,6.809013136390164,Before the historical event,Event experienced
-2.64,1,0,0,Additive genetic variance,500,0.6379483198479143,0.6111359871748623,0.2779295265031655,1.1749559639562845,0.5853029872646032,0.6379483198479143,After the historical event,Event not experienced
-2.64,1,0,0,Nuclear-family environmental variance,500,2.27474067077835,2.316599688584553,1.1573537784659327,3.453650580728854,2.25,2.27474067077835,After the historical event,Event not experienced
-2.64,1,0,0,Nonshared environmental variance,500,3.8963241457639,3.8744849562002823,2.811191954659389,5.044807530008677,4,3.8963241457639,After the historical event,Event not experienced
-2.64,1,0,0,Phenotypic variance,500,6.809013136390164,6.794224869649283,6.129650379699216,7.548844563657823,6.835302987264603,6.809013136390164,After the historical event,Event not experienced
-2.64,1,1,1,Additive genetic variance,500,0.9784713496312013,0.9012917253136772,0.38451447979984643,2.096870953427669,0.8731694520045489,0.9784713496312013,After the historical event,Event experienced
-2.64,1,1,1,Nuclear-family environmental variance,500,2.3699762146361243,2.268458448145128,0.9455455092778319,4.423711248792174,2.25,2.3699762146361243,After the historical event,Event experienced
-2.64,1,1,1,Nonshared environmental variance,500,3.9391278561976195,3.8366478568271396,2.5652242072220814,5.693298054391983,4,3.9391278561976195,After the historical event,Event experienced
-2.64,1,1,1,Phenotypic variance,500,7.287575420464945,7.2687326540177075,6.1073937733365,8.833606236408356,7.123169452004548,7.287575420464945,After the historical event,Event experienced
-2.62,0,0,0,Additive genetic variance,500,0.6531887914621395,0.6261303839520124,0.28742864634117415,1.1982540035710414,0.6001440082107344,0.6531887914621395,Before the historical event,Event not experienced
-2.62,0,0,0,Nuclear-family environmental variance,500,2.2738850353168636,2.3154076866033155,1.1637816527000595,3.444458854728432,2.25,2.2738850353168636,Before the historical event,Event not experienced
-2.62,0,0,0,Nonshared environmental variance,500,3.8966178962906444,3.8768333211082906,2.818653106558684,5.036560082493175,4,3.8966178962906444,Before the historical event,Event not experienced
-2.62,0,0,0,Phenotypic variance,500,6.823691723069647,6.802701201854023,6.148948952735604,7.569172768565103,6.8501440082107345,6.823691723069647,Before the historical event,Event not experienced
-2.62,0,1,0,Additive genetic variance,500,0.6531887914621395,0.6261303839520124,0.28742864634117415,1.1982540035710414,0.6001440082107344,0.6531887914621395,Before the historical event,Event experienced
-2.62,0,1,0,Nuclear-family environmental variance,500,2.2738850353168636,2.3154076866033155,1.1637816527000595,3.444458854728432,2.25,2.2738850353168636,Before the historical event,Event experienced
-2.62,0,1,0,Nonshared environmental variance,500,3.8966178962906444,3.8768333211082906,2.818653106558684,5.036560082493175,4,3.8966178962906444,Before the historical event,Event experienced
-2.62,0,1,0,Phenotypic variance,500,6.823691723069647,6.802701201854023,6.148948952735604,7.569172768565103,6.8501440082107345,6.823691723069647,Before the historical event,Event experienced
-2.62,1,0,0,Additive genetic variance,500,0.6531887914621395,0.6261303839520124,0.28742864634117415,1.1982540035710414,0.6001440082107344,0.6531887914621395,After the historical event,Event not experienced
-2.62,1,0,0,Nuclear-family environmental variance,500,2.2738850353168636,2.3154076866033155,1.1637816527000595,3.444458854728432,2.25,2.2738850353168636,After the historical event,Event not experienced
-2.62,1,0,0,Nonshared environmental variance,500,3.8966178962906444,3.8768333211082906,2.818653106558684,5.036560082493175,4,3.8966178962906444,After the historical event,Event not experienced
-2.62,1,0,0,Phenotypic variance,500,6.823691723069647,6.802701201854023,6.148948952735604,7.569172768565103,6.8501440082107345,6.823691723069647,After the historical event,Event not experienced
-2.62,1,1,1,Additive genetic variance,500,1.0019032869026736,0.921808011145373,0.3963197005811473,2.1401883632594068,0.8953096535901989,1.0019032869026736,After the historical event,Event experienced
-2.62,1,1,1,Nuclear-family environmental variance,500,2.3689409217629125,2.265087695366461,0.9509243357281159,4.417425890908951,2.25,2.3689409217629125,After the historical event,Event experienced
-2.62,1,1,1,Nonshared environmental variance,500,3.9392649494857275,3.8293851003298496,2.570024078271749,5.68670399094509,4,3.9392649494857275,After the historical event,Event experienced
-2.62,1,1,1,Phenotypic variance,500,7.310109158151313,7.291939018403833,6.136142872445275,8.865804330429707,7.145309653590199,7.310109158151313,After the historical event,Event experienced
-2.6,0,0,0,Additive genetic variance,500,0.6687005878862943,0.6413903478149194,0.29719087143287826,1.221849929288425,0.6152628901337169,0.6687005878862943,Before the historical event,Event not experienced
-2.6,0,0,0,Nuclear-family environmental variance,500,2.273045003334269,2.3131251817115537,1.1702265397582654,3.4353219165219198,2.25,2.273045003334269,Before the historical event,Event not experienced
-2.6,0,0,0,Nonshared environmental variance,500,3.8969186607109787,3.8774893804071957,2.8261086971335554,5.026256569737866,4,3.8969186607109787,Before the historical event,Event not experienced
-2.6,0,0,0,Phenotypic variance,500,6.838664251931542,6.813096449176346,6.165184386626882,7.581481965493421,6.865262890133717,6.838664251931542,Before the historical event,Event not experienced
-2.6,0,1,0,Additive genetic variance,500,0.6687005878862943,0.6413903478149194,0.29719087143287826,1.221849929288425,0.6152628901337169,0.6687005878862943,Before the historical event,Event experienced
-2.6,0,1,0,Nuclear-family environmental variance,500,2.273045003334269,2.3131251817115537,1.1702265397582654,3.4353219165219198,2.25,2.273045003334269,Before the historical event,Event experienced
-2.6,0,1,0,Nonshared environmental variance,500,3.8969186607109787,3.8774893804071957,2.8261086971335554,5.026256569737866,4,3.8969186607109787,Before the historical event,Event experienced
-2.6,0,1,0,Phenotypic variance,500,6.838664251931542,6.813096449176346,6.165184386626882,7.581481965493421,6.865262890133717,6.838664251931542,Before the historical event,Event experienced
-2.6,1,0,0,Additive genetic variance,500,0.6687005878862943,0.6413903478149194,0.29719087143287826,1.221849929288425,0.6152628901337169,0.6687005878862943,After the historical event,Event not experienced
-2.6,1,0,0,Nuclear-family environmental variance,500,2.273045003334269,2.3131251817115537,1.1702265397582654,3.4353219165219198,2.25,2.273045003334269,After the historical event,Event not experienced
-2.6,1,0,0,Nonshared environmental variance,500,3.8969186607109787,3.8774893804071957,2.8261086971335554,5.026256569737866,4,3.8969186607109787,After the historical event,Event not experienced
-2.6,1,0,0,Phenotypic variance,500,6.838664251931542,6.813096449176346,6.165184386626882,7.581481965493421,6.865262890133717,6.838664251931542,After the historical event,Event not experienced
-2.6,1,1,1,Additive genetic variance,500,1.0257523985283579,0.9441105937006263,0.40924740364660694,2.184074276739836,0.9178643750436264,1.0257523985283579,After the historical event,Event experienced
-2.6,1,1,1,Nuclear-family environmental variance,500,2.367920260869268,2.2669622772103883,0.9563145396021199,4.411128032226418,2.25,2.367920260869268,After the historical event,Event experienced
-2.6,1,1,1,Nonshared environmental variance,500,3.9394085989948624,3.8272600182242313,2.57482841221627,5.680121824339926,4,3.9394085989948624,After the historical event,Event experienced
-2.6,1,1,1,Phenotypic variance,500,7.333081258392489,7.308427345962993,6.165507624920945,8.883312903015199,7.167864375043626,7.333081258392489,After the historical event,Event experienced
-2.58,0,0,0,Additive genetic variance,500,0.6844856423958691,0.6569174188878886,0.3072210260169621,1.245743198813007,0.6306617343417972,0.6844856423958691,Before the historical event,Event not experienced
-2.58,0,0,0,Nuclear-family environmental variance,500,2.272220407268935,2.310644970498749,1.176688206332713,3.426239458488667,2.25,2.272220407268935,Before the historical event,Event not experienced
-2.58,0,0,0,Nonshared environmental variance,500,3.8972263417575657,3.8780313077000743,2.833558571920636,5.0170863042947005,4,3.8972263417575657,Before the historical event,Event not experienced
-2.58,0,0,0,Phenotypic variance,500,6.8539323914223695,6.822603913468018,6.187434548660429,7.589873298532635,6.880661734341797,6.8539323914223695,Before the historical event,Event not experienced
-2.58,0,1,0,Additive genetic variance,500,0.6844856423958691,0.6569174188878886,0.3072210260169621,1.245743198813007,0.6306617343417972,0.6844856423958691,Before the historical event,Event experienced
-2.58,0,1,0,Nuclear-family environmental variance,500,2.272220407268935,2.310644970498749,1.176688206332713,3.426239458488667,2.25,2.272220407268935,Before the historical event,Event experienced
-2.58,0,1,0,Nonshared environmental variance,500,3.8972263417575657,3.8780313077000743,2.833558571920636,5.0170863042947005,4,3.8972263417575657,Before the historical event,Event experienced
-2.58,0,1,0,Phenotypic variance,500,6.8539323914223695,6.822603913468018,6.187434548660429,7.589873298532635,6.880661734341797,6.8539323914223695,Before the historical event,Event experienced
-2.58,1,0,0,Additive genetic variance,500,0.6844856423958691,0.6569174188878886,0.3072210260169621,1.245743198813007,0.6306617343417972,0.6844856423958691,After the historical event,Event not experienced
-2.58,1,0,0,Nuclear-family environmental variance,500,2.272220407268935,2.310644970498749,1.176688206332713,3.426239458488667,2.25,2.272220407268935,After the historical event,Event not experienced
-2.58,1,0,0,Nonshared environmental variance,500,3.8972263417575657,3.8780313077000743,2.833558571920636,5.0170863042947005,4,3.8972263417575657,After the historical event,Event not experienced
-2.58,1,0,0,Phenotypic variance,500,6.8539323914223695,6.822603913468018,6.187434548660429,7.589873298532635,6.880661734341797,6.8539323914223695,After the historical event,Event not experienced
-2.58,1,1,1,Additive genetic variance,500,1.0500216058983936,0.9692484159816852,0.422514571186704,2.2285270396553836,0.9408367511483707,1.0500216058983936,After the historical event,Event experienced
-2.58,1,1,1,Nuclear-family environmental variance,500,2.366914053774924,2.2690851297391195,0.9617159667662645,4.404817751418055,2.25,2.366914053774924,After the historical event,Event experienced
-2.58,1,1,1,Nonshared environmental variance,500,3.939558705751194,3.832600611447938,2.579637168230917,5.671104307654769,4,3.939558705751194,After the historical event,Event experienced
-2.58,1,1,1,Phenotypic variance,500,7.356494365424512,7.3323355479429795,6.1984832686275,8.90129252018069,7.190836751148371,7.356494365424512,After the historical event,Event experienced
-2.56,0,0,0,Additive genetic variance,500,0.7005458088025476,0.6727130450424452,0.3175239284343847,1.2699331378033287,0.6463425588557716,0.7005458088025476,Before the historical event,Event not experienced
-2.56,0,0,0,Nuclear-family environmental variance,500,2.271411080607549,2.3081730248366363,1.1831664158320074,3.4172111752775116,2.25,2.271411080607549,Before the historical event,Event not experienced
-2.56,0,0,0,Nonshared environmental variance,500,3.897540842639861,3.8779532622195467,2.8410025762256437,5.010750116155776,4,3.897540842639861,Before the historical event,Event not experienced
-2.56,0,0,0,Phenotypic variance,500,6.8694977320499575,6.8411410445952345,6.2099424242775925,7.598533758627546,6.896342558855771,6.8694977320499575,Before the historical event,Event not experienced
-2.56,0,1,0,Additive genetic variance,500,0.7005458088025476,0.6727130450424452,0.3175239284343847,1.2699331378033287,0.6463425588557716,0.7005458088025476,Before the historical event,Event experienced
-2.56,0,1,0,Nuclear-family environmental variance,500,2.271411080607549,2.3081730248366363,1.1831664158320074,3.4172111752775116,2.25,2.271411080607549,Before the historical event,Event experienced
-2.56,0,1,0,Nonshared environmental variance,500,3.897540842639861,3.8779532622195467,2.8410025762256437,5.010750116155776,4,3.897540842639861,Before the historical event,Event experienced
-2.56,0,1,0,Phenotypic variance,500,6.8694977320499575,6.8411410445952345,6.2099424242775925,7.598533758627546,6.896342558855771,6.8694977320499575,Before the historical event,Event experienced
-2.56,1,0,0,Additive genetic variance,500,0.7005458088025476,0.6727130450424452,0.3175239284343847,1.2699331378033287,0.6463425588557716,0.7005458088025476,After the historical event,Event not experienced
-2.56,1,0,0,Nuclear-family environmental variance,500,2.271411080607549,2.3081730248366363,1.1831664158320074,3.4172111752775116,2.25,2.271411080607549,After the historical event,Event not experienced
-2.56,1,0,0,Nonshared environmental variance,500,3.897540842639861,3.8779532622195467,2.8410025762256437,5.010750116155776,4,3.897540842639861,After the historical event,Event not experienced
-2.56,1,0,0,Phenotypic variance,500,6.8694977320499575,6.8411410445952345,6.2099424242775925,7.598533758627546,6.896342558855771,6.8694977320499575,After the historical event,Event not experienced
-2.56,1,1,1,Additive genetic variance,500,1.0747137052416942,0.9948861410984298,0.43612695036463234,2.273544704089792,0.9642297924376965,1.0747137052416942,After the historical event,Event experienced
-2.56,1,1,1,Nuclear-family environmental variance,500,2.365922123382303,2.2676039926834353,0.9671284615172158,4.398495127228113,2.25,2.365922123382303,After the historical event,Event experienced
-2.56,1,1,1,Nonshared environmental variance,500,3.9397151712680083,3.83577897948647,2.586224879525256,5.657491397183625,4,3.9397151712680083,After the historical event,Event experienced
-2.56,1,1,1,Phenotypic variance,500,7.380350999892006,7.363813802704609,6.228503567698241,8.919411952423971,7.214229792437696,7.380350999892006,After the historical event,Event experienced
-2.54,0,0,0,Additive genetic variance,500,0.7168828582345813,0.688778578721516,0.32825081147781576,1.2944189376483504,0.6623072950171032,0.7168828582345813,Before the historical event,Event not experienced
-2.54,0,0,0,Nuclear-family environmental variance,500,2.2706168578772794,2.308152362548378,1.1896609283904063,3.4082367637898536,2.25,2.2706168578772794,Before the historical event,Event not experienced
-2.54,0,0,0,Nonshared environmental variance,500,3.8978620670432127,3.8790562531823842,2.848440555129133,5.004433583414695,4,3.8978620670432127,Before the historical event,Event not experienced
-2.54,0,0,0,Phenotypic variance,500,6.885361783155074,6.858259468173441,6.230268175012075,7.607465599844657,6.912307295017103,6.885361783155074,Before the historical event,Event not experienced
-2.54,0,1,0,Additive genetic variance,500,0.7168828582345813,0.688778578721516,0.32825081147781576,1.2944189376483504,0.6623072950171032,0.7168828582345813,Before the historical event,Event experienced
-2.54,0,1,0,Nuclear-family environmental variance,500,2.2706168578772794,2.308152362548378,1.1896609283904063,3.4082367637898536,2.25,2.2706168578772794,Before the historical event,Event experienced
-2.54,0,1,0,Nonshared environmental variance,500,3.8978620670432127,3.8790562531823842,2.848440555129133,5.004433583414695,4,3.8978620670432127,Before the historical event,Event experienced
-2.54,0,1,0,Phenotypic variance,500,6.885361783155074,6.858259468173441,6.230268175012075,7.607465599844657,6.912307295017103,6.885361783155074,Before the historical event,Event experienced
-2.54,1,0,0,Additive genetic variance,500,0.7168828582345813,0.688778578721516,0.32825081147781576,1.2944189376483504,0.6623072950171032,0.7168828582345813,After the historical event,Event not experienced
-2.54,1,0,0,Nuclear-family environmental variance,500,2.2706168578772794,2.308152362548378,1.1896609283904063,3.4082367637898536,2.25,2.2706168578772794,After the historical event,Event not experienced
-2.54,1,0,0,Nonshared environmental variance,500,3.8978620670432127,3.8790562531823842,2.848440555129133,5.004433583414695,4,3.8978620670432127,After the historical event,Event not experienced
-2.54,1,0,0,Phenotypic variance,500,6.885361783155074,6.858259468173441,6.230268175012075,7.607465599844657,6.912307295017103,6.885361783155074,After the historical event,Event not experienced
-2.54,1,1,1,Additive genetic variance,500,1.0998313626099143,1.0202516588826214,0.45009026831206805,2.3191250235754297,0.9880463801344976,1.0998313626099143,After the historical event,Event experienced
-2.54,1,1,1,Nuclear-family environmental variance,500,2.3649442936694847,2.262739483569556,0.9735595543053381,4.39216023846998,2.25,2.3649442936694847,After the historical event,Event experienced
-2.54,1,1,1,Nonshared environmental variance,500,3.9398778975448754,3.8429818954494293,2.59502570619407,5.646595846337082,4,3.9398778975448754,After the historical event,Event experienced
-2.54,1,1,1,Phenotypic variance,500,7.404653553824274,7.388424983243887,6.265703937629892,8.935255552477262,7.238046380134498,7.404653553824274,After the historical event,Event experienced
-2.52,0,0,0,Additive genetic variance,500,0.733498475898922,0.7055259359942962,0.33937290676780263,1.3191996532918333,0.678557784081625,0.733498475898922,Before the historical event,Event not experienced
-2.52,0,0,0,Nuclear-family environmental variance,500,2.269837574638111,2.308563247029728,1.1960174098087166,3.399321663052115,2.25,2.269837574638111,Before the historical event,Event not experienced
-2.52,0,0,0,Nonshared environmental variance,500,3.89818991912799,3.879550974159823,2.855872353492272,4.993559475246352,4,3.89818991912799,Before the historical event,Event not experienced
-2.52,0,0,0,Phenotypic variance,500,6.901525969665023,6.872268874289704,6.250270994819017,7.61667102604782,6.928557784081625,6.901525969665023,Before the historical event,Event not experienced
-2.52,0,1,0,Additive genetic variance,500,0.733498475898922,0.7055259359942962,0.33937290676780263,1.3191996532918333,0.678557784081625,0.733498475898922,Before the historical event,Event experienced
-2.52,0,1,0,Nuclear-family environmental variance,500,2.269837574638111,2.308563247029728,1.1960174098087166,3.399321663052115,2.25,2.269837574638111,Before the historical event,Event experienced
-2.52,0,1,0,Nonshared environmental variance,500,3.89818991912799,3.879550974159823,2.855872353492272,4.993559475246352,4,3.89818991912799,Before the historical event,Event experienced
-2.52,0,1,0,Phenotypic variance,500,6.901525969665023,6.872268874289704,6.250270994819017,7.61667102604782,6.928557784081625,6.901525969665023,Before the historical event,Event experienced
-2.52,1,0,0,Additive genetic variance,500,0.733498475898922,0.7055259359942962,0.33937290676780263,1.3191996532918333,0.678557784081625,0.733498475898922,After the historical event,Event not experienced
-2.52,1,0,0,Nuclear-family environmental variance,500,2.269837574638111,2.308563247029728,1.1960174098087166,3.399321663052115,2.25,2.269837574638111,After the historical event,Event not experienced
-2.52,1,0,0,Nonshared environmental variance,500,3.89818991912799,3.879550974159823,2.855872353492272,4.993559475246352,4,3.89818991912799,After the historical event,Event not experienced
-2.52,1,0,0,Phenotypic variance,500,6.901525969665023,6.872268874289704,6.250270994819017,7.61667102604782,6.928557784081625,6.901525969665023,After the historical event,Event not experienced
-2.52,1,1,1,Additive genetic variance,500,1.125377108834695,1.0467334963781614,0.46440315654945247,2.3652654483738225,1.0122892610697007,1.125377108834695,After the historical event,Event experienced
-2.52,1,1,1,Nuclear-family environmental variance,500,2.363980389683353,2.262108890745295,0.9801324958873978,4.385960644689484,2.25,2.363980389683353,After the historical event,Event experienced
-2.52,1,1,1,Nonshared environmental variance,500,3.9400467870668434,3.848712539535735,2.6038251595426445,5.636140424301424,4,3.9400467870668434,After the historical event,Event experienced
-2.52,1,1,1,Phenotypic variance,500,7.429404285584892,7.415997587516124,6.3005979175517695,8.951429718365416,7.262289261069701,7.429404285584892,After the historical event,Event experienced
-2.5,0,0,0,Additive genetic variance,500,0.7503942578277618,0.7224858283953648,0.35079429337660917,1.3442742011073716,0.6950957738017804,0.7503942578277618,Before the historical event,Event not experienced
-2.5,0,0,0,Nuclear-family environmental variance,500,2.2690730674753543,2.3083826936918674,1.201445054843091,3.39051178488069,2.25,2.2690730674753543,Before the historical event,Event not experienced
-2.5,0,0,0,Nonshared environmental variance,500,3.898524303528747,3.8794422031068994,2.863297815962647,4.982861796990511,4,3.898524303528747,Before the historical event,Event not experienced
-2.5,0,0,0,Phenotypic variance,500,6.917991628831863,6.890534884081939,6.268159356442781,7.626152187937531,6.94509577380178,6.917991628831863,Before the historical event,Event not experienced
-2.5,0,1,0,Additive genetic variance,500,0.7503942578277618,0.7224858283953648,0.35079429337660917,1.3442742011073716,0.6950957738017804,0.7503942578277618,Before the historical event,Event experienced
-2.5,0,1,0,Nuclear-family environmental variance,500,2.2690730674753543,2.3083826936918674,1.201445054843091,3.39051178488069,2.25,2.2690730674753543,Before the historical event,Event experienced
-2.5,0,1,0,Nonshared environmental variance,500,3.898524303528747,3.8794422031068994,2.863297815962647,4.982861796990511,4,3.898524303528747,Before the historical event,Event experienced
-2.5,0,1,0,Phenotypic variance,500,6.917991628831863,6.890534884081939,6.268159356442781,7.626152187937531,6.94509577380178,6.917991628831863,Before the historical event,Event experienced
-2.5,1,0,0,Additive genetic variance,500,0.7503942578277618,0.7224858283953648,0.35079429337660917,1.3442742011073716,0.6950957738017804,0.7503942578277618,After the historical event,Event not experienced
-2.5,1,0,0,Nuclear-family environmental variance,500,2.2690730674753543,2.3083826936918674,1.201445054843091,3.39051178488069,2.25,2.2690730674753543,After the historical event,Event not experienced
-2.5,1,0,0,Nonshared environmental variance,500,3.898524303528747,3.8794422031068994,2.863297815962647,4.982861796990511,4,3.898524303528747,After the historical event,Event not experienced
-2.5,1,0,0,Phenotypic variance,500,6.917991628831863,6.890534884081939,6.268159356442781,7.626152187937531,6.94509577380178,6.917991628831863,After the historical event,Event not experienced
-2.5,1,1,1,Additive genetic variance,500,1.151353334462399,1.0740208096077577,0.47869079721330376,2.4119631208924073,1.036961042583566,1.151353334462399,After the historical event,Event experienced
-2.5,1,1,1,Nuclear-family environmental variance,500,2.363030237532914,2.2636416561351282,0.986725224649373,4.3812003371467245,2.25,2.363030237532914,After the historical event,Event experienced
-2.5,1,1,1,Nonshared environmental variance,500,3.9402217428036685,3.847882086611043,2.612622999596798,5.622080572839007,4,3.9402217428036685,After the historical event,Event experienced
-2.5,1,1,1,Phenotypic variance,500,7.4546053147989815,7.444559236061602,6.3202460394402,8.969926032107328,7.286961042583566,7.4546053147989815,After the historical event,Event experienced
-2.48,0,0,0,Additive genetic variance,500,0.7675717076122203,0.7392430415822306,0.36231806480176554,1.3696413568267831,0.7119229150004391,0.7675717076122203,Before the historical event,Event not experienced
-2.48,0,0,0,Nuclear-family environmental variance,500,2.268323173992324,2.307642170713496,1.2049346497832802,3.3817543565498784,2.25,2.268323173992324,Before the historical event,Event not experienced
-2.48,0,0,0,Nonshared environmental variance,500,3.898865125353417,3.880331394378205,2.8707167869800925,4.972231711320735,4,3.898865125353417,Before the historical event,Event not experienced
-2.48,0,0,0,Phenotypic variance,500,6.934760006957961,6.906779114291834,6.286348391070538,7.635911180042873,6.961922915000439,6.934760006957961,Before the historical event,Event not experienced
-2.48,0,1,0,Additive genetic variance,500,0.7675717076122203,0.7392430415822306,0.36231806480176554,1.3696413568267831,0.7119229150004391,0.7675717076122203,Before the historical event,Event experienced
-2.48,0,1,0,Nuclear-family environmental variance,500,2.268323173992324,2.307642170713496,1.2049346497832802,3.3817543565498784,2.25,2.268323173992324,Before the historical event,Event experienced
-2.48,0,1,0,Nonshared environmental variance,500,3.898865125353417,3.880331394378205,2.8707167869800925,4.972231711320735,4,3.898865125353417,Before the historical event,Event experienced
-2.48,0,1,0,Phenotypic variance,500,6.934760006957961,6.906779114291834,6.286348391070538,7.635911180042873,6.961922915000439,6.934760006957961,Before the historical event,Event experienced
-2.48,1,0,0,Additive genetic variance,500,0.7675717076122203,0.7392430415822306,0.36231806480176554,1.3696413568267831,0.7119229150004391,0.7675717076122203,After the historical event,Event not experienced
-2.48,1,0,0,Nuclear-family environmental variance,500,2.268323173992324,2.307642170713496,1.2049346497832802,3.3817543565498784,2.25,2.268323173992324,After the historical event,Event not experienced
-2.48,1,0,0,Nonshared environmental variance,500,3.898865125353417,3.880331394378205,2.8707167869800925,4.972231711320735,4,3.898865125353417,After the historical event,Event not experienced
-2.48,1,0,0,Phenotypic variance,500,6.934760006957961,6.906779114291834,6.286348391070538,7.635911180042873,6.961922915000439,6.934760006957961,After the historical event,Event not experienced
-2.48,1,1,1,Additive genetic variance,500,1.1777622846706892,1.101251414089539,0.49325063550809867,2.4592148712444937,1.0620641874144219,1.1777622846706892,After the historical event,Event experienced
-2.48,1,1,1,Nuclear-family environmental variance,500,2.3620936643827886,2.2712557913725075,0.9933375090091134,4.376415976924594,2.25,2.3620936643827886,After the historical event,Event experienced
-2.48,1,1,1,Nonshared environmental variance,500,3.9404026682090745,3.8447637151457243,2.621418985549286,5.6127072273222565,4,3.9404026682090745,After the historical event,Event experienced
-2.48,1,1,1,Phenotypic variance,500,7.480258617262552,7.467997701754174,6.34097256285828,8.990139138912904,7.312064187414422,7.480258617262552,After the historical event,Event experienced
-2.46,0,0,0,Additive genetic variance,500,0.7850322331260119,0.7557765217138817,0.37390533697386696,1.3952997535245943,0.7290407581394106,0.7850322331260119,Before the historical event,Event not experienced
-2.46,0,0,0,Nuclear-family environmental variance,500,2.2675877328031877,2.3070603361241204,1.2081517237101767,3.3730490882361845,2.25,2.2675877328031877,Before the historical event,Event not experienced
-2.46,0,0,0,Nonshared environmental variance,500,3.899212290182542,3.8808089398805574,2.878129110782547,4.961668819336586,4,3.899212290182542,Before the historical event,Event not experienced
-2.46,0,0,0,Phenotypic variance,500,6.951832256111741,6.924772384560487,6.307369950752957,7.652773881447084,6.97904075813941,6.951832256111741,Before the historical event,Event not experienced
-2.46,0,1,0,Additive genetic variance,500,0.7850322331260119,0.7557765217138817,0.37390533697386696,1.3952997535245943,0.7290407581394106,0.7850322331260119,Before the historical event,Event experienced
-2.46,0,1,0,Nuclear-family environmental variance,500,2.2675877328031877,2.3070603361241204,1.2081517237101767,3.3730490882361845,2.25,2.2675877328031877,Before the historical event,Event experienced
-2.46,0,1,0,Nonshared environmental variance,500,3.899212290182542,3.8808089398805574,2.878129110782547,4.961668819336586,4,3.899212290182542,Before the historical event,Event experienced
-2.46,0,1,0,Phenotypic variance,500,6.951832256111741,6.924772384560487,6.307369950752957,7.652773881447084,6.97904075813941,6.951832256111741,Before the historical event,Event experienced
-2.46,1,0,0,Additive genetic variance,500,0.7850322331260119,0.7557765217138817,0.37390533697386696,1.3952997535245943,0.7290407581394106,0.7850322331260119,After the historical event,Event not experienced
-2.46,1,0,0,Nuclear-family environmental variance,500,2.2675877328031877,2.3070603361241204,1.2081517237101767,3.3730490882361845,2.25,2.2675877328031877,After the historical event,Event not experienced
-2.46,1,0,0,Nonshared environmental variance,500,3.899212290182542,3.8808089398805574,2.878129110782547,4.961668819336586,4,3.899212290182542,After the historical event,Event not experienced
-2.46,1,0,0,Phenotypic variance,500,6.951832256111741,6.924772384560487,6.307369950752957,7.652773881447084,6.97904075813941,6.951832256111741,After the historical event,Event not experienced
-2.46,1,1,1,Additive genetic variance,500,1.2046060541714485,1.1294465883808331,0.5078244702019358,2.5070172129594366,1.0876010085794887,1.2046060541714485,After the historical event,Event experienced
-2.46,1,1,1,Nuclear-family environmental variance,500,2.361170498446871,2.271263372190032,0.999915881130129,4.371607647228833,2.25,2.361170498446871,After the historical event,Event experienced
-2.46,1,1,1,Nonshared environmental variance,500,3.940589467220045,3.8396558218030576,2.6302128757708205,5.606265073727338,4,3.940589467220045,After the historical event,Event experienced
-2.46,1,1,1,Phenotypic variance,500,7.506366019838365,7.496300525643644,6.360044928046185,9.01089758611513,7.3376010085794885,7.506366019838365,After the historical event,Event experienced
-2.44,0,0,0,Additive genetic variance,500,0.8027771432420032,0.7736451175172151,0.38578438581545527,1.4195025969223565,0.7464507498858595,0.8027771432420032,Before the historical event,Event not experienced
-2.44,0,0,0,Nuclear-family environmental variance,500,2.2668665835259763,2.308950545158475,1.2113806634298212,3.3638629148147516,2.25,2.2668665835259763,Before the historical event,Event not experienced
-2.44,0,0,0,Nonshared environmental variance,500,3.899565704068533,3.8830498576740693,2.8855346314119377,4.951172725876492,4,3.899565704068533,Before the historical event,Event not experienced
-2.44,0,0,0,Phenotypic variance,500,6.9692094308365125,6.945764939532591,6.329691693279052,7.671390654468656,6.9964507498858595,6.9692094308365125,Before the historical event,Event not experienced
-2.44,0,1,0,Additive genetic variance,500,0.8027771432420032,0.7736451175172151,0.38578438581545527,1.4195025969223565,0.7464507498858595,0.8027771432420032,Before the historical event,Event experienced
-2.44,0,1,0,Nuclear-family environmental variance,500,2.2668665835259763,2.308950545158475,1.2113806634298212,3.3638629148147516,2.25,2.2668665835259763,Before the historical event,Event experienced
-2.44,0,1,0,Nonshared environmental variance,500,3.899565704068533,3.8830498576740693,2.8855346314119377,4.951172725876492,4,3.899565704068533,Before the historical event,Event experienced
-2.44,0,1,0,Phenotypic variance,500,6.9692094308365125,6.945764939532591,6.329691693279052,7.671390654468656,6.9964507498858595,6.9692094308365125,Before the historical event,Event experienced
-2.44,1,0,0,Additive genetic variance,500,0.8027771432420032,0.7736451175172151,0.38578438581545527,1.4195025969223565,0.7464507498858595,0.8027771432420032,After the historical event,Event not experienced
-2.44,1,0,0,Nuclear-family environmental variance,500,2.2668665835259763,2.308950545158475,1.2113806634298212,3.3638629148147516,2.25,2.2668665835259763,After the historical event,Event not experienced
-2.44,1,0,0,Nonshared environmental variance,500,3.899565704068533,3.8830498576740693,2.8855346314119377,4.951172725876492,4,3.899565704068533,After the historical event,Event not experienced
-2.44,1,0,0,Phenotypic variance,500,6.9692094308365125,6.945764939532591,6.329691693279052,7.671390654468656,6.9964507498858595,6.9692094308365125,After the historical event,Event not experienced
-2.44,1,1,1,Additive genetic variance,500,1.2318865821046603,1.1576351530047686,0.5227319521443686,2.555366338849962,1.1135736642525718,1.2318865821046603,After the historical event,Event experienced
-2.44,1,1,1,Nuclear-family environmental variance,500,2.36026056898216,2.2701950771946215,1.0064170171777107,4.366775431716639,2.25,2.36026056898216,After the historical event,Event experienced
-2.44,1,1,1,Nonshared environmental variance,500,3.940782044256147,3.8383845338445965,2.6355255629551477,5.599831621035028,4,3.940782044256147,After the historical event,Event experienced
-2.44,1,1,1,Phenotypic variance,500,7.532929195342967,7.519942986335905,6.386489990490093,9.032203285021726,7.363573664252572,7.532929195342967,After the historical event,Event experienced
-2.42,0,0,0,Additive genetic variance,500,0.8208076445446694,0.7927496426122784,0.3979595482093369,1.4431863791844841,0.7641542296799063,0.8208076445446694,Before the historical event,Event not experienced
-2.42,0,0,0,Nuclear-family environmental variance,500,2.2661595667757655,2.3108286913604825,1.2146214972447715,3.3546438412707316,2.25,2.2661595667757655,Before the historical event,Event not experienced
-2.42,0,0,0,Nonshared environmental variance,500,3.899925273534962,3.883490000684425,2.892933192720081,4.940743039484741,4,3.899925273534962,Before the historical event,Event not experienced
-2.42,0,0,0,Phenotypic variance,500,6.986892484855397,6.964916132000152,6.352390254988812,7.688857460593065,7.014154229679907,6.986892484855397,Before the historical event,Event not experienced
-2.42,0,1,0,Additive genetic variance,500,0.8208076445446694,0.7927496426122784,0.3979595482093369,1.4431863791844841,0.7641542296799063,0.8208076445446694,Before the historical event,Event experienced
-2.42,0,1,0,Nuclear-family environmental variance,500,2.2661595667757655,2.3108286913604825,1.2146214972447715,3.3546438412707316,2.25,2.2661595667757655,Before the historical event,Event experienced
-2.42,0,1,0,Nonshared environmental variance,500,3.899925273534962,3.883490000684425,2.892933192720081,4.940743039484741,4,3.899925273534962,Before the historical event,Event experienced
-2.42,0,1,0,Phenotypic variance,500,6.986892484855397,6.964916132000152,6.352390254988812,7.688857460593065,7.014154229679907,6.986892484855397,Before the historical event,Event experienced
-2.42,1,0,0,Additive genetic variance,500,0.8208076445446694,0.7927496426122784,0.3979595482093369,1.4431863791844841,0.7641542296799063,0.8208076445446694,After the historical event,Event not experienced
-2.42,1,0,0,Nuclear-family environmental variance,500,2.2661595667757655,2.3108286913604825,1.2146214972447715,3.3546438412707316,2.25,2.2661595667757655,After the historical event,Event not experienced
-2.42,1,0,0,Nonshared environmental variance,500,3.899925273534962,3.883490000684425,2.892933192720081,4.940743039484741,4,3.899925273534962,After the historical event,Event not experienced
-2.42,1,0,0,Phenotypic variance,500,6.986892484855397,6.964916132000152,6.352390254988812,7.688857460593065,7.014154229679907,6.986892484855397,After the historical event,Event not experienced
-2.42,1,1,1,Additive genetic variance,500,1.2596056469280237,1.1847893801138216,0.5379772636800131,2.6042581170435937,1.1399841526435242,1.2596056469280237,After the historical event,Event experienced
-2.42,1,1,1,Nuclear-family environmental variance,500,2.3593637062827524,2.271502114622713,1.0129358224849494,4.361919414493997,2.25,2.3593637062827524,After the historical event,Event experienced
-2.42,1,1,1,Nonshared environmental variance,500,3.9409803042188827,3.8352634838868678,2.639726411724669,5.5934068249383335,4,3.9409803042188827,After the historical event,Event experienced
-2.42,1,1,1,Phenotypic variance,500,7.559949657429659,7.547796587994117,6.4211364359448435,9.054421246935718,7.389984152643525,7.559949657429659,After the historical event,Event experienced
-2.4,0,0,0,Additive genetic variance,500,0.839124838041528,0.8105308710022865,0.4104351137789578,1.4670909726020378,0.7821524263067797,0.839124838041528,Before the historical event,Event not experienced
-2.4,0,0,0,Nuclear-family environmental variance,500,2.265466524158015,2.3126946743620937,1.218930839462061,3.345461362347062,2.25,2.265466524158015,Before the historical event,Event not experienced
-2.4,0,0,0,Nonshared environmental variance,500,3.9002909055758805,3.883941657761806,2.9003246383746246,4.930379372378836,4,3.9002909055758805,Before the historical event,Event not experienced
-2.4,0,0,0,Phenotypic variance,500,7.0048822677754234,6.98184985675389,6.375467106468955,7.703055774771286,7.03215242630678,7.0048822677754234,Before the historical event,Event not experienced
-2.4,0,1,0,Additive genetic variance,500,0.839124838041528,0.8105308710022865,0.4104351137789578,1.4670909726020378,0.7821524263067797,0.839124838041528,Before the historical event,Event experienced
-2.4,0,1,0,Nuclear-family environmental variance,500,2.265466524158015,2.3126946743620937,1.218930839462061,3.345461362347062,2.25,2.265466524158015,Before the historical event,Event experienced
-2.4,0,1,0,Nonshared environmental variance,500,3.9002909055758805,3.883941657761806,2.9003246383746246,4.930379372378836,4,3.9002909055758805,Before the historical event,Event experienced
-2.4,0,1,0,Phenotypic variance,500,7.0048822677754234,6.98184985675389,6.375467106468955,7.703055774771286,7.03215242630678,7.0048822677754234,Before the historical event,Event experienced
-2.4,1,0,0,Additive genetic variance,500,0.839124838041528,0.8105308710022865,0.4104351137789578,1.4670909726020378,0.7821524263067797,0.839124838041528,After the historical event,Event not experienced
-2.4,1,0,0,Nuclear-family environmental variance,500,2.265466524158015,2.3126946743620937,1.218930839462061,3.345461362347062,2.25,2.265466524158015,After the historical event,Event not experienced
-2.4,1,0,0,Nonshared environmental variance,500,3.9002909055758805,3.883941657761806,2.9003246383746246,4.930379372378836,4,3.9002909055758805,After the historical event,Event not experienced
-2.4,1,0,0,Phenotypic variance,500,7.0048822677754234,6.98184985675389,6.375467106468955,7.703055774771286,7.03215242630678,7.0048822677754234,After the historical event,Event not experienced
-2.4,1,1,1,Additive genetic variance,500,1.287764861307188,1.2106306884402902,0.5538148935867793,2.6536880871850714,1.1668343068844977,1.287764861307188,After the historical event,Event experienced
-2.4,1,1,1,Nuclear-family environmental variance,500,2.3584797416740018,2.272618853411733,1.019472059318956,4.357039680113003,2.25,2.3584797416740018,After the historical event,Event experienced
-2.4,1,1,1,Nonshared environmental variance,500,3.941184152491074,3.8335387254519437,2.6430407461971805,5.586990641547054,4,3.941184152491074,After the historical event,Event experienced
-2.4,1,1,1,Phenotypic variance,500,7.5874287554722635,7.5734191724986095,6.459768610738297,9.080958816288282,7.416834306884498,7.5874287554722635,After the historical event,Event experienced
-2.38,0,0,0,Additive genetic variance,500,0.8577297158767238,0.8289376678916498,0.42315952635051435,1.4912142615471127,0.8004464544769518,0.8577297158767238,Before the historical event,Event not experienced
-2.38,0,0,0,Nuclear-family environmental variance,500,2.26478729826207,2.3142609117921435,1.224054930591735,3.3363153165605306,2.25,2.26478729826207,Before the historical event,Event not experienced
-2.38,0,0,0,Nonshared environmental variance,500,3.900662507655179,3.884404837047057,2.9077088118649943,4.9200813404172115,4,3.900662507655179,Before the historical event,Event not experienced
-2.38,0,0,0,Phenotypic variance,500,7.023179521793972,7.00393258553067,6.398923560481457,7.714787016466184,7.050446454476952,7.023179521793972,Before the historical event,Event not experienced
-2.38,0,1,0,Additive genetic variance,500,0.8577297158767238,0.8289376678916498,0.42315952635051435,1.4912142615471127,0.8004464544769518,0.8577297158767238,Before the historical event,Event experienced
-2.38,0,1,0,Nuclear-family environmental variance,500,2.26478729826207,2.3142609117921435,1.224054930591735,3.3363153165605306,2.25,2.26478729826207,Before the historical event,Event experienced
-2.38,0,1,0,Nonshared environmental variance,500,3.900662507655179,3.884404837047057,2.9077088118649943,4.9200813404172115,4,3.900662507655179,Before the historical event,Event experienced
-2.38,0,1,0,Phenotypic variance,500,7.023179521793972,7.00393258553067,6.398923560481457,7.714787016466184,7.050446454476952,7.023179521793972,Before the historical event,Event experienced
-2.38,1,0,0,Additive genetic variance,500,0.8577297158767238,0.8289376678916498,0.42315952635051435,1.4912142615471127,0.8004464544769518,0.8577297158767238,After the historical event,Event not experienced
-2.38,1,0,0,Nuclear-family environmental variance,500,2.26478729826207,2.3142609117921435,1.224054930591735,3.3363153165605306,2.25,2.26478729826207,After the historical event,Event not experienced
-2.38,1,0,0,Nonshared environmental variance,500,3.900662507655179,3.884404837047057,2.9077088118649943,4.9200813404172115,4,3.900662507655179,After the historical event,Event not experienced
-2.38,1,0,0,Phenotypic variance,500,7.023179521793972,7.00393258553067,6.398923560481457,7.714787016466184,7.050446454476952,7.023179521793972,After the historical event,Event not experienced
-2.38,1,1,1,Additive genetic variance,500,1.3163656670116344,1.2363034847586034,0.5709891765111519,2.7036514568166057,1.1941257899281055,1.3163656670116344,After the historical event,Event experienced
-2.38,1,1,1,Nuclear-family environmental variance,500,2.357608507506836,2.2812317370736723,1.025724390974971,4.347956186497499,2.25,2.357608507506836,After the historical event,Event experienced
-2.38,1,1,1,Nonshared environmental variance,500,3.9413934949362752,3.833042313558315,2.6461473564234685,5.575925169203652,4,3.9413934949362752,After the historical event,Event experienced
-2.38,1,1,1,Phenotypic variance,500,7.615367669454746,7.600592922564367,6.492155450235813,9.101740795339847,7.444125789928106,7.615367669454746,After the historical event,Event experienced
-2.36,0,0,0,Additive genetic variance,500,0.8766231580500095,0.8479565710353096,0.43625998508514086,1.5155540150155153,0.8190373114177745,0.8766231580500095,Before the historical event,Event not experienced
-2.36,0,0,0,Nuclear-family environmental variance,500,2.2641217326548198,2.3128543222713684,1.2291962647679653,3.327205543562804,2.25,2.2641217326548198,Before the historical event,Event not experienced
-2.36,0,0,0,Nonshared environmental variance,500,3.901039987705966,3.8840928710259286,2.915085556508381,4.909848563067344,4,3.901039987705966,Before the historical event,Event not experienced
-2.36,0,0,0,Phenotypic variance,500,7.041784878410795,7.023400815575233,6.42276076686688,7.7338165729104444,7.069037311417775,7.041784878410795,Before the historical event,Event not experienced
-2.36,0,1,0,Additive genetic variance,500,0.8766231580500095,0.8479565710353096,0.43625998508514086,1.5155540150155153,0.8190373114177745,0.8766231580500095,Before the historical event,Event experienced
-2.36,0,1,0,Nuclear-family environmental variance,500,2.2641217326548198,2.3128543222713684,1.2291962647679653,3.327205543562804,2.25,2.2641217326548198,Before the historical event,Event experienced
-2.36,0,1,0,Nonshared environmental variance,500,3.901039987705966,3.8840928710259286,2.915085556508381,4.909848563067344,4,3.901039987705966,Before the historical event,Event experienced
-2.36,0,1,0,Phenotypic variance,500,7.041784878410795,7.023400815575233,6.42276076686688,7.7338165729104444,7.069037311417775,7.041784878410795,Before the historical event,Event experienced
-2.36,1,0,0,Additive genetic variance,500,0.8766231580500095,0.8479565710353096,0.43625998508514086,1.5155540150155153,0.8190373114177745,0.8766231580500095,After the historical event,Event not experienced
-2.36,1,0,0,Nuclear-family environmental variance,500,2.2641217326548198,2.3128543222713684,1.2291962647679653,3.327205543562804,2.25,2.2641217326548198,After the historical event,Event not experienced
-2.36,1,0,0,Nonshared environmental variance,500,3.901039987705966,3.8840928710259286,2.915085556508381,4.909848563067344,4,3.901039987705966,After the historical event,Event not experienced
-2.36,1,0,0,Phenotypic variance,500,7.041784878410795,7.023400815575233,6.42276076686688,7.7338165729104444,7.069037311417775,7.041784878410795,After the historical event,Event not experienced
-2.36,1,1,1,Additive genetic variance,500,1.3454093298213483,1.261752540360046,0.5886122693688678,2.754143097942759,1.2218600894627403,1.3454093298213483,After the historical event,Event experienced
-2.36,1,1,1,Nuclear-family environmental variance,500,2.35674983715224,2.2837688603924766,1.0294062817144387,4.338136950671258,2.25,2.35674983715224,After the historical event,Event experienced
-2.36,1,1,1,Nonshared environmental variance,500,3.9416082378982167,3.8294635644761317,2.6491171995343517,5.564403215320075,4,3.9416082378982167,After the historical event,Event experienced
-2.36,1,1,1,Phenotypic variance,500,7.643767404871805,7.625679950347392,6.524968269336346,9.124882044152187,7.471860089462741,7.643767404871805,After the historical event,Event experienced
-2.34,0,0,0,Additive genetic variance,500,0.8958059291444493,0.8678455138904607,0.44965517275758443,1.5401993308590014,0.8379258734801921,0.8958059291444493,Before the historical event,Event not experienced
-2.34,0,0,0,Nuclear-family environmental variance,500,2.2634696718745166,2.310500673351669,1.234354735020651,3.318131884131607,2.25,2.2634696718745166,Before the historical event,Event not experienced
-2.34,0,0,0,Nonshared environmental variance,500,3.901423254129984,3.884364044523924,2.9224547154557454,4.899680663374182,4,3.901423254129984,Before the historical event,Event not experienced
-2.34,0,0,0,Phenotypic variance,500,7.06069885514895,7.041028081394824,6.446979707470681,7.7565400578846315,7.0879258734801915,7.06069885514895,Before the historical event,Event not experienced
-2.34,0,1,0,Additive genetic variance,500,0.8958059291444493,0.8678455138904607,0.44965517275758443,1.5401993308590014,0.8379258734801921,0.8958059291444493,Before the historical event,Event experienced
-2.34,0,1,0,Nuclear-family environmental variance,500,2.2634696718745166,2.310500673351669,1.234354735020651,3.318131884131607,2.25,2.2634696718745166,Before the historical event,Event experienced
-2.34,0,1,0,Nonshared environmental variance,500,3.901423254129984,3.884364044523924,2.9224547154557454,4.899680663374182,4,3.901423254129984,Before the historical event,Event experienced
-2.34,0,1,0,Phenotypic variance,500,7.06069885514895,7.041028081394824,6.446979707470681,7.7565400578846315,7.0879258734801915,7.06069885514895,Before the historical event,Event experienced
-2.34,1,0,0,Additive genetic variance,500,0.8958059291444493,0.8678455138904607,0.44965517275758443,1.5401993308590014,0.8379258734801921,0.8958059291444493,After the historical event,Event not experienced
-2.34,1,0,0,Nuclear-family environmental variance,500,2.2634696718745166,2.310500673351669,1.234354735020651,3.318131884131607,2.25,2.2634696718745166,After the historical event,Event not experienced
-2.34,1,0,0,Nonshared environmental variance,500,3.901423254129984,3.884364044523924,2.9224547154557454,4.899680663374182,4,3.901423254129984,After the historical event,Event not experienced
-2.34,1,0,0,Phenotypic variance,500,7.06069885514895,7.041028081394824,6.446979707470681,7.7565400578846315,7.0879258734801915,7.06069885514895,After the historical event,Event not experienced
-2.34,1,1,1,Additive genetic variance,500,1.3748969344495525,1.2885193614983477,0.6046084053318155,2.803511899009649,1.2500385128503848,1.3748969344495525,After the historical event,Event experienced
-2.34,1,1,1,Nuclear-family environmental variance,500,2.35590356499589,2.282648722805116,1.0330951051408155,4.328352020750174,2.25,2.35590356499589,After the historical event,Event experienced
-2.34,1,1,1,Nonshared environmental variance,500,3.941828288200275,3.8310706309566083,2.652416243355108,5.552946431003917,4,3.941828288200275,After the historical event,Event experienced
-2.34,1,1,1,Phenotypic variance,500,7.672628787645718,7.657170456194283,6.558205246938938,9.149502819922361,7.500038512850384,7.672628787645718,After the historical event,Event experienced
-2.32,0,0,0,Additive genetic variance,500,0.9152786750662484,0.8880496021705696,0.46335487722437935,1.5650997212950517,0.8571128927641797,0.9152786750662484,Before the historical event,Event not experienced
-2.32,0,0,0,Nuclear-family environmental variance,500,2.262830961424747,2.3081885043307553,1.2395302330999802,3.3090941801619844,2.25,2.262830961424747,Before the historical event,Event not experienced
-2.32,0,0,0,Nonshared environmental variance,500,3.9018122157970514,3.8844200186901983,2.9298161316978444,4.889577267928956,4,3.9018122157970514,Before the historical event,Event not experienced
-2.32,0,0,0,Phenotypic variance,500,7.079921852288047,7.058545339490107,6.47158119109864,7.770765423821392,7.10711289276418,7.079921852288047,Before the historical event,Event not experienced
-2.32,0,1,0,Additive genetic variance,500,0.9152786750662484,0.8880496021705696,0.46335487722437935,1.5650997212950517,0.8571128927641797,0.9152786750662484,Before the historical event,Event experienced
-2.32,0,1,0,Nuclear-family environmental variance,500,2.262830961424747,2.3081885043307553,1.2395302330999802,3.3090941801619844,2.25,2.262830961424747,Before the historical event,Event experienced
-2.32,0,1,0,Nonshared environmental variance,500,3.9018122157970514,3.8844200186901983,2.9298161316978444,4.889577267928956,4,3.9018122157970514,Before the historical event,Event experienced
-2.32,0,1,0,Phenotypic variance,500,7.079921852288047,7.058545339490107,6.47158119109864,7.770765423821392,7.10711289276418,7.079921852288047,Before the historical event,Event experienced
-2.32,1,0,0,Additive genetic variance,500,0.9152786750662484,0.8880496021705696,0.46335487722437935,1.5650997212950517,0.8571128927641797,0.9152786750662484,After the historical event,Event not experienced
-2.32,1,0,0,Nuclear-family environmental variance,500,2.262830961424747,2.3081885043307553,1.2395302330999802,3.3090941801619844,2.25,2.262830961424747,After the historical event,Event not experienced
-2.32,1,0,0,Nonshared environmental variance,500,3.9018122157970514,3.8844200186901983,2.9298161316978444,4.889577267928956,4,3.9018122157970514,After the historical event,Event not experienced
-2.32,1,0,0,Phenotypic variance,500,7.079921852288047,7.058545339490107,6.47158119109864,7.770765423821392,7.10711289276418,7.079921852288047,After the historical event,Event not experienced
-2.32,1,1,1,Additive genetic variance,500,1.4048293794868856,1.3186069171841468,0.6206674311112372,2.852924561872056,1.278662182092357,1.4048293794868856,After the historical event,Event experienced
-2.32,1,1,1,Nuclear-family environmental variance,500,2.355069526432947,2.2768423119897845,1.0367907891463204,4.317807568942645,2.25,2.355069526432947,After the historical event,Event experienced
-2.32,1,1,1,Nonshared environmental variance,500,3.9420535531449743,3.8346694133646664,2.657002000489828,5.54155449105898,4,3.9420535531449743,After the historical event,Event experienced
-2.32,1,1,1,Phenotypic variance,500,7.701952459064807,7.688377695177776,6.590298512601094,9.17469187392628,7.528662182092357,7.701952459064807,After the historical event,Event experienced
-2.3,0,0,0,Additive genetic variance,500,0.9350419198001805,0.9079074465619473,0.4773748376021516,1.5902059527427521,0.8765989937666194,0.9350419198001805,Before the historical event,Event not experienced
-2.3,0,0,0,Nuclear-family environmental variance,500,2.2622054477685567,2.307267555451073,1.2447226494835886,3.3000922746576387,2.25,2.2622054477685567,Before the historical event,Event not experienced
-2.3,0,0,0,Nonshared environmental variance,500,3.902206782044536,3.8837070988049964,2.937169648071284,4.879588063324677,4,3.902206782044536,Before the historical event,Event not experienced
-2.3,0,0,0,Phenotypic variance,500,7.0994541496132735,7.08047543992372,6.496565848507812,7.782863222698169,7.12659899376662,7.0994541496132735,Before the historical event,Event not experienced
-2.3,0,1,0,Additive genetic variance,500,0.9350419198001805,0.9079074465619473,0.4773748376021516,1.5902059527427521,0.8765989937666194,0.9350419198001805,Before the historical event,Event experienced
-2.3,0,1,0,Nuclear-family environmental variance,500,2.2622054477685567,2.307267555451073,1.2447226494835886,3.3000922746576387,2.25,2.2622054477685567,Before the historical event,Event experienced
-2.3,0,1,0,Nonshared environmental variance,500,3.902206782044536,3.8837070988049964,2.937169648071284,4.879588063324677,4,3.902206782044536,Before the historical event,Event experienced
-2.3,0,1,0,Phenotypic variance,500,7.0994541496132735,7.08047543992372,6.496565848507812,7.782863222698169,7.12659899376662,7.0994541496132735,Before the historical event,Event experienced
-2.3,1,0,0,Additive genetic variance,500,0.9350419198001805,0.9079074465619473,0.4773748376021516,1.5902059527427521,0.8765989937666194,0.9350419198001805,After the historical event,Event not experienced
-2.3,1,0,0,Nuclear-family environmental variance,500,2.2622054477685567,2.307267555451073,1.2447226494835886,3.3000922746576387,2.25,2.2622054477685567,After the historical event,Event not experienced
-2.3,1,0,0,Nonshared environmental variance,500,3.902206782044536,3.8837070988049964,2.937169648071284,4.879588063324677,4,3.902206782044536,After the historical event,Event not experienced
-2.3,1,0,0,Phenotypic variance,500,7.0994541496132735,7.08047543992372,6.496565848507812,7.782863222698169,7.12659899376662,7.0994541496132735,After the historical event,Event not experienced
-2.3,1,1,1,Additive genetic variance,500,1.4352073723725263,1.34695926260625,0.637034236694709,2.902797150729603,1.3077320288285288,1.4352073723725263,After the historical event,Event experienced
-2.3,1,1,1,Nuclear-family environmental variance,500,2.3542475578630024,2.271571723063584,1.040493261089086,4.306293263183882,2.25,2.3542475578630024,After the historical event,Event experienced
-2.3,1,1,1,Nonshared environmental variance,500,3.942283940513515,3.8375321310029546,2.6615881846967913,5.530227072684583,4,3.942283940513515,After the historical event,Event experienced
-2.3,1,1,1,Phenotypic variance,500,7.7317388707490435,7.716418156758674,6.618851836618447,9.203084381151811,7.557732028828529,7.7317388707490435,After the historical event,Event experienced
-2.2800000000000002,0,0,0,Additive genetic variance,500,0.9550960621841601,0.9288316480664655,0.49171894879687167,1.6160426610290424,0.8963846700553841,0.9550960621841601,Before the historical event,Event not experienced
-2.2800000000000002,0,0,0,Nuclear-family environmental variance,500,2.261592978322726,2.3063557288809156,1.2499318733839682,3.288022444447231,2.25,2.261592978322726,Before the historical event,Event not experienced
-2.2800000000000002,0,0,0,Nonshared environmental variance,500,3.9026068626768544,3.8830846504328527,2.944515107264594,4.870336812050352,4,3.9026068626768544,Before the historical event,Event not experienced
-2.2800000000000002,0,0,0,Phenotypic variance,500,7.11929590318374,7.102930161904548,6.519161264788563,7.79552771723816,7.146384670055384,7.11929590318374,Before the historical event,Event not experienced
-2.2800000000000002,0,1,0,Additive genetic variance,500,0.9550960621841601,0.9288316480664655,0.49171894879687167,1.6160426610290424,0.8963846700553841,0.9550960621841601,Before the historical event,Event experienced
-2.2800000000000002,0,1,0,Nuclear-family environmental variance,500,2.261592978322726,2.3063557288809156,1.2499318733839682,3.288022444447231,2.25,2.261592978322726,Before the historical event,Event experienced
-2.2800000000000002,0,1,0,Nonshared environmental variance,500,3.9026068626768544,3.8830846504328527,2.944515107264594,4.870336812050352,4,3.9026068626768544,Before the historical event,Event experienced
-2.2800000000000002,0,1,0,Phenotypic variance,500,7.11929590318374,7.102930161904548,6.519161264788563,7.79552771723816,7.146384670055384,7.11929590318374,Before the historical event,Event experienced
-2.2800000000000002,1,0,0,Additive genetic variance,500,0.9550960621841601,0.9288316480664655,0.49171894879687167,1.6160426610290424,0.8963846700553841,0.9550960621841601,After the historical event,Event not experienced
-2.2800000000000002,1,0,0,Nuclear-family environmental variance,500,2.261592978322726,2.3063557288809156,1.2499318733839682,3.288022444447231,2.25,2.261592978322726,After the historical event,Event not experienced
-2.2800000000000002,1,0,0,Nonshared environmental variance,500,3.9026068626768544,3.8830846504328527,2.944515107264594,4.870336812050352,4,3.9026068626768544,After the historical event,Event not experienced
-2.2800000000000002,1,0,0,Phenotypic variance,500,7.11929590318374,7.102930161904548,6.519161264788563,7.79552771723816,7.146384670055384,7.11929590318374,After the historical event,Event not experienced
-2.2800000000000002,1,1,1,Additive genetic variance,500,1.466031424397869,1.3761054380184445,0.6523044113666958,2.9531234601556786,1.3372487893756433,1.466031424397869,After the historical event,Event experienced
-2.2800000000000002,1,1,1,Nuclear-family environmental variance,500,2.353437496685178,2.27251396824713,1.0440810273506074,4.2949444664847745,2.25,2.353437496685178,After the historical event,Event experienced
-2.2800000000000002,1,1,1,Nonshared environmental variance,500,3.9425193585653275,3.840381336216362,2.6661747580736446,5.518963855458422,4,3.9425193585653275,After the historical event,Event experienced
-2.2800000000000002,1,1,1,Phenotypic variance,500,7.761988279648374,7.743997541849928,6.647848419092579,9.245996300849194,7.587248789375643,7.761988279648374,After the historical event,Event experienced
-2.26,0,0,0,Additive genetic variance,500,0.9754413727065776,0.9493832627773436,0.506114206008512,1.6423605940614407,0.9164702809734635,0.9754413727065776,Before the historical event,Event not experienced
-2.26,0,0,0,Nuclear-family environmental variance,500,2.2609934014521977,2.3027316455836604,1.2551577927561368,3.2748575919299054,2.25,2.2609934014521977,Before the historical event,Event not experienced
-2.26,0,0,0,Nonshared environmental variance,500,3.9030123679650033,3.8836794979904874,2.9518523518243276,4.860203243235683,4,3.9030123679650033,Before the historical event,Event not experienced
-2.26,0,0,0,Phenotypic variance,500,7.139447142123779,7.124340792513225,6.539950723516374,7.8084703956484605,7.1664702809734635,7.139447142123779,Before the historical event,Event not experienced
-2.26,0,1,0,Additive genetic variance,500,0.9754413727065776,0.9493832627773436,0.506114206008512,1.6423605940614407,0.9164702809734635,0.9754413727065776,Before the historical event,Event experienced
-2.26,0,1,0,Nuclear-family environmental variance,500,2.2609934014521977,2.3027316455836604,1.2551577927561368,3.2748575919299054,2.25,2.2609934014521977,Before the historical event,Event experienced
-2.26,0,1,0,Nonshared environmental variance,500,3.9030123679650033,3.8836794979904874,2.9518523518243276,4.860203243235683,4,3.9030123679650033,Before the historical event,Event experienced
-2.26,0,1,0,Phenotypic variance,500,7.139447142123779,7.124340792513225,6.539950723516374,7.8084703956484605,7.1664702809734635,7.139447142123779,Before the historical event,Event experienced
-2.26,1,0,0,Additive genetic variance,500,0.9754413727065776,0.9493832627773436,0.506114206008512,1.6423605940614407,0.9164702809734635,0.9754413727065776,After the historical event,Event not experienced
-2.26,1,0,0,Nuclear-family environmental variance,500,2.2609934014521977,2.3027316455836604,1.2551577927561368,3.2748575919299054,2.25,2.2609934014521977,After the historical event,Event not experienced
-2.26,1,0,0,Nonshared environmental variance,500,3.9030123679650033,3.8836794979904874,2.9518523518243276,4.860203243235683,4,3.9030123679650033,After the historical event,Event not experienced
-2.26,1,0,0,Phenotypic variance,500,7.139447142123779,7.124340792513225,6.539950723516374,7.8084703956484605,7.1664702809734635,7.139447142123779,After the historical event,Event not experienced
-2.26,1,1,1,Additive genetic variance,500,1.4973018457484704,1.4048650837661176,0.6674452485193137,3.0038969822517414,1.3672129998104472,1.4973018457484704,After the historical event,Event experienced
-2.26,1,1,1,Nuclear-family environmental variance,500,2.352639181293372,2.276589536709791,1.0495333592038136,4.281624991710724,2.25,2.352639181293372,After the historical event,Event experienced
-2.26,1,1,1,Nonshared environmental variance,500,3.942759716037661,3.8398279980034484,2.6707616826830707,5.507961834070614,4,3.942759716037661,After the historical event,Event experienced
-2.26,1,1,1,Phenotypic variance,500,7.792700743079504,7.778188150868836,6.677287539721057,9.277632673051608,7.617212999810447,7.792700743079504,After the historical event,Event experienced
-2.24,0,0,0,Additive genetic variance,500,0.9960779903300604,0.9710069962161008,0.5197889605274655,1.6688995992996403,0.9368560483769987,0.9960779903300604,Before the historical event,Event not experienced
-2.24,0,0,0,Nuclear-family environmental variance,500,2.2604065664646504,2.3015284130767504,1.26040029430556,3.261796272563735,2.25,2.2604065664646504,Before the historical event,Event not experienced
-2.24,0,0,0,Nonshared environmental variance,500,3.903423208646117,3.8855678286572575,2.959181224161177,4.850130232008366,4,3.903423208646117,Before the historical event,Event not experienced
-2.24,0,0,0,Phenotypic variance,500,7.159907765440828,7.147288468162026,6.560599014435397,7.82169031906077,7.186856048376999,7.159907765440828,Before the historical event,Event not experienced
-2.24,0,1,0,Additive genetic variance,500,0.9960779903300604,0.9710069962161008,0.5197889605274655,1.6688995992996403,0.9368560483769987,0.9960779903300604,Before the historical event,Event experienced
-2.24,0,1,0,Nuclear-family environmental variance,500,2.2604065664646504,2.3015284130767504,1.26040029430556,3.261796272563735,2.25,2.2604065664646504,Before the historical event,Event experienced
-2.24,0,1,0,Nonshared environmental variance,500,3.903423208646117,3.8855678286572575,2.959181224161177,4.850130232008366,4,3.903423208646117,Before the historical event,Event experienced
-2.24,0,1,0,Phenotypic variance,500,7.159907765440828,7.147288468162026,6.560599014435397,7.82169031906077,7.186856048376999,7.159907765440828,Before the historical event,Event experienced
-2.24,1,0,0,Additive genetic variance,500,0.9960779903300604,0.9710069962161008,0.5197889605274655,1.6688995992996403,0.9368560483769987,0.9960779903300604,After the historical event,Event not experienced
-2.24,1,0,0,Nuclear-family environmental variance,500,2.2604065664646504,2.3015284130767504,1.26040029430556,3.261796272563735,2.25,2.2604065664646504,After the historical event,Event not experienced
-2.24,1,0,0,Nonshared environmental variance,500,3.903423208646117,3.8855678286572575,2.959181224161177,4.850130232008366,4,3.903423208646117,After the historical event,Event not experienced
-2.24,1,0,0,Phenotypic variance,500,7.159907765440828,7.147288468162026,6.560599014435397,7.82169031906077,7.186856048376999,7.159907765440828,After the historical event,Event not experienced
-2.24,1,1,1,Additive genetic variance,500,1.529018740590062,1.4361029612837803,0.6828336633451261,3.055110905119543,1.3976249911034113,1.529018740590062,After the historical event,Event experienced
-2.24,1,1,1,Nuclear-family environmental variance,500,2.351852451071655,2.2746609795093535,1.055100495151152,4.265159215789273,2.25,2.351852451071655,After the historical event,Event experienced
-2.24,1,1,1,Nonshared environmental variance,500,3.943004922145189,3.8427630735842158,2.675348920553824,5.497039494779752,4,3.943004922145189,After the historical event,Event experienced
-2.24,1,1,1,Phenotypic variance,500,7.823876113806906,7.807514077355422,6.707168298129551,9.284401290370637,7.647624991103411,7.823876113806906,After the historical event,Event experienced
-2.2199999999999998,0,0,0,Additive genetic variance,500,1.0170059193454222,0.9911218239351415,0.5342039460254371,1.6956564616680811,0.9575420534111857,1.0170059193454222,Before the historical event,Event not experienced
-2.2199999999999998,0,0,0,Nuclear-family environmental variance,500,2.2598323236052162,2.2980496826930423,1.2656538340210366,3.248837606093571,2.25,2.2598323236052162,Before the historical event,Event not experienced
-2.2199999999999998,0,0,0,Nonshared environmental variance,500,3.9038392959230515,3.8875058059166543,2.966501566556119,4.8401174890741325,4,3.9038392959230515,Before the historical event,Event not experienced
-2.2199999999999998,0,0,0,Phenotypic variance,500,7.18067753887369,7.1658424948120425,6.581607534820716,7.835186444679291,7.207542053411186,7.18067753887369,Before the historical event,Event not experienced
-2.2199999999999998,0,1,0,Additive genetic variance,500,1.0170059193454222,0.9911218239351415,0.5342039460254371,1.6956564616680811,0.9575420534111857,1.0170059193454222,Before the historical event,Event experienced
-2.2199999999999998,0,1,0,Nuclear-family environmental variance,500,2.2598323236052162,2.2980496826930423,1.2656538340210366,3.248837606093571,2.25,2.2598323236052162,Before the historical event,Event experienced
-2.2199999999999998,0,1,0,Nonshared environmental variance,500,3.9038392959230515,3.8875058059166543,2.966501566556119,4.8401174890741325,4,3.9038392959230515,Before the historical event,Event experienced
-2.2199999999999998,0,1,0,Phenotypic variance,500,7.18067753887369,7.1658424948120425,6.581607534820716,7.835186444679291,7.207542053411186,7.18067753887369,Before the historical event,Event experienced
-2.2199999999999998,1,0,0,Additive genetic variance,500,1.0170059193454222,0.9911218239351415,0.5342039460254371,1.6956564616680811,0.9575420534111857,1.0170059193454222,After the historical event,Event not experienced
-2.2199999999999998,1,0,0,Nuclear-family environmental variance,500,2.2598323236052162,2.2980496826930423,1.2656538340210366,3.248837606093571,2.25,2.2598323236052162,After the historical event,Event not experienced
-2.2199999999999998,1,0,0,Nonshared environmental variance,500,3.9038392959230515,3.8875058059166543,2.966501566556119,4.8401174890741325,4,3.9038392959230515,After the historical event,Event not experienced
-2.2199999999999998,1,0,0,Phenotypic variance,500,7.18067753887369,7.1658424948120425,6.581607534820716,7.835186444679291,7.207542053411186,7.18067753887369,After the historical event,Event not experienced
-2.2199999999999998,1,1,1,Additive genetic variance,500,1.5611820022045653,1.4678443984856968,0.698470627123901,3.10675811152409,1.4284848843089433,1.5611820022045653,After the historical event,Event experienced
-2.2199999999999998,1,1,1,Nuclear-family environmental variance,500,2.3510771463898137,2.2722294692803606,1.0606758158293192,4.248810252855165,2.25,2.3510771463898137,After the historical event,Event experienced
-2.2199999999999998,1,1,1,Nonshared environmental variance,500,3.9432548865796506,3.8462792469573284,2.679351095293509,5.491850430072109,4,3.9432548865796506,After the historical event,Event experienced
-2.2199999999999998,1,1,1,Phenotypic variance,500,7.855514035174029,7.8352499203411075,6.737489609392293,9.292750880224322,7.6784848843089435,7.855514035174029,After the historical event,Event experienced
-2.2,0,0,0,Additive genetic variance,500,1.0382250262595698,1.01070254738136,0.5506158713035981,1.722627827292908,0.9785282333279895,1.0382250262595698,Before the historical event,Event not experienced
-2.2,0,0,0,Nuclear-family environmental variance,500,2.2592705240513493,2.2975387642247407,1.2706706346910577,3.2359807214600327,2.25,2.2592705240513493,Before the historical event,Event not experienced
-2.2,0,0,0,Nonshared environmental variance,500,3.904260541463997,3.889440142296678,2.9738132211665764,4.830164727207069,4,3.904260541463997,Before the historical event,Event not experienced
-2.2,0,0,0,Phenotypic variance,500,7.201756091774916,7.189997482847023,6.605203960236903,7.853321277893352,7.22852823332799,7.201756091774916,Before the historical event,Event not experienced
-2.2,0,1,0,Additive genetic variance,500,1.0382250262595698,1.01070254738136,0.5506158713035981,1.722627827292908,0.9785282333279895,1.0382250262595698,Before the historical event,Event experienced
-2.2,0,1,0,Nuclear-family environmental variance,500,2.2592705240513493,2.2975387642247407,1.2706706346910577,3.2359807214600327,2.25,2.2592705240513493,Before the historical event,Event experienced
-2.2,0,1,0,Nonshared environmental variance,500,3.904260541463997,3.889440142296678,2.9738132211665764,4.830164727207069,4,3.904260541463997,Before the historical event,Event experienced
-2.2,0,1,0,Phenotypic variance,500,7.201756091774916,7.189997482847023,6.605203960236903,7.853321277893352,7.22852823332799,7.201756091774916,Before the historical event,Event experienced
-2.2,1,0,0,Additive genetic variance,500,1.0382250262595698,1.01070254738136,0.5506158713035981,1.722627827292908,0.9785282333279895,1.0382250262595698,After the historical event,Event not experienced
-2.2,1,0,0,Nuclear-family environmental variance,500,2.2592705240513493,2.2975387642247407,1.2706706346910577,3.2359807214600327,2.25,2.2592705240513493,After the historical event,Event not experienced
-2.2,1,0,0,Nonshared environmental variance,500,3.904260541463997,3.889440142296678,2.9738132211665764,4.830164727207069,4,3.904260541463997,After the historical event,Event not experienced
-2.2,1,0,0,Phenotypic variance,500,7.201756091774916,7.189997482847023,6.605203960236903,7.853321277893352,7.22852823332799,7.201756091774916,After the historical event,Event not experienced
-2.2,1,1,1,Additive genetic variance,500,1.5937913081820663,1.4993182005558254,0.7143570186035968,3.1588311777516997,1.4597925858179746,1.5937913081820663,After the historical event,Event experienced
-2.2,1,1,1,Nuclear-family environmental variance,500,2.3503131085990323,2.2696842984743677,1.0662267810426806,4.236504641843348,2.25,2.3503131085990323,After the historical event,Event experienced
-2.2,1,1,1,Nonshared environmental variance,500,3.943509519509512,3.846262765064784,2.6833144308693635,5.48832312331666,4,3.943509519509512,After the historical event,Event experienced
-2.2,1,1,1,Phenotypic variance,500,7.887613936290611,7.864755541637742,6.768250199617693,9.303665789250214,7.709792585817975,7.887613936290611,After the historical event,Event experienced
-2.1799999999999997,0,0,0,Additive genetic variance,500,1.0597350367212461,1.0306986236452094,0.5673257074354134,1.7498102029427063,0.9998143783497215,1.0597350367212461,Before the historical event,Event not experienced
-2.1799999999999997,0,0,0,Nuclear-family environmental variance,500,2.258721019907828,2.294409008695185,1.2757038315030207,3.2258132124809515,2.25,2.258721019907828,Before the historical event,Event not experienced
-2.1799999999999997,0,0,0,Nonshared environmental variance,500,3.9046868574021203,3.8913708206991826,2.981116030032605,4.820271661235994,4,3.9046868574021203,Before the historical event,Event not experienced
-2.1799999999999997,0,0,0,Phenotypic variance,500,7.223142914031195,7.214616659820498,6.634849789584047,7.874507587209198,7.249814378349722,7.223142914031195,Before the historical event,Event not experienced
-2.1799999999999997,0,1,0,Additive genetic variance,500,1.0597350367212461,1.0306986236452094,0.5673257074354134,1.7498102029427063,0.9998143783497215,1.0597350367212461,Before the historical event,Event experienced
-2.1799999999999997,0,1,0,Nuclear-family environmental variance,500,2.258721019907828,2.294409008695185,1.2757038315030207,3.2258132124809515,2.25,2.258721019907828,Before the historical event,Event experienced
-2.1799999999999997,0,1,0,Nonshared environmental variance,500,3.9046868574021203,3.8913708206991826,2.981116030032605,4.820271661235994,4,3.9046868574021203,Before the historical event,Event experienced
-2.1799999999999997,0,1,0,Phenotypic variance,500,7.223142914031195,7.214616659820498,6.634849789584047,7.874507587209198,7.249814378349722,7.223142914031195,Before the historical event,Event experienced
-2.1799999999999997,1,0,0,Additive genetic variance,500,1.0597350367212461,1.0306986236452094,0.5673257074354134,1.7498102029427063,0.9998143783497215,1.0597350367212461,After the historical event,Event not experienced
-2.1799999999999997,1,0,0,Nuclear-family environmental variance,500,2.258721019907828,2.294409008695185,1.2757038315030207,3.2258132124809515,2.25,2.258721019907828,After the historical event,Event not experienced
-2.1799999999999997,1,0,0,Nonshared environmental variance,500,3.9046868574021203,3.8913708206991826,2.981116030032605,4.820271661235994,4,3.9046868574021203,After the historical event,Event not experienced
-2.1799999999999997,1,0,0,Phenotypic variance,500,7.223142914031195,7.214616659820498,6.634849789584047,7.874507587209198,7.249814378349722,7.223142914031195,After the historical event,Event not experienced
-2.1799999999999997,1,1,1,Additive genetic variance,500,1.6268461156748666,1.531624202456725,0.7304936213361495,3.2113223726675173,1.491547782678968,1.6268461156748666,After the historical event,Event experienced
-2.1799999999999997,1,1,1,Nuclear-family environmental variance,500,2.349560180027726,2.2672814801059937,1.068979597079836,4.225576796083605,2.25,2.349560180027726,After the historical event,Event experienced
-2.1799999999999997,1,1,1,Nonshared environmental variance,500,3.9437687315796595,3.8489822178535116,2.687278714672429,5.484809529963046,4,3.9437687315796595,After the historical event,Event experienced
-2.1799999999999997,1,1,1,Phenotypic variance,500,7.920175027282252,7.889747960552861,6.799448601604734,9.307181774185457,7.741547782678968,7.920175027282252,After the historical event,Event experienced
-2.16,0,0,0,Additive genetic variance,500,1.0815355324884866,1.053866305732751,0.584418275556631,1.7774405133906659,1.0214001285825056,1.0815355324884866,Before the historical event,Event not experienced
-2.16,0,0,0,Nuclear-family environmental variance,500,2.258183664201906,2.290114215135001,1.283320075689897,3.219598076274934,2.25,2.258183664201906,Before the historical event,Event not experienced
-2.16,0,0,0,Nonshared environmental variance,500,3.9051181563352273,3.8898116514060703,2.9884098350830923,4.810438008030971,4,3.9051181563352273,Before the historical event,Event not experienced
-2.16,0,0,0,Phenotypic variance,500,7.24483735302562,7.238741698700025,6.664324121500014,7.895954053707587,7.271400128582505,7.24483735302562,Before the historical event,Event not experienced
-2.16,0,1,0,Additive genetic variance,500,1.0815355324884866,1.053866305732751,0.584418275556631,1.7774405133906659,1.0214001285825056,1.0815355324884866,Before the historical event,Event experienced
-2.16,0,1,0,Nuclear-family environmental variance,500,2.258183664201906,2.290114215135001,1.283320075689897,3.219598076274934,2.25,2.258183664201906,Before the historical event,Event experienced
-2.16,0,1,0,Nonshared environmental variance,500,3.9051181563352273,3.8898116514060703,2.9884098350830923,4.810438008030971,4,3.9051181563352273,Before the historical event,Event experienced
-2.16,0,1,0,Phenotypic variance,500,7.24483735302562,7.238741698700025,6.664324121500014,7.895954053707587,7.271400128582505,7.24483735302562,Before the historical event,Event experienced
-2.16,1,0,0,Additive genetic variance,500,1.0815355324884866,1.053866305732751,0.584418275556631,1.7774405133906659,1.0214001285825056,1.0815355324884866,After the historical event,Event not experienced
-2.16,1,0,0,Nuclear-family environmental variance,500,2.258183664201906,2.290114215135001,1.283320075689897,3.219598076274934,2.25,2.258183664201906,After the historical event,Event not experienced
-2.16,1,0,0,Nonshared environmental variance,500,3.9051181563352273,3.8898116514060703,2.9884098350830923,4.810438008030971,4,3.9051181563352273,After the historical event,Event not experienced
-2.16,1,0,0,Phenotypic variance,500,7.24483735302562,7.238741698700025,6.664324121500014,7.895954053707587,7.271400128582505,7.24483735302562,After the historical event,Event not experienced
-2.16,1,1,1,Additive genetic variance,500,1.6603456567197288,1.5630602759693235,0.7468811210256434,3.26422365697663,1.523749937993351,1.6603456567197288,After the historical event,Event experienced
-2.16,1,1,1,Nuclear-family environmental variance,500,2.3488182039775056,2.267102985812678,1.0708690841412856,4.214818670282206,2.25,2.3488182039775056,After the historical event,Event experienced
-2.16,1,1,1,Nonshared environmental variance,500,3.9440324339111106,3.8532871566091056,2.691243910091905,5.481285045656723,4,3.9440324339111106,After the historical event,Event experienced
-2.16,1,1,1,Phenotypic variance,500,7.953196294608345,7.916074372338384,6.831083150575944,9.323880259748853,7.773749937993351,7.953196294608345,After the historical event,Event experienced
-2.14,0,0,0,Additive genetic variance,500,1.1036259484417603,1.0773786365639915,0.6015121080636663,1.8053168319622643,1.0432849709837502,1.1036259484417603,Before the historical event,Event not experienced
-2.14,0,0,0,Nuclear-family environmental variance,500,2.257658310878598,2.2899625415938174,1.291098818424984,3.213383055301409,2.25,2.257658310878598,Before the historical event,Event not experienced
-2.14,0,0,0,Nonshared environmental variance,500,3.9055543513254567,3.88818068274149,2.9956944781419916,4.802234362711134,4,3.9055543513254567,Before the historical event,Event not experienced
-2.14,0,0,0,Phenotypic variance,500,7.266838610645815,7.264141429343725,6.691714978107667,7.9176580795806855,7.29328497098375,7.266838610645815,Before the historical event,Event not experienced
-2.14,0,1,0,Additive genetic variance,500,1.1036259484417603,1.0773786365639915,0.6015121080636663,1.8053168319622643,1.0432849709837502,1.1036259484417603,Before the historical event,Event experienced
-2.14,0,1,0,Nuclear-family environmental variance,500,2.257658310878598,2.2899625415938174,1.291098818424984,3.213383055301409,2.25,2.257658310878598,Before the historical event,Event experienced
-2.14,0,1,0,Nonshared environmental variance,500,3.9055543513254567,3.88818068274149,2.9956944781419916,4.802234362711134,4,3.9055543513254567,Before the historical event,Event experienced
-2.14,0,1,0,Phenotypic variance,500,7.266838610645815,7.264141429343725,6.691714978107667,7.9176580795806855,7.29328497098375,7.266838610645815,Before the historical event,Event experienced
-2.14,1,0,0,Additive genetic variance,500,1.1036259484417603,1.0773786365639915,0.6015121080636663,1.8053168319622643,1.0432849709837502,1.1036259484417603,After the historical event,Event not experienced
-2.14,1,0,0,Nuclear-family environmental variance,500,2.257658310878598,2.2899625415938174,1.291098818424984,3.213383055301409,2.25,2.257658310878598,After the historical event,Event not experienced
-2.14,1,0,0,Nonshared environmental variance,500,3.9055543513254567,3.88818068274149,2.9956944781419916,4.802234362711134,4,3.9055543513254567,After the historical event,Event not experienced
-2.14,1,0,0,Phenotypic variance,500,7.266838610645815,7.264141429343725,6.691714978107667,7.9176580795806855,7.29328497098375,7.266838610645815,After the historical event,Event not experienced
-2.14,1,1,1,Additive genetic variance,500,1.6942889336345792,1.5961074518190208,0.7646836400638921,3.317526682692864,1.5563982863915147,1.6942889336345792,After the historical event,Event experienced
-2.14,1,1,1,Nuclear-family environmental variance,500,2.348087024719286,2.2669691909074574,1.072773602498392,4.204358657718756,2.25,2.348087024719286,After the historical event,Event experienced
-2.14,1,1,1,Nonshared environmental variance,500,3.9443005381007596,3.8588825960248707,2.6952099805051306,5.47774959063169,4,3.9443005381007596,After the historical event,Event experienced
-2.14,1,1,1,Phenotypic variance,500,7.986676496454625,7.952406232749992,6.863101125766901,9.347681369005748,7.806398286391515,7.986676496454625,After the historical event,Event experienced
-2.12,0,0,0,Additive genetic variance,500,1.1260055696467668,1.099756181957917,0.6185783936957543,1.8334087995983763,1.0654682363877173,1.1260055696467668,Before the historical event,Event not experienced
-2.12,0,0,0,Nuclear-family environmental variance,500,2.257144814796103,2.2896579968195043,1.2988785448118838,3.2071681733465502,2.25,2.257144814796103,Before the historical event,Event not experienced
-2.12,0,0,0,Nonshared environmental variance,500,3.905995355899,3.8890003794060317,3.0029698009345633,4.79500414901726,4,3.905995355899,Before the historical event,Event not experienced
-2.12,0,0,0,Phenotypic variance,500,7.289145740341869,7.281859956859618,6.718625251294707,7.939616929082719,7.3154682363877175,7.289145740341869,Before the historical event,Event not experienced
-2.12,0,1,0,Additive genetic variance,500,1.1260055696467668,1.099756181957917,0.6185783936957543,1.8334087995983763,1.0654682363877173,1.1260055696467668,Before the historical event,Event experienced
-2.12,0,1,0,Nuclear-family environmental variance,500,2.257144814796103,2.2896579968195043,1.2988785448118838,3.2071681733465502,2.25,2.257144814796103,Before the historical event,Event experienced
-2.12,0,1,0,Nonshared environmental variance,500,3.905995355899,3.8890003794060317,3.0029698009345633,4.79500414901726,4,3.905995355899,Before the historical event,Event experienced
-2.12,0,1,0,Phenotypic variance,500,7.289145740341869,7.281859956859618,6.718625251294707,7.939616929082719,7.3154682363877175,7.289145740341869,Before the historical event,Event experienced
-2.12,1,0,0,Additive genetic variance,500,1.1260055696467668,1.099756181957917,0.6185783936957543,1.8334087995983763,1.0654682363877173,1.1260055696467668,After the historical event,Event not experienced
-2.12,1,0,0,Nuclear-family environmental variance,500,2.257144814796103,2.2896579968195043,1.2988785448118838,3.2071681733465502,2.25,2.257144814796103,After the historical event,Event not experienced
-2.12,1,0,0,Nonshared environmental variance,500,3.905995355899,3.8890003794060317,3.0029698009345633,4.79500414901726,4,3.905995355899,After the historical event,Event not experienced
-2.12,1,0,0,Phenotypic variance,500,7.289145740341869,7.281859956859618,6.718625251294707,7.939616929082719,7.3154682363877175,7.289145740341869,After the historical event,Event not experienced
-2.12,1,1,1,Additive genetic variance,500,1.7286747144959227,1.6276127725771201,0.7847333591360819,3.3712227928191383,1.5894918295954839,1.7286747144959227,After the historical event,Event experienced
-2.12,1,1,1,Nuclear-family environmental variance,500,2.34736648748953,2.2664241481319682,1.0746930306836582,4.193936928134068,2.25,2.34736648748953,After the historical event,Event experienced
-2.12,1,1,1,Nonshared environmental variance,500,3.9445729562211396,3.8617381626002807,2.6991768892787045,5.474203086251646,4,3.9445729562211396,After the historical event,Event experienced
-2.12,1,1,1,Phenotypic variance,500,8.020614158206593,7.984457084953735,6.895173239387706,9.389780371627978,7.839491829595484,8.020614158206593,After the historical event,Event experienced
-2.1,0,0,0,Additive genetic variance,500,1.1486735284709357,1.1227005732552704,0.6359994242182896,1.8634746680427887,1.0879490965933458,1.1486735284709357,Before the historical event,Event not experienced
-2.1,0,0,0,Nuclear-family environmental variance,500,2.256643031721365,2.28916842115818,1.3066587053882777,3.2000936085448113,2.25,2.256643031721365,Before the historical event,Event not experienced
-2.1,0,0,0,Nonshared environmental variance,500,3.906441084045841,3.891439551849409,3.010235645093644,4.7878088218343855,4,3.906441084045841,Before the historical event,Event not experienced
-2.1,0,0,0,Phenotypic variance,500,7.311757644238142,7.303944717840263,6.745262498329463,7.961073118447187,7.337949096593346,7.311757644238142,Before the historical event,Event not experienced
-2.1,0,1,0,Additive genetic variance,500,1.1486735284709357,1.1227005732552704,0.6359994242182896,1.8634746680427887,1.0879490965933458,1.1486735284709357,Before the historical event,Event experienced
-2.1,0,1,0,Nuclear-family environmental variance,500,2.256643031721365,2.28916842115818,1.3066587053882777,3.2000936085448113,2.25,2.256643031721365,Before the historical event,Event experienced
-2.1,0,1,0,Nonshared environmental variance,500,3.906441084045841,3.891439551849409,3.010235645093644,4.7878088218343855,4,3.906441084045841,Before the historical event,Event experienced
-2.1,0,1,0,Phenotypic variance,500,7.311757644238142,7.303944717840263,6.745262498329463,7.961073118447187,7.337949096593346,7.311757644238142,Before the historical event,Event experienced
-2.1,1,0,0,Additive genetic variance,500,1.1486735284709357,1.1227005732552704,0.6359994242182896,1.8634746680427887,1.0879490965933458,1.1486735284709357,After the historical event,Event not experienced
-2.1,1,0,0,Nuclear-family environmental variance,500,2.256643031721365,2.28916842115818,1.3066587053882777,3.2000936085448113,2.25,2.256643031721365,After the historical event,Event not experienced
-2.1,1,0,0,Nonshared environmental variance,500,3.906441084045841,3.891439551849409,3.010235645093644,4.7878088218343855,4,3.906441084045841,After the historical event,Event not experienced
-2.1,1,0,0,Phenotypic variance,500,7.311757644238142,7.303944717840263,6.745262498329463,7.961073118447187,7.337949096593346,7.311757644238142,After the historical event,Event not experienced
-2.1,1,1,1,Additive genetic variance,500,1.763501528703345,1.6605832222858836,0.8049569601365162,3.4253030212431552,1.6230293320744615,1.763501528703345,After the historical event,Event experienced
-2.1,1,1,1,Nuclear-family environmental variance,500,2.346656438486626,2.264660106269874,1.0766272476236054,4.183553245496891,2.25,2.346656438486626,After the historical event,Event experienced
-2.1,1,1,1,Nonshared environmental variance,500,3.9448496008202145,3.8637295003365484,2.7031445997696046,5.470645455009366,4,3.9448496008202145,After the historical event,Event experienced
-2.1,1,1,1,Phenotypic variance,500,8.055007568010186,8.016209433041865,6.927670893455899,9.436968168201066,7.873029332074461,8.055007568010186,After the historical event,Event experienced
-2.08,0,0,0,Additive genetic variance,500,1.1716288017576795,1.146801664616797,0.6537779946452296,1.8937642806190174,1.110726561518482,1.1716288017576795,Before the historical event,Event not experienced
-2.08,0,0,0,Nuclear-family environmental variance,500,2.25615281832577,2.2863884047143324,1.3144387477030655,3.190777861605566,2.25,2.25615281832577,Before the historical event,Event not experienced
-2.08,0,0,0,Nonshared environmental variance,500,3.9068914502195304,3.8945416117997937,3.017491852165924,4.780648221333161,4,3.9068914502195304,Before the historical event,Event not experienced
-2.08,0,0,0,Phenotypic variance,500,7.33467307030298,7.328626575170418,6.768226096186876,7.981125953840635,7.360726561518482,7.33467307030298,Before the historical event,Event not experienced
-2.08,0,1,0,Additive genetic variance,500,1.1716288017576795,1.146801664616797,0.6537779946452296,1.8937642806190174,1.110726561518482,1.1716288017576795,Before the historical event,Event experienced
-2.08,0,1,0,Nuclear-family environmental variance,500,2.25615281832577,2.2863884047143324,1.3144387477030655,3.190777861605566,2.25,2.25615281832577,Before the historical event,Event experienced
-2.08,0,1,0,Nonshared environmental variance,500,3.9068914502195304,3.8945416117997937,3.017491852165924,4.780648221333161,4,3.9068914502195304,Before the historical event,Event experienced
-2.08,0,1,0,Phenotypic variance,500,7.33467307030298,7.328626575170418,6.768226096186876,7.981125953840635,7.360726561518482,7.33467307030298,Before the historical event,Event experienced
-2.08,1,0,0,Additive genetic variance,500,1.1716288017576795,1.146801664616797,0.6537779946452296,1.8937642806190174,1.110726561518482,1.1716288017576795,After the historical event,Event not experienced
-2.08,1,0,0,Nuclear-family environmental variance,500,2.25615281832577,2.2863884047143324,1.3144387477030655,3.190777861605566,2.25,2.25615281832577,After the historical event,Event not experienced
-2.08,1,0,0,Nonshared environmental variance,500,3.9068914502195304,3.8945416117997937,3.017491852165924,4.780648221333161,4,3.9068914502195304,After the historical event,Event not experienced
-2.08,1,0,0,Phenotypic variance,500,7.33467307030298,7.328626575170418,6.768226096186876,7.981125953840635,7.360726561518482,7.33467307030298,After the historical event,Event not experienced
-2.08,1,1,1,Additive genetic variance,500,1.798767662637481,1.6937159736179055,0.8229071884476085,3.4797580928520384,1.6570093167994373,1.798767662637481,After the historical event,Event experienced
-2.08,1,1,1,Nuclear-family environmental variance,500,2.3459567248673983,2.2629635923713494,1.0800419051141916,4.1732073759240285,2.25,2.3459567248673983,After the historical event,Event experienced
-2.08,1,1,1,Nonshared environmental variance,500,3.945130384921193,3.866379928889055,2.7069452800267166,5.4670766205260595,4,3.945130384921193,After the historical event,Event experienced
-2.08,1,1,1,Phenotypic variance,500,8.089854772426072,8.048497823507926,6.958382392772604,9.484533480570102,7.907009316799437,8.089854772426072,After the historical event,Event experienced
-2.06,0,0,0,Additive genetic variance,500,1.1948702080625027,1.1707925137984172,0.6714968180604647,1.924272584899219,1.1337994764246873,1.1948702080625027,Before the historical event,Event not experienced
-2.06,0,0,0,Nuclear-family environmental variance,500,2.255674032180968,2.2838805611613173,1.3222181163860536,3.181712006383592,2.25,2.255674032180968,Before the historical event,Event not experienced
-2.06,0,0,0,Nonshared environmental variance,500,3.907346369336973,3.8952203804734715,3.0247382636182607,4.77352218879864,4,3.907346369336973,Before the historical event,Event not experienced
-2.06,0,0,0,Phenotypic variance,500,7.357890609580444,7.355164506507391,6.790665263844604,8.00145582072402,7.383799476424687,7.357890609580444,Before the historical event,Event not experienced
-2.06,0,1,0,Additive genetic variance,500,1.1948702080625027,1.1707925137984172,0.6714968180604647,1.924272584899219,1.1337994764246873,1.1948702080625027,Before the historical event,Event experienced
-2.06,0,1,0,Nuclear-family environmental variance,500,2.255674032180968,2.2838805611613173,1.3222181163860536,3.181712006383592,2.25,2.255674032180968,Before the historical event,Event experienced
-2.06,0,1,0,Nonshared environmental variance,500,3.907346369336973,3.8952203804734715,3.0247382636182607,4.77352218879864,4,3.907346369336973,Before the historical event,Event experienced
-2.06,0,1,0,Phenotypic variance,500,7.357890609580444,7.355164506507391,6.790665263844604,8.00145582072402,7.383799476424687,7.357890609580444,Before the historical event,Event experienced
-2.06,1,0,0,Additive genetic variance,500,1.1948702080625027,1.1707925137984172,0.6714968180604647,1.924272584899219,1.1337994764246873,1.1948702080625027,After the historical event,Event not experienced
-2.06,1,0,0,Nuclear-family environmental variance,500,2.255674032180968,2.2838805611613173,1.3222181163860536,3.181712006383592,2.25,2.255674032180968,After the historical event,Event not experienced
-2.06,1,0,0,Nonshared environmental variance,500,3.907346369336973,3.8952203804734715,3.0247382636182607,4.77352218879864,4,3.907346369336973,After the historical event,Event not experienced
-2.06,1,0,0,Phenotypic variance,500,7.357890609580444,7.355164506507391,6.790665263844604,8.00145582072402,7.383799476424687,7.357890609580444,After the historical event,Event not experienced
-2.06,1,1,1,Additive genetic variance,500,1.8344711554179003,1.7266370196026792,0.8411303180626541,3.5345784238693456,1.6914300611030897,1.8344711554179003,After the historical event,Event experienced
-2.06,1,1,1,Nuclear-family environmental variance,500,2.3452671947437542,2.2629449479838564,1.083672813481419,4.162899087661798,2.25,2.3452671947437542,After the historical event,Event experienced
-2.06,1,1,1,Nonshared environmental variance,500,3.9454152220223655,3.8651034770691535,2.710738003282812,5.463496507550698,4,3.9454152220223655,After the historical event,Event experienced
-2.06,1,1,1,Phenotypic variance,500,8.12515357218402,8.087033241624464,6.984137218228663,9.508324098233656,7.941430061103089,8.12515357218402,After the historical event,Event experienced
-2.04,0,0,0,Additive genetic variance,500,1.2183964049550782,1.1944011061297697,0.68948990209815,1.9543028831066587,1.157166519216807,1.2183964049550782,Before the historical event,Event not experienced
-2.04,0,0,0,Nuclear-family environmental variance,500,2.2552065317548355,2.284448763887058,1.3299962532185834,3.1730720427955026,2.25,2.2552065317548355,Before the historical event,Event not experienced
-2.04,0,0,0,Nonshared environmental variance,500,3.9078057567782514,3.8950572918043775,3.0319747208439978,4.766150483919652,4,3.9078057567782514,Before the historical event,Event not experienced
-2.04,0,0,0,Phenotypic variance,500,7.381408693488165,7.375360993573895,6.810702839788683,8.022223163154061,7.407166519216807,7.381408693488165,Before the historical event,Event not experienced
-2.04,0,1,0,Additive genetic variance,500,1.2183964049550782,1.1944011061297697,0.68948990209815,1.9543028831066587,1.157166519216807,1.2183964049550782,Before the historical event,Event experienced
-2.04,0,1,0,Nuclear-family environmental variance,500,2.2552065317548355,2.284448763887058,1.3299962532185834,3.1730720427955026,2.25,2.2552065317548355,Before the historical event,Event experienced
-2.04,0,1,0,Nonshared environmental variance,500,3.9078057567782514,3.8950572918043775,3.0319747208439978,4.766150483919652,4,3.9078057567782514,Before the historical event,Event experienced
-2.04,0,1,0,Phenotypic variance,500,7.381408693488165,7.375360993573895,6.810702839788683,8.022223163154061,7.407166519216807,7.381408693488165,Before the historical event,Event experienced
-2.04,1,0,0,Additive genetic variance,500,1.2183964049550782,1.1944011061297697,0.68948990209815,1.9543028831066587,1.157166519216807,1.2183964049550782,After the historical event,Event not experienced
-2.04,1,0,0,Nuclear-family environmental variance,500,2.2552065317548355,2.284448763887058,1.3299962532185834,3.1730720427955026,2.25,2.2552065317548355,After the historical event,Event not experienced
-2.04,1,0,0,Nonshared environmental variance,500,3.9078057567782514,3.8950572918043775,3.0319747208439978,4.766150483919652,4,3.9078057567782514,After the historical event,Event not experienced
-2.04,1,0,0,Phenotypic variance,500,7.381408693488165,7.375360993573895,6.810702839788683,8.022223163154061,7.407166519216807,7.381408693488165,After the historical event,Event not experienced
-2.04,1,1,1,Additive genetic variance,500,1.8706097947673803,1.758456883984577,0.8596268100321336,3.5897541224177605,1.7262895926512145,1.8706097947673803,After the historical event,Event experienced
-2.04,1,1,1,Nuclear-family environmental variance,500,2.344587697179451,2.2640342276287777,1.0873097830980694,4.1526281510676695,2.25,2.344587697179451,After the historical event,Event experienced
-2.04,1,1,1,Nonshared environmental variance,500,3.9457040260969682,3.8638429808182115,2.7145320815810523,5.459905041959306,4,3.9457040260969682,After the historical event,Event experienced
-2.04,1,1,1,Phenotypic variance,500,8.160901518043799,8.118110643743124,7.010230027267789,9.537522437627434,7.976289592651215,8.160901518043799,After the historical event,Event experienced
-2.02,0,0,0,Additive genetic variance,500,1.2422058863914343,1.2180466204518505,0.7078286661083202,1.9828311750353458,1.1808261978214865,1.2422058863914343,Before the historical event,Event not experienced
-2.02,0,0,0,Nuclear-family environmental variance,500,2.254750176407559,2.2850064471287723,1.3377725972050878,3.163512560711772,2.25,2.254750176407559,Before the historical event,Event not experienced
-2.02,0,0,0,Nonshared environmental variance,500,3.908269528386464,3.8952905761798364,3.0392010651693058,4.758191632053124,4,3.908269528386464,Before the historical event,Event not experienced
-2.02,0,0,0,Phenotypic variance,500,7.405225591185457,7.399489648202984,6.8301550765937105,8.044613753700974,7.430826197821487,7.405225591185457,Before the historical event,Event not experienced
-2.02,0,1,0,Additive genetic variance,500,1.2422058863914343,1.2180466204518505,0.7078286661083202,1.9828311750353458,1.1808261978214865,1.2422058863914343,Before the historical event,Event experienced
-2.02,0,1,0,Nuclear-family environmental variance,500,2.254750176407559,2.2850064471287723,1.3377725972050878,3.163512560711772,2.25,2.254750176407559,Before the historical event,Event experienced
-2.02,0,1,0,Nonshared environmental variance,500,3.908269528386464,3.8952905761798364,3.0392010651693058,4.758191632053124,4,3.908269528386464,Before the historical event,Event experienced
-2.02,0,1,0,Phenotypic variance,500,7.405225591185457,7.399489648202984,6.8301550765937105,8.044613753700974,7.430826197821487,7.405225591185457,Before the historical event,Event experienced
-2.02,1,0,0,Additive genetic variance,500,1.2422058863914343,1.2180466204518505,0.7078286661083202,1.9828311750353458,1.1808261978214865,1.2422058863914343,After the historical event,Event not experienced
-2.02,1,0,0,Nuclear-family environmental variance,500,2.254750176407559,2.2850064471287723,1.3377725972050878,3.163512560711772,2.25,2.254750176407559,After the historical event,Event not experienced
-2.02,1,0,0,Nonshared environmental variance,500,3.908269528386464,3.8952905761798364,3.0392010651693058,4.758191632053124,4,3.908269528386464,After the historical event,Event not experienced
-2.02,1,0,0,Phenotypic variance,500,7.405225591185457,7.399489648202984,6.8301550765937105,8.044613753700974,7.430826197821487,7.405225591185457,After the historical event,Event not experienced
-2.02,1,1,1,Additive genetic variance,500,1.90718111298907,1.7917455379032847,0.8783970098925763,3.6452749893105545,1.7615856855319298,1.90718111298907,After the historical event,Event experienced
-2.02,1,1,1,Nuclear-family environmental variance,500,2.3439180821869985,2.262815393181058,1.0909527451651446,4.1470048396943975,2.25,2.3439180821869985,After the historical event,Event experienced
-2.02,1,1,1,Nonshared environmental variance,500,3.9459967115930654,3.8625984119941563,2.718327483211935,5.456302150754228,4,3.9459967115930654,After the historical event,Event experienced
-2.02,1,1,1,Phenotypic variance,500,8.197095906769134,8.153217657921243,7.036659601496477,9.56901055640817,8.01158568553193,8.197095906769134,After the historical event,Event experienced
-2,0,0,0,Additive genetic variance,500,1.2662969801603985,1.2417544678971555,0.7265151381967749,2.011496076632344,1.2047768476488083,1.2662969801603985,Before the historical event,Event not experienced
-2,0,0,0,Nuclear-family environmental variance,500,2.2543048263878522,2.2830000661831322,1.345546584645557,3.1520347642931017,2.25,2.2543048263878522,Before the historical event,Event not experienced
-2,0,0,0,Nonshared environmental variance,500,3.9087376004675938,3.89444540775266,3.0464171378595406,4.750255094828136,4,3.9087376004675938,Before the historical event,Event not experienced
-2,0,0,0,Phenotypic variance,500,7.429339407015845,7.422643579027157,6.848226094815222,8.070869216337666,7.454776847648809,7.429339407015845,Before the historical event,Event not experienced
-2,0,1,0,Additive genetic variance,500,1.2662969801603985,1.2417544678971555,0.7265151381967749,2.011496076632344,1.2047768476488083,1.2662969801603985,Before the historical event,Event experienced
-2,0,1,0,Nuclear-family environmental variance,500,2.2543048263878522,2.2830000661831322,1.345546584645557,3.1520347642931017,2.25,2.2543048263878522,Before the historical event,Event experienced
-2,0,1,0,Nonshared environmental variance,500,3.9087376004675938,3.89444540775266,3.0464171378595406,4.750255094828136,4,3.9087376004675938,Before the historical event,Event experienced
-2,0,1,0,Phenotypic variance,500,7.429339407015845,7.422643579027157,6.848226094815222,8.070869216337666,7.454776847648809,7.429339407015845,Before the historical event,Event experienced
-2,1,0,0,Additive genetic variance,500,1.2662969801603985,1.2417544678971555,0.7265151381967749,2.011496076632344,1.2047768476488083,1.2662969801603985,After the historical event,Event not experienced
-2,1,0,0,Nuclear-family environmental variance,500,2.2543048263878522,2.2830000661831322,1.345546584645557,3.1520347642931017,2.25,2.2543048263878522,After the historical event,Event not experienced
-2,1,0,0,Nonshared environmental variance,500,3.9087376004675938,3.89444540775266,3.0464171378595406,4.750255094828136,4,3.9087376004675938,After the historical event,Event not experienced
-2,1,0,0,Phenotypic variance,500,7.429339407015845,7.422643579027157,6.848226094815222,8.070869216337666,7.454776847648809,7.429339407015845,After the historical event,Event not experienced
-2,1,1,1,Additive genetic variance,500,1.9441823830630678,1.8298258335886048,0.8974387310468855,3.705099509161622,1.7973158564688863,1.9441823830630678,After the historical event,Event experienced
-2,1,1,1,Nuclear-family environmental variance,500,2.343258200724685,2.263724195212893,1.0946016304790702,4.143589361125327,2.25,2.343258200724685,After the historical event,Event experienced
-2,1,1,1,Nonshared environmental variance,500,3.9462931934334584,3.8613697427754596,2.7212743021091255,5.453879053780951,4,3.9462931934334584,After the historical event,Event experienced
-2,1,1,1,Phenotypic variance,500,8.233733777221211,8.187170407560178,7.063086632804872,9.62875707969968,8.047315856468886,8.233733777221211,After the historical event,Event experienced
-1.98,0,0,0,Additive genetic variance,500,1.2906678454084686,1.2659246406667692,0.7455511962962986,2.0402915276985065,1.2290166291412354,1.2906678454084686,Before the historical event,Event not experienced
-1.98,0,0,0,Nuclear-family environmental variance,500,2.253870342829297,2.2837814019494322,1.3533176492089054,3.1406220563207956,2.25,2.253870342829297,Before the historical event,Event not experienced
-1.98,0,0,0,Nonshared environmental variance,500,3.909209889790395,3.894920993647536,3.0536227801256226,4.742349547249751,4,3.909209889790395,Before the historical event,Event not experienced
-1.98,0,0,0,Phenotypic variance,500,7.453748078028161,7.446589956761945,6.86662518551751,8.0952539296593,7.479016629141236,7.453748078028161,Before the historical event,Event not experienced
-1.98,0,1,0,Additive genetic variance,500,1.2906678454084686,1.2659246406667692,0.7455511962962986,2.0402915276985065,1.2290166291412354,1.2906678454084686,Before the historical event,Event experienced
-1.98,0,1,0,Nuclear-family environmental variance,500,2.253870342829297,2.2837814019494322,1.3533176492089054,3.1406220563207956,2.25,2.253870342829297,Before the historical event,Event experienced
-1.98,0,1,0,Nonshared environmental variance,500,3.909209889790395,3.894920993647536,3.0536227801256226,4.742349547249751,4,3.909209889790395,Before the historical event,Event experienced
-1.98,0,1,0,Phenotypic variance,500,7.453748078028161,7.446589956761945,6.86662518551751,8.0952539296593,7.479016629141236,7.453748078028161,Before the historical event,Event experienced
-1.98,1,0,0,Additive genetic variance,500,1.2906678454084686,1.2659246406667692,0.7455511962962986,2.0402915276985065,1.2290166291412354,1.2906678454084686,After the historical event,Event not experienced
-1.98,1,0,0,Nuclear-family environmental variance,500,2.253870342829297,2.2837814019494322,1.3533176492089054,3.1406220563207956,2.25,2.253870342829297,After the historical event,Event not experienced
-1.98,1,0,0,Nonshared environmental variance,500,3.909209889790395,3.894920993647536,3.0536227801256226,4.742349547249751,4,3.909209889790395,After the historical event,Event not experienced
-1.98,1,0,0,Phenotypic variance,500,7.453748078028161,7.446589956761945,6.86662518551751,8.0952539296593,7.479016629141236,7.453748078028161,After the historical event,Event not experienced
-1.98,1,1,1,Additive genetic variance,500,1.9816106148689463,1.8705713518615936,0.9186751652159213,3.773770655072039,1.8334773611647168,1.9816106148689463,After the historical event,Event experienced
-1.98,1,1,1,Nuclear-family environmental variance,500,2.3426079046937254,2.2649908858157994,1.0982563694365237,4.140135362262589,2.25,2.3426079046937254,After the historical event,Event experienced
-1.98,1,1,1,Nonshared environmental variance,500,3.9465933870156142,3.8613261003972843,2.724037267449522,5.452146355879455,4,3.9465933870156142,After the historical event,Event experienced
-1.98,1,1,1,Phenotypic variance,500,8.270811906578286,8.227703910266925,7.089809898873282,9.684665649710475,8.083477361164718,8.270811906578286,After the historical event,Event experienced
-1.96,0,0,0,Additive genetic variance,500,1.315316470247268,1.2894589575927413,0.764894088757176,2.0683622875751357,1.2535435254140135,1.315316470247268,Before the historical event,Event not experienced
-1.96,0,0,0,Nuclear-family environmental variance,500,2.2534465877468066,2.2858424587204946,1.3610852220072263,3.129273954573639,2.25,2.2534465877468066,Before the historical event,Event not experienced
-1.96,0,0,0,Nonshared environmental variance,500,3.9096863135863074,3.8981581382550834,3.06081783313043,4.734609979939066,4,3.9096863135863074,Before the historical event,Event not experienced
-1.96,0,0,0,Phenotypic variance,500,7.478449371580382,7.473077925377023,6.886899137567712,8.11880644612822,7.503543525414013,7.478449371580382,Before the historical event,Event not experienced
-1.96,0,1,0,Additive genetic variance,500,1.315316470247268,1.2894589575927413,0.764894088757176,2.0683622875751357,1.2535435254140135,1.315316470247268,Before the historical event,Event experienced
-1.96,0,1,0,Nuclear-family environmental variance,500,2.2534465877468066,2.2858424587204946,1.3610852220072263,3.129273954573639,2.25,2.2534465877468066,Before the historical event,Event experienced
-1.96,0,1,0,Nonshared environmental variance,500,3.9096863135863074,3.8981581382550834,3.06081783313043,4.734609979939066,4,3.9096863135863074,Before the historical event,Event experienced
-1.96,0,1,0,Phenotypic variance,500,7.478449371580382,7.473077925377023,6.886899137567712,8.11880644612822,7.503543525414013,7.478449371580382,Before the historical event,Event experienced
-1.96,1,0,0,Additive genetic variance,500,1.315316470247268,1.2894589575927413,0.764894088757176,2.0683622875751357,1.2535435254140135,1.315316470247268,After the historical event,Event not experienced
-1.96,1,0,0,Nuclear-family environmental variance,500,2.2534465877468066,2.2858424587204946,1.3610852220072263,3.129273954573639,2.25,2.2534465877468066,After the historical event,Event not experienced
-1.96,1,0,0,Nonshared environmental variance,500,3.9096863135863074,3.8981581382550834,3.06081783313043,4.734609979939066,4,3.9096863135863074,After the historical event,Event not experienced
-1.96,1,0,0,Phenotypic variance,500,7.478449371580382,7.473077925377023,6.886899137567712,8.11880644612822,7.503543525414013,7.478449371580382,After the historical event,Event not experienced
-1.96,1,1,1,Additive genetic variance,500,2.019462551540759,1.9081975275799223,0.941090137934829,3.843102228656421,1.870067190780933,2.019462551540759,After the historical event,Event experienced
-1.96,1,1,1,Nuclear-family environmental variance,500,2.3419670469355354,2.2642893601475484,1.101916892039334,4.136642873915834,2.25,2.3419670469355354,After the historical event,Event experienced
-1.96,1,1,1,Nonshared environmental variance,500,3.9468972082116176,3.862816058402956,2.7268071848841444,5.445608742503815,4,3.9468972082116176,After the historical event,Event experienced
-1.96,1,1,1,Phenotypic variance,500,8.308326806687912,8.262008683650997,7.116860628244311,9.733921580394536,8.120067190780933,8.308326806687912,After the historical event,Event experienced
-1.94,0,0,0,Additive genetic variance,500,1.3402406694477587,1.3131863792140368,0.7845766123526143,2.096550707449798,1.2783553399911793,1.3402406694477587,Before the historical event,Event not experienced
-1.94,0,0,0,Nuclear-family environmental variance,500,2.2530334240332173,2.287887669223062,1.368848731670915,3.1208163268974145,2.25,2.2530334240332173,Before the historical event,Event not experienced
-1.94,0,0,0,Nonshared environmental variance,500,3.91016678954939,3.89875205357952,3.0680021379952076,4.7240822938361,4,3.91016678954939,Before the historical event,Event not experienced
-1.94,0,0,0,Phenotypic variance,500,7.5034408830303665,7.4960863765491474,6.911193125190666,8.138447434737913,7.52835533999118,7.5034408830303665,Before the historical event,Event not experienced
-1.94,0,1,0,Additive genetic variance,500,1.3402406694477587,1.3131863792140368,0.7845766123526143,2.096550707449798,1.2783553399911793,1.3402406694477587,Before the historical event,Event experienced
-1.94,0,1,0,Nuclear-family environmental variance,500,2.2530334240332173,2.287887669223062,1.368848731670915,3.1208163268974145,2.25,2.2530334240332173,Before the historical event,Event experienced
-1.94,0,1,0,Nonshared environmental variance,500,3.91016678954939,3.89875205357952,3.0680021379952076,4.7240822938361,4,3.91016678954939,Before the historical event,Event experienced
-1.94,0,1,0,Phenotypic variance,500,7.5034408830303665,7.4960863765491474,6.911193125190666,8.138447434737913,7.52835533999118,7.5034408830303665,Before the historical event,Event experienced
-1.94,1,0,0,Additive genetic variance,500,1.3402406694477587,1.3131863792140368,0.7845766123526143,2.096550707449798,1.2783553399911793,1.3402406694477587,After the historical event,Event not experienced
-1.94,1,0,0,Nuclear-family environmental variance,500,2.2530334240332173,2.287887669223062,1.368848731670915,3.1208163268974145,2.25,2.2530334240332173,After the historical event,Event not experienced
-1.94,1,0,0,Nonshared environmental variance,500,3.91016678954939,3.89875205357952,3.0680021379952076,4.7240822938361,4,3.91016678954939,After the historical event,Event not experienced
-1.94,1,0,0,Phenotypic variance,500,7.5034408830303665,7.4960863765491474,6.911193125190666,8.138447434737913,7.52835533999118,7.5034408830303665,After the historical event,Event not experienced
-1.94,1,1,1,Additive genetic variance,500,2.057734665961058,1.9474944516546016,0.965981326040157,3.9130829251672967,1.9070820685604446,2.057734665961058,After the historical event,Event experienced
-1.94,1,1,1,Nuclear-family environmental variance,500,2.3413354812291214,2.262674947353826,1.1065377288727747,4.133111928707411,2.25,2.3413354812291214,After the historical event,Event experienced
-1.94,1,1,1,Nonshared environmental variance,500,3.9472045733681456,3.864300100419057,2.72958406840998,5.438665897462872,4,3.9472045733681456,After the historical event,Event experienced
-1.94,1,1,1,Phenotypic variance,500,8.346274720558325,8.299138746754497,7.144236900249451,9.765474178790965,8.157082068560445,8.346274720558325,After the historical event,Event experienced
-1.92,0,0,0,Additive genetic variance,500,1.3654380822253662,1.3386022263810835,0.8046123861319754,2.124856237413124,1.3034496946412923,1.3654380822253662,Before the historical event,Event not experienced
-1.92,0,0,0,Nuclear-family environmental variance,500,2.2526307154559966,2.289916987174887,1.3766076044246525,3.1124993431288255,2.25,2.2526307154559966,Before the historical event,Event not experienced
-1.92,0,0,0,Nonshared environmental variance,500,3.9106512358362795,3.899248668764852,3.075175535805995,4.719430597989787,4,3.9106512358362795,Before the historical event,Event not experienced
-1.92,0,0,0,Phenotypic variance,500,7.528720033517643,7.518380722719724,6.936265586231807,8.157780587479564,7.553449694641293,7.528720033517643,Before the historical event,Event not experienced
-1.92,0,1,0,Additive genetic variance,500,1.3654380822253662,1.3386022263810835,0.8046123861319754,2.124856237413124,1.3034496946412923,1.3654380822253662,Before the historical event,Event experienced
-1.92,0,1,0,Nuclear-family environmental variance,500,2.2526307154559966,2.289916987174887,1.3766076044246525,3.1124993431288255,2.25,2.2526307154559966,Before the historical event,Event experienced
-1.92,0,1,0,Nonshared environmental variance,500,3.9106512358362795,3.899248668764852,3.075175535805995,4.719430597989787,4,3.9106512358362795,Before the historical event,Event experienced
-1.92,0,1,0,Phenotypic variance,500,7.528720033517643,7.518380722719724,6.936265586231807,8.157780587479564,7.553449694641293,7.528720033517643,Before the historical event,Event experienced
-1.92,1,0,0,Additive genetic variance,500,1.3654380822253662,1.3386022263810835,0.8046123861319754,2.124856237413124,1.3034496946412923,1.3654380822253662,After the historical event,Event not experienced
-1.92,1,0,0,Nuclear-family environmental variance,500,2.2526307154559966,2.289916987174887,1.3766076044246525,3.1124993431288255,2.25,2.2526307154559966,After the historical event,Event not experienced
-1.92,1,0,0,Nonshared environmental variance,500,3.9106512358362795,3.899248668764852,3.075175535805995,4.719430597989787,4,3.9106512358362795,After the historical event,Event not experienced
-1.92,1,0,0,Phenotypic variance,500,7.528720033517643,7.518380722719724,6.936265586231807,8.157780587479564,7.553449694641293,7.528720033517643,After the historical event,Event not experienced
-1.92,1,1,1,Additive genetic variance,500,2.0964231574004386,1.9847260056005989,0.9935023431906352,3.9837008663861733,1.9445184465988523,2.0964231574004386,After the historical event,Event experienced
-1.92,1,1,1,Nuclear-family environmental variance,500,2.340713062288596,2.26165665567512,1.1117002794575055,4.129542561072291,2.25,2.340713062288596,After the historical event,Event experienced
-1.92,1,1,1,Nonshared environmental variance,500,3.947515399306461,3.8657782086500614,2.7323679320704337,5.431715103400325,4,3.947515399306461,After the historical event,Event experienced
-1.92,1,1,1,Phenotypic variance,500,8.384651618995496,8.324209248968003,7.171936612868397,9.80613820407148,8.194518446598853,8.384651618995496,After the historical event,Event experienced
-1.9,0,0,0,Additive genetic variance,500,1.3909061701201635,1.3653610201058353,0.8250026970871607,2.1532732124069183,1.3288240273169778,1.3909061701201635,Before the historical event,Event not experienced
-1.9,0,0,0,Nuclear-family environmental variance,500,2.2522383266540738,2.2890056546204884,1.384361264164232,3.1042112241588766,2.25,2.2522383266540738,Before the historical event,Event not experienced
-1.9,0,0,0,Nonshared environmental variance,500,3.911139571066169,3.9016205288706294,3.0823378676200694,4.712658595259077,4,3.911139571066169,Before the historical event,Event not experienced
-1.9,0,0,0,Phenotypic variance,500,7.554284067840406,7.540512855368144,6.965332808952383,8.178617486337885,7.578824027316978,7.554284067840406,Before the historical event,Event not experienced
-1.9,0,1,0,Additive genetic variance,500,1.3909061701201635,1.3653610201058353,0.8250026970871607,2.1532732124069183,1.3288240273169778,1.3909061701201635,Before the historical event,Event experienced
-1.9,0,1,0,Nuclear-family environmental variance,500,2.2522383266540738,2.2890056546204884,1.384361264164232,3.1042112241588766,2.25,2.2522383266540738,Before the historical event,Event experienced
-1.9,0,1,0,Nonshared environmental variance,500,3.911139571066169,3.9016205288706294,3.0823378676200694,4.712658595259077,4,3.911139571066169,Before the historical event,Event experienced
-1.9,0,1,0,Phenotypic variance,500,7.554284067840406,7.540512855368144,6.965332808952383,8.178617486337885,7.578824027316978,7.554284067840406,Before the historical event,Event experienced
-1.9,1,0,0,Additive genetic variance,500,1.3909061701201635,1.3653610201058353,0.8250026970871607,2.1532732124069183,1.3288240273169778,1.3909061701201635,After the historical event,Event not experienced
-1.9,1,0,0,Nuclear-family environmental variance,500,2.2522383266540738,2.2890056546204884,1.384361264164232,3.1042112241588766,2.25,2.2522383266540738,After the historical event,Event not experienced
-1.9,1,0,0,Nonshared environmental variance,500,3.911139571066169,3.9016205288706294,3.0823378676200694,4.712658595259077,4,3.911139571066169,After the historical event,Event not experienced
-1.9,1,0,0,Phenotypic variance,500,7.554284067840406,7.540512855368144,6.965332808952383,8.178617486337885,7.578824027316978,7.554284067840406,After the historical event,Event not experienced
-1.9,1,1,1,Additive genetic variance,500,2.1355239483090998,2.0234193724177647,1.0202685143177201,4.054943597426112,1.9823725027706056,2.1355239483090998,After the historical event,Event experienced
-1.9,1,1,1,Nuclear-family environmental variance,500,2.340099645760804,2.2609969333302704,1.1168663430997263,4.125934807257838,2.25,2.340099645760804,After the historical event,Event experienced
-1.9,1,1,1,Nonshared environmental variance,500,3.94782960332243,3.867250365392655,2.735158789955464,5.424493877078824,4,3.94782960332243,After the historical event,Event experienced
-1.9,1,1,1,Phenotypic variance,500,8.423453197392334,8.361514331676746,7.199957480132096,9.860148239232917,8.232372502770605,8.423453197392334,After the historical event,Event experienced
-1.88,0,0,0,Additive genetic variance,500,1.416642214976242,1.3916729282887927,0.8457486594174237,2.1821953872959607,1.3544755902023313,1.416642214976242,Before the historical event,Event not experienced
-1.88,0,0,0,Nuclear-family environmental variance,500,2.251856123134788,2.2898411605702282,1.3921091325342123,3.095951863516872,2.25,2.251856123134788,Before the historical event,Event not experienced
-1.88,0,0,0,Nonshared environmental variance,500,3.9116317143208077,3.9042781413752583,3.089488974472406,4.702164758265996,4,3.9116317143208077,Before the historical event,Event not experienced
-1.88,0,0,0,Phenotypic variance,500,7.580130052431837,7.564963237524205,6.992495934164767,8.205986000120816,7.604475590202331,7.580130052431837,Before the historical event,Event not experienced
-1.88,0,1,0,Additive genetic variance,500,1.416642214976242,1.3916729282887927,0.8457486594174237,2.1821953872959607,1.3544755902023313,1.416642214976242,Before the historical event,Event experienced
-1.88,0,1,0,Nuclear-family environmental variance,500,2.251856123134788,2.2898411605702282,1.3921091325342123,3.095951863516872,2.25,2.251856123134788,Before the historical event,Event experienced
-1.88,0,1,0,Nonshared environmental variance,500,3.9116317143208077,3.9042781413752583,3.089488974472406,4.702164758265996,4,3.9116317143208077,Before the historical event,Event experienced
-1.88,0,1,0,Phenotypic variance,500,7.580130052431837,7.564963237524205,6.992495934164767,8.205986000120816,7.604475590202331,7.580130052431837,Before the historical event,Event experienced
-1.88,1,0,0,Additive genetic variance,500,1.416642214976242,1.3916729282887927,0.8457486594174237,2.1821953872959607,1.3544755902023313,1.416642214976242,After the historical event,Event not experienced
-1.88,1,0,0,Nuclear-family environmental variance,500,2.251856123134788,2.2898411605702282,1.3921091325342123,3.095951863516872,2.25,2.251856123134788,After the historical event,Event not experienced
-1.88,1,0,0,Nonshared environmental variance,500,3.9116317143208077,3.9042781413752583,3.089488974472406,4.702164758265996,4,3.9116317143208077,After the historical event,Event not experienced
-1.88,1,0,0,Phenotypic variance,500,7.580130052431837,7.564963237524205,6.992495934164767,8.205986000120816,7.604475590202331,7.580130052431837,After the historical event,Event not experienced
-1.88,1,1,1,Additive genetic variance,500,2.175032681266877,2.0659568224930744,1.0450378329134429,4.127734185446631,2.020640137816074,2.175032681266877,After the historical event,Event experienced
-1.88,1,1,1,Nuclear-family environmental variance,500,2.339495088223067,2.261063289055044,1.1220357455389964,4.116792009570319,2.25,2.339495088223067,After the historical event,Event experienced
-1.88,1,1,1,Nonshared environmental variance,500,3.9481471031865554,3.8687165530361245,2.7379566562017112,5.417288064407303,4,3.9481471031865554,After the historical event,Event experienced
-1.88,1,1,1,Phenotypic variance,500,8.4626748726765,8.399993275841883,7.228297029624569,9.914361774840781,8.270640137816073,8.4626748726765,After the historical event,Event experienced
-1.8599999999999999,0,0,0,Additive genetic variance,500,1.442643317024375,1.4180468939519386,0.8668395599360518,2.2131429920020382,1.380401447872198,1.442643317024375,Before the historical event,Event not experienced
-1.8599999999999999,0,0,0,Nuclear-family environmental variance,500,2.251483971270954,2.2881853094817073,1.399850629006386,3.0877211553372303,2.25,2.251483971270954,Before the historical event,Event not experienced
-1.8599999999999999,0,0,0,Nonshared environmental variance,500,3.9121275851445256,3.905671873715815,3.0966286973821484,4.691739507759323,4,3.9121275851445256,Before the historical event,Event not experienced
-1.8599999999999999,0,0,0,Phenotypic variance,500,7.6062548734398545,7.584493216427007,7.01971520611967,8.23400138172753,7.630401447872198,7.6062548734398545,Before the historical event,Event not experienced
-1.8599999999999999,0,1,0,Additive genetic variance,500,1.442643317024375,1.4180468939519386,0.8668395599360518,2.2131429920020382,1.380401447872198,1.442643317024375,Before the historical event,Event experienced
-1.8599999999999999,0,1,0,Nuclear-family environmental variance,500,2.251483971270954,2.2881853094817073,1.399850629006386,3.0877211553372303,2.25,2.251483971270954,Before the historical event,Event experienced
-1.8599999999999999,0,1,0,Nonshared environmental variance,500,3.9121275851445256,3.905671873715815,3.0966286973821484,4.691739507759323,4,3.9121275851445256,Before the historical event,Event experienced
-1.8599999999999999,0,1,0,Phenotypic variance,500,7.6062548734398545,7.584493216427007,7.01971520611967,8.23400138172753,7.630401447872198,7.6062548734398545,Before the historical event,Event experienced
-1.8599999999999999,1,0,0,Additive genetic variance,500,1.442643317024375,1.4180468939519386,0.8668395599360518,2.2131429920020382,1.380401447872198,1.442643317024375,After the historical event,Event not experienced
-1.8599999999999999,1,0,0,Nuclear-family environmental variance,500,2.251483971270954,2.2881853094817073,1.399850629006386,3.0877211553372303,2.25,2.251483971270954,After the historical event,Event not experienced
-1.8599999999999999,1,0,0,Nonshared environmental variance,500,3.9121275851445256,3.905671873715815,3.0966286973821484,4.691739507759323,4,3.9121275851445256,After the historical event,Event not experienced
-1.8599999999999999,1,0,0,Phenotypic variance,500,7.6062548734398545,7.584493216427007,7.01971520611967,8.23400138172753,7.630401447872198,7.6062548734398545,After the historical event,Event not experienced
-1.8599999999999999,1,1,1,Additive genetic variance,500,2.2149447160981635,2.1047504509563346,1.0723874674647011,4.196753168555581,2.0593169725955134,2.2149447160981635,After the historical event,Event experienced
-1.8599999999999999,1,1,1,Nuclear-family environmental variance,500,2.3388992471810437,2.2655533149312053,1.1272083115255795,4.1031115953340205,2.25,2.3388992471810437,After the historical event,Event experienced
-1.8599999999999999,1,1,1,Nonshared environmental variance,500,3.948467817144038,3.872869758978984,2.7407615449926306,5.410097598607885,4,3.948467817144038,After the historical event,Event experienced
-1.8599999999999999,1,1,1,Phenotypic variance,500,8.502311780423245,8.438984359133336,7.256952600087954,9.968959732219867,8.309316972595514,8.502311780423245,After the historical event,Event experienced
-1.84,0,0,0,Additive genetic variance,500,1.4689063930720425,1.4459638113385864,0.8877695362123307,2.2433579471093084,1.406598475567285,1.4689063930720425,Before the historical event,Event not experienced
-1.84,0,0,0,Nuclear-family environmental variance,500,2.2511217382980435,2.2861229714374716,1.4072938969116544,3.079518994355355,2.25,2.2511217382980435,Before the historical event,Event not experienced
-1.84,0,0,0,Nonshared environmental variance,500,3.9126271035442763,3.9064639039584077,3.1037568773591024,4.681382487367381,4,3.9126271035442763,Before the historical event,Event not experienced
-1.84,0,0,0,Phenotypic variance,500,7.632655234914362,7.608078518406389,7.04724365889277,8.26225719564127,7.656598475567285,7.632655234914362,Before the historical event,Event not experienced
-1.84,0,1,0,Additive genetic variance,500,1.4689063930720425,1.4459638113385864,0.8877695362123307,2.2433579471093084,1.406598475567285,1.4689063930720425,Before the historical event,Event experienced
-1.84,0,1,0,Nuclear-family environmental variance,500,2.2511217382980435,2.2861229714374716,1.4072938969116544,3.079518994355355,2.25,2.2511217382980435,Before the historical event,Event experienced
-1.84,0,1,0,Nonshared environmental variance,500,3.9126271035442763,3.9064639039584077,3.1037568773591024,4.681382487367381,4,3.9126271035442763,Before the historical event,Event experienced
-1.84,0,1,0,Phenotypic variance,500,7.632655234914362,7.608078518406389,7.04724365889277,8.26225719564127,7.656598475567285,7.632655234914362,Before the historical event,Event experienced
-1.84,1,0,0,Additive genetic variance,500,1.4689063930720425,1.4459638113385864,0.8877695362123307,2.2433579471093084,1.406598475567285,1.4689063930720425,After the historical event,Event not experienced
-1.84,1,0,0,Nuclear-family environmental variance,500,2.2511217382980435,2.2861229714374716,1.4072938969116544,3.079518994355355,2.25,2.2511217382980435,After the historical event,Event not experienced
-1.84,1,0,0,Nonshared environmental variance,500,3.9126271035442763,3.9064639039584077,3.1037568773591024,4.681382487367381,4,3.9126271035442763,After the historical event,Event not experienced
-1.84,1,0,0,Phenotypic variance,500,7.632655234914362,7.608078518406389,7.04724365889277,8.26225719564127,7.656598475567285,7.632655234914362,After the historical event,Event not experienced
-1.84,1,1,1,Additive genetic variance,500,2.2552551271580747,2.1442267085368383,1.1002399870342803,4.2479677343849325,2.098398345515837,2.2552551271580747,After the historical event,Event experienced
-1.84,1,1,1,Nuclear-family environmental variance,500,2.338311981066698,2.2659727650726875,1.1322027651128317,4.089514039600973,2.25,2.338311981066698,After the historical event,Event experienced
-1.84,1,1,1,Nonshared environmental variance,500,3.9487916639148497,3.875242123106616,2.7435734705586245,5.4029224134364195,4,3.9487916639148497,After the historical event,Event experienced
-1.84,1,1,1,Phenotypic variance,500,8.542358772139623,8.48914265005397,7.285921339135313,10.023992067663393,8.348398345515836,8.542358772139623,After the historical event,Event experienced
-1.82,0,0,0,Additive genetic variance,500,1.495428174804864,1.4723738153021066,0.9084891492576954,2.2730933031134777,1.4330633575890164,1.495428174804864,Before the historical event,Event not experienced
-1.82,0,0,0,Nuclear-family environmental variance,500,2.2507692923114795,2.2830982896304857,1.413492561721794,3.071345275903534,2.25,2.2507692923114795,Before the historical event,Event not experienced
-1.82,0,0,0,Nonshared environmental variance,500,3.913130189989699,3.908000763784247,3.1108733554102344,4.67109334352884,4,3.913130189989699,Before the historical event,Event not experienced
-1.82,0,0,0,Phenotypic variance,500,7.659327657106042,7.640372409509423,7.076841017488335,8.290666830575532,7.683063357589017,7.659327657106042,Before the historical event,Event not experienced
-1.82,0,1,0,Additive genetic variance,500,1.495428174804864,1.4723738153021066,0.9084891492576954,2.2730933031134777,1.4330633575890164,1.495428174804864,Before the historical event,Event experienced
-1.82,0,1,0,Nuclear-family environmental variance,500,2.2507692923114795,2.2830982896304857,1.413492561721794,3.071345275903534,2.25,2.2507692923114795,Before the historical event,Event experienced
-1.82,0,1,0,Nonshared environmental variance,500,3.913130189989699,3.908000763784247,3.1108733554102344,4.67109334352884,4,3.913130189989699,Before the historical event,Event experienced
-1.82,0,1,0,Phenotypic variance,500,7.659327657106042,7.640372409509423,7.076841017488335,8.290666830575532,7.683063357589017,7.659327657106042,Before the historical event,Event experienced
-1.82,1,0,0,Additive genetic variance,500,1.495428174804864,1.4723738153021066,0.9084891492576954,2.2730933031134777,1.4330633575890164,1.495428174804864,After the historical event,Event not experienced
-1.82,1,0,0,Nuclear-family environmental variance,500,2.2507692923114795,2.2830982896304857,1.413492561721794,3.071345275903534,2.25,2.2507692923114795,After the historical event,Event not experienced
-1.82,1,0,0,Nonshared environmental variance,500,3.913130189989699,3.908000763784247,3.1108733554102344,4.67109334352884,4,3.913130189989699,After the historical event,Event not experienced
-1.82,1,0,0,Phenotypic variance,500,7.659327657106042,7.640372409509423,7.076841017488335,8.290666830575532,7.683063357589017,7.659327657106042,After the historical event,Event not experienced
-1.82,1,1,1,Additive genetic variance,500,2.295958700796169,2.184116180029614,1.1285975372734687,4.299287988406886,2.137879310136018,2.295958700796169,After the historical event,Event experienced
-1.82,1,1,1,Nuclear-family environmental variance,500,2.3377331492363806,2.2631347458044653,1.1369507202839595,4.075998579234539,2.25,2.3377331492363806,After the historical event,Event experienced
-1.82,1,1,1,Nonshared environmental variance,500,3.9491185626938328,3.875421515679419,2.746392447177177,5.395762443179631,4,3.9491185626938328,After the historical event,Event experienced
-1.82,1,1,1,Phenotypic variance,500,8.582810412726381,8.528313484340103,7.315200201075648,10.07918764298508,8.387879310136018,8.582810412726381,After the historical event,Event experienced
-1.8,0,0,0,Additive genetic variance,500,1.522205207203423,1.5002157093559694,0.9295244615095772,2.3030050807588247,1.4597925858179746,1.522205207203423,Before the historical event,Event not experienced
-1.8,0,0,0,Nuclear-family environmental variance,500,2.2504265022640424,2.281218675423747,1.419682116386025,3.063199895906874,2.25,2.2504265022640424,Before the historical event,Event not experienced
-1.8,0,0,0,Nonshared environmental variance,500,3.913636765413205,3.910248755321378,3.1179779725461887,4.660952449638666,4,3.913636765413205,Before the historical event,Event not experienced
-1.8,0,0,0,Phenotypic variance,500,7.68626847488067,7.673324872543339,7.1038759920725205,8.317622372552739,7.709792585817975,7.68626847488067,Before the historical event,Event not experienced
-1.8,0,1,0,Additive genetic variance,500,1.522205207203423,1.5002157093559694,0.9295244615095772,2.3030050807588247,1.4597925858179746,1.522205207203423,Before the historical event,Event experienced
-1.8,0,1,0,Nuclear-family environmental variance,500,2.2504265022640424,2.281218675423747,1.419682116386025,3.063199895906874,2.25,2.2504265022640424,Before the historical event,Event experienced
-1.8,0,1,0,Nonshared environmental variance,500,3.913636765413205,3.910248755321378,3.1179779725461887,4.660952449638666,4,3.913636765413205,Before the historical event,Event experienced
-1.8,0,1,0,Phenotypic variance,500,7.68626847488067,7.673324872543339,7.1038759920725205,8.317622372552739,7.709792585817975,7.68626847488067,Before the historical event,Event experienced
-1.8,1,0,0,Additive genetic variance,500,1.522205207203423,1.5002157093559694,0.9295244615095772,2.3030050807588247,1.4597925858179746,1.522205207203423,After the historical event,Event not experienced
-1.8,1,0,0,Nuclear-family environmental variance,500,2.2504265022640424,2.281218675423747,1.419682116386025,3.063199895906874,2.25,2.2504265022640424,After the historical event,Event not experienced
-1.8,1,0,0,Nonshared environmental variance,500,3.913636765413205,3.910248755321378,3.1179779725461887,4.660952449638666,4,3.913636765413205,After the historical event,Event not experienced
-1.8,1,0,0,Phenotypic variance,500,7.68626847488067,7.673324872543339,7.1038759920725205,8.317622372552739,7.709792585817975,7.68626847488067,After the historical event,Event not experienced
-1.8,1,1,1,Additive genetic variance,500,2.337049933003932,2.225413913302159,1.1556975930773512,4.351355149473573,2.177754632956868,2.337049933003932,After the historical event,Event experienced
-1.8,1,1,1,Nuclear-family environmental variance,500,2.3371626119690183,2.2607184051018017,1.141700537038895,4.060079765708828,2.25,2.3371626119690183,After the historical event,Event experienced
-1.8,1,1,1,Nonshared environmental variance,500,3.9494484331508124,3.8786693113698614,2.7492184891729847,5.388617622652299,4,3.9494484331508124,After the historical event,Event experienced
-1.8,1,1,1,Phenotypic variance,500,8.623660978123763,8.565269127581715,7.349447961567735,10.134534620624489,8.427754632956868,8.623660978123763,After the historical event,Event experienced
-1.78,0,0,0,Additive genetic variance,500,1.5492338470794402,1.5272917756158526,0.9508835388781803,2.3329986878518643,1.486782458359715,1.5492338470794402,Before the historical event,Event not experienced
-1.78,0,0,0,Nuclear-family environmental variance,500,2.2500932379633896,2.279353406518591,1.4258621225477435,3.055082750879267,2.25,2.2500932379633896,Before the historical event,Event not experienced
-1.78,0,0,0,Nonshared environmental variance,500,3.9141467512100827,3.9099385291259816,3.1244420664599284,4.650879238356125,4,3.9141467512100827,Before the historical event,Event not experienced
-1.78,0,0,0,Phenotypic variance,500,7.713473836252913,7.7042634331808815,7.131361796619755,8.345177523003134,7.7367824583597145,7.713473836252913,Before the historical event,Event not experienced
-1.78,0,1,0,Additive genetic variance,500,1.5492338470794402,1.5272917756158526,0.9508835388781803,2.3329986878518643,1.486782458359715,1.5492338470794402,Before the historical event,Event experienced
-1.78,0,1,0,Nuclear-family environmental variance,500,2.2500932379633896,2.279353406518591,1.4258621225477435,3.055082750879267,2.25,2.2500932379633896,Before the historical event,Event experienced
-1.78,0,1,0,Nonshared environmental variance,500,3.9141467512100827,3.9099385291259816,3.1244420664599284,4.650879238356125,4,3.9141467512100827,Before the historical event,Event experienced
-1.78,0,1,0,Phenotypic variance,500,7.713473836252913,7.7042634331808815,7.131361796619755,8.345177523003134,7.7367824583597145,7.713473836252913,Before the historical event,Event experienced
-1.78,1,0,0,Additive genetic variance,500,1.5492338470794402,1.5272917756158526,0.9508835388781803,2.3329986878518643,1.486782458359715,1.5492338470794402,After the historical event,Event not experienced
-1.78,1,0,0,Nuclear-family environmental variance,500,2.2500932379633896,2.279353406518591,1.4258621225477435,3.055082750879267,2.25,2.2500932379633896,After the historical event,Event not experienced
-1.78,1,0,0,Nonshared environmental variance,500,3.9141467512100827,3.9099385291259816,3.1244420664599284,4.650879238356125,4,3.9141467512100827,After the historical event,Event not experienced
-1.78,1,0,0,Phenotypic variance,500,7.713473836252913,7.7042634331808815,7.131361796619755,8.345177523003134,7.7367824583597145,7.713473836252913,After the historical event,Event not experienced
-1.78,1,1,1,Additive genetic variance,500,2.3785230272521876,2.2713970297629027,1.1827389224658393,4.408994984735633,2.2180187914008265,2.3785230272521876,After the historical event,Event experienced
-1.78,1,1,1,Nuclear-family environmental variance,500,2.336600230464411,2.257181133254219,1.1464520697295737,4.043809493992562,2.25,2.336600230464411,After the historical event,Event experienced
-1.78,1,1,1,Nonshared environmental variance,500,3.9497811954307354,3.88430904027115,2.7520516109180964,5.381487887194433,4,3.9497811954307354,After the historical event,Event experienced
-1.78,1,1,1,Phenotypic variance,500,8.664904453147333,8.600012066976754,7.38949440412892,10.190020934195175,8.468018791400826,8.664904453147333,After the historical event,Event experienced
-1.76,0,0,0,Additive genetic variance,500,1.57651026173518,1.5540990613861403,0.9739095109847014,2.3630671441166067,1.5140290783216548,1.57651026173518,Before the historical event,Event not experienced
-1.76,0,0,0,Nuclear-family environmental variance,500,2.249769370069684,2.2786632595855156,1.432032141196955,3.046993737919383,2.25,2.249769370069684,Before the historical event,Event not experienced
-1.76,0,0,0,Nonshared environmental variance,500,3.9146600692386184,3.9108880107481703,3.1298806723731722,4.64087185413964,4,3.9146600692386184,Before the historical event,Event not experienced
-1.76,0,0,0,Phenotypic variance,500,7.740939701043483,7.730996264015551,7.156748115805662,8.37292336942344,7.764029078321655,7.740939701043483,Before the historical event,Event not experienced
-1.76,0,1,0,Additive genetic variance,500,1.57651026173518,1.5540990613861403,0.9739095109847014,2.3630671441166067,1.5140290783216548,1.57651026173518,Before the historical event,Event experienced
-1.76,0,1,0,Nuclear-family environmental variance,500,2.249769370069684,2.2786632595855156,1.432032141196955,3.046993737919383,2.25,2.249769370069684,Before the historical event,Event experienced
-1.76,0,1,0,Nonshared environmental variance,500,3.9146600692386184,3.9108880107481703,3.1298806723731722,4.64087185413964,4,3.9146600692386184,Before the historical event,Event experienced
-1.76,0,1,0,Phenotypic variance,500,7.740939701043483,7.730996264015551,7.156748115805662,8.37292336942344,7.764029078321655,7.740939701043483,Before the historical event,Event experienced
-1.76,1,0,0,Additive genetic variance,500,1.57651026173518,1.5540990613861403,0.9739095109847014,2.3630671441166067,1.5140290783216548,1.57651026173518,After the historical event,Event not experienced
-1.76,1,0,0,Nuclear-family environmental variance,500,2.249769370069684,2.2786632595855156,1.432032141196955,3.046993737919383,2.25,2.249769370069684,After the historical event,Event not experienced
-1.76,1,0,0,Nonshared environmental variance,500,3.9146600692386184,3.9108880107481703,3.1298806723731722,4.64087185413964,4,3.9146600692386184,After the historical event,Event not experienced
-1.76,1,0,0,Phenotypic variance,500,7.740939701043483,7.730996264015551,7.156748115805662,8.37292336942344,7.764029078321655,7.740939701043483,After the historical event,Event not experienced
-1.76,1,1,1,Additive genetic variance,500,2.4203718925244813,2.3162490259126005,1.2096902005112806,4.477469540012187,2.258665971987294,2.4203718925244813,After the historical event,Event experienced
-1.76,1,1,1,Nuclear-family environmental variance,500,2.336045866841632,2.253786774446708,1.1512051719939675,4.027656855613979,2.25,2.336045866841632,After the historical event,Event experienced
-1.76,1,1,1,Nonshared environmental variance,500,3.9501167701538207,3.8858924106573127,2.7575307428269866,5.3743731726684745,4,3.9501167701538207,After the historical event,Event experienced
-1.76,1,1,1,Phenotypic variance,500,8.706534529519933,8.643720418945069,7.429836976434885,10.243930207512594,8.508665971987295,8.706534529519933,After the historical event,Event experienced
-1.74,0,0,0,Additive genetic variance,500,1.6040304277499235,1.580375324497667,0.9974969544364684,2.3932033496241987,1.5415283527246721,1.6040304277499235,Before the historical event,Event not experienced
-1.74,0,0,0,Nuclear-family environmental variance,500,2.2494547700933274,2.2799043205283236,1.4377789809828725,3.0389327547067055,2.25,2.2494547700933274,Before the historical event,Event not experienced
-1.74,0,0,0,Nonshared environmental variance,500,3.915176641820244,3.910681154307328,3.1353109622477158,4.630929962147856,4,3.915176641820244,Before the historical event,Event not experienced
-1.74,0,0,0,Phenotypic variance,500,7.768661839663495,7.757480593919132,7.184238997762588,8.400853325815495,7.791528352724672,7.768661839663495,Before the historical event,Event not experienced
-1.74,0,1,0,Additive genetic variance,500,1.6040304277499235,1.580375324497667,0.9974969544364684,2.3932033496241987,1.5415283527246721,1.6040304277499235,Before the historical event,Event experienced
-1.74,0,1,0,Nuclear-family environmental variance,500,2.2494547700933274,2.2799043205283236,1.4377789809828725,3.0389327547067055,2.25,2.2494547700933274,Before the historical event,Event experienced
-1.74,0,1,0,Nonshared environmental variance,500,3.915176641820244,3.910681154307328,3.1353109622477158,4.630929962147856,4,3.915176641820244,Before the historical event,Event experienced
-1.74,0,1,0,Phenotypic variance,500,7.768661839663495,7.757480593919132,7.184238997762588,8.400853325815495,7.791528352724672,7.768661839663495,Before the historical event,Event experienced
-1.74,1,0,0,Additive genetic variance,500,1.6040304277499235,1.580375324497667,0.9974969544364684,2.3932033496241987,1.5415283527246721,1.6040304277499235,After the historical event,Event not experienced
-1.74,1,0,0,Nuclear-family environmental variance,500,2.2494547700933274,2.2799043205283236,1.4377789809828725,3.0389327547067055,2.25,2.2494547700933274,After the historical event,Event not experienced
-1.74,1,0,0,Nonshared environmental variance,500,3.915176641820244,3.910681154307328,3.1353109622477158,4.630929962147856,4,3.915176641820244,After the historical event,Event not experienced
-1.74,1,0,0,Phenotypic variance,500,7.768661839663495,7.757480593919132,7.184238997762588,8.400853325815495,7.791528352724672,7.768661839663495,After the historical event,Event not experienced
-1.74,1,1,1,Additive genetic variance,500,2.4625901415523845,2.355537321093271,1.2360595600738291,4.547021392211039,2.2996900687089297,2.4625901415523845,After the historical event,Event experienced
-1.74,1,1,1,Nuclear-family environmental variance,500,2.335499384137537,2.2519500443863207,1.1559596967625554,4.011620891437856,2.25,2.335499384137537,After the historical event,Event experienced
-1.74,1,1,1,Nonshared environmental variance,500,3.9504550784157333,3.8841251766659974,2.763342764526855,5.367273415456507,4,3.9504550784157333,After the historical event,Event experienced
-1.74,1,1,1,Phenotypic variance,500,8.748544604105655,8.682571899268945,7.4704695881209755,10.291901254628842,8.54969006870893,8.748544604105655,After the historical event,Event experienced
-1.72,0,0,0,Additive genetic variance,500,1.6317901298972715,1.6073801695531107,1.02137591664184,2.4223766836696004,1.5692759915529557,1.6317901298972715,Before the historical event,Event not experienced
-1.72,0,0,0,Nuclear-family environmental variance,500,2.2491493103928053,2.282068648937924,1.44227196947796,3.030899699497587,2.25,2.2491493103928053,Before the historical event,Event not experienced
-1.72,0,0,0,Nonshared environmental variance,500,3.9156963917396954,3.9097764792812355,3.1407328579770275,4.621053230170967,4,3.9156963917396954,Before the historical event,Event not experienced
-1.72,0,0,0,Phenotypic variance,500,7.796635832029772,7.780712093287203,7.210285349993882,8.428997448556462,7.8192759915529555,7.796635832029772,Before the historical event,Event not experienced
-1.72,0,1,0,Additive genetic variance,500,1.6317901298972715,1.6073801695531107,1.02137591664184,2.4223766836696004,1.5692759915529557,1.6317901298972715,Before the historical event,Event experienced
-1.72,0,1,0,Nuclear-family environmental variance,500,2.2491493103928053,2.282068648937924,1.44227196947796,3.030899699497587,2.25,2.2491493103928053,Before the historical event,Event experienced
-1.72,0,1,0,Nonshared environmental variance,500,3.9156963917396954,3.9097764792812355,3.1407328579770275,4.621053230170967,4,3.9156963917396954,Before the historical event,Event experienced
-1.72,0,1,0,Phenotypic variance,500,7.796635832029772,7.780712093287203,7.210285349993882,8.428997448556462,7.8192759915529555,7.796635832029772,Before the historical event,Event experienced
-1.72,1,0,0,Additive genetic variance,500,1.6317901298972715,1.6073801695531107,1.02137591664184,2.4223766836696004,1.5692759915529557,1.6317901298972715,After the historical event,Event not experienced
-1.72,1,0,0,Nuclear-family environmental variance,500,2.2491493103928053,2.282068648937924,1.44227196947796,3.030899699497587,2.25,2.2491493103928053,After the historical event,Event not experienced
-1.72,1,0,0,Nonshared environmental variance,500,3.9156963917396954,3.9097764792812355,3.1407328579770275,4.621053230170967,4,3.9156963917396954,After the historical event,Event not experienced
-1.72,1,0,0,Phenotypic variance,500,7.796635832029772,7.780712093287203,7.210285349993882,8.428997448556462,7.8192759915529555,7.796635832029772,After the historical event,Event not experienced
-1.72,1,1,1,Additive genetic variance,500,2.5051710892585657,2.3973686341339198,1.2593918381301323,4.617079334224311,2.3410846816141926,2.5051710892585657,After the historical event,Event experienced
-1.72,1,1,1,Nuclear-family environmental variance,500,2.334960646305368,2.2535822490088586,1.1604209622465458,4.001446546620556,2.25,2.334960646305368,After the historical event,Event experienced
-1.72,1,1,1,Nonshared environmental variance,500,3.950796041787772,3.881824874732951,2.7691563342523287,5.360188552457489,4,3.950796041787772,After the historical event,Event experienced
-1.72,1,1,1,Phenotypic variance,500,8.790927777351705,8.720154057385225,7.511385902681372,10.337676065780254,8.591084681614193,8.790927777351705,After the historical event,Event experienced
-1.7,0,0,0,Additive genetic variance,500,1.6597849601969614,1.6351788093080084,1.044782049409921,2.4494521965688536,1.5972675069455593,1.6597849601969614,Before the historical event,Event not experienced
-1.7,0,0,0,Nuclear-family environmental variance,500,2.2488528641726355,2.2806965988683885,1.446767730979339,3.0228944711213392,2.25,2.2488528641726355,Before the historical event,Event not experienced
-1.7,0,0,0,Nonshared environmental variance,500,3.9162192422451976,3.9136916032993114,3.1461462814540333,4.612885693900255,4,3.9162192422451976,Before the historical event,Event not experienced
-1.7,0,0,0,Phenotypic variance,500,7.824857066614794,7.806406522648328,7.236605735388913,8.457587988832735,7.84726750694556,7.824857066614794,Before the historical event,Event not experienced
-1.7,0,1,0,Additive genetic variance,500,1.6597849601969614,1.6351788093080084,1.044782049409921,2.4494521965688536,1.5972675069455593,1.6597849601969614,Before the historical event,Event experienced
-1.7,0,1,0,Nuclear-family environmental variance,500,2.2488528641726355,2.2806965988683885,1.446767730979339,3.0228944711213392,2.25,2.2488528641726355,Before the historical event,Event experienced
-1.7,0,1,0,Nonshared environmental variance,500,3.9162192422451976,3.9136916032993114,3.1461462814540333,4.612885693900255,4,3.9162192422451976,Before the historical event,Event experienced
-1.7,0,1,0,Phenotypic variance,500,7.824857066614794,7.806406522648328,7.236605735388913,8.457587988832735,7.84726750694556,7.824857066614794,Before the historical event,Event experienced
-1.7,1,0,0,Additive genetic variance,500,1.6597849601969614,1.6351788093080084,1.044782049409921,2.4494521965688536,1.5972675069455593,1.6597849601969614,After the historical event,Event not experienced
-1.7,1,0,0,Nuclear-family environmental variance,500,2.2488528641726355,2.2806965988683885,1.446767730979339,3.0228944711213392,2.25,2.2488528641726355,After the historical event,Event not experienced
-1.7,1,0,0,Nonshared environmental variance,500,3.9162192422451976,3.9136916032993114,3.1461462814540333,4.612885693900255,4,3.9162192422451976,After the historical event,Event not experienced
-1.7,1,0,0,Phenotypic variance,500,7.824857066614794,7.806406522648328,7.236605735388913,8.457587988832735,7.84726750694556,7.824857066614794,After the historical event,Event not experienced
-1.7,1,1,1,Additive genetic variance,500,2.5481077514133346,2.4465943390461904,1.280828252934774,4.6874946999926514,2.382843115601285,2.5481077514133346,After the historical event,Event experienced
-1.7,1,1,1,Nuclear-family environmental variance,500,2.3344295182134656,2.2590416892294867,1.1635985327446965,3.9915426707109343,2.25,2.3344295182134656,After the historical event,Event experienced
-1.7,1,1,1,Nonshared environmental variance,500,3.951139582317079,3.881484409749211,2.774971377668088,5.35311852108449,4,3.951139582317079,After the historical event,Event experienced
-1.7,1,1,1,Phenotypic variance,500,8.83367685194388,8.768448622910716,7.549181839586604,10.37739206383089,8.632843115601284,8.83367685194388,After the historical event,Event experienced
-1.68,0,0,0,Additive genetic variance,500,1.6880103171048124,1.664453340257702,1.0685143570759954,2.4765016524331407,1.6254982125330215,1.6880103171048124,Before the historical event,Event not experienced
-1.68,0,0,0,Nuclear-family environmental variance,500,2.248565305481417,2.28196722822624,1.4512662048528977,3.0149169689763595,2.25,2.248565305481417,Before the historical event,Event not experienced
-1.68,0,0,0,Nonshared environmental variance,500,3.916745117048661,3.9142851905732807,3.1515646617289446,4.606386606394532,4,3.916745117048661,Before the historical event,Event not experienced
-1.68,0,0,0,Phenotypic variance,500,7.853320739634891,7.8355840988985355,7.263095156277347,8.48851491550058,7.875498212533022,7.853320739634891,Before the historical event,Event not experienced
-1.68,0,1,0,Additive genetic variance,500,1.6880103171048124,1.664453340257702,1.0685143570759954,2.4765016524331407,1.6254982125330215,1.6880103171048124,Before the historical event,Event experienced
-1.68,0,1,0,Nuclear-family environmental variance,500,2.248565305481417,2.28196722822624,1.4512662048528977,3.0149169689763595,2.25,2.248565305481417,Before the historical event,Event experienced
-1.68,0,1,0,Nonshared environmental variance,500,3.916745117048661,3.9142851905732807,3.1515646617289446,4.606386606394532,4,3.916745117048661,Before the historical event,Event experienced
-1.68,0,1,0,Phenotypic variance,500,7.853320739634891,7.8355840988985355,7.263095156277347,8.48851491550058,7.875498212533022,7.853320739634891,Before the historical event,Event experienced
-1.68,1,0,0,Additive genetic variance,500,1.6880103171048124,1.664453340257702,1.0685143570759954,2.4765016524331407,1.6254982125330215,1.6880103171048124,After the historical event,Event not experienced
-1.68,1,0,0,Nuclear-family environmental variance,500,2.248565305481417,2.28196722822624,1.4512662048528977,3.0149169689763595,2.25,2.248565305481417,After the historical event,Event not experienced
-1.68,1,0,0,Nonshared environmental variance,500,3.916745117048661,3.9142851905732807,3.1515646617289446,4.606386606394532,4,3.916745117048661,After the historical event,Event not experienced
-1.68,1,0,0,Phenotypic variance,500,7.853320739634891,7.8355840988985355,7.263095156277347,8.48851491550058,7.875498212533022,7.853320739634891,After the historical event,Event not experienced
-1.68,1,1,1,Additive genetic variance,500,2.591392843510256,2.4900654639421367,1.301904432730535,4.758250723881211,2.4249583794285003,2.591392843510256,After the historical event,Event experienced
-1.68,1,1,1,Nuclear-family environmental variance,500,2.333905865644074,2.25947832414625,1.166785904161747,3.9816757148291844,2.25,2.333905865644074,After the historical event,Event experienced
-1.68,1,1,1,Nonshared environmental variance,500,3.9514856225268633,3.886313511926083,2.780787820264058,5.346063259261949,4,3.9514856225268633,After the historical event,Event experienced
-1.68,1,1,1,Phenotypic variance,500,8.876784331681193,8.813088409525458,7.586348197982712,10.418294289816227,8.6749583794285,8.876784331681193,After the historical event,Event experienced
-1.66,0,0,0,Additive genetic variance,500,1.716461404844313,1.6910680618323928,1.092787073397306,2.503517523506826,1.6539632229222982,1.716461404844313,Before the historical event,Event not experienced
-1.66,0,0,0,Nuclear-family environmental variance,500,2.2482865092099877,2.2813238306780197,1.4557673302253251,3.00891125182354,2.25,2.2482865092099877,Before the historical event,Event not experienced
-1.66,0,0,0,Nonshared environmental variance,500,3.9172739403259023,3.9171175259833593,3.1582558577877764,4.599441604148591,4,3.9172739403259023,Before the historical event,Event not experienced
-1.66,0,0,0,Phenotypic variance,500,7.882021854380203,7.863909501754117,7.289866260487889,8.521210923729928,7.9039632229222985,7.882021854380203,Before the historical event,Event not experienced
-1.66,0,1,0,Additive genetic variance,500,1.716461404844313,1.6910680618323928,1.092787073397306,2.503517523506826,1.6539632229222982,1.716461404844313,Before the historical event,Event experienced
-1.66,0,1,0,Nuclear-family environmental variance,500,2.2482865092099877,2.2813238306780197,1.4557673302253251,3.00891125182354,2.25,2.2482865092099877,Before the historical event,Event experienced
-1.66,0,1,0,Nonshared environmental variance,500,3.9172739403259023,3.9171175259833593,3.1582558577877764,4.599441604148591,4,3.9172739403259023,Before the historical event,Event experienced
-1.66,0,1,0,Phenotypic variance,500,7.882021854380203,7.863909501754117,7.289866260487889,8.521210923729928,7.9039632229222985,7.882021854380203,Before the historical event,Event experienced
-1.66,1,0,0,Additive genetic variance,500,1.716461404844313,1.6910680618323928,1.092787073397306,2.503517523506826,1.6539632229222982,1.716461404844313,After the historical event,Event not experienced
-1.66,1,0,0,Nuclear-family environmental variance,500,2.2482865092099877,2.2813238306780197,1.4557673302253251,3.00891125182354,2.25,2.2482865092099877,After the historical event,Event not experienced
-1.66,1,0,0,Nonshared environmental variance,500,3.9172739403259023,3.9171175259833593,3.1582558577877764,4.599441604148591,4,3.9172739403259023,After the historical event,Event not experienced
-1.66,1,0,0,Phenotypic variance,500,7.882021854380203,7.863909501754117,7.289866260487889,8.521210923729928,7.9039632229222985,7.882021854380203,After the historical event,Event not experienced
-1.66,1,1,1,Additive genetic variance,500,2.635018779866261,2.5316948665008283,1.32027685710002,4.8293302137689595,2.467423184945839,2.635018779866261,After the historical event,Event experienced
-1.66,1,1,1,Nuclear-family environmental variance,500,2.3333895552922455,2.2610134188957467,1.1699830065508559,3.971845497548924,2.25,2.3333895552922455,After the historical event,Event experienced
-1.66,1,1,1,Nonshared environmental variance,500,3.9518340854166443,3.8936696009462097,2.7866055873578617,5.339022705422951,4,3.9518340854166443,After the historical event,Event experienced
-1.66,1,1,1,Phenotypic variance,500,8.92024242057515,8.861345097814652,7.631539129810201,10.464188623748841,8.717423184945838,8.92024242057515,After the historical event,Event experienced
-1.64,0,0,0,Additive genetic variance,500,1.7451332328832814,1.7214513905887237,1.118271462215741,2.5304922123975113,1.682657453333156,1.7451332328832814,Before the historical event,Event not experienced
-1.64,0,0,0,Nuclear-family environmental variance,500,2.2480163510896762,2.2788818871662917,1.460282099908609,3.003519889858156,2.25,2.2480163510896762,Before the historical event,Event not experienced
-1.64,0,0,0,Nonshared environmental variance,500,3.9178056367168765,3.9205507691587673,3.164945742784999,4.592579955307992,4,3.9178056367168765,Before the historical event,Event not experienced
-1.64,0,0,0,Phenotypic variance,500,7.910955220689834,7.892179075992061,7.316917526070165,8.553971963579627,7.932657453333156,7.910955220689834,Before the historical event,Event not experienced
-1.64,0,1,0,Additive genetic variance,500,1.7451332328832814,1.7214513905887237,1.118271462215741,2.5304922123975113,1.682657453333156,1.7451332328832814,Before the historical event,Event experienced
-1.64,0,1,0,Nuclear-family environmental variance,500,2.2480163510896762,2.2788818871662917,1.460282099908609,3.003519889858156,2.25,2.2480163510896762,Before the historical event,Event experienced
-1.64,0,1,0,Nonshared environmental variance,500,3.9178056367168765,3.9205507691587673,3.164945742784999,4.592579955307992,4,3.9178056367168765,Before the historical event,Event experienced
-1.64,0,1,0,Phenotypic variance,500,7.910955220689834,7.892179075992061,7.316917526070165,8.553971963579627,7.932657453333156,7.910955220689834,Before the historical event,Event experienced
-1.64,1,0,0,Additive genetic variance,500,1.7451332328832814,1.7214513905887237,1.118271462215741,2.5304922123975113,1.682657453333156,1.7451332328832814,After the historical event,Event not experienced
-1.64,1,0,0,Nuclear-family environmental variance,500,2.2480163510896762,2.2788818871662917,1.460282099908609,3.003519889858156,2.25,2.2480163510896762,After the historical event,Event not experienced
-1.64,1,0,0,Nonshared environmental variance,500,3.9178056367168765,3.9205507691587673,3.164945742784999,4.592579955307992,4,3.9178056367168765,After the historical event,Event not experienced
-1.64,1,0,0,Phenotypic variance,500,7.910955220689834,7.892179075992061,7.316917526070165,8.553971963579627,7.932657453333156,7.910955220689834,After the historical event,Event not experienced
-1.64,1,1,1,Additive genetic variance,500,2.6789776729515506,2.5733985944567523,1.3387615248747888,4.894884283979972,2.5102299465525655,2.6789776729515506,After the historical event,Event experienced
-1.64,1,1,1,Nuclear-family environmental variance,500,2.332880454764844,2.261380169265242,1.173231748529132,3.9620518386376316,2.25,2.332880454764844,After the historical event,Event experienced
-1.64,1,1,1,Nonshared environmental variance,500,3.9521848944625075,3.899770388961941,2.792422395873439,5.3319967985065,4,3.9521848944625075,After the historical event,Event experienced
-1.64,1,1,1,Phenotypic variance,500,8.964043022178902,8.906029386879013,7.667146102586225,10.527987263764231,8.760229946552565,8.964043022178902,After the historical event,Event experienced
-1.6199999999999999,0,0,0,Additive genetic variance,500,1.7740206155589244,1.7487018627253037,1.1440445343482861,2.5574180553833354,1.7115756193890552,1.7740206155589244,Before the historical event,Event not experienced
-1.6199999999999999,0,0,0,Nuclear-family environmental variance,500,2.2477547076906603,2.2768126558241413,1.4667281428818764,2.9981323880576713,2.25,2.2477547076906603,Before the historical event,Event not experienced
-1.6199999999999999,0,0,0,Nonshared environmental variance,500,3.9183401313259334,3.9227876144785965,3.1716342463626903,4.586015260129226,4,3.9183401313259334,Before the historical event,Event not experienced
-1.6199999999999999,0,0,0,Phenotypic variance,500,7.940115454575518,7.927495362475317,7.3442472504721685,8.586789285412602,7.9615756193890554,7.940115454575518,Before the historical event,Event not experienced
-1.6199999999999999,0,1,0,Additive genetic variance,500,1.7740206155589244,1.7487018627253037,1.1440445343482861,2.5574180553833354,1.7115756193890552,1.7740206155589244,Before the historical event,Event experienced
-1.6199999999999999,0,1,0,Nuclear-family environmental variance,500,2.2477547076906603,2.2768126558241413,1.4667281428818764,2.9981323880576713,2.25,2.2477547076906603,Before the historical event,Event experienced
-1.6199999999999999,0,1,0,Nonshared environmental variance,500,3.9183401313259334,3.9227876144785965,3.1716342463626903,4.586015260129226,4,3.9183401313259334,Before the historical event,Event experienced
-1.6199999999999999,0,1,0,Phenotypic variance,500,7.940115454575518,7.927495362475317,7.3442472504721685,8.586789285412602,7.9615756193890554,7.940115454575518,Before the historical event,Event experienced
-1.6199999999999999,1,0,0,Additive genetic variance,500,1.7740206155589244,1.7487018627253037,1.1440445343482861,2.5574180553833354,1.7115756193890552,1.7740206155589244,After the historical event,Event not experienced
-1.6199999999999999,1,0,0,Nuclear-family environmental variance,500,2.2477547076906603,2.2768126558241413,1.4667281428818764,2.9981323880576713,2.25,2.2477547076906603,After the historical event,Event not experienced
-1.6199999999999999,1,0,0,Nonshared environmental variance,500,3.9183401313259334,3.9227876144785965,3.1716342463626903,4.586015260129226,4,3.9183401313259334,After the historical event,Event not experienced
-1.6199999999999999,1,0,0,Phenotypic variance,500,7.940115454575518,7.927495362475317,7.3442472504721685,8.586789285412602,7.9615756193890554,7.940115454575518,After the historical event,Event not experienced
-1.6199999999999999,1,1,1,Additive genetic variance,500,2.7232613329544106,2.6173083464768974,1.3573559083696858,4.962195382989522,2.5533707808852473,2.7232613329544106,After the historical event,Event experienced
-1.6199999999999999,1,1,1,Nuclear-family environmental variance,500,2.3323784325796355,2.259935451789487,1.1769926796627324,3.952294559048138,2.25,2.3323784325796355,After the historical event,Event experienced
-1.6199999999999999,1,1,1,Nonshared environmental variance,500,3.9525379736173836,3.9034696265984836,2.7980269194610967,5.324985477954831,4,3.9525379736173836,After the historical event,Event experienced
-1.6199999999999999,1,1,1,Phenotypic variance,500,9.00817773915143,8.949922238302173,7.700987372686637,10.586086524012426,8.803370780885247,9.00817773915143,After the historical event,Event experienced
-1.5999999999999999,0,0,0,Additive genetic variance,500,1.8031181718545155,1.7794176572325406,1.1682482054164318,2.5842873258009824,1.7407122370654269,1.8031181718545155,Before the historical event,Event not experienced
-1.5999999999999999,0,0,0,Nuclear-family environmental variance,500,2.2475014564204194,2.275823121723731,1.4730208516266843,2.9927487498041287,2.25,2.2475014564204194,Before the historical event,Event not experienced
-1.5999999999999999,0,0,0,Nonshared environmental variance,500,3.9188773497220857,3.9245306733686993,3.1783212980202373,4.578764853237195,4,3.9188773497220857,Before the historical event,Event not experienced
-1.5999999999999999,0,0,0,Phenotypic variance,500,7.969496977997021,7.958022812707967,7.3718535478000025,8.618678235994913,7.990712237065427,7.969496977997021,Before the historical event,Event not experienced
-1.5999999999999999,0,1,0,Additive genetic variance,500,1.8031181718545155,1.7794176572325406,1.1682482054164318,2.5842873258009824,1.7407122370654269,1.8031181718545155,Before the historical event,Event experienced
-1.5999999999999999,0,1,0,Nuclear-family environmental variance,500,2.2475014564204194,2.275823121723731,1.4730208516266843,2.9927487498041287,2.25,2.2475014564204194,Before the historical event,Event experienced
-1.5999999999999999,0,1,0,Nonshared environmental variance,500,3.9188773497220857,3.9245306733686993,3.1783212980202373,4.578764853237195,4,3.9188773497220857,Before the historical event,Event experienced
-1.5999999999999999,0,1,0,Phenotypic variance,500,7.969496977997021,7.958022812707967,7.3718535478000025,8.618678235994913,7.990712237065427,7.969496977997021,Before the historical event,Event experienced
-1.5999999999999999,1,0,0,Additive genetic variance,500,1.8031181718545155,1.7794176572325406,1.1682482054164318,2.5842873258009824,1.7407122370654269,1.8031181718545155,After the historical event,Event not experienced
-1.5999999999999999,1,0,0,Nuclear-family environmental variance,500,2.2475014564204194,2.275823121723731,1.4730208516266843,2.9927487498041287,2.25,2.2475014564204194,After the historical event,Event not experienced
-1.5999999999999999,1,0,0,Nonshared environmental variance,500,3.9188773497220857,3.9245306733686993,3.1783212980202373,4.578764853237195,4,3.9188773497220857,After the historical event,Event not experienced
-1.5999999999999999,1,0,0,Phenotypic variance,500,7.969496977997021,7.958022812707967,7.3718535478000025,8.618678235994913,7.990712237065427,7.969496977997021,After the historical event,Event not experienced
-1.5999999999999999,1,1,1,Additive genetic variance,500,2.7678612675858894,2.661994825930213,1.376057407969852,5.03165484385606,2.5968375067405898,2.7678612675858894,After the historical event,Event experienced
-1.5999999999999999,1,1,1,Nuclear-family environmental variance,500,2.331883358164479,2.2600603290735206,1.180763799329705,3.946307598105969,2.25,2.331883358164479,After the historical event,Event experienced
-1.5999999999999999,1,1,1,Nonshared environmental variance,500,3.952893247311336,3.90612926770995,2.803633040442077,5.317988683710713,4,3.952893247311336,After the historical event,Event experienced
-1.5999999999999999,1,1,1,Phenotypic variance,500,9.052637873061704,8.996153798302885,7.745369556153252,10.636154518019428,8.84683750674059,9.052637873061704,After the historical event,Event experienced
-1.58,0,0,0,Additive genetic variance,500,1.8324203253307976,1.8072281859553923,1.192235344893795,2.6111278357177667,1.7700616227981283,1.8324203253307976,Before the historical event,Event not experienced
-1.58,0,0,0,Nuclear-family environmental variance,500,2.2472564755222835,2.275897890589431,1.4793102101813513,2.98386039680896,2.25,2.2472564755222835,Before the historical event,Event not experienced
-1.58,0,0,0,Nonshared environmental variance,500,3.9194172179392965,3.9248486988451363,3.1850068271154224,4.573765552672732,4,3.9194172179392965,Before the historical event,Event not experienced
-1.58,0,0,0,Phenotypic variance,500,7.999094018792378,7.988211605027196,7.399734346171694,8.64875551309412,8.020061622798128,7.999094018792378,Before the historical event,Event not experienced
-1.58,0,1,0,Additive genetic variance,500,1.8324203253307976,1.8072281859553923,1.192235344893795,2.6111278357177667,1.7700616227981283,1.8324203253307976,Before the historical event,Event experienced
-1.58,0,1,0,Nuclear-family environmental variance,500,2.2472564755222835,2.275897890589431,1.4793102101813513,2.98386039680896,2.25,2.2472564755222835,Before the historical event,Event experienced
-1.58,0,1,0,Nonshared environmental variance,500,3.9194172179392965,3.9248486988451363,3.1850068271154224,4.573765552672732,4,3.9194172179392965,Before the historical event,Event experienced
-1.58,0,1,0,Phenotypic variance,500,7.999094018792378,7.988211605027196,7.399734346171694,8.64875551309412,8.020061622798128,7.999094018792378,Before the historical event,Event experienced
-1.58,1,0,0,Additive genetic variance,500,1.8324203253307976,1.8072281859553923,1.192235344893795,2.6111278357177667,1.7700616227981283,1.8324203253307976,After the historical event,Event not experienced
-1.58,1,0,0,Nuclear-family environmental variance,500,2.2472564755222835,2.275897890589431,1.4793102101813513,2.98386039680896,2.25,2.2472564755222835,After the historical event,Event not experienced
-1.58,1,0,0,Nonshared environmental variance,500,3.9194172179392965,3.9248486988451363,3.1850068271154224,4.573765552672732,4,3.9194172179392965,After the historical event,Event not experienced
-1.58,1,0,0,Phenotypic variance,500,7.999094018792378,7.988211605027196,7.399734346171694,8.64875551309412,8.020061622798128,7.999094018792378,After the historical event,Event not experienced
-1.58,1,1,1,Additive genetic variance,500,2.8127686821291036,2.706777149388903,1.394863352285713,5.10128084596073,2.640621645237234,2.8127686821291036,After the historical event,Event experienced
-1.58,1,1,1,Nuclear-family environmental variance,500,2.3313951018566006,2.257430315134897,1.1845449725151038,3.9404985362231413,2.25,2.3313951018566006,After the historical event,Event experienced
-1.58,1,1,1,Nonshared environmental variance,500,3.9532506404518704,3.907059403996178,2.80924069184994,5.3116214372559565,4,3.9532506404518704,After the historical event,Event experienced
-1.58,1,1,1,Phenotypic variance,500,9.097414424437575,9.040808362189566,7.783660885469839,10.686591912297153,8.890621645237234,9.097414424437575,After the historical event,Event experienced
-1.56,0,0,0,Additive genetic variance,500,1.8619213042151006,1.8367770616638428,1.21785914439509,2.6379868613432342,1.7996178937547245,1.8619213042151006,Before the historical event,Event not experienced
-1.56,0,0,0,Nuclear-family environmental variance,500,2.2470196440740815,2.2763194121292347,1.4855958727427057,2.974692425378824,2.25,2.2470196440740815,Before the historical event,Event not experienced
-1.56,0,0,0,Nonshared environmental variance,500,3.9199596624767827,3.9241510844061973,3.1916907628655045,4.569284280331258,4,3.9199596624767827,Before the historical event,Event not experienced
-1.56,0,0,0,Phenotypic variance,500,8.028900610765964,8.017379792840917,7.434389466267347,8.678832761524,8.049617893754725,8.028900610765964,Before the historical event,Event not experienced
-1.56,0,1,0,Additive genetic variance,500,1.8619213042151006,1.8367770616638428,1.21785914439509,2.6379868613432342,1.7996178937547245,1.8619213042151006,Before the historical event,Event experienced
-1.56,0,1,0,Nuclear-family environmental variance,500,2.2470196440740815,2.2763194121292347,1.4855958727427057,2.974692425378824,2.25,2.2470196440740815,Before the historical event,Event experienced
-1.56,0,1,0,Nonshared environmental variance,500,3.9199596624767827,3.9241510844061973,3.1916907628655045,4.569284280331258,4,3.9199596624767827,Before the historical event,Event experienced
-1.56,0,1,0,Phenotypic variance,500,8.028900610765964,8.017379792840917,7.434389466267347,8.678832761524,8.049617893754725,8.028900610765964,Before the historical event,Event experienced
-1.56,1,0,0,Additive genetic variance,500,1.8619213042151006,1.8367770616638428,1.21785914439509,2.6379868613432342,1.7996178937547245,1.8619213042151006,After the historical event,Event not experienced
-1.56,1,0,0,Nuclear-family environmental variance,500,2.2470196440740815,2.2763194121292347,1.4855958727427057,2.974692425378824,2.25,2.2470196440740815,After the historical event,Event not experienced
-1.56,1,0,0,Nonshared environmental variance,500,3.9199596624767827,3.9241510844061973,3.1916907628655045,4.569284280331258,4,3.9199596624767827,After the historical event,Event not experienced
-1.56,1,0,0,Phenotypic variance,500,8.028900610765964,8.017379792840917,7.434389466267347,8.678832761524,8.049617893754725,8.028900610765964,After the historical event,Event not experienced
-1.56,1,1,1,Additive genetic variance,500,2.857974479737744,2.7479649093448573,1.4137709983501385,5.171053296593394,2.6847144202204616,2.857974479737744,After the historical event,Event experienced
-1.56,1,1,1,Nuclear-family environmental variance,500,2.330913534901965,2.2561874240387367,1.1883360636002562,3.9346876501283803,2.25,2.330913534901965,After the historical event,Event experienced
-1.56,1,1,1,Nonshared environmental variance,500,3.953610078424256,3.9063895134848403,2.8148498065763787,5.305769222408637,4,3.953610078424256,After the historical event,Event experienced
-1.56,1,1,1,Phenotypic variance,500,9.142498093063965,9.089432978996463,7.811718914175508,10.737238408661153,8.934714420220462,9.142498093063965,After the historical event,Event experienced
-1.54,0,0,0,Additive genetic variance,500,1.8916151416510314,1.8658287697870564,1.2438880642390957,2.6647668633898336,1.8293749682710956,1.8916151416510314,Before the historical event,Event not experienced
-1.54,0,0,0,Nuclear-family environmental variance,500,2.24679084198688,2.2745922397962763,1.4918774924181477,2.965579335003479,2.25,2.24679084198688,Before the historical event,Event not experienced
-1.54,0,0,0,Nonshared environmental variance,500,3.920504610299335,3.9271051055541166,3.19837303434831,4.564403230825796,4,3.920504610299335,Before the historical event,Event not experienced
-1.54,0,0,0,Phenotypic variance,500,8.058910593937247,8.046054247547445,7.46938787419361,8.708896934783464,8.079374968271097,8.058910593937247,Before the historical event,Event not experienced
-1.54,0,1,0,Additive genetic variance,500,1.8916151416510314,1.8658287697870564,1.2438880642390957,2.6647668633898336,1.8293749682710956,1.8916151416510314,Before the historical event,Event experienced
-1.54,0,1,0,Nuclear-family environmental variance,500,2.24679084198688,2.2745922397962763,1.4918774924181477,2.965579335003479,2.25,2.24679084198688,Before the historical event,Event experienced
-1.54,0,1,0,Nonshared environmental variance,500,3.920504610299335,3.9271051055541166,3.19837303434831,4.564403230825796,4,3.920504610299335,Before the historical event,Event experienced
-1.54,0,1,0,Phenotypic variance,500,8.058910593937247,8.046054247547445,7.46938787419361,8.708896934783464,8.079374968271097,8.058910593937247,Before the historical event,Event experienced
-1.54,1,0,0,Additive genetic variance,500,1.8916151416510314,1.8658287697870564,1.2438880642390957,2.6647668633898336,1.8293749682710956,1.8916151416510314,After the historical event,Event not experienced
-1.54,1,0,0,Nuclear-family environmental variance,500,2.24679084198688,2.2745922397962763,1.4918774924181477,2.965579335003479,2.25,2.24679084198688,After the historical event,Event not experienced
-1.54,1,0,0,Nonshared environmental variance,500,3.920504610299335,3.9271051055541166,3.19837303434831,4.564403230825796,4,3.920504610299335,After the historical event,Event not experienced
-1.54,1,0,0,Phenotypic variance,500,8.058910593937247,8.046054247547445,7.46938787419361,8.708896934783464,8.079374968271097,8.058910593937247,After the historical event,Event not experienced
-1.54,1,1,1,Additive genetic variance,500,2.9034692619881435,2.7974583890350204,1.4327775318582283,5.24095174833514,2.7291067589135354,2.9034692619881435,After the historical event,Event experienced
-1.54,1,1,1,Nuclear-family environmental variance,500,2.33043852945473,2.254399555517106,1.192136936375143,3.92887473909974,2.25,2.33043852945473,After the historical event,Event experienced
-1.54,1,1,1,Nonshared environmental variance,500,3.953971487091863,3.9061811985915433,2.8204603173735348,5.29992263294152,4,3.953971487091863,After the historical event,Event experienced
-1.54,1,1,1,Phenotypic variance,500,9.187879278534737,9.133778013153986,7.858781905798146,10.788080234974846,8.979106758913534,9.187879278534737,After the historical event,Event experienced
-1.52,0,0,0,Additive genetic variance,500,1.9214956761114699,1.8970512901536114,1.2702349285058634,2.6914598418297766,1.8593265664557528,1.9214956761114699,Before the historical event,Event not experienced
-1.52,0,0,0,Nuclear-family environmental variance,500,2.246569950003818,2.2704217502872375,1.4981547212701054,2.9565207693018642,2.25,2.246569950003818,Before the historical event,Event not experienced
-1.52,0,0,0,Nonshared environmental variance,500,3.9210519888376534,3.927664907891069,3.2049219454365288,4.560856770443679,4,3.9210519888376534,Before the historical event,Event not experienced
-1.52,0,0,0,Phenotypic variance,500,8.089117614952942,8.078796014723236,7.499568947647058,8.73894025110511,8.109326566455753,8.089117614952942,Before the historical event,Event not experienced
-1.52,0,1,0,Additive genetic variance,500,1.9214956761114699,1.8970512901536114,1.2702349285058634,2.6914598418297766,1.8593265664557528,1.9214956761114699,Before the historical event,Event experienced
-1.52,0,1,0,Nuclear-family environmental variance,500,2.246569950003818,2.2704217502872375,1.4981547212701054,2.9565207693018642,2.25,2.246569950003818,Before the historical event,Event experienced
-1.52,0,1,0,Nonshared environmental variance,500,3.9210519888376534,3.927664907891069,3.2049219454365288,4.560856770443679,4,3.9210519888376534,Before the historical event,Event experienced
-1.52,0,1,0,Phenotypic variance,500,8.089117614952942,8.078796014723236,7.499568947647058,8.73894025110511,8.109326566455753,8.089117614952942,Before the historical event,Event experienced
-1.52,1,0,0,Additive genetic variance,500,1.9214956761114699,1.8970512901536114,1.2702349285058634,2.6914598418297766,1.8593265664557528,1.9214956761114699,After the historical event,Event not experienced
-1.52,1,0,0,Nuclear-family environmental variance,500,2.246569950003818,2.2704217502872375,1.4981547212701054,2.9565207693018642,2.25,2.246569950003818,After the historical event,Event not experienced
-1.52,1,0,0,Nonshared environmental variance,500,3.9210519888376534,3.927664907891069,3.2049219454365288,4.560856770443679,4,3.9210519888376534,After the historical event,Event not experienced
-1.52,1,0,0,Phenotypic variance,500,8.089117614952942,8.078796014723236,7.499568947647058,8.73894025110511,8.109326566455753,8.089117614952942,After the historical event,Event not experienced
-1.52,1,1,1,Additive genetic variance,500,2.949243329689067,2.844358585757975,1.451880067450149,5.310955407285498,2.773789292819235,2.949243329689067,After the historical event,Event experienced
-1.52,1,1,1,Nuclear-family environmental variance,500,2.329969958576784,2.2517851956912613,1.1958005611675073,3.9236743557029508,2.25,2.329969958576784,After the historical event,Event experienced
-1.52,1,1,1,Nonshared environmental variance,500,3.9543347927965162,3.907222887063295,2.8260721568563185,5.294365451726897,4,3.9543347927965162,After the historical event,Event experienced
-1.52,1,1,1,Phenotypic variance,500,9.233548081062368,9.17096820581325,7.905560115743685,10.839103359499681,9.023789292819234,9.233548081062368,After the historical event,Event experienced
-1.5,0,0,0,Additive genetic variance,500,1.9515565519774625,1.9280597801164392,1.2968964803725807,2.7180577505647583,1.8894662109640588,1.9515565519774625,Before the historical event,Event not experienced
-1.5,0,0,0,Nuclear-family environmental variance,500,2.24635684969903,2.2726868219563525,1.5044272103609044,2.947516375867726,2.25,2.24635684969903,Before the historical event,Event not experienced
-1.5,0,0,0,Nonshared environmental variance,500,3.9216017259886993,3.9240833447341883,3.211338533548049,4.557370778330487,4,3.9216017259886993,Before the historical event,Event not experienced
-1.5,0,0,0,Phenotypic variance,500,8.119515127665192,8.107431504339095,7.530061355272517,8.769757189688717,8.13946621096406,8.119515127665192,Before the historical event,Event not experienced
-1.5,0,1,0,Additive genetic variance,500,1.9515565519774625,1.9280597801164392,1.2968964803725807,2.7180577505647583,1.8894662109640588,1.9515565519774625,Before the historical event,Event experienced
-1.5,0,1,0,Nuclear-family environmental variance,500,2.24635684969903,2.2726868219563525,1.5044272103609044,2.947516375867726,2.25,2.24635684969903,Before the historical event,Event experienced
-1.5,0,1,0,Nonshared environmental variance,500,3.9216017259886993,3.9240833447341883,3.211338533548049,4.557370778330487,4,3.9216017259886993,Before the historical event,Event experienced
-1.5,0,1,0,Phenotypic variance,500,8.119515127665192,8.107431504339095,7.530061355272517,8.769757189688717,8.13946621096406,8.119515127665192,Before the historical event,Event experienced
-1.5,1,0,0,Additive genetic variance,500,1.9515565519774625,1.9280597801164392,1.2968964803725807,2.7180577505647583,1.8894662109640588,1.9515565519774625,After the historical event,Event not experienced
-1.5,1,0,0,Nuclear-family environmental variance,500,2.24635684969903,2.2726868219563525,1.5044272103609044,2.947516375867726,2.25,2.24635684969903,After the historical event,Event not experienced
-1.5,1,0,0,Nonshared environmental variance,500,3.9216017259886993,3.9240833447341883,3.211338533548049,4.557370778330487,4,3.9216017259886993,After the historical event,Event not experienced
-1.5,1,0,0,Phenotypic variance,500,8.119515127665192,8.107431504339095,7.530061355272517,8.769757189688717,8.13946621096406,8.119515127665192,After the historical event,Event not experienced
-1.5,1,1,1,Additive genetic variance,500,2.9952866839531516,2.8919759581818743,1.4713761938665417,5.381112964423179,2.818752358874854,2.9952866839531516,After the historical event,Event experienced
-1.5,1,1,1,Nuclear-family environmental variance,500,2.3295076962373793,2.2490776204995386,1.1997210501247761,3.9184712717020274,2.25,2.3295076962373793,After the historical event,Event experienced
-1.5,1,1,1,Nonshared environmental variance,500,3.95469992235886,3.9082640155816573,2.8316852575047533,5.289056345274567,4,3.95469992235886,After the historical event,Event experienced
-1.5,1,1,1,Phenotypic variance,500,9.279494302549391,9.206788876509277,7.952464573242711,10.901335375626461,9.068752358874853,9.279494302549391,After the historical event,Event experienced
-1.48,0,0,0,Additive genetic variance,500,1.9817912202854546,1.956710661796008,1.3238692153757503,2.7445525012910705,1.9197872279444255,1.9817912202854546,Before the historical event,Event not experienced
-1.48,0,0,0,Nuclear-family environmental variance,500,2.2461514234766637,2.2742161328402264,1.5106946097980387,2.93856580622753,2.25,2.2461514234766637,Before the historical event,Event not experienced
-1.48,0,0,0,Nonshared environmental variance,500,3.9221537501160606,3.9226846299384324,3.221368183430297,4.553903438067955,4,3.9221537501160606,Before the historical event,Event not experienced
-1.48,0,0,0,Phenotypic variance,500,8.15009639387818,8.137294066672801,7.56086061508507,8.802529000774765,8.169787227944425,8.15009639387818,Before the historical event,Event not experienced
-1.48,0,1,0,Additive genetic variance,500,1.9817912202854546,1.956710661796008,1.3238692153757503,2.7445525012910705,1.9197872279444255,1.9817912202854546,Before the historical event,Event experienced
-1.48,0,1,0,Nuclear-family environmental variance,500,2.2461514234766637,2.2742161328402264,1.5106946097980387,2.93856580622753,2.25,2.2461514234766637,Before the historical event,Event experienced
-1.48,0,1,0,Nonshared environmental variance,500,3.9221537501160606,3.9226846299384324,3.221368183430297,4.553903438067955,4,3.9221537501160606,Before the historical event,Event experienced
-1.48,0,1,0,Phenotypic variance,500,8.15009639387818,8.137294066672801,7.56086061508507,8.802529000774765,8.169787227944425,8.15009639387818,Before the historical event,Event experienced
-1.48,1,0,0,Additive genetic variance,500,1.9817912202854546,1.956710661796008,1.3238692153757503,2.7445525012910705,1.9197872279444255,1.9817912202854546,After the historical event,Event not experienced
-1.48,1,0,0,Nuclear-family environmental variance,500,2.2461514234766637,2.2742161328402264,1.5106946097980387,2.93856580622753,2.25,2.2461514234766637,After the historical event,Event not experienced
-1.48,1,0,0,Nonshared environmental variance,500,3.9221537501160606,3.9226846299384324,3.221368183430297,4.553903438067955,4,3.9221537501160606,After the historical event,Event not experienced
-1.48,1,0,0,Phenotypic variance,500,8.15009639387818,8.137294066672801,7.56086061508507,8.802529000774765,8.169787227944425,8.15009639387818,After the historical event,Event not experienced
-1.48,1,1,1,Additive genetic variance,500,3.0415890275336843,2.9328747004094784,1.4952891887727575,5.452020656571643,2.863986000863765,3.0415890275336843,After the historical event,Event experienced
-1.48,1,1,1,Nuclear-family environmental variance,500,2.3290516173128357,2.247970777949516,1.2054189055453879,3.9132589595585596,2.25,2.3290516173128357,After the historical event,Event experienced
-1.48,1,1,1,Nonshared environmental variance,500,3.955066803078742,3.911982942588714,2.8372995516663257,5.282393939437515,4,3.955066803078742,After the historical event,Event experienced
-1.48,1,1,1,Phenotypic variance,500,9.325707447925263,9.257914986081175,7.9885684932031715,10.969439422434371,9.113986000863765,9.325707447925263,After the historical event,Event experienced
-1.46,0,0,0,Additive genetic variance,500,2.012192939645165,1.989066924528463,1.3511493788725994,2.770935967431983,1.950282748158385,2.012192939645165,Before the historical event,Event not experienced
-1.46,0,0,0,Nuclear-family environmental variance,500,2.2459535545699834,2.274284615570793,1.5169565687798428,2.9296687157989174,2.25,2.2459535545699834,Before the historical event,Event not experienced
-1.46,0,0,0,Nonshared environmental variance,500,3.9227079900503354,3.924329840568512,3.2315089082199835,4.550012817064451,4,3.9227079900503354,Before the historical event,Event not experienced
-1.46,0,0,0,Phenotypic variance,500,8.180854484265485,8.167996183041609,7.5919620119222095,8.83188785836633,8.200282748158385,8.180854484265485,Before the historical event,Event not experienced
-1.46,0,1,0,Additive genetic variance,500,2.012192939645165,1.989066924528463,1.3511493788725994,2.770935967431983,1.950282748158385,2.012192939645165,Before the historical event,Event experienced
-1.46,0,1,0,Nuclear-family environmental variance,500,2.2459535545699834,2.274284615570793,1.5169565687798428,2.9296687157989174,2.25,2.2459535545699834,Before the historical event,Event experienced
-1.46,0,1,0,Nonshared environmental variance,500,3.9227079900503354,3.924329840568512,3.2315089082199835,4.550012817064451,4,3.9227079900503354,Before the historical event,Event experienced
-1.46,0,1,0,Phenotypic variance,500,8.180854484265485,8.167996183041609,7.5919620119222095,8.83188785836633,8.200282748158385,8.180854484265485,Before the historical event,Event experienced
-1.46,1,0,0,Additive genetic variance,500,2.012192939645165,1.989066924528463,1.3511493788725994,2.770935967431983,1.950282748158385,2.012192939645165,After the historical event,Event not experienced
-1.46,1,0,0,Nuclear-family environmental variance,500,2.2459535545699834,2.274284615570793,1.5169565687798428,2.9296687157989174,2.25,2.2459535545699834,After the historical event,Event not experienced
-1.46,1,0,0,Nonshared environmental variance,500,3.9227079900503354,3.924329840568512,3.2315089082199835,4.550012817064451,4,3.9227079900503354,After the historical event,Event not experienced
-1.46,1,0,0,Phenotypic variance,500,8.180854484265485,8.167996183041609,7.5919620119222095,8.83188785836633,8.200282748158385,8.180854484265485,After the historical event,Event not experienced
-1.46,1,1,1,Additive genetic variance,500,3.0881397664301846,2.9749688265432486,1.5281460800822868,5.522982443090049,2.9094799710863684,3.0881397664301846,After the historical event,Event experienced
-1.46,1,1,1,Nuclear-family environmental variance,500,2.328601597586336,2.2468773586603215,1.2111180971147144,3.908037245712632,2.25,2.328601597586336,After the historical event,Event experienced
-1.46,1,1,1,Nonshared environmental variance,500,3.955435362735607,3.9172840328855747,2.842914971558354,5.275743175028266,4,3.955435362735607,After the historical event,Event experienced
-1.46,1,1,1,Phenotypic variance,500,9.372176726752128,9.302802725926476,8.021051284466578,11.037722096327421,9.159479971086368,9.372176726752128,After the historical event,Event experienced
-1.44,0,0,0,Additive genetic variance,500,2.042754777330238,2.021964468267289,1.3787329636866281,2.7971999881348797,1.9809457082762665,2.042754777330238,Before the historical event,Event not experienced
-1.44,0,0,0,Nuclear-family environmental variance,500,2.245763127040561,2.2731987743797317,1.5232127356415524,2.9238111103721103,2.25,2.245763127040561,Before the historical event,Event not experienced
-1.44,0,0,0,Nonshared environmental variance,500,3.9232643750895257,3.9241353943742165,3.241656593954084,4.5448140352381055,4,3.9232643750895257,Before the historical event,Event not experienced
-1.44,0,0,0,Phenotypic variance,500,8.211782279460325,8.202755230906032,7.623059328373348,8.861222992722976,8.230945708276266,8.211782279460325,Before the historical event,Event not experienced
-1.44,0,1,0,Additive genetic variance,500,2.042754777330238,2.021964468267289,1.3787329636866281,2.7971999881348797,1.9809457082762665,2.042754777330238,Before the historical event,Event experienced
-1.44,0,1,0,Nuclear-family environmental variance,500,2.245763127040561,2.2731987743797317,1.5232127356415524,2.9238111103721103,2.25,2.245763127040561,Before the historical event,Event experienced
-1.44,0,1,0,Nonshared environmental variance,500,3.9232643750895257,3.9241353943742165,3.241656593954084,4.5448140352381055,4,3.9232643750895257,Before the historical event,Event experienced
-1.44,0,1,0,Phenotypic variance,500,8.211782279460325,8.202755230906032,7.623059328373348,8.861222992722976,8.230945708276266,8.211782279460325,Before the historical event,Event experienced
-1.44,1,0,0,Additive genetic variance,500,2.042754777330238,2.021964468267289,1.3787329636866281,2.7971999881348797,1.9809457082762665,2.042754777330238,After the historical event,Event not experienced
-1.44,1,0,0,Nuclear-family environmental variance,500,2.245763127040561,2.2731987743797317,1.5232127356415524,2.9238111103721103,2.25,2.245763127040561,After the historical event,Event not experienced
-1.44,1,0,0,Nonshared environmental variance,500,3.9232643750895257,3.9241353943742165,3.241656593954084,4.5448140352381055,4,3.9232643750895257,After the historical event,Event not experienced
-1.44,1,0,0,Phenotypic variance,500,8.211782279460325,8.202755230906032,7.623059328373348,8.861222992722976,8.230945708276266,8.211782279460325,After the historical event,Event not experienced
-1.44,1,1,1,Additive genetic variance,500,3.13492801176598,3.0228512102086453,1.5611980779299826,5.593975999115267,2.955223732293013,3.13492801176598,After the historical event,Event experienced
-1.44,1,1,1,Nuclear-family environmental variance,500,2.328157513747795,2.2468661278781425,1.2168183827560117,3.8956509695012977,2.25,2.328157513747795,After the historical event,Event experienced
-1.44,1,1,1,Nonshared environmental variance,500,3.955805529588905,3.917382572459868,2.848531449270364,5.2691416199763825,4,3.955805529588905,After the historical event,Event experienced
-1.44,1,1,1,Phenotypic variance,500,9.41889105510268,9.34553359587405,8.053570526014939,11.106163962028635,9.205223732293014,9.41889105510268,After the historical event,Event experienced
-1.42,0,0,0,Additive genetic variance,500,2.0734696105436528,2.055086775827025,1.4066157079438035,2.8233363723305587,2.0117688523500443,2.0734696105436528,Before the historical event,Event not experienced
-1.42,0,0,0,Nuclear-family environmental variance,500,2.245580025777556,2.2721424556929986,1.5294627579017432,2.918098129535199,2.25,2.245580025777556,Before the historical event,Event not experienced
-1.42,0,0,0,Nonshared environmental variance,500,3.9238228349994517,3.925048640144177,3.251811100722934,4.539654000876574,4,3.9238228349994517,Before the historical event,Event not experienced
-1.42,0,0,0,Phenotypic variance,500,8.242872471320661,8.233295091216402,7.655051180920267,8.889216134981893,8.261768852350045,8.242872471320661,Before the historical event,Event not experienced
-1.42,0,1,0,Additive genetic variance,500,2.0734696105436528,2.055086775827025,1.4066157079438035,2.8233363723305587,2.0117688523500443,2.0734696105436528,Before the historical event,Event experienced
-1.42,0,1,0,Nuclear-family environmental variance,500,2.245580025777556,2.2721424556929986,1.5294627579017432,2.918098129535199,2.25,2.245580025777556,Before the historical event,Event experienced
-1.42,0,1,0,Nonshared environmental variance,500,3.9238228349994517,3.925048640144177,3.251811100722934,4.539654000876574,4,3.9238228349994517,Before the historical event,Event experienced
-1.42,0,1,0,Phenotypic variance,500,8.242872471320661,8.233295091216402,7.655051180920267,8.889216134981893,8.261768852350045,8.242872471320661,Before the historical event,Event experienced
-1.42,1,0,0,Additive genetic variance,500,2.0734696105436528,2.055086775827025,1.4066157079438035,2.8233363723305587,2.0117688523500443,2.0734696105436528,After the historical event,Event not experienced
-1.42,1,0,0,Nuclear-family environmental variance,500,2.245580025777556,2.2721424556929986,1.5294627579017432,2.918098129535199,2.25,2.245580025777556,After the historical event,Event not experienced
-1.42,1,0,0,Nonshared environmental variance,500,3.9238228349994517,3.925048640144177,3.251811100722934,4.539654000876574,4,3.9238228349994517,After the historical event,Event not experienced
-1.42,1,0,0,Phenotypic variance,500,8.242872471320661,8.233295091216402,7.655051180920267,8.889216134981893,8.261768852350045,8.242872471320661,After the historical event,Event not experienced
-1.42,1,1,1,Additive genetic variance,500,3.1819425819407217,3.067330758514922,1.5946823454667547,5.658396611914876,3.00120645988123,3.1819425819407217,After the historical event,Event experienced
-1.42,1,1,1,Nuclear-family environmental variance,500,2.327719243393811,2.248142243652815,1.2225195191523115,3.8818272956227333,2.25,2.327719243393811,After the historical event,Event experienced
-1.42,1,1,1,Nonshared environmental variance,500,3.9561772323785163,3.9204344333821948,2.853515857556495,5.26268287698748,4,3.9561772323785163,After the historical event,Event experienced
-1.42,1,1,1,Phenotypic variance,500,9.46583905771305,9.395811889617823,8.08574065746227,11.180870512114927,9.25120645988123,9.46583905771305,After the historical event,Event experienced
-1.4,0,0,0,Additive genetic variance,500,2.1043301278597006,2.086184743040995,1.4347930931057893,2.8519924602970166,2.0427447334647515,2.1043301278597006,Before the historical event,Event not experienced
-1.4,0,0,0,Nuclear-family environmental variance,500,2.2454041364970783,2.2689745092058136,1.5357062823091447,2.9107079010922874,2.25,2.2454041364970783,Before the historical event,Event not experienced
-1.4,0,0,0,Nonshared environmental variance,500,3.924383300014174,3.92405161390757,3.2619206625909007,4.534735910681924,4,3.924383300014174,Before the historical event,Event not experienced
-1.4,0,0,0,Phenotypic variance,500,8.274117564370952,8.263767898703165,7.681947633921604,8.918317544577583,8.292744733464751,8.274117564370952,Before the historical event,Event not experienced
-1.4,0,1,0,Additive genetic variance,500,2.1043301278597006,2.086184743040995,1.4347930931057893,2.8519924602970166,2.0427447334647515,2.1043301278597006,Before the historical event,Event experienced
-1.4,0,1,0,Nuclear-family environmental variance,500,2.2454041364970783,2.2689745092058136,1.5357062823091447,2.9107079010922874,2.25,2.2454041364970783,Before the historical event,Event experienced
-1.4,0,1,0,Nonshared environmental variance,500,3.924383300014174,3.92405161390757,3.2619206625909007,4.534735910681924,4,3.924383300014174,Before the historical event,Event experienced
-1.4,0,1,0,Phenotypic variance,500,8.274117564370952,8.263767898703165,7.681947633921604,8.918317544577583,8.292744733464751,8.274117564370952,Before the historical event,Event experienced
-1.4,1,0,0,Additive genetic variance,500,2.1043301278597006,2.086184743040995,1.4347930931057893,2.8519924602970166,2.0427447334647515,2.1043301278597006,After the historical event,Event not experienced
-1.4,1,0,0,Nuclear-family environmental variance,500,2.2454041364970783,2.2689745092058136,1.5357062823091447,2.9107079010922874,2.25,2.2454041364970783,After the historical event,Event not experienced
-1.4,1,0,0,Nonshared environmental variance,500,3.924383300014174,3.92405161390757,3.2619206625909007,4.534735910681924,4,3.924383300014174,After the historical event,Event not experienced
-1.4,1,0,0,Phenotypic variance,500,8.274117564370952,8.263767898703165,7.681947633921604,8.918317544577583,8.292744733464751,8.274117564370952,After the historical event,Event not experienced
-1.4,1,1,1,Additive genetic variance,500,3.2291720050605095,3.1089515336256417,1.6285953422435995,5.7183168548856464,3.04741704435935,3.2291720050605095,After the historical event,Event experienced
-1.4,1,1,1,Nuclear-family environmental variance,500,2.327286665027692,2.2486298496372585,1.2282212617622728,3.8680995488611627,2.25,2.327286665027692,After the historical event,Event experienced
-1.4,1,1,1,Nonshared environmental variance,500,3.9565504003251823,3.9241746317545685,2.856761203913801,5.256233214171389,4,3.9565504003251823,After the historical event,Event experienced
-1.4,1,1,1,Phenotypic variance,500,9.513009070413384,9.44723971014403,8.123015058960453,11.25899890499467,9.29741704435935,9.513009070413384,After the historical event,Event experienced
-1.38,0,0,0,Additive genetic variance,500,2.1353288308441645,2.117200410955372,1.4639609372864215,2.8832782187178454,2.0738657155696565,2.1353288308441645,Before the historical event,Event not experienced
-1.38,0,0,0,Nuclear-family environmental variance,500,2.245235345741637,2.2686665878432284,1.541609825123704,2.9021319041970264,2.25,2.245235345741637,Before the historical event,Event not experienced
-1.38,0,0,0,Nonshared environmental variance,500,3.924945700836433,3.9257976669550874,3.2719974803333765,4.530854624794653,4,3.924945700836433,Before the historical event,Event not experienced
-1.38,0,0,0,Phenotypic variance,500,8.305509877422235,8.295326634986642,7.712702407172113,8.948051555766614,8.323865715569656,8.305509877422235,Before the historical event,Event not experienced
-1.38,0,1,0,Additive genetic variance,500,2.1353288308441645,2.117200410955372,1.4639609372864215,2.8832782187178454,2.0738657155696565,2.1353288308441645,Before the historical event,Event experienced
-1.38,0,1,0,Nuclear-family environmental variance,500,2.245235345741637,2.2686665878432284,1.541609825123704,2.9021319041970264,2.25,2.245235345741637,Before the historical event,Event experienced
-1.38,0,1,0,Nonshared environmental variance,500,3.924945700836433,3.9257976669550874,3.2719974803333765,4.530854624794653,4,3.924945700836433,Before the historical event,Event experienced
-1.38,0,1,0,Phenotypic variance,500,8.305509877422235,8.295326634986642,7.712702407172113,8.948051555766614,8.323865715569656,8.305509877422235,Before the historical event,Event experienced
-1.38,1,0,0,Additive genetic variance,500,2.1353288308441645,2.117200410955372,1.4639609372864215,2.8832782187178454,2.0738657155696565,2.1353288308441645,After the historical event,Event not experienced
-1.38,1,0,0,Nuclear-family environmental variance,500,2.245235345741637,2.2686665878432284,1.541609825123704,2.9021319041970264,2.25,2.245235345741637,After the historical event,Event not experienced
-1.38,1,0,0,Nonshared environmental variance,500,3.924945700836433,3.9257976669550874,3.2719974803333765,4.530854624794653,4,3.924945700836433,After the historical event,Event not experienced
-1.38,1,0,0,Phenotypic variance,500,8.305509877422235,8.295326634986642,7.712702407172113,8.948051555766614,8.323865715569656,8.305509877422235,After the historical event,Event not experienced
-1.38,1,1,1,Additive genetic variance,500,3.276604521648015,3.147437340079506,1.6629331770718627,5.789617251675727,3.093844094078299,3.276604521648015,After the historical event,Event experienced
-1.38,1,1,1,Nuclear-family environmental variance,500,2.3268596580595613,2.2483488513578056,1.233923364836256,3.8555593998024227,2.25,2.3268596580595613,After the historical event,Event experienced
-1.38,1,1,1,Nonshared environmental variance,500,3.9569249631309584,3.9265044590321323,2.8600130442637113,5.249622249326552,4,3.9569249631309584,After the historical event,Event experienced
-1.38,1,1,1,Phenotypic variance,500,9.560389142838535,9.497314919945651,8.168262442439785,11.330501865963997,9.3438440940783,9.560389142838535,After the historical event,Event experienced
-1.3599999999999999,0,0,0,Additive genetic variance,500,2.1664580358541623,2.1505257233764663,1.493643928816101,2.9154977600669625,2.1051239754902435,2.1664580358541623,Before the historical event,Event not experienced
-1.3599999999999999,0,0,0,Nuclear-family environmental variance,500,2.2450735408796696,2.2673266865736053,1.546266202381315,2.8961052483621055,2.25,2.2450735408796696,Before the historical event,Event not experienced
-1.3599999999999999,0,0,0,Nonshared environmental variance,500,3.925509968638103,3.9266297898573077,3.2820807579115034,4.52804328548748,4,3.925509968638103,Before the historical event,Event not experienced
-1.3599999999999999,0,0,0,Phenotypic variance,500,8.337041545371935,8.324716595002409,7.74735223455264,8.979660836555109,8.355123975490244,8.337041545371935,Before the historical event,Event not experienced
-1.3599999999999999,0,1,0,Additive genetic variance,500,2.1664580358541623,2.1505257233764663,1.493643928816101,2.9154977600669625,2.1051239754902435,2.1664580358541623,Before the historical event,Event experienced
-1.3599999999999999,0,1,0,Nuclear-family environmental variance,500,2.2450735408796696,2.2673266865736053,1.546266202381315,2.8961052483621055,2.25,2.2450735408796696,Before the historical event,Event experienced
-1.3599999999999999,0,1,0,Nonshared environmental variance,500,3.925509968638103,3.9266297898573077,3.2820807579115034,4.52804328548748,4,3.925509968638103,Before the historical event,Event experienced
-1.3599999999999999,0,1,0,Phenotypic variance,500,8.337041545371935,8.324716595002409,7.74735223455264,8.979660836555109,8.355123975490244,8.337041545371935,Before the historical event,Event experienced
-1.3599999999999999,1,0,0,Additive genetic variance,500,2.1664580358541623,2.1505257233764663,1.493643928816101,2.9154977600669625,2.1051239754902435,2.1664580358541623,After the historical event,Event not experienced
-1.3599999999999999,1,0,0,Nuclear-family environmental variance,500,2.2450735408796696,2.2673266865736053,1.546266202381315,2.8961052483621055,2.25,2.2450735408796696,After the historical event,Event not experienced
-1.3599999999999999,1,0,0,Nonshared environmental variance,500,3.925509968638103,3.9266297898573077,3.2820807579115034,4.52804328548748,4,3.925509968638103,After the historical event,Event not experienced
-1.3599999999999999,1,0,0,Phenotypic variance,500,8.337041545371935,8.324716595002409,7.74735223455264,8.979660836555109,8.355123975490244,8.337041545371935,After the historical event,Event not experienced
-1.3599999999999999,1,1,1,Additive genetic variance,500,3.324228087634709,3.1918617623855603,1.6976916027710627,5.862606623724142,3.140475938233121,3.324228087634709,After the historical event,Event experienced
-1.3599999999999999,1,1,1,Nuclear-family environmental variance,500,2.326438102806531,2.247838011247691,1.2396255814326085,3.8439612292324803,2.25,2.326438102806531,After the historical event,Event experienced
-1.3599999999999999,1,1,1,Nonshared environmental variance,500,3.9573008509796708,3.925946638615828,2.863271391955612,5.24089150336043,4,3.9573008509796708,After the historical event,Event experienced
-1.3599999999999999,1,1,1,Phenotypic variance,500,9.607967041420912,9.53818053219682,8.21385998042851,11.402322339309777,9.39047593823312,9.607967041420912,After the historical event,Event experienced
-1.3399999999999999,0,0,0,Additive genetic variance,500,2.1977098760189264,2.1820306861388388,1.522031750423884,2.9481563507111255,2.1365115051218235,2.1977098760189264,Before the historical event,Event not experienced
-1.3399999999999999,0,0,0,Nuclear-family environmental variance,500,2.2449186101051524,2.2673823350051636,1.550926588789857,2.890201163812187,2.25,2.2449186101051524,Before the historical event,Event not experienced
-1.3399999999999999,0,0,0,Nonshared environmental variance,500,3.9260760350606545,3.926702177346782,3.292170358264939,4.525239003009023,4,3.9260760350606545,Before the historical event,Event not experienced
-1.3399999999999999,0,0,0,Phenotypic variance,500,8.368704521184734,8.358622854749175,7.776758697182765,9.011135486058246,8.386511505121824,8.368704521184734,Before the historical event,Event not experienced
-1.3399999999999999,0,1,0,Additive genetic variance,500,2.1977098760189264,2.1820306861388388,1.522031750423884,2.9481563507111255,2.1365115051218235,2.1977098760189264,Before the historical event,Event experienced
-1.3399999999999999,0,1,0,Nuclear-family environmental variance,500,2.2449186101051524,2.2673823350051636,1.550926588789857,2.890201163812187,2.25,2.2449186101051524,Before the historical event,Event experienced
-1.3399999999999999,0,1,0,Nonshared environmental variance,500,3.9260760350606545,3.926702177346782,3.292170358264939,4.525239003009023,4,3.9260760350606545,Before the historical event,Event experienced
-1.3399999999999999,0,1,0,Phenotypic variance,500,8.368704521184734,8.358622854749175,7.776758697182765,9.011135486058246,8.386511505121824,8.368704521184734,Before the historical event,Event experienced
-1.3399999999999999,1,0,0,Additive genetic variance,500,2.1977098760189264,2.1820306861388388,1.522031750423884,2.9481563507111255,2.1365115051218235,2.1977098760189264,After the historical event,Event not experienced
-1.3399999999999999,1,0,0,Nuclear-family environmental variance,500,2.2449186101051524,2.2673823350051636,1.550926588789857,2.890201163812187,2.25,2.2449186101051524,After the historical event,Event not experienced
-1.3399999999999999,1,0,0,Nonshared environmental variance,500,3.9260760350606545,3.926702177346782,3.292170358264939,4.525239003009023,4,3.9260760350606545,After the historical event,Event not experienced
-1.3399999999999999,1,0,0,Phenotypic variance,500,8.368704521184734,8.358622854749175,7.776758697182765,9.011135486058246,8.386511505121824,8.368704521184734,After the historical event,Event not experienced
-1.3399999999999999,1,1,1,Additive genetic variance,500,3.3720303776370097,3.239207581349441,1.7277812659253322,5.93573615976012,3.18730063013546,3.3720303776370097,After the historical event,Event experienced
-1.3399999999999999,1,1,1,Nuclear-family environmental variance,500,2.3260218804929544,2.2455249404181394,1.2453276634341655,3.832432886007771,2.25,2.3260218804929544,After the historical event,Event experienced
-1.3399999999999999,1,1,1,Nonshared environmental variance,500,3.9576779945373906,3.9257377472226067,2.866536260372736,5.232204123497889,4,3.9576779945373906,After the historical event,Event experienced
-1.3399999999999999,1,1,1,Phenotypic variance,500,9.655730252667354,9.588360530263904,8.259356778860216,11.47443540203843,9.43730063013546,9.655730252667354,After the historical event,Event experienced
-1.32,0,0,0,Additive genetic variance,500,2.229076303402605,2.215992626154527,1.5506641999239552,2.9817952574695648,2.168020113805423,2.229076303402605,Before the historical event,Event not experienced
-1.32,0,0,0,Nuclear-family environmental variance,500,2.2447704424372943,2.2659040866998486,1.5555909357554543,2.8847282463552695,2.25,2.2447704424372943,Before the historical event,Event not experienced
-1.32,0,0,0,Nonshared environmental variance,500,3.9266438322156376,3.928701582878837,3.302266143756631,4.5221712661709415,4,3.9266438322156376,Before the historical event,Event not experienced
-1.32,0,0,0,Phenotypic variance,500,8.400490578055537,8.393048849354049,7.8044675909758805,9.042467508528462,8.418020113805422,8.400490578055537,Before the historical event,Event not experienced
-1.32,0,1,0,Additive genetic variance,500,2.229076303402605,2.215992626154527,1.5506641999239552,2.9817952574695648,2.168020113805423,2.229076303402605,Before the historical event,Event experienced
-1.32,0,1,0,Nuclear-family environmental variance,500,2.2447704424372943,2.2659040866998486,1.5555909357554543,2.8847282463552695,2.25,2.2447704424372943,Before the historical event,Event experienced
-1.32,0,1,0,Nonshared environmental variance,500,3.9266438322156376,3.928701582878837,3.302266143756631,4.5221712661709415,4,3.9266438322156376,Before the historical event,Event experienced
-1.32,0,1,0,Phenotypic variance,500,8.400490578055537,8.393048849354049,7.8044675909758805,9.042467508528462,8.418020113805422,8.400490578055537,Before the historical event,Event experienced
-1.32,1,0,0,Additive genetic variance,500,2.229076303402605,2.215992626154527,1.5506641999239552,2.9817952574695648,2.168020113805423,2.229076303402605,After the historical event,Event not experienced
-1.32,1,0,0,Nuclear-family environmental variance,500,2.2447704424372943,2.2659040866998486,1.5555909357554543,2.8847282463552695,2.25,2.2447704424372943,After the historical event,Event not experienced
-1.32,1,0,0,Nonshared environmental variance,500,3.9266438322156376,3.928701582878837,3.302266143756631,4.5221712661709415,4,3.9266438322156376,After the historical event,Event not experienced
-1.32,1,0,0,Phenotypic variance,500,8.400490578055537,8.393048849354049,7.8044675909758805,9.042467508528462,8.418020113805422,8.400490578055537,After the historical event,Event not experienced
-1.32,1,1,1,Additive genetic variance,500,3.4199987885178436,3.2866129839599805,1.7565718025273351,6.008835678205735,3.234305950757968,3.4199987885178436,After the historical event,Event experienced
-1.32,1,1,1,Nuclear-family environmental variance,500,2.325610873250747,2.243223772157042,1.2510293615649637,3.820973840179227,2.25,2.325610873250747,After the historical event,Event experienced
-1.32,1,1,1,Nonshared environmental variance,500,3.958056324952918,3.924847478475944,2.869807662932243,5.223559939997322,4,3.958056324952918,After the historical event,Event experienced
-1.32,1,1,1,Phenotypic variance,500,9.703665986721509,9.638604484476305,8.301702201720783,11.547842005612303,9.484305950757967,9.703665986721509,After the historical event,Event experienced
-1.3,0,0,0,Additive genetic variance,500,2.260549091349977,2.2499742171019577,1.5785345740821786,3.0168387662630023,2.199641430886406,2.260549091349977,Before the historical event,Event not experienced
-1.3,0,0,0,Nuclear-family environmental variance,500,2.2446289277203064,2.2636462963881865,1.5602591944595292,2.88118449083676,2.25,2.2446289277203064,Before the historical event,Event not experienced
-1.3,0,0,0,Nonshared environmental variance,500,3.927213292685168,3.928939185182982,3.309786130813187,4.518430457181966,4,3.927213292685168,Before the historical event,Event not experienced
-1.3,0,0,0,Phenotypic variance,500,8.432391311755453,8.423311547873238,7.835984872415141,9.075754779062816,8.449641430886405,8.432391311755453,Before the historical event,Event not experienced
-1.3,0,1,0,Additive genetic variance,500,2.260549091349977,2.2499742171019577,1.5785345740821786,3.0168387662630023,2.199641430886406,2.260549091349977,Before the historical event,Event experienced
-1.3,0,1,0,Nuclear-family environmental variance,500,2.2446289277203064,2.2636462963881865,1.5602591944595292,2.88118449083676,2.25,2.2446289277203064,Before the historical event,Event experienced
-1.3,0,1,0,Nonshared environmental variance,500,3.927213292685168,3.928939185182982,3.309786130813187,4.518430457181966,4,3.927213292685168,Before the historical event,Event experienced
-1.3,0,1,0,Phenotypic variance,500,8.432391311755453,8.423311547873238,7.835984872415141,9.075754779062816,8.449641430886405,8.432391311755453,Before the historical event,Event experienced
-1.3,1,0,0,Additive genetic variance,500,2.260549091349977,2.2499742171019577,1.5785345740821786,3.0168387662630023,2.199641430886406,2.260549091349977,After the historical event,Event not experienced
-1.3,1,0,0,Nuclear-family environmental variance,500,2.2446289277203064,2.2636462963881865,1.5602591944595292,2.88118449083676,2.25,2.2446289277203064,After the historical event,Event not experienced
-1.3,1,0,0,Nonshared environmental variance,500,3.927213292685168,3.928939185182982,3.309786130813187,4.518430457181966,4,3.927213292685168,After the historical event,Event not experienced
-1.3,1,0,0,Phenotypic variance,500,8.432391311755453,8.423311547873238,7.835984872415141,9.075754779062816,8.449641430886405,8.432391311755453,After the historical event,Event not experienced
-1.3,1,1,1,Additive genetic variance,500,3.46812044323484,3.3326059307517517,1.7831607163364092,6.081879911480722,3.2814794125513234,3.46812044323484,After the historical event,Event experienced
-1.3,1,1,1,Nuclear-family environmental variance,500,2.3252049641197763,2.240959573627044,1.255624266414387,3.809681221101389,2.25,2.3252049641197763,After the historical event,Event experienced
-1.3,1,1,1,Nonshared environmental variance,500,3.9584357738582794,3.9254805496763625,2.873085613085322,5.2149587841483935,4,3.9584357738582794,After the historical event,Event experienced
-1.3,1,1,1,Phenotypic variance,500,9.751761181212895,9.688448163919377,8.335723958404545,11.607584750453032,9.531479412551324,9.751761181212895,After the historical event,Event experienced
-1.28,0,0,0,Additive genetic variance,500,2.2921198370157803,2.2840374205898475,1.6066636103947232,3.0518212749201132,2.2313669084560703,2.2921198370157803,Before the historical event,Event not experienced
-1.28,0,0,0,Nuclear-family environmental variance,500,2.2444939566232502,2.260857886886992,1.5649313158593947,2.879467531375238,2.25,2.2444939566232502,Before the historical event,Event not experienced
-1.28,0,0,0,Nonshared environmental variance,500,3.9277843495224354,3.930552173093621,3.3151169753970553,4.514698676435154,4,3.9277843495224354,Before the historical event,Event not experienced
-1.28,0,0,0,Phenotypic variance,500,8.464398143161466,8.457198504083985,7.86782058653109,9.109318318851674,8.48136690845607,8.464398143161466,Before the historical event,Event not experienced
-1.28,0,1,0,Additive genetic variance,500,2.2921198370157803,2.2840374205898475,1.6066636103947232,3.0518212749201132,2.2313669084560703,2.2921198370157803,Before the historical event,Event experienced
-1.28,0,1,0,Nuclear-family environmental variance,500,2.2444939566232502,2.260857886886992,1.5649313158593947,2.879467531375238,2.25,2.2444939566232502,Before the historical event,Event experienced
-1.28,0,1,0,Nonshared environmental variance,500,3.9277843495224354,3.930552173093621,3.3151169753970553,4.514698676435154,4,3.9277843495224354,Before the historical event,Event experienced
-1.28,0,1,0,Phenotypic variance,500,8.464398143161466,8.457198504083985,7.86782058653109,9.109318318851674,8.48136690845607,8.464398143161466,Before the historical event,Event experienced
-1.28,1,0,0,Additive genetic variance,500,2.2921198370157803,2.2840374205898475,1.6066636103947232,3.0518212749201132,2.2313669084560703,2.2921198370157803,After the historical event,Event not experienced
-1.28,1,0,0,Nuclear-family environmental variance,500,2.2444939566232502,2.260857886886992,1.5649313158593947,2.879467531375238,2.25,2.2444939566232502,After the historical event,Event not experienced
-1.28,1,0,0,Nonshared environmental variance,500,3.9277843495224354,3.930552173093621,3.3151169753970553,4.514698676435154,4,3.9277843495224354,After the historical event,Event not experienced
-1.28,1,0,0,Phenotypic variance,500,8.464398143161466,8.457198504083985,7.86782058653109,9.109318318851674,8.48136690845607,8.464398143161466,After the historical event,Event not experienced
-1.28,1,1,1,Additive genetic variance,500,3.5163821949760155,3.3760585921864132,1.8095479140969064,6.15857628584849,3.3288082635342127,3.5163821949760155,After the historical event,Event experienced
-1.28,1,1,1,Nuclear-family environmental variance,500,2.3248040370483216,2.2394577353943883,1.2599898124856814,3.798758801020302,2.25,2.3248040370483216,After the historical event,Event experienced
-1.28,1,1,1,Nonshared environmental variance,500,3.9588162733692336,3.9276208481798185,2.8763701243172717,5.206400488266352,4,3.9588162733692336,After the historical event,Event experienced
-1.28,1,1,1,Phenotypic variance,500,9.800002505393572,9.731405415141598,8.369212244646302,11.665081299624102,9.578808263534214,9.800002505393572,After the historical event,Event experienced
-1.26,0,0,0,Additive genetic variance,500,2.3237799640781334,2.314870192333321,1.6359627859825885,3.0867312016347075,2.2631878242762737,2.3237799640781334,Before the historical event,Event not experienced
-1.26,0,0,0,Nuclear-family environmental variance,500,2.2443654206399613,2.260374290076868,1.569607250688855,2.8777492736502936,2.25,2.2443654206399613,Before the historical event,Event not experienced
-1.26,0,0,0,Nonshared environmental variance,500,3.9283569362522166,3.932246419569007,3.320221469422681,4.510975903582167,4,3.9283569362522166,Before the historical event,Event not experienced
-1.26,0,0,0,Phenotypic variance,500,8.496502320970311,8.490452159266365,7.896711064383805,9.140671404602175,8.513187824276274,8.496502320970311,Before the historical event,Event not experienced
-1.26,0,1,0,Additive genetic variance,500,2.3237799640781334,2.314870192333321,1.6359627859825885,3.0867312016347075,2.2631878242762737,2.3237799640781334,Before the historical event,Event experienced
-1.26,0,1,0,Nuclear-family environmental variance,500,2.2443654206399613,2.260374290076868,1.569607250688855,2.8777492736502936,2.25,2.2443654206399613,Before the historical event,Event experienced
-1.26,0,1,0,Nonshared environmental variance,500,3.9283569362522166,3.932246419569007,3.320221469422681,4.510975903582167,4,3.9283569362522166,Before the historical event,Event experienced
-1.26,0,1,0,Phenotypic variance,500,8.496502320970311,8.490452159266365,7.896711064383805,9.140671404602175,8.513187824276274,8.496502320970311,Before the historical event,Event experienced
-1.26,1,0,0,Additive genetic variance,500,2.3237799640781334,2.314870192333321,1.6359627859825885,3.0867312016347075,2.2631878242762737,2.3237799640781334,After the historical event,Event not experienced
-1.26,1,0,0,Nuclear-family environmental variance,500,2.2443654206399613,2.260374290076868,1.569607250688855,2.8777492736502936,2.25,2.2443654206399613,After the historical event,Event not experienced
-1.26,1,0,0,Nonshared environmental variance,500,3.9283569362522166,3.932246419569007,3.320221469422681,4.510975903582167,4,3.9283569362522166,After the historical event,Event not experienced
-1.26,1,0,0,Phenotypic variance,500,8.496502320970311,8.490452159266365,7.896711064383805,9.140671404602175,8.513187824276274,8.496502320970311,After the historical event,Event not experienced
-1.26,1,1,1,Additive genetic variance,500,3.5647706315835297,3.426963645984882,1.836077132489029,6.230518385267375,3.376279491656356,3.5647706315835297,After the historical event,Event experienced
-1.26,1,1,1,Nuclear-family environmental variance,500,2.3244079768936006,2.2397637134564725,1.2643565185995602,3.790218721547854,2.25,2.3244079768936006,After the historical event,Event experienced
-1.26,1,1,1,Nonshared environmental variance,500,3.9591977560857896,3.9295758554402553,2.8796612101475962,5.197884885686369,4,3.9591977560857896,After the historical event,Event experienced
-1.26,1,1,1,Phenotypic variance,500,9.84837636456292,9.78166035879773,8.402786736624517,11.728250720957291,9.626279491656355,9.84837636456292,After the historical event,Event experienced
-1.24,0,0,0,Additive genetic variance,500,2.3555207256363486,2.344782669356105,1.6639776087505398,3.12155686613288,2.2950952848869286,2.3555207256363486,Before the historical event,Event not experienced
-1.24,0,0,0,Nuclear-family environmental variance,500,2.2442432120890503,2.2578230110965567,1.5742869494588163,2.8760297064388243,2.25,2.2442432120890503,Before the historical event,Event not experienced
-1.24,0,0,0,Nonshared environmental variance,500,3.928930986871404,3.9339841975794423,3.325333297867444,4.5072621184131805,4,3.928930986871404,Before the historical event,Event not experienced
-1.24,0,0,0,Phenotypic variance,500,8.528694924596802,8.524324720268197,7.925761361384064,9.16830479303168,8.545095284886928,8.528694924596802,Before the historical event,Event not experienced
-1.24,0,1,0,Additive genetic variance,500,2.3555207256363486,2.344782669356105,1.6639776087505398,3.12155686613288,2.2950952848869286,2.3555207256363486,Before the historical event,Event experienced
-1.24,0,1,0,Nuclear-family environmental variance,500,2.2442432120890503,2.2578230110965567,1.5742869494588163,2.8760297064388243,2.25,2.2442432120890503,Before the historical event,Event experienced
-1.24,0,1,0,Nonshared environmental variance,500,3.928930986871404,3.9339841975794423,3.325333297867444,4.5072621184131805,4,3.928930986871404,Before the historical event,Event experienced
-1.24,0,1,0,Phenotypic variance,500,8.528694924596802,8.524324720268197,7.925761361384064,9.16830479303168,8.545095284886928,8.528694924596802,Before the historical event,Event experienced
-1.24,1,0,0,Additive genetic variance,500,2.3555207256363486,2.344782669356105,1.6639776087505398,3.12155686613288,2.2950952848869286,2.3555207256363486,After the historical event,Event not experienced
-1.24,1,0,0,Nuclear-family environmental variance,500,2.2442432120890503,2.2578230110965567,1.5742869494588163,2.8760297064388243,2.25,2.2442432120890503,After the historical event,Event not experienced
-1.24,1,0,0,Nonshared environmental variance,500,3.928930986871404,3.9339841975794423,3.325333297867444,4.5072621184131805,4,3.928930986871404,After the historical event,Event not experienced
-1.24,1,0,0,Phenotypic variance,500,8.528694924596802,8.524324720268197,7.925761361384064,9.16830479303168,8.545095284886928,8.528694924596802,After the historical event,Event not experienced
-1.24,1,1,1,Additive genetic variance,500,3.613272080265722,3.473956904845247,1.862743073664457,6.296154318346655,3.4238798294343478,3.613272080265722,After the historical event,Event experienced
-1.24,1,1,1,Nuclear-family environmental variance,500,2.3240166694223587,2.2374295979549323,1.2687242741089606,3.784298033067044,2.25,2.3240166694223587,After the historical event,Event experienced
-1.24,1,1,1,Nonshared environmental variance,500,3.9595801550927385,3.9295962535976425,2.882958884130091,5.1894118107579255,4,3.9595801550927385,After the historical event,Event experienced
-1.24,1,1,1,Phenotypic variance,500,9.896868904780819,9.833067461032279,8.436439090661404,11.791247127268893,9.673879829434348,9.896868904780819,After the historical event,Event experienced
-1.22,0,0,0,Additive genetic variance,500,2.387333207293204,2.3738719834479562,1.6908227514942844,3.156286495823763,2.3270802288959955,2.387333207293204,Before the historical event,Event not experienced
-1.22,0,0,0,Nuclear-family environmental variance,500,2.244127224113975,2.2544618124211895,1.5789703624579041,2.8743088187070214,2.25,2.244127224113975,Before the historical event,Event not experienced
-1.22,0,0,0,Nonshared environmental variance,500,3.9295064358495453,3.9335779701777644,3.3304524233579835,4.503557300856379,4,3.9295064358495453,Before the historical event,Event not experienced
-1.22,0,0,0,Phenotypic variance,500,8.560966867256724,8.555298590937916,7.954964507234019,9.196707156051044,8.577080228895996,8.560966867256724,Before the historical event,Event not experienced
-1.22,0,1,0,Additive genetic variance,500,2.387333207293204,2.3738719834479562,1.6908227514942844,3.156286495823763,2.3270802288959955,2.387333207293204,Before the historical event,Event experienced
-1.22,0,1,0,Nuclear-family environmental variance,500,2.244127224113975,2.2544618124211895,1.5789703624579041,2.8743088187070214,2.25,2.244127224113975,Before the historical event,Event experienced
-1.22,0,1,0,Nonshared environmental variance,500,3.9295064358495453,3.9335779701777644,3.3304524233579835,4.503557300856379,4,3.9295064358495453,Before the historical event,Event experienced
-1.22,0,1,0,Phenotypic variance,500,8.560966867256724,8.555298590937916,7.954964507234019,9.196707156051044,8.577080228895996,8.560966867256724,Before the historical event,Event experienced
-1.22,1,0,0,Additive genetic variance,500,2.387333207293204,2.3738719834479562,1.6908227514942844,3.156286495823763,2.3270802288959955,2.387333207293204,After the historical event,Event not experienced
-1.22,1,0,0,Nuclear-family environmental variance,500,2.244127224113975,2.2544618124211895,1.5789703624579041,2.8743088187070214,2.25,2.244127224113975,After the historical event,Event not experienced
-1.22,1,0,0,Nonshared environmental variance,500,3.9295064358495453,3.9335779701777644,3.3304524233579835,4.503557300856379,4,3.9295064358495453,After the historical event,Event not experienced
-1.22,1,0,0,Phenotypic variance,500,8.560966867256724,8.555298590937916,7.954964507234019,9.196707156051044,8.577080228895996,8.560966867256724,After the historical event,Event not experienced
-1.22,1,1,1,Additive genetic variance,500,3.6618726125973335,3.5210321780506284,1.8895403017575605,6.359328930593579,3.471595758859747,3.6618726125973335,After the historical event,Event experienced
-1.22,1,1,1,Nuclear-family environmental variance,500,2.323630001311528,2.237155943095611,1.273092967927884,3.7823278027535236,2.25,2.323630001311528,After the historical event,Event experienced
-1.22,1,1,1,Nonshared environmental variance,500,3.95996340396019,3.9301692657314895,2.8868352459353686,5.180981098839238,4,3.95996340396019,After the historical event,Event experienced
-1.22,1,1,1,Phenotypic variance,500,9.945466017869052,9.87767175739112,8.482138831411792,11.84787134686676,9.721595758859747,9.945466017869052,After the historical event,Event experienced
-1.2,0,0,0,Additive genetic variance,500,2.419208330421536,2.40701139233986,1.7176967527201628,3.1917179243187617,2.3591334304514016,2.419208330421536,Before the historical event,Event not experienced
-1.2,0,0,0,Nuclear-family environmental variance,500,2.2440173506831895,2.2519429935678943,1.5836574397530931,2.8725865996100133,2.25,2.2440173506831895,Before the historical event,Event not experienced
-1.2,0,0,0,Nonshared environmental variance,500,3.930083218129394,3.9326596706784382,3.335578808380938,4.49986143097744,4,3.930083218129394,Before the historical event,Event not experienced
-1.2,0,0,0,Phenotypic variance,500,8.593308899234119,8.588543719640617,7.983225529290798,9.227014639720746,8.6091334304514,8.593308899234119,Before the historical event,Event not experienced
-1.2,0,1,0,Additive genetic variance,500,2.419208330421536,2.40701139233986,1.7176967527201628,3.1917179243187617,2.3591334304514016,2.419208330421536,Before the historical event,Event experienced
-1.2,0,1,0,Nuclear-family environmental variance,500,2.2440173506831895,2.2519429935678943,1.5836574397530931,2.8725865996100133,2.25,2.2440173506831895,Before the historical event,Event experienced
-1.2,0,1,0,Nonshared environmental variance,500,3.930083218129394,3.9326596706784382,3.335578808380938,4.49986143097744,4,3.930083218129394,Before the historical event,Event experienced
-1.2,0,1,0,Phenotypic variance,500,8.593308899234119,8.588543719640617,7.983225529290798,9.227014639720746,8.6091334304514,8.593308899234119,Before the historical event,Event experienced
-1.2,1,0,0,Additive genetic variance,500,2.419208330421536,2.40701139233986,1.7176967527201628,3.1917179243187617,2.3591334304514016,2.419208330421536,After the historical event,Event not experienced
-1.2,1,0,0,Nuclear-family environmental variance,500,2.2440173506831895,2.2519429935678943,1.5836574397530931,2.8725865996100133,2.25,2.2440173506831895,After the historical event,Event not experienced
-1.2,1,0,0,Nonshared environmental variance,500,3.930083218129394,3.9326596706784382,3.335578808380938,4.49986143097744,4,3.930083218129394,After the historical event,Event not experienced
-1.2,1,0,0,Phenotypic variance,500,8.593308899234119,8.588543719640617,7.983225529290798,9.227014639720746,8.6091334304514,8.593308899234119,After the historical event,Event not experienced
-1.2,1,1,1,Additive genetic variance,500,3.7105580498074624,3.5681754162459116,1.9164632438768612,6.422144274799814,3.5194135165785756,3.7105580498074624,After the historical event,Event experienced
-1.2,1,1,1,Nuclear-family environmental variance,500,2.3232478601489404,2.235963421817269,1.277462488536972,3.7808356074924445,2.25,2.3232478601489404,After the historical event,Event experienced
-1.2,1,1,1,Nonshared environmental variance,500,3.960347436744124,3.9353635683341324,2.8920384953204556,5.172592586291721,4,3.960347436744124,After the historical event,Event experienced
-1.2,1,1,1,Phenotypic variance,500,9.994153346700527,9.919773100051602,8.519413788222764,11.910244749320865,9.769413516578576,9.994153346700527,After the historical event,Event experienced
-1.18,0,0,0,Additive genetic variance,500,2.4511368556147985,2.44219356941833,1.7454754412240052,3.2242280591063994,2.3912455028940935,2.4511368556147985,Before the historical event,Event not experienced
-1.18,0,0,0,Nuclear-family environmental variance,500,2.243913486590358,2.250642512033216,1.588141455733528,2.870863038491513,2.25,2.243913486590358,Before the historical event,Event not experienced
-1.18,0,0,0,Nonshared environmental variance,500,3.9306612691274703,3.932027632024539,3.340981493065022,4.49617448897903,4,3.9306612691274703,Before the historical event,Event not experienced
-1.18,0,0,0,Phenotypic variance,500,8.625711611332626,8.623353883721366,8.01376544713969,9.257123177604317,8.641245502894094,8.625711611332626,Before the historical event,Event not experienced
-1.18,0,1,0,Additive genetic variance,500,2.4511368556147985,2.44219356941833,1.7454754412240052,3.2242280591063994,2.3912455028940935,2.4511368556147985,Before the historical event,Event experienced
-1.18,0,1,0,Nuclear-family environmental variance,500,2.243913486590358,2.250642512033216,1.588141455733528,2.870863038491513,2.25,2.243913486590358,Before the historical event,Event experienced
-1.18,0,1,0,Nonshared environmental variance,500,3.9306612691274703,3.932027632024539,3.340981493065022,4.49617448897903,4,3.9306612691274703,Before the historical event,Event experienced
-1.18,0,1,0,Phenotypic variance,500,8.625711611332626,8.623353883721366,8.01376544713969,9.257123177604317,8.641245502894094,8.625711611332626,Before the historical event,Event experienced
-1.18,1,0,0,Additive genetic variance,500,2.4511368556147985,2.44219356941833,1.7454754412240052,3.2242280591063994,2.3912455028940935,2.4511368556147985,After the historical event,Event not experienced
-1.18,1,0,0,Nuclear-family environmental variance,500,2.243913486590358,2.250642512033216,1.588141455733528,2.870863038491513,2.25,2.243913486590358,After the historical event,Event not experienced
-1.18,1,0,0,Nonshared environmental variance,500,3.9306612691274703,3.932027632024539,3.340981493065022,4.49617448897903,4,3.9306612691274703,After the historical event,Event not experienced
-1.18,1,0,0,Phenotypic variance,500,8.625711611332626,8.623353883721366,8.01376544713969,9.257123177604317,8.641245502894094,8.625711611332626,After the historical event,Event not experienced
-1.18,1,1,1,Additive genetic variance,500,3.759313968354456,3.619401545157687,1.9435061912097769,6.484577254560005,3.567319099341028,3.759313968354456,After the historical event,Event experienced
-1.18,1,1,1,Nuclear-family environmental variance,500,2.322870134434111,2.2363509809807582,1.2818327239891403,3.7792997668445465,2.25,2.322870134434111,After the historical event,Event experienced
-1.18,1,1,1,Nonshared environmental variance,500,3.96073218798695,3.940421436712845,2.897240954825088,5.16426079944175,4,3.96073218798695,After the historical event,Event experienced
-1.18,1,1,1,Phenotypic variance,500,10.042916290775517,9.967038353500755,8.554399546075892,11.986772789547121,9.817319099341027,10.042916290775517,After the historical event,Event experienced
-1.16,0,0,0,Additive genetic variance,500,2.483109386321009,2.4766333198340393,1.7773544455979262,3.252590185276815,2.423406902591211,2.483109386321009,Before the historical event,Event not experienced
-1.16,0,0,0,Nuclear-family environmental variance,500,2.243815527454646,2.2502911748824106,1.5923501260429118,2.869138124883454,2.25,2.243815527454646,Before the historical event,Event not experienced
-1.16,0,0,0,Nonshared environmental variance,500,3.9312405247346356,3.9340199232030852,3.34492576443506,4.492496455200307,4,3.9312405247346356,Before the historical event,Event not experienced
-1.16,0,0,0,Phenotypic variance,500,8.65816543851029,8.656016343392485,8.043298568144905,9.287024723087256,8.67340690259121,8.65816543851029,Before the historical event,Event not experienced
-1.16,0,1,0,Additive genetic variance,500,2.483109386321009,2.4766333198340393,1.7773544455979262,3.252590185276815,2.423406902591211,2.483109386321009,Before the historical event,Event experienced
-1.16,0,1,0,Nuclear-family environmental variance,500,2.243815527454646,2.2502911748824106,1.5923501260429118,2.869138124883454,2.25,2.243815527454646,Before the historical event,Event experienced
-1.16,0,1,0,Nonshared environmental variance,500,3.9312405247346356,3.9340199232030852,3.34492576443506,4.492496455200307,4,3.9312405247346356,Before the historical event,Event experienced
-1.16,0,1,0,Phenotypic variance,500,8.65816543851029,8.656016343392485,8.043298568144905,9.287024723087256,8.67340690259121,8.65816543851029,Before the historical event,Event experienced
-1.16,1,0,0,Additive genetic variance,500,2.483109386321009,2.4766333198340393,1.7773544455979262,3.252590185276815,2.423406902591211,2.483109386321009,After the historical event,Event not experienced
-1.16,1,0,0,Nuclear-family environmental variance,500,2.243815527454646,2.2502911748824106,1.5923501260429118,2.869138124883454,2.25,2.243815527454646,After the historical event,Event not experienced
-1.16,1,0,0,Nonshared environmental variance,500,3.9312405247346356,3.9340199232030852,3.34492576443506,4.492496455200307,4,3.9312405247346356,After the historical event,Event not experienced
-1.16,1,0,0,Phenotypic variance,500,8.65816543851029,8.656016343392485,8.043298568144905,9.287024723087256,8.67340690259121,8.65816543851029,After the historical event,Event not experienced
-1.16,1,1,1,Additive genetic variance,500,3.8081257057865994,3.6777888301893595,1.9706633002414464,6.5466047251192725,3.6152982697199008,3.8081257057865994,After the historical event,Event experienced
-1.16,1,1,1,Nuclear-family environmental variance,500,2.3224967135790737,2.238460809747477,1.2862034828010336,3.7777201507128693,2.25,2.3224967135790737,After the historical event,Event experienced
-1.16,1,1,1,Nonshared environmental variance,500,3.961117592718077,3.942153839564821,2.90244255187325,5.15600512782725,4,3.961117592718077,After the historical event,Event experienced
-1.16,1,1,1,Phenotypic variance,500,10.09174001208375,10.015293834348583,8.59315948498389,12.063328414692682,9.8652982697199,10.09174001208375,After the historical event,Event experienced
-1.14,0,0,0,Additive genetic variance,500,2.515116372659284,2.5125051072218976,1.8094537317024666,3.2808160168733442,2.455607932948168,2.515116372659284,Before the historical event,Event not experienced
-1.14,0,0,0,Nuclear-family environmental variance,500,2.2437233697210774,2.250228782420623,1.5965616693866866,2.867441366057234,2.25,2.2437233697210774,Before the historical event,Event not experienced
-1.14,0,0,0,Nonshared environmental variance,500,3.9318209213166724,3.9340290133783955,3.3488656249842106,4.4888273101164105,4,3.9318209213166724,Before the historical event,Event not experienced
-1.14,0,0,0,Phenotypic variance,500,8.690660663697033,8.69001359760233,8.072953355965707,9.31681300529254,8.705607932948169,8.690660663697033,Before the historical event,Event not experienced
-1.14,0,1,0,Additive genetic variance,500,2.515116372659284,2.5125051072218976,1.8094537317024666,3.2808160168733442,2.455607932948168,2.515116372659284,Before the historical event,Event experienced
-1.14,0,1,0,Nuclear-family environmental variance,500,2.2437233697210774,2.250228782420623,1.5965616693866866,2.867441366057234,2.25,2.2437233697210774,Before the historical event,Event experienced
-1.14,0,1,0,Nonshared environmental variance,500,3.9318209213166724,3.9340290133783955,3.3488656249842106,4.4888273101164105,4,3.9318209213166724,Before the historical event,Event experienced
-1.14,0,1,0,Phenotypic variance,500,8.690660663697033,8.69001359760233,8.072953355965707,9.31681300529254,8.705607932948169,8.690660663697033,Before the historical event,Event experienced
-1.14,1,0,0,Additive genetic variance,500,2.515116372659284,2.5125051072218976,1.8094537317024666,3.2808160168733442,2.455607932948168,2.515116372659284,After the historical event,Event not experienced
-1.14,1,0,0,Nuclear-family environmental variance,500,2.2437233697210774,2.250228782420623,1.5965616693866866,2.867441366057234,2.25,2.2437233697210774,After the historical event,Event not experienced
-1.14,1,0,0,Nonshared environmental variance,500,3.9318209213166724,3.9340290133783955,3.3488656249842106,4.4888273101164105,4,3.9318209213166724,After the historical event,Event not experienced
-1.14,1,0,0,Phenotypic variance,500,8.690660663697033,8.69001359760233,8.072953355965707,9.31681300529254,8.705607932948169,8.690660663697033,After the historical event,Event not experienced
-1.14,1,1,1,Additive genetic variance,500,3.8569783668871,3.728304354164096,1.997928594088305,6.608203507316589,3.6633365620959064,3.8569783668871,After the historical event,Event experienced
-1.14,1,1,1,Nuclear-family environmental variance,500,2.322127487909281,2.2405306139990184,1.290320472969313,3.7760966323552765,2.25,2.322127487909281,After the historical event,Event experienced
-1.14,1,1,1,Nonshared environmental variance,500,3.9615035864544903,3.9407748767950856,2.907643213817013,5.147790350518166,4,3.9615035864544903,After the historical event,Event experienced
-1.14,1,1,1,Phenotypic variance,500,10.140609441250872,10.062952294090854,8.635151321685964,12.139976969373958,9.913336562095907,10.140609441250872,After the historical event,Event experienced
-1.1199999999999999,0,0,0,Additive genetic variance,500,2.5471481154179356,2.5482150335927365,1.8409546846459386,3.308897358841474,2.4878387485981897,2.5471481154179356,Before the historical event,Event not experienced
-1.1199999999999999,0,0,0,Nuclear-family environmental variance,500,2.2436369106609595,2.249512263592912,1.6007760464791332,2.864145200570811,2.25,2.2436369106609595,Before the historical event,Event not experienced
-1.1199999999999999,0,0,0,Nonshared environmental variance,500,3.9324023957148797,3.934947438955172,3.352800920456122,4.485167034337967,4,3.9324023957148797,Before the historical event,Event not experienced
-1.1199999999999999,0,0,0,Phenotypic variance,500,8.723187421793774,8.722745911274826,8.102722045270278,9.346405538593404,8.73783874859819,8.723187421793774,Before the historical event,Event not experienced
-1.1199999999999999,0,1,0,Additive genetic variance,500,2.5471481154179356,2.5482150335927365,1.8409546846459386,3.308897358841474,2.4878387485981897,2.5471481154179356,Before the historical event,Event experienced
-1.1199999999999999,0,1,0,Nuclear-family environmental variance,500,2.2436369106609595,2.249512263592912,1.6007760464791332,2.864145200570811,2.25,2.2436369106609595,Before the historical event,Event experienced
-1.1199999999999999,0,1,0,Nonshared environmental variance,500,3.9324023957148797,3.934947438955172,3.352800920456122,4.485167034337967,4,3.9324023957148797,Before the historical event,Event experienced
-1.1199999999999999,0,1,0,Phenotypic variance,500,8.723187421793774,8.722745911274826,8.102722045270278,9.346405538593404,8.73783874859819,8.723187421793774,Before the historical event,Event experienced
-1.1199999999999999,1,0,0,Additive genetic variance,500,2.5471481154179356,2.5482150335927365,1.8409546846459386,3.308897358841474,2.4878387485981897,2.5471481154179356,After the historical event,Event not experienced
-1.1199999999999999,1,0,0,Nuclear-family environmental variance,500,2.2436369106609595,2.249512263592912,1.6007760464791332,2.864145200570811,2.25,2.2436369106609595,After the historical event,Event not experienced
-1.1199999999999999,1,0,0,Nonshared environmental variance,500,3.9324023957148797,3.934947438955172,3.352800920456122,4.485167034337967,4,3.9324023957148797,After the historical event,Event not experienced
-1.1199999999999999,1,0,0,Phenotypic variance,500,8.723187421793774,8.722745911274826,8.102722045270278,9.346405538593404,8.73783874859819,8.723187421793774,After the historical event,Event not experienced
-1.1199999999999999,1,1,1,Additive genetic variance,500,3.9058568301015035,3.7767537695171693,2.0252959639469825,6.669350401689957,3.71141928890773,3.9058568301015035,After the historical event,Event experienced
-1.1199999999999999,1,1,1,Nuclear-family environmental variance,500,2.3217623486645547,2.243097650612709,1.2942375529206624,3.771476284650589,2.25,2.3217623486645547,After the historical event,Event experienced
-1.1199999999999999,1,1,1,Nonshared environmental variance,500,3.961890105201341,3.9353033912604802,2.912842867939231,5.1415472485100535,4,3.961890105201341,After the historical event,Event experienced
-1.1199999999999999,1,1,1,Phenotypic variance,500,10.1895092839674,10.103517579675636,8.670921441290725,12.217027877133571,9.96141928890773,10.1895092839674,After the historical event,Event experienced
-1.0999999999999999,0,0,0,Additive genetic variance,500,2.5791947702328812,2.5789641134287766,1.8697358789536427,3.3371686912857963,2.520089359767649,2.5791947702328812,Before the historical event,Event not experienced
-1.0999999999999999,0,0,0,Nuclear-family environmental variance,500,2.2435560483723753,2.2501664379670268,1.6049932178700832,2.859834824888079,2.25,2.2435560483723753,Before the historical event,Event not experienced
-1.0999999999999999,0,0,0,Nonshared environmental variance,500,3.9329848852466758,3.932359326899153,3.3567314971214253,4.481515608610601,4,3.9329848852466758,Before the historical event,Event not experienced
-1.0999999999999999,0,0,0,Phenotypic variance,500,8.755735703851933,8.756422448824903,8.132691340384564,9.375768627165996,8.770089359767649,8.755735703851933,Before the historical event,Event not experienced
-1.0999999999999999,0,1,0,Additive genetic variance,500,2.5791947702328812,2.5789641134287766,1.8697358789536427,3.3371686912857963,2.520089359767649,2.5791947702328812,Before the historical event,Event experienced
-1.0999999999999999,0,1,0,Nuclear-family environmental variance,500,2.2435560483723753,2.2501664379670268,1.6049932178700832,2.859834824888079,2.25,2.2435560483723753,Before the historical event,Event experienced
-1.0999999999999999,0,1,0,Nonshared environmental variance,500,3.9329848852466758,3.932359326899153,3.3567314971214253,4.481515608610601,4,3.9329848852466758,Before the historical event,Event experienced
-1.0999999999999999,0,1,0,Phenotypic variance,500,8.755735703851933,8.756422448824903,8.132691340384564,9.375768627165996,8.770089359767649,8.755735703851933,Before the historical event,Event experienced
-1.0999999999999999,1,0,0,Additive genetic variance,500,2.5791947702328812,2.5789641134287766,1.8697358789536427,3.3371686912857963,2.520089359767649,2.5791947702328812,After the historical event,Event not experienced
-1.0999999999999999,1,0,0,Nuclear-family environmental variance,500,2.2435560483723753,2.2501664379670268,1.6049932178700832,2.859834824888079,2.25,2.2435560483723753,After the historical event,Event not experienced
-1.0999999999999999,1,0,0,Nonshared environmental variance,500,3.9329848852466758,3.932359326899153,3.3567314971214253,4.481515608610601,4,3.9329848852466758,After the historical event,Event not experienced
-1.0999999999999999,1,0,0,Phenotypic variance,500,8.755735703851933,8.756422448824903,8.132691340384564,9.375768627165996,8.770089359767649,8.755735703851933,After the historical event,Event not experienced
-1.0999999999999999,1,1,1,Additive genetic variance,500,3.9547457542453364,3.8232931396840937,2.052759170659005,6.730022202731709,3.759531547164355,3.9547457542453364,After the historical event,Event experienced
-1.0999999999999999,1,1,1,Nuclear-family environmental variance,500,2.321401188000097,2.245303992529476,1.2974294956260342,3.762247778331439,2.25,2.321401188000097,After the historical event,Event experienced
-1.0999999999999999,1,1,1,Nonshared environmental variance,500,3.9622770854525418,3.9317258598914018,2.918041441456258,5.136956485201955,4,3.9622770854525418,After the historical event,Event experienced
-1.0999999999999999,1,1,1,Phenotypic variance,500,10.238424027697976,10.154874496061888,8.701574772064193,12.29404031409885,10.009531547164356,10.238424027697976,After the historical event,Event experienced
-1.08,0,0,0,Additive genetic variance,500,2.6112463519448754,2.608580577593647,1.8985284044122412,3.365698442792562,2.5523496368153222,2.6112463519448754,Before the historical event,Event not experienced
-1.08,0,0,0,Nuclear-family environmental variance,500,2.2434806817807402,2.2500263406713232,1.6092131439453663,2.855830902322393,2.25,2.2434806817807402,Before the historical event,Event not experienced
-1.08,0,0,0,Nonshared environmental variance,500,3.9335683277062095,3.9315159126857537,3.360368089332985,4.477873013814434,4,3.9335683277062095,Before the historical event,Event not experienced
-1.08,0,0,0,Phenotypic variance,500,8.788295361431825,8.789221513477552,8.1644761631507,9.404894373677987,8.802349636815322,8.788295361431825,Before the historical event,Event not experienced
-1.08,0,1,0,Additive genetic variance,500,2.6112463519448754,2.608580577593647,1.8985284044122412,3.365698442792562,2.5523496368153222,2.6112463519448754,Before the historical event,Event experienced
-1.08,0,1,0,Nuclear-family environmental variance,500,2.2434806817807402,2.2500263406713232,1.6092131439453663,2.855830902322393,2.25,2.2434806817807402,Before the historical event,Event experienced
-1.08,0,1,0,Nonshared environmental variance,500,3.9335683277062095,3.9315159126857537,3.360368089332985,4.477873013814434,4,3.9335683277062095,Before the historical event,Event experienced
-1.08,0,1,0,Phenotypic variance,500,8.788295361431825,8.789221513477552,8.1644761631507,9.404894373677987,8.802349636815322,8.788295361431825,Before the historical event,Event experienced
-1.08,1,0,0,Additive genetic variance,500,2.6112463519448754,2.608580577593647,1.8985284044122412,3.365698442792562,2.5523496368153222,2.6112463519448754,After the historical event,Event not experienced
-1.08,1,0,0,Nuclear-family environmental variance,500,2.2434806817807402,2.2500263406713232,1.6092131439453663,2.855830902322393,2.25,2.2434806817807402,After the historical event,Event not experienced
-1.08,1,0,0,Nonshared environmental variance,500,3.9335683277062095,3.9315159126857537,3.360368089332985,4.477873013814434,4,3.9335683277062095,After the historical event,Event not experienced
-1.08,1,0,0,Phenotypic variance,500,8.788295361431825,8.789221513477552,8.1644761631507,9.404894373677987,8.802349636815322,8.788295361431825,After the historical event,Event not experienced
-1.08,1,1,1,Additive genetic variance,500,4.003629585489375,3.8681425632938113,2.080311846391639,6.790195713282078,3.8076582252168243,4.003629585489375,After the historical event,Event experienced
-1.08,1,1,1,Nuclear-family environmental variance,500,2.3210438989875537,2.2474889416607224,1.3006283843525193,3.7530536628783406,2.25,2.3210438989875537,After the historical event,Event experienced
-1.08,1,1,1,Nonshared environmental variance,500,3.962664464191373,3.932812360080562,2.9220852426408803,5.132365253190217,4,3.962664464191373,After the historical event,Event experienced
-1.08,1,1,1,Phenotypic variance,500,10.287337948668302,10.204160620325132,8.732355100544648,12.370984424267025,10.057658225216825,10.287337948668302,After the historical event,Event experienced
-1.06,0,0,0,Additive genetic variance,500,2.6432927391338548,2.636383284007766,1.9273687777809931,3.396011661872998,2.5846093149434526,2.6432927391338548,Before the historical event,Event not experienced
-1.06,0,0,0,Nuclear-family environmental variance,500,2.243410710639427,2.24995260284537,1.6134357849272587,2.8512543544655067,2.25,2.243410710639427,Before the historical event,Event not experienced
-1.06,0,0,0,Nonshared environmental variance,500,3.934152661364985,3.9299059995692276,3.3660011733907553,4.476046052496354,4,3.934152661364985,Before the historical event,Event not experienced
-1.06,0,0,0,Phenotypic variance,500,8.820856111138268,8.822817820940617,8.196547693660413,9.43466287055164,8.834609314943453,8.820856111138268,Before the historical event,Event not experienced
-1.06,0,1,0,Additive genetic variance,500,2.6432927391338548,2.636383284007766,1.9273687777809931,3.396011661872998,2.5846093149434526,2.6432927391338548,Before the historical event,Event experienced
-1.06,0,1,0,Nuclear-family environmental variance,500,2.243410710639427,2.24995260284537,1.6134357849272587,2.8512543544655067,2.25,2.243410710639427,Before the historical event,Event experienced
-1.06,0,1,0,Nonshared environmental variance,500,3.934152661364985,3.9299059995692276,3.3660011733907553,4.476046052496354,4,3.934152661364985,Before the historical event,Event experienced
-1.06,0,1,0,Phenotypic variance,500,8.820856111138268,8.822817820940617,8.196547693660413,9.43466287055164,8.834609314943453,8.820856111138268,Before the historical event,Event experienced
-1.06,1,0,0,Additive genetic variance,500,2.6432927391338548,2.636383284007766,1.9273687777809931,3.396011661872998,2.5846093149434526,2.6432927391338548,After the historical event,Event not experienced
-1.06,1,0,0,Nuclear-family environmental variance,500,2.243410710639427,2.24995260284537,1.6134357849272587,2.8512543544655067,2.25,2.243410710639427,After the historical event,Event not experienced
-1.06,1,0,0,Nonshared environmental variance,500,3.934152661364985,3.9299059995692276,3.3660011733907553,4.476046052496354,4,3.934152661364985,After the historical event,Event not experienced
-1.06,1,0,0,Phenotypic variance,500,8.820856111138268,8.822817820940617,8.196547693660413,9.43466287055164,8.834609314943453,8.820856111138268,After the historical event,Event not experienced
-1.06,1,1,1,Additive genetic variance,500,4.052492564619611,3.913553236520378,2.1079474964351324,6.849847759048801,3.8557840097863263,4.052492564619611,After the historical event,Event experienced
-1.06,1,1,1,Nuclear-family environmental variance,500,2.3206903756161297,2.2485497083286448,1.3038342286949218,3.7438937717656104,2.25,2.3206903756161297,After the historical event,Event experienced
-1.06,1,1,1,Nonshared environmental variance,500,3.9630521788910946,3.9327911267902707,2.9250479277456787,5.1277735163254246,4,3.9630521788910946,After the historical event,Event experienced
-1.06,1,1,1,Phenotypic variance,500,10.336235119126835,10.246383475249939,8.763255597576345,12.447829995600213,10.105784009786326,10.336235119126835,After the historical event,Event experienced
-1.04,0,0,0,Additive genetic variance,500,2.6753236788284496,2.6668149829783174,1.9562846298878145,3.424295079657636,2.6168579990783067,2.6753236788284496,Before the historical event,Event not experienced
-1.04,0,0,0,Nuclear-family environmental variance,500,2.243346035530449,2.2507376535242365,1.61766110087494,2.846895075555018,2.25,2.243346035530449,Before the historical event,Event not experienced
-1.04,0,0,0,Nonshared environmental variance,500,3.934737824972491,3.931259863905261,3.3739788502138905,4.476106038199182,4,3.934737824972491,Before the historical event,Event not experienced
-1.04,0,0,0,Phenotypic variance,500,8.85340753933139,8.85718577877864,8.22889603712774,9.464795977383783,8.866857999078306,8.85340753933139,Before the historical event,Event not experienced
-1.04,0,1,0,Additive genetic variance,500,2.6753236788284496,2.6668149829783174,1.9562846298878145,3.424295079657636,2.6168579990783067,2.6753236788284496,Before the historical event,Event experienced
-1.04,0,1,0,Nuclear-family environmental variance,500,2.243346035530449,2.2507376535242365,1.61766110087494,2.846895075555018,2.25,2.243346035530449,Before the historical event,Event experienced
-1.04,0,1,0,Nonshared environmental variance,500,3.934737824972491,3.931259863905261,3.3739788502138905,4.476106038199182,4,3.934737824972491,Before the historical event,Event experienced
-1.04,0,1,0,Phenotypic variance,500,8.85340753933139,8.85718577877864,8.22889603712774,9.464795977383783,8.866857999078306,8.85340753933139,Before the historical event,Event experienced
-1.04,1,0,0,Additive genetic variance,500,2.6753236788284496,2.6668149829783174,1.9562846298878145,3.424295079657636,2.6168579990783067,2.6753236788284496,After the historical event,Event not experienced
-1.04,1,0,0,Nuclear-family environmental variance,500,2.243346035530449,2.2507376535242365,1.61766110087494,2.846895075555018,2.25,2.243346035530449,After the historical event,Event not experienced
-1.04,1,0,0,Nonshared environmental variance,500,3.934737824972491,3.931259863905261,3.3739788502138905,4.476106038199182,4,3.934737824972491,After the historical event,Event not experienced
-1.04,1,0,0,Phenotypic variance,500,8.85340753933139,8.85718577877864,8.22889603712774,9.464795977383783,8.866857999078306,8.85340753933139,After the historical event,Event not experienced
-1.04,1,1,1,Additive genetic variance,500,4.1013187345685695,3.9588727950837708,2.1356595011164705,6.908955203240389,3.9038933932451343,4.1013187345685695,After the historical event,Event experienced
-1.04,1,1,1,Nuclear-family environmental variance,500,2.3203405127937575,2.2500951682073884,1.3070470382939436,3.7347679395683944,2.25,2.3203405127937575,After the historical event,Event experienced
-1.04,1,1,1,Nonshared environmental variance,500,3.9634401675155684,3.934355617853967,2.926598853035914,5.123181239015558,4,3.9634401675155684,After the historical event,Event experienced
-1.04,1,1,1,Phenotypic variance,500,10.385099414877896,10.2855645529015,8.794269251139387,12.520726205014562,10.153893393245134,10.385099414877896,After the historical event,Event experienced
-1.02,0,0,0,Additive genetic variance,500,2.7073287913884796,2.6969647834658304,1.9852662773392877,3.452349003449357,2.649085168917677,2.7073287913884796,Before the historical event,Event not experienced
-1.02,0,0,0,Nuclear-family environmental variance,500,2.2432865578652095,2.250380891968477,1.6218890516849571,2.8428400718855356,2.25,2.2432865578652095,Before the historical event,Event not experienced
-1.02,0,0,0,Nonshared environmental variance,500,3.9353237577568407,3.932601455351529,3.381936619379905,4.473367115015025,4,3.9353237577568407,Before the historical event,Event not experienced
-1.02,0,0,0,Phenotypic variance,500,8.88593910701053,8.88895357620955,8.261454832762919,9.49472952315283,8.899085168917678,8.88593910701053,Before the historical event,Event not experienced
-1.02,0,1,0,Additive genetic variance,500,2.7073287913884796,2.6969647834658304,1.9852662773392877,3.452349003449357,2.649085168917677,2.7073287913884796,Before the historical event,Event experienced
-1.02,0,1,0,Nuclear-family environmental variance,500,2.2432865578652095,2.250380891968477,1.6218890516849571,2.8428400718855356,2.25,2.2432865578652095,Before the historical event,Event experienced
-1.02,0,1,0,Nonshared environmental variance,500,3.9353237577568407,3.932601455351529,3.381936619379905,4.473367115015025,4,3.9353237577568407,Before the historical event,Event experienced
-1.02,0,1,0,Phenotypic variance,500,8.88593910701053,8.88895357620955,8.261454832762919,9.49472952315283,8.899085168917678,8.88593910701053,Before the historical event,Event experienced
-1.02,1,0,0,Additive genetic variance,500,2.7073287913884796,2.6969647834658304,1.9852662773392877,3.452349003449357,2.649085168917677,2.7073287913884796,After the historical event,Event not experienced
-1.02,1,0,0,Nuclear-family environmental variance,500,2.2432865578652095,2.250380891968477,1.6218890516849571,2.8428400718855356,2.25,2.2432865578652095,After the historical event,Event not experienced
-1.02,1,0,0,Nonshared environmental variance,500,3.9353237577568407,3.932601455351529,3.381936619379905,4.473367115015025,4,3.9353237577568407,After the historical event,Event not experienced
-1.02,1,0,0,Phenotypic variance,500,8.88593910701053,8.88895357620955,8.261454832762919,9.49472952315283,8.899085168917678,8.88593910701053,After the historical event,Event not experienced
-1.02,1,1,1,Additive genetic variance,500,4.15009194821433,4.0039672664400925,2.1634411178296684,6.967494961300366,3.9519706811465873,4.15009194821433,After the historical event,Event experienced
-1.02,1,1,1,Nuclear-family environmental variance,500,2.319994206348314,2.2492602635893584,1.310266822836764,3.7257529968258187,2.25,2.319994206348314,After the historical event,Event experienced
-1.02,1,1,1,Nonshared environmental variance,500,3.963828368519887,3.933780767147626,2.927393353714595,5.118588386224186,4,3.963828368519887,After the historical event,Event experienced
-1.02,1,1,1,Phenotypic variance,500,10.433914523082532,10.327954101752114,8.82538886791742,12.592165456645745,10.201970681146587,10.433914523082532,After the historical event,Event experienced
-1,0,0,0,Additive genetic variance,500,2.739297575558021,2.731493843115647,2.0143038548887873,3.4801639112646985,2.6812801841425573,2.739297575558021,Before the historical event,Event not experienced
-1,0,0,0,Nuclear-family environmental variance,500,2.2432321798853083,2.2492158540534013,1.6261195970916948,2.83865253825388,2.25,2.2432321798853083,Before the historical event,Event not experienced
-1,0,0,0,Nonshared environmental variance,500,3.935910399425423,3.9317437630289387,3.389874253853807,4.469246096279596,4,3.935910399425423,Before the historical event,Event not experienced
-1,0,0,0,Phenotypic variance,500,8.918440154868753,8.919119185160875,8.29538034714503,9.52445408528507,8.931280184142558,8.918440154868753,Before the historical event,Event not experienced
-1,0,1,0,Additive genetic variance,500,2.739297575558021,2.731493843115647,2.0143038548887873,3.4801639112646985,2.6812801841425573,2.739297575558021,Before the historical event,Event experienced
-1,0,1,0,Nuclear-family environmental variance,500,2.2432321798853083,2.2492158540534013,1.6261195970916948,2.83865253825388,2.25,2.2432321798853083,Before the historical event,Event experienced
-1,0,1,0,Nonshared environmental variance,500,3.935910399425423,3.9317437630289387,3.389874253853807,4.469246096279596,4,3.935910399425423,Before the historical event,Event experienced
-1,0,1,0,Phenotypic variance,500,8.918440154868753,8.919119185160875,8.29538034714503,9.52445408528507,8.931280184142558,8.918440154868753,Before the historical event,Event experienced
-1,1,0,0,Additive genetic variance,500,2.739297575558021,2.731493843115647,2.0143038548887873,3.4801639112646985,2.6812801841425573,2.739297575558021,After the historical event,Event not experienced
-1,1,0,0,Nuclear-family environmental variance,500,2.2432321798853083,2.2492158540534013,1.6261195970916948,2.83865253825388,2.25,2.2432321798853083,After the historical event,Event not experienced
-1,1,0,0,Nonshared environmental variance,500,3.935910399425423,3.9317437630289387,3.389874253853807,4.469246096279596,4,3.935910399425423,After the historical event,Event not experienced
-1,1,0,0,Phenotypic variance,500,8.918440154868753,8.919119185160875,8.29538034714503,9.52445408528507,8.931280184142558,8.918440154868753,After the historical event,Event not experienced
-1,1,1,1,Additive genetic variance,500,4.1987958764431585,4.048908436355227,2.189924964148505,7.0254440157296045,4.000000000000001,4.1987958764431585,After the historical event,Event experienced
-1,1,1,1,Nuclear-family environmental variance,500,2.3196513530288856,2.248770416964176,1.3134935920576227,3.718426270276023,2.25,2.3196513530288856,After the historical event,Event experienced
-1,1,1,1,Nonshared environmental variance,500,3.964216720851011,3.9350197444821093,2.929023359883896,5.115333974580755,4,3.964216720851011,After the historical event,Event experienced
-1,1,1,1,Phenotypic variance,500,10.482663950323055,10.379901309615235,8.856607075037367,12.66320050064007,10.25,10.482663950323055,After the historical event,Event experienced
-0.98,0,0,0,Additive genetic variance,500,2.771219413686396,2.764379732299974,2.043387320114144,3.508002438212813,2.7134322897900183,2.771219413686396,Before the historical event,Event not experienced
-0.98,0,0,0,Nuclear-family environmental variance,500,2.2431828046634146,2.2484163199501,1.6303526966678485,2.8379141612906027,2.25,2.2431828046634146,Before the historical event,Event not experienced
-0.98,0,0,0,Nonshared environmental variance,500,3.9364976901655577,3.9294856184705127,3.3977915268473016,4.464466307888032,4,3.9364976901655577,Before the historical event,Event not experienced
-0.98,0,0,0,Phenotypic variance,500,8.950899908515368,8.950987344536781,8.329683695960389,9.553923752339825,8.963432289790019,8.950899908515368,Before the historical event,Event not experienced
-0.98,0,1,0,Additive genetic variance,500,2.771219413686396,2.764379732299974,2.043387320114144,3.508002438212813,2.7134322897900183,2.771219413686396,Before the historical event,Event experienced
-0.98,0,1,0,Nuclear-family environmental variance,500,2.2431828046634146,2.2484163199501,1.6303526966678485,2.8379141612906027,2.25,2.2431828046634146,Before the historical event,Event experienced
-0.98,0,1,0,Nonshared environmental variance,500,3.9364976901655577,3.9294856184705127,3.3977915268473016,4.464466307888032,4,3.9364976901655577,Before the historical event,Event experienced
-0.98,0,1,0,Phenotypic variance,500,8.950899908515368,8.950987344536781,8.329683695960389,9.553923752339825,8.963432289790019,8.950899908515368,Before the historical event,Event experienced
-0.98,1,0,0,Additive genetic variance,500,2.771219413686396,2.764379732299974,2.043387320114144,3.508002438212813,2.7134322897900183,2.771219413686396,After the historical event,Event not experienced
-0.98,1,0,0,Nuclear-family environmental variance,500,2.2431828046634146,2.2484163199501,1.6303526966678485,2.8379141612906027,2.25,2.2431828046634146,After the historical event,Event not experienced
-0.98,1,0,0,Nonshared environmental variance,500,3.9364976901655577,3.9294856184705127,3.3977915268473016,4.464466307888032,4,3.9364976901655577,After the historical event,Event not experienced
-0.98,1,0,0,Phenotypic variance,500,8.950899908515368,8.950987344536781,8.329683695960389,9.553923752339825,8.963432289790019,8.950899908515368,After the historical event,Event not experienced
-0.98,1,1,1,Additive genetic variance,500,4.247414016471355,4.0908227427222155,2.2116772981361983,7.08277943098369,4.047965305286054,4.247414016471355,After the historical event,Event experienced
-0.98,1,1,1,Nuclear-family environmental variance,500,2.3193118505070833,2.2512461815885536,1.3167273557384078,3.7111084880558654,2.25,2.3193118505070833,After the historical event,Event experienced
-0.98,1,1,1,Nonshared environmental variance,500,3.9646051639484106,3.9352495702213206,2.9362060835943327,5.115940065071282,4,3.9646051639484106,After the historical event,Event experienced
-0.98,1,1,1,Phenotypic variance,500,10.53133103092685,10.428615860451318,8.887916321982303,12.733802347267936,10.297965305286054,10.53133103092685,After the historical event,Event experienced
-0.96,0,0,0,Additive genetic variance,500,2.803083577114208,2.7937465643424164,2.078778800594967,3.538738803236252,2.74553062178407,2.803083577114208,Before the historical event,Event not experienced
-0.96,0,0,0,Nuclear-family environmental variance,500,2.2431383361041903,2.2478888501225214,1.6345883098249092,2.837723685606506,2.25,2.2431383361041903,Before the historical event,Event not experienced
-0.96,0,0,0,Nonshared environmental variance,500,3.937085570645161,3.929118815088933,3.4056882118303085,4.459694600959089,4,3.937085570645161,Before the historical event,Event not experienced
-0.96,0,0,0,Phenotypic variance,500,8.983307483863559,8.987349521569355,8.364217398147716,9.582832359947952,8.99553062178407,8.983307483863559,Before the historical event,Event not experienced
-0.96,0,1,0,Additive genetic variance,500,2.803083577114208,2.7937465643424164,2.078778800594967,3.538738803236252,2.74553062178407,2.803083577114208,Before the historical event,Event experienced
-0.96,0,1,0,Nuclear-family environmental variance,500,2.2431383361041903,2.2478888501225214,1.6345883098249092,2.837723685606506,2.25,2.2431383361041903,Before the historical event,Event experienced
-0.96,0,1,0,Nonshared environmental variance,500,3.937085570645161,3.929118815088933,3.4056882118303085,4.459694600959089,4,3.937085570645161,Before the historical event,Event experienced
-0.96,0,1,0,Phenotypic variance,500,8.983307483863559,8.987349521569355,8.364217398147716,9.582832359947952,8.99553062178407,8.983307483863559,Before the historical event,Event experienced
-0.96,1,0,0,Additive genetic variance,500,2.803083577114208,2.7937465643424164,2.078778800594967,3.538738803236252,2.74553062178407,2.803083577114208,After the historical event,Event not experienced
-0.96,1,0,0,Nuclear-family environmental variance,500,2.2431383361041903,2.2478888501225214,1.6345883098249092,2.837723685606506,2.25,2.2431383361041903,After the historical event,Event not experienced
-0.96,1,0,0,Nonshared environmental variance,500,3.937085570645161,3.929118815088933,3.4056882118303085,4.459694600959089,4,3.937085570645161,After the historical event,Event not experienced
-0.96,1,0,0,Phenotypic variance,500,8.983307483863559,8.987349521569355,8.364217398147716,9.582832359947952,8.99553062178407,8.983307483863559,After the historical event,Event not experienced
-0.96,1,1,1,Additive genetic variance,500,4.295929700421512,4.133944702335178,2.2329558042660675,7.145185357644321,4.095850389707868,4.295929700421512,After the historical event,Event experienced
-0.96,1,1,1,Nuclear-family environmental variance,500,2.3189755973784005,2.2516279073223453,1.3199681237092455,3.703799546512048,2.25,2.3189755973784005,After the historical event,Event experienced
-0.96,1,1,1,Nonshared environmental variance,500,3.9649936377447204,3.9359766250576156,2.942953748707647,5.1164922234828865,4,3.9649936377447204,After the historical event,Event experienced
-0.96,1,1,1,Phenotypic variance,500,10.579898935544632,10.467733131761136,8.91939089767019,12.803941945793316,10.345850389707868,10.579898935544632,After the historical event,Event experienced
-0.94,0,0,0,Additive genetic variance,500,2.8348792317212985,2.823808796057952,2.114621837165899,3.574836463087215,2.7775642126210935,2.8348792317212985,Before the historical event,Event not experienced
-0.94,0,0,0,Nuclear-family environmental variance,500,2.243098678945277,2.2481344766741054,1.6393400074807007,2.8362328457130657,2.25,2.243098678945277,Before the historical event,Event not experienced
-0.94,0,0,0,Nonshared environmental variance,500,3.9376739820134206,3.9295783909585182,3.4135640825424938,4.45493095348189,4,3.9376739820134206,Before the historical event,Event not experienced
-0.94,0,0,0,Phenotypic variance,500,9.015651892679996,9.019260677761608,8.398969438599476,9.611602568126617,9.027564212621094,9.015651892679996,Before the historical event,Event not experienced
-0.94,0,1,0,Additive genetic variance,500,2.8348792317212985,2.823808796057952,2.114621837165899,3.574836463087215,2.7775642126210935,2.8348792317212985,Before the historical event,Event experienced
-0.94,0,1,0,Nuclear-family environmental variance,500,2.243098678945277,2.2481344766741054,1.6393400074807007,2.8362328457130657,2.25,2.243098678945277,Before the historical event,Event experienced
-0.94,0,1,0,Nonshared environmental variance,500,3.9376739820134206,3.9295783909585182,3.4135640825424938,4.45493095348189,4,3.9376739820134206,Before the historical event,Event experienced
-0.94,0,1,0,Phenotypic variance,500,9.015651892679996,9.019260677761608,8.398969438599476,9.611602568126617,9.027564212621094,9.015651892679996,Before the historical event,Event experienced
-0.94,1,0,0,Additive genetic variance,500,2.8348792317212985,2.823808796057952,2.114621837165899,3.574836463087215,2.7775642126210935,2.8348792317212985,After the historical event,Event not experienced
-0.94,1,0,0,Nuclear-family environmental variance,500,2.243098678945277,2.2481344766741054,1.6393400074807007,2.8362328457130657,2.25,2.243098678945277,After the historical event,Event not experienced
-0.94,1,0,0,Nonshared environmental variance,500,3.9376739820134206,3.9295783909585182,3.4135640825424938,4.45493095348189,4,3.9376739820134206,After the historical event,Event not experienced
-0.94,1,0,0,Phenotypic variance,500,9.015651892679996,9.019260677761608,8.398969438599476,9.611602568126617,9.027564212621094,9.015651892679996,After the historical event,Event not experienced
-0.94,1,1,1,Additive genetic variance,500,4.344326104148016,4.176728503963445,2.2542248131318288,7.2093216974769465,4.143638891672675,4.344326104148016,After the historical event,Event experienced
-0.94,1,1,1,Nuclear-family environmental variance,500,2.318642493163617,2.2521698723817014,1.323215905849096,3.696634764575952,2.25,2.318642493163617,After the historical event,Event experienced
-0.94,1,1,1,Nonshared environmental variance,500,3.965382082666393,3.936698771205197,2.9459368094065086,5.116990391949756,4,3.965382082666393,After the historical event,Event experienced
-0.94,1,1,1,Phenotypic variance,500,10.628350679978027,10.509290469521959,8.959458496143341,12.873590203683353,10.393638891672676,10.628350679978027,After the historical event,Event experienced
-0.9199999999999999,0,0,0,Additive genetic variance,500,2.8665954436332872,2.857943171247944,2.1447356470258,3.611133598420933,2.809521997206206,2.8665954436332872,Before the historical event,Event not experienced
-0.9199999999999999,0,0,0,Nuclear-family environmental variance,500,2.243063738758339,2.2468472089690663,1.6453395845281205,2.8339905854048064,2.25,2.243063738758339,Before the historical event,Event not experienced
-0.9199999999999999,0,0,0,Nonshared environmental variance,500,3.938262865901474,3.929957429502454,3.421418913004806,4.451680627660959,4,3.938262865901474,Before the historical event,Event not experienced
-0.9199999999999999,0,0,0,Phenotypic variance,500,9.0479220482931,9.050607337263699,8.433927466322535,9.639468933299975,9.059521997206206,9.0479220482931,Before the historical event,Event not experienced
-0.9199999999999999,0,1,0,Additive genetic variance,500,2.8665954436332872,2.857943171247944,2.1447356470258,3.611133598420933,2.809521997206206,2.8665954436332872,Before the historical event,Event experienced
-0.9199999999999999,0,1,0,Nuclear-family environmental variance,500,2.243063738758339,2.2468472089690663,1.6453395845281205,2.8339905854048064,2.25,2.243063738758339,Before the historical event,Event experienced
-0.9199999999999999,0,1,0,Nonshared environmental variance,500,3.938262865901474,3.929957429502454,3.421418913004806,4.451680627660959,4,3.938262865901474,Before the historical event,Event experienced
-0.9199999999999999,0,1,0,Phenotypic variance,500,9.0479220482931,9.050607337263699,8.433927466322535,9.639468933299975,9.059521997206206,9.0479220482931,Before the historical event,Event experienced
-0.9199999999999999,1,0,0,Additive genetic variance,500,2.8665954436332872,2.857943171247944,2.1447356470258,3.611133598420933,2.809521997206206,2.8665954436332872,After the historical event,Event not experienced
-0.9199999999999999,1,0,0,Nuclear-family environmental variance,500,2.243063738758339,2.2468472089690663,1.6453395845281205,2.8339905854048064,2.25,2.243063738758339,After the historical event,Event not experienced
-0.9199999999999999,1,0,0,Nonshared environmental variance,500,3.938262865901474,3.929957429502454,3.421418913004806,4.451680627660959,4,3.938262865901474,After the historical event,Event not experienced
-0.9199999999999999,1,0,0,Phenotypic variance,500,9.0479220482931,9.050607337263699,8.433927466322535,9.639468933299975,9.059521997206206,9.0479220482931,After the historical event,Event not experienced
-0.9199999999999999,1,1,1,Additive genetic variance,500,4.392586256306296,4.226559199692497,2.278772699235314,7.272848869828529,4.191314303998646,4.392586256306296,After the historical event,Event experienced
-0.9199999999999999,1,1,1,Nuclear-family environmental variance,500,2.318312438310247,2.253919880825517,1.3264707120863526,3.6861387653145963,2.25,2.318312438310247,After the historical event,Event experienced
-0.9199999999999999,1,1,1,Nonshared environmental variance,500,3.9657704396343645,3.937356237829495,2.94839474113373,5.117434514681486,4,3.9657704396343645,After the historical event,Event experienced
-0.9199999999999999,1,1,1,Phenotypic variance,500,10.676669134250908,10.550332250532136,8.9995551770649591,12.94271800604833,10.441314303998645,10.676669134250908,After the historical event,Event experienced
-0.8999999999999999,0,0,0,Additive genetic variance,500,2.8982211850831106,2.8922542502169524,2.1748727430686836,3.644361787370385,2.8413928188367095,2.8982211850831106,Before the historical event,Event not experienced
-0.8999999999999999,0,0,0,Nuclear-family environmental variance,500,2.243033421950158,2.247533499389985,1.6506167803514975,2.829518602459564,2.25,2.243033421950158,Before the historical event,Event not experienced
-0.8999999999999999,0,0,0,Nonshared environmental variance,500,3.9388521644230985,3.9283938563280776,3.429252477531012,4.448418235398291,4,3.9388521644230985,Before the historical event,Event not experienced
-0.8999999999999999,0,0,0,Phenotypic variance,500,9.080106771456366,9.082339222365032,8.468282301020544,9.668681867408182,9.09139281883671,9.080106771456366,Before the historical event,Event not experienced
-0.8999999999999999,0,1,0,Additive genetic variance,500,2.8982211850831106,2.8922542502169524,2.1748727430686836,3.644361787370385,2.8413928188367095,2.8982211850831106,Before the historical event,Event experienced
-0.8999999999999999,0,1,0,Nuclear-family environmental variance,500,2.243033421950158,2.247533499389985,1.6506167803514975,2.829518602459564,2.25,2.243033421950158,Before the historical event,Event experienced
-0.8999999999999999,0,1,0,Nonshared environmental variance,500,3.9388521644230985,3.9283938563280776,3.429252477531012,4.448418235398291,4,3.9388521644230985,Before the historical event,Event experienced
-0.8999999999999999,0,1,0,Phenotypic variance,500,9.080106771456366,9.082339222365032,8.468282301020544,9.668681867408182,9.09139281883671,9.080106771456366,Before the historical event,Event experienced
-0.8999999999999999,1,0,0,Additive genetic variance,500,2.8982211850831106,2.8922542502169524,2.1748727430686836,3.644361787370385,2.8413928188367095,2.8982211850831106,After the historical event,Event not experienced
-0.8999999999999999,1,0,0,Nuclear-family environmental variance,500,2.243033421950158,2.247533499389985,1.6506167803514975,2.829518602459564,2.25,2.243033421950158,After the historical event,Event not experienced
-0.8999999999999999,1,0,0,Nonshared environmental variance,500,3.9388521644230985,3.9283938563280776,3.429252477531012,4.448418235398291,4,3.9388521644230985,After the historical event,Event not experienced
-0.8999999999999999,1,0,0,Phenotypic variance,500,9.080106771456366,9.082339222365032,8.468282301020544,9.668681867408182,9.09139281883671,9.080106771456366,After the historical event,Event not experienced
-0.8999999999999999,1,1,1,Additive genetic variance,500,4.44069304765989,4.269325641292161,2.3069467186390384,7.335740617909009,4.23885998284115,4.44069304765989,After the historical event,Event experienced
-0.8999999999999999,1,1,1,Nuclear-family environmental variance,500,2.3179853341940264,2.2585174901575367,1.3297325523994457,3.6753645626539893,2.25,2.3179853341940264,After the historical event,Event experienced
-0.8999999999999999,1,1,1,Nonshared environmental variance,500,3.9661586500647252,3.936859336133952,2.9508635691294374,5.117824537968509,4,3.9661586500647252,After the historical event,Event experienced
-0.8999999999999999,1,1,1,Phenotypic variance,500,10.724837031918641,10.586395931895234,9.039669169593244,13.011296235294328,10.48885998284115,10.724837031918641,After the historical event,Event experienced
-0.8799999999999999,0,0,0,Additive genetic variance,500,2.9297453404237555,2.921580028324021,2.2050221280461217,3.6682247683117657,2.8731654353285574,2.9297453404237555,Before the historical event,Event not experienced
-0.8799999999999999,0,0,0,Nuclear-family environmental variance,500,2.2430076357637847,2.24684956080726,1.656377332275504,2.8248157362196276,2.25,2.2430076357637847,Before the historical event,Event not experienced
-0.8799999999999999,0,0,0,Nonshared environmental variance,500,3.9394418201754062,3.925345174343284,3.4370645507392372,4.445540029210657,4,3.9394418201754062,Before the historical event,Event not experienced
-0.8799999999999999,0,0,0,Phenotypic variance,500,9.112194796362946,9.112295420419475,8.499234188820513,9.696967912251402,9.123165435328557,9.112194796362946,Before the historical event,Event not experienced
-0.8799999999999999,0,1,0,Additive genetic variance,500,2.9297453404237555,2.921580028324021,2.2050221280461217,3.6682247683117657,2.8731654353285574,2.9297453404237555,Before the historical event,Event experienced
-0.8799999999999999,0,1,0,Nuclear-family environmental variance,500,2.2430076357637847,2.24684956080726,1.656377332275504,2.8248157362196276,2.25,2.2430076357637847,Before the historical event,Event experienced
-0.8799999999999999,0,1,0,Nonshared environmental variance,500,3.9394418201754062,3.925345174343284,3.4370645507392372,4.445540029210657,4,3.9394418201754062,Before the historical event,Event experienced
-0.8799999999999999,0,1,0,Phenotypic variance,500,9.112194796362946,9.112295420419475,8.499234188820513,9.696967912251402,9.123165435328557,9.112194796362946,Before the historical event,Event experienced
-0.8799999999999999,1,0,0,Additive genetic variance,500,2.9297453404237555,2.921580028324021,2.2050221280461217,3.6682247683117657,2.8731654353285574,2.9297453404237555,After the historical event,Event not experienced
-0.8799999999999999,1,0,0,Nuclear-family environmental variance,500,2.2430076357637847,2.24684956080726,1.656377332275504,2.8248157362196276,2.25,2.2430076357637847,After the historical event,Event not experienced
-0.8799999999999999,1,0,0,Nonshared environmental variance,500,3.9394418201754062,3.925345174343284,3.4370645507392372,4.445540029210657,4,3.9394418201754062,After the historical event,Event not experienced
-0.8799999999999999,1,0,0,Phenotypic variance,500,9.112194796362946,9.112295420419475,8.499234188820513,9.696967912251402,9.123165435328557,9.112194796362946,After the historical event,Event not experienced
-0.8799999999999999,1,1,1,Additive genetic variance,500,4.488629240619124,4.3126147105440396,2.335142047469928,7.397970765419674,4.286259156832373,4.488629240619124,After the historical event,Event experienced
-0.8799999999999999,1,1,1,Nuclear-family environmental variance,500,2.3176610831204436,2.258411583944226,1.333001436817451,3.6646482136373915,2.25,2.3176610831204436,After the historical event,Event experienced
-0.8799999999999999,1,1,1,Nonshared environmental variance,500,3.9665466558693954,3.9381185448161107,2.953343314960285,5.1181604101873575,4,3.9665466558693954,After the historical event,Event experienced
-0.8799999999999999,1,1,1,Phenotypic variance,500,10.772836979608963,10.628428602496307,9.079541678911866,13.079295790970527,10.536259156832372,10.772836979608963,After the historical event,Event experienced
-0.8599999999999999,0,0,0,Additive genetic variance,500,2.9611567122881497,2.955980066851239,2.2351586203919256,3.692374507893123,2.904828525281583,2.9611567122881497,Before the historical event,Event not experienced
-0.8599999999999999,0,0,0,Nuclear-family environmental variance,500,2.2429862882797464,2.247754569642802,1.6623623323748742,2.820128883578925,2.25,2.2429862882797464,Before the historical event,Event not experienced
-0.8599999999999999,0,0,0,Nonshared environmental variance,500,3.940031776239546,3.921931288396376,3.4453117349151805,4.443584755826935,4,3.940031776239546,Before the historical event,Event not experienced
-0.8599999999999999,0,0,0,Phenotypic variance,500,9.144174776807443,9.14162271011425,8.529858861953667,9.725069479115486,9.154828525281584,9.144174776807443,Before the historical event,Event not experienced
-0.8599999999999999,0,1,0,Additive genetic variance,500,2.9611567122881497,2.955980066851239,2.2351586203919256,3.692374507893123,2.904828525281583,2.9611567122881497,Before the historical event,Event experienced
-0.8599999999999999,0,1,0,Nuclear-family environmental variance,500,2.2429862882797464,2.247754569642802,1.6623623323748742,2.820128883578925,2.25,2.2429862882797464,Before the historical event,Event experienced
-0.8599999999999999,0,1,0,Nonshared environmental variance,500,3.940031776239546,3.921931288396376,3.4453117349151805,4.443584755826935,4,3.940031776239546,Before the historical event,Event experienced
-0.8599999999999999,0,1,0,Phenotypic variance,500,9.144174776807443,9.14162271011425,8.529858861953667,9.725069479115486,9.154828525281584,9.144174776807443,Before the historical event,Event experienced
-0.8599999999999999,1,0,0,Additive genetic variance,500,2.9611567122881497,2.955980066851239,2.2351586203919256,3.692374507893123,2.904828525281583,2.9611567122881497,After the historical event,Event not experienced
-0.8599999999999999,1,0,0,Nuclear-family environmental variance,500,2.2429862882797464,2.247754569642802,1.6623623323748742,2.820128883578925,2.25,2.2429862882797464,After the historical event,Event not experienced
-0.8599999999999999,1,0,0,Nonshared environmental variance,500,3.940031776239546,3.921931288396376,3.4453117349151805,4.443584755826935,4,3.940031776239546,After the historical event,Event not experienced
-0.8599999999999999,1,0,0,Phenotypic variance,500,9.144174776807443,9.14162271011425,8.529858861953667,9.725069479115486,9.154828525281584,9.144174776807443,After the historical event,Event not experienced
-0.8599999999999999,1,1,1,Additive genetic variance,500,4.53637747900477,4.353587686565886,2.3633507912474783,7.459513234450114,4.333494936427934,4.53637747900477,After the historical event,Event experienced
-0.8599999999999999,1,1,1,Nuclear-family environmental variance,500,2.3173395883263086,2.257434887391043,1.3362773754207005,3.6559122333784932,2.25,2.3173395883263086,After the historical event,Event experienced
-0.8599999999999999,1,1,1,Nonshared environmental variance,500,3.9669343994568065,3.938031996675651,2.955834000325542,5.118662240895049,4,3.9669343994568065,After the historical event,Event experienced
-0.8599999999999999,1,1,1,Phenotypic variance,500,10.820651466787885,10.672439100324931,9.112002381625881,13.146687609792647,10.583494936427934,10.820651466787885,After the historical event,Event experienced
-0.8399999999999999,0,0,0,Additive genetic variance,500,2.9924440278919486,2.9881498274859206,2.265235644460952,3.716547016945247,2.9363706944790016,2.9924440278919486,Before the historical event,Event not experienced
-0.8399999999999999,0,0,0,Nuclear-family environmental variance,500,2.2429692884172994,2.248250835543317,1.6670518980177182,2.8171853958802595,2.25,2.2429692884172994,Before the historical event,Event not experienced
-0.8399999999999999,0,0,0,Nonshared environmental variance,500,3.9406219761814127,3.9211574057187875,3.4536304195841607,4.442149085302593,4,3.9406219761814127,Before the historical event,Event not experienced
-0.8399999999999999,0,0,0,Phenotypic variance,500,9.17603529249066,9.170652678339984,8.560461744097811,9.752974989595756,9.186370694479002,9.17603529249066,Before the historical event,Event not experienced
-0.8399999999999999,0,1,0,Additive genetic variance,500,2.9924440278919486,2.9881498274859206,2.265235644460952,3.716547016945247,2.9363706944790016,2.9924440278919486,Before the historical event,Event experienced
-0.8399999999999999,0,1,0,Nuclear-family environmental variance,500,2.2429692884172994,2.248250835543317,1.6670518980177182,2.8171853958802595,2.25,2.2429692884172994,Before the historical event,Event experienced
-0.8399999999999999,0,1,0,Nonshared environmental variance,500,3.9406219761814127,3.9211574057187875,3.4536304195841607,4.442149085302593,4,3.9406219761814127,Before the historical event,Event experienced
-0.8399999999999999,0,1,0,Phenotypic variance,500,9.17603529249066,9.170652678339984,8.560461744097811,9.752974989595756,9.186370694479002,9.17603529249066,Before the historical event,Event experienced
-0.8399999999999999,1,0,0,Additive genetic variance,500,2.9924440278919486,2.9881498274859206,2.265235644460952,3.716547016945247,2.9363706944790016,2.9924440278919486,After the historical event,Event not experienced
-0.8399999999999999,1,0,0,Nuclear-family environmental variance,500,2.2429692884172994,2.248250835543317,1.6670518980177182,2.8171853958802595,2.25,2.2429692884172994,After the historical event,Event not experienced
-0.8399999999999999,1,0,0,Nonshared environmental variance,500,3.9406219761814127,3.9211574057187875,3.4536304195841607,4.442149085302593,4,3.9406219761814127,After the historical event,Event not experienced
-0.8399999999999999,1,0,0,Phenotypic variance,500,9.17603529249066,9.170652678339984,8.560461744097811,9.752974989595756,9.186370694479002,9.17603529249066,After the historical event,Event not experienced
-0.8399999999999999,1,1,1,Additive genetic variance,500,4.583920298029738,4.404398915029111,2.39143411390354,7.52034206345119,4.380550323453823,4.583920298029738,After the historical event,Event experienced
-0.8399999999999999,1,1,1,Nuclear-family environmental variance,500,2.3170207539813585,2.2538863770699953,1.3395603783413998,3.6490648786611017,2.25,2.3170207539813585,After the historical event,Event experienced
-0.8399999999999999,1,1,1,Nonshared environmental variance,500,3.9673218237325885,3.9393192291115304,2.9598170633945076,5.116154154574717,4,3.9673218237325885,After the historical event,Event experienced
-0.8399999999999999,1,1,1,Phenotypic variance,500,10.868262875743685,10.721986976780713,9.143274724370293,13.21344268582369,10.630550323453823,10.868262875743685,After the historical event,Event experienced
-0.8199999999999998,0,0,0,Additive genetic variance,500,3.0235959454747374,3.0192471860790384,2.2952903091568126,3.747714708721965,2.9677804824165177,3.0235959454747374,Before the historical event,Event not experienced
-0.8199999999999998,0,0,0,Nuclear-family environmental variance,500,2.24295654593574,2.2445204754081476,1.6699200419421163,2.8162761304293134,2.25,2.24295654593574,Before the historical event,Event not experienced
-0.8199999999999998,0,0,0,Nonshared environmental variance,500,3.941212364052362,3.922073767366551,3.4618826490707173,4.437250762245545,4,3.941212364052362,Before the historical event,Event not experienced
-0.8199999999999998,0,0,0,Phenotypic variance,500,9.20776485546284,9.200561838180139,8.591046834948187,9.780689310844068,9.217780482416519,9.20776485546284,Before the historical event,Event not experienced
-0.8199999999999998,0,1,0,Additive genetic variance,500,3.0235959454747374,3.0192471860790384,2.2952903091568126,3.747714708721965,2.9677804824165177,3.0235959454747374,Before the historical event,Event experienced
-0.8199999999999998,0,1,0,Nuclear-family environmental variance,500,2.24295654593574,2.2445204754081476,1.6699200419421163,2.8162761304293134,2.25,2.24295654593574,Before the historical event,Event experienced
-0.8199999999999998,0,1,0,Nonshared environmental variance,500,3.941212364052362,3.922073767366551,3.4618826490707173,4.437250762245545,4,3.941212364052362,Before the historical event,Event experienced
-0.8199999999999998,0,1,0,Phenotypic variance,500,9.20776485546284,9.200561838180139,8.591046834948187,9.780689310844068,9.217780482416519,9.20776485546284,Before the historical event,Event experienced
-0.8199999999999998,1,0,0,Additive genetic variance,500,3.0235959454747374,3.0192471860790384,2.2952903091568126,3.747714708721965,2.9677804824165177,3.0235959454747374,After the historical event,Event not experienced
-0.8199999999999998,1,0,0,Nuclear-family environmental variance,500,2.24295654593574,2.2445204754081476,1.6699200419421163,2.8162761304293134,2.25,2.24295654593574,After the historical event,Event not experienced
-0.8199999999999998,1,0,0,Nonshared environmental variance,500,3.941212364052362,3.922073767366551,3.4618826490707173,4.437250762245545,4,3.941212364052362,After the historical event,Event not experienced
-0.8199999999999998,1,0,0,Phenotypic variance,500,9.20776485546284,9.200561838180139,8.591046834948187,9.780689310844068,9.217780482416519,9.20776485546284,After the historical event,Event not experienced
-0.8199999999999998,1,1,1,Additive genetic variance,500,4.631240134491501,4.450835505091296,2.419313093512409,7.580431425267019,4.427408220846685,4.631240134491501,After the historical event,Event experienced
-0.8199999999999998,1,1,1,Nuclear-family environmental variance,500,2.3167044851899026,2.2518886565529366,1.342639693464365,3.6422028013829433,2.25,2.3167044851899026,After the historical event,Event experienced
-0.8199999999999998,1,1,1,Nonshared environmental variance,500,3.9677088721002645,3.940662419724891,2.9647423954638548,5.112345894174478,4,3.9677088721002645,After the historical event,Event experienced
-0.8199999999999998,1,1,1,Phenotypic variance,500,10.915653491781667,10.765737380337086,9.174518024290258,13.27953209079271,10.677408220846685,10.915653491781667,After the historical event,Event experienced
-0.7999999999999998,0,0,0,Additive genetic variance,500,3.054601060874946,3.056349581630095,2.325311053175233,3.777186468028966,2.9990463689561655,3.054601060874946,Before the historical event,Event not experienced
-0.7999999999999998,0,0,0,Nuclear-family environmental variance,500,2.2429479714357616,2.245311299660106,1.6727918336055763,2.813175150257718,2.25,2.2429479714357616,Before the historical event,Event not experienced
-0.7999999999999998,0,0,0,Nonshared environmental variance,500,3.9418028843899333,3.925096031815986,3.46812628602468,4.432479765525655,4,3.9418028843899333,Before the historical event,Event not experienced
-0.7999999999999998,0,0,0,Phenotypic variance,500,9.23935191670064,9.229844485991384,8.621603499298228,9.807727253742478,9.249046368956165,9.23935191670064,Before the historical event,Event not experienced
-0.7999999999999998,0,1,0,Additive genetic variance,500,3.054601060874946,3.056349581630095,2.325311053175233,3.777186468028966,2.9990463689561655,3.054601060874946,Before the historical event,Event experienced
-0.7999999999999998,0,1,0,Nuclear-family environmental variance,500,2.2429479714357616,2.245311299660106,1.6727918336055763,2.813175150257718,2.25,2.2429479714357616,Before the historical event,Event experienced
-0.7999999999999998,0,1,0,Nonshared environmental variance,500,3.9418028843899333,3.925096031815986,3.46812628602468,4.432479765525655,4,3.9418028843899333,Before the historical event,Event experienced
-0.7999999999999998,0,1,0,Phenotypic variance,500,9.23935191670064,9.229844485991384,8.621603499298228,9.807727253742478,9.249046368956165,9.23935191670064,Before the historical event,Event experienced
-0.7999999999999998,1,0,0,Additive genetic variance,500,3.054601060874946,3.056349581630095,2.325311053175233,3.777186468028966,2.9990463689561655,3.054601060874946,After the historical event,Event not experienced
-0.7999999999999998,1,0,0,Nuclear-family environmental variance,500,2.2429479714357616,2.245311299660106,1.6727918336055763,2.813175150257718,2.25,2.2429479714357616,After the historical event,Event not experienced
-0.7999999999999998,1,0,0,Nonshared environmental variance,500,3.9418028843899333,3.925096031815986,3.46812628602468,4.432479765525655,4,3.9418028843899333,After the historical event,Event not experienced
-0.7999999999999998,1,0,0,Phenotypic variance,500,9.23935191670064,9.229844485991384,8.621603499298228,9.807727253742478,9.249046368956165,9.23935191670064,After the historical event,Event not experienced
-0.7999999999999998,1,1,1,Additive genetic variance,500,4.678319337167608,4.501491905806036,2.4471785932103964,7.639755645208645,4.474051442580182,4.678319337167608,After the historical event,Event experienced
-0.7999999999999998,1,1,1,Nuclear-family environmental variance,500,2.3163906879924996,2.251180543277626,1.3448736364342695,3.635326131449098,2.25,2.3163906879924996,After the historical event,Event experienced
-0.7999999999999998,1,1,1,Nonshared environmental variance,500,3.968095488461944,3.938690156727921,2.9695173541635245,5.108631613750917,4,3.968095488461944,After the historical event,Event experienced
-0.7999999999999998,1,1,1,Phenotypic variance,500,10.962805513622051,10.810234532639612,9.205635170847291,13.344926994532077,10.724051442580182,10.962805513622051,After the historical event,Event experienced
-0.7799999999999998,0,0,0,Additive genetic variance,500,3.0854479142335576,3.0876152351342236,2.355286181783308,3.806864921798211,3.0301567810998145,3.0854479142335576,Before the historical event,Event not experienced
-0.7799999999999998,0,0,0,Nuclear-family environmental variance,500,2.242943476360859,2.247300691699994,1.6758630483201093,2.8102852038146233,2.25,2.242943476360859,Before the historical event,Event not experienced
-0.7799999999999998,0,0,0,Nonshared environmental variance,500,3.942393482218574,3.9276694371873218,3.475700353507346,4.42872798150266,4,3.942393482218574,Before the historical event,Event not experienced
-0.7799999999999998,0,0,0,Phenotypic variance,500,9.27078487281299,9.258602066409512,8.654425323860954,9.83546258485839,9.280156781099814,9.27078487281299,Before the historical event,Event not experienced
-0.7799999999999998,0,1,0,Additive genetic variance,500,3.0854479142335576,3.0876152351342236,2.355286181783308,3.806864921798211,3.0301567810998145,3.0854479142335576,Before the historical event,Event experienced
-0.7799999999999998,0,1,0,Nuclear-family environmental variance,500,2.242943476360859,2.247300691699994,1.6758630483201093,2.8102852038146233,2.25,2.242943476360859,Before the historical event,Event experienced
-0.7799999999999998,0,1,0,Nonshared environmental variance,500,3.942393482218574,3.9276694371873218,3.475700353507346,4.42872798150266,4,3.942393482218574,Before the historical event,Event experienced
-0.7799999999999998,0,1,0,Phenotypic variance,500,9.27078487281299,9.258602066409512,8.654425323860954,9.83546258485839,9.280156781099814,9.27078487281299,Before the historical event,Event experienced
-0.7799999999999998,1,0,0,Additive genetic variance,500,3.0854479142335576,3.0876152351342236,2.355286181783308,3.806864921798211,3.0301567810998145,3.0854479142335576,After the historical event,Event not experienced
-0.7799999999999998,1,0,0,Nuclear-family environmental variance,500,2.242943476360859,2.247300691699994,1.6758630483201093,2.8102852038146233,2.25,2.242943476360859,After the historical event,Event not experienced
-0.7799999999999998,1,0,0,Nonshared environmental variance,500,3.942393482218574,3.9276694371873218,3.475700353507346,4.42872798150266,4,3.942393482218574,After the historical event,Event not experienced
-0.7799999999999998,1,0,0,Phenotypic variance,500,9.27078487281299,9.258602066409512,8.654425323860954,9.83546258485839,9.280156781099814,9.27078487281299,After the historical event,Event not experienced
-0.7799999999999998,1,1,1,Additive genetic variance,500,4.725140177406297,4.551631020609005,2.4750224993402843,7.698289219151984,4.520462723769875,4.725140177406297,After the historical event,Event experienced
-0.7799999999999998,1,1,1,Nuclear-family environmental variance,500,2.316079269367673,2.250599355406913,1.346922000930178,3.6284349992166556,2.25,2.316079269367673,After the historical event,Event experienced
-0.7799999999999998,1,1,1,Nonshared environmental variance,500,3.9684816172190294,3.9371069953550784,2.9742590686160115,5.104932194495783,4,3.9684816172190294,After the historical event,Event experienced
-0.7799999999999998,1,1,1,Phenotypic variance,500,11.009701063993,10.857495479962203,9.236670383327468,13.406157099563497,10.770462723769874,11.009701063993,After the historical event,Event experienced
-0.7599999999999998,0,0,0,Additive genetic variance,500,3.1161249968214872,3.119755525600243,2.385203873840762,3.8364265647303313,3.0611000998770814,3.1161249968214872,Before the historical event,Event not experienced
-0.7599999999999998,0,0,0,Nuclear-family environmental variance,500,2.2429429729987858,2.2510851043694364,1.6795725488267808,2.8076361727771375,2.25,2.2429429729987858,Before the historical event,Event not experienced
-0.7599999999999998,0,0,0,Nonshared environmental variance,500,3.9429841030503763,3.927818791301023,3.4804166129513465,4.4249704950280515,4,3.9429841030503763,Before the historical event,Event not experienced
-0.7599999999999998,0,0,0,Phenotypic variance,500,9.30205207287065,9.289167658637247,8.688581860294313,9.862711649937886,9.31110009987708,9.30205207287065,Before the historical event,Event not experienced
-0.7599999999999998,0,1,0,Additive genetic variance,500,3.1161249968214872,3.119755525600243,2.385203873840762,3.8364265647303313,3.0611000998770814,3.1161249968214872,Before the historical event,Event experienced
-0.7599999999999998,0,1,0,Nuclear-family environmental variance,500,2.2429429729987858,2.2510851043694364,1.6795725488267808,2.8076361727771375,2.25,2.2429429729987858,Before the historical event,Event experienced
-0.7599999999999998,0,1,0,Nonshared environmental variance,500,3.9429841030503763,3.927818791301023,3.4804166129513465,4.4249704950280515,4,3.9429841030503763,Before the historical event,Event experienced
-0.7599999999999998,0,1,0,Phenotypic variance,500,9.30205207287065,9.289167658637247,8.688581860294313,9.862711649937886,9.31110009987708,9.30205207287065,Before the historical event,Event experienced
-0.7599999999999998,1,0,0,Additive genetic variance,500,3.1161249968214872,3.119755525600243,2.385203873840762,3.8364265647303313,3.0611000998770814,3.1161249968214872,After the historical event,Event not experienced
-0.7599999999999998,1,0,0,Nuclear-family environmental variance,500,2.2429429729987858,2.2510851043694364,1.6795725488267808,2.8076361727771375,2.25,2.2429429729987858,After the historical event,Event not experienced
-0.7599999999999998,1,0,0,Nonshared environmental variance,500,3.9429841030503763,3.927818791301023,3.4804166129513465,4.4249704950280515,4,3.9429841030503763,After the historical event,Event not experienced
-0.7599999999999998,1,0,0,Phenotypic variance,500,9.30205207287065,9.289167658637247,8.688581860294313,9.862711649937886,9.31110009987708,9.30205207287065,After the historical event,Event not experienced
-0.7599999999999998,1,1,1,Additive genetic variance,500,4.77168485990391,4.597333462819939,2.5028366105261646,7.756006831642369,4.56662473094879,4.77168485990391,After the historical event,Event experienced
-0.7599999999999998,1,1,1,Nuclear-family environmental variance,500,2.315770137233655,2.248674907493962,1.3484378420858019,3.621529535487227,2.25,2.315770137233655,After the historical event,Event experienced
-0.7599999999999998,1,1,1,Nonshared environmental variance,500,3.96886720327292,3.935547295384301,2.978828898981826,5.101211122808102,4,3.96886720327292,After the historical event,Event experienced
-0.7599999999999998,1,1,1,Phenotypic variance,500,11.056322200410486,10.912117930526556,9.267643296695354,13.459188148443172,10.81662473094879,11.056322200410486,After the historical event,Event experienced
-0.7399999999999998,0,0,0,Additive genetic variance,500,3.1466207579852834,3.1506104799477077,2.415027547336912,3.862564830759021,3.0918646673422097,3.1466207579852834,Before the historical event,Event not experienced
-0.7399999999999998,0,0,0,Nuclear-family environmental variance,500,2.2429463744830533,2.2518845441373467,1.6832875426926543,2.803965817506536,2.25,2.2429463744830533,Before the historical event,Event not experienced
-0.7399999999999998,0,0,0,Nonshared environmental variance,500,3.943574692885812,3.930368902038338,3.482959634303559,4.4211685283764535,4,3.943574692885812,Before the historical event,Event not experienced
-0.7399999999999998,0,0,0,Phenotypic variance,500,9.333141825354149,9.323118010346699,8.722733239161677,9.894110862636282,9.34186466734221,9.333141825354149,Before the historical event,Event not experienced
-0.7399999999999998,0,1,0,Additive genetic variance,500,3.1466207579852834,3.1506104799477077,2.415027547336912,3.862564830759021,3.0918646673422097,3.1466207579852834,Before the historical event,Event experienced
-0.7399999999999998,0,1,0,Nuclear-family environmental variance,500,2.2429463744830533,2.2518845441373467,1.6832875426926543,2.803965817506536,2.25,2.2429463744830533,Before the historical event,Event experienced
-0.7399999999999998,0,1,0,Nonshared environmental variance,500,3.943574692885812,3.930368902038338,3.482959634303559,4.4211685283764535,4,3.943574692885812,Before the historical event,Event experienced
-0.7399999999999998,0,1,0,Phenotypic variance,500,9.333141825354149,9.323118010346699,8.722733239161677,9.894110862636282,9.34186466734221,9.333141825354149,Before the historical event,Event experienced
-0.7399999999999998,1,0,0,Additive genetic variance,500,3.1466207579852834,3.1506104799477077,2.415027547336912,3.862564830759021,3.0918646673422097,3.1466207579852834,After the historical event,Event not experienced
-0.7399999999999998,1,0,0,Nuclear-family environmental variance,500,2.2429463744830533,2.2518845441373467,1.6832875426926543,2.803965817506536,2.25,2.2429463744830533,After the historical event,Event not experienced
-0.7399999999999998,1,0,0,Nonshared environmental variance,500,3.943574692885812,3.930368902038338,3.482959634303559,4.4211685283764535,4,3.943574692885812,After the historical event,Event not experienced
-0.7399999999999998,1,0,0,Phenotypic variance,500,9.333141825354149,9.323118010346699,8.722733239161677,9.894110862636282,9.34186466734221,9.333141825354149,After the historical event,Event not experienced
-0.7399999999999998,1,1,1,Additive genetic variance,500,4.817935533660464,4.637608926224681,2.530612641400494,7.812883373987939,4.612520072505519,4.817935533660464,After the historical event,Event experienced
-0.7399999999999998,1,1,1,Nuclear-family environmental variance,500,2.3154632004501674,2.2465092936192796,1.3510253157877088,3.614310320815523,2.25,2.3154632004501674,After the historical event,Event experienced
-0.7399999999999998,1,1,1,Nonshared environmental variance,500,3.969252192025724,3.9340110110177458,2.981678845014012,5.097468444244759,4,3.969252192025724,After the historical event,Event experienced
-0.7399999999999998,1,1,1,Phenotypic variance,500,11.102650926136356,10.962121190861822,9.302553566825793,13.511391250933517,10.862520072505518,11.102650926136356,After the historical event,Event experienced
-0.7199999999999998,0,0,0,Additive genetic variance,500,3.1769236122056275,3.185690818979901,2.445412873887586,3.8905419018854497,3.122438793674298,3.1769236122056275,Before the historical event,Event not experienced
-0.7199999999999998,0,0,0,Nuclear-family environmental variance,500,2.242953594794479,2.2504179037897996,1.688034413352466,2.799030121294396,2.25,2.242953594794479,Before the historical event,Event not experienced
-0.7199999999999998,0,0,0,Nonshared environmental variance,500,3.94416519821448,3.9338415086408363,3.484372085488826,4.4144816668696,4,3.94416519821448,Before the historical event,Event not experienced
-0.7199999999999998,0,0,0,Phenotypic variance,500,9.364042405214587,9.355166120977476,8.756868244238941,9.91855396548522,9.372438793674299,9.364042405214587,Before the historical event,Event not experienced
-0.7199999999999998,0,1,0,Additive genetic variance,500,3.1769236122056275,3.185690818979901,2.445412873887586,3.8905419018854497,3.122438793674298,3.1769236122056275,Before the historical event,Event experienced
-0.7199999999999998,0,1,0,Nuclear-family environmental variance,500,2.242953594794479,2.2504179037897996,1.688034413352466,2.799030121294396,2.25,2.242953594794479,Before the historical event,Event experienced
-0.7199999999999998,0,1,0,Nonshared environmental variance,500,3.94416519821448,3.9338415086408363,3.484372085488826,4.4144816668696,4,3.94416519821448,Before the historical event,Event experienced
-0.7199999999999998,0,1,0,Phenotypic variance,500,9.364042405214587,9.355166120977476,8.756868244238941,9.91855396548522,9.372438793674299,9.364042405214587,Before the historical event,Event experienced
-0.7199999999999998,1,0,0,Additive genetic variance,500,3.1769236122056275,3.185690818979901,2.445412873887586,3.8905419018854497,3.122438793674298,3.1769236122056275,After the historical event,Event not experienced
-0.7199999999999998,1,0,0,Nuclear-family environmental variance,500,2.242953594794479,2.2504179037897996,1.688034413352466,2.799030121294396,2.25,2.242953594794479,After the historical event,Event not experienced
-0.7199999999999998,1,0,0,Nonshared environmental variance,500,3.94416519821448,3.9338415086408363,3.484372085488826,4.4144816668696,4,3.94416519821448,After the historical event,Event not experienced
-0.7199999999999998,1,0,0,Phenotypic variance,500,9.364042405214587,9.355166120977476,8.756868244238941,9.91855396548522,9.372438793674299,9.364042405214587,After the historical event,Event not experienced
-0.7199999999999998,1,1,1,Additive genetic variance,500,4.863874303104453,4.681662742427484,2.5590078273478376,7.868893962323907,4.658131309276533,4.863874303104453,After the historical event,Event experienced
-0.7199999999999998,1,1,1,Nuclear-family environmental variance,500,2.3151583688202244,2.244946476787172,1.3530172954080735,3.605758426791387,2.25,2.3151583688202244,After the historical event,Event experienced
-0.7199999999999998,1,1,1,Nonshared environmental variance,500,3.9696365293809732,3.9346312798045533,2.984541625357765,5.093704204675895,4,3.9696365293809732,After the historical event,Event experienced
-0.7199999999999998,1,1,1,Phenotypic variance,500,11.148669201305651,11.002288418023006,9.337913814171564,13.562745452182764,10.908131309276534,11.148669201305651,After the historical event,Event experienced
-0.6999999999999997,0,0,0,Additive genetic variance,500,3.2070219462628806,3.2162618379425716,2.477409377273414,3.919324980245269,3.1528107643750825,3.2070219462628806,Before the historical event,Event not experienced
-0.6999999999999997,0,0,0,Nuclear-family environmental variance,500,2.242964548762776,2.250158048913426,1.6953073341928513,2.7937014975877963,2.25,2.242964548762776,Before the historical event,Event not experienced
-0.6999999999999997,0,0,0,Nonshared environmental variance,500,3.9447555660158513,3.9337895623060284,3.4870691389633874,4.410061870250702,4,3.9447555660158513,Before the historical event,Event not experienced
-0.6999999999999997,0,0,0,Phenotypic variance,500,9.394742061041509,9.38485563660305,8.790975513672679,9.943617463728149,9.402810764375083,9.394742061041509,Before the historical event,Event not experienced
-0.6999999999999997,0,1,0,Additive genetic variance,500,3.2070219462628806,3.2162618379425716,2.477409377273414,3.919324980245269,3.1528107643750825,3.2070219462628806,Before the historical event,Event experienced
-0.6999999999999997,0,1,0,Nuclear-family environmental variance,500,2.242964548762776,2.250158048913426,1.6953073341928513,2.7937014975877963,2.25,2.242964548762776,Before the historical event,Event experienced
-0.6999999999999997,0,1,0,Nonshared environmental variance,500,3.9447555660158513,3.9337895623060284,3.4870691389633874,4.410061870250702,4,3.9447555660158513,Before the historical event,Event experienced
-0.6999999999999997,0,1,0,Phenotypic variance,500,9.394742061041509,9.38485563660305,8.790975513672679,9.943617463728149,9.402810764375083,9.394742061041509,Before the historical event,Event experienced
-0.6999999999999997,1,0,0,Additive genetic variance,500,3.2070219462628806,3.2162618379425716,2.477409377273414,3.919324980245269,3.1528107643750825,3.2070219462628806,After the historical event,Event not experienced
-0.6999999999999997,1,0,0,Nuclear-family environmental variance,500,2.242964548762776,2.250158048913426,1.6953073341928513,2.7937014975877963,2.25,2.242964548762776,After the historical event,Event not experienced
-0.6999999999999997,1,0,0,Nonshared environmental variance,500,3.9447555660158513,3.9337895623060284,3.4870691389633874,4.410061870250702,4,3.9447555660158513,After the historical event,Event not experienced
-0.6999999999999997,1,0,0,Phenotypic variance,500,9.394742061041509,9.38485563660305,8.790975513672679,9.943617463728149,9.402810764375083,9.394742061041509,After the historical event,Event not experienced
-0.6999999999999997,1,1,1,Additive genetic variance,500,4.909483239377609,4.728562212142979,2.5891846499775255,7.9240139556297144,4.703440965283999,4.909483239377609,After the historical event,Event experienced
-0.6999999999999997,1,1,1,Nuclear-family environmental variance,500,2.314855553091975,2.2456423855223524,1.3550281178022012,3.597264376615845,2.25,2.314855553091975,After the historical event,Event experienced
-0.6999999999999997,1,1,1,Nonshared environmental variance,500,3.9700201617443414,3.9343347534251487,2.987417270384812,5.089918450283857,4,3.9700201617443414,After the historical event,Event experienced
-0.6999999999999997,1,1,1,Phenotypic variance,500,11.194358954213925,11.043421892150128,9.373128737427567,13.613230042959561,10.953440965283999,11.194358954213925,After the historical event,Event experienced
-0.6800000000000002,0,0,0,Additive genetic variance,500,3.2369041265037595,3.2502441184035424,2.50077747628596,3.946942244891808,3.1829688475582993,3.2369041265037595,Before the historical event,Event not experienced
-0.6800000000000002,0,0,0,Nuclear-family environmental variance,500,2.242979152068188,2.2499177936910355,1.7025920305707136,2.7867329498269227,2.25,2.242979152068188,Before the historical event,Event not experienced
-0.6800000000000002,0,0,0,Nonshared environmental variance,500,3.9453457437600252,3.934251165666316,3.488525039002533,4.406542201892881,4,3.9453457437600252,Before the historical event,Event not experienced
-0.6800000000000002,0,0,0,Phenotypic variance,500,9.425229022331973,9.411221733677984,8.825043545669017,9.971253358682223,9.4329688475583,9.425229022331973,Before the historical event,Event not experienced
-0.6800000000000002,0,1,0,Additive genetic variance,500,3.2369041265037595,3.2502441184035424,2.50077747628596,3.946942244891808,3.1829688475582993,3.2369041265037595,Before the historical event,Event experienced
-0.6800000000000002,0,1,0,Nuclear-family environmental variance,500,2.242979152068188,2.2499177936910355,1.7025920305707136,2.7867329498269227,2.25,2.242979152068188,Before the historical event,Event experienced
-0.6800000000000002,0,1,0,Nonshared environmental variance,500,3.9453457437600252,3.934251165666316,3.488525039002533,4.406542201892881,4,3.9453457437600252,Before the historical event,Event experienced
-0.6800000000000002,0,1,0,Phenotypic variance,500,9.425229022331973,9.411221733677984,8.825043545669017,9.971253358682223,9.4329688475583,9.425229022331973,Before the historical event,Event experienced
-0.6800000000000002,1,0,0,Additive genetic variance,500,3.2369041265037595,3.2502441184035424,2.50077747628596,3.946942244891808,3.1829688475582993,3.2369041265037595,After the historical event,Event not experienced
-0.6800000000000002,1,0,0,Nuclear-family environmental variance,500,2.242979152068188,2.2499177936910355,1.7025920305707136,2.7867329498269227,2.25,2.242979152068188,After the historical event,Event not experienced
-0.6800000000000002,1,0,0,Nonshared environmental variance,500,3.9453457437600252,3.934251165666316,3.488525039002533,4.406542201892881,4,3.9453457437600252,After the historical event,Event not experienced
-0.6800000000000002,1,0,0,Phenotypic variance,500,9.425229022331973,9.411221733677984,8.825043545669017,9.971253358682223,9.4329688475583,9.425229022331973,After the historical event,Event not experienced
-0.6800000000000002,1,1,1,Additive genetic variance,500,4.954744391770086,4.776561076965022,2.619311577935621,7.978218973680983,4.748431538610243,4.954744391770086,After the historical event,Event experienced
-0.6800000000000002,1,1,1,Nuclear-family environmental variance,500,2.3145546649605646,2.244159587182115,1.3570578328286191,3.593061156769184,2.25,2.3145546649605646,After the historical event,Event experienced
-0.6800000000000002,1,1,1,Nonshared environmental variance,500,3.9704030360243663,3.9338385570993797,2.9903058106657854,5.086111227562174,4,3.9704030360243663,After the historical event,Event experienced
-0.6800000000000002,1,1,1,Phenotypic variance,500,11.239702092755017,11.087437869563807,9.408254077594872,13.663781125990969,10.998431538610243,11.239702092755017,After the historical event,Event experienced
-0.6600000000000001,0,0,0,Additive genetic variance,500,3.2665585062030185,3.280761463350204,2.524415800333995,3.972273557861164,3.2129013013245316,3.2665585062030185,Before the historical event,Event not experienced
-0.6600000000000001,0,0,0,Nuclear-family environmental variance,500,2.2429973212431693,2.2501855253648344,1.7098883353830276,2.7798018969691736,2.25,2.2429973212431693,Before the historical event,Event not experienced
-0.6600000000000001,0,0,0,Nonshared environmental variance,500,3.9459356794084854,3.9352728704464592,3.4894904485519174,4.404960284409203,4,3.9459356794084854,Before the historical event,Event not experienced
-0.6600000000000001,0,0,0,Phenotypic variance,500,9.455491506854672,9.443198873197371,8.855779019863515,10.003134513940978,9.462901301324532,9.455491506854672,Before the historical event,Event not experienced
-0.6600000000000001,0,1,0,Additive genetic variance,500,3.2665585062030185,3.280761463350204,2.524415800333995,3.972273557861164,3.2129013013245316,3.2665585062030185,Before the historical event,Event experienced
-0.6600000000000001,0,1,0,Nuclear-family environmental variance,500,2.2429973212431693,2.2501855253648344,1.7098883353830276,2.7798018969691736,2.25,2.2429973212431693,Before the historical event,Event experienced
-0.6600000000000001,0,1,0,Nonshared environmental variance,500,3.9459356794084854,3.9352728704464592,3.4894904485519174,4.404960284409203,4,3.9459356794084854,Before the historical event,Event experienced
-0.6600000000000001,0,1,0,Phenotypic variance,500,9.455491506854672,9.443198873197371,8.855779019863515,10.003134513940978,9.462901301324532,9.455491506854672,Before the historical event,Event experienced
-0.6600000000000001,1,0,0,Additive genetic variance,500,3.2665585062030185,3.280761463350204,2.524415800333995,3.972273557861164,3.2129013013245316,3.2665585062030185,After the historical event,Event not experienced
-0.6600000000000001,1,0,0,Nuclear-family environmental variance,500,2.2429973212431693,2.2501855253648344,1.7098883353830276,2.7798018969691736,2.25,2.2429973212431693,After the historical event,Event not experienced
-0.6600000000000001,1,0,0,Nonshared environmental variance,500,3.9459356794084854,3.9352728704464592,3.4894904485519174,4.404960284409203,4,3.9459356794084854,After the historical event,Event not experienced
-0.6600000000000001,1,0,0,Phenotypic variance,500,9.455491506854672,9.443198873197371,8.855779019863515,10.003134513940978,9.462901301324532,9.455491506854672,After the historical event,Event not experienced
-0.6600000000000001,1,1,1,Additive genetic variance,500,4.9996397992962365,4.821927087926168,2.649378627724193,8.031484914918003,4.793085512399714,4.9996397992962365,After the historical event,Event experienced
-0.6600000000000001,1,1,1,Nuclear-family environmental variance,500,2.3142556170700295,2.2454049289950317,1.3591064912111002,3.586791852613082,2.25,2.3142556170700295,After the historical event,Event experienced
-0.6600000000000001,1,1,1,Nonshared environmental variance,500,3.970785099633177,3.9333526390128517,2.9932072769709572,5.083606575460751,4,3.970785099633177,After the historical event,Event experienced
-0.6600000000000001,1,1,1,Phenotypic variance,500,11.284680515999444,11.131529288589226,9.443277719842394,13.713441455010482,11.043085512399713,11.284680515999444,After the historical event,Event experienced
-0.6400000000000001,0,0,0,Additive genetic variance,500,3.2959734330138435,3.306314508162923,2.5487109181796814,3.997169518202891,3.2425963812152134,3.2959734330138435,Before the historical event,Event not experienced
-0.6400000000000001,0,0,0,Nuclear-family environmental variance,500,2.243018973674101,2.249786808709664,1.7158192015085278,2.7746318603247397,2.25,2.243018973674101,Before the historical event,Event not experienced
-0.6400000000000001,0,0,0,Nonshared environmental variance,500,3.946525321414863,3.932601403781206,3.490467619120382,4.404331909290805,4,3.946525321414863,Before the historical event,Event not experienced
-0.6400000000000001,0,0,0,Phenotypic variance,500,9.485517728102808,9.476220653558732,8.885880654619179,10.036864372109932,9.492596381215213,9.485517728102808,Before the historical event,Event not experienced
-0.6400000000000001,0,1,0,Additive genetic variance,500,3.2959734330138435,3.306314508162923,2.5487109181796814,3.997169518202891,3.2425963812152134,3.2959734330138435,Before the historical event,Event experienced
-0.6400000000000001,0,1,0,Nuclear-family environmental variance,500,2.243018973674101,2.249786808709664,1.7158192015085278,2.7746318603247397,2.25,2.243018973674101,Before the historical event,Event experienced
-0.6400000000000001,0,1,0,Nonshared environmental variance,500,3.946525321414863,3.932601403781206,3.490467619120382,4.404331909290805,4,3.946525321414863,Before the historical event,Event experienced
-0.6400000000000001,0,1,0,Phenotypic variance,500,9.485517728102808,9.476220653558732,8.885880654619179,10.036864372109932,9.492596381215213,9.485517728102808,Before the historical event,Event experienced
-0.6400000000000001,1,0,0,Additive genetic variance,500,3.2959734330138435,3.306314508162923,2.5487109181796814,3.997169518202891,3.2425963812152134,3.2959734330138435,After the historical event,Event not experienced
-0.6400000000000001,1,0,0,Nuclear-family environmental variance,500,2.243018973674101,2.249786808709664,1.7158192015085278,2.7746318603247397,2.25,2.243018973674101,After the historical event,Event not experienced
-0.6400000000000001,1,0,0,Nonshared environmental variance,500,3.946525321414863,3.932601403781206,3.490467619120382,4.404331909290805,4,3.946525321414863,After the historical event,Event not experienced
-0.6400000000000001,1,0,0,Phenotypic variance,500,9.485517728102808,9.476220653558732,8.885880654619179,10.036864372109932,9.492596381215213,9.485517728102808,After the historical event,Event not experienced
-0.6400000000000001,1,1,1,Additive genetic variance,500,5.044151502400845,4.872961195200889,2.6793757282432145,8.083787974212656,4.837385365979062,5.044151502400845,After the historical event,Event experienced
-0.6400000000000001,1,1,1,Nuclear-family environmental variance,500,2.313958323015211,2.245446815498144,1.361174144541867,3.5798031706829363,2.25,2.313958323015211,After the historical event,Event experienced
-0.6400000000000001,1,1,1,Nonshared environmental variance,500,3.971166300487221,3.9332965718442265,2.9961217002709812,5.082820982531752,4,3.971166300487221,After the historical event,Event experienced
-0.6400000000000001,1,1,1,Phenotypic variance,500,11.329276125903277,11.178602677876249,9.481473980594288,13.763766871689452,11.087385365979063,11.329276125903277,After the historical event,Event experienced
-0.6200000000000001,0,0,0,Additive genetic variance,500,3.325137256500491,3.3316895977676224,2.5755479179305683,4.02161982724196,3.272042347739403,3.325137256500491,Before the historical event,Event not experienced
-0.6200000000000001,0,0,0,Nuclear-family environmental variance,500,2.2430440276030503,2.2500890245926923,1.716349893793846,2.7707273061469184,2.25,2.2430440276030503,Before the historical event,Event not experienced
-0.6200000000000001,0,0,0,Nonshared environmental variance,500,3.947114618725703,3.93426098156218,3.49144421756858,4.403497624892817,4,3.947114618725703,Before the historical event,Event not experienced
-0.6200000000000001,0,0,0,Phenotypic variance,500,9.515295902829244,9.507110347915834,8.915947492938612,10.070206425055222,9.5220423477394025,9.515295902829244,Before the historical event,Event not experienced
-0.6200000000000001,0,1,0,Additive genetic variance,500,3.325137256500491,3.3316895977676224,2.5755479179305683,4.02161982724196,3.272042347739403,3.325137256500491,Before the historical event,Event experienced
-0.6200000000000001,0,1,0,Nuclear-family environmental variance,500,2.2430440276030503,2.2500890245926923,1.716349893793846,2.7707273061469184,2.25,2.2430440276030503,Before the historical event,Event experienced
-0.6200000000000001,0,1,0,Nonshared environmental variance,500,3.947114618725703,3.93426098156218,3.49144421756858,4.403497624892817,4,3.947114618725703,Before the historical event,Event experienced
-0.6200000000000001,0,1,0,Phenotypic variance,500,9.515295902829244,9.507110347915834,8.915947492938612,10.070206425055222,9.5220423477394025,9.515295902829244,Before the historical event,Event experienced
-0.6200000000000001,1,0,0,Additive genetic variance,500,3.325137256500491,3.3316895977676224,2.5755479179305683,4.02161982724196,3.272042347739403,3.325137256500491,After the historical event,Event not experienced
-0.6200000000000001,1,0,0,Nuclear-family environmental variance,500,2.2430440276030503,2.2500890245926923,1.716349893793846,2.7707273061469184,2.25,2.2430440276030503,After the historical event,Event not experienced
-0.6200000000000001,1,0,0,Nonshared environmental variance,500,3.947114618725703,3.93426098156218,3.49144421756858,4.403497624892817,4,3.947114618725703,After the historical event,Event not experienced
-0.6200000000000001,1,0,0,Phenotypic variance,500,9.515295902829244,9.507110347915834,8.915947492938612,10.070206425055222,9.5220423477394025,9.515295902829244,After the historical event,Event not experienced
-0.6200000000000001,1,1,1,Additive genetic variance,500,5.088261554785476,4.921304834644291,2.710146653277719,8.13510466051548,4.881313586085768,5.088261554785476,After the historical event,Event experienced
-0.6200000000000001,1,1,1,Nuclear-family environmental variance,500,2.3136626973436987,2.245487129917308,1.3632608452848685,3.5728010846824483,2.25,2.3136626973436987,After the historical event,Event experienced
-0.6200000000000001,1,1,1,Nonshared environmental variance,500,3.9715465870079956,3.9340403201082603,2.9990491117376417,5.081986518083728,4,3.9715465870079956,After the historical event,Event experienced
-0.6200000000000001,1,1,1,Phenotypic variance,500,11.373470839137171,11.223657926005115,9.516541231313468,13.820747502476634,11.131313586085767,11.373470839137171,After the historical event,Event experienced
-0.6000000000000001,0,0,0,Additive genetic variance,500,3.354038335746529,3.3636895333263555,2.6071656564527625,4.046184536811339,3.301227473966729,3.354038335746529,Before the historical event,Event not experienced
-0.6000000000000001,0,0,0,Nuclear-family environmental variance,500,2.2430724021295716,2.24834338243891,1.7167747512480886,2.7668340381541174,2.25,2.2430724021295716,Before the historical event,Event not experienced
-0.6000000000000001,0,0,0,Nonshared environmental variance,500,3.947703520781234,3.934528488349683,3.4922721938190873,4.403256953718845,4,3.947703520781234,Before the historical event,Event not experienced
-0.6000000000000001,0,0,0,Phenotypic variance,500,9.544814258657334,9.541501166526231,8.945801468117068,10.103147040081975,9.55122747396673,9.544814258657334,Before the historical event,Event not experienced
-0.6000000000000001,0,1,0,Additive genetic variance,500,3.354038335746529,3.3636895333263555,2.6071656564527625,4.046184536811339,3.301227473966729,3.354038335746529,Before the historical event,Event experienced
-0.6000000000000001,0,1,0,Nuclear-family environmental variance,500,2.2430724021295716,2.24834338243891,1.7167747512480886,2.7668340381541174,2.25,2.2430724021295716,Before the historical event,Event experienced
-0.6000000000000001,0,1,0,Nonshared environmental variance,500,3.947703520781234,3.934528488349683,3.4922721938190873,4.403256953718845,4,3.947703520781234,Before the historical event,Event experienced
-0.6000000000000001,0,1,0,Phenotypic variance,500,9.544814258657334,9.541501166526231,8.945801468117068,10.103147040081975,9.55122747396673,9.544814258657334,Before the historical event,Event experienced
-0.6000000000000001,1,0,0,Additive genetic variance,500,3.354038335746529,3.3636895333263555,2.6071656564527625,4.046184536811339,3.301227473966729,3.354038335746529,After the historical event,Event not experienced
-0.6000000000000001,1,0,0,Nuclear-family environmental variance,500,2.2430724021295716,2.24834338243891,1.7167747512480886,2.7668340381541174,2.25,2.2430724021295716,After the historical event,Event not experienced
-0.6000000000000001,1,0,0,Nonshared environmental variance,500,3.947703520781234,3.934528488349683,3.4922721938190873,4.403256953718845,4,3.947703520781234,After the historical event,Event not experienced
-0.6000000000000001,1,0,0,Phenotypic variance,500,9.544814258657334,9.541501166526231,8.945801468117068,10.103147040081975,9.55122747396673,9.544814258657334,After the historical event,Event not experienced
-0.6000000000000001,1,1,1,Additive genetic variance,500,5.131952035344276,4.976043563258829,2.741074723369783,8.185411814364674,4.924852678195471,5.131952035344276,After the historical event,Event experienced
-0.6000000000000001,1,1,1,Nuclear-family environmental variance,500,2.3133686555577953,2.2466967904722486,1.3629648751852343,3.5657857286984243,2.25,2.3133686555577953,After the historical event,Event experienced
-0.6000000000000001,1,1,1,Nonshared environmental variance,500,3.9719259081227825,3.934819064161551,3.001989542744604,5.081103185715548,4,3.9719259081227825,After the historical event,Event experienced
-0.6000000000000001,1,1,1,Phenotypic variance,500,11.417246599024853,11.276659477723824,9.549693126018905,13.876813932173134,11.174852678195471,11.417246599024853,After the historical event,Event experienced
-0.5800000000000001,0,0,0,Additive genetic variance,500,3.38266504703189,3.391755757156294,2.638639106344262,4.078351124429186,3.330140053179798,3.38266504703189,Before the historical event,Event not experienced
-0.5800000000000001,0,0,0,Nuclear-family environmental variance,500,2.2431040172125405,2.247616274685825,1.7178399200761345,2.7629519721155233,2.25,2.2431040172125405,Before the historical event,Event not experienced
-0.5800000000000001,0,0,0,Nonshared environmental variance,500,3.9482919775161416,3.938045354954985,3.4965038416675447,4.402201383883913,4,3.9482919775161416,Before the historical event,Event not experienced
-0.5800000000000001,0,0,0,Phenotypic variance,500,9.574061041760572,9.573341842747258,8.975336725615813,10.13567268037145,9.580140053179798,9.574061041760572,Before the historical event,Event not experienced
-0.5800000000000001,0,1,0,Additive genetic variance,500,3.38266504703189,3.391755757156294,2.638639106344262,4.078351124429186,3.330140053179798,3.38266504703189,Before the historical event,Event experienced
-0.5800000000000001,0,1,0,Nuclear-family environmental variance,500,2.2431040172125405,2.247616274685825,1.7178399200761345,2.7629519721155233,2.25,2.2431040172125405,Before the historical event,Event experienced
-0.5800000000000001,0,1,0,Nonshared environmental variance,500,3.9482919775161416,3.938045354954985,3.4965038416675447,4.402201383883913,4,3.9482919775161416,Before the historical event,Event experienced
-0.5800000000000001,0,1,0,Phenotypic variance,500,9.574061041760572,9.573341842747258,8.975336725615813,10.13567268037145,9.580140053179798,9.574061041760572,Before the historical event,Event experienced
-0.5800000000000001,1,0,0,Additive genetic variance,500,3.38266504703189,3.391755757156294,2.638639106344262,4.078351124429186,3.330140053179798,3.38266504703189,After the historical event,Event not experienced
-0.5800000000000001,1,0,0,Nuclear-family environmental variance,500,2.2431040172125405,2.247616274685825,1.7178399200761345,2.7629519721155233,2.25,2.2431040172125405,After the historical event,Event not experienced
-0.5800000000000001,1,0,0,Nonshared environmental variance,500,3.9482919775161416,3.938045354954985,3.4965038416675447,4.402201383883913,4,3.9482919775161416,After the historical event,Event not experienced
-0.5800000000000001,1,0,0,Phenotypic variance,500,9.574061041760572,9.573341842747258,8.975336725615813,10.13567268037145,9.580140053179798,9.574061041760572,After the historical event,Event not experienced
-0.5800000000000001,1,1,1,Additive genetic variance,500,5.17520506019836,5.019605840676926,2.7719181908968116,8.234686625238881,4.9679851779380355,5.17520506019836,After the historical event,Event experienced
-0.5800000000000001,1,1,1,Nuclear-family environmental variance,500,2.3130761141165,2.246881571708382,1.3624958523154076,3.5587647093412134,2.25,2.3130761141165,After the historical event,Event experienced
-0.5800000000000001,1,1,1,Nonshared environmental variance,500,3.972304213265385,3.933491808449769,3.004943024868173,5.080170990679237,4,3.972304213265385,After the historical event,Event experienced
-0.5800000000000001,1,1,1,Phenotypic variance,500,11.460585387580245,11.324831173620954,9.582103118162392,13.931941726062593,11.217985177938036,11.460585387580245,After the historical event,Event experienced
-0.56,0,0,0,Additive genetic variance,500,3.4110057915717773,3.423510137579685,2.670803562458687,4.112914767693264,3.358768406579237,3.4110057915717773,Before the historical event,Event not experienced
-0.56,0,0,0,Nuclear-family environmental variance,500,2.2431387936720317,2.2510862708587585,1.7237223461325324,2.759081024584818,2.25,2.2431387936720317,Before the historical event,Event not experienced
-0.56,0,0,0,Nonshared environmental variance,500,3.9488799393603466,3.939544397525884,3.501110132506812,4.401541240533888,4,3.9488799393603466,Before the historical event,Event not experienced
-0.56,0,0,0,Phenotypic variance,500,9.603024524604155,9.603452237544044,9.00480712391191,10.165328425646361,9.608768406579237,9.603024524604155,Before the historical event,Event not experienced
-0.56,0,1,0,Additive genetic variance,500,3.4110057915717773,3.423510137579685,2.670803562458687,4.112914767693264,3.358768406579237,3.4110057915717773,Before the historical event,Event experienced
-0.56,0,1,0,Nuclear-family environmental variance,500,2.2431387936720317,2.2510862708587585,1.7237223461325324,2.759081024584818,2.25,2.2431387936720317,Before the historical event,Event experienced
-0.56,0,1,0,Nonshared environmental variance,500,3.9488799393603466,3.939544397525884,3.501110132506812,4.401541240533888,4,3.9488799393603466,Before the historical event,Event experienced
-0.56,0,1,0,Phenotypic variance,500,9.603024524604155,9.603452237544044,9.00480712391191,10.165328425646361,9.608768406579237,9.603024524604155,Before the historical event,Event experienced
-0.56,1,0,0,Additive genetic variance,500,3.4110057915717773,3.423510137579685,2.670803562458687,4.112914767693264,3.358768406579237,3.4110057915717773,After the historical event,Event not experienced
-0.56,1,0,0,Nuclear-family environmental variance,500,2.2431387936720317,2.2510862708587585,1.7237223461325324,2.759081024584818,2.25,2.2431387936720317,After the historical event,Event not experienced
-0.56,1,0,0,Nonshared environmental variance,500,3.9488799393603466,3.939544397525884,3.501110132506812,4.401541240533888,4,3.9488799393603466,After the historical event,Event not experienced
-0.56,1,0,0,Phenotypic variance,500,9.603024524604155,9.603452237544044,9.00480712391191,10.165328425646361,9.608768406579237,9.603024524604155,After the historical event,Event not experienced
-0.56,1,1,1,Additive genetic variance,500,5.218002794817676,5.065309543848821,2.80266631660821,8.282906648735601,5.010693662592122,5.218002794817676,After the historical event,Event experienced
-0.56,1,1,1,Nuclear-family environmental variance,500,2.3127849904375193,2.2457476136732426,1.3620668540409917,3.5517412599255014,2.25,2.3127849904375193,After the historical event,Event experienced
-0.56,1,1,1,Nonshared environmental variance,500,3.972681452376866,3.9335046403973157,3.0079095898880617,5.079189939880546,4,3.972681452376866,After the historical event,Event experienced
-0.56,1,1,1,Phenotypic variance,500,11.50346923763206,11.371352259169889,9.61425392884654,13.986106750638967,11.260693662592121,11.50346923763206,After the historical event,Event experienced
-0.54,0,0,0,Additive genetic variance,500,3.4390490033103376,3.4549763757313636,2.70512589237649,4.141267623259369,3.387100891034402,3.4390490033103376,Before the historical event,Event not experienced
-0.54,0,0,0,Nuclear-family environmental variance,500,2.243176653191227,2.2519915311467655,1.7289969465761073,2.7552211128954824,2.25,2.243176653191227,Before the historical event,Event not experienced
-0.54,0,0,0,Nonshared environmental variance,500,3.949467357239785,3.9412185019146917,3.5056755120307654,4.403095681677162,4,3.949467357239785,Before the historical event,Event not experienced
-0.54,0,0,0,Phenotypic variance,500,9.63169301374135,9.631273374305591,9.030689170542693,10.193908272646855,9.637100891034402,9.63169301374135,Before the historical event,Event not experienced
-0.54,0,1,0,Additive genetic variance,500,3.4390490033103376,3.4549763757313636,2.70512589237649,4.141267623259369,3.387100891034402,3.4390490033103376,Before the historical event,Event experienced
-0.54,0,1,0,Nuclear-family environmental variance,500,2.243176653191227,2.2519915311467655,1.7289969465761073,2.7552211128954824,2.25,2.243176653191227,Before the historical event,Event experienced
-0.54,0,1,0,Nonshared environmental variance,500,3.949467357239785,3.9412185019146917,3.5056755120307654,4.403095681677162,4,3.949467357239785,Before the historical event,Event experienced
-0.54,0,1,0,Phenotypic variance,500,9.63169301374135,9.631273374305591,9.030689170542693,10.193908272646855,9.637100891034402,9.63169301374135,Before the historical event,Event experienced
-0.54,1,0,0,Additive genetic variance,500,3.4390490033103376,3.4549763757313636,2.70512589237649,4.141267623259369,3.387100891034402,3.4390490033103376,After the historical event,Event not experienced
-0.54,1,0,0,Nuclear-family environmental variance,500,2.243176653191227,2.2519915311467655,1.7289969465761073,2.7552211128954824,2.25,2.243176653191227,After the historical event,Event not experienced
-0.54,1,0,0,Nonshared environmental variance,500,3.949467357239785,3.9412185019146917,3.5056755120307654,4.403095681677162,4,3.949467357239785,After the historical event,Event not experienced
-0.54,1,0,0,Phenotypic variance,500,9.63169301374135,9.631273374305591,9.030689170542693,10.193908272646855,9.637100891034402,9.63169301374135,After the historical event,Event not experienced
-0.54,1,1,1,Additive genetic variance,500,5.260327466219028,5.114029736119408,2.833308286906111,8.330781106420588,5.052960762647874,5.260327466219028,After the historical event,Event experienced
-0.54,1,1,1,Nuclear-family environmental variance,500,2.3124952028992896,2.243536591480699,1.3616777938601197,3.550135805893593,2.25,2.3124952028992896,After the historical event,Event experienced
-0.54,1,1,1,Nonshared environmental variance,500,3.9730575759062887,3.9351681374288896,3.010856940195276,5.078187628599485,4,3.9730575759062887,After the historical event,Event experienced
-0.54,1,1,1,Phenotypic variance,500,11.545880245024605,11.412311544209594,9.646226742022122,14.039285191543843,11.302960762647874,11.545880245024605,After the historical event,Event experienced
-0.52,0,0,0,Additive genetic variance,500,3.4667831567618657,3.4797851726867854,2.7389040451908633,4.1681487075004995,3.4151259068726825,3.4667831567618657,Before the historical event,Event not experienced
-0.52,0,0,0,Nuclear-family environmental variance,500,2.2432175183183625,2.2523721117967073,1.732735156814401,2.7513721551561465,2.25,2.2432175183183625,Before the historical event,Event not experienced
-0.52,0,0,0,Nonshared environmental variance,500,3.950054182577191,3.9403782718052307,3.5106599960841383,4.406294637923406,4,3.950054182577191,Before the historical event,Event not experienced
-0.52,0,0,0,Phenotypic variance,500,9.66005485765742,9.658366180707816,9.056121223327533,10.222023975511748,9.665125906872682,9.66005485765742,Before the historical event,Event not experienced
-0.52,0,1,0,Additive genetic variance,500,3.4667831567618657,3.4797851726867854,2.7389040451908633,4.1681487075004995,3.4151259068726825,3.4667831567618657,Before the historical event,Event experienced
-0.52,0,1,0,Nuclear-family environmental variance,500,2.2432175183183625,2.2523721117967073,1.732735156814401,2.7513721551561465,2.25,2.2432175183183625,Before the historical event,Event experienced
-0.52,0,1,0,Nonshared environmental variance,500,3.950054182577191,3.9403782718052307,3.5106599960841383,4.406294637923406,4,3.950054182577191,Before the historical event,Event experienced
-0.52,0,1,0,Phenotypic variance,500,9.66005485765742,9.658366180707816,9.056121223327533,10.222023975511748,9.665125906872682,9.66005485765742,Before the historical event,Event experienced
-0.52,1,0,0,Additive genetic variance,500,3.4667831567618657,3.4797851726867854,2.7389040451908633,4.1681487075004995,3.4151259068726825,3.4667831567618657,After the historical event,Event not experienced
-0.52,1,0,0,Nuclear-family environmental variance,500,2.2432175183183625,2.2523721117967073,1.732735156814401,2.7513721551561465,2.25,2.2432175183183625,After the historical event,Event not experienced
-0.52,1,0,0,Nonshared environmental variance,500,3.950054182577191,3.9403782718052307,3.5106599960841383,4.406294637923406,4,3.950054182577191,After the historical event,Event not experienced
-0.52,1,0,0,Phenotypic variance,500,9.66005485765742,9.658366180707816,9.056121223327533,10.222023975511748,9.665125906872682,9.66005485765742,After the historical event,Event not experienced
-0.52,1,1,1,Additive genetic variance,500,5.302161375228709,5.155994081757893,2.863833219889668,8.37758379974119,5.09476917342721,5.302161375228709,After the historical event,Event experienced
-0.52,1,1,1,Nuclear-family environmental variance,500,2.3122066708430236,2.2426484952969226,1.3612200787311024,3.548520979503943,2.25,2.3122066708430236,After the historical event,Event experienced
-0.52,1,1,1,Nonshared environmental variance,500,3.973432534811459,3.9341689593649565,3.0123730978023433,5.077274841558175,4,3.973432534811459,After the historical event,Event experienced
-0.52,1,1,1,Phenotypic variance,500,11.587800580883192,11.455451799267642,9.67800942747003,14.09145357135986,11.34476917342721,11.587800580883192,After the historical event,Event experienced
-0.5,0,0,0,Additive genetic variance,500,3.4941967748921807,3.5069859450674103,2.769232048946187,4.1946655839806715,3.442831905700231,3.4941967748921807,Before the historical event,Event not experienced
-0.5,0,0,0,Nuclear-family environmental variance,500,2.2432613124687104,2.249071722897005,1.7361025025907835,2.7477702639475368,2.25,2.2432613124687104,Before the historical event,Event not experienced
-0.5,0,0,0,Nonshared environmental variance,500,3.9506403672928823,3.942829649165672,3.515448718496993,4.4087315315239834,4,3.9506403672928823,Before the historical event,Event not experienced
-0.5,0,0,0,Phenotypic variance,500,9.688098454653774,9.68674008576088,9.085519467356278,10.249664546970283,9.692831905700231,9.688098454653774,Before the historical event,Event not experienced
-0.5,0,1,0,Additive genetic variance,500,3.4941967748921807,3.5069859450674103,2.769232048946187,4.1946655839806715,3.442831905700231,3.4941967748921807,Before the historical event,Event experienced
-0.5,0,1,0,Nuclear-family environmental variance,500,2.2432613124687104,2.249071722897005,1.7361025025907835,2.7477702639475368,2.25,2.2432613124687104,Before the historical event,Event experienced
-0.5,0,1,0,Nonshared environmental variance,500,3.9506403672928823,3.942829649165672,3.515448718496993,4.4087315315239834,4,3.9506403672928823,Before the historical event,Event experienced
-0.5,0,1,0,Phenotypic variance,500,9.688098454653774,9.68674008576088,9.085519467356278,10.249664546970283,9.692831905700231,9.688098454653774,Before the historical event,Event experienced
-0.5,1,0,0,Additive genetic variance,500,3.4941967748921807,3.5069859450674103,2.769232048946187,4.1946655839806715,3.442831905700231,3.4941967748921807,After the historical event,Event not experienced
-0.5,1,0,0,Nuclear-family environmental variance,500,2.2432613124687104,2.249071722897005,1.7361025025907835,2.7477702639475368,2.25,2.2432613124687104,After the historical event,Event not experienced
-0.5,1,0,0,Nonshared environmental variance,500,3.9506403672928823,3.942829649165672,3.515448718496993,4.4087315315239834,4,3.9506403672928823,After the historical event,Event not experienced
-0.5,1,0,0,Phenotypic variance,500,9.688098454653774,9.68674008576088,9.085519467356278,10.249664546970283,9.692831905700231,9.688098454653774,After the historical event,Event not experienced
-0.5,1,1,1,Additive genetic variance,500,5.34348690879804,5.197091316293749,2.8942301715199203,8.423270816622157,5.136101666750965,5.34348690879804,After the historical event,Event experienced
-0.5,1,1,1,Nuclear-family environmental variance,500,2.311919314574772,2.2442976538942916,1.3607488790095386,3.5468531907101934,2.25,2.311919314574772,After the historical event,Event experienced
-0.5,1,1,1,Nonshared environmental variance,500,3.9738062805596712,3.933185725829641,3.013867224709747,5.076311181244202,4,3.9738062805596712,After the historical event,Event experienced
-0.5,1,1,1,Phenotypic variance,500,11.629212503932482,11.502290087431508,9.709545896175488,14.14258876724173,11.386101666750964,11.629212503932482,After the historical event,Event experienced
-0.48,0,0,0,Additive genetic variance,500,3.5212784370326973,3.535654543308053,2.795965174840929,4.220794436055914,3.4702073982468367,3.5212784370326973,Before the historical event,Event not experienced
-0.48,0,0,0,Nuclear-family environmental variance,500,2.243307959926592,2.2486395816687237,1.7357197381702894,2.7441837046381004,2.25,2.243307959926592,Before the historical event,Event not experienced
-0.48,0,0,0,Nonshared environmental variance,500,3.9512258638055506,3.9430833503482603,3.5204693035399917,4.410951267132141,4,3.9512258638055506,Before the historical event,Event not experienced
-0.48,0,0,0,Phenotypic variance,500,9.71581226076484,9.717074034229377,9.11587121767337,10.276819157532179,9.720207398246837,9.71581226076484,Before the historical event,Event not experienced
-0.48,0,1,0,Additive genetic variance,500,3.5212784370326973,3.535654543308053,2.795965174840929,4.220794436055914,3.4702073982468367,3.5212784370326973,Before the historical event,Event experienced
-0.48,0,1,0,Nuclear-family environmental variance,500,2.243307959926592,2.2486395816687237,1.7357197381702894,2.7441837046381004,2.25,2.243307959926592,Before the historical event,Event experienced
-0.48,0,1,0,Nonshared environmental variance,500,3.9512258638055506,3.9430833503482603,3.5204693035399917,4.410951267132141,4,3.9512258638055506,Before the historical event,Event experienced
-0.48,0,1,0,Phenotypic variance,500,9.71581226076484,9.717074034229377,9.11587121767337,10.276819157532179,9.720207398246837,9.71581226076484,Before the historical event,Event experienced
-0.48,1,0,0,Additive genetic variance,500,3.5212784370326973,3.535654543308053,2.795965174840929,4.220794436055914,3.4702073982468367,3.5212784370326973,After the historical event,Event not experienced
-0.48,1,0,0,Nuclear-family environmental variance,500,2.243307959926592,2.2486395816687237,1.7357197381702894,2.7441837046381004,2.25,2.243307959926592,After the historical event,Event not experienced
-0.48,1,0,0,Nonshared environmental variance,500,3.9512258638055506,3.9430833503482603,3.5204693035399917,4.410951267132141,4,3.9512258638055506,After the historical event,Event not experienced
-0.48,1,0,0,Phenotypic variance,500,9.71581226076484,9.717074034229377,9.11587121767337,10.276819157532179,9.720207398246837,9.71581226076484,After the historical event,Event not experienced
-0.48,1,1,1,Additive genetic variance,500,5.384286552359896,5.228504976467634,2.9244881419006643,8.467820971729868,5.176941102642087,5.384286552359896,After the historical event,Event experienced
-0.48,1,1,1,Nuclear-family environmental variance,500,2.3116330553675,2.246209599243674,1.360318792816459,3.5451322966322047,2.25,2.3116330553675,After the historical event,Event experienced
-0.48,1,1,1,Nonshared environmental variance,500,3.974178765128451,3.935285704106333,3.0152646380184365,5.075296657544458,4,3.974178765128451,After the historical event,Event experienced
-0.48,1,1,1,Phenotypic variance,500,11.670098372855847,11.553118369844961,9.73355990943091,14.192668028366281,11.426941102642086,11.670098372855847,After the historical event,Event experienced
-0.45999999999999996,0,0,0,Additive genetic variance,500,3.5480167868195993,3.563164102382868,2.8244412061587685,4.246411930562713,3.497240962227585,3.5480167868195993,Before the historical event,Event not experienced
-0.45999999999999996,0,0,0,Nuclear-family environmental variance,500,2.2433573858474243,2.2470954496988407,1.735355200135377,2.7406053227458766,2.25,2.2433573858474243,Before the historical event,Event not experienced
-0.45999999999999996,0,0,0,Nonshared environmental variance,500,3.951810625033052,3.9457126035525985,3.5252788870946623,4.41049001924231,4,3.951810625033052,Before the historical event,Event not experienced
-0.45999999999999996,0,0,0,Phenotypic variance,500,9.743184797700076,9.747276656059473,9.145911897820831,10.303477143490841,9.747240962227584,9.743184797700076,Before the historical event,Event not experienced
-0.45999999999999996,0,1,0,Additive genetic variance,500,3.5480167868195993,3.563164102382868,2.8244412061587685,4.246411930562713,3.497240962227585,3.5480167868195993,Before the historical event,Event experienced
-0.45999999999999996,0,1,0,Nuclear-family environmental variance,500,2.2433573858474243,2.2470954496988407,1.735355200135377,2.7406053227458766,2.25,2.2433573858474243,Before the historical event,Event experienced
-0.45999999999999996,0,1,0,Nonshared environmental variance,500,3.951810625033052,3.9457126035525985,3.5252788870946623,4.41049001924231,4,3.951810625033052,Before the historical event,Event experienced
-0.45999999999999996,0,1,0,Phenotypic variance,500,9.743184797700076,9.747276656059473,9.145911897820831,10.303477143490841,9.747240962227584,9.743184797700076,Before the historical event,Event experienced
-0.45999999999999996,1,0,0,Additive genetic variance,500,3.5480167868195993,3.563164102382868,2.8244412061587685,4.246411930562713,3.497240962227585,3.5480167868195993,After the historical event,Event not experienced
-0.45999999999999996,1,0,0,Nuclear-family environmental variance,500,2.2433573858474243,2.2470954496988407,1.735355200135377,2.7406053227458766,2.25,2.2433573858474243,After the historical event,Event not experienced
-0.45999999999999996,1,0,0,Nonshared environmental variance,500,3.951810625033052,3.9457126035525985,3.5252788870946623,4.41049001924231,4,3.951810625033052,After the historical event,Event not experienced
-0.45999999999999996,1,0,0,Phenotypic variance,500,9.743184797700076,9.747276656059473,9.145911897820831,10.303477143490841,9.747240962227584,9.743184797700076,After the historical event,Event not experienced
-0.45999999999999996,1,1,1,Additive genetic variance,500,5.424542902214173,5.269726428424844,2.9545960816705836,8.511213524439562,5.217270441053832,5.424542902214173,After the historical event,Event experienced
-0.45999999999999996,1,1,1,Nuclear-family environmental variance,500,2.31134781546318,2.250038308025262,1.359929734537886,3.543358159541267,2.25,2.31134781546318,After the historical event,Event experienced
-0.45999999999999996,1,1,1,Nonshared environmental variance,500,3.974549941006303,3.9395283059472073,3.0168553393829436,5.074231282121678,4,3.974549941006303,After the historical event,Event experienced
-0.45999999999999996,1,1,1,Phenotypic variance,500,11.710440658683657,11.593730413488643,9.757398692492536,14.237777296651117,11.46727044105383,11.710440658683657,After the historical event,Event experienced
-0.43999999999999995,0,0,0,Additive genetic variance,500,3.574400540150426,3.586955058027287,2.847926567912048,4.271506691411268,3.5239212502138657,3.574400540150426,Before the historical event,Event not experienced
-0.43999999999999995,0,0,0,Nuclear-family environmental variance,500,2.243409516259797,2.247177618181199,1.7350068413123385,2.7369416899071743,2.25,2.243409516259797,Before the historical event,Event not experienced
-0.43999999999999995,0,0,0,Nonshared environmental variance,500,3.952394604393199,3.9467237889934648,3.5279440572659757,4.410010384726653,4,3.952394604393199,Before the historical event,Event not experienced
-0.43999999999999995,0,0,0,Phenotypic variance,500,9.770204660803422,9.775505916608203,9.173201488027445,10.329628014841294,9.773921250213865,9.770204660803422,Before the historical event,Event not experienced
-0.43999999999999995,0,1,0,Additive genetic variance,500,3.574400540150426,3.586955058027287,2.847926567912048,4.271506691411268,3.5239212502138657,3.574400540150426,Before the historical event,Event experienced
-0.43999999999999995,0,1,0,Nuclear-family environmental variance,500,2.243409516259797,2.247177618181199,1.7350068413123385,2.7369416899071743,2.25,2.243409516259797,Before the historical event,Event experienced
-0.43999999999999995,0,1,0,Nonshared environmental variance,500,3.952394604393199,3.9467237889934648,3.5279440572659757,4.410010384726653,4,3.952394604393199,Before the historical event,Event experienced
-0.43999999999999995,0,1,0,Phenotypic variance,500,9.770204660803422,9.775505916608203,9.173201488027445,10.329628014841294,9.773921250213865,9.770204660803422,Before the historical event,Event experienced
-0.43999999999999995,1,0,0,Additive genetic variance,500,3.574400540150426,3.586955058027287,2.847926567912048,4.271506691411268,3.5239212502138657,3.574400540150426,After the historical event,Event not experienced
-0.43999999999999995,1,0,0,Nuclear-family environmental variance,500,2.243409516259797,2.247177618181199,1.7350068413123385,2.7369416899071743,2.25,2.243409516259797,After the historical event,Event not experienced
-0.43999999999999995,1,0,0,Nonshared environmental variance,500,3.952394604393199,3.9467237889934648,3.5279440572659757,4.410010384726653,4,3.952394604393199,After the historical event,Event not experienced
-0.43999999999999995,1,0,0,Phenotypic variance,500,9.770204660803422,9.775505916608203,9.173201488027445,10.329628014841294,9.773921250213865,9.770204660803422,After the historical event,Event not experienced
-0.43999999999999995,1,1,1,Additive genetic variance,500,5.464238677929974,5.31580525021905,2.9845428985017297,8.5536133416616,5.257072753611949,5.464238677929974,After the historical event,Event experienced
-0.43999999999999995,1,1,1,Nuclear-family environmental variance,500,2.311063518074899,2.2540712380293275,1.359581622702211,3.5415306468818013,2.25,2.311063518074899,After the historical event,Event experienced
-0.43999999999999995,1,1,1,Nonshared environmental variance,500,3.974919761193459,3.9404591157819198,3.020428058752665,5.073115068414548,4,3.974919761193459,After the historical event,Event experienced
-0.43999999999999995,1,1,1,Phenotypic variance,500,11.750221957198333,11.635745658968272,9.781053295149015,14.273007450304627,11.507072753611949,11.750221957198333,After the historical event,Event experienced
-0.41999999999999993,0,0,0,Additive genetic variance,500,3.6004184931502876,3.6095157936770037,2.8786136169373013,4.296067525924615,3.550236997506218,3.6004184931502876,Before the historical event,Event not experienced
-0.41999999999999993,0,0,0,Nuclear-family environmental variance,500,2.2434642780675826,2.2448988148781894,1.7349549306682412,2.730166535141191,2.25,2.2434642780675826,Before the historical event,Event not experienced
-0.41999999999999993,0,0,0,Nonshared environmental variance,500,3.952977755804557,3.9458907465352207,3.526879072282565,4.4095123448780065,4,3.952977755804557,Before the historical event,Event not experienced
-0.41999999999999993,0,0,0,Phenotypic variance,500,9.796860527022428,9.803659098125435,9.198624665586049,10.355261463104476,9.800236997506218,9.796860527022428,Before the historical event,Event not experienced
-0.41999999999999993,0,1,0,Additive genetic variance,500,3.6004184931502876,3.6095157936770037,2.8786136169373013,4.296067525924615,3.550236997506218,3.6004184931502876,Before the historical event,Event experienced
-0.41999999999999993,0,1,0,Nuclear-family environmental variance,500,2.2434642780675826,2.2448988148781894,1.7349549306682412,2.730166535141191,2.25,2.2434642780675826,Before the historical event,Event experienced
-0.41999999999999993,0,1,0,Nonshared environmental variance,500,3.952977755804557,3.9458907465352207,3.526879072282565,4.4095123448780065,4,3.952977755804557,Before the historical event,Event experienced
-0.41999999999999993,0,1,0,Phenotypic variance,500,9.796860527022428,9.803659098125435,9.198624665586049,10.355261463104476,9.800236997506218,9.796860527022428,Before the historical event,Event experienced
-0.41999999999999993,1,0,0,Additive genetic variance,500,3.6004184931502876,3.6095157936770037,2.8786136169373013,4.296067525924615,3.550236997506218,3.6004184931502876,After the historical event,Event not experienced
-0.41999999999999993,1,0,0,Nuclear-family environmental variance,500,2.2434642780675826,2.2448988148781894,1.7349549306682412,2.730166535141191,2.25,2.2434642780675826,After the historical event,Event not experienced
-0.41999999999999993,1,0,0,Nonshared environmental variance,500,3.952977755804557,3.9458907465352207,3.526879072282565,4.4095123448780065,4,3.952977755804557,After the historical event,Event not experienced
-0.41999999999999993,1,0,0,Phenotypic variance,500,9.796860527022428,9.803659098125435,9.198624665586049,10.355261463104476,9.800236997506218,9.796860527022428,After the historical event,Event not experienced
-0.41999999999999993,1,1,1,Additive genetic variance,500,5.503356734752164,5.358233053399078,3.014317463699271,8.60052512778134,5.296331235359564,5.503356734752164,After the historical event,Event experienced
-0.41999999999999993,1,1,1,Nuclear-family environmental variance,500,2.310780087388974,2.257222056646531,1.359274379961037,3.542661127797956,2.25,2.310780087388974,After the historical event,Event experienced
-0.41999999999999993,1,1,1,Nonshared environmental variance,500,3.9752881792026242,3.9412696360583914,3.0240079526642485,5.071948031637685,4,3.9752881792026242,After the historical event,Event experienced
-0.41999999999999993,1,1,1,Phenotypic variance,500,11.789425001343762,11.67673151462761,9.80451476326159,14.307147132450545,11.546331235359563,11.789425001343762,After the historical event,Event experienced
-0.3999999999999999,0,0,0,Additive genetic variance,500,3.6260595301398473,3.636787065782796,2.9074630782059425,4.320083433225143,3.5761770300014284,3.6260595301398473,Before the historical event,Event not experienced
-0.3999999999999999,0,0,0,Nuclear-family environmental variance,500,2.2435215990520736,2.2425151749763255,1.736975727416643,2.7234280805847053,2.25,2.2435215990520736,Before the historical event,Event not experienced
-0.3999999999999999,0,0,0,Nonshared environmental variance,500,3.953560033687239,3.9480774914706758,3.5256267047529883,4.408995881789192,4,3.953560033687239,Before the historical event,Event not experienced
-0.3999999999999999,0,0,0,Phenotypic variance,500,9.82314116287916,9.826325437436124,9.224870318523314,10.38041577849414,9.826177030001428,9.82314116287916,Before the historical event,Event not experienced
-0.3999999999999999,0,1,0,Additive genetic variance,500,3.6260595301398473,3.636787065782796,2.9074630782059425,4.320083433225143,3.5761770300014284,3.6260595301398473,Before the historical event,Event experienced
-0.3999999999999999,0,1,0,Nuclear-family environmental variance,500,2.2435215990520736,2.2425151749763255,1.736975727416643,2.7234280805847053,2.25,2.2435215990520736,Before the historical event,Event experienced
-0.3999999999999999,0,1,0,Nonshared environmental variance,500,3.953560033687239,3.9480774914706758,3.5256267047529883,4.408995881789192,4,3.953560033687239,Before the historical event,Event experienced
-0.3999999999999999,0,1,0,Phenotypic variance,500,9.82314116287916,9.826325437436124,9.224870318523314,10.38041577849414,9.826177030001428,9.82314116287916,Before the historical event,Event experienced
-0.3999999999999999,1,0,0,Additive genetic variance,500,3.6260595301398473,3.636787065782796,2.9074630782059425,4.320083433225143,3.5761770300014284,3.6260595301398473,After the historical event,Event not experienced
-0.3999999999999999,1,0,0,Nuclear-family environmental variance,500,2.2435215990520736,2.2425151749763255,1.736975727416643,2.7234280805847053,2.25,2.2435215990520736,After the historical event,Event not experienced
-0.3999999999999999,1,0,0,Nonshared environmental variance,500,3.953560033687239,3.9480774914706758,3.5256267047529883,4.408995881789192,4,3.953560033687239,After the historical event,Event not experienced
-0.3999999999999999,1,0,0,Phenotypic variance,500,9.82314116287916,9.826325437436124,9.224870318523314,10.38041577849414,9.826177030001428,9.82314116287916,After the historical event,Event not experienced
-0.3999999999999999,1,1,1,Additive genetic variance,500,5.541880075999848,5.396148079614129,3.0439086188972517,8.646265187018766,5.335029216493538,5.541880075999848,After the historical event,Event experienced
-0.3999999999999999,1,1,1,Nuclear-family environmental variance,500,2.3104974485670864,2.2558195795357907,1.359007933070768,3.545555097349506,2.25,2.3104974485670864,After the historical event,Event experienced
-0.3999999999999999,1,1,1,Nonshared environmental variance,500,3.9756551490597283,3.9411624772408427,3.027595036197439,5.070730188781524,4,3.9756551490597283,After the historical event,Event experienced
-0.3999999999999999,1,1,1,Phenotypic variance,500,11.828032673626662,11.71462075238421,9.83344398952284,14.34121113091635,11.585029216493538,11.828032673626662,After the historical event,Event experienced
-0.3799999999999999,0,0,0,Additive genetic variance,500,3.6513126315971225,3.658832127692845,2.932547111631104,4.340068975182344,3.6017302720462867,3.6513126315971225,Before the historical event,Event not experienced
-0.3799999999999999,0,0,0,Nuclear-family environmental variance,500,2.243581407874147,2.239828712111323,1.7389351033792408,2.7167261381624073,2.25,2.243581407874147,Before the historical event,Event not experienced
-0.3799999999999999,0,0,0,Nonshared environmental variance,500,3.9541413929637086,3.9481870142697355,3.526305837948929,4.408460978353511,4,3.9541413929637086,Before the historical event,Event not experienced
-0.3799999999999999,0,0,0,Phenotypic variance,500,9.84903543243498,9.851555987483579,9.25034170618342,10.405091173548506,9.851730272046286,9.84903543243498,Before the historical event,Event not experienced
-0.3799999999999999,0,1,0,Additive genetic variance,500,3.6513126315971225,3.658832127692845,2.932547111631104,4.340068975182344,3.6017302720462867,3.6513126315971225,Before the historical event,Event experienced
-0.3799999999999999,0,1,0,Nuclear-family environmental variance,500,2.243581407874147,2.239828712111323,1.7389351033792408,2.7167261381624073,2.25,2.243581407874147,Before the historical event,Event experienced
-0.3799999999999999,0,1,0,Nonshared environmental variance,500,3.9541413929637086,3.9481870142697355,3.526305837948929,4.408460978353511,4,3.9541413929637086,Before the historical event,Event experienced
-0.3799999999999999,0,1,0,Phenotypic variance,500,9.84903543243498,9.851555987483579,9.25034170618342,10.405091173548506,9.851730272046286,9.84903543243498,Before the historical event,Event experienced
-0.3799999999999999,1,0,0,Additive genetic variance,500,3.6513126315971225,3.658832127692845,2.932547111631104,4.340068975182344,3.6017302720462867,3.6513126315971225,After the historical event,Event not experienced
-0.3799999999999999,1,0,0,Nuclear-family environmental variance,500,2.243581407874147,2.239828712111323,1.7389351033792408,2.7167261381624073,2.25,2.243581407874147,After the historical event,Event not experienced
-0.3799999999999999,1,0,0,Nonshared environmental variance,500,3.9541413929637086,3.9481870142697355,3.526305837948929,4.408460978353511,4,3.9541413929637086,After the historical event,Event not experienced
-0.3799999999999999,1,0,0,Phenotypic variance,500,9.84903543243498,9.851555987483579,9.25034170618342,10.405091173548506,9.851730272046286,9.84903543243498,After the historical event,Event not experienced
-0.3799999999999999,1,1,1,Additive genetic variance,500,5.579791865444199,5.437070792277339,3.0733051828449605,8.7008617348129,5.3731501740808625,5.579791865444199,After the historical event,Event experienced
-0.3799999999999999,1,1,1,Nuclear-family environmental variance,500,2.310215527748418,2.253925190313148,1.3587822128749392,3.5479779993571032,2.25,2.310215527748418,After the historical event,Event experienced
-0.3799999999999999,1,1,1,Nonshared environmental variance,500,3.976020625304672,3.94289063354529,3.0311893244704473,5.069461558612071,4,3.976020625304672,After the historical event,Event experienced
-0.3799999999999999,1,1,1,Phenotypic variance,500,11.866028018497289,11.753343844058577,9.866256768058154,14.374313853208669,11.623150174080862,11.866028018497289,After the historical event,Event experienced
-0.3599999999999999,0,0,0,Additive genetic variance,500,3.676166882105119,3.6817116300107804,2.9545586239329635,4.359519698051951,3.6268857542703,3.676166882105119,Before the historical event,Event not experienced
-0.3599999999999999,0,0,0,Nuclear-family environmental variance,500,2.2436436340764616,2.2387415192465223,1.7408986001114113,2.7100605210575126,2.25,2.2436436340764616,Before the historical event,Event not experienced
-0.3599999999999999,0,0,0,Nonshared environmental variance,500,3.954721789059573,3.947590486162262,3.527742521958657,4.407907618265201,4,3.954721789059573,Before the historical event,Event not experienced
-0.3599999999999999,0,0,0,Phenotypic variance,500,9.874532305241154,9.877581062446351,9.27451757376178,10.42921703055685,9.876885754270301,9.874532305241154,Before the historical event,Event not experienced
-0.3599999999999999,0,1,0,Additive genetic variance,500,3.676166882105119,3.6817116300107804,2.9545586239329635,4.359519698051951,3.6268857542703,3.676166882105119,Before the historical event,Event experienced
-0.3599999999999999,0,1,0,Nuclear-family environmental variance,500,2.2436436340764616,2.2387415192465223,1.7408986001114113,2.7100605210575126,2.25,2.2436436340764616,Before the historical event,Event experienced
-0.3599999999999999,0,1,0,Nonshared environmental variance,500,3.954721789059573,3.947590486162262,3.527742521958657,4.407907618265201,4,3.954721789059573,Before the historical event,Event experienced
-0.3599999999999999,0,1,0,Phenotypic variance,500,9.874532305241154,9.877581062446351,9.27451757376178,10.42921703055685,9.876885754270301,9.874532305241154,Before the historical event,Event experienced
-0.3599999999999999,1,0,0,Additive genetic variance,500,3.676166882105119,3.6817116300107804,2.9545586239329635,4.359519698051951,3.6268857542703,3.676166882105119,After the historical event,Event not experienced
-0.3599999999999999,1,0,0,Nuclear-family environmental variance,500,2.2436436340764616,2.2387415192465223,1.7408986001114113,2.7100605210575126,2.25,2.2436436340764616,After the historical event,Event not experienced
-0.3599999999999999,1,0,0,Nonshared environmental variance,500,3.954721789059573,3.947590486162262,3.527742521958657,4.407907618265201,4,3.954721789059573,After the historical event,Event not experienced
-0.3599999999999999,1,0,0,Phenotypic variance,500,9.874532305241154,9.877581062446351,9.27451757376178,10.42921703055685,9.876885754270301,9.874532305241154,After the historical event,Event not experienced
-0.3599999999999999,1,1,1,Additive genetic variance,500,5.617075439652992,5.477075831853833,3.1024959582783396,8.75065001486432,5.410677743743721,5.617075439652992,After the historical event,Event experienced
-0.3599999999999999,1,1,1,Nuclear-family environmental variance,500,2.3099342520518027,2.2508218158340316,1.359450403702824,3.550295270914795,2.25,2.3099342520518027,After the historical event,Event experienced
-0.3599999999999999,1,1,1,Nonshared environmental variance,500,3.9763845629920773,3.943701106054183,3.034790832640045,5.068142161670558,4,3.9763845629920773,After the historical event,Event experienced
-0.3599999999999999,1,1,1,Phenotypic variance,500,11.903394254696872,11.78537119106502,9.898778354899159,14.414743655845633,11.66067774374372,11.903394254696872,After the historical event,Event experienced
-0.33999999999999986,0,0,0,Additive genetic variance,500,3.700611478277234,3.70473630387219,2.9759407095707706,4.378476736771376,3.6516326213896892,3.700611478277234,Before the historical event,Event not experienced
-0.33999999999999986,0,0,0,Nuclear-family environmental variance,500,2.2437082080856743,2.238631379995292,1.7428662086934468,2.7049816584782467,2.25,2.2437082080856743,Before the historical event,Event not experienced
-0.33999999999999986,0,0,0,Nonshared environmental variance,500,3.9553011779043894,3.946036177181865,3.5291768576262363,4.407335786019853,4,3.9553011779043894,Before the historical event,Event not experienced
-0.33999999999999986,0,0,0,Phenotypic variance,500,9.899620864267298,9.90439001603978,9.301012178417835,10.452783767325128,9.90163262138969,9.899620864267298,Before the historical event,Event not experienced
-0.33999999999999986,0,1,0,Additive genetic variance,500,3.700611478277234,3.70473630387219,2.9759407095707706,4.378476736771376,3.6516326213896892,3.700611478277234,Before the historical event,Event experienced
-0.33999999999999986,0,1,0,Nuclear-family environmental variance,500,2.2437082080856743,2.238631379995292,1.7428662086934468,2.7049816584782467,2.25,2.2437082080856743,Before the historical event,Event experienced
-0.33999999999999986,0,1,0,Nonshared environmental variance,500,3.9553011779043894,3.946036177181865,3.5291768576262363,4.407335786019853,4,3.9553011779043894,Before the historical event,Event experienced
-0.33999999999999986,0,1,0,Phenotypic variance,500,9.899620864267298,9.90439001603978,9.301012178417835,10.452783767325128,9.90163262138969,9.899620864267298,Before the historical event,Event experienced
-0.33999999999999986,1,0,0,Additive genetic variance,500,3.700611478277234,3.70473630387219,2.9759407095707706,4.378476736771376,3.6516326213896892,3.700611478277234,After the historical event,Event not experienced
-0.33999999999999986,1,0,0,Nuclear-family environmental variance,500,2.2437082080856743,2.238631379995292,1.7428662086934468,2.7049816584782467,2.25,2.2437082080856743,After the historical event,Event not experienced
-0.33999999999999986,1,0,0,Nonshared environmental variance,500,3.9553011779043894,3.946036177181865,3.5291768576262363,4.407335786019853,4,3.9553011779043894,After the historical event,Event not experienced
-0.33999999999999986,1,0,0,Phenotypic variance,500,9.899620864267298,9.90439001603978,9.301012178417835,10.452783767325128,9.90163262138969,9.899620864267298,After the historical event,Event not experienced
-0.33999999999999986,1,1,1,Additive genetic variance,500,5.653714320289122,5.516515698145957,3.13146973887072,8.7906882765623,5.447595731301673,5.653714320289122,After the historical event,Event experienced
-0.33999999999999986,1,1,1,Nuclear-family environmental variance,500,2.309653549577884,2.24869450119889,1.360276023709532,3.5525065302071566,2.25,2.309653549577884,After the historical event,Event experienced
-0.33999999999999986,1,1,1,Nonshared environmental variance,500,3.9767469176920356,3.944511558045222,3.0383995759016784,5.063915728796456,4,3.9767469176920356,After the historical event,Event experienced
-0.33999999999999986,1,1,1,Phenotypic variance,500,11.940114787559041,11.822030805614748,9.930996539086495,14.464790295386642,11.697595731301673,11.940114787559041,After the historical event,Event experienced
-0.31999999999999984,0,0,0,Additive genetic variance,500,3.7246357366523415,3.7280825212877975,2.996617144555835,4.39890183387063,3.6759601399749386,3.7246357366523415,Before the historical event,Event not experienced
-0.31999999999999984,0,0,0,Nuclear-family environmental variance,500,2.24377506121469,2.2401305607034,1.7448379202413966,2.701500525227882,2.25,2.24377506121469,Before the historical event,Event not experienced
-0.31999999999999984,0,0,0,Nonshared environmental variance,500,3.9558795159324633,3.944271795989728,3.5305590172168912,4.406745466914793,4,3.9558795159324633,Before the historical event,Event not experienced
-0.31999999999999984,0,0,0,Phenotypic variance,500,9.924290313799494,9.930739411096344,9.327256426721117,10.475782021789868,9.925960139974938,9.924290313799494,Before the historical event,Event not experienced
-0.31999999999999984,0,1,0,Additive genetic variance,500,3.7246357366523415,3.7280825212877975,2.996617144555835,4.39890183387063,3.6759601399749386,3.7246357366523415,Before the historical event,Event experienced
-0.31999999999999984,0,1,0,Nuclear-family environmental variance,500,2.24377506121469,2.2401305607034,1.7448379202413966,2.701500525227882,2.25,2.24377506121469,Before the historical event,Event experienced
-0.31999999999999984,0,1,0,Nonshared environmental variance,500,3.9558795159324633,3.944271795989728,3.5305590172168912,4.406745466914793,4,3.9558795159324633,Before the historical event,Event experienced
-0.31999999999999984,0,1,0,Phenotypic variance,500,9.924290313799494,9.930739411096344,9.327256426721117,10.475782021789868,9.925960139974938,9.924290313799494,Before the historical event,Event experienced
-0.31999999999999984,1,0,0,Additive genetic variance,500,3.7246357366523415,3.7280825212877975,2.996617144555835,4.39890183387063,3.6759601399749386,3.7246357366523415,After the historical event,Event not experienced
-0.31999999999999984,1,0,0,Nuclear-family environmental variance,500,2.24377506121469,2.2401305607034,1.7448379202413966,2.701500525227882,2.25,2.24377506121469,After the historical event,Event not experienced
-0.31999999999999984,1,0,0,Nonshared environmental variance,500,3.9558795159324633,3.944271795989728,3.5305590172168912,4.406745466914793,4,3.9558795159324633,After the historical event,Event not experienced
-0.31999999999999984,1,0,0,Phenotypic variance,500,9.924290313799494,9.930739411096344,9.327256426721117,10.475782021789868,9.925960139974938,9.924290313799494,After the historical event,Event not experienced
-0.31999999999999984,1,1,1,Additive genetic variance,500,5.689692226350352,5.5536257849630815,3.160215316257034,8.831213201200251,5.483888124359475,5.689692226350352,After the historical event,Event experienced
-0.31999999999999984,1,1,1,Nuclear-family environmental variance,500,2.309373349411278,2.247573186333736,1.3611310365447404,3.5546114059494758,2.25,2.309373349411278,After the historical event,Event experienced
-0.31999999999999984,1,1,1,Nonshared environmental variance,500,3.9771076454908583,3.9453219873270475,3.0420155694895628,5.057174220200785,4,3.9771076454908583,After the historical event,Event experienced
-0.31999999999999984,1,1,1,Phenotypic variance,500,11.976173221252488,11.85570356206785,9.962899137870297,14.51363989295425,11.733888124359474,11.976173221252488,After the historical event,Event experienced
-0.2999999999999998,0,0,0,Additive genetic variance,500,3.748229101551429,3.755685336668013,3.0172836561963865,4.421929877761714,3.6998577061741567,3.748229101551429,Before the historical event,Event not experienced
-0.2999999999999998,0,0,0,Nuclear-family environmental variance,500,2.24384412566493,2.2441954401508664,1.7468137259073466,2.69841407553407,2.25,2.24384412566493,Before the historical event,Event not experienced
-0.2999999999999998,0,0,0,Nonshared environmental variance,500,3.956456760083653,3.9433910544928903,3.531641514663755,4.406136647049413,4,3.956456760083653,Before the historical event,Event not experienced
-0.2999999999999998,0,0,0,Phenotypic variance,500,9.948529987300013,9.95592612043042,9.35273535714811,10.495363694868875,9.949857706174157,9.948529987300013,Before the historical event,Event not experienced
-0.2999999999999998,0,1,0,Additive genetic variance,500,3.748229101551429,3.755685336668013,3.0172836561963865,4.421929877761714,3.6998577061741567,3.748229101551429,Before the historical event,Event experienced
-0.2999999999999998,0,1,0,Nuclear-family environmental variance,500,2.24384412566493,2.2441954401508664,1.7468137259073466,2.69841407553407,2.25,2.24384412566493,Before the historical event,Event experienced
-0.2999999999999998,0,1,0,Nonshared environmental variance,500,3.956456760083653,3.9433910544928903,3.531641514663755,4.406136647049413,4,3.956456760083653,Before the historical event,Event experienced
-0.2999999999999998,0,1,0,Phenotypic variance,500,9.948529987300013,9.95592612043042,9.35273535714811,10.495363694868875,9.949857706174157,9.948529987300013,Before the historical event,Event experienced
-0.2999999999999998,1,0,0,Additive genetic variance,500,3.748229101551429,3.755685336668013,3.0172836561963865,4.421929877761714,3.6998577061741567,3.748229101551429,After the historical event,Event not experienced
-0.2999999999999998,1,0,0,Nuclear-family environmental variance,500,2.24384412566493,2.2441954401508664,1.7468137259073466,2.69841407553407,2.25,2.24384412566493,After the historical event,Event not experienced
-0.2999999999999998,1,0,0,Nonshared environmental variance,500,3.956456760083653,3.9433910544928903,3.531641514663755,4.406136647049413,4,3.956456760083653,After the historical event,Event not experienced
-0.2999999999999998,1,0,0,Phenotypic variance,500,9.948529987300013,9.95592612043042,9.35273535714811,10.495363694868875,9.949857706174157,9.948529987300013,After the historical event,Event not experienced
-0.2999999999999998,1,1,1,Additive genetic variance,500,5.72499308633747,5.5790922795713644,3.188721487125494,8.87087343569721,5.5195391038289845,5.72499308633747,After the historical event,Event experienced
-0.2999999999999998,1,1,1,Nuclear-family environmental variance,500,2.309093581622747,2.2500072631956263,1.361845804208806,3.5542969558378052,2.25,2.309093581622747,After the historical event,Event experienced
-0.2999999999999998,1,1,1,Nonshared environmental variance,500,3.9774667029918214,3.9460264227807604,3.0456388286767946,5.05045291993302,4,3.9774667029918214,After the historical event,Event experienced
-0.2999999999999998,1,1,1,Phenotypic variance,500,12.011553370952038,11.898162280022843,9.994474004446662,14.561319774213041,11.769539103828984,12.011553370952038,After the historical event,Event experienced
-0.2799999999999998,0,0,0,Additive genetic variance,500,3.771381152887651,3.7791576801745723,3.038388348188812,4.444931993877459,3.723314853384518,3.771381152887651,Before the historical event,Event not experienced
-0.2799999999999998,0,0,0,Nuclear-family environmental variance,500,2.2439153345286282,2.243774561499065,1.7496110775728746,2.69535778089775,2.25,2.2439153345286282,Before the historical event,Event not experienced
-0.2799999999999998,0,0,0,Nonshared environmental variance,500,3.957032867804172,3.943553239045834,3.531610138225604,4.405509313325484,4,3.957032867804172,Before the historical event,Event not experienced
-0.2799999999999998,0,0,0,Phenotypic variance,500,9.97232935522045,9.980596919623022,9.377758410609875,10.512258278036699,9.973314853384519,9.97232935522045,Before the historical event,Event not experienced
-0.2799999999999998,0,1,0,Additive genetic variance,500,3.771381152887651,3.7791576801745723,3.038388348188812,4.444931993877459,3.723314853384518,3.771381152887651,Before the historical event,Event experienced
-0.2799999999999998,0,1,0,Nuclear-family environmental variance,500,2.2439153345286282,2.243774561499065,1.7496110775728746,2.69535778089775,2.25,2.2439153345286282,Before the historical event,Event experienced
-0.2799999999999998,0,1,0,Nonshared environmental variance,500,3.957032867804172,3.943553239045834,3.531610138225604,4.405509313325484,4,3.957032867804172,Before the historical event,Event experienced
-0.2799999999999998,0,1,0,Phenotypic variance,500,9.97232935522045,9.980596919623022,9.377758410609875,10.512258278036699,9.973314853384519,9.97232935522045,Before the historical event,Event experienced
-0.2799999999999998,1,0,0,Additive genetic variance,500,3.771381152887651,3.7791576801745723,3.038388348188812,4.444931993877459,3.723314853384518,3.771381152887651,After the historical event,Event not experienced
-0.2799999999999998,1,0,0,Nuclear-family environmental variance,500,2.2439153345286282,2.243774561499065,1.7496110775728746,2.69535778089775,2.25,2.2439153345286282,After the historical event,Event not experienced
-0.2799999999999998,1,0,0,Nonshared environmental variance,500,3.957032867804172,3.943553239045834,3.531610138225604,4.405509313325484,4,3.957032867804172,After the historical event,Event not experienced
-0.2799999999999998,1,0,0,Phenotypic variance,500,9.97232935522045,9.980596919623022,9.377758410609875,10.512258278036699,9.973314853384519,9.97232935522045,After the historical event,Event not experienced
-0.2799999999999998,1,1,1,Additive genetic variance,500,5.759601050338066,5.61820058100931,3.2169770603706325,8.903337370072204,5.554533055373609,5.759601050338066,After the historical event,Event experienced
-0.2799999999999998,1,1,1,Nuclear-family environmental variance,500,2.3088141772713713,2.251911850325558,1.3620767058742564,3.551890940629757,2.25,2.3088141772713713,After the historical event,Event experienced
-0.2799999999999998,1,1,1,Nonshared environmental variance,500,3.9778240473159165,3.9471037288626025,3.049269368775453,5.043751692784956,4,3.9778240473159165,After the historical event,Event experienced
-0.2799999999999998,1,1,1,Phenotypic variance,500,12.046239274925354,11.932631781420351,10.025709035733392,14.608550537537077,11.804533055373609,12.046239274925354,After the historical event,Event experienced
-0.2599999999999998,0,0,0,Additive genetic variance,500,3.7940816139216347,3.805186498876289,3.061357070830929,4.467420444978059,3.7463212598640445,3.7940816139216347,Before the historical event,Event not experienced
-0.2599999999999998,0,0,0,Nuclear-family environmental variance,500,2.2439886217911464,2.2446394195300323,1.7533447020292003,2.6932864976432684,2.25,2.2439886217911464,Before the historical event,Event not experienced
-0.2599999999999998,0,0,0,Nonshared environmental variance,500,3.957607797047391,3.9467081104602437,3.531578672649709,4.4048634534474065,4,3.957607797047391,Before the historical event,Event not experienced
-0.2599999999999998,0,0,0,Phenotypic variance,500,9.995678032760173,10.002467957471636,9.401579415856002,10.533073931798848,9.996321259864045,9.995678032760173,Before the historical event,Event not experienced
-0.2599999999999998,0,1,0,Additive genetic variance,500,3.7940816139216347,3.805186498876289,3.061357070830929,4.467420444978059,3.7463212598640445,3.7940816139216347,Before the historical event,Event experienced
-0.2599999999999998,0,1,0,Nuclear-family environmental variance,500,2.2439886217911464,2.2446394195300323,1.7533447020292003,2.6932864976432684,2.25,2.2439886217911464,Before the historical event,Event experienced
-0.2599999999999998,0,1,0,Nonshared environmental variance,500,3.957607797047391,3.9467081104602437,3.531578672649709,4.4048634534474065,4,3.957607797047391,Before the historical event,Event experienced
-0.2599999999999998,0,1,0,Phenotypic variance,500,9.995678032760173,10.002467957471636,9.401579415856002,10.533073931798848,9.996321259864045,9.995678032760173,Before the historical event,Event experienced
-0.2599999999999998,1,0,0,Additive genetic variance,500,3.7940816139216347,3.805186498876289,3.061357070830929,4.467420444978059,3.7463212598640445,3.7940816139216347,After the historical event,Event not experienced
-0.2599999999999998,1,0,0,Nuclear-family environmental variance,500,2.2439886217911464,2.2446394195300323,1.7533447020292003,2.6932864976432684,2.25,2.2439886217911464,After the historical event,Event not experienced
-0.2599999999999998,1,0,0,Nonshared environmental variance,500,3.957607797047391,3.9467081104602437,3.531578672649709,4.4048634534474065,4,3.957607797047391,After the historical event,Event not experienced
-0.2599999999999998,1,0,0,Phenotypic variance,500,9.995678032760173,10.002467957471636,9.401579415856002,10.533073931798848,9.996321259864045,9.995678032760173,After the historical event,Event not experienced
-0.2599999999999998,1,1,1,Additive genetic variance,500,5.793500502013075,5.65838667556601,3.2397000049865428,8.94326655726464,5.588854580763741,5.793500502013075,After the historical event,Event experienced
-0.2599999999999998,1,1,1,Nuclear-family environmental variance,500,2.3085350684067314,2.250428760212973,1.3623390430351974,3.5469928244704607,2.25,2.3085350684067314,After the historical event,Event experienced
-0.2599999999999998,1,1,1,Nonshared environmental variance,500,3.9781796361025954,3.949520502880514,3.052868328698319,5.037165618892246,4,3.9781796361025954,After the historical event,Event experienced
-0.2599999999999998,1,1,1,Phenotypic variance,500,12.080215206522402,11.972710452752448,10.05659218017813,14.65450791120165,11.83885458076374,12.080215206522402,After the historical event,Event experienced
-0.23999999999999977,0,0,0,Additive genetic variance,500,3.8163203589538925,3.8335123201465002,3.0784256635318936,4.4880574945084,3.768866756276016,3.8163203589538925,Before the historical event,Event not experienced
-0.23999999999999977,0,0,0,Nuclear-family environmental variance,500,2.244063922333317,2.2447405300300827,1.7570748181201659,2.6907062777304724,2.25,2.244063922333317,Before the historical event,Event not experienced
-0.23999999999999977,0,0,0,Nonshared environmental variance,500,3.958181506274644,3.9478190036044065,3.5315471174842914,4.404199055922445,4,3.958181506274644,Before the historical event,Event not experienced
-0.23999999999999977,0,0,0,Phenotypic variance,500,10.018565787561853,10.025380597828573,9.424898193440473,10.553801770257781,10.018866756276015,10.018565787561853,Before the historical event,Event not experienced
-0.23999999999999977,0,1,0,Additive genetic variance,500,3.8163203589538925,3.8335123201465002,3.0784256635318936,4.4880574945084,3.768866756276016,3.8163203589538925,Before the historical event,Event experienced
-0.23999999999999977,0,1,0,Nuclear-family environmental variance,500,2.244063922333317,2.2447405300300827,1.7570748181201659,2.6907062777304724,2.25,2.244063922333317,Before the historical event,Event experienced
-0.23999999999999977,0,1,0,Nonshared environmental variance,500,3.958181506274644,3.9478190036044065,3.5315471174842914,4.404199055922445,4,3.958181506274644,Before the historical event,Event experienced
-0.23999999999999977,0,1,0,Phenotypic variance,500,10.018565787561853,10.025380597828573,9.424898193440473,10.553801770257781,10.018866756276015,10.018565787561853,Before the historical event,Event experienced
-0.23999999999999977,1,0,0,Additive genetic variance,500,3.8163203589538925,3.8335123201465002,3.0784256635318936,4.4880574945084,3.768866756276016,3.8163203589538925,After the historical event,Event not experienced
-0.23999999999999977,1,0,0,Nuclear-family environmental variance,500,2.244063922333317,2.2447405300300827,1.7570748181201659,2.6907062777304724,2.25,2.244063922333317,After the historical event,Event not experienced
-0.23999999999999977,1,0,0,Nonshared environmental variance,500,3.958181506274644,3.9478190036044065,3.5315471174842914,4.404199055922445,4,3.958181506274644,After the historical event,Event not experienced
-0.23999999999999977,1,0,0,Phenotypic variance,500,10.018565787561853,10.025380597828573,9.424898193440473,10.553801770257781,10.018866756276015,10.018565787561853,After the historical event,Event not experienced
-0.23999999999999977,1,1,1,Additive genetic variance,500,5.826676070473316,5.7025714330803225,3.2617518128116707,8.981869817478184,5.622488509131704,5.826676070473316,After the historical event,Event experienced
-0.23999999999999977,1,1,1,Nuclear-family environmental variance,500,2.308256188071087,2.248929699125656,1.3626328340205034,3.5409309217620657,2.25,2.308256188071087,After the historical event,Event experienced
-0.23999999999999977,1,1,1,Nonshared environmental variance,500,3.978533427510515,3.9482828970045327,3.0564736478945247,5.030846962076875,4,3.978533427510515,After the historical event,Event experienced
-0.23999999999999977,1,1,1,Phenotypic variance,500,12.113465686054917,12.006898861136584,10.087111445591928,14.699167021779445,11.872488509131703,12.113465686054917,After the historical event,Event experienced
-0.21999999999999975,0,0,0,Additive genetic variance,500,3.8380874209462017,3.8560251864598474,3.0948649716617043,4.503275889616919,3.7909413331583095,3.8380874209462017,Before the historical event,Event not experienced
-0.21999999999999975,0,0,0,Nuclear-family environmental variance,500,2.2441411719338,2.245041786227082,1.7608013673958993,2.688372006455515,2.25,2.2441411719338,Before the historical event,Event not experienced
-0.21999999999999975,0,0,0,Nonshared environmental variance,500,3.9587539544560295,3.9478566257374945,3.531515472290227,4.403516110060902,4,3.9587539544560295,Before the historical event,Event not experienced
-0.21999999999999975,0,0,0,Phenotypic variance,500,10.04098254733603,10.046149426589494,9.447911258550636,10.568334532606245,10.04094133315831,10.04098254733603,Before the historical event,Event not experienced
-0.21999999999999975,0,1,0,Additive genetic variance,500,3.8380874209462017,3.8560251864598474,3.0948649716617043,4.503275889616919,3.7909413331583095,3.8380874209462017,Before the historical event,Event experienced
-0.21999999999999975,0,1,0,Nuclear-family environmental variance,500,2.2441411719338,2.245041786227082,1.7608013673958993,2.688372006455515,2.25,2.2441411719338,Before the historical event,Event experienced
-0.21999999999999975,0,1,0,Nonshared environmental variance,500,3.9587539544560295,3.9478566257374945,3.531515472290227,4.403516110060902,4,3.9587539544560295,Before the historical event,Event experienced
-0.21999999999999975,0,1,0,Phenotypic variance,500,10.04098254733603,10.046149426589494,9.447911258550636,10.568334532606245,10.04094133315831,10.04098254733603,Before the historical event,Event experienced
-0.21999999999999975,1,0,0,Additive genetic variance,500,3.8380874209462017,3.8560251864598474,3.0948649716617043,4.503275889616919,3.7909413331583095,3.8380874209462017,After the historical event,Event not experienced
-0.21999999999999975,1,0,0,Nuclear-family environmental variance,500,2.2441411719338,2.245041786227082,1.7608013673958993,2.688372006455515,2.25,2.2441411719338,After the historical event,Event not experienced
-0.21999999999999975,1,0,0,Nonshared environmental variance,500,3.9587539544560295,3.9478566257374945,3.531515472290227,4.403516110060902,4,3.9587539544560295,After the historical event,Event not experienced
-0.21999999999999975,1,0,0,Phenotypic variance,500,10.04098254733603,10.046149426589494,9.447911258550636,10.568334532606245,10.04094133315831,10.04098254733603,After the historical event,Event not experienced
-0.21999999999999975,1,1,1,Additive genetic variance,500,5.859112642033244,5.73641826998532,3.283536294499458,9.01912847369541,5.65541990811469,5.859112642033244,After the historical event,Event experienced
-0.21999999999999975,1,1,1,Nuclear-family environmental variance,500,2.307977470301564,2.2486173158786196,1.362958099338556,3.534848325603945,2.25,2.307977470301564,After the historical event,Event experienced
-0.21999999999999975,1,1,1,Nonshared environmental variance,500,3.9788853802182835,3.9468763523458916,3.060086300098653,5.0245433789721865,4,3.9788853802182835,After the historical event,Event experienced
-0.21999999999999975,1,1,1,Phenotypic variance,500,12.145975492553092,12.03961864141887,10.117417564049108,14.729024694704357,11.905419908114691,12.145975492553092,After the historical event,Event experienced
-0.19999999999999973,0,0,0,Additive genetic variance,500,3.8593729990638317,3.8783494071140905,3.113749145700469,4.520306361083109,3.8125351483100185,3.8593729990638317,Before the historical event,Event not experienced
-0.19999999999999973,0,0,0,Nuclear-family environmental variance,500,2.2442203072714655,2.2453885093914163,1.7645242913685013,2.6862666304506946,2.25,2.2442203072714655,Before the historical event,Event not experienced
-0.19999999999999973,0,0,0,Nonshared environmental variance,500,3.959325101071215,3.9458939837724936,3.535851803739356,4.4023758540991,4,3.959325101071215,Before the historical event,Event not experienced
-0.19999999999999973,0,0,0,Phenotypic variance,500,10.062918407406512,10.069502266464916,9.470640793446496,10.590802385366036,10.062535148310019,10.062918407406512,Before the historical event,Event not experienced
-0.19999999999999973,0,1,0,Additive genetic variance,500,3.8593729990638317,3.8783494071140905,3.113749145700469,4.520306361083109,3.8125351483100185,3.8593729990638317,Before the historical event,Event experienced
-0.19999999999999973,0,1,0,Nuclear-family environmental variance,500,2.2442203072714655,2.2453885093914163,1.7645242913685013,2.6862666304506946,2.25,2.2442203072714655,Before the historical event,Event experienced
-0.19999999999999973,0,1,0,Nonshared environmental variance,500,3.959325101071215,3.9458939837724936,3.535851803739356,4.4023758540991,4,3.959325101071215,Before the historical event,Event experienced
-0.19999999999999973,0,1,0,Phenotypic variance,500,10.062918407406512,10.069502266464916,9.470640793446496,10.590802385366036,10.062535148310019,10.062918407406512,Before the historical event,Event experienced
-0.19999999999999973,1,0,0,Additive genetic variance,500,3.8593729990638317,3.8783494071140905,3.113749145700469,4.520306361083109,3.8125351483100185,3.8593729990638317,After the historical event,Event not experienced
-0.19999999999999973,1,0,0,Nuclear-family environmental variance,500,2.2442203072714655,2.2453885093914163,1.7645242913685013,2.6862666304506946,2.25,2.2442203072714655,After the historical event,Event not experienced
-0.19999999999999973,1,0,0,Nonshared environmental variance,500,3.959325101071215,3.9458939837724936,3.535851803739356,4.4023758540991,4,3.959325101071215,After the historical event,Event not experienced
-0.19999999999999973,1,0,0,Phenotypic variance,500,10.062918407406512,10.069502266464916,9.470640793446496,10.590802385366036,10.062535148310019,10.062918407406512,After the historical event,Event not experienced
-0.19999999999999973,1,1,1,Additive genetic variance,500,5.890795371829216,5.770408294340127,3.304873575657413,9.055024447226664,5.68763409487431,5.890795371829216,After the historical event,Event experienced
-0.19999999999999973,1,1,1,Nuclear-family environmental variance,500,2.3076988501323368,2.24756267035836,1.3633148616796293,3.5287451641151466,2.25,2.3076988501323368,After the historical event,Event experienced
-0.19999999999999973,1,1,1,Nonshared environmental variance,500,3.9792354534252015,3.9473770951028366,3.063582402533529,5.018254757647139,4,3.9792354534252015,After the historical event,Event experienced
-0.19999999999999973,1,1,1,Phenotypic variance,500,12.177729675386754,12.07230008626157,10.15071121058908,14.757177651995036,11.93763409487431,12.177729675386754,After the historical event,Event experienced
-0.18000000000000016,0,0,0,Additive genetic variance,500,3.880167466130548,3.8954891504476947,3.132611474382778,4.538232440991108,3.8336385340877466,3.880167466130548,Before the historical event,Event not experienced
-0.18000000000000016,0,0,0,Nuclear-family environmental variance,500,2.244301265927793,2.2441053929728296,1.7682435315137766,2.687953598375222,2.25,2.244301265927793,Before the historical event,Event not experienced
-0.18000000000000016,0,0,0,Nonshared environmental variance,500,3.9598949061102404,3.9506865942253517,3.5373134752716107,4.401996782327413,4,3.9598949061102404,Before the historical event,Event not experienced
-0.18000000000000016,0,0,0,Phenotypic variance,500,10.084363638168583,10.094357011395019,9.497175913955523,10.612711349791159,10.083638534087747,10.084363638168583,Before the historical event,Event not experienced
-0.18000000000000016,0,1,0,Additive genetic variance,500,3.880167466130548,3.8954891504476947,3.132611474382778,4.538232440991108,3.8336385340877466,3.880167466130548,Before the historical event,Event experienced
-0.18000000000000016,0,1,0,Nuclear-family environmental variance,500,2.244301265927793,2.2441053929728296,1.7682435315137766,2.687953598375222,2.25,2.244301265927793,Before the historical event,Event experienced
-0.18000000000000016,0,1,0,Nonshared environmental variance,500,3.9598949061102404,3.9506865942253517,3.5373134752716107,4.401996782327413,4,3.9598949061102404,Before the historical event,Event experienced
-0.18000000000000016,0,1,0,Phenotypic variance,500,10.084363638168583,10.094357011395019,9.497175913955523,10.612711349791159,10.083638534087747,10.084363638168583,Before the historical event,Event experienced
-0.18000000000000016,1,0,0,Additive genetic variance,500,3.880167466130548,3.8954891504476947,3.132611474382778,4.538232440991108,3.8336385340877466,3.880167466130548,After the historical event,Event not experienced
-0.18000000000000016,1,0,0,Nuclear-family environmental variance,500,2.244301265927793,2.2441053929728296,1.7682435315137766,2.687953598375222,2.25,2.244301265927793,After the historical event,Event not experienced
-0.18000000000000016,1,0,0,Nonshared environmental variance,500,3.9598949061102404,3.9506865942253517,3.5373134752716107,4.401996782327413,4,3.9598949061102404,After the historical event,Event not experienced
-0.18000000000000016,1,0,0,Phenotypic variance,500,10.084363638168583,10.094357011395019,9.497175913955523,10.612711349791159,10.083638534087747,10.084363638168583,After the historical event,Event not experienced
-0.18000000000000016,1,1,1,Additive genetic variance,500,5.921709695289618,5.803948356113068,3.3254664137622267,9.087139759388606,5.719116646981375,5.921709695289618,After the historical event,Event experienced
-0.18000000000000016,1,1,1,Nuclear-family environmental variance,500,2.3074202635968133,2.2468084790079548,1.3637031459185307,3.5226215659866726,2.25,2.3074202635968133,After the historical event,Event experienced
-0.18000000000000016,1,1,1,Nonshared environmental variance,500,3.9795836068520036,3.947839329502033,3.066803857059944,5.011980987486899,4,3.9795836068520036,After the historical event,Event experienced
-0.18000000000000016,1,1,1,Phenotypic variance,500,12.208713565738435,12.105585415061764,10.18357917036327,14.797482642330484,11.969116646981375,12.208713565738435,After the historical event,Event experienced
-0.16000000000000014,0,0,0,Additive genetic variance,500,3.90046137598835,3.91798824364186,3.147347151202135,4.55556767748591,3.8542420046040085,3.90046137598835,Before the historical event,Event not experienced
-0.16000000000000014,0,0,0,Nuclear-family environmental variance,500,2.2443839863892907,2.245661729699146,1.7719590292729677,2.6911098780343385,2.25,2.2443839863892907,Before the historical event,Event not experienced
-0.16000000000000014,0,0,0,Nonshared environmental variance,500,3.960463330074319,3.952670923726009,3.5361602590493764,4.401643747095548,4,3.960463330074319,Before the historical event,Event not experienced
-0.16000000000000014,0,0,0,Phenotypic variance,500,10.10530869245196,10.11576402503102,9.524045414760607,10.634648049889716,10.104242004604009,10.10530869245196,Before the historical event,Event not experienced
-0.16000000000000014,0,1,0,Additive genetic variance,500,3.90046137598835,3.91798824364186,3.147347151202135,4.55556767748591,3.8542420046040085,3.90046137598835,Before the historical event,Event experienced
-0.16000000000000014,0,1,0,Nuclear-family environmental variance,500,2.2443839863892907,2.245661729699146,1.7719590292729677,2.6911098780343385,2.25,2.2443839863892907,Before the historical event,Event experienced
-0.16000000000000014,0,1,0,Nonshared environmental variance,500,3.960463330074319,3.952670923726009,3.5361602590493764,4.401643747095548,4,3.960463330074319,Before the historical event,Event experienced
-0.16000000000000014,0,1,0,Phenotypic variance,500,10.10530869245196,10.11576402503102,9.524045414760607,10.634648049889716,10.104242004604009,10.10530869245196,Before the historical event,Event experienced
-0.16000000000000014,1,0,0,Additive genetic variance,500,3.90046137598835,3.91798824364186,3.147347151202135,4.55556767748591,3.8542420046040085,3.90046137598835,After the historical event,Event not experienced
-0.16000000000000014,1,0,0,Nuclear-family environmental variance,500,2.2443839863892907,2.245661729699146,1.7719590292729677,2.6911098780343385,2.25,2.2443839863892907,After the historical event,Event not experienced
-0.16000000000000014,1,0,0,Nonshared environmental variance,500,3.960463330074319,3.952670923726009,3.5361602590493764,4.401643747095548,4,3.960463330074319,After the historical event,Event not experienced
-0.16000000000000014,1,0,0,Phenotypic variance,500,10.10530869245196,10.11576402503102,9.524045414760607,10.634648049889716,10.104242004604009,10.10530869245196,After the historical event,Event not experienced
-0.16000000000000014,1,1,1,Additive genetic variance,500,5.95184133944432,5.835249848263828,3.34576895062799,9.105784772387928,5.749853413154658,5.95184133944432,After the historical event,Event experienced
-0.16000000000000014,1,1,1,Nuclear-family environmental variance,500,2.307141647729816,2.2470254534284386,1.3641229791174903,3.5164776604752093,2.25,2.307141647729816,After the historical event,Event experienced
-0.16000000000000014,1,1,1,Nonshared environmental variance,500,3.9799298007415977,3.9489981531586604,3.07003907402445,5.005721959185005,4,3.9799298007415977,After the historical event,Event experienced
-0.16000000000000014,1,1,1,Phenotypic variance,500,12.238912787915734,12.146396119680603,10.216006943757518,14.84047175109156,11.999853413154657,12.238912787915734,After the historical event,Event experienced
-0.14000000000000012,0,0,0,Additive genetic variance,500,3.920245470753973,3.9379502089116243,3.1617035415418844,4.5723045870485866,3.8743362628202704,3.920245470753973,Before the historical event,Event not experienced
-0.14000000000000012,0,0,0,Nuclear-family environmental variance,500,2.244468408049928,2.245731681249799,1.7756707260544942,2.6925561873784964,2.25,2.244468408049928,Before the historical event,Event not experienced
-0.14000000000000012,0,0,0,Nonshared environmental variance,500,3.9610303339766393,3.9553585152067656,3.535012002475726,4.401302358748193,4,3.9610303339766393,Before the historical event,Event not experienced
-0.14000000000000012,0,0,0,Phenotypic variance,500,10.12574421278054,10.136225923955047,9.553599653182886,10.657193731575976,10.12433626282027,10.12574421278054,Before the historical event,Event not experienced
-0.14000000000000012,0,1,0,Additive genetic variance,500,3.920245470753973,3.9379502089116243,3.1617035415418844,4.5723045870485866,3.8743362628202704,3.920245470753973,Before the historical event,Event experienced
-0.14000000000000012,0,1,0,Nuclear-family environmental variance,500,2.244468408049928,2.245731681249799,1.7756707260544942,2.6925561873784964,2.25,2.244468408049928,Before the historical event,Event experienced
-0.14000000000000012,0,1,0,Nonshared environmental variance,500,3.9610303339766393,3.9553585152067656,3.535012002475726,4.401302358748193,4,3.9610303339766393,Before the historical event,Event experienced
-0.14000000000000012,0,1,0,Phenotypic variance,500,10.12574421278054,10.136225923955047,9.553599653182886,10.657193731575976,10.12433626282027,10.12574421278054,Before the historical event,Event experienced
-0.14000000000000012,1,0,0,Additive genetic variance,500,3.920245470753973,3.9379502089116243,3.1617035415418844,4.5723045870485866,3.8743362628202704,3.920245470753973,After the historical event,Event not experienced
-0.14000000000000012,1,0,0,Nuclear-family environmental variance,500,2.244468408049928,2.245731681249799,1.7756707260544942,2.6925561873784964,2.25,2.244468408049928,After the historical event,Event not experienced
-0.14000000000000012,1,0,0,Nonshared environmental variance,500,3.9610303339766393,3.9553585152067656,3.535012002475726,4.401302358748193,4,3.9610303339766393,After the historical event,Event not experienced
-0.14000000000000012,1,0,0,Phenotypic variance,500,10.12574421278054,10.136225923955047,9.553599653182886,10.657193731575976,10.12433626282027,10.12574421278054,After the historical event,Event not experienced
-0.14000000000000012,1,1,1,Additive genetic variance,500,5.981176334060991,5.861704097596011,3.3657738611166943,9.123193085573993,5.77983052384246,5.981176334060991,After the historical event,Event experienced
-0.14000000000000012,1,1,1,Nuclear-family environmental variance,500,2.306862940569766,2.2458327284441424,1.3645743905293064,3.50958653691919,2.25,2.306862940569766,After the historical event,Event experienced
-0.14000000000000012,1,1,1,Nonshared environmental variance,500,3.980273995859803,3.951074399360137,3.0732880896658914,4.9994775647356144,4,3.980273995859803,After the historical event,Event experienced
-0.14000000000000012,1,1,1,Phenotypic variance,500,12.26831327049056,12.190802470232908,10.240015722178988,14.864974189847237,12.02983052384246,12.26831327049056,After the historical event,Event experienced
-0.1200000000000001,0,0,0,Additive genetic variance,500,3.939510687964247,3.9552308279468464,3.175674820787756,4.588435921356195,3.8939122075272037,3.939510687964247,Before the historical event,Event not experienced
-0.1200000000000001,0,0,0,Nuclear-family environmental variance,500,2.24455447121359,2.2441507102581246,1.779378563235697,2.6930659606892626,2.25,2.24455447121359,Before the historical event,Event not experienced
-0.1200000000000001,0,0,0,Nonshared environmental variance,500,3.9615958793431685,3.958312160367935,3.5338687006619445,4.400972611814545,4,3.9615958793431685,Before the historical event,Event not experienced
-0.1200000000000001,0,0,0,Phenotypic variance,500,10.145661038521006,10.156346547864299,9.5804393800494,10.679181944546606,10.143912207527205,10.145661038521006,Before the historical event,Event not experienced
-0.1200000000000001,0,1,0,Additive genetic variance,500,3.939510687964247,3.9552308279468464,3.175674820787756,4.588435921356195,3.8939122075272037,3.939510687964247,Before the historical event,Event experienced
-0.1200000000000001,0,1,0,Nuclear-family environmental variance,500,2.24455447121359,2.2441507102581246,1.779378563235697,2.6930659606892626,2.25,2.24455447121359,Before the historical event,Event experienced
-0.1200000000000001,0,1,0,Nonshared environmental variance,500,3.9615958793431685,3.958312160367935,3.5338687006619445,4.400972611814545,4,3.9615958793431685,Before the historical event,Event experienced
-0.1200000000000001,0,1,0,Phenotypic variance,500,10.145661038521006,10.156346547864299,9.5804393800494,10.679181944546606,10.143912207527205,10.145661038521006,Before the historical event,Event experienced
-0.1200000000000001,1,0,0,Additive genetic variance,500,3.939510687964247,3.9552308279468464,3.175674820787756,4.588435921356195,3.8939122075272037,3.939510687964247,After the historical event,Event not experienced
-0.1200000000000001,1,0,0,Nuclear-family environmental variance,500,2.24455447121359,2.2441507102581246,1.779378563235697,2.6930659606892626,2.25,2.24455447121359,After the historical event,Event not experienced
-0.1200000000000001,1,0,0,Nonshared environmental variance,500,3.9615958793431685,3.958312160367935,3.5338687006619445,4.400972611814545,4,3.9615958793431685,After the historical event,Event not experienced
-0.1200000000000001,1,0,0,Phenotypic variance,500,10.145661038521006,10.156346547864299,9.5804393800494,10.679181944546606,10.143912207527205,10.145661038521006,After the historical event,Event not experienced
-0.1200000000000001,1,1,1,Additive genetic variance,500,6.009701022595982,5.891350430673015,3.385473885493532,9.140413970658843,5.809034401635921,6.009701022595982,After the historical event,Event experienced
-0.1200000000000001,1,1,1,Nuclear-family environmental variance,500,2.3065840811608562,2.2446220776094243,1.365057411600744,3.5010307767554822,2.25,2.3065840811608562,After the historical event,Event experienced
-0.1200000000000001,1,1,1,Nonshared environmental variance,500,3.980616153496084,3.953138809299986,3.0765509404449225,4.9932476974257805,4,3.980616153496084,After the historical event,Event experienced
-0.1200000000000001,1,1,1,Phenotypic variance,500,12.296901257252921,12.226095886834393,10.26142280516698,14.893260252727327,12.059034401635921,12.296901257252921,After the historical event,Event experienced
-0.10000000000000009,0,0,0,Additive genetic variance,500,3.958248167602486,3.9687532660367135,3.1892553024658596,4.606253943711906,3.9129609402048398,3.958248167602486,Before the historical event,Event not experienced
-0.10000000000000009,0,0,0,Nuclear-family environmental variance,500,2.2446421170965443,2.244212992227645,1.7830824821645879,2.6932678444855265,2.25,2.2446421170965443,Before the historical event,Event not experienced
-0.10000000000000009,0,0,0,Nonshared environmental variance,500,3.9621599282134476,3.9576330602416734,3.5327303487405173,4.399691062542621,4,3.9621599282134476,Before the historical event,Event not experienced
-0.10000000000000009,0,0,0,Phenotypic variance,500,10.165050212912478,10.174147241699249,9.6058053236966785,10.696654077088288,10.16296094020484,10.165050212912478,Before the historical event,Event not experienced
-0.10000000000000009,0,1,0,Additive genetic variance,500,3.958248167602486,3.9687532660367135,3.1892553024658596,4.606253943711906,3.9129609402048398,3.958248167602486,Before the historical event,Event experienced
-0.10000000000000009,0,1,0,Nuclear-family environmental variance,500,2.2446421170965443,2.244212992227645,1.7830824821645879,2.6932678444855265,2.25,2.2446421170965443,Before the historical event,Event experienced
-0.10000000000000009,0,1,0,Nonshared environmental variance,500,3.9621599282134476,3.9576330602416734,3.5327303487405173,4.399691062542621,4,3.9621599282134476,Before the historical event,Event experienced
-0.10000000000000009,0,1,0,Phenotypic variance,500,10.165050212912478,10.174147241699249,9.6058053236966785,10.696654077088288,10.16296094020484,10.165050212912478,Before the historical event,Event experienced
-0.10000000000000009,1,0,0,Additive genetic variance,500,3.958248167602486,3.9687532660367135,3.1892553024658596,4.606253943711906,3.9129609402048398,3.958248167602486,After the historical event,Event not experienced
-0.10000000000000009,1,0,0,Nuclear-family environmental variance,500,2.2446421170965443,2.244212992227645,1.7830824821645879,2.6932678444855265,2.25,2.2446421170965443,After the historical event,Event not experienced
-0.10000000000000009,1,0,0,Nonshared environmental variance,500,3.9621599282134476,3.9576330602416734,3.5327303487405173,4.399691062542621,4,3.9621599282134476,After the historical event,Event not experienced
-0.10000000000000009,1,0,0,Phenotypic variance,500,10.165050212912478,10.174147241699249,9.6058053236966785,10.696654077088288,10.16296094020484,10.165050212912478,After the historical event,Event not experienced
-0.10000000000000009,1,1,1,Additive genetic variance,500,6.037402072947574,5.918648657603346,3.4063327031425317,9.15686006610855,5.8374517715031855,6.037402072947574,After the historical event,Event experienced
-0.10000000000000009,1,1,1,Nuclear-family environmental variance,500,2.3063050095552264,2.2455591482685398,1.3663838945394153,3.492490569981438,2.25,2.3063050095552264,After the historical event,Event experienced
-0.10000000000000009,1,1,1,Nonshared environmental variance,500,3.980956235464284,3.954234647974199,3.079827663044915,4.987032251827788,4,3.980956235464284,After the historical event,Event experienced
-0.10000000000000009,1,1,1,Phenotypic variance,500,12.324663317967085,12.256594168208306,10.282484370936237,14.930446867614812,12.087451771503186,12.324663317967085,After the historical event,Event experienced
-0.08000000000000007,0,0,0,Additive genetic variance,500,3.9764492589981684,3.991125462516316,3.2024394420988047,4.627501713442115,3.9314737717553903,3.9764492589981684,Before the historical event,Event not experienced
-0.08000000000000007,0,0,0,Nuclear-family environmental variance,500,2.244731287829925,2.244710498059839,1.7867824241616022,2.6923563639397656,2.25,2.244731287829925,Before the historical event,Event not experienced
-0.08000000000000007,0,0,0,Nonshared environmental variance,500,3.962722443141394,3.9582893008659292,3.5315969418650983,4.398399546956481,4,3.962722443141394,Before the historical event,Event not experienced
-0.08000000000000007,0,0,0,Phenotypic variance,500,10.183902989969488,10.192804797600113,9.626757585549338,10.713294348414403,10.18147377175539,10.183902989969488,Before the historical event,Event not experienced
-0.08000000000000007,0,1,0,Additive genetic variance,500,3.9764492589981684,3.991125462516316,3.2024394420988047,4.627501713442115,3.9314737717553903,3.9764492589981684,Before the historical event,Event experienced
-0.08000000000000007,0,1,0,Nuclear-family environmental variance,500,2.244731287829925,2.244710498059839,1.7867824241616022,2.6923563639397656,2.25,2.244731287829925,Before the historical event,Event experienced
-0.08000000000000007,0,1,0,Nonshared environmental variance,500,3.962722443141394,3.9582893008659292,3.5315969418650983,4.398399546956481,4,3.962722443141394,Before the historical event,Event experienced
-0.08000000000000007,0,1,0,Phenotypic variance,500,10.183902989969488,10.192804797600113,9.626757585549338,10.713294348414403,10.18147377175539,10.183902989969488,Before the historical event,Event experienced
-0.08000000000000007,1,0,0,Additive genetic variance,500,3.9764492589981684,3.991125462516316,3.2024394420988047,4.627501713442115,3.9314737717553903,3.9764492589981684,After the historical event,Event not experienced
-0.08000000000000007,1,0,0,Nuclear-family environmental variance,500,2.244731287829925,2.244710498059839,1.7867824241616022,2.6923563639397656,2.25,2.244731287829925,After the historical event,Event not experienced
-0.08000000000000007,1,0,0,Nonshared environmental variance,500,3.962722443141394,3.9582893008659292,3.5315969418650983,4.398399546956481,4,3.962722443141394,After the historical event,Event not experienced
-0.08000000000000007,1,0,0,Phenotypic variance,500,10.183902989969488,10.192804797600113,9.626757585549338,10.713294348414403,10.18147377175539,10.183902989969488,After the historical event,Event not experienced
-0.08000000000000007,1,1,1,Additive genetic variance,500,6.064266487999598,5.9460830419257285,3.4306406168741637,9.17314368737495,5.86506967083357,6.064266487999598,After the historical event,Event experienced
-0.08000000000000007,1,1,1,Nuclear-family environmental variance,500,2.306025666815132,2.244978164781763,1.3700887792234049,3.4839658948566834,2.25,2.306025666815132,After the historical event,Event experienced
-0.08000000000000007,1,1,1,Nonshared environmental variance,500,3.9812942041033557,3.9533079649810547,3.083118294372877,4.980831123791541,4,3.9812942041033557,After the historical event,Event experienced
-0.08000000000000007,1,1,1,Phenotypic variance,500,12.351586358918086,12.280112353969894,10.302409004113677,14.966233616737917,12.11506967083357,12.351586358918086,After the historical event,Event experienced
-0.06000000000000005,0,0,0,Additive genetic variance,500,3.9941055275922874,4.010643337320852,3.2152218409776285,4.652497127981583,3.949442229101612,3.9941055275922874,Before the historical event,Event not experienced
-0.06000000000000005,0,0,0,Nuclear-family environmental variance,500,2.2448219264622256,2.2446392831524813,1.7904783305213574,2.69147908338703,2.25,2.2448219264622256,Before the historical event,Event not experienced
-0.06000000000000005,0,0,0,Nonshared environmental variance,500,3.963283387196096,3.958268437011773,3.5312590211881467,4.397114402176024,4,3.963283387196096,Before the historical event,Event not experienced
-0.06000000000000005,0,0,0,Phenotypic variance,500,10.20221084125061,10.208748897973694,9.645879569204912,10.729282790203362,10.199442229101612,10.20221084125061,Before the historical event,Event not experienced
-0.06000000000000005,0,1,0,Additive genetic variance,500,3.9941055275922874,4.010643337320852,3.2152218409776285,4.652497127981583,3.949442229101612,3.9941055275922874,Before the historical event,Event experienced
-0.06000000000000005,0,1,0,Nuclear-family environmental variance,500,2.2448219264622256,2.2446392831524813,1.7904783305213574,2.69147908338703,2.25,2.2448219264622256,Before the historical event,Event experienced
-0.06000000000000005,0,1,0,Nonshared environmental variance,500,3.963283387196096,3.958268437011773,3.5312590211881467,4.397114402176024,4,3.963283387196096,Before the historical event,Event experienced
-0.06000000000000005,0,1,0,Phenotypic variance,500,10.20221084125061,10.208748897973694,9.645879569204912,10.729282790203362,10.199442229101612,10.20221084125061,Before the historical event,Event experienced
-0.06000000000000005,1,0,0,Additive genetic variance,500,3.9941055275922874,4.010643337320852,3.2152218409776285,4.652497127981583,3.949442229101612,3.9941055275922874,After the historical event,Event not experienced
-0.06000000000000005,1,0,0,Nuclear-family environmental variance,500,2.2448219264622256,2.2446392831524813,1.7904783305213574,2.69147908338703,2.25,2.2448219264622256,After the historical event,Event not experienced
-0.06000000000000005,1,0,0,Nonshared environmental variance,500,3.963283387196096,3.958268437011773,3.5312590211881467,4.397114402176024,4,3.963283387196096,After the historical event,Event not experienced
-0.06000000000000005,1,0,0,Phenotypic variance,500,10.20221084125061,10.208748897973694,9.645879569204912,10.729282790203362,10.199442229101612,10.20221084125061,After the historical event,Event not experienced
-0.06000000000000005,1,1,1,Additive genetic variance,500,6.090281615943564,5.9682385123195605,3.454599693621375,9.198394045603338,5.8918754592811755,6.090281615943564,After the historical event,Event experienced
-0.06000000000000005,1,1,1,Nuclear-family environmental variance,500,2.3057459950151027,2.244947087216982,1.3738086131295901,3.475456729775618,2.25,2.3057459950151027,After the historical event,Event experienced
-0.06000000000000005,1,1,1,Nonshared environmental variance,500,3.9816300222780874,3.9531964448022103,3.0864228715603774,4.9746442104370026,4,3.9816300222780874,After the historical event,Event experienced
-0.06000000000000005,1,1,1,Phenotypic variance,500,12.377657633236755,12.301944447779423,10.321718944404552,15.001345003388531,12.141875459281176,12.377657633236755,After the historical event,Event experienced
-0.040000000000000036,0,0,0,Additive genetic variance,500,4.011208761560837,4.027230575290889,3.2281932898627357,4.676809682407702,3.966858061643717,4.011208761560837,Before the historical event,Event not experienced
-0.040000000000000036,0,0,0,Nuclear-family environmental variance,500,2.2449139769618127,2.2445703721453425,1.7941701425144165,2.6906359966568263,2.25,2.2449139769618127,Before the historical event,Event not experienced
-0.040000000000000036,0,0,0,Nonshared environmental variance,500,3.9638427239626095,3.9574412352471233,3.5312235857142245,4.395835626361315,4,3.9638427239626095,Before the historical event,Event not experienced
-0.040000000000000036,0,0,0,Phenotypic variance,500,10.21996546248526,10.225288396402485,9.660716724857753,10.744613285587967,10.216858061643716,10.21996546248526,Before the historical event,Event not experienced
-0.040000000000000036,0,1,0,Additive genetic variance,500,4.011208761560837,4.027230575290889,3.2281932898627357,4.676809682407702,3.966858061643717,4.011208761560837,Before the historical event,Event experienced
-0.040000000000000036,0,1,0,Nuclear-family environmental variance,500,2.2449139769618127,2.2445703721453425,1.7941701425144165,2.6906359966568263,2.25,2.2449139769618127,Before the historical event,Event experienced
-0.040000000000000036,0,1,0,Nonshared environmental variance,500,3.9638427239626095,3.9574412352471233,3.5312235857142245,4.395835626361315,4,3.9638427239626095,Before the historical event,Event experienced
-0.040000000000000036,0,1,0,Phenotypic variance,500,10.21996546248526,10.225288396402485,9.660716724857753,10.744613285587967,10.216858061643716,10.21996546248526,Before the historical event,Event experienced
-0.040000000000000036,1,0,0,Additive genetic variance,500,4.011208761560837,4.027230575290889,3.2281932898627357,4.676809682407702,3.966858061643717,4.011208761560837,After the historical event,Event not experienced
-0.040000000000000036,1,0,0,Nuclear-family environmental variance,500,2.2449139769618127,2.2445703721453425,1.7941701425144165,2.6906359966568263,2.25,2.2449139769618127,After the historical event,Event not experienced
-0.040000000000000036,1,0,0,Nonshared environmental variance,500,3.9638427239626095,3.9574412352471233,3.5312235857142245,4.395835626361315,4,3.9638427239626095,After the historical event,Event not experienced
-0.040000000000000036,1,0,0,Phenotypic variance,500,10.21996546248526,10.225288396402485,9.660716724857753,10.744613285587967,10.216858061643716,10.21996546248526,After the historical event,Event not experienced
-0.040000000000000036,1,1,1,Additive genetic variance,500,6.115435160367676,5.997343725397533,3.478200219409009,9.219449989665677,5.917856828397474,6.115435160367676,After the historical event,Event experienced
-0.040000000000000036,1,1,1,Nuclear-family environmental variance,500,2.305465937244098,2.246108395550395,1.3775432404358123,3.4669630532661917,2.25,2.305465937244098,After the historical event,Event experienced
-0.040000000000000036,1,1,1,Nonshared environmental variance,500,3.9819636533798306,3.952171369793788,3.0907431832037093,4.968941265117634,4,3.9819636533798306,After the historical event,Event experienced
-0.040000000000000036,1,1,1,Phenotypic variance,500,12.402864750991606,12.32503269340307,10.340665246095217,15.016717878165913,12.167856828397474,12.402864750991606,After the historical event,Event experienced
-0.020000000000000018,0,0,0,Additive genetic variance,500,4.027750978289051,4.044505628621737,3.2412341104298763,4.6974667110262995,3.9837132475679375,4.027750978289051,Before the historical event,Event not experienced
-0.020000000000000018,0,0,0,Nuclear-family environmental variance,500,2.2450073842194445,2.244238014908395,1.797857801389053,2.6905675866872425,2.25,2.2450073842194445,Before the historical event,Event not experienced
-0.020000000000000018,0,0,0,Nonshared environmental variance,500,3.96440041754275,3.9560090423083833,3.5311817712680442,4.394563217699913,4,3.96440041754275,Before the historical event,Event not experienced
-0.020000000000000018,0,0,0,Phenotypic variance,500,10.237158780051246,10.24387359863813,9.675978153075846,10.759280021967822,10.233713247567938,10.237158780051246,Before the historical event,Event not experienced
-0.020000000000000018,0,1,0,Additive genetic variance,500,4.027750978289051,4.044505628621737,3.2412341104298763,4.6974667110262995,3.9837132475679375,4.027750978289051,Before the historical event,Event experienced
-0.020000000000000018,0,1,0,Nuclear-family environmental variance,500,2.2450073842194445,2.244238014908395,1.797857801389053,2.6905675866872425,2.25,2.2450073842194445,Before the historical event,Event experienced
-0.020000000000000018,0,1,0,Nonshared environmental variance,500,3.96440041754275,3.9560090423083833,3.5311817712680442,4.394563217699913,4,3.96440041754275,Before the historical event,Event experienced
-0.020000000000000018,0,1,0,Phenotypic variance,500,10.237158780051246,10.24387359863813,9.675978153075846,10.759280021967822,10.233713247567938,10.237158780051246,Before the historical event,Event experienced
-0.020000000000000018,1,0,0,Additive genetic variance,500,4.027750978289051,4.044505628621737,3.2412341104298763,4.6974667110262995,3.9837132475679375,4.027750978289051,After the historical event,Event not experienced
-0.020000000000000018,1,0,0,Nuclear-family environmental variance,500,2.2450073842194445,2.244238014908395,1.797857801389053,2.6905675866872425,2.25,2.2450073842194445,After the historical event,Event not experienced
-0.020000000000000018,1,0,0,Nonshared environmental variance,500,3.96440041754275,3.9560090423083833,3.5311817712680442,4.394563217699913,4,3.96440041754275,After the historical event,Event not experienced
-0.020000000000000018,1,0,0,Phenotypic variance,500,10.237158780051246,10.24387359863813,9.675978153075846,10.759280021967822,10.233713247567938,10.237158780051246,After the historical event,Event not experienced
-0.020000000000000018,1,1,1,Additive genetic variance,500,6.139715190101289,6.01766205496774,3.501432576224661,9.231141874149257,5.943001811042563,6.139715190101289,After the historical event,Event experienced
-0.020000000000000018,1,1,1,Nuclear-family environmental variance,500,2.305185437607655,2.2486590860838445,1.3812606924368125,3.4584848439886797,2.25,2.305185437607655,After the historical event,Event experienced
-0.020000000000000018,1,1,1,Nonshared environmental variance,500,3.9822950613272186,3.953161620173832,3.096066516129132,4.967036406736501,4,3.9822950613272186,After the historical event,Event experienced
-0.020000000000000018,1,1,1,Phenotypic variance,500,12.427195689036163,12.347335447852986,10.360003662327607,15.03214309786386,12.193001811042564,12.427195689036163,After the historical event,Event experienced
0,0,0,0,Additive genetic variance,500,4.043724430689129,4.067209409679598,3.254510865487246,4.7059289797774175,4,4.043724430689129,Before the historical event,Event not experienced
0,0,0,0,Nuclear-family environmental variance,500,2.245102094050805,2.244138461724229,1.8015412483730238,2.6940622821582485,2.25,2.245102094050805,Before the historical event,Event not experienced
0,0,0,0,Nonshared environmental variance,500,3.964956432555887,3.9558142490868557,3.531960914520804,4.393297174406875,4,3.964956432555887,Before the historical event,Event not experienced
0,0,0,0,Phenotypic variance,500,10.25378295729582,10.257118158266387,9.692833356805814,10.77327749549886,10.25,10.25378295729582,Before the historical event,Event not experienced
0,0,1,0,Additive genetic variance,500,4.043724430689129,4.067209409679598,3.254510865487246,4.7059289797774175,4,4.043724430689129,Before the historical event,Event experienced
0,0,1,0,Nuclear-family environmental variance,500,2.245102094050805,2.244138461724229,1.8015412483730238,2.6940622821582485,2.25,2.245102094050805,Before the historical event,Event experienced
0,0,1,0,Nonshared environmental variance,500,3.964956432555887,3.9558142490868557,3.531960914520804,4.393297174406875,4,3.964956432555887,Before the historical event,Event experienced
0,0,1,0,Phenotypic variance,500,10.25378295729582,10.257118158266387,9.692833356805814,10.77327749549886,10.25,10.25378295729582,Before the historical event,Event experienced
0,1,0,0,Additive genetic variance,500,4.043724430689129,4.067209409679598,3.254510865487246,4.7059289797774175,4,4.043724430689129,After the historical event,Event not experienced
0,1,0,0,Nuclear-family environmental variance,500,2.245102094050805,2.244138461724229,1.8015412483730238,2.6940622821582485,2.25,2.245102094050805,After the historical event,Event not experienced
0,1,0,0,Nonshared environmental variance,500,3.964956432555887,3.9558142490868557,3.531960914520804,4.393297174406875,4,3.964956432555887,After the historical event,Event not experienced
0,1,0,0,Phenotypic variance,500,10.25378295729582,10.257118158266387,9.692833356805814,10.77327749549886,10.25,10.25378295729582,After the historical event,Event not experienced
0,1,1,1,Additive genetic variance,500,6.1631101488036,6.044383551958305,3.5246967770263113,9.241401645928583,5.967298790565081,6.1631101488036,After the historical event,Event experienced
0,1,1,1,Nuclear-family environmental variance,500,2.304904441230023,2.2511885432028196,1.384715513127339,3.45002208073446,2.25,2.304904441230023,After the historical event,Event experienced
0,1,1,1,Nonshared environmental variance,500,3.9826242105668874,3.956164043263774,3.101352654838424,4.965090743494375,4,3.9826242105668874,After the historical event,Event experienced
0,1,1,1,Phenotypic variance,500,12.45063880060051,12.367424253242618,10.378442881853758,15.061524044802187,12.217298790565081,12.45063880060051,After the historical event,Event experienced
0.020000000000000018,0,0,0,Additive genetic variance,500,4.059121613354339,4.085007100896237,3.270049199542673,4.713671822200384,4.01571077299691,4.059121613354339,Before the historical event,Event not experienced
0.020000000000000018,0,0,0,Nuclear-family environmental variance,500,2.2451980531990485,2.245659525955135,1.805220424675344,2.6973306700736517,2.25,2.2451980531990485,Before the historical event,Event not experienced
0.020000000000000018,0,0,0,Nonshared environmental variance,500,3.965510734139731,3.956050436181621,3.5351780992083555,4.392110382821135,4,3.965510734139731,Before the historical event,Event not experienced
0.020000000000000018,0,0,0,Phenotypic variance,500,10.269830400693118,10.269375006029675,9.710118421821733,10.786600515348717,10.265710772996911,10.269830400693118,Before the historical event,Event not experienced
0.020000000000000018,0,1,0,Additive genetic variance,500,4.059121613354339,4.085007100896237,3.270049199542673,4.713671822200384,4.01571077299691,4.059121613354339,Before the historical event,Event experienced
0.020000000000000018,0,1,0,Nuclear-family environmental variance,500,2.2451980531990485,2.245659525955135,1.805220424675344,2.6973306700736517,2.25,2.2451980531990485,Before the historical event,Event experienced
0.020000000000000018,0,1,0,Nonshared environmental variance,500,3.965510734139731,3.956050436181621,3.5351780992083555,4.392110382821135,4,3.965510734139731,Before the historical event,Event experienced
0.020000000000000018,0,1,0,Phenotypic variance,500,10.269830400693118,10.269375006029675,9.710118421821733,10.786600515348717,10.265710772996911,10.269830400693118,Before the historical event,Event experienced
0.020000000000000018,1,0,0,Additive genetic variance,500,4.059121613354339,4.085007100896237,3.270049199542673,4.713671822200384,4.01571077299691,4.059121613354339,After the historical event,Event not experienced
0.020000000000000018,1,0,0,Nuclear-family environmental variance,500,2.2451980531990485,2.245659525955135,1.805220424675344,2.6973306700736517,2.25,2.2451980531990485,After the historical event,Event not experienced
0.020000000000000018,1,0,0,Nonshared environmental variance,500,3.965510734139731,3.956050436181621,3.5351780992083555,4.392110382821135,4,3.965510734139731,After the historical event,Event not experienced
0.020000000000000018,1,0,0,Phenotypic variance,500,10.269830400693118,10.269375006029675,9.710118421821733,10.786600515348717,10.265710772996911,10.269830400693118,After the historical event,Event not experienced
0.020000000000000018,1,1,1,Additive genetic variance,500,6.185608864285627,6.0701567038974735,3.5484602736245425,9.250224417586317,5.990736509740908,6.185608864285627,After the historical event,Event experienced
0.020000000000000018,1,1,1,Nuclear-family environmental variance,500,2.304622894256292,2.2524833340243777,1.388186289415316,3.4415747424248027,2.25,2.304622894256292,After the historical event,Event experienced
0.020000000000000018,1,1,1,Nonshared environmental variance,500,3.98295106607419,3.9555799428586327,3.1055927529272473,4.963104312388158,4,3.98295106607419,After the historical event,Event experienced
0.020000000000000018,1,1,1,Phenotypic variance,500,12.47318282461611,12.389542275088585,10.396450366807423,15.084326431257356,12.240736509740909,12.47318282461611,After the historical event,Event experienced
0.040000000000000036,0,0,0,Additive genetic variance,500,4.0739352685425345,4.096670977938173,3.284787723617309,4.723518617532381,4.0308382673706,4.0739352685425345,Before the historical event,Event not experienced
0.040000000000000036,0,0,0,Nuclear-family environmental variance,500,2.2452952093373515,2.247494165313954,1.8083054666550984,2.6988949684247228,2.25,2.2452952093373515,Before the historical event,Event not experienced
0.040000000000000036,0,0,0,Nonshared environmental variance,500,3.966063287951122,3.9539279285646938,3.5383712387147255,4.39106629568103,4,3.966063287951122,Before the historical event,Event not experienced
0.040000000000000036,0,0,0,Phenotypic variance,500,10.285293765831009,10.283529979737647,9.730026559826639,10.801153577846279,10.2808382673706,10.285293765831009,Before the historical event,Event not experienced
0.040000000000000036,0,1,0,Additive genetic variance,500,4.0739352685425345,4.096670977938173,3.284787723617309,4.723518617532381,4.0308382673706,4.0739352685425345,Before the historical event,Event experienced
0.040000000000000036,0,1,0,Nuclear-family environmental variance,500,2.2452952093373515,2.247494165313954,1.8083054666550984,2.6988949684247228,2.25,2.2452952093373515,Before the historical event,Event experienced
0.040000000000000036,0,1,0,Nonshared environmental variance,500,3.966063287951122,3.9539279285646938,3.5383712387147255,4.39106629568103,4,3.966063287951122,Before the historical event,Event experienced
0.040000000000000036,0,1,0,Phenotypic variance,500,10.285293765831009,10.283529979737647,9.730026559826639,10.801153577846279,10.2808382673706,10.285293765831009,Before the historical event,Event experienced
0.040000000000000036,1,0,0,Additive genetic variance,500,4.0739352685425345,4.096670977938173,3.284787723617309,4.723518617532381,4.0308382673706,4.0739352685425345,After the historical event,Event not experienced
0.040000000000000036,1,0,0,Nuclear-family environmental variance,500,2.2452952093373515,2.247494165313954,1.8083054666550984,2.6988949684247228,2.25,2.2452952093373515,After the historical event,Event not experienced
0.040000000000000036,1,0,0,Nonshared environmental variance,500,3.966063287951122,3.9539279285646938,3.5383712387147255,4.39106629568103,4,3.966063287951122,After the historical event,Event not experienced
0.040000000000000036,1,0,0,Phenotypic variance,500,10.285293765831009,10.283529979737647,9.730026559826639,10.801153577846279,10.2808382673706,10.285293765831009,After the historical event,Event not experienced
0.040000000000000036,1,1,1,Additive genetic variance,500,6.207200557554775,6.093623556520926,3.567432866749758,9.257605972043415,6.013304079461006,6.207200557554775,After the historical event,Event experienced
0.040000000000000036,1,1,1,Nuclear-family environmental variance,500,2.3043407438545107,2.2522968923442814,1.3916728846428466,3.4331428081096607,2.25,2.3043407438545107,After the historical event,Event experienced
0.040000000000000036,1,1,1,Nonshared environmental variance,500,3.9832755933539077,3.954934430721365,3.10934966888009,4.961077151531899,4,3.9832755933539077,After the historical event,Event experienced
0.040000000000000036,1,1,1,Phenotypic variance,500,12.494816894763193,12.415547056138355,10.41401890028902,15.094689314791893,12.263304079461006,12.494816894763193,After the historical event,Event experienced
0.06000000000000005,0,0,0,Additive genetic variance,500,4.088158391982301,4.112324055587571,3.2989948225013728,4.736163541597536,4.045375436337134,4.088158391982301,Before the historical event,Event not experienced
0.06000000000000005,0,0,0,Nuclear-family environmental variance,500,2.245393511071476,2.245813473960431,1.810266080527318,2.7004472547218286,2.25,2.245393511071476,Before the historical event,Event not experienced
0.06000000000000005,0,0,0,Nonshared environmental variance,500,3.966614060166816,3.95289770387416,3.541540185325671,4.390028704644741,4,3.966614060166816,Before the historical event,Event not experienced
0.06000000000000005,0,0,0,Phenotypic variance,500,10.300165963220593,10.29784508864417,9.749265226120157,10.815250065077837,10.295375436337135,10.300165963220593,Before the historical event,Event not experienced
0.06000000000000005,0,1,0,Additive genetic variance,500,4.088158391982301,4.112324055587571,3.2989948225013728,4.736163541597536,4.045375436337134,4.088158391982301,Before the historical event,Event experienced
0.06000000000000005,0,1,0,Nuclear-family environmental variance,500,2.245393511071476,2.245813473960431,1.810266080527318,2.7004472547218286,2.25,2.245393511071476,Before the historical event,Event experienced
0.06000000000000005,0,1,0,Nonshared environmental variance,500,3.966614060166816,3.95289770387416,3.541540185325671,4.390028704644741,4,3.966614060166816,Before the historical event,Event experienced
0.06000000000000005,0,1,0,Phenotypic variance,500,10.300165963220593,10.29784508864417,9.749265226120157,10.815250065077837,10.295375436337135,10.300165963220593,Before the historical event,Event experienced
0.06000000000000005,1,0,0,Additive genetic variance,500,4.088158391982301,4.112324055587571,3.2989948225013728,4.736163541597536,4.045375436337134,4.088158391982301,After the historical event,Event not experienced
0.06000000000000005,1,0,0,Nuclear-family environmental variance,500,2.245393511071476,2.245813473960431,1.810266080527318,2.7004472547218286,2.25,2.245393511071476,After the historical event,Event not experienced
0.06000000000000005,1,0,0,Nonshared environmental variance,500,3.966614060166816,3.95289770387416,3.541540185325671,4.390028704644741,4,3.966614060166816,After the historical event,Event not experienced
0.06000000000000005,1,0,0,Phenotypic variance,500,10.300165963220593,10.29784508864417,9.749265226120157,10.815250065077837,10.295375436337135,10.300165963220593,After the historical event,Event not experienced
0.06000000000000005,1,1,1,Additive genetic variance,500,6.22787485157156,6.1191840599595935,3.585412916769206,9.26354276591902,6.034990987159068,6.22787485157156,After the historical event,Event experienced
0.06000000000000005,1,1,1,Nuclear-family environmental variance,500,2.3040579382177886,2.252102076745202,1.3951751625786097,3.424726256966469,2.25,2.3040579382177886,After the historical event,Event experienced
0.06000000000000005,1,1,1,Nonshared environmental variance,500,3.98359775844096,3.954305638407006,3.113121381414363,4.959009300155515,4,3.98359775844096,After the historical event,Event experienced
0.06000000000000005,1,1,1,Phenotypic variance,500,12.51553054823031,12.438459219607447,10.429794014464973,15.103620535270446,12.284990987159068,12.51553054823031,After the historical event,Event experienced
0.08000000000000007,0,0,0,Additive genetic variance,500,4.101784238495108,4.122455380400005,3.315240437287851,4.749687332535546,4.05931549098538,4.101784238495108,Before the historical event,Event not experienced
0.08000000000000007,0,0,0,Nuclear-family environmental variance,500,2.245492907942338,2.245996228010602,1.8121472988444396,2.7019115921080505,2.25,2.245492907942338,Before the historical event,Event not experienced
0.08000000000000007,0,0,0,Nonshared environmental variance,500,3.9671630174842645,3.9525701768844392,3.5429219262631255,4.388997608670254,4,3.9671630174842645,Before the historical event,Event not experienced
0.08000000000000007,0,0,0,Phenotypic variance,500,10.314440163921711,10.310567047707803,9.767693328296671,10.828002717510135,10.30931549098538,10.314440163921711,Before the historical event,Event not experienced
0.08000000000000007,0,1,0,Additive genetic variance,500,4.101784238495108,4.122455380400005,3.315240437287851,4.749687332535546,4.05931549098538,4.101784238495108,Before the historical event,Event experienced
0.08000000000000007,0,1,0,Nuclear-family environmental variance,500,2.245492907942338,2.245996228010602,1.8121472988444396,2.7019115921080505,2.25,2.245492907942338,Before the historical event,Event experienced
0.08000000000000007,0,1,0,Nonshared environmental variance,500,3.9671630174842645,3.9525701768844392,3.5429219262631255,4.388997608670254,4,3.9671630174842645,Before the historical event,Event experienced
0.08000000000000007,0,1,0,Phenotypic variance,500,10.314440163921711,10.310567047707803,9.767693328296671,10.828002717510135,10.30931549098538,10.314440163921711,Before the historical event,Event experienced
0.08000000000000007,1,0,0,Additive genetic variance,500,4.101784238495108,4.122455380400005,3.315240437287851,4.749687332535546,4.05931549098538,4.101784238495108,After the historical event,Event not experienced
0.08000000000000007,1,0,0,Nuclear-family environmental variance,500,2.245492907942338,2.245996228010602,1.8121472988444396,2.7019115921080505,2.25,2.245492907942338,After the historical event,Event not experienced
0.08000000000000007,1,0,0,Nonshared environmental variance,500,3.9671630174842645,3.9525701768844392,3.5429219262631255,4.388997608670254,4,3.9671630174842645,After the historical event,Event not experienced
0.08000000000000007,1,0,0,Phenotypic variance,500,10.314440163921711,10.310567047707803,9.767693328296671,10.828002717510135,10.30931549098538,10.314440163921711,After the historical event,Event not experienced
0.08000000000000007,1,1,1,Additive genetic variance,500,6.247621779708386,6.134044393228403,3.602961716709787,9.269950812350153,6.055787104969791,6.247621779708386,After the historical event,Event experienced
0.08000000000000007,1,1,1,Nuclear-family environmental variance,500,2.3037744265663895,2.2511850416780996,1.3967343528971736,3.4163250682989474,2.25,2.3037744265663895,After the historical event,Event experienced
0.08000000000000007,1,1,1,Nonshared environmental variance,500,3.9839175279011068,3.9536938780319018,3.1169079307772343,4.9569007986034475,4,3.9839175279011068,After the historical event,Event experienced
0.08000000000000007,1,1,1,Phenotypic variance,500,12.535313734175883,12.456398528259133,10.443957907926684,15.111626787086394,12.305787104969792,12.535313734175883,After the historical event,Event experienced
0.10000000000000009,0,0,0,Additive genetic variance,500,4.114806327427053,4.133460214750842,3.3312553501882713,4.762692989916651,4.072651905559175,4.114806327427053,Before the historical event,Event not experienced
0.10000000000000009,0,0,0,Nuclear-family environmental variance,500,2.2455933504285874,2.2474030708860244,1.8138984115144443,2.7029452723093277,2.25,2.2455933504285874,Before the historical event,Event not experienced
0.10000000000000009,0,0,0,Nonshared environmental variance,500,3.967710127122396,3.9512227364691235,3.544000971244335,4.387973006744405,4,3.967710127122396,Before the historical event,Event not experienced
0.10000000000000009,0,0,0,Phenotypic variance,500,10.328109804978038,10.322922633471178,9.786261304908413,10.836197829480337,10.322651905559175,10.328109804978038,Before the historical event,Event not experienced
0.10000000000000009,0,1,0,Additive genetic variance,500,4.114806327427053,4.133460214750842,3.3312553501882713,4.762692989916651,4.072651905559175,4.114806327427053,Before the historical event,Event experienced
0.10000000000000009,0,1,0,Nuclear-family environmental variance,500,2.2455933504285874,2.2474030708860244,1.8138984115144443,2.7029452723093277,2.25,2.2455933504285874,Before the historical event,Event experienced
0.10000000000000009,0,1,0,Nonshared environmental variance,500,3.967710127122396,3.9512227364691235,3.544000971244335,4.387973006744405,4,3.967710127122396,Before the historical event,Event experienced
0.10000000000000009,0,1,0,Phenotypic variance,500,10.328109804978038,10.322922633471178,9.786261304908413,10.836197829480337,10.322651905559175,10.328109804978038,Before the historical event,Event experienced
0.10000000000000009,1,0,0,Additive genetic variance,500,4.114806327427053,4.133460214750842,3.3312553501882713,4.762692989916651,4.072651905559175,4.114806327427053,After the historical event,Event not experienced
0.10000000000000009,1,0,0,Nuclear-family environmental variance,500,2.2455933504285874,2.2474030708860244,1.8138984115144443,2.7029452723093277,2.25,2.2455933504285874,After the historical event,Event not experienced
0.10000000000000009,1,0,0,Nonshared environmental variance,500,3.967710127122396,3.9512227364691235,3.544000971244335,4.387973006744405,4,3.967710127122396,After the historical event,Event not experienced
0.10000000000000009,1,0,0,Phenotypic variance,500,10.328109804978038,10.322922633471178,9.786261304908413,10.836197829480337,10.322651905559175,10.328109804978038,After the historical event,Event not experienced
0.10000000000000009,1,1,1,Additive genetic variance,500,6.26643179390054,6.152323218966985,3.6200716829980735,9.292562714718336,6.075682697608959,6.26643179390054,After the historical event,Event experienced
0.10000000000000009,1,1,1,Nuclear-family environmental variance,500,2.303490159149811,2.250721393613091,1.3980653997186228,3.4090055701750783,2.25,2.303490159149811,After the historical event,Event experienced
0.10000000000000009,1,1,1,Nonshared environmental variance,500,3.98423486883165,3.9548197275517865,3.1207093574611546,4.9547516883332605,4,3.98423486883165,After the historical event,Event experienced
0.10000000000000009,1,1,1,Phenotypic variance,500,12.554156821882001,12.47969741320947,10.457291693721178,15.127669887278891,12.325682697608958,12.554156821882001,After the historical event,Event experienced
0.1200000000000001,0,0,0,Additive genetic variance,500,4.1272184478839415,4.1459632162591324,3.346957638664143,4.767773836022505,4.085378422547272,4.1272184478839415,Before the historical event,Event not experienced
0.1200000000000001,0,0,0,Nuclear-family environmental variance,500,2.2456947899491917,2.2465356977745135,1.8156844859654786,2.701488108199351,2.25,2.2456947899491917,Before the historical event,Event not experienced
0.1200000000000001,0,0,0,Nonshared environmental variance,500,3.968255356822394,3.9520029419450484,3.547108841367953,4.386954897882877,4,3.968255356822394,Before the historical event,Event not experienced
0.1200000000000001,0,0,0,Phenotypic variance,500,10.341168594655528,10.334333409295361,9.805644771687877,10.846874533926666,10.335378422547272,10.341168594655528,Before the historical event,Event not experienced
0.1200000000000001,0,1,0,Additive genetic variance,500,4.1272184478839415,4.1459632162591324,3.346957638664143,4.767773836022505,4.085378422547272,4.1272184478839415,Before the historical event,Event experienced
0.1200000000000001,0,1,0,Nuclear-family environmental variance,500,2.2456947899491917,2.2465356977745135,1.8156844859654786,2.701488108199351,2.25,2.2456947899491917,Before the historical event,Event experienced
0.1200000000000001,0,1,0,Nonshared environmental variance,500,3.968255356822394,3.9520029419450484,3.547108841367953,4.386954897882877,4,3.968255356822394,Before the historical event,Event experienced
0.1200000000000001,0,1,0,Phenotypic variance,500,10.341168594655528,10.334333409295361,9.805644771687877,10.846874533926666,10.335378422547272,10.341168594655528,Before the historical event,Event experienced
0.1200000000000001,1,0,0,Additive genetic variance,500,4.1272184478839415,4.1459632162591324,3.346957638664143,4.767773836022505,4.085378422547272,4.1272184478839415,After the historical event,Event not experienced
0.1200000000000001,1,0,0,Nuclear-family environmental variance,500,2.2456947899491917,2.2465356977745135,1.8156844859654786,2.701488108199351,2.25,2.2456947899491917,After the historical event,Event not experienced
0.1200000000000001,1,0,0,Nonshared environmental variance,500,3.968255356822394,3.9520029419450484,3.547108841367953,4.386954897882877,4,3.968255356822394,After the historical event,Event not experienced
0.1200000000000001,1,0,0,Phenotypic variance,500,10.341168594655528,10.334333409295361,9.805644771687877,10.846874533926666,10.335378422547272,10.341168594655528,After the historical event,Event not experienced
0.1200000000000001,1,1,1,Additive genetic variance,500,6.284295772479921,6.177321813144823,3.636899673891805,9.305711232629225,6.094668429966753,6.284295772479921,After the historical event,Event experienced
0.1200000000000001,1,1,1,Nuclear-family environmental variance,500,2.3032050872488465,2.250263879021163,1.3994268800585519,3.406517428203396,2.25,2.3032050872488465,After the historical event,Event experienced
0.1200000000000001,1,1,1,Nonshared environmental variance,500,3.9845497488621295,3.9564194086735545,3.1268588387496012,4.952562011914189,4,3.9845497488621295,After the historical event,Event experienced
0.1200000000000001,1,1,1,Phenotypic variance,500,12.572050608590898,12.501468551421496,10.470281375598983,15.155573333577976,12.344668429966752,12.572050608590898,After the historical event,Event experienced
0.14000000000000012,0,0,0,Additive genetic variance,500,4.139014663763701,4.154764427311551,3.3623418669062737,4.774135387249817,4.097489057575477,4.139014663763701,Before the historical event,Event not experienced
0.14000000000000012,0,0,0,Nuclear-family environmental variance,500,2.2457971788660234,2.2465576906280535,1.8219728114439984,2.699277957813713,2.25,2.2457971788660234,Before the historical event,Event not experienced
0.14000000000000012,0,0,0,Nonshared environmental variance,500,3.9687986748484683,3.9529075398469296,3.550191652170696,4.385521370053276,4,3.9687986748484683,Before the historical event,Event not experienced
0.14000000000000012,0,0,0,Phenotypic variance,500,10.353610517478193,10.345981525188726,9.82280000842427,10.857820950728595,10.347489057575476,10.353610517478193,Before the historical event,Event not experienced
0.14000000000000012,0,1,0,Additive genetic variance,500,4.139014663763701,4.154764427311551,3.3623418669062737,4.774135387249817,4.097489057575477,4.139014663763701,Before the historical event,Event experienced
0.14000000000000012,0,1,0,Nuclear-family environmental variance,500,2.2457971788660234,2.2465576906280535,1.8219728114439984,2.699277957813713,2.25,2.2457971788660234,Before the historical event,Event experienced
0.14000000000000012,0,1,0,Nonshared environmental variance,500,3.9687986748484683,3.9529075398469296,3.550191652170696,4.385521370053276,4,3.9687986748484683,Before the historical event,Event experienced
0.14000000000000012,0,1,0,Phenotypic variance,500,10.353610517478193,10.345981525188726,9.82280000842427,10.857820950728595,10.347489057575476,10.353610517478193,Before the historical event,Event experienced
0.14000000000000012,1,0,0,Additive genetic variance,500,4.139014663763701,4.154764427311551,3.3623418669062737,4.774135387249817,4.097489057575477,4.139014663763701,After the historical event,Event not experienced
0.14000000000000012,1,0,0,Nuclear-family environmental variance,500,2.2457971788660234,2.2465576906280535,1.8219728114439984,2.699277957813713,2.25,2.2457971788660234,After the historical event,Event not experienced
0.14000000000000012,1,0,0,Nonshared environmental variance,500,3.9687986748484683,3.9529075398469296,3.550191652170696,4.385521370053276,4,3.9687986748484683,After the historical event,Event not experienced
0.14000000000000012,1,0,0,Phenotypic variance,500,10.353610517478193,10.345981525188726,9.82280000842427,10.857820950728595,10.347489057575476,10.353610517478193,After the historical event,Event not experienced
0.14000000000000012,1,1,1,Additive genetic variance,500,6.301205027682354,6.188837454013596,3.6544495602766576,9.31224271853183,6.1127353744059505,6.301205027682354,After the historical event,Event experienced
0.14000000000000012,1,1,1,Nuclear-family environmental variance,500,2.3029191631776373,2.24820465608202,1.4013670297311034,3.4039580593565386,2.25,2.3029191631776373,After the historical event,Event experienced
0.14000000000000012,1,1,1,Nonshared environmental variance,500,3.984862136155015,3.957221698527426,3.133182533183106,4.95033181302563,4,3.984862136155015,After the historical event,Event experienced
0.14000000000000012,1,1,1,Phenotypic variance,500,12.588986327015006,12.516190354504507,10.487267550406587,15.184874027208794,12.36273537440595,12.588986327015006,After the historical event,Event experienced
0.16000000000000014,0,0,0,Additive genetic variance,500,4.150189318580304,4.166854939486409,3.3751586246947918,4.791521718478345,4.10897810409564,4.150189318580304,Before the historical event,Event not experienced
0.16000000000000014,0,0,0,Nuclear-family environmental variance,500,2.2459004704864567,2.2470009240956648,1.8282550544606893,2.697061691173933,2.25,2.2459004704864567,Before the historical event,Event not experienced
0.16000000000000014,0,0,0,Nonshared environmental variance,500,3.969340049988628,3.95443437005669,3.5529739548164523,4.387055816849305,4,3.969340049988628,Before the historical event,Event not experienced
0.16000000000000014,0,0,0,Phenotypic variance,500,10.36542983905539,10.359724853540692,9.833244840840553,10.872093030272248,10.358978104095641,10.36542983905539,Before the historical event,Event not experienced
0.16000000000000014,0,1,0,Additive genetic variance,500,4.150189318580304,4.166854939486409,3.3751586246947918,4.791521718478345,4.10897810409564,4.150189318580304,Before the historical event,Event experienced
0.16000000000000014,0,1,0,Nuclear-family environmental variance,500,2.2459004704864567,2.2470009240956648,1.8282550544606893,2.697061691173933,2.25,2.2459004704864567,Before the historical event,Event experienced
0.16000000000000014,0,1,0,Nonshared environmental variance,500,3.969340049988628,3.95443437005669,3.5529739548164523,4.387055816849305,4,3.969340049988628,Before the historical event,Event experienced
0.16000000000000014,0,1,0,Phenotypic variance,500,10.36542983905539,10.359724853540692,9.833244840840553,10.872093030272248,10.358978104095641,10.36542983905539,Before the historical event,Event experienced
0.16000000000000014,1,0,0,Additive genetic variance,500,4.150189318580304,4.166854939486409,3.3751586246947918,4.791521718478345,4.10897810409564,4.150189318580304,After the historical event,Event not experienced
0.16000000000000014,1,0,0,Nuclear-family environmental variance,500,2.2459004704864567,2.2470009240956648,1.8282550544606893,2.697061691173933,2.25,2.2459004704864567,After the historical event,Event not experienced
0.16000000000000014,1,0,0,Nonshared environmental variance,500,3.969340049988628,3.95443437005669,3.5529739548164523,4.387055816849305,4,3.969340049988628,After the historical event,Event not experienced
0.16000000000000014,1,0,0,Phenotypic variance,500,10.36542983905539,10.359724853540692,9.833244840840553,10.872093030272248,10.358978104095641,10.36542983905539,After the historical event,Event not experienced
0.16000000000000014,1,1,1,Additive genetic variance,500,6.317151312819671,6.206732043375569,3.671593682483456,9.318959034319805,6.129875017757078,6.317151312819671,After the historical event,Event experienced
0.16000000000000014,1,1,1,Nuclear-family environmental variance,500,2.302632340285704,2.246783964049352,1.405938802847718,3.4026015236470135,2.25,2.302632340285704,After the historical event,Event experienced
0.16000000000000014,1,1,1,Nonshared environmental variance,500,3.985171999406394,3.9577948798739606,3.1394875946620546,4.948061136455578,4,3.985171999406394,After the historical event,Event experienced
0.16000000000000014,1,1,1,Phenotypic variance,500,12.604955652511768,12.531898749053804,10.503463368310339,15.207094667918604,12.379875017757078,12.604955652511768,After the historical event,Event experienced
0.18000000000000016,0,0,0,Additive genetic variance,500,4.160737040073605,4.176637518054614,3.3845729805398745,4.8114286618834425,4.119840137866362,4.160737040073605,Before the historical event,Event not experienced
0.18000000000000016,0,0,0,Nuclear-family environmental variance,500,2.2460046190659657,2.2474465725796615,1.8343195839318813,2.6948393220575038,2.25,2.2460046190659657,Before the historical event,Event not experienced
0.18000000000000016,0,0,0,Nonshared environmental variance,500,3.9698794515554483,3.9562333942704573,3.555759079802457,4.388945090942016,4,3.9698794515554483,Before the historical event,Event not experienced
0.18000000000000016,0,0,0,Phenotypic variance,500,10.37662111069502,10.373090455124398,9.84098506876682,10.886119918975119,10.369840137866362,10.37662111069502,Before the historical event,Event not experienced
0.18000000000000016,0,1,0,Additive genetic variance,500,4.160737040073605,4.176637518054614,3.3845729805398745,4.8114286618834425,4.119840137866362,4.160737040073605,Before the historical event,Event experienced
0.18000000000000016,0,1,0,Nuclear-family environmental variance,500,2.2460046190659657,2.2474465725796615,1.8343195839318813,2.6948393220575038,2.25,2.2460046190659657,Before the historical event,Event experienced
0.18000000000000016,0,1,0,Nonshared environmental variance,500,3.9698794515554483,3.9562333942704573,3.555759079802457,4.388945090942016,4,3.9698794515554483,Before the historical event,Event experienced
0.18000000000000016,0,1,0,Phenotypic variance,500,10.37662111069502,10.373090455124398,9.84098506876682,10.886119918975119,10.369840137866362,10.37662111069502,Before the historical event,Event experienced
0.18000000000000016,1,0,0,Additive genetic variance,500,4.160737040073605,4.176637518054614,3.3845729805398745,4.8114286618834425,4.119840137866362,4.160737040073605,After the historical event,Event not experienced
0.18000000000000016,1,0,0,Nuclear-family environmental variance,500,2.2460046190659657,2.2474465725796615,1.8343195839318813,2.6948393220575038,2.25,2.2460046190659657,After the historical event,Event not experienced
0.18000000000000016,1,0,0,Nonshared environmental variance,500,3.9698794515554483,3.9562333942704573,3.555759079802457,4.388945090942016,4,3.9698794515554483,After the historical event,Event not experienced
0.18000000000000016,1,0,0,Phenotypic variance,500,10.37662111069502,10.373090455124398,9.84098506876682,10.886119918975119,10.369840137866362,10.37662111069502,After the historical event,Event not experienced
0.18000000000000016,1,1,1,Additive genetic variance,500,6.33212682910814,6.225371972466714,3.6890149898730895,9.328502190578472,6.146079268002854,6.33212682910814,After the historical event,Event experienced
0.18000000000000016,1,1,1,Nuclear-family environmental variance,500,2.302344572959963,2.2468399811588977,1.4105265940725502,3.401386784930026,2.25,2.302344572959963,After the historical event,Event experienced
0.18000000000000016,1,1,1,Nonshared environmental variance,500,3.9854793078466533,3.959205575547048,3.1455144678073186,4.945128698150485,4,3.9854793078466533,After the historical event,Event experienced
0.18000000000000016,1,1,1,Phenotypic variance,500,12.619950709914757,12.54796735620537,10.51903340804466,15.22172213984542,12.396079268002854,12.619950709914757,After the historical event,Event experienced
0.20000000000000018,0,0,0,Additive genetic variance,500,4.170652744599747,4.186628467253717,3.3936736142260626,4.830652839443594,4.130070021220473,4.170652744599747,Before the historical event,Event not experienced
0.20000000000000018,0,0,0,Nuclear-family environmental variance,500,2.2461095798107262,2.2466285883213306,1.8367192048373846,2.6926108643781093,2.25,2.2461095798107262,Before the historical event,Event not experienced
0.20000000000000018,0,0,0,Nonshared environmental variance,500,3.9704168493868335,3.95648646648597,3.5571017009145134,4.390813177640308,4,3.9704168493868335,Before the historical event,Event not experienced
0.20000000000000018,0,0,0,Phenotypic variance,500,10.387179173797307,10.384842800718168,9.85187863929071,10.89911785434073,10.380070021220472,10.387179173797307,Before the historical event,Event not experienced
0.20000000000000018,0,1,0,Additive genetic variance,500,4.170652744599747,4.186628467253717,3.3936736142260626,4.830652839443594,4.130070021220473,4.170652744599747,Before the historical event,Event experienced
0.20000000000000018,0,1,0,Nuclear-family environmental variance,500,2.2461095798107262,2.2466285883213306,1.8367192048373846,2.6926108643781093,2.25,2.2461095798107262,Before the historical event,Event experienced
0.20000000000000018,0,1,0,Nonshared environmental variance,500,3.9704168493868335,3.95648646648597,3.5571017009145134,4.390813177640308,4,3.9704168493868335,Before the historical event,Event experienced
0.20000000000000018,0,1,0,Phenotypic variance,500,10.387179173797307,10.384842800718168,9.85187863929071,10.89911785434073,10.380070021220472,10.387179173797307,Before the historical event,Event experienced
0.20000000000000018,1,0,0,Additive genetic variance,500,4.170652744599747,4.186628467253717,3.3936736142260626,4.830652839443594,4.130070021220473,4.170652744599747,After the historical event,Event not experienced
0.20000000000000018,1,0,0,Nuclear-family environmental variance,500,2.2461095798107262,2.2466285883213306,1.8367192048373846,2.6926108643781093,2.25,2.2461095798107262,After the historical event,Event not experienced
0.20000000000000018,1,0,0,Nonshared environmental variance,500,3.9704168493868335,3.95648646648597,3.5571017009145134,4.390813177640308,4,3.9704168493868335,After the historical event,Event not experienced
0.20000000000000018,1,0,0,Phenotypic variance,500,10.387179173797307,10.384842800718168,9.85187863929071,10.89911785434073,10.380070021220472,10.387179173797307,After the historical event,Event not experienced
0.20000000000000018,1,1,1,Additive genetic variance,500,6.346124232145175,6.243336909681098,3.709735082222287,9.336460983287271,6.161340460644508,6.346124232145175,After the historical event,Event experienced
0.20000000000000018,1,1,1,Nuclear-family environmental variance,500,2.302055816626727,2.249760360416216,1.4151303240175483,3.40006349090814,2.25,2.302055816626727,After the historical event,Event experienced
0.20000000000000018,1,1,1,Nonshared environmental variance,500,3.9857840312411597,3.9613734275380326,3.1484971783324607,4.941651548214191,4,3.9857840312411597,After the historical event,Event experienced
0.20000000000000018,1,1,1,Phenotypic variance,500,12.633964080013062,12.566106890885663,10.534160273776255,15.234606578667371,12.411340460644508,12.633964080013062,After the historical event,Event experienced
0.2200000000000002,0,0,0,Additive genetic variance,500,4.179931641297008,4.191770423810631,3.4024581569428882,4.8491854957918505,4.139662907114614,4.179931641297008,Before the historical event,Event not experienced
0.2200000000000002,0,0,0,Nuclear-family environmental variance,500,2.24621530888022,2.2458241404840775,1.8384464822745412,2.6903763321851235,2.25,2.24621530888022,Before the historical event,Event not experienced
0.2200000000000002,0,0,0,Nonshared environmental variance,500,3.97095221384678,3.954527174336385,3.5573091762953637,4.392706764544891,4,3.97095221384678,Before the historical event,Event not experienced
0.2200000000000002,0,0,0,Phenotypic variance,500,10.397099164024008,10.394871556133564,9.863955757050562,10.911157848130028,10.389662907114614,10.397099164024008,Before the historical event,Event not experienced
0.2200000000000002,0,1,0,Additive genetic variance,500,4.179931641297008,4.191770423810631,3.4024581569428882,4.8491854957918505,4.139662907114614,4.179931641297008,Before the historical event,Event experienced
0.2200000000000002,0,1,0,Nuclear-family environmental variance,500,2.24621530888022,2.2458241404840775,1.8384464822745412,2.6903763321851235,2.25,2.24621530888022,Before the historical event,Event experienced
0.2200000000000002,0,1,0,Nonshared environmental variance,500,3.97095221384678,3.954527174336385,3.5573091762953637,4.392706764544891,4,3.97095221384678,Before the historical event,Event experienced
0.2200000000000002,0,1,0,Phenotypic variance,500,10.397099164024008,10.394871556133564,9.863955757050562,10.911157848130028,10.389662907114614,10.397099164024008,Before the historical event,Event experienced
0.2200000000000002,1,0,0,Additive genetic variance,500,4.179931641297008,4.191770423810631,3.4024581569428882,4.8491854957918505,4.139662907114614,4.179931641297008,After the historical event,Event not experienced
0.2200000000000002,1,0,0,Nuclear-family environmental variance,500,2.24621530888022,2.2458241404840775,1.8384464822745412,2.6903763321851235,2.25,2.24621530888022,After the historical event,Event not experienced
0.2200000000000002,1,0,0,Nonshared environmental variance,500,3.97095221384678,3.954527174336385,3.5573091762953637,4.392706764544891,4,3.97095221384678,After the historical event,Event not experienced
0.2200000000000002,1,0,0,Phenotypic variance,500,10.397099164024008,10.394871556133564,9.863955757050562,10.911157848130028,10.389662907114614,10.397099164024008,After the historical event,Event not experienced
0.2200000000000002,1,1,1,Additive genetic variance,500,6.359136638026656,6.259901254849849,3.7299736226416345,9.342831208850413,6.175651364743042,6.359136638026656,After the historical event,Event experienced
0.2200000000000002,1,1,1,Nuclear-family environmental variance,500,2.3017660277536827,2.2511530074391866,1.419749913373635,3.398631703801911,2.25,2.3017660277536827,After the historical event,Event experienced
0.2200000000000002,1,1,1,Nonshared environmental variance,500,3.986086139890932,3.9635319863470353,3.1514491234586557,4.938142458111444,4,3.986086139890932,After the historical event,Event experienced
0.2200000000000002,1,1,1,Phenotypic variance,500,12.64698880567127,12.583664817044456,10.548837681405026,15.245626406330562,12.425651364743043,12.64698880567127,After the historical event,Event experienced
0.2400000000000002,0,0,0,Additive genetic variance,500,4.188569236022228,4.202215872979661,3.4109243381472014,4.864736011531063,4.148614242956412,4.188569236022228,Before the historical event,Event not experienced
0.2400000000000002,0,0,0,Nuclear-family environmental variance,500,2.2463217633898425,2.245895512515002,1.8401244214170784,2.6881357396631067,2.25,2.2463217633898425,Before the historical event,Event not experienced
0.2400000000000002,0,0,0,Nonshared environmental variance,500,3.9714855158261297,3.954900115008711,3.5575513408453387,4.3924795884552665,4,3.9714855158261297,Before the historical event,Event not experienced
0.2400000000000002,0,0,0,Phenotypic variance,500,10.4063765152382,10.407716935490594,9.877155486372917,10.92205991830704,10.398614242956413,10.4063765152382,Before the historical event,Event not experienced
0.2400000000000002,0,1,0,Additive genetic variance,500,4.188569236022228,4.202215872979661,3.4109243381472014,4.864736011531063,4.148614242956412,4.188569236022228,Before the historical event,Event experienced
0.2400000000000002,0,1,0,Nuclear-family environmental variance,500,2.2463217633898425,2.245895512515002,1.8401244214170784,2.6881357396631067,2.25,2.2463217633898425,Before the historical event,Event experienced
0.2400000000000002,0,1,0,Nonshared environmental variance,500,3.9714855158261297,3.954900115008711,3.5575513408453387,4.3924795884552665,4,3.9714855158261297,Before the historical event,Event experienced
0.2400000000000002,0,1,0,Phenotypic variance,500,10.4063765152382,10.407716935490594,9.877155486372917,10.92205991830704,10.398614242956413,10.4063765152382,Before the historical event,Event experienced
0.2400000000000002,1,0,0,Additive genetic variance,500,4.188569236022228,4.202215872979661,3.4109243381472014,4.864736011531063,4.148614242956412,4.188569236022228,After the historical event,Event not experienced
0.2400000000000002,1,0,0,Nuclear-family environmental variance,500,2.2463217633898425,2.245895512515002,1.8401244214170784,2.6881357396631067,2.25,2.2463217633898425,After the historical event,Event not experienced
0.2400000000000002,1,0,0,Nonshared environmental variance,500,3.9714855158261297,3.954900115008711,3.5575513408453387,4.3924795884552665,4,3.9714855158261297,After the historical event,Event not experienced
0.2400000000000002,1,0,0,Phenotypic variance,500,10.4063765152382,10.407716935490594,9.877155486372917,10.92205991830704,10.398614242956413,10.4063765152382,After the historical event,Event not experienced
0.2400000000000002,1,1,1,Additive genetic variance,500,6.371157629097607,6.275843037500364,3.7497215229924774,9.347609476511927,6.189005188628717,6.371157629097607,After the historical event,Event experienced
0.2400000000000002,1,1,1,Nuclear-family environmental variance,500,2.301475163851854,2.2509330452441567,1.4243852829243613,3.396539876517963,2.25,2.301475163851854,After the historical event,Event experienced
0.2400000000000002,1,1,1,Nonshared environmental variance,500,3.9863856046333086,3.963784609909383,3.1525468294066723,4.934601472209772,4,3.9863856046333086,After the historical event,Event experienced
0.2400000000000002,1,1,1,Phenotypic variance,500,12.65901839758277,12.598683525295709,10.561695032305197,15.239138551540501,12.439005188628716,12.65901839758277,After the historical event,Event experienced
0.26000000000000023,0,0,0,Additive genetic variance,500,4.196561335053183,4.210480778902825,3.418979595917729,4.879948944742063,4.156919774205063,4.196561335053183,Before the historical event,Event not experienced
0.26000000000000023,0,0,0,Nuclear-family environmental variance,500,2.2464289014135086,2.2466747820135744,1.8380829014497873,2.685889101131301,2.25,2.2464289014135086,Before the historical event,Event not experienced
0.26000000000000023,0,0,0,Nonshared environmental variance,500,3.9720167267433264,3.956036998918572,3.5570998585660853,4.390933547579703,4,3.9720167267433264,Before the historical event,Event not experienced
0.26000000000000023,0,0,0,Phenotypic variance,500,10.415006963210018,10.416277871415097,9.889477801495492,10.928384725451942,10.406919774205063,10.415006963210018,Before the historical event,Event not experienced
0.26000000000000023,0,1,0,Additive genetic variance,500,4.196561335053183,4.210480778902825,3.418979595917729,4.879948944742063,4.156919774205063,4.196561335053183,Before the historical event,Event experienced
0.26000000000000023,0,1,0,Nuclear-family environmental variance,500,2.2464289014135086,2.2466747820135744,1.8380829014497873,2.685889101131301,2.25,2.2464289014135086,Before the historical event,Event experienced
0.26000000000000023,0,1,0,Nonshared environmental variance,500,3.9720167267433264,3.956036998918572,3.5570998585660853,4.390933547579703,4,3.9720167267433264,Before the historical event,Event experienced
0.26000000000000023,0,1,0,Phenotypic variance,500,10.415006963210018,10.416277871415097,9.889477801495492,10.928384725451942,10.406919774205063,10.415006963210018,Before the historical event,Event experienced
0.26000000000000023,1,0,0,Additive genetic variance,500,4.196561335053183,4.210480778902825,3.418979595917729,4.879948944742063,4.156919774205063,4.196561335053183,After the historical event,Event not experienced
0.26000000000000023,1,0,0,Nuclear-family environmental variance,500,2.2464289014135086,2.2466747820135744,1.8380829014497873,2.685889101131301,2.25,2.2464289014135086,After the historical event,Event not experienced
0.26000000000000023,1,0,0,Nonshared environmental variance,500,3.9720167267433264,3.956036998918572,3.5570998585660853,4.390933547579703,4,3.9720167267433264,After the historical event,Event not experienced
0.26000000000000023,1,0,0,Phenotypic variance,500,10.415006963210018,10.416277871415097,9.889477801495492,10.928384725451942,10.406919774205063,10.415006963210018,After the historical event,Event not experienced
0.26000000000000023,1,1,1,Additive genetic variance,500,6.382181259329373,6.290881795243511,3.7689698846861015,9.350793211366533,6.2013955852724845,6.382181259329373,After the historical event,Event experienced
0.26000000000000023,1,1,1,Nuclear-family environmental variance,500,2.3011831834775425,2.2503954485585247,1.429036353559772,3.391339816351873,2.25,2.3011831834775425,After the historical event,Event experienced
0.26000000000000023,1,1,1,Nonshared environmental variance,500,3.986682396842614,3.964407865816108,3.1531484804547762,4.931028635772551,4,3.986682396842614,After the historical event,Event experienced
0.26000000000000023,1,1,1,Phenotypic variance,500,12.67004683964953,12.610056666864295,10.573655822798054,15.231107937247902,12.451395585272484,12.67004683964953,After the historical event,Event experienced
0.28000000000000025,0,0,0,Additive genetic variance,500,4.203904048552583,4.216102887361104,3.423843413017247,4.893368519303859,4.164575547741305,4.203904048552583,Before the historical event,Event not experienced
0.28000000000000025,0,0,0,Nuclear-family environmental variance,500,2.2465366819862616,2.2470126081061688,1.835931278448978,2.686237867313414,2.25,2.2465366819862616,Before the historical event,Event not experienced
0.28000000000000025,0,0,0,Nonshared environmental variance,500,3.972545818545163,3.9565439224669223,3.5554972189840357,4.389411858978457,4,3.972545818545163,Before the historical event,Event not experienced
0.28000000000000025,0,0,0,Phenotypic variance,500,10.422986549084008,10.428278851039174,9.90066650568153,10.933560642602174,10.414575547741304,10.422986549084008,Before the historical event,Event not experienced
0.28000000000000025,0,1,0,Additive genetic variance,500,4.203904048552583,4.216102887361104,3.423843413017247,4.893368519303859,4.164575547741305,4.203904048552583,Before the historical event,Event experienced
0.28000000000000025,0,1,0,Nuclear-family environmental variance,500,2.2465366819862616,2.2470126081061688,1.835931278448978,2.686237867313414,2.25,2.2465366819862616,Before the historical event,Event experienced
0.28000000000000025,0,1,0,Nonshared environmental variance,500,3.972545818545163,3.9565439224669223,3.5554972189840357,4.389411858978457,4,3.972545818545163,Before the historical event,Event experienced
0.28000000000000025,0,1,0,Phenotypic variance,500,10.422986549084008,10.428278851039174,9.90066650568153,10.933560642602174,10.414575547741304,10.422986549084008,Before the historical event,Event experienced
0.28000000000000025,1,0,0,Additive genetic variance,500,4.203904048552583,4.216102887361104,3.423843413017247,4.893368519303859,4.164575547741305,4.203904048552583,After the historical event,Event not experienced
0.28000000000000025,1,0,0,Nuclear-family environmental variance,500,2.2465366819862616,2.2470126081061688,1.835931278448978,2.686237867313414,2.25,2.2465366819862616,After the historical event,Event not experienced
0.28000000000000025,1,0,0,Nonshared environmental variance,500,3.972545818545163,3.9565439224669223,3.5554972189840357,4.389411858978457,4,3.972545818545163,After the historical event,Event not experienced
0.28000000000000025,1,0,0,Phenotypic variance,500,10.422986549084008,10.428278851039174,9.90066650568153,10.933560642602174,10.414575547741304,10.422986549084008,After the historical event,Event not experienced
0.28000000000000025,1,1,1,Additive genetic variance,500,6.392202059316877,6.307205474606299,3.782915561599132,9.352380656671892,6.212816657313399,6.392202059316877,After the historical event,Event experienced
0.28000000000000025,1,1,1,Nuclear-family environmental variance,500,2.3008900462342474,2.2524924701443636,1.4336177284514104,3.386085770441544,2.25,2.3008900462342474,After the historical event,Event experienced
0.28000000000000025,1,1,1,Nonshared environmental variance,500,3.9869764884308125,3.96490087411786,3.153785080799132,4.927423994957655,4,3.9869764884308125,After the historical event,Event experienced
0.28000000000000025,1,1,1,Phenotypic variance,500,12.680068593981936,12.62107136041757,10.585110448473982,15.221539372130401,12.4628166573134,12.680068593981936,After the historical event,Event experienced
0.30000000000000027,0,0,0,Additive genetic variance,500,4.2105937937895686,4.223234818925484,3.4264143970858365,4.901376815661525,4.171577915003053,4.2105937937895686,Before the historical event,Event not experienced
0.30000000000000027,0,0,0,Nuclear-family environmental variance,500,2.2466450651068803,2.246855575444906,1.8362822742487062,2.6858168728080623,2.25,2.2466450651068803,Before the historical event,Event not experienced
0.30000000000000027,0,0,0,Nonshared environmental variance,500,3.973072763707526,3.9556773344179716,3.553427723716511,4.3896500104937966,4,3.973072763707526,Before the historical event,Event not experienced
0.30000000000000027,0,0,0,Phenotypic variance,500,10.430311622603975,10.437775775204695,9.911327516643405,10.938852677198316,10.421577915003052,10.430311622603975,Before the historical event,Event not experienced
0.30000000000000027,0,1,0,Additive genetic variance,500,4.2105937937895686,4.223234818925484,3.4264143970858365,4.901376815661525,4.171577915003053,4.2105937937895686,Before the historical event,Event experienced
0.30000000000000027,0,1,0,Nuclear-family environmental variance,500,2.2466450651068803,2.246855575444906,1.8362822742487062,2.6858168728080623,2.25,2.2466450651068803,Before the historical event,Event experienced
0.30000000000000027,0,1,0,Nonshared environmental variance,500,3.973072763707526,3.9556773344179716,3.553427723716511,4.3896500104937966,4,3.973072763707526,Before the historical event,Event experienced
0.30000000000000027,0,1,0,Phenotypic variance,500,10.430311622603975,10.437775775204695,9.911327516643405,10.938852677198316,10.421577915003052,10.430311622603975,Before the historical event,Event experienced
0.30000000000000027,1,0,0,Additive genetic variance,500,4.2105937937895686,4.223234818925484,3.4264143970858365,4.901376815661525,4.171577915003053,4.2105937937895686,After the historical event,Event not experienced
0.30000000000000027,1,0,0,Nuclear-family environmental variance,500,2.2466450651068803,2.246855575444906,1.8362822742487062,2.6858168728080623,2.25,2.2466450651068803,After the historical event,Event not experienced
0.30000000000000027,1,0,0,Nonshared environmental variance,500,3.973072763707526,3.9556773344179716,3.553427723716511,4.3896500104937966,4,3.973072763707526,After the historical event,Event not experienced
0.30000000000000027,1,0,0,Phenotypic variance,500,10.430311622603975,10.437775775204695,9.911327516643405,10.938852677198316,10.421577915003052,10.430311622603975,After the historical event,Event not experienced
0.30000000000000027,1,1,1,Additive genetic variance,500,6.401215040889954,6.318142706149189,3.7951294925620553,9.361678928125414,6.22326296173643,6.401215040889954,After the historical event,Event experienced
0.30000000000000027,1,1,1,Nuclear-family environmental variance,500,2.3005957127745655,2.2551966540788833,1.4400719781049502,3.3807780033548287,2.25,2.3005957127745655,After the historical event,Event experienced
0.30000000000000027,1,1,1,Nonshared environmental variance,500,3.9872678518481655,3.9665772572631823,3.154456630883037,4.923787596816066,4,3.9872678518481655,After the historical event,Event experienced
0.30000000000000027,1,1,1,Phenotypic variance,500,12.689078605512684,12.625947064743265,10.595069913874223,15.210438424822208,12.473262961736431,12.689078605512684,After the historical event,Event experienced
0.3200000000000003,0,0,0,Additive genetic variance,500,4.2166272981149415,4.228080060849058,3.428529398056167,4.913832685447039,4.177923534883223,4.2166272981149415,Before the historical event,Event not experienced
0.3200000000000003,0,0,0,Nuclear-family environmental variance,500,2.2467540117404856,2.248111509004256,1.8417636091838976,2.68464294294066,2.25,2.2467540117404856,Before the historical event,Event not experienced
0.3200000000000003,0,0,0,Nonshared environmental variance,500,3.9735975352361375,3.955969224000868,3.5497483102462004,4.3901577611608795,4,3.9735975352361375,Before the historical event,Event not experienced
0.3200000000000003,0,0,0,Phenotypic variance,500,10.436978845091565,10.44299930046642,9.921526564314199,10.94818274289448,10.427923534883224,10.436978845091565,Before the historical event,Event not experienced
0.3200000000000003,0,1,0,Additive genetic variance,500,4.2166272981149415,4.228080060849058,3.428529398056167,4.913832685447039,4.177923534883223,4.2166272981149415,Before the historical event,Event experienced
0.3200000000000003,0,1,0,Nuclear-family environmental variance,500,2.2467540117404856,2.248111509004256,1.8417636091838976,2.68464294294066,2.25,2.2467540117404856,Before the historical event,Event experienced
0.3200000000000003,0,1,0,Nonshared environmental variance,500,3.9735975352361375,3.955969224000868,3.5497483102462004,4.3901577611608795,4,3.9735975352361375,Before the historical event,Event experienced
0.3200000000000003,0,1,0,Phenotypic variance,500,10.436978845091565,10.44299930046642,9.921526564314199,10.94818274289448,10.427923534883224,10.436978845091565,Before the historical event,Event experienced
0.3200000000000003,1,0,0,Additive genetic variance,500,4.2166272981149415,4.228080060849058,3.428529398056167,4.913832685447039,4.177923534883223,4.2166272981149415,After the historical event,Event not experienced
0.3200000000000003,1,0,0,Nuclear-family environmental variance,500,2.2467540117404856,2.248111509004256,1.8417636091838976,2.68464294294066,2.25,2.2467540117404856,After the historical event,Event not experienced
0.3200000000000003,1,0,0,Nonshared environmental variance,500,3.9735975352361375,3.955969224000868,3.5497483102462004,4.3901577611608795,4,3.9735975352361375,After the historical event,Event not experienced
0.3200000000000003,1,0,0,Phenotypic variance,500,10.436978845091565,10.44299930046642,9.921526564314199,10.94818274289448,10.427923534883224,10.436978845091565,After the historical event,Event not experienced
0.3200000000000003,1,1,1,Additive genetic variance,500,6.409215701333244,6.329829500690229,3.8065916616851654,9.371671380664598,6.232729514195512,6.409215701333244,After the historical event,Event experienced
0.3200000000000003,1,1,1,Nuclear-family environmental variance,500,2.300300144802067,2.2571205476812195,1.4488653324727376,3.3754167825961465,2.25,2.300300144802067,After the historical event,Event experienced
0.3200000000000003,1,1,1,Nonshared environmental variance,500,3.987556460083875,3.968362388503576,3.157159231466946,4.920119489290428,4,3.987556460083875,After the historical event,Event experienced
0.3200000000000003,1,1,1,Phenotypic variance,500,12.697072306219185,12.630743617675503,10.60299370046236,15.20860878560011,12.482729514195512,12.697072306219185,After the historical event,Event experienced
0.33999999999999986,0,0,0,Additive genetic variance,500,4.222001601686569,4.238503221948935,3.4301875759031106,4.926545129029682,4.183609376386509,4.222001601686569,Before the historical event,Event not experienced
0.33999999999999986,0,0,0,Nuclear-family environmental variance,500,2.2468634838211434,2.248308540555686,1.8408577342747574,2.684609975186922,2.25,2.2468634838211434,Before the historical event,Event not experienced
0.33999999999999986,0,0,0,Nonshared environmental variance,500,3.97412010666729,3.9566887378459823,3.546113766569217,4.391326848040141,4,3.97412010666729,Before the historical event,Event not experienced
0.33999999999999986,0,0,0,Phenotypic variance,500,10.442985192175001,10.445045816956945,9.930654626939534,10.95669476184741,10.43360937638651,10.442985192175001,Before the historical event,Event not experienced
0.33999999999999986,0,1,0,Additive genetic variance,500,4.222001601686569,4.238503221948935,3.4301875759031106,4.926545129029682,4.183609376386509,4.222001601686569,Before the historical event,Event experienced
0.33999999999999986,0,1,0,Nuclear-family environmental variance,500,2.2468634838211434,2.248308540555686,1.8408577342747574,2.684609975186922,2.25,2.2468634838211434,Before the historical event,Event experienced
0.33999999999999986,0,1,0,Nonshared environmental variance,500,3.97412010666729,3.9566887378459823,3.546113766569217,4.391326848040141,4,3.97412010666729,Before the historical event,Event experienced
0.33999999999999986,0,1,0,Phenotypic variance,500,10.442985192175001,10.445045816956945,9.930654626939534,10.95669476184741,10.43360937638651,10.442985192175001,Before the historical event,Event experienced
0.33999999999999986,1,0,0,Additive genetic variance,500,4.222001601686569,4.238503221948935,3.4301875759031106,4.926545129029682,4.183609376386509,4.222001601686569,After the historical event,Event not experienced
0.33999999999999986,1,0,0,Nuclear-family environmental variance,500,2.2468634838211434,2.248308540555686,1.8408577342747574,2.684609975186922,2.25,2.2468634838211434,After the historical event,Event not experienced
0.33999999999999986,1,0,0,Nonshared environmental variance,500,3.97412010666729,3.9566887378459823,3.546113766569217,4.391326848040141,4,3.97412010666729,After the historical event,Event not experienced
0.33999999999999986,1,0,0,Phenotypic variance,500,10.442985192175001,10.445045816956945,9.930654626939534,10.95669476184741,10.43360937638651,10.442985192175001,After the historical event,Event not experienced
0.33999999999999986,1,1,1,Additive genetic variance,500,6.416200027209516,6.340952165680932,3.817328706039029,9.379737361994959,6.241211792976988,6.416200027209516,After the historical event,Event experienced
0.33999999999999986,1,1,1,Nuclear-family environmental variance,500,2.3000033050731497,2.257041353562779,1.4575381921431847,3.37000237858118,2.25,2.3000033050731497,After the historical event,Event experienced
0.33999999999999986,1,1,1,Nonshared environmental variance,500,3.987842286666729,3.9689537685128307,3.160339954139233,4.916453322126337,4,3.987842286666729,After the historical event,Event experienced
0.33999999999999986,1,1,1,Phenotypic variance,500,12.704045618949396,12.636062172864616,10.610484836170848,15.207080316015222,12.491211792976987,12.704045618949396,After the historical event,Event experienced
0.3599999999999999,0,0,0,Additive genetic variance,500,4.2267140599417266,4.2451635596713855,3.4313882734341083,4.938497182779839,4.188632721042165,4.2267140599417266,Before the historical event,Event not experienced
0.3599999999999999,0,0,0,Nuclear-family environmental variance,500,2.24697344425447,2.2498952042113807,1.8399675861393159,2.687593638218262,2.25,2.24697344425447,Before the historical event,Event not experienced
0.3599999999999999,0,0,0,Nonshared environmental variance,500,3.9746404520685803,3.956246560515538,3.5425239578197907,4.393784900363599,4,3.9746404520685803,Before the historical event,Event not experienced
0.3599999999999999,0,0,0,Phenotypic variance,500,10.448327956264777,10.449319621790767,9.935670559803384,10.96438470464224,10.438632721042165,10.448327956264777,Before the historical event,Event not experienced
0.3599999999999999,0,1,0,Additive genetic variance,500,4.2267140599417266,4.2451635596713855,3.4313882734341083,4.938497182779839,4.188632721042165,4.2267140599417266,Before the historical event,Event experienced
0.3599999999999999,0,1,0,Nuclear-family environmental variance,500,2.24697344425447,2.2498952042113807,1.8399675861393159,2.687593638218262,2.25,2.24697344425447,Before the historical event,Event experienced
0.3599999999999999,0,1,0,Nonshared environmental variance,500,3.9746404520685803,3.956246560515538,3.5425239578197907,4.393784900363599,4,3.9746404520685803,Before the historical event,Event experienced
0.3599999999999999,0,1,0,Phenotypic variance,500,10.448327956264777,10.449319621790767,9.935670559803384,10.96438470464224,10.438632721042165,10.448327956264777,Before the historical event,Event experienced
0.3599999999999999,1,0,0,Additive genetic variance,500,4.2267140599417266,4.2451635596713855,3.4313882734341083,4.938497182779839,4.188632721042165,4.2267140599417266,After the historical event,Event not experienced
0.3599999999999999,1,0,0,Nuclear-family environmental variance,500,2.24697344425447,2.2498952042113807,1.8399675861393159,2.687593638218262,2.25,2.24697344425447,After the historical event,Event not experienced
0.3599999999999999,1,0,0,Nonshared environmental variance,500,3.9746404520685803,3.956246560515538,3.5425239578197907,4.393784900363599,4,3.9746404520685803,After the historical event,Event not experienced
0.3599999999999999,1,0,0,Phenotypic variance,500,10.448327956264777,10.449319621790767,9.935670559803384,10.96438470464224,10.438632721042165,10.448327956264777,After the historical event,Event not experienced
0.3599999999999999,1,1,1,Additive genetic variance,500,6.4221644977818295,6.351921644378994,3.8235135678001044,9.385871212022513,6.248705742599059,6.4221644977818295,After the historical event,Event experienced
0.3599999999999999,1,1,1,Nuclear-family environmental variance,500,2.299705157398869,2.2572753844489206,1.4653439694852888,3.3645350646112795,2.25,2.299705157398869,After the historical event,Event experienced
0.3599999999999999,1,1,1,Nonshared environmental variance,500,3.9881253056657333,3.9684462577613226,3.1635150919342205,4.91136505198128,4,3.9881253056657333,After the historical event,Event experienced
0.3599999999999999,1,1,1,Phenotypic variance,500,12.709994960846432,12.64602262718291,10.617540198159624,15.205268628348474,12.498705742599059,12.709994960846432,After the historical event,Event experienced
0.3799999999999999,0,0,0,Additive genetic variance,500,4.230762345813448,4.2484826586250275,3.4321310167237558,4.94968320508409,4.192991165070102,4.230762345813448,Before the historical event,Event not experienced
0.3799999999999999,0,0,0,Nuclear-family environmental variance,500,2.247083856920227,2.2503745289673764,1.8390931571666242,2.6901765819577363,2.25,2.247083856920227,Before the historical event,Event not experienced
0.3799999999999999,0,0,0,Nonshared environmental variance,500,3.9751585460396335,3.955248068337581,3.53896564154672,4.39622124784959,4,3.9751585460396335,Before the historical event,Event not experienced
0.3799999999999999,0,0,0,Phenotypic variance,500,10.453004748773308,10.449200559586544,9.940440041125601,10.966621830531148,10.4429911650701,10.453004748773308,Before the historical event,Event not experienced
0.3799999999999999,0,1,0,Additive genetic variance,500,4.230762345813448,4.2484826586250275,3.4321310167237558,4.94968320508409,4.192991165070102,4.230762345813448,Before the historical event,Event experienced
0.3799999999999999,0,1,0,Nuclear-family environmental variance,500,2.247083856920227,2.2503745289673764,1.8390931571666242,2.6901765819577363,2.25,2.247083856920227,Before the historical event,Event experienced
0.3799999999999999,0,1,0,Nonshared environmental variance,500,3.9751585460396335,3.955248068337581,3.53896564154672,4.39622124784959,4,3.9751585460396335,Before the historical event,Event experienced
0.3799999999999999,0,1,0,Phenotypic variance,500,10.453004748773308,10.449200559586544,9.940440041125601,10.966621830531148,10.4429911650701,10.453004748773308,Before the historical event,Event experienced
0.3799999999999999,1,0,0,Additive genetic variance,500,4.230762345813448,4.2484826586250275,3.4321310167237558,4.94968320508409,4.192991165070102,4.230762345813448,After the historical event,Event not experienced
0.3799999999999999,1,0,0,Nuclear-family environmental variance,500,2.247083856920227,2.2503745289673764,1.8390931571666242,2.6901765819577363,2.25,2.247083856920227,After the historical event,Event not experienced
0.3799999999999999,1,0,0,Nonshared environmental variance,500,3.9751585460396335,3.955248068337581,3.53896564154672,4.39622124784959,4,3.9751585460396335,After the historical event,Event not experienced
0.3799999999999999,1,0,0,Phenotypic variance,500,10.453004748773308,10.449200559586544,9.940440041125601,10.966621830531148,10.4429911650701,10.453004748773308,After the historical event,Event not experienced
0.3799999999999999,1,1,1,Additive genetic variance,500,6.427106088030332,6.360290722429312,3.8289847247725595,9.378812019739948,6.255207777043224,6.427106088030332,After the historical event,Event experienced
0.3799999999999999,1,1,1,Nuclear-family environmental variance,500,2.2994056666467433,2.2563254790944787,1.469588758763894,3.3590151168475826,2.25,2.2994056666467433,After the historical event,Event experienced
0.3799999999999999,1,1,1,Nonshared environmental variance,500,3.988405491690744,3.967975855207092,3.1673635087072,4.903778287572013,4,3.988405491690744,After the historical event,Event experienced
0.3799999999999999,1,1,1,Phenotypic variance,500,12.714917246367818,12.658390254884779,10.624156790372885,15.202101821878781,12.505207777043225,12.714917246367818,After the historical event,Event experienced
0.3999999999999999,0,0,0,Additive genetic variance,500,4.234144451688202,4.252909601504074,3.43564167614001,4.9601657712405185,4.196682621297882,4.234144451688202,Before the historical event,Event not experienced
0.3999999999999999,0,0,0,Nuclear-family environmental variance,500,2.2471946866749186,2.2508854738510444,1.8382344403232875,2.6904454809192426,2.25,2.2471946866749186,Before the historical event,Event not experienced
0.3999999999999999,0,0,0,Nonshared environmental variance,500,3.9756743637128293,3.9539066006203436,3.5354234370456874,4.398635851937895,4,3.9756743637128293,Before the historical event,Event not experienced
0.3999999999999999,0,0,0,Phenotypic variance,500,10.45701350207595,10.45510993179796,9.946484847848858,10.967500737989837,10.446682621297882,10.45701350207595,Before the historical event,Event not experienced
0.3999999999999999,0,1,0,Additive genetic variance,500,4.234144451688202,4.252909601504074,3.43564167614001,4.9601657712405185,4.196682621297882,4.234144451688202,Before the historical event,Event experienced
0.3999999999999999,0,1,0,Nuclear-family environmental variance,500,2.2471946866749186,2.2508854738510444,1.8382344403232875,2.6904454809192426,2.25,2.2471946866749186,Before the historical event,Event experienced
0.3999999999999999,0,1,0,Nonshared environmental variance,500,3.9756743637128293,3.9539066006203436,3.5354234370456874,4.398635851937895,4,3.9756743637128293,Before the historical event,Event experienced
0.3999999999999999,0,1,0,Phenotypic variance,500,10.45701350207595,10.45510993179796,9.946484847848858,10.967500737989837,10.446682621297882,10.45701350207595,Before the historical event,Event experienced
0.3999999999999999,1,0,0,Additive genetic variance,500,4.234144451688202,4.252909601504074,3.43564167614001,4.9601657712405185,4.196682621297882,4.234144451688202,After the historical event,Event not experienced
0.3999999999999999,1,0,0,Nuclear-family environmental variance,500,2.2471946866749186,2.2508854738510444,1.8382344403232875,2.6904454809192426,2.25,2.2471946866749186,After the historical event,Event not experienced
0.3999999999999999,1,0,0,Nonshared environmental variance,500,3.9756743637128293,3.9539066006203436,3.5354234370456874,4.398635851937895,4,3.9756743637128293,After the historical event,Event not experienced
0.3999999999999999,1,0,0,Phenotypic variance,500,10.45701350207595,10.45510993179796,9.946484847848858,10.967500737989837,10.446682621297882,10.45701350207595,After the historical event,Event not experienced
0.3999999999999999,1,1,1,Additive genetic variance,500,6.431022271260039,6.365800564003742,3.83437209977737,9.371424116372143,6.260714782614087,6.431022271260039,After the historical event,Event experienced
0.3999999999999999,1,1,1,Nuclear-family environmental variance,500,2.2991047987425346,2.2574095960853953,1.4736992199616143,3.353442814284844,2.25,2.2991047987425346,After the historical event,Event experienced
0.3999999999999999,1,1,1,Nonshared environmental variance,500,3.988682819893092,3.966291901127686,3.17152656270882,4.896315915713569,4,3.988682819893092,After the historical event,Event experienced
0.3999999999999999,1,1,1,Phenotypic variance,500,12.718809889895665,12.665529237769483,10.630331745182394,15.1973347302313,12.510714782614087,12.718809889895665,After the historical event,Event experienced
0.41999999999999993,0,0,0,Additive genetic variance,500,4.236858691102561,4.256896919041271,3.4372489079923985,4.9663745240056,4.1997053208264665,4.236858691102561,Before the historical event,Event not experienced
0.41999999999999993,0,0,0,Nuclear-family environmental variance,500,2.247305899354381,2.250255476750842,1.8373914291532731,2.6906990221072453,2.25,2.247305899354381,Before the historical event,Event not experienced
0.41999999999999993,0,0,0,Nonshared environmental variance,500,3.976187880754017,3.9552341316303172,3.532214012737159,4.399932108627675,4,3.976187880754017,Before the historical event,Event not experienced
0.41999999999999993,0,0,0,Phenotypic variance,500,10.460352471210959,10.462490401031493,9.948198347423423,10.974056707706074,10.449705320826467,10.460352471210959,Before the historical event,Event not experienced
0.41999999999999993,0,1,0,Additive genetic variance,500,4.236858691102561,4.256896919041271,3.4372489079923985,4.9663745240056,4.1997053208264665,4.236858691102561,Before the historical event,Event experienced
0.41999999999999993,0,1,0,Nuclear-family environmental variance,500,2.247305899354381,2.250255476750842,1.8373914291532731,2.6906990221072453,2.25,2.247305899354381,Before the historical event,Event experienced
0.41999999999999993,0,1,0,Nonshared environmental variance,500,3.976187880754017,3.9552341316303172,3.532214012737159,4.399932108627675,4,3.976187880754017,Before the historical event,Event experienced
0.41999999999999993,0,1,0,Phenotypic variance,500,10.460352471210959,10.462490401031493,9.948198347423423,10.974056707706074,10.449705320826467,10.460352471210959,Before the historical event,Event experienced
0.41999999999999993,1,0,0,Additive genetic variance,500,4.236858691102561,4.256896919041271,3.4372489079923985,4.9663745240056,4.1997053208264665,4.236858691102561,After the historical event,Event not experienced
0.41999999999999993,1,0,0,Nuclear-family environmental variance,500,2.247305899354381,2.250255476750842,1.8373914291532731,2.6906990221072453,2.25,2.247305899354381,After the historical event,Event not experienced
0.41999999999999993,1,0,0,Nonshared environmental variance,500,3.976187880754017,3.9552341316303172,3.532214012737159,4.399932108627675,4,3.976187880754017,After the historical event,Event not experienced
0.41999999999999993,1,0,0,Phenotypic variance,500,10.460352471210959,10.462490401031493,9.948198347423423,10.974056707706074,10.449705320826467,10.460352471210959,After the historical event,Event not experienced
0.41999999999999993,1,1,1,Additive genetic variance,500,6.433911021296369,6.371450447863381,3.8427554266244925,9.359382500435306,6.265224120424377,6.433911021296369,After the historical event,Event experienced
0.41999999999999993,1,1,1,Nuclear-family environmental variance,500,2.2988025206720044,2.258487123531586,1.4777132378931963,3.34781843872499,2.25,2.2988025206720044,After the historical event,Event experienced
0.41999999999999993,1,1,1,Nonshared environmental variance,500,3.988957265966199,3.9643254570836737,3.175700515671694,4.888865857156183,4,3.988957265966199,After the historical event,Event experienced
0.41999999999999993,1,1,1,Phenotypic variance,500,12.721670807934572,12.666689838181634,10.636062324964449,15.190968438717908,12.515224120424378,12.721670807934572,After the historical event,Event experienced
0.43999999999999995,0,0,0,Additive genetic variance,500,4.23890370017681,4.254730540608728,3.434497362987091,4.971435643490876,4.202057814442863,4.23890370017681,Before the historical event,Event not experienced
0.43999999999999995,0,0,0,Nuclear-family environmental variance,500,2.247417461776367,2.2492144146183373,1.8352850584518732,2.690937145074873,2.25,2.247417461776367,Before the historical event,Event not experienced
0.43999999999999995,0,0,0,Nonshared environmental variance,500,3.9766990733632297,3.9556586376731318,3.530668702289379,4.400329963251622,4,3.9766990733632297,Before the historical event,Event not experienced
0.43999999999999995,0,0,0,Phenotypic variance,500,10.463020235316407,10.462754437874516,9.950562471891836,10.976171733181793,10.452057814442863,10.463020235316407,Before the historical event,Event not experienced
0.43999999999999995,0,1,0,Additive genetic variance,500,4.23890370017681,4.254730540608728,3.434497362987091,4.971435643490876,4.202057814442863,4.23890370017681,Before the historical event,Event experienced
0.43999999999999995,0,1,0,Nuclear-family environmental variance,500,2.247417461776367,2.2492144146183373,1.8352850584518732,2.690937145074873,2.25,2.247417461776367,Before the historical event,Event experienced
0.43999999999999995,0,1,0,Nonshared environmental variance,500,3.9766990733632297,3.9556586376731318,3.530668702289379,4.400329963251622,4,3.9766990733632297,Before the historical event,Event experienced
0.43999999999999995,0,1,0,Phenotypic variance,500,10.463020235316407,10.462754437874516,9.950562471891836,10.976171733181793,10.452057814442863,10.463020235316407,Before the historical event,Event experienced
0.43999999999999995,1,0,0,Additive genetic variance,500,4.23890370017681,4.254730540608728,3.434497362987091,4.971435643490876,4.202057814442863,4.23890370017681,After the historical event,Event not experienced
0.43999999999999995,1,0,0,Nuclear-family environmental variance,500,2.247417461776367,2.2492144146183373,1.8352850584518732,2.690937145074873,2.25,2.247417461776367,After the historical event,Event not experienced
0.43999999999999995,1,0,0,Nonshared environmental variance,500,3.9766990733632297,3.9556586376731318,3.530668702289379,4.400329963251622,4,3.9766990733632297,After the historical event,Event not experienced
0.43999999999999995,1,0,0,Phenotypic variance,500,10.463020235316407,10.462754437874516,9.950562471891836,10.976171733181793,10.452057814442863,10.463020235316407,After the historical event,Event not experienced
0.43999999999999995,1,1,1,Additive genetic variance,500,6.435770814265724,6.377880022248225,3.850586936242993,9.347061250268137,6.268733628502362,6.435770814265724,After the historical event,Event experienced
0.43999999999999995,1,1,1,Nuclear-family environmental variance,500,2.298498800482641,2.2601386702436894,1.4797637272140802,3.342142274750393,2.25,2.298498800482641,After the historical event,Event experienced
0.43999999999999995,1,1,1,Nonshared environmental variance,500,3.989228806146191,3.9623954579081424,3.179416494576614,4.88142807145037,4,3.989228806146191,After the historical event,Event experienced
0.43999999999999995,1,1,1,Phenotypic variance,500,12.723498420894556,12.665623673767158,10.641345923609283,15.183004907831133,12.518733628502362,12.723498420894556,After the historical event,Event experienced
0.45999999999999996,0,0,0,Additive genetic variance,500,4.240278438783745,4.252810271532443,3.431097849823515,4.975603638504413,4.203738973778092,4.240278438783745,Before the historical event,Event not experienced
0.45999999999999996,0,0,0,Nuclear-family environmental variance,500,2.247529341743126,2.249649231234788,1.8357525008950217,2.6911597902666635,2.25,2.247529341743126,Before the historical event,Event not experienced
0.45999999999999996,0,0,0,Nonshared environmental variance,500,3.97720791827539,3.954969985389879,3.530265356084942,4.401695987209643,4,3.97720791827539,Before the historical event,Event not experienced
0.45999999999999996,0,0,0,Phenotypic variance,500,10.465015698802262,10.465418493471802,9.952844108229428,10.965669847039045,10.453738973778092,10.465015698802262,Before the historical event,Event not experienced
0.45999999999999996,0,1,0,Additive genetic variance,500,4.240278438783745,4.252810271532443,3.431097849823515,4.975603638504413,4.203738973778092,4.240278438783745,Before the historical event,Event experienced
0.45999999999999996,0,1,0,Nuclear-family environmental variance,500,2.247529341743126,2.249649231234788,1.8357525008950217,2.6911597902666635,2.25,2.247529341743126,Before the historical event,Event experienced
0.45999999999999996,0,1,0,Nonshared environmental variance,500,3.97720791827539,3.954969985389879,3.530265356084942,4.401695987209643,4,3.97720791827539,Before the historical event,Event experienced
0.45999999999999996,0,1,0,Phenotypic variance,500,10.465015698802262,10.465418493471802,9.952844108229428,10.965669847039045,10.453738973778092,10.465015698802262,Before the historical event,Event experienced
0.45999999999999996,1,0,0,Additive genetic variance,500,4.240278438783745,4.252810271532443,3.431097849823515,4.975603638504413,4.203738973778092,4.240278438783745,After the historical event,Event not experienced
0.45999999999999996,1,0,0,Nuclear-family environmental variance,500,2.247529341743126,2.249649231234788,1.8357525008950217,2.6911597902666635,2.25,2.247529341743126,After the historical event,Event not experienced
0.45999999999999996,1,0,0,Nonshared environmental variance,500,3.97720791827539,3.954969985389879,3.530265356084942,4.401695987209643,4,3.97720791827539,After the historical event,Event not experienced
0.45999999999999996,1,0,0,Phenotypic variance,500,10.465015698802262,10.465418493471802,9.952844108229428,10.965669847039045,10.453738973778092,10.465015698802262,After the historical event,Event not experienced
0.45999999999999996,1,1,1,Additive genetic variance,500,6.436600629958874,6.379144613817741,3.8576563524341427,9.337091494024065,6.271241623519326,6.436600629958874,After the historical event,Event experienced
0.45999999999999996,1,1,1,Nuclear-family environmental variance,500,2.2981936072853615,2.260936976776568,1.4816539419326347,3.3364146096968748,2.25,2.2981936072853615,After the historical event,Event experienced
0.45999999999999996,1,1,1,Nonshared environmental variance,500,3.9894974172125015,3.961696768198144,3.181939537685315,4.874002518530757,4,3.9894974172125015,After the historical event,Event experienced
0.45999999999999996,1,1,1,Phenotypic variance,500,12.724291654456737,12.669866420989235,10.646180067961712,15.173446972800734,12.521241623519327,12.724291654456737,After the historical event,Event experienced
0.48,0,0,0,Additive genetic variance,500,4.240982191451241,4.251804076956551,3.4286919411348036,4.978876258275708,4.2047479922091675,4.240982191451241,Before the historical event,Event not experienced
0.48,0,0,0,Nuclear-family environmental variance,500,2.247641508043976,2.2495259584089684,1.8376675154000481,2.6913668990221056,2.25,2.247641508043976,Before the historical event,Event not experienced
0.48,0,0,0,Nonshared environmental variance,500,3.9777143927610146,3.9576518705984074,3.530230785910977,4.404977992598532,4,3.9777143927610146,Before the historical event,Event not experienced
0.48,0,0,0,Phenotypic variance,500,10.466338092256231,10.46447981942136,9.958093520422246,10.963152338257917,10.454747992209168,10.466338092256231,Before the historical event,Event not experienced
0.48,0,1,0,Additive genetic variance,500,4.240982191451241,4.251804076956551,3.4286919411348036,4.978876258275708,4.2047479922091675,4.240982191451241,Before the historical event,Event experienced
0.48,0,1,0,Nuclear-family environmental variance,500,2.247641508043976,2.2495259584089684,1.8376675154000481,2.6913668990221056,2.25,2.247641508043976,Before the historical event,Event experienced
0.48,0,1,0,Nonshared environmental variance,500,3.9777143927610146,3.9576518705984074,3.530230785910977,4.404977992598532,4,3.9777143927610146,Before the historical event,Event experienced
0.48,0,1,0,Phenotypic variance,500,10.466338092256231,10.46447981942136,9.958093520422246,10.963152338257917,10.454747992209168,10.466338092256231,Before the historical event,Event experienced
0.48,1,0,0,Additive genetic variance,500,4.240982191451241,4.251804076956551,3.4286919411348036,4.978876258275708,4.2047479922091675,4.240982191451241,After the historical event,Event not experienced
0.48,1,0,0,Nuclear-family environmental variance,500,2.247641508043976,2.2495259584089684,1.8376675154000481,2.6913668990221056,2.25,2.247641508043976,After the historical event,Event not experienced
0.48,1,0,0,Nonshared environmental variance,500,3.9777143927610146,3.9576518705984074,3.530230785910977,4.404977992598532,4,3.9777143927610146,After the historical event,Event not experienced
0.48,1,0,0,Phenotypic variance,500,10.466338092256231,10.46447981942136,9.958093520422246,10.963152338257917,10.454747992209168,10.466338092256231,After the historical event,Event not experienced
0.48,1,1,1,Additive genetic variance,500,6.436399952775424,6.378535974386697,3.864247810945391,9.325419778780827,6.2727469021351805,6.436399952775424,After the historical event,Event experienced
0.48,1,1,1,Nuclear-family environmental variance,500,2.297886911256186,2.2617297528105667,1.4835660144122045,3.330635733626437,2.25,2.297886911256186,After the historical event,Event experienced
0.48,1,1,1,Nonshared environmental variance,500,3.9897630764884737,3.9616430379774785,3.184375211634323,4.8665891587137615,4,3.9897630764884737,After the historical event,Event experienced
0.48,1,1,1,Phenotypic variance,500,12.724049940520084,12.67245721061478,10.65056241919191,15.16478166972161,12.52274690213518,12.724049940520084,After the historical event,Event experienced
0.5,0,0,0,Additive genetic variance,500,4.241014567997463,4.252687880061716,3.4266266014254794,4.975854305879999,4.2050843855040965,4.241014567997463,Before the historical event,Event not experienced
0.5,0,0,0,Nuclear-family environmental variance,500,2.247753930457869,2.249736661616056,1.8378775417242654,2.6915584135791315,2.25,2.247753930457869,Before the historical event,Event not experienced
0.5,0,0,0,Nonshared environmental variance,500,3.9782184746269107,3.959420069733678,3.530258359769261,4.406975492501324,4,3.9782184746269107,Before the historical event,Event not experienced
0.5,0,0,0,Phenotypic variance,500,10.466986973082243,10.46261302785495,9.962239488959831,10.963400317476498,10.455084385504097,10.466986973082243,Before the historical event,Event not experienced
0.5,0,1,0,Additive genetic variance,500,4.241014567997463,4.252687880061716,3.4266266014254794,4.975854305879999,4.2050843855040965,4.241014567997463,Before the historical event,Event experienced
0.5,0,1,0,Nuclear-family environmental variance,500,2.247753930457869,2.249736661616056,1.8378775417242654,2.6915584135791315,2.25,2.247753930457869,Before the historical event,Event experienced
0.5,0,1,0,Nonshared environmental variance,500,3.9782184746269107,3.959420069733678,3.530258359769261,4.406975492501324,4,3.9782184746269107,Before the historical event,Event experienced
0.5,0,1,0,Phenotypic variance,500,10.466986973082243,10.46261302785495,9.962239488959831,10.963400317476498,10.455084385504097,10.466986973082243,Before the historical event,Event experienced
0.5,1,0,0,Additive genetic variance,500,4.241014567997463,4.252687880061716,3.4266266014254794,4.975854305879999,4.2050843855040965,4.241014567997463,After the historical event,Event not experienced
0.5,1,0,0,Nuclear-family environmental variance,500,2.247753930457869,2.249736661616056,1.8378775417242654,2.6915584135791315,2.25,2.247753930457869,After the historical event,Event not experienced
0.5,1,0,0,Nonshared environmental variance,500,3.9782184746269107,3.959420069733678,3.530258359769261,4.406975492501324,4,3.9782184746269107,After the historical event,Event not experienced
0.5,1,0,0,Phenotypic variance,500,10.466986973082243,10.46261302785495,9.962239488959831,10.963400317476498,10.455084385504097,10.466986973082243,After the historical event,Event not experienced
0.5,1,1,1,Additive genetic variance,500,6.435168772248118,6.380216755451712,3.8671456429831403,9.312052164334947,6.273248741960675,6.435168772248118,After the historical event,Event experienced
0.5,1,1,1,Nuclear-family environmental variance,500,2.2975786836378838,2.260174454873278,1.4855000127792772,3.3248059392997344,2.25,2.2975786836378838,After the historical event,Event experienced
0.5,1,1,1,Nonshared environmental variance,500,3.99002576184195,3.961594837811395,3.1868161184924406,4.859187952695285,4,3.99002576184195,After the historical event,Event experienced
0.5,1,1,1,Phenotypic variance,500,12.722773217727951,12.672150681944967,10.65449077409519,15.156243798790367,12.523248741960675,12.722773217727951,After the historical event,Event experienced
0.52,0,0,0,Additive genetic variance,500,4.240375503897919,4.24759959728946,3.4241036603894646,4.977218154151204,4.2047479922091675,4.240375503897919,Before the historical event,Event not experienced
0.52,0,0,0,Nuclear-family environmental variance,500,2.247866579755948,2.250751334044609,1.8376091005409485,2.6917342770775408,2.25,2.247866579755948,Before the historical event,Event not experienced
0.52,0,0,0,Nonshared environmental variance,500,3.9787201422168677,3.9601653116892015,3.531495966106803,4.406444910916365,4,3.9787201422168677,Before the historical event,Event not experienced
0.52,0,0,0,Phenotypic variance,500,10.466962225870734,10.464526460190031,9.961670226793753,10.966786840719577,10.454747992209168,10.466962225870734,Before the historical event,Event not experienced
0.52,0,1,0,Additive genetic variance,500,4.240375503897919,4.24759959728946,3.4241036603894646,4.977218154151204,4.2047479922091675,4.240375503897919,Before the historical event,Event experienced
0.52,0,1,0,Nuclear-family environmental variance,500,2.247866579755948,2.250751334044609,1.8376091005409485,2.6917342770775408,2.25,2.247866579755948,Before the historical event,Event experienced
0.52,0,1,0,Nonshared environmental variance,500,3.9787201422168677,3.9601653116892015,3.531495966106803,4.406444910916365,4,3.9787201422168677,Before the historical event,Event experienced
0.52,0,1,0,Phenotypic variance,500,10.466962225870734,10.464526460190031,9.961670226793753,10.966786840719577,10.454747992209168,10.466962225870734,Before the historical event,Event experienced
0.52,1,0,0,Additive genetic variance,500,4.240375503897919,4.24759959728946,3.4241036603894646,4.977218154151204,4.2047479922091675,4.240375503897919,After the historical event,Event not experienced
0.52,1,0,0,Nuclear-family environmental variance,500,2.247866579755948,2.250751334044609,1.8376091005409485,2.6917342770775408,2.25,2.247866579755948,After the historical event,Event not experienced
0.52,1,0,0,Nonshared environmental variance,500,3.9787201422168677,3.9601653116892015,3.531495966106803,4.406444910916365,4,3.9787201422168677,After the historical event,Event not experienced
0.52,1,0,0,Phenotypic variance,500,10.466962225870734,10.464526460190031,9.961670226793753,10.966786840719577,10.454747992209168,10.466962225870734,After the historical event,Event not experienced
0.52,1,1,1,Additive genetic variance,500,6.432907583146237,6.3877598106954565,3.869327640603756,9.296995644702331,6.2727469021351805,6.432907583146237,After the historical event,Event experienced
0.52,1,1,1,Nuclear-family environmental variance,500,2.2972688967415875,2.261361919726559,1.4874560065748381,3.318925522148282,2.25,2.2972688967415875,After the historical event,Event experienced
0.52,1,1,1,Nonshared environmental variance,500,3.990285451685858,3.9632076518633137,3.1892877683833376,4.851798861548409,4,3.990285451685858,After the historical event,Event experienced
0.52,1,1,1,Phenotypic variance,500,12.720461931573682,12.670816705541085,10.65796306631982,15.146059527644518,12.52274690213518,12.720461931573682,After the historical event,Event experienced
0.54,0,0,0,Additive genetic variance,500,4.239065260383863,4.245981477249418,3.4211241394874845,4.984061421489787,4.203738973778092,4.239065260383863,Before the historical event,Event not experienced
0.54,0,0,0,Nuclear-family environmental variance,500,2.247979427704097,2.2495483247725767,1.8386323010604786,2.6918944335623727,2.25,2.247979427704097,Before the historical event,Event not experienced
0.54,0,0,0,Nonshared environmental variance,500,3.9792193744123434,3.959915507571451,3.531416961797837,4.4069335225769155,4,3.9792193744123434,Before the historical event,Event not experienced
0.54,0,0,0,Phenotypic variance,500,10.466264062500304,10.461489067871419,9.9644960846684,10.971603115815121,10.453738973778092,10.466264062500304,Before the historical event,Event not experienced
0.54,0,1,0,Additive genetic variance,500,4.239065260383863,4.245981477249418,3.4211241394874845,4.984061421489787,4.203738973778092,4.239065260383863,Before the historical event,Event experienced
0.54,0,1,0,Nuclear-family environmental variance,500,2.247979427704097,2.2495483247725767,1.8386323010604786,2.6918944335623727,2.25,2.247979427704097,Before the historical event,Event experienced
0.54,0,1,0,Nonshared environmental variance,500,3.9792193744123434,3.959915507571451,3.531416961797837,4.4069335225769155,4,3.9792193744123434,Before the historical event,Event experienced
0.54,0,1,0,Phenotypic variance,500,10.466264062500304,10.461489067871419,9.9644960846684,10.971603115815121,10.453738973778092,10.466264062500304,Before the historical event,Event experienced
0.54,1,0,0,Additive genetic variance,500,4.239065260383863,4.245981477249418,3.4211241394874845,4.984061421489787,4.203738973778092,4.239065260383863,After the historical event,Event not experienced
0.54,1,0,0,Nuclear-family environmental variance,500,2.247979427704097,2.2495483247725767,1.8386323010604786,2.6918944335623727,2.25,2.247979427704097,After the historical event,Event not experienced
0.54,1,0,0,Nonshared environmental variance,500,3.9792193744123434,3.959915507571451,3.531416961797837,4.4069335225769155,4,3.9792193744123434,After the historical event,Event not experienced
0.54,1,0,0,Phenotypic variance,500,10.466264062500304,10.461489067871419,9.9644960846684,10.971603115815121,10.453738973778092,10.466264062500304,After the historical event,Event not experienced
0.54,1,1,1,Additive genetic variance,500,6.42961738515786,6.386184785763891,3.871065539858397,9.280463947994907,6.271241623519326,6.42961738515786,After the historical event,Event experienced
0.54,1,1,1,Nuclear-family environmental variance,500,2.296957523948384,2.2646248717272712,1.489434066761668,3.3129947802464006,2.25,2.296957523948384,After the historical event,Event experienced
0.54,1,1,1,Nonshared environmental variance,500,3.990542124978792,3.9650618188425337,3.1922386420065134,4.847483690937459,4,3.990542124978792,After the historical event,Event experienced
0.54,1,1,1,Phenotypic variance,500,12.717117034085035,12.668455807220827,10.660977367521859,15.134233342368354,12.521241623519327,12.717117034085035,After the historical event,Event experienced
0.56,0,0,0,Additive genetic variance,500,4.237084424271877,4.242705148736841,3.4176892430092742,4.986263844696843,4.202057814442863,4.237084424271877,Before the historical event,Event not experienced
0.56,0,0,0,Nuclear-family environmental variance,500,2.24809244706548,2.249609883021682,1.840763757403549,2.692038827987215,2.25,2.24809244706548,Before the historical event,Event not experienced
0.56,0,0,0,Nonshared environmental variance,500,3.9797161506331458,3.9618240266644573,3.530095390566993,4.4090125645239,4,3.9797161506331458,Before the historical event,Event not experienced
0.56,0,0,0,Phenotypic variance,500,10.464893021970504,10.460971536187706,9.964078400715897,10.970823835233016,10.452057814442863,10.464893021970504,Before the historical event,Event not experienced
0.56,0,1,0,Additive genetic variance,500,4.237084424271877,4.242705148736841,3.4176892430092742,4.986263844696843,4.202057814442863,4.237084424271877,Before the historical event,Event experienced
0.56,0,1,0,Nuclear-family environmental variance,500,2.24809244706548,2.249609883021682,1.840763757403549,2.692038827987215,2.25,2.24809244706548,Before the historical event,Event experienced
0.56,0,1,0,Nonshared environmental variance,500,3.9797161506331458,3.9618240266644573,3.530095390566993,4.4090125645239,4,3.9797161506331458,Before the historical event,Event experienced
0.56,0,1,0,Phenotypic variance,500,10.464893021970504,10.460971536187706,9.964078400715897,10.970823835233016,10.452057814442863,10.464893021970504,Before the historical event,Event experienced
0.56,1,0,0,Additive genetic variance,500,4.237084424271877,4.242705148736841,3.4176892430092742,4.986263844696843,4.202057814442863,4.237084424271877,After the historical event,Event not experienced
0.56,1,0,0,Nuclear-family environmental variance,500,2.24809244706548,2.249609883021682,1.840763757403549,2.692038827987215,2.25,2.24809244706548,After the historical event,Event not experienced
0.56,1,0,0,Nonshared environmental variance,500,3.9797161506331458,3.9618240266644573,3.530095390566993,4.4090125645239,4,3.9797161506331458,After the historical event,Event not experienced
0.56,1,0,0,Phenotypic variance,500,10.464893021970504,10.460971536187706,9.964078400715897,10.970823835233016,10.452057814442863,10.464893021970504,After the historical event,Event not experienced
0.56,1,1,1,Additive genetic variance,500,6.425299682151247,6.383659190710825,3.872358747232889,9.262717056062504,6.268733628502362,6.425299682151247,After the historical event,Event experienced
0.56,1,1,1,Nuclear-family environmental variance,500,2.296644539710869,2.2645321159177536,1.49111761072266,3.3070140142829203,2.25,2.296644539710869,After the historical event,Event experienced
0.56,1,1,1,Nonshared environmental variance,500,3.9907957612255807,3.9671238267857873,3.1959952284453195,4.843554933480705,4,3.9907957612255807,After the historical event,Event experienced
0.56,1,1,1,Phenotypic variance,500,12.712739983087697,12.664713245773573,10.66353188844612,15.120770660711642,12.518733628502362,12.712739983087697,After the historical event,Event experienced
0.5800000000000001,0,0,0,Additive genetic variance,500,4.234433907524774,4.239153173115017,3.410490005386213,4.98375685419818,4.1997053208264665,4.234433907524774,Before the historical event,Event not experienced
0.5800000000000001,0,0,0,Nuclear-family environmental variance,500,2.248205611603072,2.250645355448481,1.843479449437813,2.6934030469714036,2.25,2.248205611603072,Before the historical event,Event not experienced
0.5800000000000001,0,0,0,Nonshared environmental variance,500,3.9802104508381064,3.9630267574758005,3.530619210773448,4.411266822751127,4,3.9802104508381064,Before the historical event,Event not experienced
0.5800000000000001,0,0,0,Phenotypic variance,500,10.462849969965953,10.457726063883449,9.958168997623506,10.970794604064476,10.449705320826467,10.462849969965953,Before the historical event,Event not experienced
0.5800000000000001,0,1,0,Additive genetic variance,500,4.234433907524774,4.239153173115017,3.410490005386213,4.98375685419818,4.1997053208264665,4.234433907524774,Before the historical event,Event experienced
0.5800000000000001,0,1,0,Nuclear-family environmental variance,500,2.248205611603072,2.250645355448481,1.843479449437813,2.6934030469714036,2.25,2.248205611603072,Before the historical event,Event experienced
0.5800000000000001,0,1,0,Nonshared environmental variance,500,3.9802104508381064,3.9630267574758005,3.530619210773448,4.411266822751127,4,3.9802104508381064,Before the historical event,Event experienced
0.5800000000000001,0,1,0,Phenotypic variance,500,10.462849969965953,10.457726063883449,9.958168997623506,10.970794604064476,10.449705320826467,10.462849969965953,Before the historical event,Event experienced
0.5800000000000001,1,0,0,Additive genetic variance,500,4.234433907524774,4.239153173115017,3.410490005386213,4.98375685419818,4.1997053208264665,4.234433907524774,After the historical event,Event not experienced
0.5800000000000001,1,0,0,Nuclear-family environmental variance,500,2.248205611603072,2.250645355448481,1.843479449437813,2.6934030469714036,2.25,2.248205611603072,After the historical event,Event not experienced
0.5800000000000001,1,0,0,Nonshared environmental variance,500,3.9802104508381064,3.9630267574758005,3.530619210773448,4.411266822751127,4,3.9802104508381064,After the historical event,Event not experienced
0.5800000000000001,1,0,0,Phenotypic variance,500,10.462849969965953,10.457726063883449,9.958168997623506,10.970794604064476,10.449705320826467,10.462849969965953,After the historical event,Event not experienced
0.5800000000000001,1,1,1,Additive genetic variance,500,6.4199564810161105,6.385605781268651,3.873206822933584,9.243289969135954,6.265224120424377,6.4199564810161105,After the historical event,Event experienced
0.5800000000000001,1,1,1,Nuclear-family environmental variance,500,2.2963299195546747,2.265028293526779,1.4934448279100956,3.3009835275326287,2.25,2.2963299195546747,After the historical event,Event experienced
0.5800000000000001,1,1,1,Nonshared environmental variance,500,3.991046340477857,3.96781482720138,3.1997670734230104,4.839595013884654,4,3.991046340477857,After the historical event,Event experienced
0.5800000000000001,1,1,1,Phenotypic variance,500,12.707332741048642,12.659362574553445,10.665624979932367,15.105677827736748,12.515224120424378,12.707332741048642,After the historical event,Event experienced
0.6000000000000001,0,0,0,Additive genetic variance,500,4.231114946544288,4.232641372114561,3.4022949863757352,4.980820685662378,4.196682621297882,4.231114946544288,Before the historical event,Event not experienced
0.6000000000000001,0,0,0,Nuclear-family environmental variance,500,2.24831889608218,2.2512249684957206,1.844924285562778,2.696496128343739,2.25,2.24831889608218,Before the historical event,Event not experienced
0.6000000000000001,0,0,0,Nonshared environmental variance,500,3.9807022555257507,3.9623126564122266,3.5314941979515435,4.413487986652321,4,3.9807022555257507,Before the historical event,Event not experienced
0.6000000000000001,0,0,0,Phenotypic variance,500,10.46013609815222,10.45414140688495,9.951110369936963,10.970844184014895,10.446682621297882,10.46013609815222,Before the historical event,Event not experienced
0.6000000000000001,0,1,0,Additive genetic variance,500,4.231114946544288,4.232641372114561,3.4022949863757352,4.980820685662378,4.196682621297882,4.231114946544288,Before the historical event,Event experienced
0.6000000000000001,0,1,0,Nuclear-family environmental variance,500,2.24831889608218,2.2512249684957206,1.844924285562778,2.696496128343739,2.25,2.24831889608218,Before the historical event,Event experienced
0.6000000000000001,0,1,0,Nonshared environmental variance,500,3.9807022555257507,3.9623126564122266,3.5314941979515435,4.413487986652321,4,3.9807022555257507,Before the historical event,Event experienced
0.6000000000000001,0,1,0,Phenotypic variance,500,10.46013609815222,10.45414140688495,9.951110369936963,10.970844184014895,10.446682621297882,10.46013609815222,Before the historical event,Event experienced
0.6000000000000001,1,0,0,Additive genetic variance,500,4.231114946544288,4.232641372114561,3.4022949863757352,4.980820685662378,4.196682621297882,4.231114946544288,After the historical event,Event not experienced
0.6000000000000001,1,0,0,Nuclear-family environmental variance,500,2.24831889608218,2.2512249684957206,1.844924285562778,2.696496128343739,2.25,2.24831889608218,After the historical event,Event not experienced
0.6000000000000001,1,0,0,Nonshared environmental variance,500,3.9807022555257507,3.9623126564122266,3.5314941979515435,4.413487986652321,4,3.9807022555257507,After the historical event,Event not experienced
0.6000000000000001,1,0,0,Phenotypic variance,500,10.46013609815222,10.45414140688495,9.951110369936963,10.970844184014895,10.446682621297882,10.46013609815222,After the historical event,Event not experienced
0.6000000000000001,1,1,1,Additive genetic variance,500,6.413590290086028,6.384585863012018,3.8736094811373354,9.222193095046256,6.260714782614087,6.413590290086028,After the historical event,Event experienced
0.6000000000000001,1,1,1,Nuclear-family environmental variance,500,2.296013640079965,2.267266572531702,1.496158350148956,3.294903625827474,2.25,2.296013640079965,After the historical event,Event experienced
0.6000000000000001,1,1,1,Nonshared environmental variance,500,3.991293843334613,3.968497978389403,3.203554222046926,4.835603989002371,4,3.991293843334613,After the historical event,Event experienced
0.6000000000000001,1,1,1,Phenotypic variance,500,12.700897773500607,12.65346355038944,10.667255133845977,15.088962110568033,12.510714782614087,12.700897773500607,After the historical event,Event experienced
0.6200000000000001,0,0,0,Additive genetic variance,500,4.227129101196321,4.234152083260332,3.395972715661463,4.97708043175925,4.192991165070102,4.227129101196321,Before the historical event,Event not experienced
0.6200000000000001,0,0,0,Nuclear-family environmental variance,500,2.2484322762729483,2.2508746696894866,1.8463868999402249,2.6971027811152597,2.25,2.2484322762729483,Before the historical event,Event not experienced
0.6200000000000001,0,0,0,Nonshared environmental variance,500,3.9811915457349616,3.9608852801003094,3.5299968748770922,4.415676017157897,4,3.9811915457349616,Before the historical event,Event not experienced
0.6200000000000001,0,0,0,Phenotypic variance,500,10.456752923204231,10.447311802253239,9.948534458568869,10.970110055131714,10.4429911650701,10.456752923204231,Before the historical event,Event not experienced
0.6200000000000001,0,1,0,Additive genetic variance,500,4.227129101196321,4.234152083260332,3.395972715661463,4.97708043175925,4.192991165070102,4.227129101196321,Before the historical event,Event experienced
0.6200000000000001,0,1,0,Nuclear-family environmental variance,500,2.2484322762729483,2.2508746696894866,1.8463868999402249,2.6971027811152597,2.25,2.2484322762729483,Before the historical event,Event experienced
0.6200000000000001,0,1,0,Nonshared environmental variance,500,3.9811915457349616,3.9608852801003094,3.5299968748770922,4.415676017157897,4,3.9811915457349616,Before the historical event,Event experienced
0.6200000000000001,0,1,0,Phenotypic variance,500,10.456752923204231,10.447311802253239,9.948534458568869,10.970110055131714,10.4429911650701,10.456752923204231,Before the historical event,Event experienced
0.6200000000000001,1,0,0,Additive genetic variance,500,4.227129101196321,4.234152083260332,3.395972715661463,4.97708043175925,4.192991165070102,4.227129101196321,After the historical event,Event not experienced
0.6200000000000001,1,0,0,Nuclear-family environmental variance,500,2.2484322762729483,2.2508746696894866,1.8463868999402249,2.6971027811152597,2.25,2.2484322762729483,After the historical event,Event not experienced
0.6200000000000001,1,0,0,Nonshared environmental variance,500,3.9811915457349616,3.9608852801003094,3.5299968748770922,4.415676017157897,4,3.9811915457349616,After the historical event,Event not experienced
0.6200000000000001,1,0,0,Phenotypic variance,500,10.456752923204231,10.447311802253239,9.948534458568869,10.970110055131714,10.4429911650701,10.456752923204231,After the historical event,Event not experienced
0.6200000000000001,1,1,1,Additive genetic variance,500,6.406204117143776,6.376320943737539,3.87356659015244,9.199437756060467,6.255207777043224,6.406204117143776,After the historical event,Event experienced
0.6200000000000001,1,1,1,Nuclear-family environmental variance,500,2.2956956789628995,2.269677258084056,1.4988740273882786,3.2887746175275305,2.25,2.2956956789628995,After the historical event,Event experienced
0.6200000000000001,1,1,1,Nonshared environmental variance,500,3.9915382509427526,3.9692344868104104,3.207356719684711,4.831581916573022,4,3.9915382509427526,After the historical event,Event experienced
0.6200000000000001,1,1,1,Phenotypic variance,500,12.693438047049428,12.646921312739517,10.668420983932291,15.074759620871664,12.505207777043225,12.693438047049428,After the historical event,Event experienced
0.6400000000000001,0,0,0,Additive genetic variance,500,4.22247825356984,4.227603226477813,3.3914528553763192,4.968563448156143,4.188632721042165,4.22247825356984,Before the historical event,Event not experienced
0.6400000000000001,0,0,0,Nuclear-family environmental variance,500,2.248545728952862,2.251838882318051,1.847683074769081,2.69759015066583,2.25,2.248545728952862,Before the historical event,Event not experienced
0.6400000000000001,0,0,0,Nonshared environmental variance,500,3.981678303045636,3.9610004565727124,3.5299646139931102,4.417866929907806,4,3.981678303045636,Before the historical event,Event not experienced
0.6400000000000001,0,0,0,Phenotypic variance,500,10.45270228556834,10.444646745076689,9.94513855396381,10.967829260233643,10.438632721042165,10.45270228556834,Before the historical event,Event not experienced
0.6400000000000001,0,1,0,Additive genetic variance,500,4.22247825356984,4.227603226477813,3.3914528553763192,4.968563448156143,4.188632721042165,4.22247825356984,Before the historical event,Event experienced
0.6400000000000001,0,1,0,Nuclear-family environmental variance,500,2.248545728952862,2.251838882318051,1.847683074769081,2.69759015066583,2.25,2.248545728952862,Before the historical event,Event experienced
0.6400000000000001,0,1,0,Nonshared environmental variance,500,3.981678303045636,3.9610004565727124,3.5299646139931102,4.417866929907806,4,3.981678303045636,Before the historical event,Event experienced
0.6400000000000001,0,1,0,Phenotypic variance,500,10.45270228556834,10.444646745076689,9.94513855396381,10.967829260233643,10.438632721042165,10.45270228556834,Before the historical event,Event experienced
0.6400000000000001,1,0,0,Additive genetic variance,500,4.22247825356984,4.227603226477813,3.3914528553763192,4.968563448156143,4.188632721042165,4.22247825356984,After the historical event,Event not experienced
0.6400000000000001,1,0,0,Nuclear-family environmental variance,500,2.248545728952862,2.251838882318051,1.847683074769081,2.69759015066583,2.25,2.248545728952862,After the historical event,Event not experienced
0.6400000000000001,1,0,0,Nonshared environmental variance,500,3.981678303045636,3.9610004565727124,3.5299646139931102,4.417866929907806,4,3.981678303045636,After the historical event,Event not experienced
0.6400000000000001,1,0,0,Phenotypic variance,500,10.45270228556834,10.444646745076689,9.94513855396381,10.967829260233643,10.438632721042165,10.45270228556834,After the historical event,Event not experienced
0.6400000000000001,1,1,1,Additive genetic variance,500,6.397801467011825,6.367083111954944,3.8754324822265387,9.17503617866748,6.248705742599059,6.397801467011825,After the historical event,Event experienced
0.6400000000000001,1,1,1,Nuclear-family environmental variance,500,2.2953760149570663,2.2704442402627936,1.5014132506727345,3.2825968134917276,2.25,2.2953760149570663,After the historical event,Event experienced
0.6400000000000001,1,1,1,Nonshared environmental variance,500,3.9917795449976334,3.971692702668915,3.2111746119655074,4.827657628143293,4,3.9917795449976334,After the historical event,Event experienced
0.6400000000000001,1,1,1,Phenotypic variance,500,12.684957026966524,12.640393317395525,10.66912130659399,15.053361727753902,12.498705742599059,12.684957026966524,After the historical event,Event experienced
0.6600000000000001,0,0,0,Additive genetic variance,500,4.217164606470835,4.2232651916223185,3.38691468247164,4.963816893022065,4.183609376386509,4.217164606470835,Before the historical event,Event not experienced
0.6600000000000001,0,0,0,Nuclear-family environmental variance,500,2.2486592319092282,2.2529133179889937,1.8471141262198674,2.6980724827032714,2.25,2.2486592319092282,Before the historical event,Event not experienced
0.6600000000000001,0,0,0,Nonshared environmental variance,500,3.982162509579337,3.962238791190117,3.5286155567459314,4.42005006956567,4,3.982162509579337,Before the historical event,Event not experienced
0.6600000000000001,0,0,0,Phenotypic variance,500,10.4479863479594,10.441431791304144,9.935673067571264,10.96027109775974,10.43360937638651,10.4479863479594,Before the historical event,Event not experienced
0.6600000000000001,0,1,0,Additive genetic variance,500,4.217164606470835,4.2232651916223185,3.38691468247164,4.963816893022065,4.183609376386509,4.217164606470835,Before the historical event,Event experienced
0.6600000000000001,0,1,0,Nuclear-family environmental variance,500,2.2486592319092282,2.2529133179889937,1.8471141262198674,2.6980724827032714,2.25,2.2486592319092282,Before the historical event,Event experienced
0.6600000000000001,0,1,0,Nonshared environmental variance,500,3.982162509579337,3.962238791190117,3.5286155567459314,4.42005006956567,4,3.982162509579337,Before the historical event,Event experienced
0.6600000000000001,0,1,0,Phenotypic variance,500,10.4479863479594,10.441431791304144,9.935673067571264,10.96027109775974,10.43360937638651,10.4479863479594,Before the historical event,Event experienced
0.6600000000000001,1,0,0,Additive genetic variance,500,4.217164606470835,4.2232651916223185,3.38691468247164,4.963816893022065,4.183609376386509,4.217164606470835,After the historical event,Event not experienced
0.6600000000000001,1,0,0,Nuclear-family environmental variance,500,2.2486592319092282,2.2529133179889937,1.8471141262198674,2.6980724827032714,2.25,2.2486592319092282,After the historical event,Event not experienced
0.6600000000000001,1,0,0,Nonshared environmental variance,500,3.982162509579337,3.962238791190117,3.5286155567459314,4.42005006956567,4,3.982162509579337,After the historical event,Event not experienced
0.6600000000000001,1,0,0,Phenotypic variance,500,10.4479863479594,10.441431791304144,9.935673067571264,10.96027109775974,10.43360937638651,10.4479863479594,After the historical event,Event not experienced
0.6600000000000001,1,1,1,Additive genetic variance,500,6.388386338730753,6.361076756845612,3.879832413741953,9.149001482533684,6.241211792976988,6.388386338730753,After the historical event,Event experienced
0.6600000000000001,1,1,1,Nuclear-family environmental variance,500,2.2950546278948787,2.2711799179628107,1.5039785034759912,3.2763705270483454,2.25,2.2950546278948787,After the historical event,Event experienced
0.6600000000000001,1,1,1,Nonshared environmental variance,500,3.992017707743605,3.970934887170193,3.2150079447811466,4.82378260322457,4,3.992017707743605,After the historical event,Event experienced
0.6600000000000001,1,1,1,Phenotypic variance,500,12.675458674369237,12.63153901171812,10.66935502159081,15.021152138146864,12.491211792976987,12.675458674369237,After the historical event,Event experienced
0.6800000000000002,0,0,0,Additive genetic variance,500,4.2111906816530436,4.218835949456867,3.3827176484717763,4.958798435604941,4.177923534883223,4.2111906816530436,Before the historical event,Event not experienced
0.6800000000000002,0,0,0,Nuclear-family environmental variance,500,2.2487727639416533,2.25270899462208,1.846573115376239,2.6985497810717796,2.25,2.2487727639416533,Before the historical event,Event not experienced
0.6800000000000002,0,0,0,Nonshared environmental variance,500,3.9826441479999395,3.9632877484337907,3.5269089187740583,4.422203531129681,4,3.9826441479999395,Before the historical event,Event not experienced
0.6800000000000002,0,0,0,Phenotypic variance,500,10.442607593594635,10.435728366004692,9.925582152752934,10.95230477222308,10.427923534883224,10.442607593594635,Before the historical event,Event not experienced
0.6800000000000002,0,1,0,Additive genetic variance,500,4.2111906816530436,4.218835949456867,3.3827176484717763,4.958798435604941,4.177923534883223,4.2111906816530436,Before the historical event,Event experienced
0.6800000000000002,0,1,0,Nuclear-family environmental variance,500,2.2487727639416533,2.25270899462208,1.846573115376239,2.6985497810717796,2.25,2.2487727639416533,Before the historical event,Event experienced
0.6800000000000002,0,1,0,Nonshared environmental variance,500,3.9826441479999395,3.9632877484337907,3.5269089187740583,4.422203531129681,4,3.9826441479999395,Before the historical event,Event experienced
0.6800000000000002,0,1,0,Phenotypic variance,500,10.442607593594635,10.435728366004692,9.925582152752934,10.95230477222308,10.427923534883224,10.442607593594635,Before the historical event,Event experienced
0.6800000000000002,1,0,0,Additive genetic variance,500,4.2111906816530436,4.218835949456867,3.3827176484717763,4.958798435604941,4.177923534883223,4.2111906816530436,After the historical event,Event not experienced
0.6800000000000002,1,0,0,Nuclear-family environmental variance,500,2.2487727639416533,2.25270899462208,1.846573115376239,2.6985497810717796,2.25,2.2487727639416533,After the historical event,Event not experienced
0.6800000000000002,1,0,0,Nonshared environmental variance,500,3.9826441479999395,3.9632877484337907,3.5269089187740583,4.422203531129681,4,3.9826441479999395,After the historical event,Event not experienced
0.6800000000000002,1,0,0,Phenotypic variance,500,10.442607593594635,10.435728366004692,9.925582152752934,10.95230477222308,10.427923534883224,10.442607593594635,After the historical event,Event not experienced
0.6800000000000002,1,1,1,Additive genetic variance,500,6.377963222328821,6.354053441559652,3.8833960125827893,9.119935165696893,6.232729514195512,6.377963222328821,After the historical event,Event experienced
0.6800000000000002,1,1,1,Nuclear-family environmental variance,500,2.2947314986889427,2.271797224860802,1.5057605422725584,3.270096073965282,2.25,2.2947314986889427,After the historical event,Event experienced
0.6800000000000002,1,1,1,Nonshared environmental variance,500,3.9922527219745376,3.9701754889495353,3.218008670802285,4.819874515780418,4,3.9922527219745376,After the historical event,Event experienced
0.6800000000000002,1,1,1,Phenotypic variance,500,12.6649474429923,12.621203683819473,10.669121192661123,14.987669327294645,12.482729514195512,12.6649474429923,After the historical event,Event experienced
0.7000000000000002,0,0,0,Additive genetic variance,500,4.20455931778748,4.212467748642007,3.37960811041215,4.953308050905504,4.171577915003053,4.20455931778748,Before the historical event,Event not experienced
0.7000000000000002,0,0,0,Nuclear-family environmental variance,500,2.2488863048644987,2.2525054517179948,1.8460600153496796,2.6990220496325534,2.25,2.2488863048644987,Before the historical event,Event not experienced
0.7000000000000002,0,0,0,Nonshared environmental variance,500,3.983123201514267,3.964765647453626,3.5230262641403955,4.425346446207458,4,3.983123201514267,Before the historical event,Event not experienced
0.7000000000000002,0,0,0,Phenotypic variance,500,10.436568824166246,10.430256526806343,9.919325947754313,10.94632420585053,10.421577915003052,10.436568824166246,Before the historical event,Event not experienced
0.7000000000000002,0,1,0,Additive genetic variance,500,4.20455931778748,4.212467748642007,3.37960811041215,4.953308050905504,4.171577915003053,4.20455931778748,Before the historical event,Event experienced
0.7000000000000002,0,1,0,Nuclear-family environmental variance,500,2.2488863048644987,2.2525054517179948,1.8460600153496796,2.6990220496325534,2.25,2.2488863048644987,Before the historical event,Event experienced
0.7000000000000002,0,1,0,Nonshared environmental variance,500,3.983123201514267,3.964765647453626,3.5230262641403955,4.425346446207458,4,3.983123201514267,Before the historical event,Event experienced
0.7000000000000002,0,1,0,Phenotypic variance,500,10.436568824166246,10.430256526806343,9.919325947754313,10.94632420585053,10.421577915003052,10.436568824166246,Before the historical event,Event experienced
0.7000000000000002,1,0,0,Additive genetic variance,500,4.20455931778748,4.212467748642007,3.37960811041215,4.953308050905504,4.171577915003053,4.20455931778748,After the historical event,Event not experienced
0.7000000000000002,1,0,0,Nuclear-family environmental variance,500,2.2488863048644987,2.2525054517179948,1.8460600153496796,2.6990220496325534,2.25,2.2488863048644987,After the historical event,Event not experienced
0.7000000000000002,1,0,0,Nonshared environmental variance,500,3.983123201514267,3.964765647453626,3.5230262641403955,4.425346446207458,4,3.983123201514267,After the historical event,Event not experienced
0.7000000000000002,1,0,0,Phenotypic variance,500,10.436568824166246,10.430256526806343,9.919325947754313,10.94632420585053,10.421577915003052,10.436568824166246,After the historical event,Event not experienced
0.7000000000000002,1,1,1,Additive genetic variance,500,6.366537095186408,6.343712740812848,3.886427337658339,9.083608101548752,6.22326296173643,6.366537095186408,After the historical event,Event experienced
0.7000000000000002,1,1,1,Nuclear-family environmental variance,500,2.2944066093333877,2.2722208496429577,1.5071374061300449,3.2637737724201017,2.25,2.2944066093333877,After the historical event,Event experienced
0.7000000000000002,1,1,1,Nonshared environmental variance,500,3.9924845710343417,3.9697971538071446,3.2196546336378438,4.815933427497983,4,3.9924845710343417,After the historical event,Event experienced
0.7000000000000002,1,1,1,Phenotypic variance,500,12.653428275554138,12.609852132485104,10.668419028064767,14.952928779409078,12.473262961736431,12.653428275554138,After the historical event,Event experienced
0.7200000000000002,0,0,0,Additive genetic variance,500,4.197273668173088,4.207170989699571,3.376461766542855,4.949629820749214,4.164575547741305,4.197273668173088,Before the historical event,Event not experienced
0.7200000000000002,0,0,0,Nuclear-family environmental variance,500,2.248999835509333,2.254251955072238,1.8455748005248225,2.699809701595396,2.25,2.248999835509333,Before the historical event,Event not experienced
0.7200000000000002,0,0,0,Nonshared environmental variance,500,3.983599653872727,3.964041358549938,3.518291098659959,4.428748033037062,4,3.983599653872727,Before the historical event,Event not experienced
0.7200000000000002,0,0,0,Phenotypic variance,500,10.429873157555148,10.425076992743971,9.907882521068188,10.938868121425124,10.414575547741304,10.429873157555148,Before the historical event,Event not experienced
0.7200000000000002,0,1,0,Additive genetic variance,500,4.197273668173088,4.207170989699571,3.376461766542855,4.949629820749214,4.164575547741305,4.197273668173088,Before the historical event,Event experienced
0.7200000000000002,0,1,0,Nuclear-family environmental variance,500,2.248999835509333,2.254251955072238,1.8455748005248225,2.699809701595396,2.25,2.248999835509333,Before the historical event,Event experienced
0.7200000000000002,0,1,0,Nonshared environmental variance,500,3.983599653872727,3.964041358549938,3.518291098659959,4.428748033037062,4,3.983599653872727,Before the historical event,Event experienced
0.7200000000000002,0,1,0,Phenotypic variance,500,10.429873157555148,10.425076992743971,9.907882521068188,10.938868121425124,10.414575547741304,10.429873157555148,Before the historical event,Event experienced
0.7200000000000002,1,0,0,Additive genetic variance,500,4.197273668173088,4.207170989699571,3.376461766542855,4.949629820749214,4.164575547741305,4.197273668173088,After the historical event,Event not experienced
0.7200000000000002,1,0,0,Nuclear-family environmental variance,500,2.248999835509333,2.254251955072238,1.8455748005248225,2.699809701595396,2.25,2.248999835509333,After the historical event,Event not experienced
0.7200000000000002,1,0,0,Nonshared environmental variance,500,3.983599653872727,3.964041358549938,3.518291098659959,4.428748033037062,4,3.983599653872727,After the historical event,Event not experienced
0.7200000000000002,1,0,0,Phenotypic variance,500,10.429873157555148,10.425076992743971,9.907882521068188,10.938868121425124,10.414575547741304,10.429873157555148,After the historical event,Event not experienced
0.7200000000000002,1,1,1,Additive genetic variance,500,6.354113417999541,6.337175767809233,3.8889248137157795,9.040481431724192,6.212816657313399,6.354113417999541,After the historical event,Event experienced
0.7200000000000002,1,1,1,Nuclear-family environmental variance,500,2.294079942905167,2.2735994790681264,1.5085363200570663,3.2574039429698596,2.25,2.294079942905167,After the historical event,Event experienced
0.7200000000000002,1,1,1,Nonshared environmental variance,500,3.992713238817484,3.971386179293754,3.2213204373107582,4.812801765118868,4,3.992713238817484,After the historical event,Event experienced
0.7200000000000002,1,1,1,Phenotypic variance,500,12.640906599722193,12.597012131336282,10.667247881046757,14.916946532411703,12.4628166573134,12.640906599722193,After the historical event,Event experienced
0.7400000000000002,0,0,0,Additive genetic variance,500,4.189337198191155,4.199849292594832,3.372807893904489,4.947132655940883,4.156919774205063,4.189337198191155,Before the historical event,Event not experienced
0.7400000000000002,0,0,0,Nuclear-family environmental variance,500,2.24911333772736,2.253084237389791,1.8454113691904104,2.7006468799903502,2.25,2.24911333772736,Before the historical event,Event not experienced
0.7400000000000002,0,0,0,Nonshared environmental variance,500,3.9840734893699365,3.96679577955209,3.5155003189652554,4.432154621133215,4,3.9840734893699365,Before the historical event,Event not experienced
0.7400000000000002,0,0,0,Phenotypic variance,500,10.422524025288451,10.417351108912563,9.897675037829003,10.930652732801391,10.406919774205063,10.422524025288451,Before the historical event,Event not experienced
0.7400000000000002,0,1,0,Additive genetic variance,500,4.189337198191155,4.199849292594832,3.372807893904489,4.947132655940883,4.156919774205063,4.189337198191155,Before the historical event,Event experienced
0.7400000000000002,0,1,0,Nuclear-family environmental variance,500,2.24911333772736,2.253084237389791,1.8454113691904104,2.7006468799903502,2.25,2.24911333772736,Before the historical event,Event experienced
0.7400000000000002,0,1,0,Nonshared environmental variance,500,3.9840734893699365,3.96679577955209,3.5155003189652554,4.432154621133215,4,3.9840734893699365,Before the historical event,Event experienced
0.7400000000000002,0,1,0,Phenotypic variance,500,10.422524025288451,10.417351108912563,9.897675037829003,10.930652732801391,10.406919774205063,10.422524025288451,Before the historical event,Event experienced
0.7400000000000002,1,0,0,Additive genetic variance,500,4.189337198191155,4.199849292594832,3.372807893904489,4.947132655940883,4.156919774205063,4.189337198191155,After the historical event,Event not experienced
0.7400000000000002,1,0,0,Nuclear-family environmental variance,500,2.24911333772736,2.253084237389791,1.8454113691904104,2.7006468799903502,2.25,2.24911333772736,After the historical event,Event not experienced
0.7400000000000002,1,0,0,Nonshared environmental variance,500,3.9840734893699365,3.96679577955209,3.5155003189652554,4.432154621133215,4,3.9840734893699365,After the historical event,Event not experienced
0.7400000000000002,1,0,0,Phenotypic variance,500,10.422524025288451,10.417351108912563,9.897675037829003,10.930652732801391,10.406919774205063,10.422524025288451,After the historical event,Event not experienced
0.7400000000000002,1,1,1,Additive genetic variance,500,6.340698130347149,6.322805715814388,3.8908870887248383,8.996090860579244,6.2013955852724845,6.340698130347149,After the historical event,Event experienced
0.7400000000000002,1,1,1,Nuclear-family environmental variance,500,2.2937514835653183,2.272684350308194,1.5120800868377857,3.2509869085207166,2.25,2.2937514835653183,After the historical event,Event experienced
0.7400000000000002,1,1,1,Nonshared environmental variance,500,3.992938709769494,3.9717747917261983,3.2229827957171855,4.811205423647264,4,3.992938709769494,After the historical event,Event experienced
0.7400000000000002,1,1,1,Phenotypic variance,500,12.627388323681961,12.583266729917835,10.665984273553272,14.879739165297407,12.451395585272484,12.627388323681961,After the historical event,Event experienced
0.7600000000000002,0,0,0,Additive genetic variance,500,4.1807536825064195,4.1915885419597085,3.3666843524461334,4.941185416089228,4.148614242956412,4.1807536825064195,Before the historical event,Event not experienced
0.7600000000000002,0,0,0,Nuclear-family environmental variance,500,2.249226794391842,2.252827049463905,1.8499073460172162,2.70147935624526,2.25,2.249226794391842,Before the historical event,Event not experienced
0.7600000000000002,0,0,0,Nonshared environmental variance,500,3.9845446928453407,3.966258459856931,3.515309999550232,4.435617692656733,4,3.9845446928453407,Before the historical event,Event not experienced
0.7600000000000002,0,0,0,Phenotypic variance,500,10.414525169743602,10.410680834728062,9.888506190607455,10.921916475141396,10.398614242956413,10.414525169743602,Before the historical event,Event not experienced
0.7600000000000002,0,1,0,Additive genetic variance,500,4.1807536825064195,4.1915885419597085,3.3666843524461334,4.941185416089228,4.148614242956412,4.1807536825064195,Before the historical event,Event experienced
0.7600000000000002,0,1,0,Nuclear-family environmental variance,500,2.249226794391842,2.252827049463905,1.8499073460172162,2.70147935624526,2.25,2.249226794391842,Before the historical event,Event experienced
0.7600000000000002,0,1,0,Nonshared environmental variance,500,3.9845446928453407,3.966258459856931,3.515309999550232,4.435617692656733,4,3.9845446928453407,Before the historical event,Event experienced
0.7600000000000002,0,1,0,Phenotypic variance,500,10.414525169743602,10.410680834728062,9.888506190607455,10.921916475141396,10.398614242956413,10.414525169743602,Before the historical event,Event experienced
0.7600000000000002,1,0,0,Additive genetic variance,500,4.1807536825064195,4.1915885419597085,3.3666843524461334,4.941185416089228,4.148614242956412,4.1807536825064195,After the historical event,Event not experienced
0.7600000000000002,1,0,0,Nuclear-family environmental variance,500,2.249226794391842,2.252827049463905,1.8499073460172162,2.70147935624526,2.25,2.249226794391842,After the historical event,Event not experienced
0.7600000000000002,1,0,0,Nonshared environmental variance,500,3.9845446928453407,3.966258459856931,3.515309999550232,4.435617692656733,4,3.9845446928453407,After the historical event,Event not experienced
0.7600000000000002,1,0,0,Phenotypic variance,500,10.414525169743602,10.410680834728062,9.888506190607455,10.921916475141396,10.398614242956413,10.414525169743602,After the historical event,Event not experienced
0.7600000000000002,1,1,1,Additive genetic variance,500,6.326297645867208,6.311528588241663,3.892313035049032,8.95045695815903,6.189005188628717,6.326297645867208,After the historical event,Event experienced
0.7600000000000002,1,1,1,Nuclear-family environmental variance,500,2.293421216560195,2.2723709936681313,1.5175654592433747,3.2445229942973337,2.25,2.293421216560195,After the historical event,Event experienced
0.7600000000000002,1,1,1,Nonshared environmental variance,500,3.993160968887459,3.972265729340613,3.2244870542916377,4.809559723894454,4,3.993160968887459,After the historical event,Event experienced
0.7600000000000002,1,1,1,Phenotypic variance,500,12.612879831314862,12.569754720422095,10.663826699551105,14.841323785107583,12.439005188628716,12.612879831314862,After the historical event,Event experienced
0.7800000000000002,0,0,0,Additive genetic variance,500,4.171527202018096,4.185794573241729,3.359786619306732,4.931945833760755,4.139662907114614,4.171527202018096,Before the historical event,Event not experienced
0.7800000000000002,0,0,0,Nuclear-family environmental variance,500,2.249340189400496,2.254424217851793,1.8479256615341002,2.702307130911021,2.25,2.249340189400496,Before the historical event,Event not experienced
0.7800000000000002,0,0,0,Nonshared environmental variance,500,3.9850132496838278,3.966867551668149,3.514264966151867,4.439078762482348,4,3.9850132496838278,Before the historical event,Event not experienced
0.7800000000000002,0,0,0,Phenotypic variance,500,10.405880641102419,10.402475279918807,9.878719024245605,10.91217164517516,10.389662907114614,10.405880641102419,Before the historical event,Event not experienced
0.7800000000000002,0,1,0,Additive genetic variance,500,4.171527202018096,4.185794573241729,3.359786619306732,4.931945833760755,4.139662907114614,4.171527202018096,Before the historical event,Event experienced
0.7800000000000002,0,1,0,Nuclear-family environmental variance,500,2.249340189400496,2.254424217851793,1.8479256615341002,2.702307130911021,2.25,2.249340189400496,Before the historical event,Event experienced
0.7800000000000002,0,1,0,Nonshared environmental variance,500,3.9850132496838278,3.966867551668149,3.514264966151867,4.439078762482348,4,3.9850132496838278,Before the historical event,Event experienced
0.7800000000000002,0,1,0,Phenotypic variance,500,10.405880641102419,10.402475279918807,9.878719024245605,10.91217164517516,10.389662907114614,10.405880641102419,Before the historical event,Event experienced
0.7800000000000002,1,0,0,Additive genetic variance,500,4.171527202018096,4.185794573241729,3.359786619306732,4.931945833760755,4.139662907114614,4.171527202018096,After the historical event,Event not experienced
0.7800000000000002,1,0,0,Nuclear-family environmental variance,500,2.249340189400496,2.254424217851793,1.8479256615341002,2.702307130911021,2.25,2.249340189400496,After the historical event,Event not experienced
0.7800000000000002,1,0,0,Nonshared environmental variance,500,3.9850132496838278,3.966867551668149,3.514264966151867,4.439078762482348,4,3.9850132496838278,After the historical event,Event not experienced
0.7800000000000002,1,0,0,Phenotypic variance,500,10.405880641102419,10.402475279918807,9.878719024245605,10.91217164517516,10.389662907114614,10.405880641102419,After the historical event,Event not experienced
0.7800000000000002,1,1,1,Additive genetic variance,500,6.31091884704735,6.298851992287949,3.893201750457774,8.903600801204218,6.175651364743042,6.31091884704735,After the historical event,Event experienced
0.7800000000000002,1,1,1,Nuclear-family environmental variance,500,2.293089128222656,2.270879648257798,1.5230417050053244,3.2380125278120784,2.25,2.293089128222656,After the historical event,Event experienced
0.7800000000000002,1,1,1,Nonshared environmental variance,500,3.9933800017205203,3.9727499148124306,3.2277425480643105,4.806077950991822,4,3.9933800017205203,After the historical event,Event experienced
0.7800000000000002,1,1,1,Phenotypic variance,500,12.597387976990525,12.554412654816453,10.66075682649923,14.801718013527228,12.425651364743043,12.597387976990525,After the historical event,Event experienced
0.8000000000000003,0,0,0,Additive genetic variance,500,4.161662140564326,4.177088724237086,3.351840028296018,4.921975593158868,4.130070021220473,4.161662140564326,Before the historical event,Event not experienced
0.8000000000000003,0,0,0,Nuclear-family environmental variance,500,2.249453507677888,2.2558386000887296,1.844144332663011,2.7031302045497787,2.25,2.249453507677888,Before the historical event,Event not experienced
0.8000000000000003,0,0,0,Nonshared environmental variance,500,3.985479145816335,3.9667769378520097,3.510835589252511,4.442537818741861,4,3.985479145816335,Before the historical event,Event not experienced
0.8000000000000003,0,0,0,Phenotypic variance,500,10.396594794058549,10.39016051714869,9.868367743135444,10.904418583671958,10.380070021220472,10.396594794058549,Before the historical event,Event not experienced
0.8000000000000003,0,1,0,Additive genetic variance,500,4.161662140564326,4.177088724237086,3.351840028296018,4.921975593158868,4.130070021220473,4.161662140564326,Before the historical event,Event experienced
0.8000000000000003,0,1,0,Nuclear-family environmental variance,500,2.249453507677888,2.2558386000887296,1.844144332663011,2.7031302045497787,2.25,2.249453507677888,Before the historical event,Event experienced
0.8000000000000003,0,1,0,Nonshared environmental variance,500,3.985479145816335,3.9667769378520097,3.510835589252511,4.442537818741861,4,3.985479145816335,Before the historical event,Event experienced
0.8000000000000003,0,1,0,Phenotypic variance,500,10.396594794058549,10.39016051714869,9.868367743135444,10.904418583671958,10.380070021220472,10.396594794058549,Before the historical event,Event experienced
0.8000000000000003,1,0,0,Additive genetic variance,500,4.161662140564326,4.177088724237086,3.351840028296018,4.921975593158868,4.130070021220473,4.161662140564326,After the historical event,Event not experienced
0.8000000000000003,1,0,0,Nuclear-family environmental variance,500,2.249453507677888,2.2558386000887296,1.844144332663011,2.7031302045497787,2.25,2.249453507677888,After the historical event,Event not experienced
0.8000000000000003,1,0,0,Nonshared environmental variance,500,3.985479145816335,3.9667769378520097,3.510835589252511,4.442537818741861,4,3.985479145816335,After the historical event,Event not experienced
0.8000000000000003,1,0,0,Phenotypic variance,500,10.396594794058549,10.39016051714869,9.868367743135444,10.904418583671958,10.380070021220472,10.396594794058549,After the historical event,Event not experienced
0.8000000000000003,1,1,1,Additive genetic variance,500,6.294569079635973,6.281153234858801,3.89355255897813,8.855543956916659,6.161340460644508,6.294569079635973,After the historical event,Event experienced
0.8000000000000003,1,1,1,Nuclear-family environmental variance,500,2.2927552059732275,2.2709500872105775,1.5282872905456282,3.231455838834012,2.25,2.2927552059732275,After the historical event,Event experienced
0.8000000000000003,1,1,1,Nonshared environmental variance,500,3.9935957943703504,3.9749784496230776,3.2325968324172694,4.802476411827472,4,3.9935957943703504,After the historical event,Event experienced
0.8000000000000003,1,1,1,Phenotypic variance,500,12.58092007997955,12.538373639009677,10.657135102851909,14.760939973120252,12.411340460644508,12.58092007997955,After the historical event,Event experienced
0.8200000000000003,0,0,0,Additive genetic variance,500,4.151163181383864,4.166776506576029,3.340576530761532,4.9112791117046575,4.119840137866362,4.151163181383864,Before the historical event,Event not experienced
0.8200000000000003,0,0,0,Nuclear-family environmental variance,500,2.249566735177803,2.255321687226555,1.8408965517200375,2.703948577734792,2.25,2.249566735177803,Before the historical event,Event not experienced
0.8200000000000003,0,0,0,Nonshared environmental variance,500,3.985942367720447,3.9677562134135904,3.507422619639509,4.446237158086863,4,3.985942367720447,Before the historical event,Event not experienced
0.8200000000000003,0,0,0,Phenotypic variance,500,10.386672284282115,10.38090850913144,9.857457765571361,10.897753029965394,10.369840137866362,10.386672284282115,Before the historical event,Event not experienced
0.8200000000000003,0,1,0,Additive genetic variance,500,4.151163181383864,4.166776506576029,3.340576530761532,4.9112791117046575,4.119840137866362,4.151163181383864,Before the historical event,Event experienced
0.8200000000000003,0,1,0,Nuclear-family environmental variance,500,2.249566735177803,2.255321687226555,1.8408965517200375,2.703948577734792,2.25,2.249566735177803,Before the historical event,Event experienced
0.8200000000000003,0,1,0,Nonshared environmental variance,500,3.985942367720447,3.9677562134135904,3.507422619639509,4.446237158086863,4,3.985942367720447,Before the historical event,Event experienced
0.8200000000000003,0,1,0,Phenotypic variance,500,10.386672284282115,10.38090850913144,9.857457765571361,10.897753029965394,10.369840137866362,10.386672284282115,Before the historical event,Event experienced
0.8200000000000003,1,0,0,Additive genetic variance,500,4.151163181383864,4.166776506576029,3.340576530761532,4.9112791117046575,4.119840137866362,4.151163181383864,After the historical event,Event not experienced
0.8200000000000003,1,0,0,Nuclear-family environmental variance,500,2.249566735177803,2.255321687226555,1.8408965517200375,2.703948577734792,2.25,2.249566735177803,After the historical event,Event not experienced
0.8200000000000003,1,0,0,Nonshared environmental variance,500,3.985942367720447,3.9677562134135904,3.507422619639509,4.446237158086863,4,3.985942367720447,After the historical event,Event not experienced
0.8200000000000003,1,0,0,Phenotypic variance,500,10.386672284282115,10.38090850913144,9.857457765571361,10.897753029965394,10.369840137866362,10.386672284282115,After the historical event,Event not experienced
0.8200000000000003,1,1,1,Additive genetic variance,500,6.277256146680343,6.261310959358061,3.893365011585157,8.806308466406382,6.146079268002854,6.277256146680343,After the historical event,Event experienced
0.8200000000000003,1,1,1,Nuclear-family environmental variance,500,2.292419438321219,2.272566688614556,1.5334495092236162,3.2252518308077205,2.25,2.292419438321219,After the historical event,Event experienced
0.8200000000000003,1,1,1,Nonshared environmental variance,500,3.993808333491632,3.977561621685932,3.237457513564574,4.798841303215234,4,3.993808333491632,After the historical event,Event experienced
0.8200000000000003,1,1,1,Phenotypic variance,500,12.563483918493194,12.51962995333539,10.652962254122343,14.719008273218156,12.396079268002854,12.563483918493194,After the historical event,Event experienced
0.8399999999999999,0,0,0,Additive genetic variance,500,4.140035303339059,4.154922289374618,3.329328439675815,4.899861131561721,4.10897810409564,4.140035303339059,Before the historical event,Event not experienced
0.8399999999999999,0,0,0,Nuclear-family environmental variance,500,2.2496798588855964,2.255463896194421,1.84018839399358,2.7028166124165445,2.25,2.2496798588855964,Before the historical event,Event not experienced
0.8399999999999999,0,0,0,Nonshared environmental variance,500,3.986402902420995,3.9699181643455876,3.506416614853193,4.447893556875792,4,3.986402902420995,Before the historical event,Event not experienced
0.8399999999999999,0,0,0,Phenotypic variance,500,10.37611806464565,10.367608290443176,9.845994761220894,10.89159229072046,10.358978104095641,10.37611806464565,Before the historical event,Event not experienced
0.8399999999999999,0,1,0,Additive genetic variance,500,4.140035303339059,4.154922289374618,3.329328439675815,4.899861131561721,4.10897810409564,4.140035303339059,Before the historical event,Event experienced
0.8399999999999999,0,1,0,Nuclear-family environmental variance,500,2.2496798588855964,2.255463896194421,1.84018839399358,2.7028166124165445,2.25,2.2496798588855964,Before the historical event,Event experienced
0.8399999999999999,0,1,0,Nonshared environmental variance,500,3.986402902420995,3.9699181643455876,3.506416614853193,4.447893556875792,4,3.986402902420995,Before the historical event,Event experienced
0.8399999999999999,0,1,0,Phenotypic variance,500,10.37611806464565,10.367608290443176,9.845994761220894,10.89159229072046,10.358978104095641,10.37611806464565,Before the historical event,Event experienced
0.8399999999999999,1,0,0,Additive genetic variance,500,4.140035303339059,4.154922289374618,3.329328439675815,4.899861131561721,4.10897810409564,4.140035303339059,After the historical event,Event not experienced
0.8399999999999999,1,0,0,Nuclear-family environmental variance,500,2.2496798588855964,2.255463896194421,1.84018839399358,2.7028166124165445,2.25,2.2496798588855964,After the historical event,Event not experienced
0.8399999999999999,1,0,0,Nonshared environmental variance,500,3.986402902420995,3.9699181643455876,3.506416614853193,4.447893556875792,4,3.986402902420995,After the historical event,Event not experienced
0.8399999999999999,1,0,0,Phenotypic variance,500,10.37611806464565,10.367608290443176,9.845994761220894,10.89159229072046,10.358978104095641,10.37611806464565,After the historical event,Event not experienced
0.8399999999999999,1,1,1,Additive genetic variance,500,6.25898830219858,6.240867231629918,3.889458031699716,8.762775852925152,6.129875017757078,6.25898830219858,After the historical event,Event experienced
0.8399999999999999,1,1,1,Nuclear-family environmental variance,500,2.292081814865812,2.2730929771645023,1.538602859357401,3.2195666184612888,2.25,2.292081814865812,After the historical event,Event experienced
0.8399999999999999,1,1,1,Nonshared environmental variance,500,3.9940176062925237,3.9787679198086736,3.2422361844534375,4.795334229510569,4,3.9940176062925237,After the historical event,Event experienced
0.8399999999999999,1,1,1,Phenotypic variance,500,12.545087723356916,12.498076545630479,10.64823921520538,14.675941995477128,12.379875017757078,12.545087723356916,After the historical event,Event experienced
0.8599999999999999,0,0,0,Additive genetic variance,500,4.12828377690449,4.144395409316192,3.3188030107583866,4.886212320553048,4.097489057575476,4.12828377690449,Before the historical event,Event not experienced
0.8599999999999999,0,0,0,Nuclear-family environmental variance,500,2.2497928668205374,2.2572214593657813,1.8417699782892278,2.7014315424815916,2.25,2.2497928668205374,Before the historical event,Event not experienced
0.8599999999999999,0,0,0,Nonshared environmental variance,500,3.986860737490634,3.971379870157926,3.5059002929499985,4.448139216866366,4,3.986860737490634,Before the historical event,Event not experienced
0.8599999999999999,0,0,0,Phenotypic variance,500,10.364937381215661,10.358312670495005,9.836941285995712,10.883525597871525,10.347489057575476,10.364937381215661,Before the historical event,Event not experienced
0.8599999999999999,0,1,0,Additive genetic variance,500,4.12828377690449,4.144395409316192,3.3188030107583866,4.886212320553048,4.097489057575476,4.12828377690449,Before the historical event,Event experienced
0.8599999999999999,0,1,0,Nuclear-family environmental variance,500,2.2497928668205374,2.2572214593657813,1.8417699782892278,2.7014315424815916,2.25,2.2497928668205374,Before the historical event,Event experienced
0.8599999999999999,0,1,0,Nonshared environmental variance,500,3.986860737490634,3.971379870157926,3.5059002929499985,4.448139216866366,4,3.986860737490634,Before the historical event,Event experienced
0.8599999999999999,0,1,0,Phenotypic variance,500,10.364937381215661,10.358312670495005,9.836941285995712,10.883525597871525,10.347489057575476,10.364937381215661,Before the historical event,Event experienced
0.8599999999999999,1,0,0,Additive genetic variance,500,4.12828377690449,4.144395409316192,3.3188030107583866,4.886212320553048,4.097489057575476,4.12828377690449,After the historical event,Event not experienced
0.8599999999999999,1,0,0,Nuclear-family environmental variance,500,2.2497928668205374,2.2572214593657813,1.8417699782892278,2.7014315424815916,2.25,2.2497928668205374,After the historical event,Event not experienced
0.8599999999999999,1,0,0,Nonshared environmental variance,500,3.986860737490634,3.971379870157926,3.5059002929499985,4.448139216866366,4,3.986860737490634,After the historical event,Event not experienced
0.8599999999999999,1,0,0,Phenotypic variance,500,10.364937381215661,10.358312670495005,9.836941285995712,10.883525597871525,10.347489057575476,10.364937381215661,After the historical event,Event not experienced
0.8599999999999999,1,1,1,Additive genetic variance,500,6.239774244492855,6.222430008503954,3.8819422473335754,8.727090240361218,6.112735374405948,6.239774244492855,After the historical event,Event experienced
0.8599999999999999,1,1,1,Nuclear-family environmental variance,500,2.2917423262971064,2.2716811988912156,1.5437469281579876,3.213830578493534,2.25,2.2917423262971064,After the historical event,Event experienced
0.8599999999999999,1,1,1,Nonshared environmental variance,500,3.9942236005351166,3.9788588836415277,3.246993972169764,4.791860820811943,4,3.9942236005351166,After the historical event,Event experienced
0.8599999999999999,1,1,1,Phenotypic variance,500,12.525740171325078,12.480377432250897,10.642967129803507,14.63176067911919,12.362735374405947,12.525740171325078,After the historical event,Event experienced
0.8799999999999999,0,0,0,Additive genetic variance,500,4.115914159925863,4.13279312322746,3.3021230193988433,4.872409566741068,4.085378422547272,4.115914159925863,Before the historical event,Event not experienced
0.8799999999999999,0,0,0,Nuclear-family environmental variance,500,2.249905748038127,2.256797618869921,1.8406407942637735,2.7011655058838873,2.25,2.249905748038127,Before the historical event,Event not experienced
0.8799999999999999,0,0,0,Nonshared environmental variance,500,3.987315861050432,3.9706328441321386,3.50511835308915,4.448537871086766,4,3.987315861050432,Before the historical event,Event not experienced
0.8799999999999999,0,0,0,Phenotypic variance,500,10.353135769014422,10.347563240818207,9.828751202984726,10.874883646821628,10.335378422547272,10.353135769014422,Before the historical event,Event not experienced
0.8799999999999999,0,1,0,Additive genetic variance,500,4.115914159925863,4.13279312322746,3.3021230193988433,4.872409566741068,4.085378422547272,4.115914159925863,Before the historical event,Event experienced
0.8799999999999999,0,1,0,Nuclear-family environmental variance,500,2.249905748038127,2.256797618869921,1.8406407942637735,2.7011655058838873,2.25,2.249905748038127,Before the historical event,Event experienced
0.8799999999999999,0,1,0,Nonshared environmental variance,500,3.987315861050432,3.9706328441321386,3.50511835308915,4.448537871086766,4,3.987315861050432,Before the historical event,Event experienced
0.8799999999999999,0,1,0,Phenotypic variance,500,10.353135769014422,10.347563240818207,9.828751202984726,10.874883646821628,10.335378422547272,10.353135769014422,Before the historical event,Event experienced
0.8799999999999999,1,0,0,Additive genetic variance,500,4.115914159925863,4.13279312322746,3.3021230193988433,4.872409566741068,4.085378422547272,4.115914159925863,After the historical event,Event not experienced
0.8799999999999999,1,0,0,Nuclear-family environmental variance,500,2.249905748038127,2.256797618869921,1.8406407942637735,2.7011655058838873,2.25,2.249905748038127,After the historical event,Event not experienced
0.8799999999999999,1,0,0,Nonshared environmental variance,500,3.987315861050432,3.9706328441321386,3.50511835308915,4.448537871086766,4,3.987315861050432,After the historical event,Event not experienced
0.8799999999999999,1,0,0,Phenotypic variance,500,10.353135769014422,10.347563240818207,9.828751202984726,10.874883646821628,10.335378422547272,10.353135769014422,After the historical event,Event not experienced
0.8799999999999999,1,1,1,Additive genetic variance,500,6.219623109111538,6.2030658235894665,3.873956034872842,8.690033840060515,6.094668429966753,6.219623109111538,After the historical event,Event experienced
0.8799999999999999,1,1,1,Nuclear-family environmental variance,500,2.2914009643971296,2.270156437315058,1.5488813023690096,3.2080439973715262,2.25,2.2914009643971296,After the historical event,Event experienced
0.8799999999999999,1,1,1,Nonshared environmental variance,500,3.9944263045358888,3.978977021154085,3.25175834641609,4.789965058331953,4,3.9944263045358888,After the historical event,Event experienced
0.8799999999999999,1,1,1,Phenotypic variance,500,12.505450378044555,12.461890523494553,10.637147349713352,14.586484305873213,12.344668429966752,12.505450378044555,After the historical event,Event experienced
0.8999999999999999,0,0,0,Additive genetic variance,500,4.102932293154041,4.118986534907133,3.2915087168918418,4.861330415867974,4.072651905559175,4.102932293154041,Before the historical event,Event not experienced
0.8999999999999999,0,0,0,Nuclear-family environmental variance,500,2.2500184926324023,2.25598921627811,1.839280582469585,2.7005668232430953,2.25,2.2500184926324023,Before the historical event,Event not experienced
0.8999999999999999,0,0,0,Nonshared environmental variance,500,3.987768261770436,3.968395853930212,3.5050725491057784,4.448915922103401,4,3.987768261770436,Before the historical event,Event not experienced
0.8999999999999999,0,0,0,Phenotypic variance,500,10.34071904755688,10.337047488159083,9.81982508698925,10.86573129525773,10.322651905559175,10.34071904755688,Before the historical event,Event not experienced
0.8999999999999999,0,1,0,Additive genetic variance,500,4.102932293154041,4.118986534907133,3.2915087168918418,4.861330415867974,4.072651905559175,4.102932293154041,Before the historical event,Event experienced
0.8999999999999999,0,1,0,Nuclear-family environmental variance,500,2.2500184926324023,2.25598921627811,1.839280582469585,2.7005668232430953,2.25,2.2500184926324023,Before the historical event,Event experienced
0.8999999999999999,0,1,0,Nonshared environmental variance,500,3.987768261770436,3.968395853930212,3.5050725491057784,4.448915922103401,4,3.987768261770436,Before the historical event,Event experienced
0.8999999999999999,0,1,0,Phenotypic variance,500,10.34071904755688,10.337047488159083,9.81982508698925,10.86573129525773,10.322651905559175,10.34071904755688,Before the historical event,Event experienced
0.8999999999999999,1,0,0,Additive genetic variance,500,4.102932293154041,4.118986534907133,3.2915087168918418,4.861330415867974,4.072651905559175,4.102932293154041,After the historical event,Event not experienced
0.8999999999999999,1,0,0,Nuclear-family environmental variance,500,2.2500184926324023,2.25598921627811,1.839280582469585,2.7005668232430953,2.25,2.2500184926324023,After the historical event,Event not experienced
0.8999999999999999,1,0,0,Nonshared environmental variance,500,3.987768261770436,3.968395853930212,3.5050725491057784,4.448915922103401,4,3.987768261770436,After the historical event,Event not experienced
0.8999999999999999,1,0,0,Phenotypic variance,500,10.34071904755688,10.337047488159083,9.81982508698925,10.86573129525773,10.322651905559175,10.34071904755688,After the historical event,Event not experienced
0.8999999999999999,1,1,1,Additive genetic variance,500,6.198544461468416,6.18278368387497,3.865502512366292,8.651625198870057,6.075682697608959,6.198544461468416,After the historical event,Event experienced
0.8999999999999999,1,1,1,Nuclear-family environmental variance,500,2.2910577220408124,2.2691369848281404,1.552762735482962,3.2022071644510097,2.25,2.2910577220408124,After the historical event,Event experienced
0.8999999999999999,1,1,1,Nonshared environmental variance,500,3.9946257071661453,3.9786294200954555,3.2578015150789783,4.789240100350609,4,3.9946257071661453,After the historical event,Event experienced
0.8999999999999999,1,1,1,Phenotypic variance,500,12.484227890675374,12.445854790419741,10.630781433973283,14.540133284631942,12.325682697608958,12.484227890675374,After the historical event,Event experienced
0.9199999999999999,0,0,0,Additive genetic variance,500,4.0893442955593216,4.108490793481015,3.2786757543560987,4.847080228720621,4.059315490985379,4.0893442955593216,Before the historical event,Event not experienced
0.9199999999999999,0,0,0,Nuclear-family environmental variance,500,2.250131091738221,2.256337289429198,1.8374149018866794,2.6999302330536548,2.25,2.250131091738221,Before the historical event,Event not experienced
0.9199999999999999,0,0,0,Nonshared environmental variance,500,3.98821792887024,3.968392292969961,3.5039357966590714,4.451619185229495,4,3.98821792887024,Before the historical event,Event not experienced
0.9199999999999999,0,0,0,Phenotypic variance,500,10.327693316167782,10.324875323228376,9.805433599434103,10.85486007978259,10.30931549098538,10.327693316167782,Before the historical event,Event not experienced
0.9199999999999999,0,1,0,Additive genetic variance,500,4.0893442955593216,4.108490793481015,3.2786757543560987,4.847080228720621,4.059315490985379,4.0893442955593216,Before the historical event,Event experienced
0.9199999999999999,0,1,0,Nuclear-family environmental variance,500,2.250131091738221,2.256337289429198,1.8374149018866794,2.6999302330536548,2.25,2.250131091738221,Before the historical event,Event experienced
0.9199999999999999,0,1,0,Nonshared environmental variance,500,3.98821792887024,3.968392292969961,3.5039357966590714,4.451619185229495,4,3.98821792887024,Before the historical event,Event experienced
0.9199999999999999,0,1,0,Phenotypic variance,500,10.327693316167782,10.324875323228376,9.805433599434103,10.85486007978259,10.30931549098538,10.327693316167782,Before the historical event,Event experienced
0.9199999999999999,1,0,0,Additive genetic variance,500,4.0893442955593216,4.108490793481015,3.2786757543560987,4.847080228720621,4.059315490985379,4.0893442955593216,After the historical event,Event not experienced
0.9199999999999999,1,0,0,Nuclear-family environmental variance,500,2.250131091738221,2.256337289429198,1.8374149018866794,2.6999302330536548,2.25,2.250131091738221,After the historical event,Event not experienced
0.9199999999999999,1,0,0,Nonshared environmental variance,500,3.98821792887024,3.968392292969961,3.5039357966590714,4.451619185229495,4,3.98821792887024,After the historical event,Event not experienced
0.9199999999999999,1,0,0,Phenotypic variance,500,10.327693316167782,10.324875323228376,9.805433599434103,10.85486007978259,10.30931549098538,10.327693316167782,After the historical event,Event not experienced
0.9199999999999999,1,1,1,Additive genetic variance,500,6.1765482891274965,6.1683593969210335,3.8565849689838996,8.61188349276773,6.055787104969788,6.1765482891274965,After the historical event,Event experienced
0.9199999999999999,1,1,1,Nuclear-family environmental variance,500,2.2907125931969214,2.2681339443567454,1.5564475698268037,3.1963203719483078,2.25,2.2907125931969214,After the historical event,Event experienced
0.9199999999999999,1,1,1,Nonshared environmental variance,500,3.9948217978524534,3.9783994158463996,3.26433243180948,4.788469512933437,4,3.9948217978524534,After the historical event,Event experienced
0.9199999999999999,1,1,1,Phenotypic variance,500,12.462082680176872,12.429228582073447,10.623871147872741,14.49349692189087,12.305787104969788,12.462082680176872,After the historical event,Event experienced
0.94,0,0,0,Additive genetic variance,500,4.07515655943134,4.090435994465012,3.2646434942938907,4.8321369927913995,4.045375436337134,4.07515655943134,Before the historical event,Event not experienced
0.94,0,0,0,Nuclear-family environmental variance,500,2.2502435375335295,2.25612070984893,1.835309304328058,2.6992558801101922,2.25,2.2502435375335295,Before the historical event,Event not experienced
0.94,0,0,0,Nonshared environmental variance,500,3.9886648521195442,3.969855770123161,3.502594313564402,4.454870969236168,4,3.9886648521195442,Before the historical event,Event not experienced
0.94,0,0,0,Phenotypic variance,500,10.314064949084415,10.311276020670743,9.790610863112617,10.841669842529875,10.295375436337135,10.314064949084415,Before the historical event,Event not experienced
0.94,0,1,0,Additive genetic variance,500,4.07515655943134,4.090435994465012,3.2646434942938907,4.8321369927913995,4.045375436337134,4.07515655943134,Before the historical event,Event experienced
0.94,0,1,0,Nuclear-family environmental variance,500,2.2502435375335295,2.25612070984893,1.835309304328058,2.6992558801101922,2.25,2.2502435375335295,Before the historical event,Event experienced
0.94,0,1,0,Nonshared environmental variance,500,3.9886648521195442,3.969855770123161,3.502594313564402,4.454870969236168,4,3.9886648521195442,Before the historical event,Event experienced
0.94,0,1,0,Phenotypic variance,500,10.314064949084415,10.311276020670743,9.790610863112617,10.841669842529875,10.295375436337135,10.314064949084415,Before the historical event,Event experienced
0.94,1,0,0,Additive genetic variance,500,4.07515655943134,4.090435994465012,3.2646434942938907,4.8321369927913995,4.045375436337134,4.07515655943134,After the historical event,Event not experienced
0.94,1,0,0,Nuclear-family environmental variance,500,2.2502435375335295,2.25612070984893,1.835309304328058,2.6992558801101922,2.25,2.2502435375335295,After the historical event,Event not experienced
0.94,1,0,0,Nonshared environmental variance,500,3.9886648521195442,3.969855770123161,3.502594313564402,4.454870969236168,4,3.9886648521195442,After the historical event,Event not experienced
0.94,1,0,0,Phenotypic variance,500,10.314064949084415,10.311276020670743,9.790610863112617,10.841669842529875,10.295375436337135,10.314064949084415,After the historical event,Event not experienced
0.94,1,1,1,Additive genetic variance,500,6.153644993762266,6.153936072680325,3.847206862854155,8.570828510872682,6.034990987159068,6.153644993762266,After the historical event,Event experienced
0.94,1,1,1,Nuclear-family environmental variance,500,2.290365572928958,2.267296330220618,1.5606735066048518,3.1903839149119113,2.25,2.290365572928958,After the historical event,Event experienced
0.94,1,1,1,Nonshared environmental variance,500,3.9950145665770664,3.9794208188570397,3.270863555857269,4.787653317637365,4,3.9950145665770664,After the historical event,Event experienced
0.94,1,1,1,Phenotypic variance,500,12.439025133268292,12.410563074055872,10.616418461824194,14.446148191556091,12.284990987159068,12.439025133268292,After the historical event,Event experienced
0.96,0,0,0,Additive genetic variance,500,4.060375745270186,4.074124367353851,3.2529969784103336,4.818970630027423,4.0308382673706,4.060375745270186,Before the historical event,Event not experienced
0.96,0,0,0,Nuclear-family environmental variance,500,2.250355823241609,2.2555906183968872,1.8332358268464282,2.6985439116250998,2.25,2.250355823241609,Before the historical event,Event not experienced
0.96,0,0,0,Nonshared environmental variance,500,3.9891090218387055,3.9728743920360126,3.5012500809821088,4.4581037622798725,4,3.9891090218387055,Before the historical event,Event not experienced
0.96,0,0,0,Phenotypic variance,500,10.2998405903505,10.297791249973622,9.775412286018351,10.824743711812214,10.2808382673706,10.2998405903505,Before the historical event,Event not experienced
0.96,0,1,0,Additive genetic variance,500,4.060375745270186,4.074124367353851,3.2529969784103336,4.818970630027423,4.0308382673706,4.060375745270186,Before the historical event,Event experienced
0.96,0,1,0,Nuclear-family environmental variance,500,2.250355823241609,2.2555906183968872,1.8332358268464282,2.6985439116250998,2.25,2.250355823241609,Before the historical event,Event experienced
0.96,0,1,0,Nonshared environmental variance,500,3.9891090218387055,3.9728743920360126,3.5012500809821088,4.4581037622798725,4,3.9891090218387055,Before the historical event,Event experienced
0.96,0,1,0,Phenotypic variance,500,10.2998405903505,10.297791249973622,9.775412286018351,10.824743711812214,10.2808382673706,10.2998405903505,Before the historical event,Event experienced
0.96,1,0,0,Additive genetic variance,500,4.060375745270186,4.074124367353851,3.2529969784103336,4.818970630027423,4.0308382673706,4.060375745270186,After the historical event,Event not experienced
0.96,1,0,0,Nuclear-family environmental variance,500,2.250355823241609,2.2555906183968872,1.8332358268464282,2.6985439116250998,2.25,2.250355823241609,After the historical event,Event not experienced
0.96,1,0,0,Nonshared environmental variance,500,3.9891090218387055,3.9728743920360126,3.5012500809821088,4.4581037622798725,4,3.9891090218387055,After the historical event,Event not experienced
0.96,1,0,0,Phenotypic variance,500,10.2998405903505,10.297791249973622,9.775412286018351,10.824743711812214,10.2808382673706,10.2998405903505,After the historical event,Event not experienced
0.96,1,1,1,Additive genetic variance,500,6.129845382798668,6.1260189174628445,3.837371818797827,8.528480638988569,6.013304079461006,6.129845382798668,After the historical event,Event experienced
0.96,1,1,1,Nuclear-family environmental variance,500,2.2900166573960155,2.267132975578677,1.5643289832929628,3.184398091193775,2.25,2.2900166573960155,After the historical event,Event experienced
0.96,1,1,1,Nonshared environmental variance,500,3.9952040038783454,3.9808045670932333,3.2773948331435587,4.78679153732365,4,3.9952040038783454,After the historical event,Event experienced
0.96,1,1,1,Phenotypic variance,500,12.41506604407303,12.389251259664807,10.608425550098568,14.397777519340426,12.263304079461006,12.41506604407303,After the historical event,Event experienced
0.98,0,0,0,Additive genetic variance,500,4.045008776474558,4.060024510123219,3.240878946612357,4.808049097504934,4.01571077299691,4.045008776474558,Before the historical event,Event not experienced
0.98,0,0,0,Nuclear-family environmental variance,500,2.2504679431333052,2.2533301392893703,1.8317118314450718,2.6977944772080074,2.25,2.2504679431333052,Before the historical event,Event not experienced
0.98,0,0,0,Nonshared environmental variance,500,3.989550428899284,3.971571118771008,3.4999218787474087,4.461317512355991,4,3.989550428899284,Before the historical event,Event not experienced
0.98,0,0,0,Phenotypic variance,500,10.285027148507147,10.284070147721357,9.75984497226641,10.806476666725182,10.265710772996911,10.285027148507147,Before the historical event,Event not experienced
0.98,0,1,0,Additive genetic variance,500,4.045008776474558,4.060024510123219,3.240878946612357,4.808049097504934,4.01571077299691,4.045008776474558,Before the historical event,Event experienced
0.98,0,1,0,Nuclear-family environmental variance,500,2.2504679431333052,2.2533301392893703,1.8317118314450718,2.6977944772080074,2.25,2.2504679431333052,Before the historical event,Event experienced
0.98,0,1,0,Nonshared environmental variance,500,3.989550428899284,3.971571118771008,3.4999218787474087,4.461317512355991,4,3.989550428899284,Before the historical event,Event experienced
0.98,0,1,0,Phenotypic variance,500,10.285027148507147,10.284070147721357,9.75984497226641,10.806476666725182,10.265710772996911,10.285027148507147,Before the historical event,Event experienced
0.98,1,0,0,Additive genetic variance,500,4.045008776474558,4.060024510123219,3.240878946612357,4.808049097504934,4.01571077299691,4.045008776474558,After the historical event,Event not experienced
0.98,1,0,0,Nuclear-family environmental variance,500,2.2504679431333052,2.2533301392893703,1.8317118314450718,2.6977944772080074,2.25,2.2504679431333052,After the historical event,Event not experienced
0.98,1,0,0,Nonshared environmental variance,500,3.989550428899284,3.971571118771008,3.4999218787474087,4.461317512355991,4,3.989550428899284,After the historical event,Event not experienced
0.98,1,0,0,Phenotypic variance,500,10.285027148507147,10.284070147721357,9.75984497226641,10.806476666725182,10.265710772996911,10.285027148507147,After the historical event,Event not experienced
0.98,1,1,1,Additive genetic variance,500,6.105160660751346,6.092899682098445,3.8270836259602827,8.48486084269885,5.990736509740908,6.105160660751346,After the historical event,Event experienced
0.98,1,1,1,Nuclear-family environmental variance,500,2.2896658438536,2.267366088132108,1.56799842371929,3.178363201420303,2.25,2.2896658438536,After the historical event,Event experienced
0.98,1,1,1,Nonshared environmental variance,500,3.9953901008511643,3.9815920949776213,3.2823509262801798,4.785884196156804,4,3.9953901008511643,After the historical event,Event experienced
0.98,1,1,1,Phenotypic variance,500,12.39021660545611,12.365719381762649,10.599894789425367,14.348406431312263,12.240736509740909,12.39021660545611,After the historical event,Event experienced
1,0,0,0,Additive genetic variance,500,4.029062833833018,4.040040974755506,3.22829504818519,4.792220576809488,4,4.029062833833018,Before the historical event,Event not experienced
1,0,0,0,Nuclear-family environmental variance,500,2.250579892529236,2.252934691168135,1.8333058686172903,2.697007728844976,2.25,2.250579892529236,Before the historical event,Event not experienced
1,0,0,0,Nonshared environmental variance,500,3.9899890647245764,3.9715552257923976,3.498609712531924,4.4645794707449085,4,3.9899890647245764,Before the historical event,Event not experienced
1,0,0,0,Phenotypic variance,500,10.26963179108683,10.270783200775021,9.743916139055816,10.787851616961728,10.25,10.26963179108683,Before the historical event,Event not experienced
1,0,1,0,Additive genetic variance,500,4.029062833833018,4.040040974755506,3.22829504818519,4.792220576809488,4,4.029062833833018,Before the historical event,Event experienced
1,0,1,0,Nuclear-family environmental variance,500,2.250579892529236,2.252934691168135,1.8333058686172903,2.697007728844976,2.25,2.250579892529236,Before the historical event,Event experienced
1,0,1,0,Nonshared environmental variance,500,3.9899890647245764,3.9715552257923976,3.498609712531924,4.4645794707449085,4,3.9899890647245764,Before the historical event,Event experienced
1,0,1,0,Phenotypic variance,500,10.26963179108683,10.270783200775021,9.743916139055816,10.787851616961728,10.25,10.26963179108683,Before the historical event,Event experienced
1,1,0,0,Additive genetic variance,500,4.029062833833018,4.040040974755506,3.22829504818519,4.792220576809488,4,4.029062833833018,After the historical event,Event not experienced
1,1,0,0,Nuclear-family environmental variance,500,2.250579892529236,2.252934691168135,1.8333058686172903,2.697007728844976,2.25,2.250579892529236,After the historical event,Event not experienced
1,1,0,0,Nonshared environmental variance,500,3.9899890647245764,3.9715552257923976,3.498609712531924,4.4645794707449085,4,3.9899890647245764,After the historical event,Event not experienced
1,1,0,0,Phenotypic variance,500,10.26963179108683,10.270783200775021,9.743916139055816,10.787851616961728,10.25,10.26963179108683,After the historical event,Event not experienced
1,1,1,1,Additive genetic variance,500,6.079602420263093,6.069988957468019,3.816346235344539,8.439990650033874,5.967298790565081,6.079602420263093,After the historical event,Event experienced
1,1,1,1,Nuclear-family environmental variance,500,2.289313130654413,2.266438073128994,1.5716818659191814,3.1722795489630484,2.25,2.289313130654413,After the historical event,Event experienced
1,1,1,1,Nonshared environmental variance,500,3.995572849147312,3.9823812465048,3.2869287775624807,4.784931319603466,4,3.995572849147312,After the historical event,Event experienced
1,1,1,1,Phenotypic variance,500,12.364488400064818,12.344216296287344,10.590828757458567,14.302985134443688,12.217298790565081,12.364488400064818,After the historical event,Event experienced
1.0200000000000005,0,0,0,Additive genetic variance,500,4.0125453498245784,4.020715179889023,3.215251135619819,4.770830386758647,3.9837132475679375,4.0125453498245784,Before the historical event,Event not experienced
1.0200000000000005,0,0,0,Nuclear-family environmental variance,500,2.250691667801983,2.2507763397561344,1.8349027717093693,2.696562574541884,2.25,2.250691667801983,Before the historical event,Event not experienced
1.0200000000000005,0,0,0,Nonshared environmental variance,500,3.99042492129015,3.972280700590197,3.497313588302537,4.4678501459138165,4,3.99042492129015,Before the historical event,Event not experienced
1.0200000000000005,0,0,0,Phenotypic variance,500,10.25366193891671,10.253050470763055,9.729337903969943,10.774834645107806,10.233713247567938,10.25366193891671,Before the historical event,Event not experienced
1.0200000000000005,0,1,0,Additive genetic variance,500,4.0125453498245784,4.020715179889023,3.215251135619819,4.770830386758647,3.9837132475679375,4.0125453498245784,Before the historical event,Event experienced
1.0200000000000005,0,1,0,Nuclear-family environmental variance,500,2.250691667801983,2.2507763397561344,1.8349027717093693,2.696562574541884,2.25,2.250691667801983,Before the historical event,Event experienced
1.0200000000000005,0,1,0,Nonshared environmental variance,500,3.99042492129015,3.972280700590197,3.497313588302537,4.4678501459138165,4,3.99042492129015,Before the historical event,Event experienced
1.0200000000000005,0,1,0,Phenotypic variance,500,10.25366193891671,10.253050470763055,9.729337903969943,10.774834645107806,10.233713247567938,10.25366193891671,Before the historical event,Event experienced
1.0200000000000005,1,0,0,Additive genetic variance,500,4.0125453498245784,4.020715179889023,3.215251135619819,4.770830386758647,3.9837132475679375,4.0125453498245784,After the historical event,Event not experienced
1.0200000000000005,1,0,0,Nuclear-family environmental variance,500,2.250691667801983,2.2507763397561344,1.8349027717093693,2.696562574541884,2.25,2.250691667801983,After the historical event,Event not experienced
1.0200000000000005,1,0,0,Nonshared environmental variance,500,3.99042492129015,3.972280700590197,3.497313588302537,4.4678501459138165,4,3.99042492129015,After the historical event,Event not experienced
1.0200000000000005,1,0,0,Phenotypic variance,500,10.25366193891671,10.253050470763055,9.729337903969943,10.774834645107806,10.233713247567938,10.25366193891671,After the historical event,Event not experienced
1.0200000000000005,1,1,1,Additive genetic variance,500,6.053182632857719,6.045794692713756,3.80516375724734,8.393785862788356,5.943001811042563,6.053182632857719,After the historical event,Event experienced
1.0200000000000005,1,1,1,Nuclear-family environmental variance,500,2.28895851724909,2.264915091490693,1.5753793481413976,3.1661474399091194,2.25,2.28895851724909,After the historical event,Event experienced
1.0200000000000005,1,1,1,Nonshared environmental variance,500,3.9957522409758868,3.983172020524291,3.291532006906935,4.783700037924575,4,3.9957522409758868,After the historical event,Event experienced
1.0200000000000005,1,1,1,Phenotypic variance,500,12.337893391082696,12.318955453295512,10.581230231109727,14.26241065731975,12.193001811042564,12.337893391082696,After the historical event,Event experienced
1.04,0,0,0,Additive genetic variance,500,3.99546400273508,4.00514777577613,3.200886287589346,4.747992114439852,3.966858061643717,3.99546400273508,Before the historical event,Event not experienced
1.04,0,0,0,Nuclear-family environmental variance,500,2.2508032663782562,2.2493642403960434,1.8364238524158227,2.696507167467173,2.25,2.2508032663782562,Before the historical event,Event not experienced
1.04,0,0,0,Nonshared environmental variance,500,3.990857991124363,3.9725402897339483,3.4960335123218274,4.4710995023953135,4,3.990857991124363,Before the historical event,Event not experienced
1.04,0,0,0,Phenotypic variance,500,10.237125260237699,10.232576897243685,9.718371536413962,10.75743578594627,10.216858061643716,10.237125260237699,Before the historical event,Event not experienced
1.04,0,1,0,Additive genetic variance,500,3.99546400273508,4.00514777577613,3.200886287589346,4.747992114439852,3.966858061643717,3.99546400273508,Before the historical event,Event experienced
1.04,0,1,0,Nuclear-family environmental variance,500,2.2508032663782562,2.2493642403960434,1.8364238524158227,2.696507167467173,2.25,2.2508032663782562,Before the historical event,Event experienced
1.04,0,1,0,Nonshared environmental variance,500,3.990857991124363,3.9725402897339483,3.4960335123218274,4.4710995023953135,4,3.990857991124363,Before the historical event,Event experienced
1.04,0,1,0,Phenotypic variance,500,10.237125260237699,10.232576897243685,9.718371536413962,10.75743578594627,10.216858061643716,10.237125260237699,Before the historical event,Event experienced
1.04,1,0,0,Additive genetic variance,500,3.99546400273508,4.00514777577613,3.200886287589346,4.747992114439852,3.966858061643717,3.99546400273508,After the historical event,Event not experienced
1.04,1,0,0,Nuclear-family environmental variance,500,2.2508032663782562,2.2493642403960434,1.8364238524158227,2.696507167467173,2.25,2.2508032663782562,After the historical event,Event not experienced
1.04,1,0,0,Nonshared environmental variance,500,3.990857991124363,3.9725402897339483,3.4960335123218274,4.4710995023953135,4,3.990857991124363,After the historical event,Event not experienced
1.04,1,0,0,Phenotypic variance,500,10.237125260237699,10.232576897243685,9.718371536413962,10.75743578594627,10.216858061643716,10.237125260237699,After the historical event,Event not experienced
1.04,1,1,1,Additive genetic variance,500,6.025913639416849,6.016776979875415,3.7935404586006025,8.341177989237757,5.917856828397474,6.025913639416849,After the historical event,Event experienced
1.04,1,1,1,Nuclear-family environmental variance,500,2.288602004186906,2.2650421929646036,1.5790909088492504,3.1599671830313003,2.25,2.288602004186906,After the historical event,Event experienced
1.04,1,1,1,Nonshared environmental variance,500,3.995928269103676,3.9826242832133767,3.2957771400194207,4.779512688930976,4,3.995928269103676,After the historical event,Event experienced
1.04,1,1,1,Phenotypic variance,500,12.31044391270743,12.292901364860676,10.571102184749732,14.220771861972196,12.167856828397474,12.31044391270743,After the historical event,Event experienced
1.0600000000000005,0,0,0,Additive genetic variance,500,3.9778267105960157,3.984319373254806,3.18695296325192,4.722760286490842,3.949442229101612,3.9778267105960157,Before the historical event,Event not experienced
1.0600000000000005,0,0,0,Nuclear-family environmental variance,500,2.250914686741046,2.2500512123682546,1.8377884329282852,2.7008134097682555,2.25,2.250914686741046,Before the historical event,Event not experienced
1.0600000000000005,0,0,0,Nonshared environmental variance,500,3.991288267308881,3.9739613929465722,3.491932631191596,4.474327482324366,4,3.991288267308881,Before the historical event,Event not experienced
1.0600000000000005,0,0,0,Phenotypic variance,500,10.220029664645944,10.218851213361361,9.706010097335504,10.737459327531209,10.199442229101612,10.220029664645944,Before the historical event,Event not experienced
1.0600000000000005,0,1,0,Additive genetic variance,500,3.9778267105960157,3.984319373254806,3.18695296325192,4.722760286490842,3.949442229101612,3.9778267105960157,Before the historical event,Event experienced
1.0600000000000005,0,1,0,Nuclear-family environmental variance,500,2.250914686741046,2.2500512123682546,1.8377884329282852,2.7008134097682555,2.25,2.250914686741046,Before the historical event,Event experienced
1.0600000000000005,0,1,0,Nonshared environmental variance,500,3.991288267308881,3.9739613929465722,3.491932631191596,4.474327482324366,4,3.991288267308881,Before the historical event,Event experienced
1.0600000000000005,0,1,0,Phenotypic variance,500,10.220029664645944,10.218851213361361,9.706010097335504,10.737459327531209,10.199442229101612,10.220029664645944,Before the historical event,Event experienced
1.0600000000000005,1,0,0,Additive genetic variance,500,3.9778267105960157,3.984319373254806,3.18695296325192,4.722760286490842,3.949442229101612,3.9778267105960157,After the historical event,Event not experienced
1.0600000000000005,1,0,0,Nuclear-family environmental variance,500,2.250914686741046,2.2500512123682546,1.8377884329282852,2.7008134097682555,2.25,2.250914686741046,After the historical event,Event not experienced
1.0600000000000005,1,0,0,Nonshared environmental variance,500,3.991288267308881,3.9739613929465722,3.491932631191596,4.474327482324366,4,3.991288267308881,After the historical event,Event not experienced
1.0600000000000005,1,0,0,Phenotypic variance,500,10.220029664645944,10.218851213361361,9.706010097335504,10.737459327531209,10.199442229101612,10.220029664645944,After the historical event,Event not experienced
1.0600000000000005,1,1,1,Additive genetic variance,500,5.997808140391472,5.984507697526595,3.781480760220684,8.28812748729535,5.8918754592811755,5.997808140391472,After the historical event,Event experienced
1.0600000000000005,1,1,1,Nuclear-family environmental variance,500,2.288243593116439,2.264225400953582,1.5828165867217536,3.1537818530367767,2.25,2.288243593116439,After the historical event,Event experienced
1.0600000000000005,1,1,1,Nonshared environmental variance,500,3.9961009268555343,3.9812069589116788,3.2999669967410137,4.774083818190866,4,3.9961009268555343,After the historical event,Event experienced
1.0600000000000005,1,1,1,Phenotypic variance,500,12.282152660363446,12.266065257091423,10.560447788280776,14.178088057567635,12.141875459281176,12.282152660363446,After the historical event,Event experienced
1.08,0,0,0,Additive genetic variance,500,3.959641624952614,3.9649917526841856,3.1732075792590955,4.705717320993951,3.9314737717553894,3.959641624952614,Before the historical event,Event not experienced
1.08,0,0,0,Nuclear-family environmental variance,500,2.25102592843175,2.2498240920036316,1.8391581033080953,2.70509780300039,2.25,2.25102592843175,Before the historical event,Event not experienced
1.08,0,0,0,Nonshared environmental variance,500,3.991715743479186,3.9756888405127895,3.489419961010178,4.4775340286285985,4,3.991715743479186,Before the historical event,Event not experienced
1.08,0,0,0,Phenotypic variance,500,10.20238329686355,10.203832140008217,9.685719471175595,10.718160697720544,10.181473771755389,10.20238329686355,Before the historical event,Event not experienced
1.08,0,1,0,Additive genetic variance,500,3.959641624952614,3.9649917526841856,3.1732075792590955,4.705717320993951,3.9314737717553894,3.959641624952614,Before the historical event,Event experienced
1.08,0,1,0,Nuclear-family environmental variance,500,2.25102592843175,2.2498240920036316,1.8391581033080953,2.70509780300039,2.25,2.25102592843175,Before the historical event,Event experienced
1.08,0,1,0,Nonshared environmental variance,500,3.991715743479186,3.9756888405127895,3.489419961010178,4.4775340286285985,4,3.991715743479186,Before the historical event,Event experienced
1.08,0,1,0,Phenotypic variance,500,10.20238329686355,10.203832140008217,9.685719471175595,10.718160697720544,10.181473771755389,10.20238329686355,Before the historical event,Event experienced
1.08,1,0,0,Additive genetic variance,500,3.959641624952614,3.9649917526841856,3.1732075792590955,4.705717320993951,3.9314737717553894,3.959641624952614,After the historical event,Event not experienced
1.08,1,0,0,Nuclear-family environmental variance,500,2.25102592843175,2.2498240920036316,1.8391581033080953,2.70509780300039,2.25,2.25102592843175,After the historical event,Event not experienced
1.08,1,0,0,Nonshared environmental variance,500,3.991715743479186,3.9756888405127895,3.489419961010178,4.4775340286285985,4,3.991715743479186,After the historical event,Event not experienced
1.08,1,0,0,Phenotypic variance,500,10.20238329686355,10.203832140008217,9.685719471175595,10.718160697720544,10.181473771755389,10.20238329686355,After the historical event,Event not experienced
1.08,1,1,1,Additive genetic variance,500,5.968879185759317,5.954713463191502,3.7689892339679667,8.233774521215285,5.8650696708335675,5.968879185759317,After the historical event,Event experienced
1.08,1,1,1,Nuclear-family environmental variance,500,2.287883286786193,2.2637188629363543,1.5865564206547829,3.1475876986430036,2.25,2.287883286786193,After the historical event,Event experienced
1.08,1,1,1,Nonshared environmental variance,500,3.9962702081147485,3.979808386322617,3.303580337985203,4.767973301492095,4,3.9962702081147485,After the historical event,Event experienced
1.08,1,1,1,Phenotypic variance,500,12.253032680660258,12.238458634507838,10.54927040508031,14.134378948091001,12.115069670833567,12.253032680660258,After the historical event,Event experienced
1.0999999999999996,0,0,0,Additive genetic variance,500,3.940917124468169,3.9451440949002134,3.1582506517338222,4.689789512042239,3.9129609402048398,3.940917124468169,Before the historical event,Event not experienced
1.0999999999999996,0,0,0,Nuclear-family environmental variance,500,2.251136992052276,2.250638140682683,1.8402381018283085,2.7072602563253136,2.25,2.251136992052276,Before the historical event,Event not experienced
1.0999999999999996,0,0,0,Nonshared environmental variance,500,3.9921404138250733,3.974838127472262,3.4888456470382376,4.480719085031788,4,3.9921404138250733,Before the historical event,Event not experienced
1.0999999999999996,0,0,0,Phenotypic variance,500,10.184194530345518,10.186626510756184,9.665346372079163,10.698186028066644,10.16296094020484,10.184194530345518,Before the historical event,Event not experienced
1.0999999999999996,0,1,0,Additive genetic variance,500,3.940917124468169,3.9451440949002134,3.1582506517338222,4.689789512042239,3.9129609402048398,3.940917124468169,Before the historical event,Event experienced
1.0999999999999996,0,1,0,Nuclear-family environmental variance,500,2.251136992052276,2.250638140682683,1.8402381018283085,2.7072602563253136,2.25,2.251136992052276,Before the historical event,Event experienced
1.0999999999999996,0,1,0,Nonshared environmental variance,500,3.9921404138250733,3.974838127472262,3.4888456470382376,4.480719085031788,4,3.9921404138250733,Before the historical event,Event experienced
1.0999999999999996,0,1,0,Phenotypic variance,500,10.184194530345518,10.186626510756184,9.665346372079163,10.698186028066644,10.16296094020484,10.184194530345518,Before the historical event,Event experienced
1.0999999999999996,1,0,0,Additive genetic variance,500,3.940917124468169,3.9451440949002134,3.1582506517338222,4.689789512042239,3.9129609402048398,3.940917124468169,After the historical event,Event not experienced
1.0999999999999996,1,0,0,Nuclear-family environmental variance,500,2.251136992052276,2.250638140682683,1.8402381018283085,2.7072602563253136,2.25,2.251136992052276,After the historical event,Event not experienced
1.0999999999999996,1,0,0,Nonshared environmental variance,500,3.9921404138250733,3.974838127472262,3.4888456470382376,4.480719085031788,4,3.9921404138250733,After the historical event,Event not experienced
1.0999999999999996,1,0,0,Phenotypic variance,500,10.184194530345518,10.186626510756184,9.665346372079163,10.698186028066644,10.16296094020484,10.184194530345518,After the historical event,Event not experienced
1.0999999999999996,1,1,1,Additive genetic variance,500,5.9391401647393485,5.926462308423224,3.756070599819355,8.178149210663003,5.8374517715031855,5.9391401647393485,After the historical event,Event experienced
1.0999999999999996,1,1,1,Nuclear-family environmental variance,500,2.28752108904518,2.264245921225792,1.5903104497622484,3.1419004182726082,2.25,2.28752108904518,After the historical event,Event experienced
1.0999999999999996,1,1,1,Nonshared environmental variance,500,3.996436107323397,3.9784285351359934,3.3071777008984675,4.761839632671279,4,3.996436107323397,After the historical event,Event experienced
1.0999999999999996,1,1,1,Phenotypic variance,500,12.223097361107925,12.21009327209348,10.537573589818813,14.089664617819196,12.087451771503186,12.223097361107925,After the historical event,Event experienced
1.12,0,0,0,Additive genetic variance,500,3.9216618083717876,3.927147495219971,3.142860288662929,4.672974855753235,3.8939122075272037,3.9216618083717876,Before the historical event,Event not experienced
1.12,0,0,0,Nuclear-family environmental variance,500,2.251247879267131,2.25066176216135,1.838011679829469,2.710824312619545,2.25,2.251247879267131,Before the historical event,Event not experienced
1.12,0,0,0,Nonshared environmental variance,500,3.99256227309115,3.973154006249835,3.488278260746486,4.483882596057311,4,3.99256227309115,Before the historical event,Event not experienced
1.12,0,0,0,Phenotypic variance,500,10.165471960730068,10.167793404014358,9.648310952602447,10.677659185744623,10.143912207527205,10.165471960730068,Before the historical event,Event not experienced
1.12,0,1,0,Additive genetic variance,500,3.9216618083717876,3.927147495219971,3.142860288662929,4.672974855753235,3.8939122075272037,3.9216618083717876,Before the historical event,Event experienced
1.12,0,1,0,Nuclear-family environmental variance,500,2.251247879267131,2.25066176216135,1.838011679829469,2.710824312619545,2.25,2.251247879267131,Before the historical event,Event experienced
1.12,0,1,0,Nonshared environmental variance,500,3.99256227309115,3.973154006249835,3.488278260746486,4.483882596057311,4,3.99256227309115,Before the historical event,Event experienced
1.12,0,1,0,Phenotypic variance,500,10.165471960730068,10.167793404014358,9.648310952602447,10.677659185744623,10.143912207527205,10.165471960730068,Before the historical event,Event experienced
1.12,1,0,0,Additive genetic variance,500,3.9216618083717876,3.927147495219971,3.142860288662929,4.672974855753235,3.8939122075272037,3.9216618083717876,After the historical event,Event not experienced
1.12,1,0,0,Nuclear-family environmental variance,500,2.251247879267131,2.25066176216135,1.838011679829469,2.710824312619545,2.25,2.251247879267131,After the historical event,Event not experienced
1.12,1,0,0,Nonshared environmental variance,500,3.99256227309115,3.973154006249835,3.488278260746486,4.483882596057311,4,3.99256227309115,After the historical event,Event not experienced
1.12,1,0,0,Phenotypic variance,500,10.165471960730068,10.167793404014358,9.648310952602447,10.677659185744623,10.143912207527205,10.165471960730068,After the historical event,Event not experienced
1.12,1,1,1,Additive genetic variance,500,5.908604795274985,5.897106720156398,3.7427297228563448,8.12128224253252,5.809034401635921,5.908604795274985,After the historical event,Event experienced
1.12,1,1,1,Nuclear-family environmental variance,500,2.287157004843468,2.2634287085620293,1.594078713377276,3.136434657147391,2.25,2.287157004843468,After the historical event,Event experienced
1.12,1,1,1,Nonshared environmental variance,500,3.996598619482697,3.9770673754824735,3.310814769738048,4.755682923501178,4,3.996598619482697,After the historical event,Event experienced
1.12,1,1,1,Phenotypic variance,500,12.19236041960115,12.180981207187958,10.52536108615328,14.043965516577058,12.059034401635921,12.19236041960115,After the historical event,Event experienced
1.1399999999999997,0,0,0,Additive genetic variance,500,3.901884489756848,3.909085580951643,3.120772864256133,4.653343538804845,3.8743362628202704,3.901884489756848,Before the historical event,Event not experienced
1.1399999999999997,0,0,0,Nuclear-family environmental variance,500,2.251358592805482,2.2499214015274873,1.8358029761097832,2.7153192902173147,2.25,2.251358592805482,Before the historical event,Event not experienced
1.1399999999999997,0,0,0,Nonshared environmental variance,500,3.9929813165773163,3.9724050170270457,3.487665582969276,4.487024507031554,4,3.9929813165773163,Before the historical event,Event not experienced
1.1399999999999997,0,0,0,Phenotypic variance,500,10.146224399139646,10.14651889230411,9.625432592042147,10.656565139057737,10.12433626282027,10.146224399139646,Before the historical event,Event not experienced
1.1399999999999997,0,1,0,Additive genetic variance,500,3.901884489756848,3.909085580951643,3.120772864256133,4.653343538804845,3.8743362628202704,3.901884489756848,Before the historical event,Event experienced
1.1399999999999997,0,1,0,Nuclear-family environmental variance,500,2.251358592805482,2.2499214015274873,1.8358029761097832,2.7153192902173147,2.25,2.251358592805482,Before the historical event,Event experienced
1.1399999999999997,0,1,0,Nonshared environmental variance,500,3.9929813165773163,3.9724050170270457,3.487665582969276,4.487024507031554,4,3.9929813165773163,Before the historical event,Event experienced
1.1399999999999997,0,1,0,Phenotypic variance,500,10.146224399139646,10.14651889230411,9.625432592042147,10.656565139057737,10.12433626282027,10.146224399139646,Before the historical event,Event experienced
1.1399999999999997,1,0,0,Additive genetic variance,500,3.901884489756848,3.909085580951643,3.120772864256133,4.653343538804845,3.8743362628202704,3.901884489756848,After the historical event,Event not experienced
1.1399999999999997,1,0,0,Nuclear-family environmental variance,500,2.251358592805482,2.2499214015274873,1.8358029761097832,2.7153192902173147,2.25,2.251358592805482,After the historical event,Event not experienced
1.1399999999999997,1,0,0,Nonshared environmental variance,500,3.9929813165773163,3.9724050170270457,3.487665582969276,4.487024507031554,4,3.9929813165773163,After the historical event,Event not experienced
1.1399999999999997,1,0,0,Phenotypic variance,500,10.146224399139646,10.14651889230411,9.625432592042147,10.656565139057737,10.12433626282027,10.146224399139646,After the historical event,Event not experienced
1.1399999999999997,1,1,1,Additive genetic variance,500,5.8772871132977675,5.862517002692858,3.7287028371353466,8.062148289653953,5.77983052384246,5.8772871132977675,After the historical event,Event experienced
1.1399999999999997,1,1,1,Nuclear-family environmental variance,500,2.286791040232682,2.263509629126888,1.5978612510533998,3.130898386784713,2.25,2.286791040232682,After the historical event,Event experienced
1.1399999999999997,1,1,1,Nonshared environmental variance,500,3.996757740153347,3.9773651337808387,3.3144916526779173,4.74950328605509,4,3.996757740153347,After the historical event,Event experienced
1.1399999999999997,1,1,1,Phenotypic variance,500,12.160835893683796,12.146601385616659,10.512636824298607,13.997302444790861,12.02983052384246,12.160835893683796,After the historical event,Event experienced
1.1600000000000001,0,0,0,Additive genetic variance,500,3.881594188737606,3.8903126045618674,3.0948304515510667,4.632975649586568,3.8542420046040085,3.881594188737606,Before the historical event,Event not experienced
1.1600000000000001,0,0,0,Nuclear-family environmental variance,500,2.2514691364631974,2.2507840790172553,1.833611971979669,2.7206800000182523,2.25,2.2514691364631974,Before the historical event,Event not experienced
1.1600000000000001,0,0,0,Nonshared environmental variance,500,3.993397540139248,3.971791859013064,3.486713389924865,4.490144764087276,4,3.993397540139248,Before the historical event,Event not experienced
1.1600000000000001,0,0,0,Phenotypic variance,500,10.126460865340052,10.12025110739566,9.602409179887124,10.634832487856476,10.104242004604009,10.126460865340052,Before the historical event,Event not experienced
1.1600000000000001,0,1,0,Additive genetic variance,500,3.881594188737606,3.8903126045618674,3.0948304515510667,4.632975649586568,3.8542420046040085,3.881594188737606,Before the historical event,Event experienced
1.1600000000000001,0,1,0,Nuclear-family environmental variance,500,2.2514691364631974,2.2507840790172553,1.833611971979669,2.7206800000182523,2.25,2.2514691364631974,Before the historical event,Event experienced
1.1600000000000001,0,1,0,Nonshared environmental variance,500,3.993397540139248,3.971791859013064,3.486713389924865,4.490144764087276,4,3.993397540139248,Before the historical event,Event experienced
1.1600000000000001,0,1,0,Phenotypic variance,500,10.126460865340052,10.12025110739566,9.602409179887124,10.634832487856476,10.104242004604009,10.126460865340052,Before the historical event,Event experienced
1.1600000000000001,1,0,0,Additive genetic variance,500,3.881594188737606,3.8903126045618674,3.0948304515510667,4.632975649586568,3.8542420046040085,3.881594188737606,After the historical event,Event not experienced
1.1600000000000001,1,0,0,Nuclear-family environmental variance,500,2.2514691364631974,2.2507840790172553,1.833611971979669,2.7206800000182523,2.25,2.2514691364631974,After the historical event,Event not experienced
1.1600000000000001,1,0,0,Nonshared environmental variance,500,3.993397540139248,3.971791859013064,3.486713389924865,4.490144764087276,4,3.993397540139248,After the historical event,Event not experienced
1.1600000000000001,1,0,0,Phenotypic variance,500,10.126460865340052,10.12025110739566,9.602409179887124,10.634832487856476,10.104242004604009,10.126460865340052,After the historical event,Event not experienced
1.1600000000000001,1,1,1,Additive genetic variance,500,5.845201461783478,5.827230987238737,3.7141606407054057,7.999802456219916,5.749853413154658,5.845201461783478,After the historical event,Event experienced
1.1600000000000001,1,1,1,Nuclear-family environmental variance,500,2.286423202366469,2.2614063315582547,1.601658102565768,3.1255745817453064,2.25,2.286423202366469,After the historical event,Event experienced
1.1600000000000001,1,1,1,Nonshared environmental variance,500,3.996913465455858,3.9801203110072443,3.3182084594859997,4.743300832703456,4,3.996913465455858,After the historical event,Event experienced
1.1600000000000001,1,1,1,Phenotypic variance,500,12.128538129605806,12.115951592671355,10.499404918478959,13.949696538354589,11.999853413154657,12.128538129605806,After the historical event,Event experienced
1.1799999999999997,0,0,0,Additive genetic variance,500,3.860800125471537,3.8675844492829907,3.071751168763299,4.611881567683572,3.8336385340877475,3.860800125471537,Before the historical event,Event not experienced
1.1799999999999997,0,0,0,Nuclear-family environmental variance,500,2.2515795151048676,2.2510258900548648,1.8314386494712722,2.7248621363849055,2.25,2.2515795151048676,Before the historical event,Event not experienced
1.1799999999999997,0,0,0,Nonshared environmental variance,500,3.9938109401888626,3.9731621175825422,3.487876290149269,4.49324331416692,4,3.9938109401888626,Before the historical event,Event not experienced
1.1799999999999997,0,0,0,Phenotypic variance,500,10.106190580765269,10.095954338107731,9.582484480803263,10.612472239096391,10.083638534087747,10.106190580765269,Before the historical event,Event not experienced
1.1799999999999997,0,1,0,Additive genetic variance,500,3.860800125471537,3.8675844492829907,3.071751168763299,4.611881567683572,3.8336385340877475,3.860800125471537,Before the historical event,Event experienced
1.1799999999999997,0,1,0,Nuclear-family environmental variance,500,2.2515795151048676,2.2510258900548648,1.8314386494712722,2.7248621363849055,2.25,2.2515795151048676,Before the historical event,Event experienced
1.1799999999999997,0,1,0,Nonshared environmental variance,500,3.9938109401888626,3.9731621175825422,3.487876290149269,4.49324331416692,4,3.9938109401888626,Before the historical event,Event experienced
1.1799999999999997,0,1,0,Phenotypic variance,500,10.106190580765269,10.095954338107731,9.582484480803263,10.612472239096391,10.083638534087747,10.106190580765269,Before the historical event,Event experienced
1.1799999999999997,1,0,0,Additive genetic variance,500,3.860800125471537,3.8675844492829907,3.071751168763299,4.611881567683572,3.8336385340877475,3.860800125471537,After the historical event,Event not experienced
1.1799999999999997,1,0,0,Nuclear-family environmental variance,500,2.2515795151048676,2.2510258900548648,1.8314386494712722,2.7248621363849055,2.25,2.2515795151048676,After the historical event,Event not experienced
1.1799999999999997,1,0,0,Nonshared environmental variance,500,3.9938109401888626,3.9731621175825422,3.487876290149269,4.49324331416692,4,3.9938109401888626,After the historical event,Event not experienced
1.1799999999999997,1,0,0,Phenotypic variance,500,10.106190580765269,10.095954338107731,9.582484480803263,10.612472239096391,10.083638534087747,10.106190580765269,After the historical event,Event not experienced
1.1799999999999997,1,1,1,Additive genetic variance,500,5.812362479612869,5.79840397084919,3.6992081966670547,7.938460684750037,5.7191166469813774,5.812362479612869,After the historical event,Event experienced
1.1799999999999997,1,1,1,Nuclear-family environmental variance,500,2.2860534995009214,2.2592647174018357,1.6054693079123554,3.1212370217553005,2.25,2.2860534995009214,After the historical event,Event experienced
1.1799999999999997,1,1,1,Nonshared environmental variance,500,3.9970657920708748,3.982225200596724,3.3219653015307404,4.737075676110473,4,3.9970657920708748,After the historical event,Event experienced
1.1799999999999997,1,1,1,Phenotypic variance,500,12.095481771184666,12.08644602364589,10.485669664261493,13.90116925332459,11.969116646981377,12.095481771184666,After the historical event,Event experienced
1.2000000000000002,0,0,0,Additive genetic variance,500,3.839511713055076,3.8414854609911444,3.052118880624482,4.5900720125380685,3.8125351483100185,3.839511713055076,Before the historical event,Event not experienced
1.2000000000000002,0,0,0,Nuclear-family environmental variance,500,2.251689734665802,2.2494792261905987,1.8292761995436804,2.727198005284535,2.25,2.251689734665802,Before the historical event,Event not experienced
1.2000000000000002,0,0,0,Nonshared environmental variance,500,3.994221513694788,3.9714553584399193,3.4889901302715565,4.496320105025888,4,3.994221513694788,Before the historical event,Event not experienced
1.2000000000000002,0,0,0,Phenotypic variance,500,10.085422961415667,10.078490773063834,9.56218374738515,10.589495664099221,10.062535148310019,10.085422961415667,Before the historical event,Event not experienced
1.2000000000000002,0,1,0,Additive genetic variance,500,3.839511713055076,3.8414854609911444,3.052118880624482,4.5900720125380685,3.8125351483100185,3.839511713055076,Before the historical event,Event experienced
1.2000000000000002,0,1,0,Nuclear-family environmental variance,500,2.251689734665802,2.2494792261905987,1.8292761995436804,2.727198005284535,2.25,2.251689734665802,Before the historical event,Event experienced
1.2000000000000002,0,1,0,Nonshared environmental variance,500,3.994221513694788,3.9714553584399193,3.4889901302715565,4.496320105025888,4,3.994221513694788,Before the historical event,Event experienced
1.2000000000000002,0,1,0,Phenotypic variance,500,10.085422961415667,10.078490773063834,9.56218374738515,10.589495664099221,10.062535148310019,10.085422961415667,Before the historical event,Event experienced
1.2000000000000002,1,0,0,Additive genetic variance,500,3.839511713055076,3.8414854609911444,3.052118880624482,4.5900720125380685,3.8125351483100185,3.839511713055076,After the historical event,Event not experienced
1.2000000000000002,1,0,0,Nuclear-family environmental variance,500,2.251689734665802,2.2494792261905987,1.8292761995436804,2.727198005284535,2.25,2.251689734665802,After the historical event,Event not experienced
1.2000000000000002,1,0,0,Nonshared environmental variance,500,3.994221513694788,3.9714553584399193,3.4889901302715565,4.496320105025888,4,3.994221513694788,After the historical event,Event not experienced
1.2000000000000002,1,0,0,Phenotypic variance,500,10.085422961415667,10.078490773063834,9.56218374738515,10.589495664099221,10.062535148310019,10.085422961415667,After the historical event,Event not experienced
1.2000000000000002,1,1,1,Additive genetic variance,500,5.778785090249279,5.77031278639379,3.6845357937588616,7.876291368922016,5.68763409487431,5.778785090249279,After the historical event,Event experienced
1.2000000000000002,1,1,1,Nuclear-family environmental variance,500,2.285681940994961,2.2571313100761405,1.6092949073151934,3.116901809137185,2.25,2.285681940994961,After the historical event,Event experienced
1.2000000000000002,1,1,1,Nonshared environmental variance,500,3.9972147172394927,3.9816794891795317,3.325762291787794,4.730827929230678,4,3.9972147172394927,After the historical event,Event experienced
1.2000000000000002,1,1,1,Phenotypic variance,500,12.061681748483734,12.058911822338105,10.471435535774848,13.851742350457974,11.93763409487431,12.061681748483734,After the historical event,Event experienced
1.2199999999999998,0,0,0,Additive genetic variance,500,3.8177385503005796,3.821255797488617,3.0312851165423225,4.570825139128773,3.7909413331583095,3.8177385503005796,Before the historical event,Event not experienced
1.2199999999999998,0,0,0,Nuclear-family environmental variance,500,2.251799802154,2.2480253356403983,1.8269825937185906,2.7287788726755173,2.25,2.251799802154,Before the historical event,Event not experienced
1.2199999999999998,0,0,0,Nonshared environmental variance,500,3.994629258182814,3.9724136638759804,3.488598894994807,4.499375085235776,4,3.994629258182814,Before the historical event,Event not experienced
1.2199999999999998,0,0,0,Phenotypic variance,500,10.064167610637394,10.058742580407099,9.540157416832841,10.567706187758409,10.04094133315831,10.064167610637394,Before the historical event,Event not experienced
1.2199999999999998,0,1,0,Additive genetic variance,500,3.8177385503005796,3.821255797488617,3.0312851165423225,4.570825139128773,3.7909413331583095,3.8177385503005796,Before the historical event,Event experienced
1.2199999999999998,0,1,0,Nuclear-family environmental variance,500,2.251799802154,2.2480253356403983,1.8269825937185906,2.7287788726755173,2.25,2.251799802154,Before the historical event,Event experienced
1.2199999999999998,0,1,0,Nonshared environmental variance,500,3.994629258182814,3.9724136638759804,3.488598894994807,4.499375085235776,4,3.994629258182814,Before the historical event,Event experienced
1.2199999999999998,0,1,0,Phenotypic variance,500,10.064167610637394,10.058742580407099,9.540157416832841,10.567706187758409,10.04094133315831,10.064167610637394,Before the historical event,Event experienced
1.2199999999999998,1,0,0,Additive genetic variance,500,3.8177385503005796,3.821255797488617,3.0312851165423225,4.570825139128773,3.7909413331583095,3.8177385503005796,After the historical event,Event not experienced
1.2199999999999998,1,0,0,Nuclear-family environmental variance,500,2.251799802154,2.2480253356403983,1.8269825937185906,2.7287788726755173,2.25,2.251799802154,After the historical event,Event not experienced
1.2199999999999998,1,0,0,Nonshared environmental variance,500,3.994629258182814,3.9724136638759804,3.488598894994807,4.499375085235776,4,3.994629258182814,After the historical event,Event not experienced
1.2199999999999998,1,0,0,Phenotypic variance,500,10.064167610637394,10.058742580407099,9.540157416832841,10.567706187758409,10.04094133315831,10.064167610637394,After the historical event,Event not experienced
1.2199999999999998,1,1,1,Additive genetic variance,500,5.744484490245668,5.733475414901495,3.6751205369446165,7.813321535414975,5.65541990811469,5.744484490245668,After the historical event,Event experienced
1.2199999999999998,1,1,1,Nuclear-family environmental variance,500,2.2853085373106814,2.2550060801496645,1.6130280771965406,3.112485979084129,2.25,2.2853085373106814,After the historical event,Event experienced
1.2199999999999998,1,1,1,Nonshared environmental variance,500,3.9973602387635623,3.9824977839511253,3.3295995448468205,4.726199717495788,4,3.9973602387635623,After the historical event,Event experienced
1.2199999999999998,1,1,1,Phenotypic variance,500,12.027153266319912,12.02465896470075,10.456707182814855,13.801437879610605,11.905419908114691,12.027153266319912,After the historical event,Event experienced
1.2400000000000002,0,0,0,Additive genetic variance,500,3.7954904144023636,3.795236520865493,3.0072802546792907,4.552713313688002,3.768866756276015,3.7954904144023636,Before the historical event,Event not experienced
1.2400000000000002,0,0,0,Nuclear-family environmental variance,500,2.2519097256521095,2.247244724358514,1.824705414560261,2.7303502038732512,2.25,2.2519097256521095,Before the historical event,Event not experienced
1.2400000000000002,0,0,0,Nonshared environmental variance,500,3.995034171736343,3.974143698060951,3.488122694861403,4.50252146264536,4,3.995034171736343,Before the historical event,Event not experienced
1.2400000000000002,0,0,0,Phenotypic variance,500,10.042434311790815,10.033230672020625,9.514336066799924,10.545820600555572,10.018866756276015,10.042434311790815,Before the historical event,Event not experienced
1.2400000000000002,0,1,0,Additive genetic variance,500,3.7954904144023636,3.795236520865493,3.0072802546792907,4.552713313688002,3.768866756276015,3.7954904144023636,Before the historical event,Event experienced
1.2400000000000002,0,1,0,Nuclear-family environmental variance,500,2.2519097256521095,2.247244724358514,1.824705414560261,2.7303502038732512,2.25,2.2519097256521095,Before the historical event,Event experienced
1.2400000000000002,0,1,0,Nonshared environmental variance,500,3.995034171736343,3.974143698060951,3.488122694861403,4.50252146264536,4,3.995034171736343,Before the historical event,Event experienced
1.2400000000000002,0,1,0,Phenotypic variance,500,10.042434311790815,10.033230672020625,9.514336066799924,10.545820600555572,10.018866756276015,10.042434311790815,Before the historical event,Event experienced
1.2400000000000002,1,0,0,Additive genetic variance,500,3.7954904144023636,3.795236520865493,3.0072802546792907,4.552713313688002,3.768866756276015,3.7954904144023636,After the historical event,Event not experienced
1.2400000000000002,1,0,0,Nuclear-family environmental variance,500,2.2519097256521095,2.247244724358514,1.824705414560261,2.7303502038732512,2.25,2.2519097256521095,After the historical event,Event not experienced
1.2400000000000002,1,0,0,Nonshared environmental variance,500,3.995034171736343,3.974143698060951,3.488122694861403,4.50252146264536,4,3.995034171736343,After the historical event,Event not experienced
1.2400000000000002,1,0,0,Phenotypic variance,500,10.042434311790815,10.033230672020625,9.514336066799924,10.545820600555572,10.018866756276015,10.042434311790815,After the historical event,Event not experienced
1.2400000000000002,1,1,1,Additive genetic variance,500,5.709476137593601,5.698888457322308,3.6653091839625924,7.749578388939996,5.622488509131701,5.709476137593601,After the historical event,Event experienced
1.2400000000000002,1,1,1,Nuclear-family environmental variance,500,2.284933300013651,2.2533262191898027,1.616756617625621,3.107989883175222,2.25,2.284933300013651,After the historical event,Event experienced
1.2400000000000002,1,1,1,Nonshared environmental variance,500,3.997502355005985,3.981543413036042,3.334055176909967,4.7222169311229,4,3.997502355005985,After the historical event,Event experienced
1.2400000000000002,1,1,1,Phenotypic variance,500,11.991911792613237,11.991333102873497,10.441489427840187,13.750278164010107,11.872488509131701,11.991911792613237,After the historical event,Event experienced
1.2599999999999998,0,0,0,Additive genetic variance,500,3.772777253499828,3.768711680041781,2.98298228065944,4.538880388380999,3.7463212598640445,3.772777253499828,Before the historical event,Event not experienced
1.2599999999999998,0,0,0,Nuclear-family environmental variance,500,2.2520195143193487,2.247880268138065,1.822444648535839,2.731911979360523,2.25,2.2520195143193487,Before the historical event,Event not experienced
1.2599999999999998,0,0,0,Nonshared environmental variance,500,3.9954362529968286,3.974201739802154,3.4874672088542344,4.508706642045409,4,3.9954362529968286,Before the historical event,Event not experienced
1.2599999999999998,0,0,0,Phenotypic variance,500,10.020233020816006,10.009436828085516,9.491922572489274,10.522246678754744,9.996321259864045,10.020233020816006,Before the historical event,Event not experienced
1.2599999999999998,0,1,0,Additive genetic variance,500,3.772777253499828,3.768711680041781,2.98298228065944,4.538880388380999,3.7463212598640445,3.772777253499828,Before the historical event,Event experienced
1.2599999999999998,0,1,0,Nuclear-family environmental variance,500,2.2520195143193487,2.247880268138065,1.822444648535839,2.731911979360523,2.25,2.2520195143193487,Before the historical event,Event experienced
1.2599999999999998,0,1,0,Nonshared environmental variance,500,3.9954362529968286,3.974201739802154,3.4874672088542344,4.508706642045409,4,3.9954362529968286,Before the historical event,Event experienced
1.2599999999999998,0,1,0,Phenotypic variance,500,10.020233020816006,10.009436828085516,9.491922572489274,10.522246678754744,9.996321259864045,10.020233020816006,Before the historical event,Event experienced
1.2599999999999998,1,0,0,Additive genetic variance,500,3.772777253499828,3.768711680041781,2.98298228065944,4.538880388380999,3.7463212598640445,3.772777253499828,After the historical event,Event not experienced
1.2599999999999998,1,0,0,Nuclear-family environmental variance,500,2.2520195143193487,2.247880268138065,1.822444648535839,2.731911979360523,2.25,2.2520195143193487,After the historical event,Event not experienced
1.2599999999999998,1,0,0,Nonshared environmental variance,500,3.9954362529968286,3.974201739802154,3.4874672088542344,4.508706642045409,4,3.9954362529968286,After the historical event,Event not experienced
1.2599999999999998,1,0,0,Phenotypic variance,500,10.020233020816006,10.009436828085516,9.491922572489274,10.522246678754744,9.996321259864045,10.020233020816006,After the historical event,Event not experienced
1.2599999999999998,1,1,1,Additive genetic variance,500,5.673775739926932,5.666941043559092,3.655105001579836,7.685089292840125,5.588854580763741,5.673775739926932,After the historical event,Event experienced
1.2599999999999998,1,1,1,Nuclear-family environmental variance,500,2.284556241773176,2.251752178273164,1.6200912793951303,3.1034138792556516,2.25,2.284556241773176,After the historical event,Event experienced
1.2599999999999998,1,1,1,Nonshared environmental variance,500,3.997641064891002,3.9806100673181026,3.339118716654122,4.718205188341193,4,3.997641064891002,After the historical event,Event experienced
1.2599999999999998,1,1,1,Phenotypic variance,500,11.95597304659111,11.957654175273545,10.425740443076418,13.698285784419893,11.83885458076374,11.95597304659111,After the historical event,Event experienced
1.2800000000000002,0,0,0,Additive genetic variance,500,3.7496091791456676,3.745296298659567,2.958470383430952,4.519729729672705,3.723314853384517,3.7496091791456676,Before the historical event,Event not experienced
1.2800000000000002,0,0,0,Nuclear-family environmental variance,500,2.252129178393418,2.2487793109170724,1.8226352399660422,2.7334641797163375,2.25,2.252129178393418,Before the historical event,Event not experienced
1.2800000000000002,0,0,0,Nonshared environmental variance,500,3.995835501164213,3.9724034174888976,3.486183743285516,4.513121630131058,4,3.995835501164213,Before the historical event,Event not experienced
1.2800000000000002,0,0,0,Phenotypic variance,500,9.997573858703298,9.986544373526797,9.46984282405913,10.500001383375512,9.973314853384517,9.997573858703298,Before the historical event,Event not experienced
1.2800000000000002,0,1,0,Additive genetic variance,500,3.7496091791456676,3.745296298659567,2.958470383430952,4.519729729672705,3.723314853384517,3.7496091791456676,Before the historical event,Event experienced
1.2800000000000002,0,1,0,Nuclear-family environmental variance,500,2.252129178393418,2.2487793109170724,1.8226352399660422,2.7334641797163375,2.25,2.252129178393418,Before the historical event,Event experienced
1.2800000000000002,0,1,0,Nonshared environmental variance,500,3.995835501164213,3.9724034174888976,3.486183743285516,4.513121630131058,4,3.995835501164213,Before the historical event,Event experienced
1.2800000000000002,0,1,0,Phenotypic variance,500,9.997573858703298,9.986544373526797,9.46984282405913,10.500001383375512,9.973314853384517,9.997573858703298,Before the historical event,Event experienced
1.2800000000000002,1,0,0,Additive genetic variance,500,3.7496091791456676,3.745296298659567,2.958470383430952,4.519729729672705,3.723314853384517,3.7496091791456676,After the historical event,Event not experienced
1.2800000000000002,1,0,0,Nuclear-family environmental variance,500,2.252129178393418,2.2487793109170724,1.8226352399660422,2.7334641797163375,2.25,2.252129178393418,After the historical event,Event not experienced
1.2800000000000002,1,0,0,Nonshared environmental variance,500,3.995835501164213,3.9724034174888976,3.486183743285516,4.513121630131058,4,3.995835501164213,After the historical event,Event not experienced
1.2800000000000002,1,0,0,Phenotypic variance,500,9.997573858703298,9.986544373526797,9.46984282405913,10.500001383375512,9.973314853384517,9.997573858703298,After the historical event,Event not experienced
1.2800000000000002,1,1,1,Additive genetic variance,500,5.637399242592953,5.63474507807274,3.6445113832152094,7.619881749720667,5.554533055373609,5.637399242592953,After the historical event,Event experienced
1.2800000000000002,1,1,1,Nuclear-family environmental variance,500,2.284177376362522,2.2506433323870016,1.6225174142986636,3.0987583313888996,2.25,2.284177376362522,After the historical event,Event experienced
1.2800000000000002,1,1,1,Nonshared environmental variance,500,3.997776367904474,3.981055482324499,3.3442034181016016,4.71416456588858,4,3.997776367904474,After the historical event,Event experienced
1.2800000000000002,1,1,1,Phenotypic variance,500,11.91935298685995,11.926693618280162,10.409462388442584,13.645483563209694,11.804533055373609,11.91935298685995,After the historical event,Event experienced
1.2999999999999998,0,0,0,Additive genetic variance,500,3.7259964586873244,3.715529490027555,2.9337532446311254,4.495272505400194,3.6998577061741575,3.7259964586873244,Before the historical event,Event not experienced
1.2999999999999998,0,0,0,Nuclear-family environmental variance,500,2.25223872919238,2.249597260074303,1.8230901067232006,2.735006785616318,2.25,2.25223872919238,Before the historical event,Event not experienced
1.2999999999999998,0,0,0,Nonshared environmental variance,500,3.9962319159973463,3.972550412587908,3.483417419087246,4.515120368287999,4,3.9962319159973463,Before the historical event,Event not experienced
1.2999999999999998,0,0,0,Phenotypic variance,500,9.97446710387705,9.962424015102815,9.447710309775191,10.479769551035808,9.949857706174157,9.97446710387705,Before the historical event,Event not experienced
1.2999999999999998,0,1,0,Additive genetic variance,500,3.7259964586873244,3.715529490027555,2.9337532446311254,4.495272505400194,3.6998577061741575,3.7259964586873244,Before the historical event,Event experienced
1.2999999999999998,0,1,0,Nuclear-family environmental variance,500,2.25223872919238,2.249597260074303,1.8230901067232006,2.735006785616318,2.25,2.25223872919238,Before the historical event,Event experienced
1.2999999999999998,0,1,0,Nonshared environmental variance,500,3.9962319159973463,3.972550412587908,3.483417419087246,4.515120368287999,4,3.9962319159973463,Before the historical event,Event experienced
1.2999999999999998,0,1,0,Phenotypic variance,500,9.97446710387705,9.962424015102815,9.447710309775191,10.479769551035808,9.949857706174157,9.97446710387705,Before the historical event,Event experienced
1.2999999999999998,1,0,0,Additive genetic variance,500,3.7259964586873244,3.715529490027555,2.9337532446311254,4.495272505400194,3.6998577061741575,3.7259964586873244,After the historical event,Event not experienced
1.2999999999999998,1,0,0,Nuclear-family environmental variance,500,2.25223872919238,2.249597260074303,1.8230901067232006,2.735006785616318,2.25,2.25223872919238,After the historical event,Event not experienced
1.2999999999999998,1,0,0,Nonshared environmental variance,500,3.9962319159973463,3.972550412587908,3.483417419087246,4.515120368287999,4,3.9962319159973463,After the historical event,Event not experienced
1.2999999999999998,1,0,0,Phenotypic variance,500,9.97446710387705,9.962424015102815,9.447710309775191,10.479769551035808,9.949857706174157,9.97446710387705,After the historical event,Event not experienced
1.2999999999999998,1,1,1,Additive genetic variance,500,5.600362816603914,5.597577113801963,3.6335318470523825,7.553983382128758,5.519539103828987,5.600362816603914,After the historical event,Event experienced
1.2999999999999998,1,1,1,Nuclear-family environmental variance,500,2.283796718659097,2.2501993953459922,1.6249623656568222,3.0940236098081453,2.25,2.283796718659097,After the historical event,Event experienced
1.2999999999999998,1,1,1,Nonshared environmental variance,500,3.997908264094149,3.9821780262169355,3.3493093534602183,4.71009514104861,4,3.997908264094149,After the historical event,Event experienced
1.2999999999999998,1,1,1,Phenotypic variance,500,11.882067799357161,11.893973777285815,10.392716658899339,13.589062228794027,11.769539103828986,11.882067799357161,After the historical event,Event experienced
1.3200000000000003,0,0,0,Additive genetic variance,500,3.7019495075697817,3.6905443141404337,2.908839556794551,4.467467017609387,3.6759601399749386,3.7019495075697817,Before the historical event,Event not experienced
1.3200000000000003,0,0,0,Nuclear-family environmental variance,500,2.2523481791165207,2.251479727384627,1.823563627023229,2.73866497446821,2.25,2.2523481791165207,Before the historical event,Event not experienced
1.3200000000000003,0,0,0,Nonshared environmental variance,500,3.996625497814411,3.9726295545554517,3.480680639878598,4.5203368943884605,4,3.996625497814411,Before the historical event,Event not experienced
1.3200000000000003,0,0,0,Phenotypic variance,500,9.950923184500713,9.938724290898545,9.4252937573524,10.454712394314425,9.925960139974938,9.950923184500713,Before the historical event,Event not experienced
1.3200000000000003,0,1,0,Additive genetic variance,500,3.7019495075697817,3.6905443141404337,2.908839556794551,4.467467017609387,3.6759601399749386,3.7019495075697817,Before the historical event,Event experienced
1.3200000000000003,0,1,0,Nuclear-family environmental variance,500,2.2523481791165207,2.251479727384627,1.823563627023229,2.73866497446821,2.25,2.2523481791165207,Before the historical event,Event experienced
1.3200000000000003,0,1,0,Nonshared environmental variance,500,3.996625497814411,3.9726295545554517,3.480680639878598,4.5203368943884605,4,3.996625497814411,Before the historical event,Event experienced
1.3200000000000003,0,1,0,Phenotypic variance,500,9.950923184500713,9.938724290898545,9.4252937573524,10.454712394314425,9.925960139974938,9.950923184500713,Before the historical event,Event experienced
1.3200000000000003,1,0,0,Additive genetic variance,500,3.7019495075697817,3.6905443141404337,2.908839556794551,4.467467017609387,3.6759601399749386,3.7019495075697817,After the historical event,Event not experienced
1.3200000000000003,1,0,0,Nuclear-family environmental variance,500,2.2523481791165207,2.251479727384627,1.823563627023229,2.73866497446821,2.25,2.2523481791165207,After the historical event,Event not experienced
1.3200000000000003,1,0,0,Nonshared environmental variance,500,3.996625497814411,3.9726295545554517,3.480680639878598,4.5203368943884605,4,3.996625497814411,After the historical event,Event not experienced
1.3200000000000003,1,0,0,Phenotypic variance,500,9.950923184500713,9.938724290898545,9.4252937573524,10.454712394314425,9.925960139974938,9.950923184500713,After the historical event,Event not experienced
1.3200000000000003,1,1,1,Additive genetic variance,500,5.562682846481793,5.557093586000436,3.6221700340860474,7.487421913300837,5.483888124359475,5.562682846481793,After the historical event,Event experienced
1.3200000000000003,1,1,1,Nuclear-family environmental variance,500,2.2834142846445906,2.251872008560882,1.6274262069027392,3.089210090866842,2.25,2.2834142846445906,After the historical event,Event experienced
1.3200000000000003,1,1,1,Nonshared environmental variance,500,3.998036754069927,3.983957423276043,3.3544365953251254,4.70599699164795,4,3.998036754069927,After the historical event,Event experienced
1.3200000000000003,1,1,1,Phenotypic variance,500,11.84413388519631,11.856581371345495,10.375508729330022,13.520437151908393,11.733888124359474,11.84413388519631,After the historical event,Event experienced
1.3399999999999999,0,0,0,Additive genetic variance,500,3.6774788815679504,3.6687343894078825,2.883738018341369,4.44144071577127,3.65163262138969,3.6774788815679504,Before the historical event,Event not experienced
1.3399999999999999,0,0,0,Nuclear-family environmental variance,500,2.252457541650186,2.2514409339532433,1.8240557994976099,2.7430925947205678,2.25,2.252457541650186,Before the historical event,Event not experienced
1.3399999999999999,0,0,0,Nonshared environmental variance,500,3.9970162474933266,3.973359634373593,3.477973351499567,4.525540121560779,4,3.9970162474933266,Before the historical event,Event not experienced
1.3399999999999999,0,0,0,Phenotypic variance,500,9.926952670711463,9.9146982020832,9.403936912896107,10.42854958252954,9.901632621389691,9.926952670711463,Before the historical event,Event not experienced
1.3399999999999999,0,1,0,Additive genetic variance,500,3.6774788815679504,3.6687343894078825,2.883738018341369,4.44144071577127,3.65163262138969,3.6774788815679504,Before the historical event,Event experienced
1.3399999999999999,0,1,0,Nuclear-family environmental variance,500,2.252457541650186,2.2514409339532433,1.8240557994976099,2.7430925947205678,2.25,2.252457541650186,Before the historical event,Event experienced
1.3399999999999999,0,1,0,Nonshared environmental variance,500,3.9970162474933266,3.973359634373593,3.477973351499567,4.525540121560779,4,3.9970162474933266,Before the historical event,Event experienced
1.3399999999999999,0,1,0,Phenotypic variance,500,9.926952670711463,9.9146982020832,9.403936912896107,10.42854958252954,9.901632621389691,9.926952670711463,Before the historical event,Event experienced
1.3399999999999999,1,0,0,Additive genetic variance,500,3.6774788815679504,3.6687343894078825,2.883738018341369,4.44144071577127,3.65163262138969,3.6774788815679504,After the historical event,Event not experienced
1.3399999999999999,1,0,0,Nuclear-family environmental variance,500,2.252457541650186,2.2514409339532433,1.8240557994976099,2.7430925947205678,2.25,2.252457541650186,After the historical event,Event not experienced
1.3399999999999999,1,0,0,Nonshared environmental variance,500,3.9970162474933266,3.973359634373593,3.477973351499567,4.525540121560779,4,3.9970162474933266,After the historical event,Event not experienced
1.3399999999999999,1,0,0,Phenotypic variance,500,9.926952670711463,9.9146982020832,9.403936912896107,10.42854958252954,9.901632621389691,9.926952670711463,After the historical event,Event not experienced
1.3399999999999999,1,1,1,Additive genetic variance,500,5.524375918009346,5.519180619875378,3.610271589613274,7.420225147996662,5.447595731301673,5.524375918009346,After the historical event,Event experienced
1.3399999999999999,1,1,1,Nuclear-family environmental variance,500,2.283030091405078,2.2535279987759944,1.6299090121176714,3.0828059569637425,2.25,2.283030091405078,After the historical event,Event experienced
1.3399999999999999,1,1,1,Nonshared environmental variance,500,3.9981618390041094,3.9857016855431002,3.359585216680683,4.701870196053848,4,3.9981618390041094,After the historical event,Event experienced
1.3399999999999999,1,1,1,Phenotypic variance,500,11.805567848418532,11.816517046057921,10.35784422470494,13.451162517035641,11.697595731301673,11.805567848418532,After the historical event,Event experienced
1.3600000000000003,0,0,0,Additive genetic variance,500,3.65259526895681,3.6475498010882155,2.8561290764219756,4.417729448833892,3.6268857542702992,3.65259526895681,Before the historical event,Event not experienced
1.3600000000000003,0,0,0,Nuclear-family environmental variance,500,2.2525668313635956,2.2519817939352276,1.8245666235065814,2.747148381053657,2.25,2.2525668313635956,Before the historical event,Event not experienced
1.3600000000000003,0,0,0,Nonshared environmental variance,500,3.997404166472158,3.9747960225478343,3.4752955007520807,4.530729968014843,4,3.997404166472158,Before the historical event,Event not experienced
1.3600000000000003,0,0,0,Phenotypic variance,500,9.902566266792563,9.893190478713809,9.381676628000754,10.403595934491138,9.8768857542703,9.902566266792563,Before the historical event,Event not experienced
1.3600000000000003,0,1,0,Additive genetic variance,500,3.65259526895681,3.6475498010882155,2.8561290764219756,4.417729448833892,3.6268857542702992,3.65259526895681,Before the historical event,Event experienced
1.3600000000000003,0,1,0,Nuclear-family environmental variance,500,2.2525668313635956,2.2519817939352276,1.8245666235065814,2.747148381053657,2.25,2.2525668313635956,Before the historical event,Event experienced
1.3600000000000003,0,1,0,Nonshared environmental variance,500,3.997404166472158,3.9747960225478343,3.4752955007520807,4.530729968014843,4,3.997404166472158,Before the historical event,Event experienced
1.3600000000000003,0,1,0,Phenotypic variance,500,9.902566266792563,9.893190478713809,9.381676628000754,10.403595934491138,9.8768857542703,9.902566266792563,Before the historical event,Event experienced
1.3600000000000003,1,0,0,Additive genetic variance,500,3.65259526895681,3.6475498010882155,2.8561290764219756,4.417729448833892,3.6268857542702992,3.65259526895681,After the historical event,Event not experienced
1.3600000000000003,1,0,0,Nuclear-family environmental variance,500,2.2525668313635956,2.2519817939352276,1.8245666235065814,2.747148381053657,2.25,2.2525668313635956,After the historical event,Event not experienced
1.3600000000000003,1,0,0,Nonshared environmental variance,500,3.997404166472158,3.9747960225478343,3.4752955007520807,4.530729968014843,4,3.997404166472158,After the historical event,Event not experienced
1.3600000000000003,1,0,0,Phenotypic variance,500,9.902566266792563,9.893190478713809,9.381676628000754,10.403595934491138,9.8768857542703,9.902566266792563,After the historical event,Event not experienced
1.3600000000000003,1,1,1,Additive genetic variance,500,5.485458805900357,5.480411130749804,3.5979573773464804,7.352420953437878,5.410677743743721,5.485458805900357,After the historical event,Event experienced
1.3600000000000003,1,1,1,Nuclear-family environmental variance,500,2.2826441571310805,2.2551673109162476,1.6324108560347697,3.0759454217961957,2.25,2.2826441571310805,After the historical event,Event experienced
1.3600000000000003,1,1,1,Nonshared environmental variance,500,3.998283520631644,3.986404463911369,3.3641905153822593,4.697714833171588,4,3.998283520631644,After the historical event,Event experienced
1.3600000000000003,1,1,1,Phenotypic variance,500,11.76638648366308,11.775464040764188,10.339498163461313,13.382442032905251,11.66067774374372,11.76638648366308,After the historical event,Event experienced
1.38,0,0,0,Additive genetic variance,500,3.627309482627589,3.618917497322215,2.8277905063831668,4.393865243165017,3.6017302720462876,3.627309482627589,Before the historical event,Event not experienced
1.38,0,0,0,Nuclear-family environmental variance,500,2.252676063914632,2.2516350260998013,1.8250348980599376,2.7491763930762314,2.25,2.252676063914632,Before the historical event,Event not experienced
1.38,0,0,0,Nonshared environmental variance,500,3.9977892567495052,3.975448303876565,3.4726470353974372,4.535906352313177,4,3.9977892567495052,Before the historical event,Event not experienced
1.38,0,0,0,Phenotypic variance,500,9.877774803291725,9.868277110260408,9.354709063104684,10.378166313015818,9.851730272046288,9.877774803291725,Before the historical event,Event not experienced
1.38,0,1,0,Additive genetic variance,500,3.627309482627589,3.618917497322215,2.8277905063831668,4.393865243165017,3.6017302720462876,3.627309482627589,Before the historical event,Event experienced
1.38,0,1,0,Nuclear-family environmental variance,500,2.252676063914632,2.2516350260998013,1.8250348980599376,2.7491763930762314,2.25,2.252676063914632,Before the historical event,Event experienced
1.38,0,1,0,Nonshared environmental variance,500,3.9977892567495052,3.975448303876565,3.4726470353974372,4.535906352313177,4,3.9977892567495052,Before the historical event,Event experienced
1.38,0,1,0,Phenotypic variance,500,9.877774803291725,9.868277110260408,9.354709063104684,10.378166313015818,9.851730272046288,9.877774803291725,Before the historical event,Event experienced
1.38,1,0,0,Additive genetic variance,500,3.627309482627589,3.618917497322215,2.8277905063831668,4.393865243165017,3.6017302720462876,3.627309482627589,After the historical event,Event not experienced
1.38,1,0,0,Nuclear-family environmental variance,500,2.252676063914632,2.2516350260998013,1.8250348980599376,2.7491763930762314,2.25,2.252676063914632,After the historical event,Event not experienced
1.38,1,0,0,Nonshared environmental variance,500,3.9977892567495052,3.975448303876565,3.4726470353974372,4.535906352313177,4,3.9977892567495052,After the historical event,Event not experienced
1.38,1,0,0,Phenotypic variance,500,9.877774803291725,9.868277110260408,9.354709063104684,10.378166313015818,9.851730272046288,9.877774803291725,After the historical event,Event not experienced
1.38,1,1,1,Additive genetic variance,500,5.4459484614021365,5.442556884655408,3.5852759822273477,7.2841930314069145,5.3731501740808625,5.4459484614021365,After the historical event,Event experienced
1.38,1,1,1,Nuclear-family environmental variance,500,2.2822565011175864,2.256789890500695,1.634931814042886,3.0691654916684685,2.25,2.2822565011175864,After the historical event,Event experienced
1.38,1,1,1,Nonshared environmental variance,500,3.998401801250361,3.9863602622578647,3.3687176513567945,4.69353098244191,4,3.998401801250361,After the historical event,Event experienced
1.38,1,1,1,Phenotypic variance,500,11.726606763770084,11.733046153468011,10.31729808958117,13.313362260447002,11.623150174080862,11.726606763770084,After the historical event,Event experienced
1.4000000000000004,0,0,0,Additive genetic variance,500,3.601632452158187,3.5855470276366472,2.804648452865635,4.373075132745618,3.5761770300014275,3.601632452158187,Before the historical event,Event not experienced
1.4000000000000004,0,0,0,Nuclear-family environmental variance,500,2.2527852560506076,2.2513209703434685,1.8254928170746614,2.749751119708429,2.25,2.2527852560506076,Before the historical event,Event not experienced
1.4000000000000004,0,0,0,Nonshared environmental variance,500,3.998171520884895,3.9763111939505764,3.470027904153807,4.539932890863596,4,3.998171520884895,Before the historical event,Event not experienced
1.4000000000000004,0,0,0,Phenotypic variance,500,9.85258922909369,9.841317771577012,9.32578552102822,10.352271246081262,9.826177030001428,9.85258922909369,Before the historical event,Event not experienced
1.4000000000000004,0,1,0,Additive genetic variance,500,3.601632452158187,3.5855470276366472,2.804648452865635,4.373075132745618,3.5761770300014275,3.601632452158187,Before the historical event,Event experienced
1.4000000000000004,0,1,0,Nuclear-family environmental variance,500,2.2527852560506076,2.2513209703434685,1.8254928170746614,2.749751119708429,2.25,2.2527852560506076,Before the historical event,Event experienced
1.4000000000000004,0,1,0,Nonshared environmental variance,500,3.998171520884895,3.9763111939505764,3.470027904153807,4.539932890863596,4,3.998171520884895,Before the historical event,Event experienced
1.4000000000000004,0,1,0,Phenotypic variance,500,9.85258922909369,9.841317771577012,9.32578552102822,10.352271246081262,9.826177030001428,9.85258922909369,Before the historical event,Event experienced
1.4000000000000004,1,0,0,Additive genetic variance,500,3.601632452158187,3.5855470276366472,2.804648452865635,4.373075132745618,3.5761770300014275,3.601632452158187,After the historical event,Event not experienced
1.4000000000000004,1,0,0,Nuclear-family environmental variance,500,2.2527852560506076,2.2513209703434685,1.8254928170746614,2.749751119708429,2.25,2.2527852560506076,After the historical event,Event not experienced
1.4000000000000004,1,0,0,Nonshared environmental variance,500,3.998171520884895,3.9763111939505764,3.470027904153807,4.539932890863596,4,3.998171520884895,After the historical event,Event not experienced
1.4000000000000004,1,0,0,Phenotypic variance,500,9.85258922909369,9.841317771577012,9.32578552102822,10.352271246081262,9.826177030001428,9.85258922909369,After the historical event,Event not experienced
1.4000000000000004,1,1,1,Additive genetic variance,500,5.4058619998431885,5.406787836117346,3.571095815467855,7.215916890177725,5.335029216493536,5.4058619998431885,After the historical event,Event experienced
1.4000000000000004,1,1,1,Nuclear-family environmental variance,500,2.281867143764034,2.254812311636116,1.6374719621904186,3.063650122247023,2.25,2.281867143764034,After the historical event,Event experienced
1.4000000000000004,1,1,1,Nonshared environmental variance,500,3.998516683721198,3.9863094936804426,3.3732683649206905,4.689318723838436,4,3.998516683721198,After the historical event,Event experienced
1.4000000000000004,1,1,1,Phenotypic variance,500,11.68624582732842,11.693099521409838,10.295376438918378,13.24371833628439,11.585029216493535,11.68624582732842,After the historical event,Event experienced
1.42,0,0,0,Additive genetic variance,500,3.5755752158460994,3.5618266991024194,2.782287142404636,4.353330228928108,3.550236997506218,3.5755752158460994,Before the historical event,Event not experienced
1.42,0,0,0,Nuclear-family environmental variance,500,2.25289442561001,2.2517460345733644,1.825970362387907,2.749049112600509,2.25,2.25289442561001,Before the historical event,Event not experienced
1.42,0,0,0,Nonshared environmental variance,500,3.9985509619991597,3.97704529319116,3.4674380566937937,4.54217977983884,4,3.9985509619991597,Before the historical event,Event not experienced
1.42,0,0,0,Phenotypic variance,500,9.827020603455269,9.816477451027694,9.29910075683448,10.333817834909581,9.800236997506218,9.827020603455269,Before the historical event,Event not experienced
1.42,0,1,0,Additive genetic variance,500,3.5755752158460994,3.5618266991024194,2.782287142404636,4.353330228928108,3.550236997506218,3.5755752158460994,Before the historical event,Event experienced
1.42,0,1,0,Nuclear-family environmental variance,500,2.25289442561001,2.2517460345733644,1.825970362387907,2.749049112600509,2.25,2.25289442561001,Before the historical event,Event experienced
1.42,0,1,0,Nonshared environmental variance,500,3.9985509619991597,3.97704529319116,3.4674380566937937,4.54217977983884,4,3.9985509619991597,Before the historical event,Event experienced
1.42,0,1,0,Phenotypic variance,500,9.827020603455269,9.816477451027694,9.29910075683448,10.333817834909581,9.800236997506218,9.827020603455269,Before the historical event,Event experienced
1.42,1,0,0,Additive genetic variance,500,3.5755752158460994,3.5618266991024194,2.782287142404636,4.353330228928108,3.550236997506218,3.5755752158460994,After the historical event,Event not experienced
1.42,1,0,0,Nuclear-family environmental variance,500,2.25289442561001,2.2517460345733644,1.825970362387907,2.749049112600509,2.25,2.25289442561001,After the historical event,Event not experienced
1.42,1,0,0,Nonshared environmental variance,500,3.9985509619991597,3.97704529319116,3.4674380566937937,4.54217977983884,4,3.9985509619991597,After the historical event,Event not experienced
1.42,1,0,0,Phenotypic variance,500,9.827020603455269,9.816477451027694,9.29910075683448,10.333817834909581,9.800236997506218,9.827020603455269,After the historical event,Event not experienced
1.42,1,1,1,Additive genetic variance,500,5.365216688139039,5.363964039084513,3.552431611546392,7.147109488456614,5.296331235359564,5.365216688139039,After the historical event,Event experienced
1.42,1,1,1,Nuclear-family environmental variance,500,2.281476106574251,2.2558662274020356,1.6400313771891932,3.058695203593694,2.25,2.281476106574251,After the historical event,Event experienced
1.42,1,1,1,Nonshared environmental variance,500,3.998628171468416,3.9862521419932375,3.3771649455629102,4.685078137865059,4,3.998628171468416,After the historical event,Event experienced
1.42,1,1,1,Phenotypic variance,500,11.645320966181705,11.65339772116942,10.269117814323128,13.182580081336202,11.546331235359563,11.645320966181705,After the historical event,Event experienced
1.4400000000000004,0,0,0,Additive genetic variance,500,3.549148912712031,3.5347708519015724,2.7597192774128,4.326056025974346,3.5239212502138657,3.549148912712031,Before the historical event,Event not experienced
1.4400000000000004,0,0,0,Nuclear-family environmental variance,500,2.253003591524218,2.2514820117934176,1.824487058342097,2.750409854561436,2.25,2.253003591524218,Before the historical event,Event not experienced
1.4400000000000004,0,0,0,Nonshared environmental variance,500,3.998927583774809,3.9771734954312037,3.4648774436420515,4.542996301011728,4,3.998927583774809,Before the historical event,Event not experienced
1.4400000000000004,0,0,0,Phenotypic variance,500,9.801080088011059,9.794952668091877,9.27119353986706,10.305536915214507,9.773921250213865,9.801080088011059,Before the historical event,Event not experienced
1.4400000000000004,0,1,0,Additive genetic variance,500,3.549148912712031,3.5347708519015724,2.7597192774128,4.326056025974346,3.5239212502138657,3.549148912712031,Before the historical event,Event experienced
1.4400000000000004,0,1,0,Nuclear-family environmental variance,500,2.253003591524218,2.2514820117934176,1.824487058342097,2.750409854561436,2.25,2.253003591524218,Before the historical event,Event experienced
1.4400000000000004,0,1,0,Nonshared environmental variance,500,3.998927583774809,3.9771734954312037,3.4648774436420515,4.542996301011728,4,3.998927583774809,Before the historical event,Event experienced
1.4400000000000004,0,1,0,Phenotypic variance,500,9.801080088011059,9.794952668091877,9.27119353986706,10.305536915214507,9.773921250213865,9.801080088011059,Before the historical event,Event experienced
1.4400000000000004,1,0,0,Additive genetic variance,500,3.549148912712031,3.5347708519015724,2.7597192774128,4.326056025974346,3.5239212502138657,3.549148912712031,After the historical event,Event not experienced
1.4400000000000004,1,0,0,Nuclear-family environmental variance,500,2.253003591524218,2.2514820117934176,1.824487058342097,2.750409854561436,2.25,2.253003591524218,After the historical event,Event not experienced
1.4400000000000004,1,0,0,Nonshared environmental variance,500,3.998927583774809,3.9771734954312037,3.4648774436420515,4.542996301011728,4,3.998927583774809,After the historical event,Event not experienced
1.4400000000000004,1,0,0,Phenotypic variance,500,9.801080088011059,9.794952668091877,9.27119353986706,10.305536915214507,9.773921250213865,9.801080088011059,After the historical event,Event not experienced
1.4400000000000004,1,1,1,Additive genetic variance,500,5.324029932269053,5.325361538014292,3.5332837822917185,7.077878458607496,5.257072753611949,5.324029932269053,After the historical event,Event experienced
1.4400000000000004,1,1,1,Nuclear-family environmental variance,500,2.2810834121563595,2.2569277951258306,1.642610136418384,3.0537253270713487,2.25,2.2810834121563595,After the historical event,Event experienced
1.4400000000000004,1,1,1,Nonshared environmental variance,500,3.99873626847981,3.9861881914255153,3.379760742444439,4.680809305553321,4,3.99873626847981,After the historical event,Event experienced
1.4400000000000004,1,1,1,Phenotypic variance,500,11.603849612905224,11.610106953999058,10.242507489237243,13.123375341861854,11.507072753611949,11.603849612905224,After the historical event,Event experienced
1.46,0,0,0,Additive genetic variance,500,3.522364774482414,3.5103184899562234,2.7369528914130328,4.2965784083512375,3.497240962227585,3.522364774482414,Before the historical event,Event not experienced
1.46,0,0,0,Nuclear-family environmental variance,500,2.2531127738192023,2.2517920789069565,1.8228112413646658,2.752668558940983,2.25,2.2531127738192023,Before the historical event,Event not experienced
1.46,0,0,0,Nonshared environmental variance,500,3.999301390456396,3.9768186433008066,3.4623460165729614,4.543791616876915,4,3.999301390456396,Before the historical event,Event not experienced
1.46,0,0,0,Phenotypic variance,500,9.774778938758013,9.77024254229565,9.243059724350658,10.278987539208321,9.747240962227584,9.774778938758013,Before the historical event,Event not experienced
1.46,0,1,0,Additive genetic variance,500,3.522364774482414,3.5103184899562234,2.7369528914130328,4.2965784083512375,3.497240962227585,3.522364774482414,Before the historical event,Event experienced
1.46,0,1,0,Nuclear-family environmental variance,500,2.2531127738192023,2.2517920789069565,1.8228112413646658,2.752668558940983,2.25,2.2531127738192023,Before the historical event,Event experienced
1.46,0,1,0,Nonshared environmental variance,500,3.999301390456396,3.9768186433008066,3.4623460165729614,4.543791616876915,4,3.999301390456396,Before the historical event,Event experienced
1.46,0,1,0,Phenotypic variance,500,9.774778938758013,9.77024254229565,9.243059724350658,10.278987539208321,9.747240962227584,9.774778938758013,Before the historical event,Event experienced
1.46,1,0,0,Additive genetic variance,500,3.522364774482414,3.5103184899562234,2.7369528914130328,4.2965784083512375,3.497240962227585,3.522364774482414,After the historical event,Event not experienced
1.46,1,0,0,Nuclear-family environmental variance,500,2.2531127738192023,2.2517920789069565,1.8228112413646658,2.752668558940983,2.25,2.2531127738192023,After the historical event,Event not experienced
1.46,1,0,0,Nonshared environmental variance,500,3.999301390456396,3.9768186433008066,3.4623460165729614,4.543791616876915,4,3.999301390456396,After the historical event,Event not experienced
1.46,1,0,0,Phenotypic variance,500,9.774778938758013,9.77024254229565,9.243059724350658,10.278987539208321,9.747240962227584,9.774778938758013,After the historical event,Event not experienced
1.46,1,1,1,Additive genetic variance,500,5.28231926473714,5.286063356213866,3.5135031919249258,7.014711706572392,5.217270441053832,5.28231926473714,After the historical event,Event experienced
1.46,1,1,1,Nuclear-family environmental variance,500,2.2806890842226366,2.2579970294252174,1.6452083179284718,3.0487405687034514,2.25,2.2806890842226366,After the historical event,Event experienced
1.46,1,1,1,Nonshared environmental variance,500,3.9988409793069075,3.9869300648131367,3.382373916879698,4.6765123084597855,4,3.9988409793069075,After the historical event,Event experienced
1.46,1,1,1,Phenotypic variance,500,11.561849328266684,11.570774978146563,10.21555528874061,13.068157780669992,11.46727044105383,11.561849328266684,After the historical event,Event experienced
1.4800000000000004,0,0,0,Additive genetic variance,500,3.4952341175589416,3.4837401853857166,2.71366549329821,4.264461965875074,3.4702073982468358,3.4952341175589416,Before the historical event,Event not experienced
1.4800000000000004,0,0,0,Nuclear-family environmental variance,500,2.253221993617195,2.2518600592169715,1.8189527898215743,2.754919810411731,2.25,2.253221993617195,Before the historical event,Event not experienced
1.4800000000000004,0,0,0,Nonshared environmental variance,500,3.999672386850874,3.9774437323000607,3.4598437280083676,4.5461097854974675,4,3.999672386850874,Before the historical event,Event not experienced
1.4800000000000004,0,0,0,Phenotypic variance,500,9.748128498027011,9.746769107343766,9.214790197473729,10.253674455698675,9.720207398246835,9.748128498027011,Before the historical event,Event not experienced
1.4800000000000004,0,1,0,Additive genetic variance,500,3.4952341175589416,3.4837401853857166,2.71366549329821,4.264461965875074,3.4702073982468358,3.4952341175589416,Before the historical event,Event experienced
1.4800000000000004,0,1,0,Nuclear-family environmental variance,500,2.253221993617195,2.2518600592169715,1.8189527898215743,2.754919810411731,2.25,2.253221993617195,Before the historical event,Event experienced
1.4800000000000004,0,1,0,Nonshared environmental variance,500,3.999672386850874,3.9774437323000607,3.4598437280083676,4.5461097854974675,4,3.999672386850874,Before the historical event,Event experienced
1.4800000000000004,0,1,0,Phenotypic variance,500,9.748128498027011,9.746769107343766,9.214790197473729,10.253674455698675,9.720207398246835,9.748128498027011,Before the historical event,Event experienced
1.4800000000000004,1,0,0,Additive genetic variance,500,3.4952341175589416,3.4837401853857166,2.71366549329821,4.264461965875074,3.4702073982468358,3.4952341175589416,After the historical event,Event not experienced
1.4800000000000004,1,0,0,Nuclear-family environmental variance,500,2.253221993617195,2.2518600592169715,1.8189527898215743,2.754919810411731,2.25,2.253221993617195,After the historical event,Event not experienced
1.4800000000000004,1,0,0,Nonshared environmental variance,500,3.999672386850874,3.9774437323000607,3.4598437280083676,4.5461097854974675,4,3.999672386850874,After the historical event,Event not experienced
1.4800000000000004,1,0,0,Phenotypic variance,500,9.748128498027011,9.746769107343766,9.214790197473729,10.253674455698675,9.720207398246835,9.748128498027011,After the historical event,Event not experienced
1.4800000000000004,1,1,1,Additive genetic variance,500,5.240102332028993,5.242086203910798,3.493358482531832,6.949884108823236,5.176941102642084,5.240102332028993,After the historical event,Event experienced
1.4800000000000004,1,1,1,Nuclear-family environmental variance,500,2.2802931475893407,2.258763848035314,1.6478260004452412,3.0438536907411313,2.25,2.2802931475893407,After the historical event,Event experienced
1.4800000000000004,1,1,1,Nonshared environmental variance,500,3.99894230906516,3.9875303184843465,3.385004494071806,4.672273784295314,4,3.99894230906516,After the historical event,Event experienced
1.4800000000000004,1,1,1,Phenotypic variance,500,11.519337788683494,11.529057729708661,10.187531183225815,13.00518150330267,11.426941102642084,11.519337788683494,After the historical event,Event experienced
1.5,0,0,0,Additive genetic variance,500,3.4677683349832558,3.4541959733944054,2.690007370057468,4.233672379057395,3.4428319057002312,3.4677683349832558,Before the historical event,Event not experienced
1.5,0,0,0,Nuclear-family environmental variance,500,2.253331273138342,2.2528029886358625,1.814308720424199,2.757163663671607,2.25,2.253331273138342,Before the historical event,Event not experienced
1.5,0,0,0,Nonshared environmental variance,500,4.000040578327946,3.9768315755396393,3.457370531415373,4.55173195281645,4,4.000040578327946,Before the historical event,Event not experienced
1.5,0,0,0,Phenotypic variance,500,9.721140186449544,9.719983425109394,9.186395822045242,10.232713798020677,9.692831905700231,9.721140186449544,Before the historical event,Event not experienced
1.5,0,1,0,Additive genetic variance,500,3.4677683349832558,3.4541959733944054,2.690007370057468,4.233672379057395,3.4428319057002312,3.4677683349832558,Before the historical event,Event experienced
1.5,0,1,0,Nuclear-family environmental variance,500,2.253331273138342,2.2528029886358625,1.814308720424199,2.757163663671607,2.25,2.253331273138342,Before the historical event,Event experienced
1.5,0,1,0,Nonshared environmental variance,500,4.000040578327946,3.9768315755396393,3.457370531415373,4.55173195281645,4,4.000040578327946,Before the historical event,Event experienced
1.5,0,1,0,Phenotypic variance,500,9.721140186449544,9.719983425109394,9.186395822045242,10.232713798020677,9.692831905700231,9.721140186449544,Before the historical event,Event experienced
1.5,1,0,0,Additive genetic variance,500,3.4677683349832558,3.4541959733944054,2.690007370057468,4.233672379057395,3.4428319057002312,3.4677683349832558,After the historical event,Event not experienced
1.5,1,0,0,Nuclear-family environmental variance,500,2.253331273138342,2.2528029886358625,1.814308720424199,2.757163663671607,2.25,2.253331273138342,After the historical event,Event not experienced
1.5,1,0,0,Nonshared environmental variance,500,4.000040578327946,3.9768315755396393,3.457370531415373,4.55173195281645,4,4.000040578327946,After the historical event,Event not experienced
1.5,1,0,0,Phenotypic variance,500,9.721140186449544,9.719983425109394,9.186395822045242,10.232713798020677,9.692831905700231,9.721140186449544,After the historical event,Event not experienced
1.5,1,1,1,Additive genetic variance,500,5.197396882078594,5.197649933296378,3.472857508197815,6.875486086841182,5.1361016667509665,5.197396882078594,After the historical event,Event experienced
1.5,1,1,1,Nuclear-family environmental variance,500,2.2798956281764933,2.2601585574584693,1.6504632633738165,3.035356302547614,2.25,2.2798956281764933,After the historical event,Event experienced
1.5,1,1,1,Nonshared environmental variance,500,3.999040263434124,3.986591300063715,3.3876524994689086,4.668020481590499,4,3.999040263434124,After the historical event,Event experienced
1.5,1,1,1,Phenotypic variance,500,11.476332773689212,11.485069691382385,10.164998248767827,12.939733076974282,11.386101666750967,11.476332773689212,After the historical event,Event experienced
1.5200000000000005,0,0,0,Additive genetic variance,500,3.4399788884047684,3.4236999665557137,2.6661825036595768,4.202639641254587,3.415125906872682,3.4399788884047684,Before the historical event,Event not experienced
1.5200000000000005,0,0,0,Nuclear-family environmental variance,500,2.253440635702328,2.2518234703278983,1.809690983214924,2.7594304065119126,2.25,2.253440635702328,Before the historical event,Event not experienced
1.5200000000000005,0,0,0,Nonshared environmental variance,500,4.000405970820409,3.9764657657465716,3.454926381204187,4.557369874303527,4,4.000405970820409,Before the historical event,Event not experienced
1.5200000000000005,0,0,0,Phenotypic variance,500,9.693825494927506,9.689269176658613,9.161677289547626,10.20864902707801,9.665125906872682,9.693825494927506,Before the historical event,Event not experienced
1.5200000000000005,0,1,0,Additive genetic variance,500,3.4399788884047684,3.4236999665557137,2.6661825036595768,4.202639641254587,3.415125906872682,3.4399788884047684,Before the historical event,Event experienced
1.5200000000000005,0,1,0,Nuclear-family environmental variance,500,2.253440635702328,2.2518234703278983,1.809690983214924,2.7594304065119126,2.25,2.253440635702328,Before the historical event,Event experienced
1.5200000000000005,0,1,0,Nonshared environmental variance,500,4.000405970820409,3.9764657657465716,3.454926381204187,4.557369874303527,4,4.000405970820409,Before the historical event,Event experienced
1.5200000000000005,0,1,0,Phenotypic variance,500,9.693825494927506,9.689269176658613,9.161677289547626,10.20864902707801,9.665125906872682,9.693825494927506,Before the historical event,Event experienced
1.5200000000000005,1,0,0,Additive genetic variance,500,3.4399788884047684,3.4236999665557137,2.6661825036595768,4.202639641254587,3.415125906872682,3.4399788884047684,After the historical event,Event not experienced
1.5200000000000005,1,0,0,Nuclear-family environmental variance,500,2.253440635702328,2.2518234703278983,1.809690983214924,2.7594304065119126,2.25,2.253440635702328,After the historical event,Event not experienced
1.5200000000000005,1,0,0,Nonshared environmental variance,500,4.000405970820409,3.9764657657465716,3.454926381204187,4.557369874303527,4,4.000405970820409,After the historical event,Event not experienced
1.5200000000000005,1,0,0,Phenotypic variance,500,9.693825494927506,9.689269176658613,9.161677289547626,10.20864902707801,9.665125906872682,9.693825494927506,After the historical event,Event not experienced
1.5200000000000005,1,1,1,Additive genetic variance,500,5.1542207517564105,5.150758739165965,3.452008224299487,6.800362224818297,5.094769173427207,5.1542207517564105,After the historical event,Event experienced
1.5200000000000005,1,1,1,Nuclear-family environmental variance,500,2.2794965530076277,2.261250881666718,1.6531201868027359,3.026906923788494,2.25,2.2794965530076277,After the historical event,Event experienced
1.5200000000000005,1,1,1,Nonshared environmental variance,500,3.999134848657636,3.986852632529093,3.3900374378849314,4.663738664711159,4,3.999134848657636,After the historical event,Event experienced
1.5200000000000005,1,1,1,Phenotypic variance,500,11.432852153421674,11.440086368961154,10.14470246980689,12.873649378754752,11.344769173427206,11.432852153421674,After the historical event,Event experienced
1.54,0,0,0,Additive genetic variance,500,3.411877300059634,3.3969936014331945,2.6414988661036287,4.171209202797961,3.387100891034402,3.411877300059634,Before the historical event,Event not experienced
1.54,0,0,0,Nuclear-family environmental variance,500,2.2535501057299814,2.250500745992002,1.8063392090279797,2.7618926569053928,2.25,2.2535501057299814,Before the historical event,Event not experienced
1.54,0,0,0,Nonshared environmental variance,500,4.000768570824485,3.9775781398099372,3.4525112327260383,4.56302359543493,4,4.000768570824485,Before the historical event,Event not experienced
1.54,0,0,0,Phenotypic variance,500,9.6661959766141,9.660473968896833,9.137615058160351,10.183253962208639,9.637100891034402,9.6661959766141,Before the historical event,Event not experienced
1.54,0,1,0,Additive genetic variance,500,3.411877300059634,3.3969936014331945,2.6414988661036287,4.171209202797961,3.387100891034402,3.411877300059634,Before the historical event,Event experienced
1.54,0,1,0,Nuclear-family environmental variance,500,2.2535501057299814,2.250500745992002,1.8063392090279797,2.7618926569053928,2.25,2.2535501057299814,Before the historical event,Event experienced
1.54,0,1,0,Nonshared environmental variance,500,4.000768570824485,3.9775781398099372,3.4525112327260383,4.56302359543493,4,4.000768570824485,Before the historical event,Event experienced
1.54,0,1,0,Phenotypic variance,500,9.6661959766141,9.660473968896833,9.137615058160351,10.183253962208639,9.637100891034402,9.6661959766141,Before the historical event,Event experienced
1.54,1,0,0,Additive genetic variance,500,3.411877300059634,3.3969936014331945,2.6414988661036287,4.171209202797961,3.387100891034402,3.411877300059634,After the historical event,Event not experienced
1.54,1,0,0,Nuclear-family environmental variance,500,2.2535501057299814,2.250500745992002,1.8063392090279797,2.7618926569053928,2.25,2.2535501057299814,After the historical event,Event not experienced
1.54,1,0,0,Nonshared environmental variance,500,4.000768570824485,3.9775781398099372,3.4525112327260383,4.56302359543493,4,4.000768570824485,After the historical event,Event not experienced
1.54,1,0,0,Phenotypic variance,500,9.6661959766141,9.660473968896833,9.137615058160351,10.183253962208639,9.637100891034402,9.6661959766141,After the historical event,Event not experienced
1.54,1,1,1,Additive genetic variance,500,5.110591854391747,5.103159071109567,3.4308186822366014,6.725489354215102,5.052960762647874,5.110591854391747,After the historical event,Event experienced
1.54,1,1,1,Nuclear-family environmental variance,500,2.2790959502094945,2.2609993727761015,1.655796851508066,3.0185512910833525,2.25,2.2790959502094945,After the historical event,Event experienced
1.54,1,1,1,Nonshared environmental variance,500,3.9992260715439745,3.987911757322617,3.3924253727744245,4.659428416628167,4,3.9992260715439745,After the historical event,Event experienced
1.54,1,1,1,Phenotypic variance,500,11.388913876145216,11.399438528596232,10.124066849567072,12.80774141089761,11.302960762647874,11.388913876145216,After the historical event,Event experienced
1.5600000000000005,0,0,0,Additive genetic variance,500,3.3834751447687044,3.3669067357132514,2.611369688127003,4.139290747657571,3.358768406579237,3.3834751447687044,Before the historical event,Event not experienced
1.5600000000000005,0,0,0,Nuclear-family environmental variance,500,2.2536597087448533,2.2493802896687893,1.8036557557435993,2.764562648760198,2.25,2.2536597087448533,Before the historical event,Event not experienced
1.5600000000000005,0,0,0,Nonshared environmental variance,500,4.001128385400154,3.9767959967681987,3.450125042271144,4.568748457868219,4,4.001128385400154,Before the historical event,Event not experienced
1.5600000000000005,0,0,0,Phenotypic variance,500,9.638263238913712,9.63481691456421,9.110362587297077,10.157366283562485,9.608768406579237,9.638263238913712,Before the historical event,Event not experienced
1.5600000000000005,0,1,0,Additive genetic variance,500,3.3834751447687044,3.3669067357132514,2.611369688127003,4.139290747657571,3.358768406579237,3.3834751447687044,Before the historical event,Event experienced
1.5600000000000005,0,1,0,Nuclear-family environmental variance,500,2.2536597087448533,2.2493802896687893,1.8036557557435993,2.764562648760198,2.25,2.2536597087448533,Before the historical event,Event experienced
1.5600000000000005,0,1,0,Nonshared environmental variance,500,4.001128385400154,3.9767959967681987,3.450125042271144,4.568748457868219,4,4.001128385400154,Before the historical event,Event experienced
1.5600000000000005,0,1,0,Phenotypic variance,500,9.638263238913712,9.63481691456421,9.110362587297077,10.157366283562485,9.608768406579237,9.638263238913712,Before the historical event,Event experienced
1.5600000000000005,1,0,0,Additive genetic variance,500,3.3834751447687044,3.3669067357132514,2.611369688127003,4.139290747657571,3.358768406579237,3.3834751447687044,After the historical event,Event not experienced
1.5600000000000005,1,0,0,Nuclear-family environmental variance,500,2.2536597087448533,2.2493802896687893,1.8036557557435993,2.764562648760198,2.25,2.2536597087448533,After the historical event,Event not experienced
1.5600000000000005,1,0,0,Nonshared environmental variance,500,4.001128385400154,3.9767959967681987,3.450125042271144,4.568748457868219,4,4.001128385400154,After the historical event,Event not experienced
1.5600000000000005,1,0,0,Phenotypic variance,500,9.638263238913712,9.63481691456421,9.110362587297077,10.157366283562485,9.608768406579237,9.638263238913712,After the historical event,Event not experienced
1.5600000000000005,1,1,1,Additive genetic variance,500,5.066528167341418,5.057828009294197,3.4092970241297724,6.646833489761127,5.010693662592122,5.066528167341418,After the historical event,Event experienced
1.5600000000000005,1,1,1,Nuclear-family environmental variance,500,2.2786938490117326,2.260744778809049,1.658493338957557,3.0102081012576933,2.25,2.2786938490117326,After the historical event,Event experienced
1.5600000000000005,1,1,1,Nonshared environmental variance,500,3.999313939466019,3.9899557791459648,3.394830821572429,4.654098105926888,4,3.999313939466019,After the historical event,Event experienced
1.5600000000000005,1,1,1,Phenotypic variance,500,11.344535955819168,11.35944110532299,10.103097503605746,12.741730123340858,11.260693662592121,11.344535955819168,After the historical event,Event experienced
1.58,0,0,0,Additive genetic variance,500,3.3547840419622994,3.3414346567549478,2.581186780216104,4.116456391076984,3.330140053179798,3.3547840419622994,Before the historical event,Event not experienced
1.58,0,0,0,Nuclear-family environmental variance,500,2.2537694713747753,2.25302098377336,1.8006930813074948,2.768804550935247,2.25,2.2537694713747753,Before the historical event,Event not experienced
1.58,0,0,0,Nonshared environmental variance,500,4.00148542217147,3.9777422392992037,3.447594099262343,4.573376854008614,4,4.00148542217147,Before the historical event,Event not experienced
1.58,0,0,0,Phenotypic variance,500,9.610038935508545,9.60709547122122,9.082866234888122,10.130996521475188,9.580140053179798,9.610038935508545,Before the historical event,Event not experienced
1.58,0,1,0,Additive genetic variance,500,3.3547840419622994,3.3414346567549478,2.581186780216104,4.116456391076984,3.330140053179798,3.3547840419622994,Before the historical event,Event experienced
1.58,0,1,0,Nuclear-family environmental variance,500,2.2537694713747753,2.25302098377336,1.8006930813074948,2.768804550935247,2.25,2.2537694713747753,Before the historical event,Event experienced
1.58,0,1,0,Nonshared environmental variance,500,4.00148542217147,3.9777422392992037,3.447594099262343,4.573376854008614,4,4.00148542217147,Before the historical event,Event experienced
1.58,0,1,0,Phenotypic variance,500,9.610038935508545,9.60709547122122,9.082866234888122,10.130996521475188,9.580140053179798,9.610038935508545,Before the historical event,Event experienced
1.58,1,0,0,Additive genetic variance,500,3.3547840419622994,3.3414346567549478,2.581186780216104,4.116456391076984,3.330140053179798,3.3547840419622994,After the historical event,Event not experienced
1.58,1,0,0,Nuclear-family environmental variance,500,2.2537694713747753,2.25302098377336,1.8006930813074948,2.768804550935247,2.25,2.2537694713747753,After the historical event,Event not experienced
1.58,1,0,0,Nonshared environmental variance,500,4.00148542217147,3.9777422392992037,3.447594099262343,4.573376854008614,4,4.00148542217147,After the historical event,Event not experienced
1.58,1,0,0,Phenotypic variance,500,9.610038935508545,9.60709547122122,9.082866234888122,10.130996521475188,9.580140053179798,9.610038935508545,After the historical event,Event not experienced
1.58,1,1,1,Additive genetic variance,500,5.022047719616866,5.015036056068398,3.397534483067343,6.563336531691019,4.9679851779380355,5.022047719616866,After the historical event,Event experienced
1.58,1,1,1,Nuclear-family environmental variance,500,2.2782902797465003,2.2604952996979244,1.6612097313148344,3.0052198951850184,2.25,2.2782902797465003,After the historical event,Event experienced
1.58,1,1,1,Nonshared environmental variance,500,3.999398460361396,3.990016502357534,3.3972538076057823,4.648487207617881,4,3.999398460361396,After the historical event,Event experienced
1.58,1,1,1,Phenotypic variance,500,11.299736459724762,11.316883495407705,10.081800624828817,12.665900060246212,11.217985177938036,11.299736459724762,After the historical event,Event experienced
1.6000000000000005,0,0,0,Additive genetic variance,500,3.325815647739437,3.3130979621239427,2.5509600193042448,4.0883155155665625,3.301227473966728,3.325815647739437,Before the historical event,Event not experienced
1.6000000000000005,0,0,0,Nuclear-family environmental variance,500,2.2538794213533957,2.2525662003279723,1.7967776860021418,2.773033498276594,2.25,2.2538794213533957,Before the historical event,Event not experienced
1.6000000000000005,0,0,0,Nonshared environmental variance,500,4.001839689326873,3.979559932944402,3.443500471157261,4.578013558337174,4,4.001839689326873,Before the historical event,Event not experienced
1.6000000000000005,0,0,0,Phenotypic variance,500,9.581534758419705,9.578676819606603,9.054796360936159,10.107835676540034,9.551227473966728,9.581534758419705,Before the historical event,Event not experienced
1.6000000000000005,0,1,0,Additive genetic variance,500,3.325815647739437,3.3130979621239427,2.5509600193042448,4.0883155155665625,3.301227473966728,3.325815647739437,Before the historical event,Event experienced
1.6000000000000005,0,1,0,Nuclear-family environmental variance,500,2.2538794213533957,2.2525662003279723,1.7967776860021418,2.773033498276594,2.25,2.2538794213533957,Before the historical event,Event experienced
1.6000000000000005,0,1,0,Nonshared environmental variance,500,4.001839689326873,3.979559932944402,3.443500471157261,4.578013558337174,4,4.001839689326873,Before the historical event,Event experienced
1.6000000000000005,0,1,0,Phenotypic variance,500,9.581534758419705,9.578676819606603,9.054796360936159,10.107835676540034,9.551227473966728,9.581534758419705,Before the historical event,Event experienced
1.6000000000000005,1,0,0,Additive genetic variance,500,3.325815647739437,3.3130979621239427,2.5509600193042448,4.0883155155665625,3.301227473966728,3.325815647739437,After the historical event,Event not experienced
1.6000000000000005,1,0,0,Nuclear-family environmental variance,500,2.2538794213533957,2.2525662003279723,1.7967776860021418,2.773033498276594,2.25,2.2538794213533957,After the historical event,Event not experienced
1.6000000000000005,1,0,0,Nonshared environmental variance,500,4.001839689326873,3.979559932944402,3.443500471157261,4.578013558337174,4,4.001839689326873,After the historical event,Event not experienced
1.6000000000000005,1,0,0,Phenotypic variance,500,9.581534758419705,9.578676819606603,9.054796360936159,10.107835676540034,9.551227473966728,9.581534758419705,After the historical event,Event not experienced
1.6000000000000005,1,1,1,Additive genetic variance,500,4.9771685795815745,4.972500534677137,3.3862344780269398,6.479446165118544,4.924852678195468,4.9771685795815745,After the historical event,Event experienced
1.6000000000000005,1,1,1,Nuclear-family environmental variance,500,2.2778852738480686,2.260586894495205,1.6646476775003838,3.0012602047500607,2.25,2.2778852738480686,After the historical event,Event experienced
1.6000000000000005,1,1,1,Nonshared environmental variance,500,3.999479642732617,3.990982740633736,3.4000333849020317,4.640810125995978,4,3.999479642732617,After the historical event,Event experienced
1.6000000000000005,1,1,1,Phenotypic variance,500,11.25453349616226,11.2769323012101,10.060182479912054,12.586415098448045,11.174852678195467,11.25453349616226,After the historical event,Event experienced
1.62,0,0,0,Additive genetic variance,500,3.296581646969145,3.2814825519583364,2.5206991871308575,4.056700663882957,3.272042347739404,3.296581646969145,Before the historical event,Event not experienced
1.62,0,0,0,Nuclear-family environmental variance,500,2.2539895875216893,2.252448122007803,1.7924634492846325,2.777249437984436,2.25,2.2539895875216893,Before the historical event,Event not experienced
1.62,0,0,0,Nonshared environmental variance,500,4.002191195619499,3.9803620806198845,3.4394114608992523,4.58265857564715,4,4.002191195619499,Before the historical event,Event not experienced
1.62,0,0,0,Phenotypic variance,500,9.552762430110333,9.551605966653806,9.026397514842683,10.084324524444995,9.522042347739404,9.552762430110333,Before the historical event,Event not experienced
1.62,0,1,0,Additive genetic variance,500,3.296581646969145,3.2814825519583364,2.5206991871308575,4.056700663882957,3.272042347739404,3.296581646969145,Before the historical event,Event experienced
1.62,0,1,0,Nuclear-family environmental variance,500,2.2539895875216893,2.252448122007803,1.7924634492846325,2.777249437984436,2.25,2.2539895875216893,Before the historical event,Event experienced
1.62,0,1,0,Nonshared environmental variance,500,4.002191195619499,3.9803620806198845,3.4394114608992523,4.58265857564715,4,4.002191195619499,Before the historical event,Event experienced
1.62,0,1,0,Phenotypic variance,500,9.552762430110333,9.551605966653806,9.026397514842683,10.084324524444995,9.522042347739404,9.552762430110333,Before the historical event,Event experienced
1.62,1,0,0,Additive genetic variance,500,3.296581646969145,3.2814825519583364,2.5206991871308575,4.056700663882957,3.272042347739404,3.296581646969145,After the historical event,Event not experienced
1.62,1,0,0,Nuclear-family environmental variance,500,2.2539895875216893,2.252448122007803,1.7924634492846325,2.777249437984436,2.25,2.2539895875216893,After the historical event,Event not experienced
1.62,1,0,0,Nonshared environmental variance,500,4.002191195619499,3.9803620806198845,3.4394114608992523,4.58265857564715,4,4.002191195619499,After the historical event,Event not experienced
1.62,1,0,0,Phenotypic variance,500,9.552762430110333,9.551605966653806,9.026397514842683,10.084324524444995,9.522042347739404,9.552762430110333,After the historical event,Event not experienced
1.62,1,1,1,Additive genetic variance,500,4.931908842730493,4.925265071864655,3.3746738188150136,6.398802842919892,4.881313586085768,4.931908842730493,After the historical event,Event experienced
1.62,1,1,1,Nuclear-family environmental variance,500,2.2774788638523797,2.263085115185203,1.6682464752826867,2.997285307670995,2.25,2.2774788638523797,After the historical event,Event experienced
1.62,1,1,1,Nonshared environmental variance,500,3.9995574956472097,3.992049184453145,3.404401691472722,4.633106794486098,4,3.9995574956472097,After the historical event,Event experienced
1.62,1,1,1,Phenotypic variance,500,11.208945202230083,11.233253638441443,10.037904371695646,12.511572599898312,11.131313586085767,11.208945202230083,After the historical event,Event experienced
1.6399999999999997,0,0,0,Additive genetic variance,500,3.2670937454412647,3.254222241466634,2.4904139653582256,4.024648751024116,3.2425963812152148,3.2670937454412647,Before the historical event,Event not experienced
1.6399999999999997,0,0,0,Nuclear-family environmental variance,500,2.254099999829449,2.2531747388412664,1.7881630538902937,2.7814523196508265,2.25,2.254099999829449,Before the historical event,Event not experienced
1.6399999999999997,0,0,0,Nonshared environmental variance,500,4.002539950367473,3.9816066038819367,3.4353270718045694,4.587311910868193,4,4.002539950367473,Before the historical event,Event not experienced
1.6399999999999997,0,0,0,Phenotypic variance,500,9.523733695638187,9.52341222350701,8.99778296820553,10.062483680888072,9.492596381215215,9.523733695638187,Before the historical event,Event not experienced
1.6399999999999997,0,1,0,Additive genetic variance,500,3.2670937454412647,3.254222241466634,2.4904139653582256,4.024648751024116,3.2425963812152148,3.2670937454412647,Before the historical event,Event experienced
1.6399999999999997,0,1,0,Nuclear-family environmental variance,500,2.254099999829449,2.2531747388412664,1.7881630538902937,2.7814523196508265,2.25,2.254099999829449,Before the historical event,Event experienced
1.6399999999999997,0,1,0,Nonshared environmental variance,500,4.002539950367473,3.9816066038819367,3.4353270718045694,4.587311910868193,4,4.002539950367473,Before the historical event,Event experienced
1.6399999999999997,0,1,0,Phenotypic variance,500,9.523733695638187,9.52341222350701,8.99778296820553,10.062483680888072,9.492596381215215,9.523733695638187,Before the historical event,Event experienced
1.6399999999999997,1,0,0,Additive genetic variance,500,3.2670937454412647,3.254222241466634,2.4904139653582256,4.024648751024116,3.2425963812152148,3.2670937454412647,After the historical event,Event not experienced
1.6399999999999997,1,0,0,Nuclear-family environmental variance,500,2.254099999829449,2.2531747388412664,1.7881630538902937,2.7814523196508265,2.25,2.254099999829449,After the historical event,Event not experienced
1.6399999999999997,1,0,0,Nonshared environmental variance,500,4.002539950367473,3.9816066038819367,3.4353270718045694,4.587311910868193,4,4.002539950367473,After the historical event,Event not experienced
1.6399999999999997,1,0,0,Phenotypic variance,500,9.523733695638187,9.52341222350701,8.99778296820553,10.062483680888072,9.492596381215215,9.523733695638187,After the historical event,Event not experienced
1.6399999999999997,1,1,1,Additive genetic variance,500,4.886286619562944,4.882852649839744,3.359063788979938,6.330858931852919,4.837385365979065,4.886286619562944,After the historical event,Event experienced
1.6399999999999997,1,1,1,Nuclear-family environmental variance,500,2.277071083396564,2.2626761999468266,1.6719848569558482,2.993271737410384,2.25,2.277071083396564,After the historical event,Event experienced
1.6399999999999997,1,1,1,Nonshared environmental variance,500,3.9996320287378384,3.9916348749793418,3.4075545073953184,4.6255567106977455,4,3.9996320287378384,After the historical event,Event experienced
1.6399999999999997,1,1,1,Phenotypic variance,500,11.162989731697348,11.187546403002798,10.010277410272193,12.437361522440952,11.087385365979065,11.162989731697348,After the historical event,Event experienced
1.6600000000000001,0,0,0,Additive genetic variance,500,3.237363662074118,3.2241617822979087,2.4601139308230047,3.9921740252434024,3.2129013013245324,3.237363662074118,Before the historical event,Event not experienced
1.6600000000000001,0,0,0,Nuclear-family environmental variance,500,2.2542106893367526,2.254214351924624,1.7838765112250132,2.7856420952762884,2.25,2.2542106893367526,Before the historical event,Event not experienced
1.6600000000000001,0,0,0,Nonshared environmental variance,500,4.002885963454203,3.9820100231397824,3.431247307273133,4.591590297932452,4,4.002885963454203,Before the historical event,Event not experienced
1.6600000000000001,0,0,0,Phenotypic variance,500,9.494460314865073,9.492413845909919,8.9608992815783175,10.04029625782897,9.462901301324532,9.494460314865073,Before the historical event,Event not experienced
1.6600000000000001,0,1,0,Additive genetic variance,500,3.237363662074118,3.2241617822979087,2.4601139308230047,3.9921740252434024,3.2129013013245324,3.237363662074118,Before the historical event,Event experienced
1.6600000000000001,0,1,0,Nuclear-family environmental variance,500,2.2542106893367526,2.254214351924624,1.7838765112250132,2.7856420952762884,2.25,2.2542106893367526,Before the historical event,Event experienced
1.6600000000000001,0,1,0,Nonshared environmental variance,500,4.002885963454203,3.9820100231397824,3.431247307273133,4.591590297932452,4,4.002885963454203,Before the historical event,Event experienced
1.6600000000000001,0,1,0,Phenotypic variance,500,9.494460314865073,9.492413845909919,8.9608992815783175,10.04029625782897,9.462901301324532,9.494460314865073,Before the historical event,Event experienced
1.6600000000000001,1,0,0,Additive genetic variance,500,3.237363662074118,3.2241617822979087,2.4601139308230047,3.9921740252434024,3.2129013013245324,3.237363662074118,After the historical event,Event not experienced
1.6600000000000001,1,0,0,Nuclear-family environmental variance,500,2.2542106893367526,2.254214351924624,1.7838765112250132,2.7856420952762884,2.25,2.2542106893367526,After the historical event,Event not experienced
1.6600000000000001,1,0,0,Nonshared environmental variance,500,4.002885963454203,3.9820100231397824,3.431247307273133,4.591590297932452,4,4.002885963454203,After the historical event,Event not experienced
1.6600000000000001,1,0,0,Phenotypic variance,500,9.494460314865073,9.492413845909919,8.9608992815783175,10.04029625782897,9.462901301324532,9.494460314865073,After the historical event,Event not experienced
1.6600000000000001,1,1,1,Additive genetic variance,500,4.840320023560289,4.842419370468916,3.3360784622973414,6.263806932663338,4.793085512399714,4.840320023560289,After the historical event,Event experienced
1.6600000000000001,1,1,1,Nuclear-family environmental variance,500,2.276661967218426,2.2618249015746006,1.676732723388465,2.989219569571919,2.25,2.276661967218426,After the historical event,Event experienced
1.6600000000000001,1,1,1,Nonshared environmental variance,500,3.9997032522024187,3.991442455774406,3.4107161347382036,4.619733124596715,4,3.9997032522024187,After the historical event,Event experienced
1.6600000000000001,1,1,1,Phenotypic variance,500,11.116685242981134,11.144520667462062,9.980769843410535,12.365843699984621,11.043085512399713,11.116685242981134,After the historical event,Event experienced
1.6799999999999997,0,0,0,Additive genetic variance,500,3.2074031211861995,3.193972686962824,2.430770231073124,3.9604029601249366,3.1829688475583007,3.2074031211861995,Before the historical event,Event not experienced
1.6799999999999997,0,0,0,Nuclear-family environmental variance,500,2.2543216882154087,2.254334459151078,1.7796038334297064,2.7898187192862407,2.25,2.2543216882154087,Before the historical event,Event not experienced
1.6799999999999997,0,0,0,Nonshared environmental variance,500,4.003229245328661,3.9823468427272166,3.4271721707879257,4.594597869588533,4,4.003229245328661,Before the historical event,Event not experienced
1.6799999999999997,0,0,0,Phenotypic variance,500,9.464954054730269,9.465450871771473,8.923434453881605,10.016340431475435,9.4329688475583,9.464954054730269,Before the historical event,Event not experienced
1.6799999999999997,0,1,0,Additive genetic variance,500,3.2074031211861995,3.193972686962824,2.430770231073124,3.9604029601249366,3.1829688475583007,3.2074031211861995,Before the historical event,Event experienced
1.6799999999999997,0,1,0,Nuclear-family environmental variance,500,2.2543216882154087,2.254334459151078,1.7796038334297064,2.7898187192862407,2.25,2.2543216882154087,Before the historical event,Event experienced
1.6799999999999997,0,1,0,Nonshared environmental variance,500,4.003229245328661,3.9823468427272166,3.4271721707879257,4.594597869588533,4,4.003229245328661,Before the historical event,Event experienced
1.6799999999999997,0,1,0,Phenotypic variance,500,9.464954054730269,9.465450871771473,8.923434453881605,10.016340431475435,9.4329688475583,9.464954054730269,Before the historical event,Event experienced
1.6799999999999997,1,0,0,Additive genetic variance,500,3.2074031211861995,3.193972686962824,2.430770231073124,3.9604029601249366,3.1829688475583007,3.2074031211861995,After the historical event,Event not experienced
1.6799999999999997,1,0,0,Nuclear-family environmental variance,500,2.2543216882154087,2.254334459151078,1.7796038334297064,2.7898187192862407,2.25,2.2543216882154087,After the historical event,Event not experienced
1.6799999999999997,1,0,0,Nonshared environmental variance,500,4.003229245328661,3.9823468427272166,3.4271721707879257,4.594597869588533,4,4.003229245328661,After the historical event,Event not experienced
1.6799999999999997,1,0,0,Phenotypic variance,500,9.464954054730269,9.465450871771473,8.923434453881605,10.016340431475435,9.4329688475583,9.464954054730269,After the historical event,Event not experienced
1.6799999999999997,1,1,1,Additive genetic variance,500,4.794027159279378,4.794564444009025,3.3128848178012995,6.196720398242192,4.748431538610245,4.794027159279378,After the historical event,Event experienced
1.6799999999999997,1,1,1,Nuclear-family environmental variance,500,2.2762515511558914,2.2603633920778305,1.6815132670871007,2.9851288826674143,2.25,2.2762515511558914,After the historical event,Event experienced
1.6799999999999997,1,1,1,Nonshared environmental variance,500,3.999771176804221,3.9902083923351945,3.413886591586079,4.616305315201487,4,3.999771176804221,After the historical event,Event experienced
1.6799999999999997,1,1,1,Phenotypic variance,500,11.07004988723949,11.099007195910765,9.950796305944685,12.294476474257854,10.998431538610244,11.07004988723949,After the historical event,Event experienced
1.7000000000000002,0,0,0,Additive genetic variance,500,3.1772238448389443,3.1602098639128453,2.403387811573557,3.9314810481584104,3.1528107643750807,3.1772238448389443,Before the historical event,Event not experienced
1.7000000000000002,0,0,0,Nuclear-family environmental variance,500,2.25443302975038,2.2559197599478598,1.775345033370897,2.7935596226733823,2.25,2.25443302975038,Before the historical event,Event not experienced
1.7000000000000002,0,0,0,Nonshared environmental variance,500,4.003569807005662,3.9838529785863277,3.4231016659143805,4.597503060896315,4,4.003569807005662,Before the historical event,Event not experienced
1.7000000000000002,0,0,0,Phenotypic variance,500,9.435226681594987,9.436713594270687,8.885626431260008,9.992069779234198,9.402810764375081,9.435226681594987,Before the historical event,Event not experienced
1.7000000000000002,0,1,0,Additive genetic variance,500,3.1772238448389443,3.1602098639128453,2.403387811573557,3.9314810481584104,3.1528107643750807,3.1772238448389443,Before the historical event,Event experienced
1.7000000000000002,0,1,0,Nuclear-family environmental variance,500,2.25443302975038,2.2559197599478598,1.775345033370897,2.7935596226733823,2.25,2.25443302975038,Before the historical event,Event experienced
1.7000000000000002,0,1,0,Nonshared environmental variance,500,4.003569807005662,3.9838529785863277,3.4231016659143805,4.597503060896315,4,4.003569807005662,Before the historical event,Event experienced
1.7000000000000002,0,1,0,Phenotypic variance,500,9.435226681594987,9.436713594270687,8.885626431260008,9.992069779234198,9.402810764375081,9.435226681594987,Before the historical event,Event experienced
1.7000000000000002,1,0,0,Additive genetic variance,500,3.1772238448389443,3.1602098639128453,2.403387811573557,3.9314810481584104,3.1528107643750807,3.1772238448389443,After the historical event,Event not experienced
1.7000000000000002,1,0,0,Nuclear-family environmental variance,500,2.25443302975038,2.2559197599478598,1.775345033370897,2.7935596226733823,2.25,2.25443302975038,After the historical event,Event not experienced
1.7000000000000002,1,0,0,Nonshared environmental variance,500,4.003569807005662,3.9838529785863277,3.4231016659143805,4.597503060896315,4,4.003569807005662,After the historical event,Event not experienced
1.7000000000000002,1,0,0,Phenotypic variance,500,9.435226681594987,9.436713594270687,8.885626431260008,9.992069779234198,9.402810764375081,9.435226681594987,After the historical event,Event not experienced
1.7000000000000002,1,1,1,Additive genetic variance,500,4.747426110572541,4.750689452991558,3.2894894380480615,6.132418045258995,4.703440965283997,4.747426110572541,After the historical event,Event experienced
1.7000000000000002,1,1,1,Nuclear-family environmental variance,500,2.275839872146416,2.2588880490557024,1.6863266930832128,2.9781620874477115,2.25,2.275839872146416,After the historical event,Event experienced
1.7000000000000002,1,1,1,Nonshared environmental variance,500,3.9998358138719654,3.988686970521311,3.417065896084824,4.612929406870058,4,3.9998358138719654,After the historical event,Event experienced
1.7000000000000002,1,1,1,Phenotypic variance,500,11.023101796590923,11.053802109369213,9.920560870818894,12.227375608591995,10.953440965283997,11.023101796590923,After the historical event,Event experienced
1.7199999999999998,0,0,0,Additive genetic variance,500,3.1468375452574775,3.12801187797011,2.375914393245023,3.9021591090389753,3.122438793674299,3.1468375452574775,Before the historical event,Event not experienced
1.7199999999999998,0,0,0,Nuclear-family environmental variance,500,2.2545447483411865,2.2574601282070477,1.7711001246314035,2.795170710919264,2.25,2.2545447483411865,Before the historical event,Event not experienced
1.7199999999999998,0,0,0,Nonshared environmental variance,500,4.003907660066131,3.984561259342019,3.419035796299778,4.599499455504608,4,4.003907660066131,Before the historical event,Event not experienced
1.7199999999999998,0,0,0,Phenotypic variance,500,9.405289953664795,9.406347862841953,8.853427583813072,9.966470058068182,9.372438793674299,9.405289953664795,Before the historical event,Event not experienced
1.7199999999999998,0,1,0,Additive genetic variance,500,3.1468375452574775,3.12801187797011,2.375914393245023,3.9021591090389753,3.122438793674299,3.1468375452574775,Before the historical event,Event experienced
1.7199999999999998,0,1,0,Nuclear-family environmental variance,500,2.2545447483411865,2.2574601282070477,1.7711001246314035,2.795170710919264,2.25,2.2545447483411865,Before the historical event,Event experienced
1.7199999999999998,0,1,0,Nonshared environmental variance,500,4.003907660066131,3.984561259342019,3.419035796299778,4.599499455504608,4,4.003907660066131,Before the historical event,Event experienced
1.7199999999999998,0,1,0,Phenotypic variance,500,9.405289953664795,9.406347862841953,8.853427583813072,9.966470058068182,9.372438793674299,9.405289953664795,Before the historical event,Event experienced
1.7199999999999998,1,0,0,Additive genetic variance,500,3.1468375452574775,3.12801187797011,2.375914393245023,3.9021591090389753,3.122438793674299,3.1468375452574775,After the historical event,Event not experienced
1.7199999999999998,1,0,0,Nuclear-family environmental variance,500,2.2545447483411865,2.2574601282070477,1.7711001246314035,2.795170710919264,2.25,2.2545447483411865,After the historical event,Event not experienced
1.7199999999999998,1,0,0,Nonshared environmental variance,500,4.003907660066131,3.984561259342019,3.419035796299778,4.599499455504608,4,4.003907660066131,After the historical event,Event not experienced
1.7199999999999998,1,0,0,Phenotypic variance,500,9.405289953664795,9.406347862841953,8.853427583813072,9.966470058068182,9.372438793674299,9.405289953664795,After the historical event,Event not experienced
1.7199999999999998,1,1,1,Additive genetic variance,500,4.70053492894469,4.702302818417789,3.2658989253676483,6.070910302924432,4.658131309276533,4.70053492894469,After the historical event,Event experienced
1.7199999999999998,1,1,1,Nuclear-family environmental variance,500,2.2754269682263657,2.2574278766689266,1.6911732084215954,2.970446844282241,2.25,2.2754269682263657,After the historical event,Event experienced
1.7199999999999998,1,1,1,Nonshared environmental variance,500,3.9998971752999126,3.9871883070388856,3.4202540664416627,4.608844264177736,4,3.9998971752999126,After the historical event,Event experienced
1.7199999999999998,1,1,1,Phenotypic variance,500,10.97585907247097,11.009195057688018,9.89009809843498,12.163731161619392,10.908131309276534,10.97585907247097,After the historical event,Event experienced
1.7400000000000002,0,0,0,Additive genetic variance,500,3.116255917336044,3.0973002757818757,2.348009366313193,3.872694865358957,3.0918646673422083,3.116255917336044,Before the historical event,Event not experienced
1.7400000000000002,0,0,0,Nuclear-family environmental variance,500,2.2546568795032855,2.259479983378779,1.7668691215011283,2.796263608643716,2.25,2.2546568795032855,Before the historical event,Event not experienced
1.7400000000000002,0,0,0,Nonshared environmental variance,500,4.004242816657367,3.984581834075437,3.414974565672641,4.602086320003078,4,4.004242816657367,Before the historical event,Event not experienced
1.7400000000000002,0,0,0,Phenotypic variance,500,9.375155613496696,9.377705691247794,8.821889290801849,9.934907783832823,9.341864667342207,9.375155613496696,Before the historical event,Event not experienced
1.7400000000000002,0,1,0,Additive genetic variance,500,3.116255917336044,3.0973002757818757,2.348009366313193,3.872694865358957,3.0918646673422083,3.116255917336044,Before the historical event,Event experienced
1.7400000000000002,0,1,0,Nuclear-family environmental variance,500,2.2546568795032855,2.259479983378779,1.7668691215011283,2.796263608643716,2.25,2.2546568795032855,Before the historical event,Event experienced
1.7400000000000002,0,1,0,Nonshared environmental variance,500,4.004242816657367,3.984581834075437,3.414974565672641,4.602086320003078,4,4.004242816657367,Before the historical event,Event experienced
1.7400000000000002,0,1,0,Phenotypic variance,500,9.375155613496696,9.377705691247794,8.821889290801849,9.934907783832823,9.341864667342207,9.375155613496696,Before the historical event,Event experienced
1.7400000000000002,1,0,0,Additive genetic variance,500,3.116255917336044,3.0973002757818757,2.348009366313193,3.872694865358957,3.0918646673422083,3.116255917336044,After the historical event,Event not experienced
1.7400000000000002,1,0,0,Nuclear-family environmental variance,500,2.2546568795032855,2.259479983378779,1.7668691215011283,2.796263608643716,2.25,2.2546568795032855,After the historical event,Event not experienced
1.7400000000000002,1,0,0,Nonshared environmental variance,500,4.004242816657367,3.984581834075437,3.414974565672641,4.602086320003078,4,4.004242816657367,After the historical event,Event not experienced
1.7400000000000002,1,0,0,Phenotypic variance,500,9.375155613496696,9.377705691247794,8.821889290801849,9.934907783832823,9.341864667342207,9.375155613496696,After the historical event,Event not experienced
1.7400000000000002,1,1,1,Additive genetic variance,500,4.653371622057712,4.651355709609874,3.2421198988066386,6.001921256117493,4.612520072505516,4.653371622057712,After the historical event,Event experienced
1.7400000000000002,1,1,1,Nuclear-family environmental variance,500,2.275012878530355,2.2557717464059053,1.6960336705073296,2.9633962043341637,2.25,2.275012878530355,After the historical event,Event experienced
1.7400000000000002,1,1,1,Nonshared environmental variance,500,3.9999552735479407,3.9858963339416893,3.4234511209253466,4.603129372785663,4,3.9999552735479407,After the historical event,Event experienced
1.7400000000000002,1,1,1,Phenotypic variance,500,10.928339774136008,10.961437494757604,9.859418213774799,12.090935892066971,10.862520072505516,10.928339774136008,After the historical event,Event experienced
1.7599999999999998,0,0,0,Additive genetic variance,500,3.0854906312347197,3.0666574281503873,2.3200589426739993,3.8471792584032,3.061100099877081,3.0854906312347197,Before the historical event,Event not experienced
1.7599999999999998,0,0,0,Nuclear-family environmental variance,500,2.2547694598694346,2.25966817381404,1.7657153078171481,2.797289785190966,2.25,2.2547694598694346,Before the historical event,Event not experienced
1.7599999999999998,0,0,0,Nonshared environmental variance,500,4.004575289493296,3.9830638880943567,3.410917977842137,4.605255846473464,4,4.004575289493296,Before the historical event,Event not experienced
1.7599999999999998,0,0,0,Phenotypic variance,500,9.34483538059745,9.346195163199274,8.790270133893756,9.905093444985448,9.31110009987708,9.34483538059745,Before the historical event,Event not experienced
1.7599999999999998,0,1,0,Additive genetic variance,500,3.0854906312347197,3.0666574281503873,2.3200589426739993,3.8471792584032,3.061100099877081,3.0854906312347197,Before the historical event,Event experienced
1.7599999999999998,0,1,0,Nuclear-family environmental variance,500,2.2547694598694346,2.25966817381404,1.7657153078171481,2.797289785190966,2.25,2.2547694598694346,Before the historical event,Event experienced
1.7599999999999998,0,1,0,Nonshared environmental variance,500,4.004575289493296,3.9830638880943567,3.410917977842137,4.605255846473464,4,4.004575289493296,Before the historical event,Event experienced
1.7599999999999998,0,1,0,Phenotypic variance,500,9.34483538059745,9.346195163199274,8.790270133893756,9.905093444985448,9.31110009987708,9.34483538059745,Before the historical event,Event experienced
1.7599999999999998,1,0,0,Additive genetic variance,500,3.0854906312347197,3.0666574281503873,2.3200589426739993,3.8471792584032,3.061100099877081,3.0854906312347197,After the historical event,Event not experienced
1.7599999999999998,1,0,0,Nuclear-family environmental variance,500,2.2547694598694346,2.25966817381404,1.7657153078171481,2.797289785190966,2.25,2.2547694598694346,After the historical event,Event not experienced
1.7599999999999998,1,0,0,Nonshared environmental variance,500,4.004575289493296,3.9830638880943567,3.410917977842137,4.605255846473464,4,4.004575289493296,After the historical event,Event not experienced
1.7599999999999998,1,0,0,Phenotypic variance,500,9.34483538059745,9.346195163199274,8.790270133893756,9.905093444985448,9.31110009987708,9.34483538059745,After the historical event,Event not experienced
1.7599999999999998,1,1,1,Additive genetic variance,500,4.605954142392187,4.605696994999969,3.2181589910841684,5.9258444529288425,4.566624730948788,4.605954142392187,After the historical event,Event experienced
1.7599999999999998,1,1,1,Nuclear-family environmental variance,500,2.274597643290557,2.2535305667025494,1.6995326097464885,2.9562780082074642,2.25,2.274597643290557,After the historical event,Event experienced
1.7599999999999998,1,1,1,Nonshared environmental variance,500,4.000010121641617,3.984868553231502,3.4266570778663152,4.597401770322275,4,4.000010121641617,After the historical event,Event experienced
1.7599999999999998,1,1,1,Phenotypic variance,500,10.880561907324362,10.91387391765477,9.82853143834746,12.012235131217782,10.816624730948789,10.880561907324362,After the historical event,Event experienced
1.7800000000000002,0,0,0,Additive genetic variance,500,3.054553325073744,3.0386093897510444,2.293139239237369,3.8167376420602226,3.0301567810998136,3.054553325073744,Before the historical event,Event not experienced
1.7800000000000002,0,0,0,Nuclear-family environmental variance,500,2.254882527191027,2.25947734198079,1.765400882451818,2.7982491717248013,2.25,2.254882527191027,Before the historical event,Event not experienced
1.7800000000000002,0,0,0,Nonshared environmental variance,500,4.004905091854718,3.983676765159956,3.4070965833269913,4.6084516635631605,4,4.004905091854718,Before the historical event,Event not experienced
1.7800000000000002,0,0,0,Phenotypic variance,500,9.31434094411949,9.313216284853986,8.761356267854612,9.880013937741747,9.280156781099814,9.31434094411949,Before the historical event,Event not experienced
1.7800000000000002,0,1,0,Additive genetic variance,500,3.054553325073744,3.0386093897510444,2.293139239237369,3.8167376420602226,3.0301567810998136,3.054553325073744,Before the historical event,Event experienced
1.7800000000000002,0,1,0,Nuclear-family environmental variance,500,2.254882527191027,2.25947734198079,1.765400882451818,2.7982491717248013,2.25,2.254882527191027,Before the historical event,Event experienced
1.7800000000000002,0,1,0,Nonshared environmental variance,500,4.004905091854718,3.983676765159956,3.4070965833269913,4.6084516635631605,4,4.004905091854718,Before the historical event,Event experienced
1.7800000000000002,0,1,0,Phenotypic variance,500,9.31434094411949,9.313216284853986,8.761356267854612,9.880013937741747,9.280156781099814,9.31434094411949,Before the historical event,Event experienced
1.7800000000000002,1,0,0,Additive genetic variance,500,3.054553325073744,3.0386093897510444,2.293139239237369,3.8167376420602226,3.0301567810998136,3.054553325073744,After the historical event,Event not experienced
1.7800000000000002,1,0,0,Nuclear-family environmental variance,500,2.254882527191027,2.25947734198079,1.765400882451818,2.7982491717248013,2.25,2.254882527191027,After the historical event,Event not experienced
1.7800000000000002,1,0,0,Nonshared environmental variance,500,4.004905091854718,3.983676765159956,3.4070965833269913,4.6084516635631605,4,4.004905091854718,After the historical event,Event not experienced
1.7800000000000002,1,0,0,Phenotypic variance,500,9.31434094411949,9.313216284853986,8.761356267854612,9.880013937741747,9.280156781099814,9.31434094411949,After the historical event,Event not experienced
1.7800000000000002,1,1,1,Additive genetic variance,500,4.558300376076038,4.554763060482252,3.194022845563053,5.849014866628876,4.520462723769875,4.558300376076038,After the historical event,Event experienced
1.7800000000000002,1,1,1,Nuclear-family environmental variance,500,2.2741813038359724,2.2542415816696604,1.7016465959917961,2.949092790951029,2.25,2.2741813038359724,After the historical event,Event experienced
1.7800000000000002,1,1,1,Nonshared environmental variance,500,4.000061733172263,3.983864924017427,3.4298719556568837,4.591661521227783,4,4.000061733172263,After the historical event,Event experienced
1.7800000000000002,1,1,1,Phenotypic variance,500,10.832543413084274,10.867011196941426,9.799335131994585,11.932303836183703,10.770462723769874,10.832543413084274,After the historical event,Event experienced
1.7999999999999998,0,0,0,Additive genetic variance,500,3.023455597731717,3.009283691529353,2.2698935608047766,3.785997634278583,2.9990463689561655,3.023455597731717,Before the historical event,Event not experienced
1.7999999999999998,0,0,0,Nuclear-family environmental variance,500,2.254996120339417,2.260382787341867,1.764992110355664,2.7997272841140464,2.25,2.254996120339417,Before the historical event,Event not experienced
1.7999999999999998,0,0,0,Nonshared environmental variance,500,4.005232237589555,3.9834288780860625,3.4046376077881506,4.612094823117147,4,4.005232237589555,Before the historical event,Event not experienced
1.7999999999999998,0,0,0,Phenotypic variance,500,9.283683955660688,9.27661110327754,8.7331606350381,9.85333250271959,9.249046368956165,9.283683955660688,Before the historical event,Event not experienced
1.7999999999999998,0,1,0,Additive genetic variance,500,3.023455597731717,3.009283691529353,2.2698935608047766,3.785997634278583,2.9990463689561655,3.023455597731717,Before the historical event,Event experienced
1.7999999999999998,0,1,0,Nuclear-family environmental variance,500,2.254996120339417,2.260382787341867,1.764992110355664,2.7997272841140464,2.25,2.254996120339417,Before the historical event,Event experienced
1.7999999999999998,0,1,0,Nonshared environmental variance,500,4.005232237589555,3.9834288780860625,3.4046376077881506,4.612094823117147,4,4.005232237589555,Before the historical event,Event experienced
1.7999999999999998,0,1,0,Phenotypic variance,500,9.283683955660688,9.27661110327754,8.7331606350381,9.85333250271959,9.249046368956165,9.283683955660688,Before the historical event,Event experienced
1.7999999999999998,1,0,0,Additive genetic variance,500,3.023455597731717,3.009283691529353,2.2698935608047766,3.785997634278583,2.9990463689561655,3.023455597731717,After the historical event,Event not experienced
1.7999999999999998,1,0,0,Nuclear-family environmental variance,500,2.254996120339417,2.260382787341867,1.764992110355664,2.7997272841140464,2.25,2.254996120339417,After the historical event,Event not experienced
1.7999999999999998,1,0,0,Nonshared environmental variance,500,4.005232237589555,3.9834288780860625,3.4046376077881506,4.612094823117147,4,4.005232237589555,After the historical event,Event not experienced
1.7999999999999998,1,0,0,Phenotypic variance,500,9.283683955660688,9.27661110327754,8.7331606350381,9.85333250271959,9.249046368956165,9.283683955660688,After the historical event,Event not experienced
1.7999999999999998,1,1,1,Additive genetic variance,500,4.5104281318895465,4.512288185600713,3.169718113237937,5.775414123587076,4.474051442580182,4.5104281318895465,After the historical event,Event experienced
1.7999999999999998,1,1,1,Nuclear-family environmental variance,500,2.2737639025916754,2.255336043746834,1.7037824571736826,2.9418410929193257,2.25,2.2737639025916754,After the historical event,Event experienced
1.7999999999999998,1,1,1,Nonshared environmental variance,500,4.000110122297005,3.9838970174248853,3.433095772751404,4.585908690066226,4,4.000110122297005,After the historical event,Event experienced
1.7999999999999998,1,1,1,Phenotypic variance,500,10.784302156778226,10.816584622570907,9.772876180297722,11.856089424342873,10.724051442580182,10.784302156778226,After the historical event,Event experienced
1.8200000000000003,0,0,0,Additive genetic variance,500,2.9922090017536287,2.974461403419892,2.244690694074709,3.754934274168451,2.9677804824165164,2.9922090017536287,Before the historical event,Event not experienced
1.8200000000000003,0,0,0,Nuclear-family environmental variance,500,2.255110279307213,2.261833654799491,1.7635815897736782,2.8058576907718566,2.25,2.255110279307213,Before the historical event,Event not experienced
1.8200000000000003,0,0,0,Nonshared environmental variance,500,4.005556741113075,3.983631076916955,3.402203423885166,4.615912217690623,4,4.005556741113075,Before the historical event,Event not experienced
1.8200000000000003,0,0,0,Phenotypic variance,500,9.252876022173918,9.2490713614479,8.705042000804305,9.826462653753193,9.217780482416517,9.252876022173918,Before the historical event,Event not experienced
1.8200000000000003,0,1,0,Additive genetic variance,500,2.9922090017536287,2.974461403419892,2.244690694074709,3.754934274168451,2.9677804824165164,2.9922090017536287,Before the historical event,Event experienced
1.8200000000000003,0,1,0,Nuclear-family environmental variance,500,2.255110279307213,2.261833654799491,1.7635815897736782,2.8058576907718566,2.25,2.255110279307213,Before the historical event,Event experienced
1.8200000000000003,0,1,0,Nonshared environmental variance,500,4.005556741113075,3.983631076916955,3.402203423885166,4.615912217690623,4,4.005556741113075,Before the historical event,Event experienced
1.8200000000000003,0,1,0,Phenotypic variance,500,9.252876022173918,9.2490713614479,8.705042000804305,9.826462653753193,9.217780482416517,9.252876022173918,Before the historical event,Event experienced
1.8200000000000003,1,0,0,Additive genetic variance,500,2.9922090017536287,2.974461403419892,2.244690694074709,3.754934274168451,2.9677804824165164,2.9922090017536287,After the historical event,Event not experienced
1.8200000000000003,1,0,0,Nuclear-family environmental variance,500,2.255110279307213,2.261833654799491,1.7635815897736782,2.8058576907718566,2.25,2.255110279307213,After the historical event,Event not experienced
1.8200000000000003,1,0,0,Nonshared environmental variance,500,4.005556741113075,3.983631076916955,3.402203423885166,4.615912217690623,4,4.005556741113075,After the historical event,Event not experienced
1.8200000000000003,1,0,0,Phenotypic variance,500,9.252876022173918,9.2490713614479,8.705042000804305,9.826462653753193,9.217780482416517,9.252876022173918,After the historical event,Event not experienced
1.8200000000000003,1,1,1,Additive genetic variance,500,4.462355130455714,4.467946371611263,3.1452514497423114,5.7107094891727375,4.427408220846682,4.462355130455714,After the historical event,Event experienced
1.8200000000000003,1,1,1,Nuclear-family environmental variance,500,2.2733454830780153,2.2564369831992135,1.7059402974163869,2.9342116477054283,2.25,2.2733454830780153,After the historical event,Event experienced
1.8200000000000003,1,1,1,Nonshared environmental variance,500,4.000155303738825,3.983690805805309,3.436328547666453,4.580143341524025,4,4.000155303738825,After the historical event,Event experienced
1.8200000000000003,1,1,1,Phenotypic variance,500,10.735855917272554,10.765577847927805,9.746201483228475,11.780146680313283,10.677408220846683,10.735855917272554,After the historical event,Event experienced
1.8399999999999999,0,0,0,Additive genetic variance,500,2.9608250363745943,2.939774588406591,2.217662320516969,3.72355975199977,2.9363706944790016,2.9608250363745943,Before the historical event,Event not experienced
1.8399999999999999,0,0,0,Nuclear-family environmental variance,500,2.2552250452095652,2.2601384232864072,1.76215609164934,2.8119850204168166,2.25,2.2552250452095652,Before the historical event,Event not experienced
1.8399999999999999,0,0,0,Nonshared environmental variance,500,4.00587861740813,3.982969304711302,3.3997940503784445,4.622358589600497,4,4.00587861740813,Before the historical event,Event not experienced
1.8399999999999999,0,0,0,Phenotypic variance,500,9.22192869899229,9.21690257039337,8.677010465134089,9.800940811670607,9.186370694479002,9.22192869899229,Before the historical event,Event not experienced
1.8399999999999999,0,1,0,Additive genetic variance,500,2.9608250363745943,2.939774588406591,2.217662320516969,3.72355975199977,2.9363706944790016,2.9608250363745943,Before the historical event,Event experienced
1.8399999999999999,0,1,0,Nuclear-family environmental variance,500,2.2552250452095652,2.2601384232864072,1.76215609164934,2.8119850204168166,2.25,2.2552250452095652,Before the historical event,Event experienced
1.8399999999999999,0,1,0,Nonshared environmental variance,500,4.00587861740813,3.982969304711302,3.3997940503784445,4.622358589600497,4,4.00587861740813,Before the historical event,Event experienced
1.8399999999999999,0,1,0,Phenotypic variance,500,9.22192869899229,9.21690257039337,8.677010465134089,9.800940811670607,9.186370694479002,9.22192869899229,Before the historical event,Event experienced
1.8399999999999999,1,0,0,Additive genetic variance,500,2.9608250363745943,2.939774588406591,2.217662320516969,3.72355975199977,2.9363706944790016,2.9608250363745943,After the historical event,Event not experienced
1.8399999999999999,1,0,0,Nuclear-family environmental variance,500,2.2552250452095652,2.2601384232864072,1.76215609164934,2.8119850204168166,2.25,2.2552250452095652,After the historical event,Event not experienced
1.8399999999999999,1,0,0,Nonshared environmental variance,500,4.00587861740813,3.982969304711302,3.3997940503784445,4.622358589600497,4,4.00587861740813,After the historical event,Event not experienced
1.8399999999999999,1,0,0,Phenotypic variance,500,9.22192869899229,9.21690257039337,8.677010465134089,9.800940811670607,9.186370694479002,9.22192869899229,After the historical event,Event not experienced
1.8399999999999999,1,1,1,Additive genetic variance,500,4.414098993624786,4.4208469651848095,3.117953893719435,5.637565280423555,4.380550323453823,4.414098993624786,After the historical event,Event experienced
1.8399999999999999,1,1,1,Nuclear-family environmental variance,500,2.272926089909795,2.257342383332623,1.7081202222194247,2.9261194331744704,2.25,2.272926089909795,After the historical event,Event experienced
1.8399999999999999,1,1,1,Nonshared environmental variance,500,4.000197292786598,3.983996648876147,3.439570298981001,4.574365540408529,4,4.000197292786598,After the historical event,Event experienced
1.8399999999999999,1,1,1,Phenotypic variance,500,10.687222376321179,10.71482937693554,9.720172790388641,11.705938186433986,10.630550323453823,10.687222376321179,After the historical event,Event experienced
1.8600000000000003,0,0,0,Additive genetic variance,500,2.929315140664843,2.9060469441853134,2.1903294387458834,3.6939517844715803,2.904828525281582,2.929315140664843,Before the historical event,Event not experienced
1.8600000000000003,0,0,0,Nuclear-family environmental variance,500,2.2553404602854203,2.2592129751737824,1.75989300340945,2.8168868277885437,2.25,2.2553404602854203,Before the historical event,Event not experienced
1.8600000000000003,0,0,0,Nonshared environmental variance,500,4.006197882025368,3.984559027322201,3.3974095072723145,4.628837422333758,4,4.006197882025368,Before the historical event,Event not experienced
1.8600000000000003,0,0,0,Phenotypic variance,500,9.190853482975632,9.182988465523273,8.649075969785757,9.776011091098471,9.154828525281582,9.190853482975632,Before the historical event,Event not experienced
1.8600000000000003,0,1,0,Additive genetic variance,500,2.929315140664843,2.9060469441853134,2.1903294387458834,3.6939517844715803,2.904828525281582,2.929315140664843,Before the historical event,Event experienced
1.8600000000000003,0,1,0,Nuclear-family environmental variance,500,2.2553404602854203,2.2592129751737824,1.75989300340945,2.8168868277885437,2.25,2.2553404602854203,Before the historical event,Event experienced
1.8600000000000003,0,1,0,Nonshared environmental variance,500,4.006197882025368,3.984559027322201,3.3974095072723145,4.628837422333758,4,4.006197882025368,Before the historical event,Event experienced
1.8600000000000003,0,1,0,Phenotypic variance,500,9.190853482975632,9.182988465523273,8.649075969785757,9.776011091098471,9.154828525281582,9.190853482975632,Before the historical event,Event experienced
1.8600000000000003,1,0,0,Additive genetic variance,500,2.929315140664843,2.9060469441853134,2.1903294387458834,3.6939517844715803,2.904828525281582,2.929315140664843,After the historical event,Event not experienced
1.8600000000000003,1,0,0,Nuclear-family environmental variance,500,2.2553404602854203,2.2592129751737824,1.75989300340945,2.8168868277885437,2.25,2.2553404602854203,After the historical event,Event not experienced
1.8600000000000003,1,0,0,Nonshared environmental variance,500,4.006197882025368,3.984559027322201,3.3974095072723145,4.628837422333758,4,4.006197882025368,After the historical event,Event not experienced
1.8600000000000003,1,0,0,Phenotypic variance,500,9.190853482975632,9.182988465523273,8.649075969785757,9.776011091098471,9.154828525281582,9.190853482975632,After the historical event,Event not experienced
1.8600000000000003,1,1,1,Additive genetic variance,500,4.365677234061254,4.3734891525090696,3.086477157777435,5.574467179132332,4.333494936427934,4.365677234061254,After the historical event,Event experienced
1.8600000000000003,1,1,1,Nuclear-family environmental variance,500,2.2725057687954138,2.2579667097617584,1.712408963395783,2.917997024997715,2.25,2.2725057687954138,After the historical event,Event experienced
1.8600000000000003,1,1,1,Nonshared environmental variance,500,4.00023610529512,3.9843896184699585,3.442821045336589,4.568575351646569,4,4.00023610529512,After the historical event,Event experienced
1.8600000000000003,1,1,1,Phenotypic variance,500,10.638419108151787,10.66423374060085,9.694250198092174,11.63403826450034,10.583494936427934,10.638419108151787,After the historical event,Event experienced
1.88,0,0,0,Additive genetic variance,500,2.8976906868014436,2.8763102311814084,2.1595947285518746,3.664197987112595,2.8731654353285574,2.8976906868014436,Before the historical event,Event not experienced
1.88,0,0,0,Nuclear-family environmental variance,500,2.2554565678987686,2.2581737812599396,1.754165079174377,2.8196437109387316,2.25,2.2554565678987686,Before the historical event,Event not experienced
1.88,0,0,0,Nonshared environmental variance,500,4.00651455108345,3.9858714923575347,3.3949059377260036,4.634477639374354,4,4.00651455108345,Before the historical event,Event not experienced
1.88,0,0,0,Phenotypic variance,500,9.159661805783664,9.151436989267925,8.6208765639036,9.74706151500813,9.123165435328557,9.159661805783664,Before the historical event,Event not experienced
1.88,0,1,0,Additive genetic variance,500,2.8976906868014436,2.8763102311814084,2.1595947285518746,3.664197987112595,2.8731654353285574,2.8976906868014436,Before the historical event,Event experienced
1.88,0,1,0,Nuclear-family environmental variance,500,2.2554565678987686,2.2581737812599396,1.754165079174377,2.8196437109387316,2.25,2.2554565678987686,Before the historical event,Event experienced
1.88,0,1,0,Nonshared environmental variance,500,4.00651455108345,3.9858714923575347,3.3949059377260036,4.634477639374354,4,4.00651455108345,Before the historical event,Event experienced
1.88,0,1,0,Phenotypic variance,500,9.159661805783664,9.151436989267925,8.6208765639036,9.74706151500813,9.123165435328557,9.159661805783664,Before the historical event,Event experienced
1.88,1,0,0,Additive genetic variance,500,2.8976906868014436,2.8763102311814084,2.1595947285518746,3.664197987112595,2.8731654353285574,2.8976906868014436,After the historical event,Event not experienced
1.88,1,0,0,Nuclear-family environmental variance,500,2.2554565678987686,2.2581737812599396,1.754165079174377,2.8196437109387316,2.25,2.2554565678987686,After the historical event,Event not experienced
1.88,1,0,0,Nonshared environmental variance,500,4.00651455108345,3.9858714923575347,3.3949059377260036,4.634477639374354,4,4.00651455108345,After the historical event,Event not experienced
1.88,1,0,0,Phenotypic variance,500,9.159661805783664,9.151436989267925,8.6208765639036,9.74706151500813,9.123165435328557,9.159661805783664,After the historical event,Event not experienced
1.88,1,1,1,Additive genetic variance,500,4.317107245041494,4.326748109578755,3.056222270016881,5.510405680031693,4.286259156832373,4.317107245041494,After the historical event,Event experienced
1.88,1,1,1,Nuclear-family environmental variance,500,2.2720845665359772,2.2585471950525973,1.7165725511904264,2.9098447010126596,2.25,2.2720845665359772,After the historical event,Event experienced
1.88,1,1,1,Nonshared environmental variance,500,4.000271757685138,3.9867402257167597,3.4460808054375107,4.562772840283005,4,4.000271757685138,After the historical event,Event experienced
1.88,1,1,1,Phenotypic variance,500,10.589463569262609,10.614728224258776,9.670839810828278,11.561930294861273,10.536259156832372,10.589463569262609,After the historical event,Event experienced
1.9000000000000004,0,0,0,Additive genetic variance,500,2.865962973471893,2.8436924640350667,2.126409201861756,3.634171736625321,2.841392818836708,2.865962973471893,Before the historical event,Event not experienced
1.9000000000000004,0,0,0,Nuclear-family environmental variance,500,2.2555734125398677,2.2572403921928332,1.748362238389247,2.8243747606547913,2.25,2.2555734125398677,Before the historical event,Event not experienced
1.9000000000000004,0,0,0,Nonshared environmental variance,500,4.006828641269264,3.9852711778248997,3.3925122840184914,4.63886298796255,4,4.006828641269264,Before the historical event,Event not experienced
1.9000000000000004,0,0,0,Phenotypic variance,500,9.128365027281024,9.118630147988426,8.588744402020225,9.720460266436355,9.091392818836708,9.128365027281024,Before the historical event,Event not experienced
1.9000000000000004,0,1,0,Additive genetic variance,500,2.865962973471893,2.8436924640350667,2.126409201861756,3.634171736625321,2.841392818836708,2.865962973471893,Before the historical event,Event experienced
1.9000000000000004,0,1,0,Nuclear-family environmental variance,500,2.2555734125398677,2.2572403921928332,1.748362238389247,2.8243747606547913,2.25,2.2555734125398677,Before the historical event,Event experienced
1.9000000000000004,0,1,0,Nonshared environmental variance,500,4.006828641269264,3.9852711778248997,3.3925122840184914,4.63886298796255,4,4.006828641269264,Before the historical event,Event experienced
1.9000000000000004,0,1,0,Phenotypic variance,500,9.128365027281024,9.118630147988426,8.588744402020225,9.720460266436355,9.091392818836708,9.128365027281024,Before the historical event,Event experienced
1.9000000000000004,1,0,0,Additive genetic variance,500,2.865962973471893,2.8436924640350667,2.126409201861756,3.634171736625321,2.841392818836708,2.865962973471893,After the historical event,Event not experienced
1.9000000000000004,1,0,0,Nuclear-family environmental variance,500,2.2555734125398677,2.2572403921928332,1.748362238389247,2.8243747606547913,2.25,2.2555734125398677,After the historical event,Event not experienced
1.9000000000000004,1,0,0,Nonshared environmental variance,500,4.006828641269264,3.9852711778248997,3.3925122840184914,4.63886298796255,4,4.006828641269264,After the historical event,Event not experienced
1.9000000000000004,1,0,0,Phenotypic variance,500,9.128365027281024,9.118630147988426,8.588744402020225,9.720460266436355,9.091392818836708,9.128365027281024,After the historical event,Event not experienced
1.9000000000000004,1,1,1,Additive genetic variance,500,4.268406290469678,4.2842701640615415,3.0258382928340684,5.438918254871193,4.238859982841149,4.268406290469678,After the historical event,Event experienced
1.9000000000000004,1,1,1,Nuclear-family environmental variance,500,2.271662531024383,2.258824278897672,1.7207682417415486,2.9016627436249163,2.25,2.271662531024383,After the historical event,Event experienced
1.9000000000000004,1,1,1,Nonshared environmental variance,500,4.000304266943357,3.9891554993180107,3.4493692889383283,4.556958071479268,4,4.000304266943357,After the historical event,Event experienced
1.9000000000000004,1,1,1,Phenotypic variance,500,10.540373088437418,10.562845259104003,9.642422964446062,11.489648113731617,10.488859982841149,10.540373088437418,After the historical event,Event experienced
1.92,0,0,0,Additive genetic variance,500,2.8341432194146243,2.8090926536550778,2.0933638509413104,3.605452752549286,2.809521997206206,2.8341432194146243,Before the historical event,Event not experienced
1.92,0,0,0,Nuclear-family environmental variance,500,2.255691039826448,2.2549682626755763,1.7425149889364362,2.829902060706167,2.25,2.255691039826448,Before the historical event,Event not experienced
1.92,0,0,0,Nonshared environmental variance,500,4.007140169838113,3.985170465274335,3.3921361400451526,4.640748847341626,4,4.007140169838113,Before the historical event,Event not experienced
1.92,0,0,0,Phenotypic variance,500,9.096974429079186,9.087721638497268,8.552718992827003,9.694215811230684,9.059521997206206,9.096974429079186,Before the historical event,Event not experienced
1.92,0,1,0,Additive genetic variance,500,2.8341432194146243,2.8090926536550778,2.0933638509413104,3.605452752549286,2.809521997206206,2.8341432194146243,Before the historical event,Event experienced
1.92,0,1,0,Nuclear-family environmental variance,500,2.255691039826448,2.2549682626755763,1.7425149889364362,2.829902060706167,2.25,2.255691039826448,Before the historical event,Event experienced
1.92,0,1,0,Nonshared environmental variance,500,4.007140169838113,3.985170465274335,3.3921361400451526,4.640748847341626,4,4.007140169838113,Before the historical event,Event experienced
1.92,0,1,0,Phenotypic variance,500,9.096974429079186,9.087721638497268,8.552718992827003,9.694215811230684,9.059521997206206,9.096974429079186,Before the historical event,Event experienced
1.92,1,0,0,Additive genetic variance,500,2.8341432194146243,2.8090926536550778,2.0933638509413104,3.605452752549286,2.809521997206206,2.8341432194146243,After the historical event,Event not experienced
1.92,1,0,0,Nuclear-family environmental variance,500,2.255691039826448,2.2549682626755763,1.7425149889364362,2.829902060706167,2.25,2.255691039826448,After the historical event,Event not experienced
1.92,1,0,0,Nonshared environmental variance,500,4.007140169838113,3.985170465274335,3.3921361400451526,4.640748847341626,4,4.007140169838113,After the historical event,Event not experienced
1.92,1,0,0,Phenotypic variance,500,9.096974429079186,9.087721638497268,8.552718992827003,9.694215811230684,9.059521997206206,9.096974429079186,After the historical event,Event not experienced
1.92,1,1,1,Additive genetic variance,500,4.219591495119402,4.236575228536799,2.995335635252127,5.362916784883404,4.191314303998646,4.219591495119402,After the historical event,Event experienced
1.92,1,1,1,Nuclear-family environmental variance,500,2.2712397112443705,2.2578181491963463,1.7248990294827093,2.893512204563827,2.25,2.2712397112443705,After the historical event,Event experienced
1.92,1,1,1,Nonshared environmental variance,500,4.0003336506224505,3.989607517818498,3.4530678616588792,4.551131110511907,4,4.0003336506224505,After the historical event,Event experienced
1.92,1,1,1,Phenotypic variance,500,10.491164856986222,10.513714282395537,9.617152474389988,11.417819080908929,10.441314303998645,10.491164856986222,After the historical event,Event experienced
1.9400000000000004,0,0,0,Additive genetic variance,500,2.802242557101134,2.775431649543968,2.0626716353315535,3.5780193129139852,2.777564212621092,2.802242557101134,Before the historical event,Event not experienced
1.9400000000000004,0,0,0,Nuclear-family environmental variance,500,2.255809496504904,2.254309281100934,1.7388929561624178,2.8354367096121473,2.25,2.255809496504904,Before the historical event,Event not experienced
1.9400000000000004,0,0,0,Nonshared environmental variance,500,4.007449154613923,3.985995164421289,3.391799344770388,4.646430962642119,4,4.007449154613923,Before the historical event,Event not experienced
1.9400000000000004,0,0,0,Phenotypic variance,500,9.065501208219962,9.050605977941345,8.520581809171567,9.667751886808839,9.027564212621092,9.065501208219962,Before the historical event,Event not experienced
1.9400000000000004,0,1,0,Additive genetic variance,500,2.802242557101134,2.775431649543968,2.0626716353315535,3.5780193129139852,2.777564212621092,2.802242557101134,Before the historical event,Event experienced
1.9400000000000004,0,1,0,Nuclear-family environmental variance,500,2.255809496504904,2.254309281100934,1.7388929561624178,2.8354367096121473,2.25,2.255809496504904,Before the historical event,Event experienced
1.9400000000000004,0,1,0,Nonshared environmental variance,500,4.007449154613923,3.985995164421289,3.391799344770388,4.646430962642119,4,4.007449154613923,Before the historical event,Event experienced
1.9400000000000004,0,1,0,Phenotypic variance,500,9.065501208219962,9.050605977941345,8.520581809171567,9.667751886808839,9.027564212621092,9.065501208219962,Before the historical event,Event experienced
1.9400000000000004,1,0,0,Additive genetic variance,500,2.802242557101134,2.775431649543968,2.0626716353315535,3.5780193129139852,2.777564212621092,2.802242557101134,After the historical event,Event not experienced
1.9400000000000004,1,0,0,Nuclear-family environmental variance,500,2.255809496504904,2.254309281100934,1.7388929561624178,2.8354367096121473,2.25,2.255809496504904,After the historical event,Event not experienced
1.9400000000000004,1,0,0,Nonshared environmental variance,500,4.007449154613923,3.985995164421289,3.391799344770388,4.646430962642119,4,4.007449154613923,After the historical event,Event not experienced
1.9400000000000004,1,0,0,Phenotypic variance,500,9.065501208219962,9.050605977941345,8.520581809171567,9.667751886808839,9.027564212621092,9.065501208219962,After the historical event,Event not experienced
1.9400000000000004,1,1,1,Additive genetic variance,500,4.170679835107986,4.186757269382813,2.9647246395947047,5.290800856077065,4.143638891672674,4.170679835107986,After the historical event,Event experienced
1.9400000000000004,1,1,1,Nuclear-family environmental variance,500,2.2708161572695427,2.2563114334004926,1.728589224349993,2.885941919556743,2.25,2.2708161572695427,After the historical event,Event experienced
1.9400000000000004,1,1,1,Nonshared environmental variance,500,4.000359926841063,3.9902140770119274,3.4561328261607285,4.54529202277113,4,4.000359926841063,After the historical event,Event experienced
1.9400000000000004,1,1,1,Phenotypic variance,500,10.441855919218591,10.463630323154046,9.591583734657437,11.348684676238811,10.393638891672673,10.441855919218591,After the historical event,Event experienced
1.96,0,0,0,Additive genetic variance,500,2.7702720265643204,2.7467940909985975,2.035694371969692,3.5502912738235914,2.74553062178407,2.7702720265643204,Before the historical event,Event not experienced
1.96,0,0,0,Nuclear-family environmental variance,500,2.2559288304514675,2.2554117615663736,1.7354836092830739,2.841270005379214,2.25,2.2559288304514675,Before the historical event,Event not experienced
1.96,0,0,0,Nonshared environmental variance,500,4.00775561398942,3.984546121027428,3.3915018920496465,4.652282981480952,4,4.00775561398942,Before the historical event,Event not experienced
1.96,0,0,0,Phenotypic variance,500,9.033956471005208,9.016327311265467,8.487264377731947,9.641078549345394,8.99553062178407,9.033956471005208,Before the historical event,Event not experienced
1.96,0,1,0,Additive genetic variance,500,2.7702720265643204,2.7467940909985975,2.035694371969692,3.5502912738235914,2.74553062178407,2.7702720265643204,Before the historical event,Event experienced
1.96,0,1,0,Nuclear-family environmental variance,500,2.2559288304514675,2.2554117615663736,1.7354836092830739,2.841270005379214,2.25,2.2559288304514675,Before the historical event,Event experienced
1.96,0,1,0,Nonshared environmental variance,500,4.00775561398942,3.984546121027428,3.3915018920496465,4.652282981480952,4,4.00775561398942,Before the historical event,Event experienced
1.96,0,1,0,Phenotypic variance,500,9.033956471005208,9.016327311265467,8.487264377731947,9.641078549345394,8.99553062178407,9.033956471005208,Before the historical event,Event experienced
1.96,1,0,0,Additive genetic variance,500,2.7702720265643204,2.7467940909985975,2.035694371969692,3.5502912738235914,2.74553062178407,2.7702720265643204,After the historical event,Event not experienced
1.96,1,0,0,Nuclear-family environmental variance,500,2.2559288304514675,2.2554117615663736,1.7354836092830739,2.841270005379214,2.25,2.2559288304514675,After the historical event,Event not experienced
1.96,1,0,0,Nonshared environmental variance,500,4.00775561398942,3.984546121027428,3.3915018920496465,4.652282981480952,4,4.00775561398942,After the historical event,Event not experienced
1.96,1,0,0,Phenotypic variance,500,9.033956471005208,9.016327311265467,8.487264377731947,9.641078549345394,8.99553062178407,9.033956471005208,After the historical event,Event not experienced
1.96,1,1,1,Additive genetic variance,500,4.121688128610166,4.136258696122744,2.9334515027730994,5.223024556558817,4.095850389707868,4.121688128610166,After the historical event,Event experienced
1.96,1,1,1,Nuclear-family environmental variance,500,2.2703919202623633,2.2563539698999997,1.731673756667384,2.879678687338094,2.25,2.2703919202623633,After the historical event,Event experienced
1.96,1,1,1,Nonshared environmental variance,500,4.000383114283799,3.9919383524150187,3.459159064458193,4.53944087375934,4,4.000383114283799,After the historical event,Event experienced
1.96,1,1,1,Phenotypic variance,500,10.392463163156329,10.417072309684063,9.56572672573486,11.284939805702752,10.345850389707868,10.392463163156329,After the historical event,Event experienced
1.9800000000000004,0,0,0,Additive genetic variance,500,2.7382425693773107,2.715765108320099,2.0026992251537132,3.5222787367174844,2.7134322897900174,2.7382425693773107,Before the historical event,Event not experienced
1.9800000000000004,0,0,0,Nuclear-family environmental variance,500,2.2560490906733643,2.255341574546912,1.7345249614484415,2.8471091354977798,2.25,2.2560490906733643,Before the historical event,Event not experienced
1.9800000000000004,0,0,0,Nonshared environmental variance,500,4.008059566926321,3.9830672355465353,3.3912437772325075,4.657784908870287,4,4.008059566926321,Before the historical event,Event not experienced
1.9800000000000004,0,0,0,Phenotypic variance,500,9.002351226976996,8.989372886677556,8.45057004342457,9.614536882157456,8.963432289790017,9.002351226976996,Before the historical event,Event not experienced
1.9800000000000004,0,1,0,Additive genetic variance,500,2.7382425693773107,2.715765108320099,2.0026992251537132,3.5222787367174844,2.7134322897900174,2.7382425693773107,Before the historical event,Event experienced
1.9800000000000004,0,1,0,Nuclear-family environmental variance,500,2.2560490906733643,2.255341574546912,1.7345249614484415,2.8471091354977798,2.25,2.2560490906733643,Before the historical event,Event experienced
1.9800000000000004,0,1,0,Nonshared environmental variance,500,4.008059566926321,3.9830672355465353,3.3912437772325075,4.657784908870287,4,4.008059566926321,Before the historical event,Event experienced
1.9800000000000004,0,1,0,Phenotypic variance,500,9.002351226976996,8.989372886677556,8.45057004342457,9.614536882157456,8.963432289790017,9.002351226976996,Before the historical event,Event experienced
1.9800000000000004,1,0,0,Additive genetic variance,500,2.7382425693773107,2.715765108320099,2.0026992251537132,3.5222787367174844,2.7134322897900174,2.7382425693773107,After the historical event,Event not experienced
1.9800000000000004,1,0,0,Nuclear-family environmental variance,500,2.2560490906733643,2.255341574546912,1.7345249614484415,2.8471091354977798,2.25,2.2560490906733643,After the historical event,Event not experienced
1.9800000000000004,1,0,0,Nonshared environmental variance,500,4.008059566926321,3.9830672355465353,3.3912437772325075,4.657784908870287,4,4.008059566926321,After the historical event,Event not experienced
1.9800000000000004,1,0,0,Phenotypic variance,500,9.002351226976996,8.989372886677556,8.45057004342457,9.614536882157456,8.963432289790017,9.002351226976996,After the historical event,Event not experienced
1.9800000000000004,1,1,1,Additive genetic variance,500,4.072633026817386,4.090566928856746,2.9033581461586646,5.153767877692784,4.047965305286052,4.072633026817386,After the historical event,Event experienced
1.9800000000000004,1,1,1,Nuclear-family environmental variance,500,2.2699670524731226,2.256915723955806,1.7347893947884185,2.8730428513138877,2.25,2.2699670524731226,After the historical event,Event experienced
1.9800000000000004,1,1,1,Nonshared environmental variance,500,4.000403232201205,3.992382858557084,3.462374464071866,4.533577729089682,4,4.000403232201205,After the historical event,Event experienced
1.9800000000000004,1,1,1,Phenotypic variance,500,10.343003311491714,10.364003455024234,9.543696453275071,11.221662002925468,10.297965305286052,10.343003311491714,After the historical event,Event experienced
2,0,0,0,Additive genetic variance,500,2.706165022786894,2.6835202596950785,1.9688532328396326,3.4937302434762465,2.6812801841425573,2.706165022786894,Before the historical event,Event not experienced
2,0,0,0,Nuclear-family environmental variance,500,2.2561703273099556,2.2548078544842385,1.7336263654461068,2.8529540972715877,2.25,2.2561703273099556,Before the historical event,Event not experienced
2,0,0,0,Nonshared environmental variance,500,4.008361032955503,3.9877026418593498,3.3910249971626962,4.660905022395722,4,4.008361032955503,Before the historical event,Event not experienced
2,0,0,0,Phenotypic variance,500,8.970696383052353,8.956589776660655,8.413833445482704,9.590520757421803,8.931280184142558,8.970696383052353,Before the historical event,Event not experienced
2,0,1,0,Additive genetic variance,500,2.706165022786894,2.6835202596950785,1.9688532328396326,3.4937302434762465,2.6812801841425573,2.706165022786894,Before the historical event,Event experienced
2,0,1,0,Nuclear-family environmental variance,500,2.2561703273099556,2.2548078544842385,1.7336263654461068,2.8529540972715877,2.25,2.2561703273099556,Before the historical event,Event experienced
2,0,1,0,Nonshared environmental variance,500,4.008361032955503,3.9877026418593498,3.3910249971626962,4.660905022395722,4,4.008361032955503,Before the historical event,Event experienced
2,0,1,0,Phenotypic variance,500,8.970696383052353,8.956589776660655,8.413833445482704,9.590520757421803,8.931280184142558,8.970696383052353,Before the historical event,Event experienced
2,1,0,0,Additive genetic variance,500,2.706165022786894,2.6835202596950785,1.9688532328396326,3.4937302434762465,2.6812801841425573,2.706165022786894,After the historical event,Event not experienced
2,1,0,0,Nuclear-family environmental variance,500,2.2561703273099556,2.2548078544842385,1.7336263654461068,2.8529540972715877,2.25,2.2561703273099556,After the historical event,Event not experienced
2,1,0,0,Nonshared environmental variance,500,4.008361032955503,3.9877026418593498,3.3910249971626962,4.660905022395722,4,4.008361032955503,After the historical event,Event not experienced
2,1,0,0,Phenotypic variance,500,8.970696383052353,8.956589776660655,8.413833445482704,9.590520757421803,8.931280184142558,8.970696383052353,After the historical event,Event not experienced
2,1,1,1,Additive genetic variance,500,4.0235310051487065,4.039099757331748,2.8791307508373,5.0939527829694224,4.000000000000001,4.0235310051487065,After the historical event,Event experienced
2,1,1,1,Nuclear-family environmental variance,500,2.269541607238875,2.2572837953206886,1.7379362944719459,2.865783513970742,2.25,2.269541607238875,After the historical event,Event experienced
2,1,1,1,Nonshared environmental variance,500,4.000420300409754,3.9919935603712116,3.4655989511594862,4.528748695693356,4,4.000420300409754,After the historical event,Event experienced
2,1,1,1,Phenotypic variance,500,10.293492912797337,10.31168662358463,9.516177177943902,11.158443850233677,10.25,10.293492912797337,After the historical event,Event experienced
2.0200000000000005,0,0,0,Additive genetic variance,500,2.6740501140053823,2.650142149828496,1.9350339566922758,3.4636777563777206,2.649085168917676,2.6740501140053823,Before the historical event,Event not experienced
2.0200000000000005,0,0,0,Nuclear-family environmental variance,500,2.2562925916338648,2.254318001306194,1.7306472293745496,2.8576168768262455,2.25,2.2562925916338648,Before the historical event,Event not experienced
2.0200000000000005,0,0,0,Nonshared environmental variance,500,4.008660032177177,3.990447423066551,3.3908455501781933,4.664020023758885,4,4.008660032177177,Before the historical event,Event not experienced
2.0200000000000005,0,0,0,Phenotypic variance,500,8.939002737816425,8.923715707835084,8.377066751076898,9.566374879224561,8.899085168917676,8.939002737816425,Before the historical event,Event not experienced
2.0200000000000005,0,1,0,Additive genetic variance,500,2.6740501140053823,2.650142149828496,1.9350339566922758,3.4636777563777206,2.649085168917676,2.6740501140053823,Before the historical event,Event experienced
2.0200000000000005,0,1,0,Nuclear-family environmental variance,500,2.2562925916338648,2.254318001306194,1.7306472293745496,2.8576168768262455,2.25,2.2562925916338648,Before the historical event,Event experienced
2.0200000000000005,0,1,0,Nonshared environmental variance,500,4.008660032177177,3.990447423066551,3.3908455501781933,4.664020023758885,4,4.008660032177177,Before the historical event,Event experienced
2.0200000000000005,0,1,0,Phenotypic variance,500,8.939002737816425,8.923715707835084,8.377066751076898,9.566374879224561,8.899085168917676,8.939002737816425,Before the historical event,Event experienced
2.0200000000000005,1,0,0,Additive genetic variance,500,2.6740501140053823,2.650142149828496,1.9350339566922758,3.4636777563777206,2.649085168917676,2.6740501140053823,After the historical event,Event not experienced
2.0200000000000005,1,0,0,Nuclear-family environmental variance,500,2.2562925916338648,2.254318001306194,1.7306472293745496,2.8576168768262455,2.25,2.2562925916338648,After the historical event,Event not experienced
2.0200000000000005,1,0,0,Nonshared environmental variance,500,4.008660032177177,3.990447423066551,3.3908455501781933,4.664020023758885,4,4.008660032177177,After the historical event,Event not experienced
2.0200000000000005,1,0,0,Phenotypic variance,500,8.939002737816425,8.923715707835084,8.377066751076898,9.566374879224561,8.899085168917676,8.939002737816425,After the historical event,Event not experienced
2.0200000000000005,1,1,1,Additive genetic variance,500,3.97439835471877,3.98759019115901,2.854761014144324,5.033940956711348,3.9519706811465856,3.97439835471877,After the historical event,Event experienced
2.0200000000000005,1,1,1,Nuclear-family environmental variance,500,2.2691156389823557,2.257870184396036,1.741114613322118,2.8580626695538216,2.25,2.2691156389823557,After the historical event,Event experienced
2.0200000000000005,1,1,1,Nonshared environmental variance,500,4.00043433929181,3.9925001292015487,3.4688325445401276,4.52447126617025,4,4.00043433929181,After the historical event,Event experienced
2.0200000000000005,1,1,1,Phenotypic variance,500,10.243948332992936,10.2609102641857,9.479907953266125,11.09516803326635,10.201970681146586,10.243948332992936,After the historical event,Event experienced
2.04,0,0,0,Additive genetic variance,500,2.64190845466455,2.621647988876285,1.9049798091917969,3.43663574309611,2.616857999078307,2.64190845466455,Before the historical event,Event not experienced
2.04,0,0,0,Nuclear-family environmental variance,500,2.2564159360520906,2.2553452226436423,1.7274466937211566,2.8583472043586546,2.25,2.2564159360520906,Before the historical event,Event not experienced
2.04,0,0,0,Nonshared environmental variance,500,4.00895658526105,3.991496241364155,3.390705436111455,4.667129913077151,4,4.00895658526105,Before the historical event,Event not experienced
2.04,0,0,0,Phenotypic variance,500,8.90728097597769,8.894854904005742,8.345123163261588,9.542047494082073,8.866857999078308,8.90728097597769,Before the historical event,Event not experienced
2.04,0,1,0,Additive genetic variance,500,2.64190845466455,2.621647988876285,1.9049798091917969,3.43663574309611,2.616857999078307,2.64190845466455,Before the historical event,Event experienced
2.04,0,1,0,Nuclear-family environmental variance,500,2.2564159360520906,2.2553452226436423,1.7274466937211566,2.8583472043586546,2.25,2.2564159360520906,Before the historical event,Event experienced
2.04,0,1,0,Nonshared environmental variance,500,4.00895658526105,3.991496241364155,3.390705436111455,4.667129913077151,4,4.00895658526105,Before the historical event,Event experienced
2.04,0,1,0,Phenotypic variance,500,8.90728097597769,8.894854904005742,8.345123163261588,9.542047494082073,8.866857999078308,8.90728097597769,Before the historical event,Event experienced
2.04,1,0,0,Additive genetic variance,500,2.64190845466455,2.621647988876285,1.9049798091917969,3.43663574309611,2.616857999078307,2.64190845466455,After the historical event,Event not experienced
2.04,1,0,0,Nuclear-family environmental variance,500,2.2564159360520906,2.2553452226436423,1.7274466937211566,2.8583472043586546,2.25,2.2564159360520906,After the historical event,Event not experienced
2.04,1,0,0,Nonshared environmental variance,500,4.00895658526105,3.991496241364155,3.390705436111455,4.667129913077151,4,4.00895658526105,After the historical event,Event not experienced
2.04,1,0,0,Phenotypic variance,500,8.90728097597769,8.894854904005742,8.345123163261588,9.542047494082073,8.866857999078308,8.90728097597769,After the historical event,Event not experienced
2.04,1,1,1,Additive genetic variance,500,3.9252511740680966,3.9360565274012784,2.8302559983868214,4.971042003142054,3.903893393245135,3.9252511740680966,After the historical event,Event experienced
2.04,1,1,1,Nuclear-family environmental variance,500,2.2686892032108656,2.2580186616066644,1.7443245108029033,2.8501467468963337,2.25,2.2686892032108656,After the historical event,Event experienced
2.04,1,1,1,Nonshared environmental variance,500,4.00044536979559,3.9924618495235746,3.472075263097074,4.52015764731834,4,4.00044536979559,After the historical event,Event experienced
2.04,1,1,1,Phenotypic variance,500,10.194385747074552,10.213904944564051,9.44417723894364,11.031858270285012,10.153893393245134,10.194385747074552,After the historical event,Event experienced
2.0600000000000005,0,0,0,Additive genetic variance,500,2.6097505354350035,2.5946450538930907,1.875869679234445,3.4076222362709214,2.5846093149434513,2.6097505354350035,Before the historical event,Event not experienced
2.0600000000000005,0,0,0,Nuclear-family environmental variance,500,2.256540414107104,2.2555353911853286,1.7242628782855773,2.8607464513319294,2.25,2.256540414107104,Before the historical event,Event not experienced
2.0600000000000005,0,0,0,Nonshared environmental variance,500,4.009250713446481,3.9917552808805556,3.3906046562897343,4.67029477668984,4,4.009250713446481,Before the historical event,Event not experienced
2.0600000000000005,0,0,0,Phenotypic variance,500,8.875541662988589,8.862397379906794,8.314917363258628,9.516601143856398,8.834609314943451,8.875541662988589,Before the historical event,Event not experienced
2.0600000000000005,0,1,0,Additive genetic variance,500,2.6097505354350035,2.5946450538930907,1.875869679234445,3.4076222362709214,2.5846093149434513,2.6097505354350035,Before the historical event,Event experienced
2.0600000000000005,0,1,0,Nuclear-family environmental variance,500,2.256540414107104,2.2555353911853286,1.7242628782855773,2.8607464513319294,2.25,2.256540414107104,Before the historical event,Event experienced
2.0600000000000005,0,1,0,Nonshared environmental variance,500,4.009250713446481,3.9917552808805556,3.3906046562897343,4.67029477668984,4,4.009250713446481,Before the historical event,Event experienced
2.0600000000000005,0,1,0,Phenotypic variance,500,8.875541662988589,8.862397379906794,8.314917363258628,9.516601143856398,8.834609314943451,8.875541662988589,Before the historical event,Event experienced
2.0600000000000005,1,0,0,Additive genetic variance,500,2.6097505354350035,2.5946450538930907,1.875869679234445,3.4076222362709214,2.5846093149434513,2.6097505354350035,After the historical event,Event not experienced
2.0600000000000005,1,0,0,Nuclear-family environmental variance,500,2.256540414107104,2.2555353911853286,1.7242628782855773,2.8607464513319294,2.25,2.256540414107104,After the historical event,Event not experienced
2.0600000000000005,1,0,0,Nonshared environmental variance,500,4.009250713446481,3.9917552808805556,3.3906046562897343,4.67029477668984,4,4.009250713446481,After the historical event,Event not experienced
2.0600000000000005,1,0,0,Phenotypic variance,500,8.875541662988589,8.862397379906794,8.314917363258628,9.516601143856398,8.834609314943451,8.875541662988589,After the historical event,Event not experienced
2.0600000000000005,1,1,1,Additive genetic variance,500,3.876105361160419,3.886708354147082,2.805622754410715,4.907324728598377,3.8557840097863245,3.876105361160419,After the historical event,Event experienced
2.0600000000000005,1,1,1,Nuclear-family environmental variance,500,2.2682623565151365,2.257373182208812,1.7475661482528058,2.842168886021489,2.25,2.2682623565151365,After the historical event,Event experienced
2.0600000000000005,1,1,1,Nonshared environmental variance,500,4.000453413435123,3.9919383402458997,3.47532712577801,4.515807922824508,4,4.000453413435123,After the historical event,Event experienced
2.0600000000000005,1,1,1,Phenotypic variance,500,10.144821131110678,10.159698736111054,9.406759976564407,10.968537980309934,10.105784009786325,10.144821131110678,After the historical event,Event experienced
2.08,0,0,0,Additive genetic variance,500,2.577586720814163,2.566153573328802,1.8476552119673681,3.3785463921264394,2.5523496368153222,2.577586720814163,Before the historical event,Event not experienced
2.08,0,0,0,Nuclear-family environmental variance,500,2.2566660804779355,2.2550838851649173,1.7210957619142908,2.863181319748777,2.25,2.2566660804779355,Before the historical event,Event not experienced
2.08,0,0,0,Nonshared environmental variance,500,4.009542438542638,3.9916057778709844,3.3905432135354925,4.675325025029855,4,4.009542438542638,Before the historical event,Event not experienced
2.08,0,0,0,Phenotypic variance,500,8.843795239834737,8.829206809478526,8.285152347387017,9.497020860082277,8.802349636815322,8.843795239834737,Before the historical event,Event not experienced
2.08,0,1,0,Additive genetic variance,500,2.577586720814163,2.566153573328802,1.8476552119673681,3.3785463921264394,2.5523496368153222,2.577586720814163,Before the historical event,Event experienced
2.08,0,1,0,Nuclear-family environmental variance,500,2.2566660804779355,2.2550838851649173,1.7210957619142908,2.863181319748777,2.25,2.2566660804779355,Before the historical event,Event experienced
2.08,0,1,0,Nonshared environmental variance,500,4.009542438542638,3.9916057778709844,3.3905432135354925,4.675325025029855,4,4.009542438542638,Before the historical event,Event experienced
2.08,0,1,0,Phenotypic variance,500,8.843795239834737,8.829206809478526,8.285152347387017,9.497020860082277,8.802349636815322,8.843795239834737,Before the historical event,Event experienced
2.08,1,0,0,Additive genetic variance,500,2.577586720814163,2.566153573328802,1.8476552119673681,3.3785463921264394,2.5523496368153222,2.577586720814163,After the historical event,Event not experienced
2.08,1,0,0,Nuclear-family environmental variance,500,2.2566660804779355,2.2550838851649173,1.7210957619142908,2.863181319748777,2.25,2.2566660804779355,After the historical event,Event not experienced
2.08,1,0,0,Nonshared environmental variance,500,4.009542438542638,3.9916057778709844,3.3905432135354925,4.675325025029855,4,4.009542438542638,After the historical event,Event not experienced
2.08,1,0,0,Phenotypic variance,500,8.843795239834737,8.829206809478526,8.285152347387017,9.497020860082277,8.802349636815322,8.843795239834737,After the historical event,Event not experienced
2.08,1,1,1,Additive genetic variance,500,3.8269766056515406,3.8407160910573657,2.7750170786103743,4.843618232767365,3.8076582252168243,3.8269766056515406,After the historical event,Event experienced
2.08,1,1,1,Nuclear-family environmental variance,500,2.2678351565681685,2.2562411284337505,1.7508396888997748,2.838414613091908,2.25,2.2678351565681685,After the historical event,Event experienced
2.08,1,1,1,Nonshared environmental variance,500,4.000458492290196,3.992917617129703,3.4785881515952024,4.51142217782598,4,4.000458492290196,After the historical event,Event experienced
2.08,1,1,1,Phenotypic variance,500,10.095270254509906,10.105258486736727,9.370759129270272,10.893696448279783,10.057658225216825,10.095270254509906,After the historical event,Event experienced
2.1000000000000005,0,0,0,Additive genetic variance,500,2.5454272440857206,2.532272456077461,1.8212859840918099,3.3492430987213435,2.520089359767648,2.5454272440857206,Before the historical event,Event not experienced
2.1000000000000005,0,0,0,Nuclear-family environmental variance,500,2.2567929909812485,2.254045611761973,1.7181939715296344,2.8659855242813252,2.25,2.2567929909812485,Before the historical event,Event not experienced
2.1000000000000005,0,0,0,Nonshared environmental variance,500,4.009831782928638,3.9907963606372423,3.3905211121669314,4.681493299364922,4,4.009831782928638,Before the historical event,Event not experienced
2.1000000000000005,0,0,0,Phenotypic variance,500,8.812052017995608,8.799215381124473,8.25281785538219,9.470983053193947,8.770089359767649,8.812052017995608,Before the historical event,Event not experienced
2.1000000000000005,0,1,0,Additive genetic variance,500,2.5454272440857206,2.532272456077461,1.8212859840918099,3.3492430987213435,2.520089359767648,2.5454272440857206,Before the historical event,Event experienced
2.1000000000000005,0,1,0,Nuclear-family environmental variance,500,2.2567929909812485,2.254045611761973,1.7181939715296344,2.8659855242813252,2.25,2.2567929909812485,Before the historical event,Event experienced
2.1000000000000005,0,1,0,Nonshared environmental variance,500,4.009831782928638,3.9907963606372423,3.3905211121669314,4.681493299364922,4,4.009831782928638,Before the historical event,Event experienced
2.1000000000000005,0,1,0,Phenotypic variance,500,8.812052017995608,8.799215381124473,8.25281785538219,9.470983053193947,8.770089359767649,8.812052017995608,Before the historical event,Event experienced
2.1000000000000005,1,0,0,Additive genetic variance,500,2.5454272440857206,2.532272456077461,1.8212859840918099,3.3492430987213435,2.520089359767648,2.5454272440857206,After the historical event,Event not experienced
2.1000000000000005,1,0,0,Nuclear-family environmental variance,500,2.2567929909812485,2.254045611761973,1.7181939715296344,2.8659855242813252,2.25,2.2567929909812485,After the historical event,Event not experienced
2.1000000000000005,1,0,0,Nonshared environmental variance,500,4.009831782928638,3.9907963606372423,3.3905211121669314,4.681493299364922,4,4.009831782928638,After the historical event,Event not experienced
2.1000000000000005,1,0,0,Phenotypic variance,500,8.812052017995608,8.799215381124473,8.25281785538219,9.470983053193947,8.770089359767649,8.812052017995608,After the historical event,Event not experienced
2.1000000000000005,1,1,1,Additive genetic variance,500,3.777880381433688,3.798078634149216,2.744710225899939,4.776867412441912,3.7595315471643547,3.777880381433688,After the historical event,Event experienced
2.1000000000000005,1,1,1,Nuclear-family environmental variance,500,2.267407662124047,2.2563964973523447,1.753830224403233,2.83467618937156,2.25,2.267407662124047,After the historical event,Event experienced
2.1000000000000005,1,1,1,Nonshared environmental variance,500,4.000460629006298,3.9937058384626214,3.481858359625683,4.507000498905249,4,4.000460629006298,After the historical event,Event experienced
2.1000000000000005,1,1,1,Phenotypic variance,500,10.045748672564033,10.051746572841912,9.336787042297047,10.814478144414286,10.009531547164354,10.045748672564033,After the historical event,Event experienced
2.12,0,0,0,Additive genetic variance,500,2.5132822024532895,2.4959145786389865,1.795005840161842,3.3197226013625833,2.4878387485981897,2.5132822024532895,Before the historical event,Event not experienced
2.12,0,0,0,Nuclear-family environmental variance,500,2.2569212025723995,2.2531534575255936,1.7145957722312817,2.8691300296809352,2.25,2.2569212025723995,Before the historical event,Event not experienced
2.12,0,0,0,Nonshared environmental variance,500,4.010118769553692,3.9886248361338463,3.390538357998605,4.687674224463675,4,4.010118769553692,Before the historical event,Event not experienced
2.12,0,0,0,Phenotypic variance,500,8.78032217457938,8.768200833510353,8.21597133779921,9.44112495104056,8.73783874859819,8.78032217457938,Before the historical event,Event not experienced
2.12,0,1,0,Additive genetic variance,500,2.5132822024532895,2.4959145786389865,1.795005840161842,3.3197226013625833,2.4878387485981897,2.5132822024532895,Before the historical event,Event experienced
2.12,0,1,0,Nuclear-family environmental variance,500,2.2569212025723995,2.2531534575255936,1.7145957722312817,2.8691300296809352,2.25,2.2569212025723995,Before the historical event,Event experienced
2.12,0,1,0,Nonshared environmental variance,500,4.010118769553692,3.9886248361338463,3.390538357998605,4.687674224463675,4,4.010118769553692,Before the historical event,Event experienced
2.12,0,1,0,Phenotypic variance,500,8.78032217457938,8.768200833510353,8.21597133779921,9.44112495104056,8.73783874859819,8.78032217457938,Before the historical event,Event experienced
2.12,1,0,0,Additive genetic variance,500,2.5132822024532895,2.4959145786389865,1.795005840161842,3.3197226013625833,2.4878387485981897,2.5132822024532895,After the historical event,Event not experienced
2.12,1,0,0,Nuclear-family environmental variance,500,2.2569212025723995,2.2531534575255936,1.7145957722312817,2.8691300296809352,2.25,2.2569212025723995,After the historical event,Event not experienced
2.12,1,0,0,Nonshared environmental variance,500,4.010118769553692,3.9886248361338463,3.390538357998605,4.687674224463675,4,4.010118769553692,After the historical event,Event not experienced
2.12,1,0,0,Phenotypic variance,500,8.78032217457938,8.768200833510353,8.21597133779921,9.44112495104056,8.73783874859819,8.78032217457938,After the historical event,Event not experienced
2.12,1,1,1,Additive genetic variance,500,3.7288319394590763,3.754750545500455,2.720213177278519,4.707761173308468,3.71141928890773,3.7288319394590763,After the historical event,Event experienced
2.12,1,1,1,Nuclear-family environmental variance,500,2.2669799330167355,2.2557129334086916,1.7560887761903197,2.8280740505541697,2.25,2.2669799330167355,After the historical event,Event experienced
2.12,1,1,1,Nonshared environmental variance,500,4.00045984679455,3.995823865228465,3.485137769011436,4.502542974084902,4,4.00045984679455,After the historical event,Event experienced
2.12,1,1,1,Phenotypic variance,500,9.996271719270363,10.001585581181873,9.30089346500288,10.73116211204586,9.96141928890773,9.996271719270363,After the historical event,Event experienced
2.1399999999999997,0,0,0,Additive genetic variance,500,2.4811615523506316,2.467659845230668,1.768859967509436,3.2900056259474137,2.4556079329481686,2.4811615523506316,Before the historical event,Event not experienced
2.1399999999999997,0,0,0,Nuclear-family environmental variance,500,2.2570507733464895,2.252620380460243,1.7109954892348305,2.874110521741458,2.25,2.2570507733464895,Before the historical event,Event not experienced
2.1399999999999997,0,0,0,Nonshared environmental variance,500,4.010403421937238,3.9887776030046984,3.390594958342152,4.692656678892948,4,4.010403421937238,Before the historical event,Event not experienced
2.1399999999999997,0,0,0,Phenotypic variance,500,8.748615747634359,8.737727539417591,8.179293595020761,9.41040705936896,8.705607932948169,8.748615747634359,Before the historical event,Event not experienced
2.1399999999999997,0,1,0,Additive genetic variance,500,2.4811615523506316,2.467659845230668,1.768859967509436,3.2900056259474137,2.4556079329481686,2.4811615523506316,Before the historical event,Event experienced
2.1399999999999997,0,1,0,Nuclear-family environmental variance,500,2.2570507733464895,2.252620380460243,1.7109954892348305,2.874110521741458,2.25,2.2570507733464895,Before the historical event,Event experienced
2.1399999999999997,0,1,0,Nonshared environmental variance,500,4.010403421937238,3.9887776030046984,3.390594958342152,4.692656678892948,4,4.010403421937238,Before the historical event,Event experienced
2.1399999999999997,0,1,0,Phenotypic variance,500,8.748615747634359,8.737727539417591,8.179293595020761,9.41040705936896,8.705607932948169,8.748615747634359,Before the historical event,Event experienced
2.1399999999999997,1,0,0,Additive genetic variance,500,2.4811615523506316,2.467659845230668,1.768859967509436,3.2900056259474137,2.4556079329481686,2.4811615523506316,After the historical event,Event not experienced
2.1399999999999997,1,0,0,Nuclear-family environmental variance,500,2.2570507733464895,2.252620380460243,1.7109954892348305,2.874110521741458,2.25,2.2570507733464895,After the historical event,Event not experienced
2.1399999999999997,1,0,0,Nonshared environmental variance,500,4.010403421937238,3.9887776030046984,3.390594958342152,4.692656678892948,4,4.010403421937238,After the historical event,Event not experienced
2.1399999999999997,1,0,0,Phenotypic variance,500,8.748615747634359,8.737727539417591,8.179293595020761,9.41040705936896,8.705607932948169,8.748615747634359,After the historical event,Event not experienced
2.1399999999999997,1,1,1,Additive genetic variance,500,3.679846300845913,3.7035371505401598,2.692802755294494,4.6465735128331636,3.6633365620959064,3.679846300845913,After the historical event,Event experienced
2.1399999999999997,1,1,1,Nuclear-family environmental variance,500,2.2665520301588487,2.2563117561412604,1.7584798182924342,2.82142572429835,2.25,2.2665520301588487,After the historical event,Event experienced
2.1399999999999997,1,1,1,Nonshared environmental variance,500,4.00045616943164,3.9977776370816325,3.4884263989595805,4.498049692822342,4,4.00045616943164,After the historical event,Event experienced
2.1399999999999997,1,1,1,Phenotypic variance,500,9.946854500436402,9.950444607364348,9.26496879767068,10.665392990499132,9.913336562095907,9.946854500436402,After the historical event,Event experienced
2.16,0,0,0,Additive genetic variance,500,2.449075104930684,2.43644129436496,1.742853639183369,3.2573476533498127,2.423406902591211,2.449075104930684,Before the historical event,Event not experienced
2.16,0,0,0,Nuclear-family environmental variance,500,2.257181762539404,2.2515584412160017,1.7073932349705274,2.879096950621168,2.25,2.257181762539404,Before the historical event,Event not experienced
2.16,0,0,0,Nonshared environmental variance,500,4.0106857641690725,3.9889792111263245,3.3890555298035796,4.696458136580995,4,4.0106857641690725,Before the historical event,Event not experienced
2.16,0,0,0,Phenotypic variance,500,8.71694263163916,8.709649618454083,8.142795628613866,9.381099452595347,8.67340690259121,8.71694263163916,Before the historical event,Event not experienced
2.16,0,1,0,Additive genetic variance,500,2.449075104930684,2.43644129436496,1.742853639183369,3.2573476533498127,2.423406902591211,2.449075104930684,Before the historical event,Event experienced
2.16,0,1,0,Nuclear-family environmental variance,500,2.257181762539404,2.2515584412160017,1.7073932349705274,2.879096950621168,2.25,2.257181762539404,Before the historical event,Event experienced
2.16,0,1,0,Nonshared environmental variance,500,4.0106857641690725,3.9889792111263245,3.3890555298035796,4.696458136580995,4,4.0106857641690725,Before the historical event,Event experienced
2.16,0,1,0,Phenotypic variance,500,8.71694263163916,8.709649618454083,8.142795628613866,9.381099452595347,8.67340690259121,8.71694263163916,Before the historical event,Event experienced
2.16,1,0,0,Additive genetic variance,500,2.449075104930684,2.43644129436496,1.742853639183369,3.2573476533498127,2.423406902591211,2.449075104930684,After the historical event,Event not experienced
2.16,1,0,0,Nuclear-family environmental variance,500,2.257181762539404,2.2515584412160017,1.7073932349705274,2.879096950621168,2.25,2.257181762539404,After the historical event,Event not experienced
2.16,1,0,0,Nonshared environmental variance,500,4.0106857641690725,3.9889792111263245,3.3890555298035796,4.696458136580995,4,4.0106857641690725,After the historical event,Event not experienced
2.16,1,0,0,Phenotypic variance,500,8.71694263163916,8.709649618454083,8.142795628613866,9.381099452595347,8.67340690259121,8.71694263163916,After the historical event,Event not experienced
2.16,1,1,1,Additive genetic variance,500,3.6309382502697654,3.6561107897233227,2.664984444324962,4.585417565532277,3.6152982697199008,3.6309382502697654,After the historical event,Event experienced
2.16,1,1,1,Nuclear-family environmental variance,500,2.2661240155404037,2.2585845120504744,1.762097979166687,2.8151672719206813,2.25,2.2661240155404037,After the historical event,Event experienced
2.16,1,1,1,Nonshared environmental variance,500,4.000449621259736,3.9987971511623086,3.491724268742562,4.493520746004407,4,4.000449621259736,After the historical event,Event experienced
2.16,1,1,1,Phenotypic variance,500,9.897511887069905,9.898592382177913,9.22902410237526,10.59993201876238,9.8652982697199,9.897511887069905,After the historical event,Event experienced
2.1799999999999997,0,0,0,Additive genetic variance,500,2.417032521735323,2.403783992164893,1.7169919922878187,3.2246092997759104,2.391245502894094,2.417032521735323,Before the historical event,Event not experienced
2.1799999999999997,0,0,0,Nuclear-family environmental variance,500,2.2573142305288467,2.2521986205956974,1.7044751762859534,2.8812698923543074,2.25,2.2573142305288467,Before the historical event,Event not experienced
2.1799999999999997,0,0,0,Nonshared environmental variance,500,4.010965820909473,3.98957592315202,3.38711129141107,4.700707146433753,4,4.010965820909473,Before the historical event,Event not experienced
2.1799999999999997,0,0,0,Phenotypic variance,500,8.685312573173643,8.680496268972218,8.105315546073943,9.350884546784888,8.641245502894094,8.685312573173643,Before the historical event,Event not experienced
2.1799999999999997,0,1,0,Additive genetic variance,500,2.417032521735323,2.403783992164893,1.7169919922878187,3.2246092997759104,2.391245502894094,2.417032521735323,Before the historical event,Event experienced
2.1799999999999997,0,1,0,Nuclear-family environmental variance,500,2.2573142305288467,2.2521986205956974,1.7044751762859534,2.8812698923543074,2.25,2.2573142305288467,Before the historical event,Event experienced
2.1799999999999997,0,1,0,Nonshared environmental variance,500,4.010965820909473,3.98957592315202,3.38711129141107,4.700707146433753,4,4.010965820909473,Before the historical event,Event experienced
2.1799999999999997,0,1,0,Phenotypic variance,500,8.685312573173643,8.680496268972218,8.105315546073943,9.350884546784888,8.641245502894094,8.685312573173643,Before the historical event,Event experienced
2.1799999999999997,1,0,0,Additive genetic variance,500,2.417032521735323,2.403783992164893,1.7169919922878187,3.2246092997759104,2.391245502894094,2.417032521735323,After the historical event,Event not experienced
2.1799999999999997,1,0,0,Nuclear-family environmental variance,500,2.2573142305288467,2.2521986205956974,1.7044751762859534,2.8812698923543074,2.25,2.2573142305288467,After the historical event,Event not experienced
2.1799999999999997,1,0,0,Nonshared environmental variance,500,4.010965820909473,3.98957592315202,3.38711129141107,4.700707146433753,4,4.010965820909473,After the historical event,Event not experienced
2.1799999999999997,1,0,0,Phenotypic variance,500,8.685312573173643,8.680496268972218,8.105315546073943,9.350884546784888,8.641245502894094,8.685312573173643,After the historical event,Event not experienced
2.1799999999999997,1,1,1,Additive genetic variance,500,3.5821223296428184,3.6096224062303106,2.6394421814736333,4.526435558815635,3.5673190993410295,3.5821223296428184,After the historical event,Event experienced
2.1799999999999997,1,1,1,Nuclear-family environmental variance,500,2.2656959522275515,2.259076561134825,1.7657574285492514,2.8094103024884536,2.25,2.2656959522275515,After the historical event,Event experienced
2.1799999999999997,1,1,1,Nonshared environmental variance,500,4.000440227186408,3.9992354114706483,3.495031397698334,4.488956225941898,4,4.000440227186408,After the historical event,Event experienced
2.1799999999999997,1,1,1,Phenotypic variance,500,9.848258509056777,9.850005468052277,9.19818047686348,10.52501790318607,9.817319099341029,9.848258509056777,After the historical event,Event experienced
2.2,0,0,0,Additive genetic variance,500,2.3850433105475717,2.369296706417234,1.689559337441814,3.1979647886453924,2.3591334304514016,2.3850433105475717,Before the historical event,Event not experienced
2.2,0,0,0,Nuclear-family environmental variance,500,2.2574482388353583,2.250481138420146,1.7032576089315081,2.8829198867795123,2.25,2.2574482388353583,Before the historical event,Event not experienced
2.2,0,0,0,Nonshared environmental variance,500,4.01124361738932,3.991313324077677,3.385182887510596,4.705059781784438,4,4.01124361738932,Before the historical event,Event not experienced
2.2,0,0,0,Phenotypic variance,500,8.65373516677225,8.648209031763384,8.066574856638965,9.321050348226445,8.6091334304514,8.65373516677225,Before the historical event,Event not experienced
2.2,0,1,0,Additive genetic variance,500,2.3850433105475717,2.369296706417234,1.689559337441814,3.1979647886453924,2.3591334304514016,2.3850433105475717,Before the historical event,Event experienced
2.2,0,1,0,Nuclear-family environmental variance,500,2.2574482388353583,2.250481138420146,1.7032576089315081,2.8829198867795123,2.25,2.2574482388353583,Before the historical event,Event experienced
2.2,0,1,0,Nonshared environmental variance,500,4.01124361738932,3.991313324077677,3.385182887510596,4.705059781784438,4,4.01124361738932,Before the historical event,Event experienced
2.2,0,1,0,Phenotypic variance,500,8.65373516677225,8.648209031763384,8.066574856638965,9.321050348226445,8.6091334304514,8.65373516677225,Before the historical event,Event experienced
2.2,1,0,0,Additive genetic variance,500,2.3850433105475717,2.369296706417234,1.689559337441814,3.1979647886453924,2.3591334304514016,2.3850433105475717,After the historical event,Event not experienced
2.2,1,0,0,Nuclear-family environmental variance,500,2.2574482388353583,2.250481138420146,1.7032576089315081,2.8829198867795123,2.25,2.2574482388353583,After the historical event,Event not experienced
2.2,1,0,0,Nonshared environmental variance,500,4.01124361738932,3.991313324077677,3.385182887510596,4.705059781784438,4,4.01124361738932,After the historical event,Event not experienced
2.2,1,0,0,Phenotypic variance,500,8.65373516677225,8.648209031763384,8.066574856638965,9.321050348226445,8.6091334304514,8.65373516677225,After the historical event,Event not experienced
2.2,1,1,1,Additive genetic variance,500,3.533412832083135,3.5579374845336,2.608906720619732,4.465616582681156,3.5194135165785756,3.533412832083135,After the historical event,Event experienced
2.2,1,1,1,Nuclear-family environmental variance,500,2.2652679043612913,2.257498215132718,1.7694044313073425,2.8036332727260778,2.25,2.2652679043612913,After the historical event,Event experienced
2.2,1,1,1,Nonshared environmental variance,500,4.000428012684531,3.9995683070540333,3.4983478052305506,4.484356226363985,4,4.000428012684531,After the historical event,Event experienced
2.2,1,1,1,Phenotypic variance,500,9.799108749128958,9.798634055711924,9.166221636342406,10.45717577262209,9.769413516578576,9.799108749128958,After the historical event,Event experienced
2.2199999999999998,0,0,0,Additive genetic variance,500,2.3531168214277494,2.333835901610521,1.661878887403994,3.1712007424033146,2.3270802288959955,2.3531168214277494,Before the historical event,Event not experienced
2.2199999999999998,0,0,0,Nuclear-family environmental variance,500,2.2575838501233334,2.2483836176267973,1.7020566462702487,2.8845486595200382,2.25,2.2575838501233334,Before the historical event,Event not experienced
2.2199999999999998,0,0,0,Nonshared environmental variance,500,4.011519179410205,3.9921709818330022,3.383270311723396,4.709404311884009,4,4.011519179410205,Before the historical event,Event not experienced
2.2199999999999998,0,0,0,Phenotypic variance,500,8.622219850961288,8.614509180079535,8.03228260413323,9.29130412491704,8.577080228895996,8.622219850961288,Before the historical event,Event not experienced
2.2199999999999998,0,1,0,Additive genetic variance,500,2.3531168214277494,2.333835901610521,1.661878887403994,3.1712007424033146,2.3270802288959955,2.3531168214277494,Before the historical event,Event experienced
2.2199999999999998,0,1,0,Nuclear-family environmental variance,500,2.2575838501233334,2.2483836176267973,1.7020566462702487,2.8845486595200382,2.25,2.2575838501233334,Before the historical event,Event experienced
2.2199999999999998,0,1,0,Nonshared environmental variance,500,4.011519179410205,3.9921709818330022,3.383270311723396,4.709404311884009,4,4.011519179410205,Before the historical event,Event experienced
2.2199999999999998,0,1,0,Phenotypic variance,500,8.622219850961288,8.614509180079535,8.03228260413323,9.29130412491704,8.577080228895996,8.622219850961288,Before the historical event,Event experienced
2.2199999999999998,1,0,0,Additive genetic variance,500,2.3531168214277494,2.333835901610521,1.661878887403994,3.1712007424033146,2.3270802288959955,2.3531168214277494,After the historical event,Event not experienced
2.2199999999999998,1,0,0,Nuclear-family environmental variance,500,2.2575838501233334,2.2483836176267973,1.7020566462702487,2.8845486595200382,2.25,2.2575838501233334,After the historical event,Event not experienced
2.2199999999999998,1,0,0,Nonshared environmental variance,500,4.011519179410205,3.9921709818330022,3.383270311723396,4.709404311884009,4,4.011519179410205,After the historical event,Event not experienced
2.2199999999999998,1,0,0,Phenotypic variance,500,8.622219850961288,8.614509180079535,8.03228260413323,9.29130412491704,8.577080228895996,8.622219850961288,After the historical event,Event not experienced
2.2199999999999998,1,1,1,Additive genetic variance,500,3.4848237961757427,3.5025708301818437,2.583601279016433,4.4033379967846376,3.471595758859747,3.4848237961757427,After the historical event,Event experienced
2.2199999999999998,1,1,1,Nuclear-family environmental variance,500,2.264839937156165,2.2567535716498814,1.7729623764260491,2.797836353549804,2.25,2.264839937156165,After the historical event,Event experienced
2.2199999999999998,1,1,1,Nonshared environmental variance,500,4.000413003792194,3.999338197738499,3.501673510808752,4.479720842412529,4,4.000413003792194,After the historical event,Event experienced
2.2199999999999998,1,1,1,Phenotypic variance,500,9.750076737124102,9.753119171279986,9.131075846068939,10.400740907619612,9.721595758859747,9.750076737124102,After the historical event,Event experienced
2.24,0,0,0,Additive genetic variance,500,2.3212622429347722,2.300980360536842,1.634377800861266,3.1443062721986026,2.2950952848869286,2.3212622429347722,Before the historical event,Event not experienced
2.24,0,0,0,Nuclear-family environmental variance,500,2.2577211282020277,2.24758427782879,1.700872257137546,2.8865328060234976,2.25,2.2577211282020277,Before the historical event,Event not experienced
2.24,0,0,0,Nonshared environmental variance,500,4.011792533344549,3.993452576042592,3.3813735580293027,4.713740706671893,4,4.011792533344549,Before the historical event,Event not experienced
2.24,0,0,0,Phenotypic variance,500,8.59077590448135,8.583907796640444,8.00139239179619,9.260777481345848,8.545095284886928,8.59077590448135,Before the historical event,Event not experienced
2.24,0,1,0,Additive genetic variance,500,2.3212622429347722,2.300980360536842,1.634377800861266,3.1443062721986026,2.2950952848869286,2.3212622429347722,Before the historical event,Event experienced
2.24,0,1,0,Nuclear-family environmental variance,500,2.2577211282020277,2.24758427782879,1.700872257137546,2.8865328060234976,2.25,2.2577211282020277,Before the historical event,Event experienced
2.24,0,1,0,Nonshared environmental variance,500,4.011792533344549,3.993452576042592,3.3813735580293027,4.713740706671893,4,4.011792533344549,Before the historical event,Event experienced
2.24,0,1,0,Phenotypic variance,500,8.59077590448135,8.583907796640444,8.00139239179619,9.260777481345848,8.545095284886928,8.59077590448135,Before the historical event,Event experienced
2.24,1,0,0,Additive genetic variance,500,2.3212622429347722,2.300980360536842,1.634377800861266,3.1443062721986026,2.2950952848869286,2.3212622429347722,After the historical event,Event not experienced
2.24,1,0,0,Nuclear-family environmental variance,500,2.2577211282020277,2.24758427782879,1.700872257137546,2.8865328060234976,2.25,2.2577211282020277,After the historical event,Event not experienced
2.24,1,0,0,Nonshared environmental variance,500,4.011792533344549,3.993452576042592,3.3813735580293027,4.713740706671893,4,4.011792533344549,After the historical event,Event not experienced
2.24,1,0,0,Phenotypic variance,500,8.59077590448135,8.583907796640444,8.00139239179619,9.260777481345848,8.545095284886928,8.59077590448135,After the historical event,Event not experienced
2.24,1,1,1,Additive genetic variance,500,3.4363690005269008,3.4463027867235887,2.5500918218169186,4.3419336785656135,3.4238798294343478,3.4363690005269008,After the historical event,Event experienced
2.24,1,1,1,Nuclear-family environmental variance,500,2.2644121168989373,2.25577164311674,1.77656066526062,2.7920197163350156,2.25,2.2644121168989373,After the historical event,Event experienced
2.24,1,1,1,Nonshared environmental variance,500,4.0003952271125875,3.9990555428757393,3.505008533968555,4.475050170636304,4,4.0003952271125875,After the historical event,Event experienced
2.24,1,1,1,Phenotypic variance,500,9.701176344538425,9.706547731158516,9.09574197657996,10.339142049368762,9.673879829434348,9.701176344538425,After the historical event,Event experienced
2.26,0,0,0,Additive genetic variance,500,2.289488598533655,2.2694409405992695,1.6070623133095205,3.1147405925464313,2.263187824276274,2.289488598533655,Before the historical event,Event not experienced
2.26,0,0,0,Nuclear-family environmental variance,500,2.2578601380265613,2.2473608485226877,1.698643534592299,2.8893424079111547,2.25,2.2578601380265613,Before the historical event,Event not experienced
2.26,0,0,0,Nonshared environmental variance,500,4.0120637061357,3.9935260483753274,3.3794926207665066,4.718068936122272,4,4.0120637061357,Before the historical event,Event not experienced
2.26,0,0,0,Phenotypic variance,500,8.559412442695916,8.548949811763883,7.966825509421363,9.230235282504928,8.513187824276274,8.559412442695916,Before the historical event,Event not experienced
2.26,0,1,0,Additive genetic variance,500,2.289488598533655,2.2694409405992695,1.6070623133095205,3.1147405925464313,2.263187824276274,2.289488598533655,Before the historical event,Event experienced
2.26,0,1,0,Nuclear-family environmental variance,500,2.2578601380265613,2.2473608485226877,1.698643534592299,2.8893424079111547,2.25,2.2578601380265613,Before the historical event,Event experienced
2.26,0,1,0,Nonshared environmental variance,500,4.0120637061357,3.9935260483753274,3.3794926207665066,4.718068936122272,4,4.0120637061357,Before the historical event,Event experienced
2.26,0,1,0,Phenotypic variance,500,8.559412442695916,8.548949811763883,7.966825509421363,9.230235282504928,8.513187824276274,8.559412442695916,Before the historical event,Event experienced
2.26,1,0,0,Additive genetic variance,500,2.289488598533655,2.2694409405992695,1.6070623133095205,3.1147405925464313,2.263187824276274,2.289488598533655,After the historical event,Event not experienced
2.26,1,0,0,Nuclear-family environmental variance,500,2.2578601380265613,2.2473608485226877,1.698643534592299,2.8893424079111547,2.25,2.2578601380265613,After the historical event,Event not experienced
2.26,1,0,0,Nonshared environmental variance,500,4.0120637061357,3.9935260483753274,3.3794926207665066,4.718068936122272,4,4.0120637061357,After the historical event,Event not experienced
2.26,1,0,0,Phenotypic variance,500,8.559412442695916,8.548949811763883,7.966825509421363,9.230235282504928,8.513187824276274,8.559412442695916,After the historical event,Event not experienced
2.26,1,1,1,Additive genetic variance,500,3.388061958612642,3.396560821303484,2.507644849001198,4.280910178842163,3.376279491656357,3.388061958612642,After the historical event,Event experienced
2.26,1,1,1,Nuclear-family environmental variance,500,2.2639845109472563,2.2557651509860994,1.7801995443101473,2.7861835329065117,2.25,2.2639845109472563,After the historical event,Event experienced
2.26,1,1,1,Nonshared environmental variance,500,4.000374709813899,3.9990071566809258,3.5083528943118445,4.470564214848397,4,4.000374709813899,After the historical event,Event experienced
2.26,1,1,1,Phenotypic variance,500,9.652421179373798,9.658546968801351,9.05547176134648,10.276410436864062,9.626279491656357,9.652421179373798,After the historical event,Event experienced
2.2800000000000002,0,0,0,Additive genetic variance,500,2.2578047431899426,2.2402642024915678,1.5799384629668374,3.0826959558206983,2.2313669084560694,2.2578047431899426,Before the historical event,Event not experienced
2.2800000000000002,0,0,0,Nuclear-family environmental variance,500,2.258000945698912,2.247365416046496,1.6957654987473392,2.892169650013129,2.25,2.258000945698912,Before the historical event,Event not experienced
2.2800000000000002,0,0,0,Nonshared environmental variance,500,4.012332725298034,3.994130136433543,3.377627494631338,4.722467832934257,4,4.012332725298034,Before the historical event,Event not experienced
2.2800000000000002,0,0,0,Phenotypic variance,500,8.528138414186888,8.516961012608785,7.929912773741749,9.199687804921886,8.481366908456069,8.528138414186888,Before the historical event,Event not experienced
2.2800000000000002,0,1,0,Additive genetic variance,500,2.2578047431899426,2.2402642024915678,1.5799384629668374,3.0826959558206983,2.2313669084560694,2.2578047431899426,Before the historical event,Event experienced
2.2800000000000002,0,1,0,Nuclear-family environmental variance,500,2.258000945698912,2.247365416046496,1.6957654987473392,2.892169650013129,2.25,2.258000945698912,Before the historical event,Event experienced
2.2800000000000002,0,1,0,Nonshared environmental variance,500,4.012332725298034,3.994130136433543,3.377627494631338,4.722467832934257,4,4.012332725298034,Before the historical event,Event experienced
2.2800000000000002,0,1,0,Phenotypic variance,500,8.528138414186888,8.516961012608785,7.929912773741749,9.199687804921886,8.481366908456069,8.528138414186888,Before the historical event,Event experienced
2.2800000000000002,1,0,0,Additive genetic variance,500,2.2578047431899426,2.2402642024915678,1.5799384629668374,3.0826959558206983,2.2313669084560694,2.2578047431899426,After the historical event,Event not experienced
2.2800000000000002,1,0,0,Nuclear-family environmental variance,500,2.258000945698912,2.247365416046496,1.6957654987473392,2.892169650013129,2.25,2.258000945698912,After the historical event,Event not experienced
2.2800000000000002,1,0,0,Nonshared environmental variance,500,4.012332725298034,3.994130136433543,3.377627494631338,4.722467832934257,4,4.012332725298034,After the historical event,Event not experienced
2.2800000000000002,1,0,0,Phenotypic variance,500,8.528138414186888,8.516961012608785,7.929912773741749,9.199687804921886,8.481366908456069,8.528138414186888,After the historical event,Event not experienced
2.2800000000000002,1,1,1,Additive genetic variance,500,3.3399159139222148,3.350235929246601,2.471425052228754,4.218089915654052,3.3288082635342127,3.3399159139222148,After the historical event,Event experienced
2.2800000000000002,1,1,1,Nuclear-family environmental variance,500,2.263557187728305,2.2569615486771433,1.7838792631933753,2.780327975528779,2.25,2.263557187728305,After the historical event,Event experienced
2.2800000000000002,1,1,1,Nonshared environmental variance,500,4.000351479629195,3.998666714016673,3.5117066115069644,4.467213055075159,4,4.000351479629195,After the historical event,Event experienced
2.2800000000000002,1,1,1,Phenotypic variance,500,9.603824581279715,9.606462372486476,9.013640323532272,10.221734919182381,9.578808263534214,9.603824581279715,After the historical event,Event experienced
2.3,0,0,0,Additive genetic variance,500,2.2262193601516675,2.210735103954138,1.5530120899691076,3.050684911437451,2.1996414308864063,2.2262193601516675,Before the historical event,Event not experienced
2.3,0,0,0,Nuclear-family environmental variance,500,2.2581436184689117,2.247056319156444,1.6928969319401521,2.8950395722332902,2.25,2.2581436184689117,Before the historical event,Event not experienced
2.3,0,0,0,Nonshared environmental variance,500,4.012599618917052,3.994092109976947,3.375660327869556,4.726874650333702,4,4.012599618917052,Before the historical event,Event not experienced
2.3,0,0,0,Phenotypic variance,500,8.496962597537632,8.484027345183518,7.891155950396909,9.169145204640134,8.449641430886405,8.496962597537632,Before the historical event,Event not experienced
2.3,0,1,0,Additive genetic variance,500,2.2262193601516675,2.210735103954138,1.5530120899691076,3.050684911437451,2.1996414308864063,2.2262193601516675,Before the historical event,Event experienced
2.3,0,1,0,Nuclear-family environmental variance,500,2.2581436184689117,2.247056319156444,1.6928969319401521,2.8950395722332902,2.25,2.2581436184689117,Before the historical event,Event experienced
2.3,0,1,0,Nonshared environmental variance,500,4.012599618917052,3.994092109976947,3.375660327869556,4.726874650333702,4,4.012599618917052,Before the historical event,Event experienced
2.3,0,1,0,Phenotypic variance,500,8.496962597537632,8.484027345183518,7.891155950396909,9.169145204640134,8.449641430886405,8.496962597537632,Before the historical event,Event experienced
2.3,1,0,0,Additive genetic variance,500,2.2262193601516675,2.210735103954138,1.5530120899691076,3.050684911437451,2.1996414308864063,2.2262193601516675,After the historical event,Event not experienced
2.3,1,0,0,Nuclear-family environmental variance,500,2.2581436184689117,2.247056319156444,1.6928969319401521,2.8950395722332902,2.25,2.2581436184689117,After the historical event,Event not experienced
2.3,1,0,0,Nonshared environmental variance,500,4.012599618917052,3.994092109976947,3.375660327869556,4.726874650333702,4,4.012599618917052,After the historical event,Event not experienced
2.3,1,0,0,Phenotypic variance,500,8.496962597537632,8.484027345183518,7.891155950396909,9.169145204640134,8.449641430886405,8.496962597537632,After the historical event,Event not experienced
2.3,1,1,1,Additive genetic variance,500,3.2919438353968027,3.3002027137187615,2.441860301634426,4.152331027913901,3.2814794125513247,3.2919438353968027,After the historical event,Event experienced
2.3,1,1,1,Nuclear-family environmental variance,500,2.2631302167374314,2.256984355351892,1.7876000746790486,2.774453216896246,2.25,2.2631302167374314,After the historical event,Event experienced
2.3,1,1,1,Nonshared environmental variance,500,4.000325564856302,3.99873939561666,3.5150697052889037,4.463816925372393,4,4.000325564856302,After the historical event,Event experienced
2.3,1,1,1,Phenotypic variance,500,9.555399616990536,9.558344923323881,8.96604137366343,10.167159465787876,9.531479412551324,9.555399616990536,After the historical event,Event experienced
2.3200000000000003,0,0,0,Additive genetic variance,500,2.1947409579191097,2.1802575993431903,1.5262088418294524,3.018742349872219,2.168020113805423,2.1947409579191097,Before the historical event,Event not experienced
2.3200000000000003,0,0,0,Nuclear-family environmental variance,500,2.258288224735232,2.248101361842746,1.6900378017701767,2.897882918346408,2.25,2.258288224735232,Before the historical event,Event not experienced
2.3200000000000003,0,0,0,Nonshared environmental variance,500,4.012864415649471,3.9958400228795607,3.374799915141623,4.73127335725873,4,4.012864415649471,Before the historical event,Event not experienced
2.3200000000000003,0,0,0,Phenotypic variance,500,8.465893598303813,8.448717393226445,7.852529007145612,9.138681586012144,8.418020113805422,8.465893598303813,Before the historical event,Event not experienced
2.3200000000000003,0,1,0,Additive genetic variance,500,2.1947409579191097,2.1802575993431903,1.5262088418294524,3.018742349872219,2.168020113805423,2.1947409579191097,Before the historical event,Event experienced
2.3200000000000003,0,1,0,Nuclear-family environmental variance,500,2.258288224735232,2.248101361842746,1.6900378017701767,2.897882918346408,2.25,2.258288224735232,Before the historical event,Event experienced
2.3200000000000003,0,1,0,Nonshared environmental variance,500,4.012864415649471,3.9958400228795607,3.374799915141623,4.73127335725873,4,4.012864415649471,Before the historical event,Event experienced
2.3200000000000003,0,1,0,Phenotypic variance,500,8.465893598303813,8.448717393226445,7.852529007145612,9.138681586012144,8.418020113805422,8.465893598303813,Before the historical event,Event experienced
2.3200000000000003,1,0,0,Additive genetic variance,500,2.1947409579191097,2.1802575993431903,1.5262088418294524,3.018742349872219,2.168020113805423,2.1947409579191097,After the historical event,Event not experienced
2.3200000000000003,1,0,0,Nuclear-family environmental variance,500,2.258288224735232,2.248101361842746,1.6900378017701767,2.897882918346408,2.25,2.258288224735232,After the historical event,Event not experienced
2.3200000000000003,1,0,0,Nonshared environmental variance,500,4.012864415649471,3.9958400228795607,3.374799915141623,4.73127335725873,4,4.012864415649471,After the historical event,Event not experienced
2.3200000000000003,1,0,0,Phenotypic variance,500,8.465893598303813,8.448717393226445,7.852529007145612,9.138681586012144,8.418020113805422,8.465893598303813,After the historical event,Event not experienced
2.3200000000000003,1,1,1,Additive genetic variance,500,3.2441584131634382,3.2515818808113663,2.4118353230396767,4.089112633735944,3.234305950757968,3.2441584131634382,After the historical event,Event experienced
2.3200000000000003,1,1,1,Nuclear-family environmental variance,500,2.2627036685367745,2.2570995886394725,1.7911232525883243,2.769590373765909,2.25,2.2627036685367745,After the historical event,Event experienced
2.3200000000000003,1,1,1,Nonshared environmental variance,500,4.000296994357675,3.9997033028866555,3.5184421954594995,4.460375935897444,4,4.000296994357675,After the historical event,Event experienced
2.3200000000000003,1,1,1,Phenotypic variance,500,9.507159076057889,9.504927434866715,8.91826760167493,10.11269995833932,9.484305950757967,9.507159076057889,After the historical event,Event experienced
2.34,0,0,0,Additive genetic variance,500,2.163377867402503,2.1467627682108357,1.500543404889727,2.984320777485406,2.1365115051218235,2.163377867402503,Before the historical event,Event not experienced
2.34,0,0,0,Nuclear-family environmental variance,500,2.258434834046373,2.250170827985305,1.687188075970692,2.9017641418386995,2.25,2.258434834046373,Before the historical event,Event not experienced
2.34,0,0,0,Nonshared environmental variance,500,4.013127144723307,3.9978359375172317,3.369815768158843,4.735663923240559,4,4.013127144723307,Before the historical event,Event not experienced
2.34,0,0,0,Phenotypic variance,500,8.434939846172183,8.41433955095918,7.814042455819313,9.108404922844805,8.386511505121824,8.434939846172183,Before the historical event,Event not experienced
2.34,0,1,0,Additive genetic variance,500,2.163377867402503,2.1467627682108357,1.500543404889727,2.984320777485406,2.1365115051218235,2.163377867402503,Before the historical event,Event experienced
2.34,0,1,0,Nuclear-family environmental variance,500,2.258434834046373,2.250170827985305,1.687188075970692,2.9017641418386995,2.25,2.258434834046373,Before the historical event,Event experienced
2.34,0,1,0,Nonshared environmental variance,500,4.013127144723307,3.9978359375172317,3.369815768158843,4.735663923240559,4,4.013127144723307,Before the historical event,Event experienced
2.34,0,1,0,Phenotypic variance,500,8.434939846172183,8.41433955095918,7.814042455819313,9.108404922844805,8.386511505121824,8.434939846172183,Before the historical event,Event experienced
2.34,1,0,0,Additive genetic variance,500,2.163377867402503,2.1467627682108357,1.500543404889727,2.984320777485406,2.1365115051218235,2.163377867402503,After the historical event,Event not experienced
2.34,1,0,0,Nuclear-family environmental variance,500,2.258434834046373,2.250170827985305,1.687188075970692,2.9017641418386995,2.25,2.258434834046373,After the historical event,Event not experienced
2.34,1,0,0,Nonshared environmental variance,500,4.013127144723307,3.9978359375172317,3.369815768158843,4.735663923240559,4,4.013127144723307,After the historical event,Event not experienced
2.34,1,0,0,Phenotypic variance,500,8.434939846172183,8.41433955095918,7.814042455819313,9.108404922844805,8.386511505121824,8.434939846172183,After the historical event,Event not experienced
2.34,1,1,1,Additive genetic variance,500,3.196572054563802,3.199147511778503,2.377107563198968,4.026478420296562,3.18730063013546,3.196572054563802,After the historical event,Event experienced
2.34,1,1,1,Nuclear-family environmental variance,500,2.262277614753871,2.2588534346144966,1.7947898121329504,2.7654980197833896,2.25,2.262277614753871,After the historical event,Event experienced
2.34,1,1,1,Nonshared environmental variance,500,4.0002657975602665,3.999470573099546,3.5218241018876193,4.456890198392346,4,4.0002657975602665,After the historical event,Event experienced
2.34,1,1,1,Phenotypic variance,500,9.45911546687794,9.457712864865872,8.874112000795684,10.058372006890238,9.43730063013546,9.45911546687794,After the historical event,Event experienced
2.3600000000000003,0,0,0,Additive genetic variance,500,2.132138239267523,2.1168191959322247,1.4756568821365499,2.9490452048997424,2.1051239754902435,2.132138239267523,Before the historical event,Event not experienced
2.3600000000000003,0,0,0,Nuclear-family environmental variance,500,2.258583517101648,2.2500542621694737,1.6843477224082264,2.906988417753622,2.25,2.258583517101648,Before the historical event,Event not experienced
2.3600000000000003,0,0,0,Nonshared environmental variance,500,4.013387835937962,3.997284888854338,3.3651469067185333,4.740046317844756,4,4.013387835937962,Before the historical event,Event not experienced
2.3600000000000003,0,0,0,Phenotypic variance,500,8.404109592307133,8.385073224616043,7.776855357466472,9.080421041506874,8.355123975490244,8.404109592307133,Before the historical event,Event not experienced
2.3600000000000003,0,1,0,Additive genetic variance,500,2.132138239267523,2.1168191959322247,1.4756568821365499,2.9490452048997424,2.1051239754902435,2.132138239267523,Before the historical event,Event experienced
2.3600000000000003,0,1,0,Nuclear-family environmental variance,500,2.258583517101648,2.2500542621694737,1.6843477224082264,2.906988417753622,2.25,2.258583517101648,Before the historical event,Event experienced
2.3600000000000003,0,1,0,Nonshared environmental variance,500,4.013387835937962,3.997284888854338,3.3651469067185333,4.740046317844756,4,4.013387835937962,Before the historical event,Event experienced
2.3600000000000003,0,1,0,Phenotypic variance,500,8.404109592307133,8.385073224616043,7.776855357466472,9.080421041506874,8.355123975490244,8.404109592307133,Before the historical event,Event experienced
2.3600000000000003,1,0,0,Additive genetic variance,500,2.132138239267523,2.1168191959322247,1.4756568821365499,2.9490452048997424,2.1051239754902435,2.132138239267523,After the historical event,Event not experienced
2.3600000000000003,1,0,0,Nuclear-family environmental variance,500,2.258583517101648,2.2500542621694737,1.6843477224082264,2.906988417753622,2.25,2.258583517101648,After the historical event,Event not experienced
2.3600000000000003,1,0,0,Nonshared environmental variance,500,4.013387835937962,3.997284888854338,3.3651469067185333,4.740046317844756,4,4.013387835937962,After the historical event,Event not experienced
2.3600000000000003,1,0,0,Phenotypic variance,500,8.404109592307133,8.385073224616043,7.776855357466472,9.080421041506874,8.355123975490244,8.404109592307133,After the historical event,Event not experienced
2.3600000000000003,1,1,1,Additive genetic variance,500,3.149196880477122,3.1486917302117527,2.343145810398773,3.964151393955398,3.140475938233121,3.149196880477122,After the historical event,Event experienced
2.3600000000000003,1,1,1,Nuclear-family environmental variance,500,2.261852128080256,2.2578051383008493,1.7984801214005741,2.7614385053972414,2.25,2.261852128080256,After the historical event,Event experienced
2.3600000000000003,1,1,1,Nonshared environmental variance,500,4.0002320044553885,3.9995519052518986,3.525215444509362,4.453359826176861,4,4.0002320044553885,After the historical event,Event experienced
2.3600000000000003,1,1,1,Phenotypic variance,500,9.411281013012767,9.413951877523832,8.832463766806669,10.004190943741015,9.39047593823312,9.411281013012767,After the historical event,Event experienced
2.38,0,0,0,Additive genetic variance,500,2.101030041468266,2.0831827560619143,1.450963185491391,2.9137299612340657,2.0738657155696565,2.101030041468266,Before the historical event,Event not experienced
2.38,0,0,0,Nuclear-family environmental variance,500,2.2587343457521682,2.249617610902817,1.6810028615103922,2.912206787764765,2.25,2.2587343457521682,Before the historical event,Event not experienced
2.38,0,0,0,Nonshared environmental variance,500,4.013646519664299,3.998961598206969,3.3612708419830115,4.744458493752313,4,4.013646519664299,Before the historical event,Event not experienced
2.38,0,0,0,Phenotypic variance,500,8.373410906884732,8.353530335206994,7.740242788742598,9.053253069203397,8.323865715569656,8.373410906884732,Before the historical event,Event not experienced
2.38,0,1,0,Additive genetic variance,500,2.101030041468266,2.0831827560619143,1.450963185491391,2.9137299612340657,2.0738657155696565,2.101030041468266,Before the historical event,Event experienced
2.38,0,1,0,Nuclear-family environmental variance,500,2.2587343457521682,2.249617610902817,1.6810028615103922,2.912206787764765,2.25,2.2587343457521682,Before the historical event,Event experienced
2.38,0,1,0,Nonshared environmental variance,500,4.013646519664299,3.998961598206969,3.3612708419830115,4.744458493752313,4,4.013646519664299,Before the historical event,Event experienced
2.38,0,1,0,Phenotypic variance,500,8.373410906884732,8.353530335206994,7.740242788742598,9.053253069203397,8.323865715569656,8.373410906884732,Before the historical event,Event experienced
2.38,1,0,0,Additive genetic variance,500,2.101030041468266,2.0831827560619143,1.450963185491391,2.9137299612340657,2.0738657155696565,2.101030041468266,After the historical event,Event not experienced
2.38,1,0,0,Nuclear-family environmental variance,500,2.2587343457521682,2.249617610902817,1.6810028615103922,2.912206787764765,2.25,2.2587343457521682,After the historical event,Event not experienced
2.38,1,0,0,Nonshared environmental variance,500,4.013646519664299,3.998961598206969,3.3612708419830115,4.744458493752313,4,4.013646519664299,After the historical event,Event not experienced
2.38,1,0,0,Phenotypic variance,500,8.373410906884732,8.353530335206994,7.740242788742598,9.053253069203397,8.323865715569656,8.373410906884732,After the historical event,Event not experienced
2.38,1,1,1,Additive genetic variance,500,3.102044721936209,3.100629433218992,2.311934741842754,3.902147098883286,3.093844094078299,3.102044721936209,After the historical event,Event experienced
2.38,1,1,1,Nuclear-family environmental variance,500,2.2614272822700525,2.259237945894599,1.802194263341438,2.757475327704511,2.25,2.2614272822700525,After the historical event,Event experienced
2.38,1,1,1,Nonshared environmental variance,500,4.000195645598569,3.9979157529765192,3.5286162433282486,4.449784934141407,4,4.000195645598569,After the historical event,Event experienced
2.38,1,1,1,Phenotypic variance,500,9.36366764980483,9.365829508743333,8.79082703612353,9.942700827166119,9.3438440940783,9.36366764980483,After the historical event,Event experienced
2.4000000000000004,0,0,0,Additive genetic variance,500,2.0700610569671283,2.0525468557219537,1.4264337618890806,2.878386523891387,2.042744733464751,2.0700610569671283,Before the historical event,Event not experienced
2.4000000000000004,0,0,0,Nuclear-family environmental variance,500,2.2588873930018294,2.2531721535651275,1.6766910147349845,2.9174191860564305,2.25,2.2588873930018294,Before the historical event,Event not experienced
2.4000000000000004,0,0,0,Nonshared environmental variance,500,4.013903226844716,3.998617221735782,3.3573947416390584,4.749329610503084,4,4.013903226844716,Before the historical event,Event not experienced
2.4000000000000004,0,0,0,Phenotypic variance,500,8.342851676813673,8.32458501642962,7.704249459294278,9.026384763104144,8.292744733464751,8.342851676813673,Before the historical event,Event not experienced
2.4000000000000004,0,1,0,Additive genetic variance,500,2.0700610569671283,2.0525468557219537,1.4264337618890806,2.878386523891387,2.042744733464751,2.0700610569671283,Before the historical event,Event experienced
2.4000000000000004,0,1,0,Nuclear-family environmental variance,500,2.2588873930018294,2.2531721535651275,1.6766910147349845,2.9174191860564305,2.25,2.2588873930018294,Before the historical event,Event experienced
2.4000000000000004,0,1,0,Nonshared environmental variance,500,4.013903226844716,3.998617221735782,3.3573947416390584,4.749329610503084,4,4.013903226844716,Before the historical event,Event experienced
2.4000000000000004,0,1,0,Phenotypic variance,500,8.342851676813673,8.32458501642962,7.704249459294278,9.026384763104144,8.292744733464751,8.342851676813673,Before the historical event,Event experienced
2.4000000000000004,1,0,0,Additive genetic variance,500,2.0700610569671283,2.0525468557219537,1.4264337618890806,2.878386523891387,2.042744733464751,2.0700610569671283,After the historical event,Event not experienced
2.4000000000000004,1,0,0,Nuclear-family environmental variance,500,2.2588873930018294,2.2531721535651275,1.6766910147349845,2.9174191860564305,2.25,2.2588873930018294,After the historical event,Event not experienced
2.4000000000000004,1,0,0,Nonshared environmental variance,500,4.013903226844716,3.998617221735782,3.3573947416390584,4.749329610503084,4,4.013903226844716,After the historical event,Event not experienced
2.4000000000000004,1,0,0,Phenotypic variance,500,8.342851676813673,8.32458501642962,7.704249459294278,9.026384763104144,8.292744733464751,8.342851676813673,After the historical event,Event not experienced
2.4000000000000004,1,1,1,Additive genetic variance,500,3.0551271170351715,3.0580564881186727,2.273007150313939,3.840480682197387,3.04741704435935,3.0551271170351715,After the historical event,Event experienced
2.4000000000000004,1,1,1,Nuclear-family environmental variance,500,2.2610031521385543,2.260435155703538,1.8059323217915841,2.749502693051925,2.25,2.2610031521385543,After the historical event,Event experienced
2.4000000000000004,1,1,1,Nonshared environmental variance,500,4.000156752109401,3.9973771062451027,3.5320265184154227,4.446165638739892,4,4.000156752109401,After the historical event,Event experienced
2.4000000000000004,1,1,1,Phenotypic variance,500,9.316287021283127,9.320467144942407,8.749435669251598,9.8805022527833,9.29741704435935,9.316287021283127,After the historical event,Event experienced
2.42,0,0,0,Additive genetic variance,500,2.039238881640869,2.018464540779846,1.4021001491577605,2.8430262451277746,2.0117688523500443,2.039238881640869,Before the historical event,Event not experienced
2.42,0,0,0,Nuclear-family environmental variance,500,2.2590427330082985,2.252730311827749,1.6723929375450617,2.9226255471009766,2.25,2.2590427330082985,Before the historical event,Event not experienced
2.42,0,0,0,Nonshared environmental variance,500,4.014157988993221,3.9994821474214843,3.3535186173723215,4.7542076758,4,4.014157988993221,Before the historical event,Event not experienced
2.42,0,0,0,Phenotypic variance,500,8.312439603642387,8.28853111212035,7.669563459487839,9.009907079624899,8.261768852350045,8.312439603642387,Before the historical event,Event not experienced
2.42,0,1,0,Additive genetic variance,500,2.039238881640869,2.018464540779846,1.4021001491577605,2.8430262451277746,2.0117688523500443,2.039238881640869,Before the historical event,Event experienced
2.42,0,1,0,Nuclear-family environmental variance,500,2.2590427330082985,2.252730311827749,1.6723929375450617,2.9226255471009766,2.25,2.2590427330082985,Before the historical event,Event experienced
2.42,0,1,0,Nonshared environmental variance,500,4.014157988993221,3.9994821474214843,3.3535186173723215,4.7542076758,4,4.014157988993221,Before the historical event,Event experienced
2.42,0,1,0,Phenotypic variance,500,8.312439603642387,8.28853111212035,7.669563459487839,9.009907079624899,8.261768852350045,8.312439603642387,Before the historical event,Event experienced
2.42,1,0,0,Additive genetic variance,500,2.039238881640869,2.018464540779846,1.4021001491577605,2.8430262451277746,2.0117688523500443,2.039238881640869,After the historical event,Event not experienced
2.42,1,0,0,Nuclear-family environmental variance,500,2.2590427330082985,2.252730311827749,1.6723929375450617,2.9226255471009766,2.25,2.2590427330082985,After the historical event,Event not experienced
2.42,1,0,0,Nonshared environmental variance,500,4.014157988993221,3.9994821474214843,3.3535186173723215,4.7542076758,4,4.014157988993221,After the historical event,Event not experienced
2.42,1,0,0,Phenotypic variance,500,8.312439603642387,8.28853111212035,7.669563459487839,9.009907079624899,8.261768852350045,8.312439603642387,After the historical event,Event not experienced
2.42,1,1,1,Additive genetic variance,500,3.008455308127205,3.010837056547394,2.231641258033588,3.779166890220722,3.00120645988123,3.008455308127205,After the historical event,Event experienced
2.42,1,1,1,Nuclear-family environmental variance,500,2.2605798135607986,2.260794940009996,1.8096943814774153,2.741347489415123,2.25,2.2605798135607986,After the historical event,Event experienced
2.42,1,1,1,Nonshared environmental variance,500,4.000115355671394,3.999261023804857,3.5354462899098404,4.440487452886556,4,4.000115355671394,After the historical event,Event experienced
2.42,1,1,1,Phenotypic variance,500,9.269150477359398,9.27078929060838,8.713104359288904,9.817472933860236,9.25120645988123,9.269150477359398,After the historical event,Event experienced
2.4400000000000004,0,0,0,Additive genetic variance,500,2.0085709223718644,1.9872147814486805,1.3779730979228546,2.8076603464960104,1.980945708276266,2.0085709223718644,Before the historical event,Event not experienced
2.4400000000000004,0,0,0,Nuclear-family environmental variance,500,2.2592004410840048,2.2541670027817062,1.6681085808960052,2.927825805662946,2.25,2.2592004410840048,Before the historical event,Event not experienced
2.4400000000000004,0,0,0,Nonshared environmental variance,500,4.014410838195492,3.9995744847639125,3.3487366977126483,4.759092696833799,4,4.014410838195492,Before the historical event,Event not experienced
2.4400000000000004,0,0,0,Phenotypic variance,500,8.282182201651361,8.25722150799494,7.635055738474755,8.989175361645728,8.230945708276266,8.282182201651361,Before the historical event,Event not experienced
2.4400000000000004,0,1,0,Additive genetic variance,500,2.0085709223718644,1.9872147814486805,1.3779730979228546,2.8076603464960104,1.980945708276266,2.0085709223718644,Before the historical event,Event experienced
2.4400000000000004,0,1,0,Nuclear-family environmental variance,500,2.2592004410840048,2.2541670027817062,1.6681085808960052,2.927825805662946,2.25,2.2592004410840048,Before the historical event,Event experienced
2.4400000000000004,0,1,0,Nonshared environmental variance,500,4.014410838195492,3.9995744847639125,3.3487366977126483,4.759092696833799,4,4.014410838195492,Before the historical event,Event experienced
2.4400000000000004,0,1,0,Phenotypic variance,500,8.282182201651361,8.25722150799494,7.635055738474755,8.989175361645728,8.230945708276266,8.282182201651361,Before the historical event,Event experienced
2.4400000000000004,1,0,0,Additive genetic variance,500,2.0085709223718644,1.9872147814486805,1.3779730979228546,2.8076603464960104,1.980945708276266,2.0085709223718644,After the historical event,Event not experienced
2.4400000000000004,1,0,0,Nuclear-family environmental variance,500,2.2592004410840048,2.2541670027817062,1.6681085808960052,2.927825805662946,2.25,2.2592004410840048,After the historical event,Event not experienced
2.4400000000000004,1,0,0,Nonshared environmental variance,500,4.014410838195492,3.9995744847639125,3.3487366977126483,4.759092696833799,4,4.014410838195492,After the historical event,Event not experienced
2.4400000000000004,1,0,0,Phenotypic variance,500,8.282182201651361,8.25722150799494,7.635055738474755,8.989175361645728,8.230945708276266,8.282182201651361,After the historical event,Event not experienced
2.4400000000000004,1,1,1,Additive genetic variance,500,2.962040239310379,2.9590922452034123,2.194942014914722,3.7184731353947367,2.955223732293013,2.962040239310379,After the historical event,Event experienced
2.4400000000000004,1,1,1,Nuclear-family environmental variance,500,2.260157343470136,2.2608475191708632,1.813480528020318,2.733251032651172,2.25,2.260157343470136,After the historical event,Event experienced
2.4400000000000004,1,1,1,Nonshared environmental variance,500,4.000071488531808,3.9992917579712293,3.5388755780184713,4.4344572341585025,4,4.000071488531808,After the historical event,Event experienced
2.4400000000000004,1,1,1,Phenotypic variance,500,9.222269071312324,9.225349082911961,8.677620728586184,9.76152008542475,9.205223732293014,9.222269071312324,After the historical event,Event experienced
2.46,0,0,0,Additive genetic variance,500,1.9780643953234316,1.9523318376279755,1.3537588298965706,2.772089736823334,1.950282748158385,1.9780643953234316,Before the historical event,Event not experienced
2.46,0,0,0,Nuclear-family environmental variance,500,2.2593605936971346,2.2537249834352373,1.663837895935809,2.933399907530408,2.25,2.2593605936971346,Before the historical event,Event not experienced
2.46,0,0,0,Nonshared environmental variance,500,4.014661807108951,4.002595568687232,3.3438806779144006,4.763984680949846,4,4.014661807108951,Before the historical event,Event not experienced
2.46,0,0,0,Phenotypic variance,500,8.252086796129516,8.22544969367685,7.601561874668278,8.967165025363592,8.200282748158385,8.252086796129516,Before the historical event,Event not experienced
2.46,0,1,0,Additive genetic variance,500,1.9780643953234316,1.9523318376279755,1.3537588298965706,2.772089736823334,1.950282748158385,1.9780643953234316,Before the historical event,Event experienced
2.46,0,1,0,Nuclear-family environmental variance,500,2.2593605936971346,2.2537249834352373,1.663837895935809,2.933399907530408,2.25,2.2593605936971346,Before the historical event,Event experienced
2.46,0,1,0,Nonshared environmental variance,500,4.014661807108951,4.002595568687232,3.3438806779144006,4.763984680949846,4,4.014661807108951,Before the historical event,Event experienced
2.46,0,1,0,Phenotypic variance,500,8.252086796129516,8.22544969367685,7.601561874668278,8.967165025363592,8.200282748158385,8.252086796129516,Before the historical event,Event experienced
2.46,1,0,0,Additive genetic variance,500,1.9780643953234316,1.9523318376279755,1.3537588298965706,2.772089736823334,1.950282748158385,1.9780643953234316,After the historical event,Event not experienced
2.46,1,0,0,Nuclear-family environmental variance,500,2.2593605936971346,2.2537249834352373,1.663837895935809,2.933399907530408,2.25,2.2593605936971346,After the historical event,Event not experienced
2.46,1,0,0,Nonshared environmental variance,500,4.014661807108951,4.002595568687232,3.3438806779144006,4.763984680949846,4,4.014661807108951,After the historical event,Event not experienced
2.46,1,0,0,Phenotypic variance,500,8.252086796129516,8.22544969367685,7.601561874668278,8.967165025363592,8.200282748158385,8.252086796129516,After the historical event,Event not experienced
2.46,1,1,1,Additive genetic variance,500,2.915892554199183,2.9141827818830834,2.1671093110596926,3.6607514140934874,2.9094799710863684,2.915892554199183,After the historical event,Event experienced
2.46,1,1,1,Nuclear-family environmental variance,500,2.2597358198567927,2.2609302079480766,1.8151540439662814,2.7267847601349775,2.25,2.2597358198567927,After the historical event,Event experienced
2.46,1,1,1,Nonshared environmental variance,500,4.0000251835014975,3.9997885371190014,3.542656270986747,4.428391653432667,4,4.0000251835014975,After the historical event,Event experienced
2.46,1,1,1,Phenotypic variance,500,9.175653557557473,9.177085376554844,8.642096414140479,9.706242157588436,9.159479971086368,9.175653557557473,After the historical event,Event experienced
2.4800000000000004,0,0,0,Additive genetic variance,500,1.9477263243978309,1.9204911057795844,1.3285838844797073,2.735825399545337,1.919787227944425,1.9477263243978309,Before the historical event,Event not experienced
2.4800000000000004,0,0,0,Nuclear-family environmental variance,500,2.2595232684726287,2.2508751323311786,1.659580834004263,2.9399643260988704,2.25,2.2595232684726287,Before the historical event,Event not experienced
2.4800000000000004,0,0,0,Nonshared environmental variance,500,4.014910928962812,4.007965114254001,3.33902164342491,4.7688836356488835,4,4.014910928962812,Before the historical event,Event not experienced
2.4800000000000004,0,0,0,Phenotypic variance,500,8.222160521833272,8.196073009291343,7.567167422656102,8.949967157622524,8.169787227944425,8.222160521833272,Before the historical event,Event not experienced
2.4800000000000004,0,1,0,Additive genetic variance,500,1.9477263243978309,1.9204911057795844,1.3285838844797073,2.735825399545337,1.919787227944425,1.9477263243978309,Before the historical event,Event experienced
2.4800000000000004,0,1,0,Nuclear-family environmental variance,500,2.2595232684726287,2.2508751323311786,1.659580834004263,2.9399643260988704,2.25,2.2595232684726287,Before the historical event,Event experienced
2.4800000000000004,0,1,0,Nonshared environmental variance,500,4.014910928962812,4.007965114254001,3.33902164342491,4.7688836356488835,4,4.014910928962812,Before the historical event,Event experienced
2.4800000000000004,0,1,0,Phenotypic variance,500,8.222160521833272,8.196073009291343,7.567167422656102,8.949967157622524,8.169787227944425,8.222160521833272,Before the historical event,Event experienced
2.4800000000000004,1,0,0,Additive genetic variance,500,1.9477263243978309,1.9204911057795844,1.3285838844797073,2.735825399545337,1.919787227944425,1.9477263243978309,After the historical event,Event not experienced
2.4800000000000004,1,0,0,Nuclear-family environmental variance,500,2.2595232684726287,2.2508751323311786,1.659580834004263,2.9399643260988704,2.25,2.2595232684726287,After the historical event,Event not experienced
2.4800000000000004,1,0,0,Nonshared environmental variance,500,4.014910928962812,4.007965114254001,3.33902164342491,4.7688836356488835,4,4.014910928962812,After the historical event,Event not experienced
2.4800000000000004,1,0,0,Phenotypic variance,500,8.222160521833272,8.196073009291343,7.567167422656102,8.949967157622524,8.169787227944425,8.222160521833272,After the historical event,Event not experienced
2.4800000000000004,1,1,1,Additive genetic variance,500,2.870022593979175,2.868999922871989,2.1403114925447144,3.603671334593931,2.863986000863764,2.870022593979175,After the historical event,Event experienced
2.4800000000000004,1,1,1,Nuclear-family environmental variance,500,2.2593153217664326,2.2600041543908116,1.8157462643387645,2.7207450275588485,2.25,2.2593153217664326,After the historical event,Event experienced
2.4800000000000004,1,1,1,Nonshared environmental variance,500,3.999976473954739,4.000994197042707,3.5474001154284913,4.42229090903251,4,3.999976473954739,After the historical event,Event experienced
2.4800000000000004,1,1,1,Phenotypic variance,500,9.129314389700347,9.130010343186896,8.606760995253202,9.651117525755092,9.113986000863765,9.129314389700347,After the historical event,Event experienced
2.5,0,0,0,Additive genetic variance,500,1.9175635398754545,1.891806959871282,1.3046377960286155,2.6996174841754166,1.8894662109640588,1.9175635398754545,Before the historical event,Event not experienced
2.5,0,0,0,Nuclear-family environmental variance,500,2.259688544193192,2.2497930197784974,1.6553373466321375,2.9465398459809267,2.25,2.259688544193192,Before the historical event,Event not experienced
2.5,0,0,0,Nonshared environmental variance,500,4.015158237558148,4.007504088734466,3.334159628695274,4.773789568587787,4,4.015158237558148,Before the historical event,Event not experienced
2.5,0,0,0,Phenotypic variance,500,8.192410321626793,8.167991836776054,7.532789610859057,8.933232950845056,8.13946621096406,8.192410321626793,Before the historical event,Event not experienced
2.5,0,1,0,Additive genetic variance,500,1.9175635398754545,1.891806959871282,1.3046377960286155,2.6996174841754166,1.8894662109640588,1.9175635398754545,Before the historical event,Event experienced
2.5,0,1,0,Nuclear-family environmental variance,500,2.259688544193192,2.2497930197784974,1.6553373466321375,2.9465398459809267,2.25,2.259688544193192,Before the historical event,Event experienced
2.5,0,1,0,Nonshared environmental variance,500,4.015158237558148,4.007504088734466,3.334159628695274,4.773789568587787,4,4.015158237558148,Before the historical event,Event experienced
2.5,0,1,0,Phenotypic variance,500,8.192410321626793,8.167991836776054,7.532789610859057,8.933232950845056,8.13946621096406,8.192410321626793,Before the historical event,Event experienced
2.5,1,0,0,Additive genetic variance,500,1.9175635398754545,1.891806959871282,1.3046377960286155,2.6996174841754166,1.8894662109640588,1.9175635398754545,After the historical event,Event not experienced
2.5,1,0,0,Nuclear-family environmental variance,500,2.259688544193192,2.2497930197784974,1.6553373466321375,2.9465398459809267,2.25,2.259688544193192,After the historical event,Event not experienced
2.5,1,0,0,Nonshared environmental variance,500,4.015158237558148,4.007504088734466,3.334159628695274,4.773789568587787,4,4.015158237558148,After the historical event,Event not experienced
2.5,1,0,0,Phenotypic variance,500,8.192410321626793,8.167991836776054,7.532789610859057,8.933232950845056,8.13946621096406,8.192410321626793,After the historical event,Event not experienced
2.5,1,1,1,Additive genetic variance,500,2.8244403957419046,2.823533801054622,2.1133420291210596,3.5471622167998142,2.818752358874854,2.8244403957419046,After the historical event,Event experienced
2.5,1,1,1,Nuclear-family environmental variance,500,2.2588959292987134,2.2584958237092154,1.8163483635175202,2.714687842166384,2.25,2.2588959292987134,After the historical event,Event experienced
2.5,1,1,1,Nonshared environmental variance,500,3.999925393829061,4.001353656100298,3.552160862413004,4.416155200119857,4,3.999925393829061,After the historical event,Event experienced
2.5,1,1,1,Phenotypic variance,500,9.083261718869679,9.083009270486318,8.566725242900507,9.596646013511734,9.068752358874853,9.083261718869679,After the historical event,Event experienced
2.5200000000000005,0,0,0,Additive genetic variance,500,1.8875826772334308,1.8611119269170087,1.2814697696091613,2.663480292160923,1.8593265664557523,1.8875826772334308,Before the historical event,Event not experienced
2.5200000000000005,0,0,0,Nuclear-family environmental variance,500,2.259856500800303,2.2502347530172786,1.6518605759604794,2.9532121460065053,2.25,2.259856500800303,Before the historical event,Event not experienced
2.5200000000000005,0,0,0,Nonshared environmental variance,500,4.015403767267941,4.006426452924913,3.3292946681523787,4.778702487580322,4,4.015403767267941,Before the historical event,Event not experienced
2.5200000000000005,0,0,0,Phenotypic variance,500,8.162842945301675,8.14021937076727,7.499151912520819,8.916751414145477,8.109326566455753,8.162842945301675,Before the historical event,Event not experienced
2.5200000000000005,0,1,0,Additive genetic variance,500,1.8875826772334308,1.8611119269170087,1.2814697696091613,2.663480292160923,1.8593265664557523,1.8875826772334308,Before the historical event,Event experienced
2.5200000000000005,0,1,0,Nuclear-family environmental variance,500,2.259856500800303,2.2502347530172786,1.6518605759604794,2.9532121460065053,2.25,2.259856500800303,Before the historical event,Event experienced
2.5200000000000005,0,1,0,Nonshared environmental variance,500,4.015403767267941,4.006426452924913,3.3292946681523787,4.778702487580322,4,4.015403767267941,Before the historical event,Event experienced
2.5200000000000005,0,1,0,Phenotypic variance,500,8.162842945301675,8.14021937076727,7.499151912520819,8.916751414145477,8.109326566455753,8.162842945301675,Before the historical event,Event experienced
2.5200000000000005,1,0,0,Additive genetic variance,500,1.8875826772334308,1.8611119269170087,1.2814697696091613,2.663480292160923,1.8593265664557523,1.8875826772334308,After the historical event,Event not experienced
2.5200000000000005,1,0,0,Nuclear-family environmental variance,500,2.259856500800303,2.2502347530172786,1.6518605759604794,2.9532121460065053,2.25,2.259856500800303,After the historical event,Event not experienced
2.5200000000000005,1,0,0,Nonshared environmental variance,500,4.015403767267941,4.006426452924913,3.3292946681523787,4.778702487580322,4,4.015403767267941,After the historical event,Event not experienced
2.5200000000000005,1,0,0,Phenotypic variance,500,8.162842945301675,8.14021937076727,7.499151912520819,8.916751414145477,8.109326566455753,8.162842945301675,After the historical event,Event not experienced
2.5200000000000005,1,1,1,Additive genetic variance,500,2.779155691096891,2.7742877193416837,2.0943848598333217,3.4940474977962253,2.773789292819234,2.779155691096891,After the historical event,Event experienced
2.5200000000000005,1,1,1,Nuclear-family environmental variance,500,2.2584777236058438,2.256887933125188,1.81906834716847,2.7086133807348984,2.25,2.2584777236058438,After the historical event,Event experienced
2.5200000000000005,1,1,1,Nonshared environmental variance,500,3.9998719776250673,4.003736687221123,3.556938564648649,4.410013776505159,4,3.9998719776250673,After the historical event,Event experienced
2.5200000000000005,1,1,1,Phenotypic variance,500,9.037505392327802,9.037114238827211,8.526762130411349,9.542531130961615,9.023789292819234,9.037505392327802,After the historical event,Event experienced
2.54,0,0,0,Additive genetic variance,500,1.8577901761417925,1.831308892241319,1.2584225162897655,2.6280948268276445,1.8293749682710956,1.8577901761417925,Before the historical event,Event not experienced
2.54,0,0,0,Nuclear-family environmental variance,500,2.2600272193952384,2.249669172033676,1.6515363471574673,2.9599288698297745,2.25,2.2600272193952384,Before the historical event,Event not experienced
2.54,0,0,0,Nonshared environmental variance,500,4.015647553037134,4.006053164334864,3.3244267961985017,4.783622400597904,4,4.015647553037134,Before the historical event,Event not experienced
2.54,0,0,0,Phenotypic variance,500,8.133464948574165,8.113378081510694,7.465751461252409,8.900528151664329,8.079374968271097,8.133464948574165,Before the historical event,Event not experienced
2.54,0,1,0,Additive genetic variance,500,1.8577901761417925,1.831308892241319,1.2584225162897655,2.6280948268276445,1.8293749682710956,1.8577901761417925,Before the historical event,Event experienced
2.54,0,1,0,Nuclear-family environmental variance,500,2.2600272193952384,2.249669172033676,1.6515363471574673,2.9599288698297745,2.25,2.2600272193952384,Before the historical event,Event experienced
2.54,0,1,0,Nonshared environmental variance,500,4.015647553037134,4.006053164334864,3.3244267961985017,4.783622400597904,4,4.015647553037134,Before the historical event,Event experienced
2.54,0,1,0,Phenotypic variance,500,8.133464948574165,8.113378081510694,7.465751461252409,8.900528151664329,8.079374968271097,8.133464948574165,Before the historical event,Event experienced
2.54,1,0,0,Additive genetic variance,500,1.8577901761417925,1.831308892241319,1.2584225162897655,2.6280948268276445,1.8293749682710956,1.8577901761417925,After the historical event,Event not experienced
2.54,1,0,0,Nuclear-family environmental variance,500,2.2600272193952384,2.249669172033676,1.6515363471574673,2.9599288698297745,2.25,2.2600272193952384,After the historical event,Event not experienced
2.54,1,0,0,Nonshared environmental variance,500,4.015647553037134,4.006053164334864,3.3244267961985017,4.783622400597904,4,4.015647553037134,After the historical event,Event not experienced
2.54,1,0,0,Phenotypic variance,500,8.133464948574165,8.113378081510694,7.465751461252409,8.900528151664329,8.079374968271097,8.133464948574165,After the historical event,Event not experienced
2.54,1,1,1,Additive genetic variance,500,2.734177905057284,2.7290038746518053,2.075842264551798,3.44393820228846,2.7291067589135354,2.734177905057284,After the historical event,Event experienced
2.54,1,1,1,Nuclear-family environmental variance,500,2.2580607868911415,2.254803915451327,1.8221852612113567,2.7025218203538945,2.25,2.2580607868911415,After the historical event,Event experienced
2.54,1,1,1,Nonshared environmental variance,500,3.9998162604062557,4.004845563184377,3.561733275099682,4.407506610944894,4,3.9998162604062557,After the historical event,Event experienced
2.54,1,1,1,Phenotypic variance,500,8.992054952354682,8.990521349742567,8.48710472808106,9.486359946023065,8.979106758913534,8.992054952354682,After the historical event,Event experienced
2.5600000000000005,0,0,0,Additive genetic variance,500,1.8281922796350916,1.8005851420401888,1.2324482248531734,2.5942119732657165,1.7996178937547236,1.8281922796350916,Before the historical event,Event not experienced
2.5600000000000005,0,0,0,Nuclear-family environmental variance,500,2.260200782240105,2.2463287867868695,1.6512441141533483,2.9666740786348593,2.25,2.260200782240105,Before the historical event,Event not experienced
2.5600000000000005,0,0,0,Nonshared environmental variance,500,4.01588963038268,4.005588627117074,3.319556047210913,4.788549315770364,4,4.01588963038268,Before the historical event,Event not experienced
2.5600000000000005,0,0,0,Phenotypic variance,500,8.104282692257877,8.08275808609891,7.430964734460168,8.884568594814766,8.049617893754723,8.104282692257877,Before the historical event,Event not experienced
2.5600000000000005,0,1,0,Additive genetic variance,500,1.8281922796350916,1.8005851420401888,1.2324482248531734,2.5942119732657165,1.7996178937547236,1.8281922796350916,Before the historical event,Event experienced
2.5600000000000005,0,1,0,Nuclear-family environmental variance,500,2.260200782240105,2.2463287867868695,1.6512441141533483,2.9666740786348593,2.25,2.260200782240105,Before the historical event,Event experienced
2.5600000000000005,0,1,0,Nonshared environmental variance,500,4.01588963038268,4.005588627117074,3.319556047210913,4.788549315770364,4,4.01588963038268,Before the historical event,Event experienced
2.5600000000000005,0,1,0,Phenotypic variance,500,8.104282692257877,8.08275808609891,7.430964734460168,8.884568594814766,8.049617893754723,8.104282692257877,Before the historical event,Event experienced
2.5600000000000005,1,0,0,Additive genetic variance,500,1.8281922796350916,1.8005851420401888,1.2324482248531734,2.5942119732657165,1.7996178937547236,1.8281922796350916,After the historical event,Event not experienced
2.5600000000000005,1,0,0,Nuclear-family environmental variance,500,2.260200782240105,2.2463287867868695,1.6512441141533483,2.9666740786348593,2.25,2.260200782240105,After the historical event,Event not experienced
2.5600000000000005,1,0,0,Nonshared environmental variance,500,4.01588963038268,4.005588627117074,3.319556047210913,4.788549315770364,4,4.01588963038268,After the historical event,Event not experienced
2.5600000000000005,1,0,0,Phenotypic variance,500,8.104282692257877,8.08275808609891,7.430964734460168,8.884568594814766,8.049617893754723,8.104282692257877,After the historical event,Event not experienced
2.5600000000000005,1,1,1,Additive genetic variance,500,2.6895161551954603,2.68804359331111,2.0524727550310606,3.3940689982317367,2.6847144202204603,2.6895161551954603,After the historical event,Event experienced
2.5600000000000005,1,1,1,Nuclear-family environmental variance,500,2.257645202407589,2.2569599621962695,1.825329008696054,2.695946826575856,2.25,2.257645202407589,After the historical event,Event experienced
2.5600000000000005,1,1,1,Nonshared environmental variance,500,3.999758277798836,4.004936925063256,3.5665450469874225,4.402310376592748,4,3.999758277798836,After the historical event,Event experienced
2.5600000000000005,1,1,1,Phenotypic variance,500,8.946919635401885,8.945317620806588,8.447610869082983,9.43190382562825,8.93471442022046,8.946919635401885,After the historical event,Event experienced
2.58,0,0,0,Additive genetic variance,500,1.7987950334572667,1.770323398156961,1.206756906984553,2.5604348560510477,1.7700616227981283,1.7987950334572667,Before the historical event,Event not experienced
2.58,0,0,0,Nuclear-family environmental variance,500,2.260377272758882,2.243995574153457,1.647411984458401,2.973447909842013,2.25,2.260377272758882,Before the historical event,Event not experienced
2.58,0,0,0,Nonshared environmental variance,500,4.016130035393589,4.004709985993415,3.3146824555414796,4.793483241386713,4,4.016130035393589,Before the historical event,Event not experienced
2.58,0,0,0,Phenotypic variance,500,8.075302341609737,8.053132773226611,7.395125169957776,8.868878002376503,8.020061622798128,8.075302341609737,Before the historical event,Event not experienced
2.58,0,1,0,Additive genetic variance,500,1.7987950334572667,1.770323398156961,1.206756906984553,2.5604348560510477,1.7700616227981283,1.7987950334572667,Before the historical event,Event experienced
2.58,0,1,0,Nuclear-family environmental variance,500,2.260377272758882,2.243995574153457,1.647411984458401,2.973447909842013,2.25,2.260377272758882,Before the historical event,Event experienced
2.58,0,1,0,Nonshared environmental variance,500,4.016130035393589,4.004709985993415,3.3146824555414796,4.793483241386713,4,4.016130035393589,Before the historical event,Event experienced
2.58,0,1,0,Phenotypic variance,500,8.075302341609737,8.053132773226611,7.395125169957776,8.868878002376503,8.020061622798128,8.075302341609737,Before the historical event,Event experienced
2.58,1,0,0,Additive genetic variance,500,1.7987950334572667,1.770323398156961,1.206756906984553,2.5604348560510477,1.7700616227981283,1.7987950334572667,After the historical event,Event not experienced
2.58,1,0,0,Nuclear-family environmental variance,500,2.260377272758882,2.243995574153457,1.647411984458401,2.973447909842013,2.25,2.260377272758882,After the historical event,Event not experienced
2.58,1,0,0,Nonshared environmental variance,500,4.016130035393589,4.004709985993415,3.3146824555414796,4.793483241386713,4,4.016130035393589,After the historical event,Event not experienced
2.58,1,0,0,Phenotypic variance,500,8.075302341609737,8.053132773226611,7.395125169957776,8.868878002376503,8.020061622798128,8.075302341609737,After the historical event,Event not experienced
2.58,1,1,1,Additive genetic variance,500,2.6451792510646803,2.6435787592305546,2.0234657774255895,3.342914956869014,2.640621645237234,2.6451792510646803,After the historical event,Event experienced
2.58,1,1,1,Nuclear-family environmental variance,500,2.2572310544563985,2.2537238410786316,1.8284997018028024,2.686840429497403,2.25,2.2572310544563985,After the historical event,Event experienced
2.58,1,1,1,Nonshared environmental variance,500,3.999698065991539,4.005544406180489,3.5713739337914228,4.399861214846168,4,3.999698065991539,After the historical event,Event experienced
2.58,1,1,1,Phenotypic variance,500,8.902108371512618,8.90012677152031,8.409973100279872,9.377810466860712,8.890621645237234,8.902108371512618,After the historical event,Event experienced
2.6000000000000005,0,0,0,Additive genetic variance,500,1.7696042855773209,1.7415834730275215,1.1823080956796512,2.5284102030417257,1.7407122370654262,1.7696042855773209,Before the historical event,Event not experienced
2.6000000000000005,0,0,0,Nuclear-family environmental variance,500,2.260556775538477,2.245366185096195,1.6428327381117782,2.9802505017346137,2.25,2.260556775538477,Before the historical event,Event not experienced
2.6000000000000005,0,0,0,Nonshared environmental variance,500,4.01636880473097,4.003418184113395,3.309806055516269,4.798424185895918,4,4.01636880473097,Before the historical event,Event not experienced
2.6000000000000005,0,0,0,Phenotypic variance,500,8.046529865846768,8.020150509465651,7.360558336502366,8.84977673633439,7.990712237065426,8.046529865846768,Before the historical event,Event not experienced
2.6000000000000005,0,1,0,Additive genetic variance,500,1.7696042855773209,1.7415834730275215,1.1823080956796512,2.5284102030417257,1.7407122370654262,1.7696042855773209,Before the historical event,Event experienced
2.6000000000000005,0,1,0,Nuclear-family environmental variance,500,2.260556775538477,2.245366185096195,1.6428327381117782,2.9802505017346137,2.25,2.260556775538477,Before the historical event,Event experienced
2.6000000000000005,0,1,0,Nonshared environmental variance,500,4.01636880473097,4.003418184113395,3.309806055516269,4.798424185895918,4,4.01636880473097,Before the historical event,Event experienced
2.6000000000000005,0,1,0,Phenotypic variance,500,8.046529865846768,8.020150509465651,7.360558336502366,8.84977673633439,7.990712237065426,8.046529865846768,Before the historical event,Event experienced
2.6000000000000005,1,0,0,Additive genetic variance,500,1.7696042855773209,1.7415834730275215,1.1823080956796512,2.5284102030417257,1.7407122370654262,1.7696042855773209,After the historical event,Event not experienced
2.6000000000000005,1,0,0,Nuclear-family environmental variance,500,2.260556775538477,2.245366185096195,1.6428327381117782,2.9802505017346137,2.25,2.260556775538477,After the historical event,Event not experienced
2.6000000000000005,1,0,0,Nonshared environmental variance,500,4.01636880473097,4.003418184113395,3.309806055516269,4.798424185895918,4,4.01636880473097,After the historical event,Event not experienced
2.6000000000000005,1,0,0,Phenotypic variance,500,8.046529865846768,8.020150509465651,7.360558336502366,8.84977673633439,7.990712237065426,8.046529865846768,After the historical event,Event not experienced
2.6000000000000005,1,1,1,Additive genetic variance,500,2.60117569388256,2.5960787513147263,1.9916726827753055,3.290188904157536,2.596837506740589,2.60117569388256,After the historical event,Event experienced
2.6000000000000005,1,1,1,Nuclear-family environmental variance,500,2.2568184283855732,2.2535352997546214,1.8316974538972977,2.6821498951010887,2.25,2.2568184283855732,After the historical event,Event experienced
2.6000000000000005,1,1,1,Nonshared environmental variance,500,3.999635661735428,4.007039081483702,3.5762199892506494,4.397471733748583,4,3.999635661735428,After the historical event,Event experienced
2.6000000000000005,1,1,1,Phenotypic variance,500,8.857629784003562,8.853406212637163,8.374897296505978,9.324239619879386,8.846837506740588,8.857629784003562,After the historical event,Event experienced
2.62,0,0,0,Additive genetic variance,500,1.7406256858733031,1.7100591853046123,1.1596179403988387,2.493740837467641,1.7115756193890546,1.7406256858733031,Before the historical event,Event not experienced
2.62,0,0,0,Nuclear-family environmental variance,500,2.2607393763297967,2.24558441179172,1.6382562856324974,2.9870819934650368,2.25,2.2607393763297967,Before the historical event,Event not experienced
2.62,0,0,0,Nonshared environmental variance,500,4.016605975628075,4.003621172663676,3.304926881435157,4.803372157907676,4,4.016605975628075,Before the historical event,Event not experienced
2.62,0,0,0,Phenotypic variance,500,8.017971037831176,7.99148802426504,7.327091489485593,8.825708259859283,7.961575619389055,8.017971037831176,Before the historical event,Event not experienced
2.62,0,1,0,Additive genetic variance,500,1.7406256858733031,1.7100591853046123,1.1596179403988387,2.493740837467641,1.7115756193890546,1.7406256858733031,Before the historical event,Event experienced
2.62,0,1,0,Nuclear-family environmental variance,500,2.2607393763297967,2.24558441179172,1.6382562856324974,2.9870819934650368,2.25,2.2607393763297967,Before the historical event,Event experienced
2.62,0,1,0,Nonshared environmental variance,500,4.016605975628075,4.003621172663676,3.304926881435157,4.803372157907676,4,4.016605975628075,Before the historical event,Event experienced
2.62,0,1,0,Phenotypic variance,500,8.017971037831176,7.99148802426504,7.327091489485593,8.825708259859283,7.961575619389055,8.017971037831176,Before the historical event,Event experienced
2.62,1,0,0,Additive genetic variance,500,1.7406256858733031,1.7100591853046123,1.1596179403988387,2.493740837467641,1.7115756193890546,1.7406256858733031,After the historical event,Event not experienced
2.62,1,0,0,Nuclear-family environmental variance,500,2.2607393763297967,2.24558441179172,1.6382562856324974,2.9870819934650368,2.25,2.2607393763297967,After the historical event,Event not experienced
2.62,1,0,0,Nonshared environmental variance,500,4.016605975628075,4.003621172663676,3.304926881435157,4.803372157907676,4,4.016605975628075,After the historical event,Event not experienced
2.62,1,0,0,Phenotypic variance,500,8.017971037831176,7.99148802426504,7.327091489485593,8.825708259859283,7.961575619389055,8.017971037831176,After the historical event,Event not experienced
2.62,1,1,1,Additive genetic variance,500,2.557513676472024,2.5523680189279165,1.953373766107113,3.2431502191850567,2.5533707808852464,2.557513676472024,After the historical event,Event experienced
2.62,1,1,1,Nuclear-family environmental variance,500,2.256407410588481,2.253358623558455,1.83492237953793,2.6779881414990605,2.25,2.256407410588481,After the historical event,Event experienced
2.62,1,1,1,Nonshared environmental variance,500,3.9995711023437015,4.008894548630678,3.580385085696153,4.39508975911294,4,3.9995711023437015,After the historical event,Event experienced
2.62,1,1,1,Phenotypic variance,500,8.813492189404206,8.81381456567566,8.345043070304527,9.27528463763976,8.803370780885245,8.813492189404206,After the historical event,Event experienced
2.6399999999999997,0,0,0,Additive genetic variance,500,1.71186468598185,1.67880128817815,1.1375579292215485,2.458747494367075,1.6826574533331564,1.71186468598185,Before the historical event,Event not experienced
2.6399999999999997,0,0,0,Nuclear-family environmental variance,500,2.260925162048833,2.2446429537914607,1.6336608708214284,2.9918524363300723,2.25,2.260925162048833,Before the historical event,Event not experienced
2.6399999999999997,0,0,0,Nonshared environmental variance,500,4.016841585890339,4.003220458477763,3.3000449675714294,4.808327166193186,4,4.016841585890339,Before the historical event,Event not experienced
2.6399999999999997,0,0,0,Phenotypic variance,500,7.989631433921023,7.968709992530833,7.293111803682056,8.80182193024236,7.932657453333157,7.989631433921023,Before the historical event,Event not experienced
2.6399999999999997,0,1,0,Additive genetic variance,500,1.71186468598185,1.67880128817815,1.1375579292215485,2.458747494367075,1.6826574533331564,1.71186468598185,Before the historical event,Event experienced
2.6399999999999997,0,1,0,Nuclear-family environmental variance,500,2.260925162048833,2.2446429537914607,1.6336608708214284,2.9918524363300723,2.25,2.260925162048833,Before the historical event,Event experienced
2.6399999999999997,0,1,0,Nonshared environmental variance,500,4.016841585890339,4.003220458477763,3.3000449675714294,4.808327166193186,4,4.016841585890339,Before the historical event,Event experienced
2.6399999999999997,0,1,0,Phenotypic variance,500,7.989631433921023,7.968709992530833,7.293111803682056,8.80182193024236,7.932657453333157,7.989631433921023,Before the historical event,Event experienced
2.6399999999999997,1,0,0,Additive genetic variance,500,1.71186468598185,1.67880128817815,1.1375579292215485,2.458747494367075,1.6826574533331564,1.71186468598185,After the historical event,Event not experienced
2.6399999999999997,1,0,0,Nuclear-family environmental variance,500,2.260925162048833,2.2446429537914607,1.6336608708214284,2.9918524363300723,2.25,2.260925162048833,After the historical event,Event not experienced
2.6399999999999997,1,0,0,Nonshared environmental variance,500,4.016841585890339,4.003220458477763,3.3000449675714294,4.808327166193186,4,4.016841585890339,After the historical event,Event not experienced
2.6399999999999997,1,0,0,Phenotypic variance,500,7.989631433921023,7.968709992530833,7.293111803682056,8.80182193024236,7.932657453333157,7.989631433921023,After the historical event,Event not experienced
2.6399999999999997,1,1,1,Additive genetic variance,500,2.514201083455046,2.5101956139480555,1.913058982846744,3.192020181675567,2.510229946552566,2.514201083455046,After the historical event,Event experienced
2.6399999999999997,1,1,1,Nuclear-family environmental variance,500,2.255998088502432,2.2531174119924797,1.8381745944831078,2.6708822114427555,2.25,2.255998088502432,After the historical event,Event experienced
2.6399999999999997,1,1,1,Nonshared environmental variance,500,3.999504425691496,4.009056858965851,3.5838137684617406,4.390052524075272,4,3.999504425691496,After the historical event,Event experienced
2.6399999999999997,1,1,1,Phenotypic variance,500,8.769703597648974,8.770173486172387,8.315251584346539,9.227687679690128,8.760229946552567,8.769703597648974,After the historical event,Event experienced
2.66,0,0,0,Additive genetic variance,500,1.6833265393104768,1.649109250973896,1.1136902711273344,2.4238670352321825,1.653963222922298,1.6833265393104768,Before the historical event,Event not experienced
2.66,0,0,0,Nuclear-family environmental variance,500,2.2611142207777606,2.2454981517863883,1.6290718171117418,2.995439700095569,2.25,2.2611142207777606,Before the historical event,Event not experienced
2.66,0,0,0,Nonshared environmental variance,500,4.017075673895417,4.00206786939243,3.295160348171394,4.81328921968594,4,4.017075673895417,Before the historical event,Event not experienced
2.66,0,0,0,Phenotypic variance,500,7.961516433983654,7.938529512822573,7.259180371498179,8.7781239970823,7.9039632229222985,7.961516433983654,Before the historical event,Event not experienced
2.66,0,1,0,Additive genetic variance,500,1.6833265393104768,1.649109250973896,1.1136902711273344,2.4238670352321825,1.653963222922298,1.6833265393104768,Before the historical event,Event experienced
2.66,0,1,0,Nuclear-family environmental variance,500,2.2611142207777606,2.2454981517863883,1.6290718171117418,2.995439700095569,2.25,2.2611142207777606,Before the historical event,Event experienced
2.66,0,1,0,Nonshared environmental variance,500,4.017075673895417,4.00206786939243,3.295160348171394,4.81328921968594,4,4.017075673895417,Before the historical event,Event experienced
2.66,0,1,0,Phenotypic variance,500,7.961516433983654,7.938529512822573,7.259180371498179,8.7781239970823,7.9039632229222985,7.961516433983654,Before the historical event,Event experienced
2.66,1,0,0,Additive genetic variance,500,1.6833265393104768,1.649109250973896,1.1136902711273344,2.4238670352321825,1.653963222922298,1.6833265393104768,After the historical event,Event not experienced
2.66,1,0,0,Nuclear-family environmental variance,500,2.2611142207777606,2.2454981517863883,1.6290718171117418,2.995439700095569,2.25,2.2611142207777606,After the historical event,Event not experienced
2.66,1,0,0,Nonshared environmental variance,500,4.017075673895417,4.00206786939243,3.295160348171394,4.81328921968594,4,4.017075673895417,After the historical event,Event not experienced
2.66,1,0,0,Phenotypic variance,500,7.961516433983654,7.938529512822573,7.259180371498179,8.7781239970823,7.9039632229222985,7.961516433983654,After the historical event,Event not experienced
2.66,1,1,1,Additive genetic variance,500,2.471245491694394,2.464597262521977,1.8732455040378326,3.141217702564795,2.4674231849458383,2.471245491694394,After the historical event,Event experienced
2.66,1,1,1,Nuclear-family environmental variance,500,2.255590550607263,2.2535024053120702,1.8414009464565217,2.664694954743184,2.25,2.255590550607263,After the historical event,Event experienced
2.66,1,1,1,Nonshared environmental variance,500,3.9994356702156835,4.008482979719441,3.587264619708105,4.384157446237437,4,3.9994356702156835,After the historical event,Event experienced
2.66,1,1,1,Phenotypic variance,500,8.72627171251734,8.728525158303386,8.277431578593497,9.180333736288954,8.717423184945838,8.72627171251734,After the historical event,Event experienced
2.6799999999999997,0,0,0,Additive genetic variance,500,1.6550163012096326,1.6213732039857227,1.088679221897769,2.389108664241663,1.6254982125330217,1.6550163012096326,Before the historical event,Event not experienced
2.6799999999999997,0,0,0,Nuclear-family environmental variance,500,2.2613066417660606,2.2487733693842173,1.624489147809768,2.9990056236890092,2.25,2.2613066417660606,Before the historical event,Event not experienced
2.6799999999999997,0,0,0,Nonshared environmental variance,500,4.017308278593219,3.9996496426825248,3.2916315602245567,4.818258327482498,4,4.017308278593219,Before the historical event,Event not experienced
2.6799999999999997,0,0,0,Phenotypic variance,500,7.933631221568912,7.90812300806858,7.225264145116757,8.75462055977038,7.875498212533022,7.933631221568912,Before the historical event,Event not experienced
2.6799999999999997,0,1,0,Additive genetic variance,500,1.6550163012096326,1.6213732039857227,1.088679221897769,2.389108664241663,1.6254982125330217,1.6550163012096326,Before the historical event,Event experienced
2.6799999999999997,0,1,0,Nuclear-family environmental variance,500,2.2613066417660606,2.2487733693842173,1.624489147809768,2.9990056236890092,2.25,2.2613066417660606,Before the historical event,Event experienced
2.6799999999999997,0,1,0,Nonshared environmental variance,500,4.017308278593219,3.9996496426825248,3.2916315602245567,4.818258327482498,4,4.017308278593219,Before the historical event,Event experienced
2.6799999999999997,0,1,0,Phenotypic variance,500,7.933631221568912,7.90812300806858,7.225264145116757,8.75462055977038,7.875498212533022,7.933631221568912,Before the historical event,Event experienced
2.6799999999999997,1,0,0,Additive genetic variance,500,1.6550163012096326,1.6213732039857227,1.088679221897769,2.389108664241663,1.6254982125330217,1.6550163012096326,After the historical event,Event not experienced
2.6799999999999997,1,0,0,Nuclear-family environmental variance,500,2.2613066417660606,2.2487733693842173,1.624489147809768,2.9990056236890092,2.25,2.2613066417660606,After the historical event,Event not experienced
2.6799999999999997,1,0,0,Nonshared environmental variance,500,4.017308278593219,3.9996496426825248,3.2916315602245567,4.818258327482498,4,4.017308278593219,After the historical event,Event not experienced
2.6799999999999997,1,0,0,Phenotypic variance,500,7.933631221568912,7.90812300806858,7.225264145116757,8.75462055977038,7.875498212533022,7.933631221568912,After the historical event,Event not experienced
2.6799999999999997,1,1,1,Additive genetic variance,500,2.42865417097833,2.4219993850057002,1.8334942728402308,3.085301033190418,2.424958379428501,2.42865417097833,After the historical event,Event experienced
2.6799999999999997,1,1,1,Nuclear-family environmental variance,500,2.255184886423935,2.254027409578679,1.8446403250185974,2.6606809471866972,2.25,2.255184886423935,After the historical event,Event experienced
2.6799999999999997,1,1,1,Nonshared environmental variance,500,3.9993648749146713,4.007502726286701,3.590737694082975,4.376779742091037,4,3.9993648749146713,After the historical event,Event experienced
2.6799999999999997,1,1,1,Phenotypic variance,500,8.683203932316937,8.684675612702463,8.239594914519113,9.137263520224153,8.674958379428501,8.683203932316937,After the historical event,Event experienced
2.7,0,0,0,Additive genetic variance,500,1.6269388293013978,1.594529205267674,1.0638141403236825,2.3544813975985943,1.5972675069455593,1.6269388293013978,Before the historical event,Event not experienced
2.7,0,0,0,Nuclear-family environmental variance,500,2.261502515431657,2.2523523386808497,1.6199128861555114,3.0025501700105366,2.25,2.261502515431657,Before the historical event,Event not experienced
2.7,0,0,0,Nonshared environmental variance,500,4.017539439505947,3.998338107004031,3.2888857806694034,4.823234498843288,4,4.017539439505947,Before the historical event,Event not experienced
2.7,0,0,0,Phenotypic variance,500,7.905980784239002,7.878748022080844,7.188385485019749,8.727478600637093,7.84726750694556,7.905980784239002,Before the historical event,Event not experienced
2.7,0,1,0,Additive genetic variance,500,1.6269388293013978,1.594529205267674,1.0638141403236825,2.3544813975985943,1.5972675069455593,1.6269388293013978,Before the historical event,Event experienced
2.7,0,1,0,Nuclear-family environmental variance,500,2.261502515431657,2.2523523386808497,1.6199128861555114,3.0025501700105366,2.25,2.261502515431657,Before the historical event,Event experienced
2.7,0,1,0,Nonshared environmental variance,500,4.017539439505947,3.998338107004031,3.2888857806694034,4.823234498843288,4,4.017539439505947,Before the historical event,Event experienced
2.7,0,1,0,Phenotypic variance,500,7.905980784239002,7.878748022080844,7.188385485019749,8.727478600637093,7.84726750694556,7.905980784239002,Before the historical event,Event experienced
2.7,1,0,0,Additive genetic variance,500,1.6269388293013978,1.594529205267674,1.0638141403236825,2.3544813975985943,1.5972675069455593,1.6269388293013978,After the historical event,Event not experienced
2.7,1,0,0,Nuclear-family environmental variance,500,2.261502515431657,2.2523523386808497,1.6199128861555114,3.0025501700105366,2.25,2.261502515431657,After the historical event,Event not experienced
2.7,1,0,0,Nonshared environmental variance,500,4.017539439505947,3.998338107004031,3.2888857806694034,4.823234498843288,4,4.017539439505947,After the historical event,Event not experienced
2.7,1,0,0,Phenotypic variance,500,7.905980784239002,7.878748022080844,7.188385485019749,8.727478600637093,7.84726750694556,7.905980784239002,After the historical event,Event not experienced
2.7,1,1,1,Additive genetic variance,500,2.386434084943029,2.376471256572794,1.7964432289285683,3.027996258196036,2.3828431156012844,2.386434084943029,After the historical event,Event experienced
2.7,1,1,1,Nuclear-family environmental variance,500,2.254781186513139,2.254225165545794,1.8470878427524409,2.654543504646891,2.25,2.254781186513139,After the historical event,Event experienced
2.7,1,1,1,Nonshared environmental variance,500,3.9992920793481903,4.005616843395526,3.5942330466317296,4.369411649429529,4,3.9992920793481903,After the historical event,Event experienced
2.7,1,1,1,Phenotypic variance,500,8.6405073508043575,8.64410101111113,8.202213774995355,9.094943843531983,8.632843115601284,8.6405073508043575,After the historical event,Event experienced
2.7199999999999998,0,0,0,Additive genetic variance,500,1.5990987839616262,1.5687043824199551,1.0389511583362512,2.3199940606377445,1.5692759915529557,1.5990987839616262,Before the historical event,Event not experienced
2.7199999999999998,0,0,0,Nuclear-family environmental variance,500,2.2617019333620787,2.254845361001382,1.615343055321302,3.0060733034412075,2.25,2.2617019333620787,Before the historical event,Event not experienced
2.7199999999999998,0,0,0,Nonshared environmental variance,500,4.017769196728133,3.997917082320671,3.2858268231359333,4.828217743193392,4,4.017769196728133,Before the historical event,Event not experienced
2.7199999999999998,0,0,0,Phenotypic variance,500,7.878569914051838,7.848886517723232,7.150386148575787,8.697969188964063,7.8192759915529555,7.878569914051838,Before the historical event,Event not experienced
2.7199999999999998,0,1,0,Additive genetic variance,500,1.5990987839616262,1.5687043824199551,1.0389511583362512,2.3199940606377445,1.5692759915529557,1.5990987839616262,Before the historical event,Event experienced
2.7199999999999998,0,1,0,Nuclear-family environmental variance,500,2.2617019333620787,2.254845361001382,1.615343055321302,3.0060733034412075,2.25,2.2617019333620787,Before the historical event,Event experienced
2.7199999999999998,0,1,0,Nonshared environmental variance,500,4.017769196728133,3.997917082320671,3.2858268231359333,4.828217743193392,4,4.017769196728133,Before the historical event,Event experienced
2.7199999999999998,0,1,0,Phenotypic variance,500,7.878569914051838,7.848886517723232,7.150386148575787,8.697969188964063,7.8192759915529555,7.878569914051838,Before the historical event,Event experienced
2.7199999999999998,1,0,0,Additive genetic variance,500,1.5990987839616262,1.5687043824199551,1.0389511583362512,2.3199940606377445,1.5692759915529557,1.5990987839616262,After the historical event,Event not experienced
2.7199999999999998,1,0,0,Nuclear-family environmental variance,500,2.2617019333620787,2.254845361001382,1.615343055321302,3.0060733034412075,2.25,2.2617019333620787,After the historical event,Event not experienced
2.7199999999999998,1,0,0,Nonshared environmental variance,500,4.017769196728133,3.997917082320671,3.2858268231359333,4.828217743193392,4,4.017769196728133,After the historical event,Event not experienced
2.7199999999999998,1,0,0,Phenotypic variance,500,7.878569914051838,7.848886517723232,7.150386148575787,8.697969188964063,7.8192759915529555,7.878569914051838,After the historical event,Event not experienced
2.7199999999999998,1,1,1,Additive genetic variance,500,2.3445918922273528,2.3312282595177916,1.7641464425916875,2.971304533832234,2.3410846816141926,2.3445918922273528,After the historical event,Event experienced
2.7199999999999998,1,1,1,Nuclear-family environmental variance,500,2.254379542473916,2.252905033818211,1.8493056310184808,2.64754521634534,2.25,2.254379542473916,After the historical event,Event experienced
2.7199999999999998,1,1,1,Nonshared environmental variance,500,3.9992173236370876,4.003815751112343,3.5977507327988425,4.363954003960291,4,3.9992173236370876,After the historical event,Event experienced
2.7199999999999998,1,1,1,Phenotypic variance,500,8.598188758338356,8.600922476799578,8.165284597092926,9.0510186830223,8.591084681614193,8.598188758338356,After the historical event,Event experienced
2.74,0,0,0,Additive genetic variance,500,1.5715006289521554,1.5411628125243009,1.0148263853307773,2.285655285122387,1.5415283527246721,1.5715006289521554,Before the historical event,Event not experienced
2.74,0,0,0,Nuclear-family environmental variance,500,2.2619049883156404,2.2555619268361715,1.6107796784104553,3.0103009103900744,2.25,2.2619049883156404,Before the historical event,Event not experienced
2.74,0,0,0,Nonshared environmental variance,500,4.017997590926663,3.998957758054528,3.2816961862436287,4.833208070123339,4,4.017997590926663,Before the historical event,Event not experienced
2.74,0,0,0,Phenotypic variance,500,7.851403208194459,7.819420445534258,7.11377286614435,8.668548449139207,7.791528352724672,7.851403208194459,Before the historical event,Event not experienced
2.74,0,1,0,Additive genetic variance,500,1.5715006289521554,1.5411628125243009,1.0148263853307773,2.285655285122387,1.5415283527246721,1.5715006289521554,Before the historical event,Event experienced
2.74,0,1,0,Nuclear-family environmental variance,500,2.2619049883156404,2.2555619268361715,1.6107796784104553,3.0103009103900744,2.25,2.2619049883156404,Before the historical event,Event experienced
2.74,0,1,0,Nonshared environmental variance,500,4.017997590926663,3.998957758054528,3.2816961862436287,4.833208070123339,4,4.017997590926663,Before the historical event,Event experienced
2.74,0,1,0,Phenotypic variance,500,7.851403208194459,7.819420445534258,7.11377286614435,8.668548449139207,7.791528352724672,7.851403208194459,Before the historical event,Event experienced
2.74,1,0,0,Additive genetic variance,500,1.5715006289521554,1.5411628125243009,1.0148263853307773,2.285655285122387,1.5415283527246721,1.5715006289521554,After the historical event,Event not experienced
2.74,1,0,0,Nuclear-family environmental variance,500,2.2619049883156404,2.2555619268361715,1.6107796784104553,3.0103009103900744,2.25,2.2619049883156404,After the historical event,Event not experienced
2.74,1,0,0,Nonshared environmental variance,500,4.017997590926663,3.998957758054528,3.2816961862436287,4.833208070123339,4,4.017997590926663,After the historical event,Event not experienced
2.74,1,0,0,Phenotypic variance,500,7.851403208194459,7.819420445534258,7.11377286614435,8.668548449139207,7.791528352724672,7.851403208194459,After the historical event,Event not experienced
2.74,1,1,1,Additive genetic variance,500,2.303133947854381,2.287057372285382,1.7324319494834195,2.922134707902192,2.2996900687089297,2.303133947854381,After the historical event,Event experienced
2.74,1,1,1,Nuclear-family environmental variance,500,2.253980046942291,2.2525052695646917,1.8526465650090844,2.6407049374849443,2.25,2.253980046942291,After the historical event,Event experienced
2.74,1,1,1,Nonshared environmental variance,500,3.999140648463117,4.002833259643978,3.6012908084293427,4.359262449727732,4,3.999140648463117,After the historical event,Event experienced
2.74,1,1,1,Phenotypic variance,500,8.55625464325979,8.5571127799764,8.128507197370716,9.00325720604093,8.54969006870893,8.55625464325979,After the historical event,Event experienced
2.76,0,0,0,Additive genetic variance,500,1.544148632199665,1.5124593043056929,0.9912594152730632,2.2530721413557027,1.514029078321655,1.544148632199665,Before the historical event,Event not experienced
2.76,0,0,0,Nuclear-family environmental variance,500,2.262111774222649,2.25360141484002,1.6062227784559466,3.016746861497402,2.25,2.262111774222649,Before the historical event,Event not experienced
2.76,0,0,0,Nonshared environmental variance,500,4.018224663340815,3.998294660002613,3.276990771514769,4.838205489389912,4,4.018224663340815,Before the historical event,Event not experienced
2.76,0,0,0,Phenotypic variance,500,7.82448506976313,7.794620266847625,7.077509525012227,8.646058951308977,7.764029078321655,7.82448506976313,Before the historical event,Event not experienced
2.76,0,1,0,Additive genetic variance,500,1.544148632199665,1.5124593043056929,0.9912594152730632,2.2530721413557027,1.514029078321655,1.544148632199665,Before the historical event,Event experienced
2.76,0,1,0,Nuclear-family environmental variance,500,2.262111774222649,2.25360141484002,1.6062227784559466,3.016746861497402,2.25,2.262111774222649,Before the historical event,Event experienced
2.76,0,1,0,Nonshared environmental variance,500,4.018224663340815,3.998294660002613,3.276990771514769,4.838205489389912,4,4.018224663340815,Before the historical event,Event experienced
2.76,0,1,0,Phenotypic variance,500,7.82448506976313,7.794620266847625,7.077509525012227,8.646058951308977,7.764029078321655,7.82448506976313,Before the historical event,Event experienced
2.76,1,0,0,Additive genetic variance,500,1.544148632199665,1.5124593043056929,0.9912594152730632,2.2530721413557027,1.514029078321655,1.544148632199665,After the historical event,Event not experienced
2.76,1,0,0,Nuclear-family environmental variance,500,2.262111774222649,2.25360141484002,1.6062227784559466,3.016746861497402,2.25,2.262111774222649,After the historical event,Event not experienced
2.76,1,0,0,Nonshared environmental variance,500,4.018224663340815,3.998294660002613,3.276990771514769,4.838205489389912,4,4.018224663340815,After the historical event,Event not experienced
2.76,1,0,0,Phenotypic variance,500,7.82448506976313,7.794620266847625,7.077509525012227,8.646058951308977,7.764029078321655,7.82448506976313,After the historical event,Event not experienced
2.76,1,1,1,Additive genetic variance,500,2.2620663048340197,2.245237544675133,1.703171923480729,2.871555629367621,2.2586659719872944,2.2620663048340197,After the historical event,Event experienced
2.76,1,1,1,Nuclear-family environmental variance,500,2.25358279358992,2.2522252527726487,1.8560185918707521,2.634437055982396,2.25,2.25358279358992,After the historical event,Event experienced
2.76,1,1,1,Nonshared environmental variance,500,3.9990620950687217,4.004886977168817,3.6048533297702825,4.357324630877837,4,3.9990620950687217,After the historical event,Event experienced
2.76,1,1,1,Phenotypic variance,500,8.514711193492662,8.51576870885475,8.09502488829287,8.955905186143857,8.508665971987295,8.514711193492662,After the historical event,Event experienced
2.7800000000000002,0,0,0,Additive genetic variance,500,1.5170468667175965,1.4854204766041947,0.9680517586891311,2.223198206855022,1.4867824583597147,1.5170468667175965,Before the historical event,Event not experienced
2.7800000000000002,0,0,0,Nuclear-family environmental variance,500,2.2623223861866353,2.25338063189147,1.6016723784190907,3.025098531436586,2.25,2.2623223861866353,Before the historical event,Event not experienced
2.7800000000000002,0,0,0,Nonshared environmental variance,500,4.018450455782291,3.9973399042189985,3.273211657814384,4.8432100109169465,4,4.018450455782291,Before the historical event,Event not experienced
2.7800000000000002,0,0,0,Phenotypic variance,500,7.797819708686522,7.766048567607054,7.041600749831952,8.622561550679096,7.7367824583597145,7.797819708686522,Before the historical event,Event not experienced
2.7800000000000002,0,1,0,Additive genetic variance,500,1.5170468667175965,1.4854204766041947,0.9680517586891311,2.223198206855022,1.4867824583597147,1.5170468667175965,Before the historical event,Event experienced
2.7800000000000002,0,1,0,Nuclear-family environmental variance,500,2.2623223861866353,2.25338063189147,1.6016723784190907,3.025098531436586,2.25,2.2623223861866353,Before the historical event,Event experienced
2.7800000000000002,0,1,0,Nonshared environmental variance,500,4.018450455782291,3.9973399042189985,3.273211657814384,4.8432100109169465,4,4.018450455782291,Before the historical event,Event experienced
2.7800000000000002,0,1,0,Phenotypic variance,500,7.797819708686522,7.766048567607054,7.041600749831952,8.622561550679096,7.7367824583597145,7.797819708686522,Before the historical event,Event experienced
2.7800000000000002,1,0,0,Additive genetic variance,500,1.5170468667175965,1.4854204766041947,0.9680517586891311,2.223198206855022,1.4867824583597147,1.5170468667175965,After the historical event,Event not experienced
2.7800000000000002,1,0,0,Nuclear-family environmental variance,500,2.2623223861866353,2.25338063189147,1.6016723784190907,3.025098531436586,2.25,2.2623223861866353,After the historical event,Event not experienced
2.7800000000000002,1,0,0,Nonshared environmental variance,500,4.018450455782291,3.9973399042189985,3.273211657814384,4.8432100109169465,4,4.018450455782291,After the historical event,Event not experienced
2.7800000000000002,1,0,0,Phenotypic variance,500,7.797819708686522,7.766048567607054,7.041600749831952,8.622561550679096,7.7367824583597145,7.797819708686522,After the historical event,Event not experienced
2.7800000000000002,1,1,1,Additive genetic variance,500,2.2213947159807717,2.200462918413308,1.6738157769332958,2.8232605916991367,2.218018791400826,2.2213947159807717,After the historical event,Event experienced
2.7800000000000002,1,1,1,Nuclear-family environmental variance,500,2.253187877122761,2.253407558775977,1.8594218544617154,2.6275987324066254,2.25,2.253187877122761,After the historical event,Event experienced
2.7800000000000002,1,1,1,Nonshared environmental variance,500,3.9989817052568215,4.004430924598475,3.6084383534722195,4.351153236150377,4,3.9989817052568215,After the historical event,Event experienced
2.7800000000000002,1,1,1,Phenotypic variance,500,8.473564298360355,8.477288673624471,8.061569029591563,8.911562590209659,8.468018791400826,8.473564298360355,After the historical event,Event experienced
2.8,0,0,0,Additive genetic variance,500,1.4901992116675185,1.460037871117787,0.945203942538718,2.19345838905491,1.4597925858179748,1.4901992116675185,Before the historical event,Event not experienced
2.8,0,0,0,Nuclear-family environmental variance,500,2.2625369204856134,2.2534138757117415,1.5971285011882363,3.0335154142647482,2.25,2.2625369204856134,Before the historical event,Event not experienced
2.8,0,0,0,Nonshared environmental variance,500,4.01867501063524,3.99725776295159,3.2703922364785347,4.84822164479614,4,4.01867501063524,Before the historical event,Event not experienced
2.8,0,0,0,Phenotypic variance,500,7.771411142788372,7.738679895126705,7.006502971103455,8.599502343703907,7.709792585817975,7.771411142788372,Before the historical event,Event not experienced
2.8,0,1,0,Additive genetic variance,500,1.4901992116675185,1.460037871117787,0.945203942538718,2.19345838905491,1.4597925858179748,1.4901992116675185,Before the historical event,Event experienced
2.8,0,1,0,Nuclear-family environmental variance,500,2.2625369204856134,2.2534138757117415,1.5971285011882363,3.0335154142647482,2.25,2.2625369204856134,Before the historical event,Event experienced
2.8,0,1,0,Nonshared environmental variance,500,4.01867501063524,3.99725776295159,3.2703922364785347,4.84822164479614,4,4.01867501063524,Before the historical event,Event experienced
2.8,0,1,0,Phenotypic variance,500,7.771411142788372,7.738679895126705,7.006502971103455,8.599502343703907,7.709792585817975,7.771411142788372,Before the historical event,Event experienced
2.8,1,0,0,Additive genetic variance,500,1.4901992116675185,1.460037871117787,0.945203942538718,2.19345838905491,1.4597925858179748,1.4901992116675185,After the historical event,Event not experienced
2.8,1,0,0,Nuclear-family environmental variance,500,2.2625369204856134,2.2534138757117415,1.5971285011882363,3.0335154142647482,2.25,2.2625369204856134,After the historical event,Event not experienced
2.8,1,0,0,Nonshared environmental variance,500,4.01867501063524,3.99725776295159,3.2703922364785347,4.84822164479614,4,4.01867501063524,After the historical event,Event not experienced
2.8,1,0,0,Phenotypic variance,500,7.771411142788372,7.738679895126705,7.006502971103455,8.599502343703907,7.709792585817975,7.771411142788372,After the historical event,Event not experienced
2.8,1,1,1,Additive genetic variance,500,2.1811246359407357,2.159982470543648,1.645503599378785,2.7733822586414147,2.1777546329568684,2.1811246359407357,After the historical event,Event experienced
2.8,1,1,1,Nuclear-family environmental variance,500,2.252795393279754,2.2540380106991855,1.8628564971723285,2.619908102346863,2.25,2.252795393279754,After the historical event,Event experienced
2.8,1,1,1,Nonshared environmental variance,500,3.998899521390594,4.004800666906544,3.612045936590707,4.342063449838548,4,3.998899521390594,After the historical event,Event experienced
2.8,1,1,1,Phenotypic variance,500,8.432819550611084,8.435651578286745,8.027941190610465,8.868825431566602,8.42775463295687,8.432819550611084,After the historical event,Event experienced
2.8200000000000003,0,0,0,Additive genetic variance,500,1.4636093535561627,1.4317608298494975,0.9226180604497609,2.163841939163188,1.4330633575890162,1.4636093535561627,Before the historical event,Event not experienced
2.8200000000000003,0,0,0,Nuclear-family environmental variance,500,2.262755474573366,2.253434175000697,1.5925911695774673,3.041998020783753,2.25,2.262755474573366,Before the historical event,Event not experienced
2.8200000000000003,0,0,0,Nonshared environmental variance,500,4.018898370856302,3.9990667940390816,3.2675511126689507,4.8532404012878585,4,4.018898370856302,Before the historical event,Event not experienced
2.8200000000000003,0,0,0,Phenotypic variance,500,7.745263198985831,7.7200994948880775,6.974669540826433,8.57941836232595,7.683063357589016,7.745263198985831,Before the historical event,Event not experienced
2.8200000000000003,0,1,0,Additive genetic variance,500,1.4636093535561627,1.4317608298494975,0.9226180604497609,2.163841939163188,1.4330633575890162,1.4636093535561627,Before the historical event,Event experienced
2.8200000000000003,0,1,0,Nuclear-family environmental variance,500,2.262755474573366,2.253434175000697,1.5925911695774673,3.041998020783753,2.25,2.262755474573366,Before the historical event,Event experienced
2.8200000000000003,0,1,0,Nonshared environmental variance,500,4.018898370856302,3.9990667940390816,3.2675511126689507,4.8532404012878585,4,4.018898370856302,Before the historical event,Event experienced
2.8200000000000003,0,1,0,Phenotypic variance,500,7.745263198985831,7.7200994948880775,6.974669540826433,8.57941836232595,7.683063357589016,7.745263198985831,Before the historical event,Event experienced
2.8200000000000003,1,0,0,Additive genetic variance,500,1.4636093535561627,1.4317608298494975,0.9226180604497609,2.163841939163188,1.4330633575890162,1.4636093535561627,After the historical event,Event not experienced
2.8200000000000003,1,0,0,Nuclear-family environmental variance,500,2.262755474573366,2.253434175000697,1.5925911695774673,3.041998020783753,2.25,2.262755474573366,After the historical event,Event not experienced
2.8200000000000003,1,0,0,Nonshared environmental variance,500,4.018898370856302,3.9990667940390816,3.2675511126689507,4.8532404012878585,4,4.018898370856302,After the historical event,Event not experienced
2.8200000000000003,1,0,0,Phenotypic variance,500,7.745263198985831,7.7200994948880775,6.974669540826433,8.57941836232595,7.683063357589016,7.745263198985831,After the historical event,Event not experienced
2.8200000000000003,1,1,1,Additive genetic variance,500,2.141261223421645,2.11889539682334,1.6160396261909709,2.722896491410423,2.1378793101360176,2.141261223421645,After the historical event,Event experienced
2.8200000000000003,1,1,1,Nuclear-family environmental variance,500,2.252405438831528,2.253747926394017,1.8686562155978663,2.6137341587760377,2.25,2.252405438831528,After the historical event,Event experienced
2.8200000000000003,1,1,1,Nonshared environmental variance,500,3.9988155863932557,4.00278004864601,3.615676136587804,4.336564555499397,4,3.9988155863932557,After the historical event,Event experienced
2.8200000000000003,1,1,1,Phenotypic variance,500,8.392482248646429,8.397299039677502,7.9957554350216355,8.822554454536707,8.387879310136018,8.392482248646429,After the historical event,Event experienced
2.84,0,0,0,Additive genetic variance,500,1.437280787564349,1.4029223428036022,0.9003777551313327,2.1337987116406647,1.406598475567285,1.437280787564349,Before the historical event,Event not experienced
2.84,0,0,0,Nuclear-family environmental variance,500,2.2629781470807644,2.2520203060289763,1.5880604063253172,3.0537664874948884,2.25,2.2629781470807644,Before the historical event,Event not experienced
2.84,0,0,0,Nonshared environmental variance,500,4.019120579974625,3.9978280710706953,3.2645894611255746,4.858266290821955,4,4.019120579974625,Before the historical event,Event not experienced
2.84,0,0,0,Phenotypic variance,500,7.719379514619738,7.6901344860785015,6.9431572895706815,8.558692827295904,7.656598475567285,7.719379514619738,Before the historical event,Event not experienced
2.84,0,1,0,Additive genetic variance,500,1.437280787564349,1.4029223428036022,0.9003777551313327,2.1337987116406647,1.406598475567285,1.437280787564349,Before the historical event,Event experienced
2.84,0,1,0,Nuclear-family environmental variance,500,2.2629781470807644,2.2520203060289763,1.5880604063253172,3.0537664874948884,2.25,2.2629781470807644,Before the historical event,Event experienced
2.84,0,1,0,Nonshared environmental variance,500,4.019120579974625,3.9978280710706953,3.2645894611255746,4.858266290821955,4,4.019120579974625,Before the historical event,Event experienced
2.84,0,1,0,Phenotypic variance,500,7.719379514619738,7.6901344860785015,6.9431572895706815,8.558692827295904,7.656598475567285,7.719379514619738,Before the historical event,Event experienced
2.84,1,0,0,Additive genetic variance,500,1.437280787564349,1.4029223428036022,0.9003777551313327,2.1337987116406647,1.406598475567285,1.437280787564349,After the historical event,Event not experienced
2.84,1,0,0,Nuclear-family environmental variance,500,2.2629781470807644,2.2520203060289763,1.5880604063253172,3.0537664874948884,2.25,2.2629781470807644,After the historical event,Event not experienced
2.84,1,0,0,Nonshared environmental variance,500,4.019120579974625,3.9978280710706953,3.2645894611255746,4.858266290821955,4,4.019120579974625,After the historical event,Event not experienced
2.84,1,0,0,Phenotypic variance,500,7.719379514619738,7.6901344860785015,6.9431572895706815,8.558692827295904,7.656598475567285,7.719379514619738,After the historical event,Event not experienced
2.84,1,1,1,Additive genetic variance,500,2.1018093436197725,2.0808922320870957,1.5817850714150445,2.6750720638775523,2.0983983455158364,2.1018093436197725,After the historical event,Event experienced
2.84,1,1,1,Nuclear-family environmental variance,500,2.25201811157913,2.255243489172653,1.8736167818736924,2.613315231185982,2.25,2.25201811157913,After the historical event,Event experienced
2.84,1,1,1,Nonshared environmental variance,500,3.998729943747842,4.003549633404098,3.619144004610443,4.333178259908768,4,3.998729943747842,After the historical event,Event experienced
2.84,1,1,1,Phenotypic variance,500,8.352557398946745,8.357686012325754,7.962707586956704,8.776222666318219,8.348398345515836,8.352557398946745,After the historical event,Event experienced
2.8600000000000003,0,0,0,Additive genetic variance,500,1.4112168190038639,1.3767788001507304,0.8785022669016443,2.1054977550703,1.3804014478721973,1.4112168190038639,Before the historical event,Event not experienced
2.8600000000000003,0,0,0,Nuclear-family environmental variance,500,2.2632050378171154,2.2513431953369136,1.583536234093492,3.0664346093628643,2.25,2.2632050378171154,Before the historical event,Event not experienced
2.8600000000000003,0,0,0,Nonshared environmental variance,500,4.019341682091904,3.995370513090298,3.2616288790113357,4.863410103978691,4,4.019341682091904,Before the historical event,Event not experienced
2.8600000000000003,0,0,0,Phenotypic variance,500,7.693763538912883,7.66070263052226,6.912190199210382,8.537918989814376,7.630401447872197,7.693763538912883,Before the historical event,Event not experienced
2.8600000000000003,0,1,0,Additive genetic variance,500,1.4112168190038639,1.3767788001507304,0.8785022669016443,2.1054977550703,1.3804014478721973,1.4112168190038639,Before the historical event,Event experienced
2.8600000000000003,0,1,0,Nuclear-family environmental variance,500,2.2632050378171154,2.2513431953369136,1.583536234093492,3.0664346093628643,2.25,2.2632050378171154,Before the historical event,Event experienced
2.8600000000000003,0,1,0,Nonshared environmental variance,500,4.019341682091904,3.995370513090298,3.2616288790113357,4.863410103978691,4,4.019341682091904,Before the historical event,Event experienced
2.8600000000000003,0,1,0,Phenotypic variance,500,7.693763538912883,7.66070263052226,6.912190199210382,8.537918989814376,7.630401447872197,7.693763538912883,Before the historical event,Event experienced
2.8600000000000003,1,0,0,Additive genetic variance,500,1.4112168190038639,1.3767788001507304,0.8785022669016443,2.1054977550703,1.3804014478721973,1.4112168190038639,After the historical event,Event not experienced
2.8600000000000003,1,0,0,Nuclear-family environmental variance,500,2.2632050378171154,2.2513431953369136,1.583536234093492,3.0664346093628643,2.25,2.2632050378171154,After the historical event,Event not experienced
2.8600000000000003,1,0,0,Nonshared environmental variance,500,4.019341682091904,3.995370513090298,3.2616288790113357,4.863410103978691,4,4.019341682091904,After the historical event,Event not experienced
2.8600000000000003,1,0,0,Phenotypic variance,500,7.693763538912883,7.66070263052226,6.912190199210382,8.537918989814376,7.630401447872197,7.693763538912883,After the historical event,Event not experienced
2.8600000000000003,1,1,1,Additive genetic variance,500,2.062773570837317,2.043299234126616,1.5476176469073655,2.6279717710389847,2.059316972595513,2.062773570837317,After the historical event,Event experienced
2.8600000000000003,1,1,1,Nuclear-family environmental variance,500,2.251633510352772,2.254996829257127,1.8761489467436019,2.610616743371061,2.25,2.251633510352772,After the historical event,Event experienced
2.8600000000000003,1,1,1,Nonshared environmental variance,500,3.9986426374969866,4.004410223160638,3.6232597783615095,4.330888508897916,4,3.9986426374969866,After the historical event,Event experienced
2.8600000000000003,1,1,1,Phenotypic variance,500,8.313049718687076,8.316264558467191,7.9282156689984875,8.730415910136497,8.309316972595512,8.313049718687076,After the historical event,Event experienced
2.88,0,0,0,Additive genetic variance,500,1.3854205648983684,1.3504630449281623,0.8569911898081275,2.0773043279973615,1.3544755902023313,1.3854205648983684,Before the historical event,Event not experienced
2.88,0,0,0,Nuclear-family environmental variance,500,2.263436247771546,2.251695605478076,1.5790186754656053,3.0792271226527284,2.25,2.263436247771546,Before the historical event,Event not experienced
2.88,0,0,0,Nonshared environmental variance,500,4.0195617218824085,3.992741314182303,3.258669376611545,4.86981674903328,4,4.0195617218824085,Before the historical event,Event not experienced
2.88,0,0,0,Phenotypic variance,500,7.668418534552323,7.635916435346254,6.88238665973341,8.515967417586769,7.604475590202331,7.668418534552323,Before the historical event,Event not experienced
2.88,0,1,0,Additive genetic variance,500,1.3854205648983684,1.3504630449281623,0.8569911898081275,2.0773043279973615,1.3544755902023313,1.3854205648983684,Before the historical event,Event experienced
2.88,0,1,0,Nuclear-family environmental variance,500,2.263436247771546,2.251695605478076,1.5790186754656053,3.0792271226527284,2.25,2.263436247771546,Before the historical event,Event experienced
2.88,0,1,0,Nonshared environmental variance,500,4.0195617218824085,3.992741314182303,3.258669376611545,4.86981674903328,4,4.0195617218824085,Before the historical event,Event experienced
2.88,0,1,0,Phenotypic variance,500,7.668418534552323,7.635916435346254,6.88238665973341,8.515967417586769,7.604475590202331,7.668418534552323,Before the historical event,Event experienced
2.88,1,0,0,Additive genetic variance,500,1.3854205648983684,1.3504630449281623,0.8569911898081275,2.0773043279973615,1.3544755902023313,1.3854205648983684,After the historical event,Event not experienced
2.88,1,0,0,Nuclear-family environmental variance,500,2.263436247771546,2.251695605478076,1.5790186754656053,3.0792271226527284,2.25,2.263436247771546,After the historical event,Event not experienced
2.88,1,0,0,Nonshared environmental variance,500,4.0195617218824085,3.992741314182303,3.258669376611545,4.86981674903328,4,4.0195617218824085,After the historical event,Event not experienced
2.88,1,0,0,Phenotypic variance,500,7.668418534552323,7.635916435346254,6.88238665973341,8.515967417586769,7.604475590202331,7.668418534552323,After the historical event,Event not experienced
2.88,1,1,1,Additive genetic variance,500,2.0241581912838846,2.0034708503018606,1.5167247624267997,2.595801806987313,2.020640137816074,2.0241581912838846,After the historical event,Event experienced
2.88,1,1,1,Nuclear-family environmental variance,500,2.25125173501061,2.254814664691724,1.8763307251979449,2.607614629344422,2.25,2.25125173501061,After the historical event,Event experienced
2.88,1,1,1,Nonshared environmental variance,500,3.9985537122426966,4.004908840789058,3.627435040262703,4.328576771937403,4,3.9985537122426966,After the historical event,Event experienced
2.88,1,1,1,Phenotypic variance,500,8.273963638537191,8.27592860594638,7.8924901347665575,8.685142168247744,8.270640137816073,8.273963638537191,After the historical event,Event experienced
2.9000000000000004,0,0,0,Additive genetic variance,500,1.3598949556842692,1.3252542154491747,0.8365877593324764,2.049224298708861,1.3288240273169776,1.3598949556842692,Before the historical event,Event not experienced
2.9000000000000004,0,0,0,Nuclear-family environmental variance,500,2.2636718791144195,2.2523889636862258,1.574507752945921,3.092145141367584,2.25,2.2636718791144195,Before the historical event,Event not experienced
2.9000000000000004,0,0,0,Nonshared environmental variance,500,4.0197807445930165,3.9888433513682156,3.255710964213777,4.876231465929749,4,4.0197807445930165,Before the historical event,Event not experienced
2.9000000000000004,0,0,0,Phenotypic variance,500,7.643347579391705,7.606517024046717,6.852936847972002,8.493599667067366,7.578824027316978,7.643347579391705,Before the historical event,Event not experienced
2.9000000000000004,0,1,0,Additive genetic variance,500,1.3598949556842692,1.3252542154491747,0.8365877593324764,2.049224298708861,1.3288240273169776,1.3598949556842692,Before the historical event,Event experienced
2.9000000000000004,0,1,0,Nuclear-family environmental variance,500,2.2636718791144195,2.2523889636862258,1.574507752945921,3.092145141367584,2.25,2.2636718791144195,Before the historical event,Event experienced
2.9000000000000004,0,1,0,Nonshared environmental variance,500,4.0197807445930165,3.9888433513682156,3.255710964213777,4.876231465929749,4,4.0197807445930165,Before the historical event,Event experienced
2.9000000000000004,0,1,0,Phenotypic variance,500,7.643347579391705,7.606517024046717,6.852936847972002,8.493599667067366,7.578824027316978,7.643347579391705,Before the historical event,Event experienced
2.9000000000000004,1,0,0,Additive genetic variance,500,1.3598949556842692,1.3252542154491747,0.8365877593324764,2.049224298708861,1.3288240273169776,1.3598949556842692,After the historical event,Event not experienced
2.9000000000000004,1,0,0,Nuclear-family environmental variance,500,2.2636718791144195,2.2523889636862258,1.574507752945921,3.092145141367584,2.25,2.2636718791144195,After the historical event,Event not experienced
2.9000000000000004,1,0,0,Nonshared environmental variance,500,4.0197807445930165,3.9888433513682156,3.255710964213777,4.876231465929749,4,4.0197807445930165,After the historical event,Event not experienced
2.9000000000000004,1,0,0,Phenotypic variance,500,7.643347579391705,7.606517024046717,6.852936847972002,8.493599667067366,7.578824027316978,7.643347579391705,After the historical event,Event not experienced
2.9000000000000004,1,1,1,Additive genetic variance,500,1.9859672060555147,1.9681358304062302,1.4850878681766102,2.5578944167580655,1.9823725027706052,1.9859672060555147,After the historical event,Event experienced
2.9000000000000004,1,1,1,Nuclear-family environmental variance,500,2.2508728864375427,2.255690881876321,1.8766750231694327,2.5993790893423854,2.25,2.2508728864375427,After the historical event,Event experienced
2.9000000000000004,1,1,1,Nonshared environmental variance,500,3.998463213146133,4.003725346595403,3.630801090442799,4.326243087145703,4,3.998463213146133,After the historical event,Event experienced
2.9000000000000004,1,1,1,Phenotypic variance,500,8.23530330563919,8.236374409484982,7.85664363141931,8.64050403085728,8.232372502770605,8.23530330563919,After the historical event,Event experienced
2.92,0,0,0,Additive genetic variance,500,1.3346427370275125,1.2983523719745147,0.8165925219332103,2.0214104809020377,1.3034496946412926,1.3346427370275125,Before the historical event,Event not experienced
2.92,0,0,0,Nuclear-family environmental variance,500,2.263912035198792,2.2565891462838104,1.5700034889581111,3.105189792939699,2.25,2.263912035198792,Before the historical event,Event not experienced
2.92,0,0,0,Nonshared environmental variance,500,4.019998796043244,3.9858117593037488,3.2527536521077343,4.879080320158025,4,4.019998796043244,Before the historical event,Event not experienced
2.92,0,0,0,Phenotypic variance,500,7.618553568269548,7.581502242041927,6.824306932602145,8.47282312354815,7.553449694641293,7.618553568269548,Before the historical event,Event not experienced
2.92,0,1,0,Additive genetic variance,500,1.3346427370275125,1.2983523719745147,0.8165925219332103,2.0214104809020377,1.3034496946412926,1.3346427370275125,Before the historical event,Event experienced
2.92,0,1,0,Nuclear-family environmental variance,500,2.263912035198792,2.2565891462838104,1.5700034889581111,3.105189792939699,2.25,2.263912035198792,Before the historical event,Event experienced
2.92,0,1,0,Nonshared environmental variance,500,4.019998796043244,3.9858117593037488,3.2527536521077343,4.879080320158025,4,4.019998796043244,Before the historical event,Event experienced
2.92,0,1,0,Phenotypic variance,500,7.618553568269548,7.581502242041927,6.824306932602145,8.47282312354815,7.553449694641293,7.618553568269548,Before the historical event,Event experienced
2.92,1,0,0,Additive genetic variance,500,1.3346427370275125,1.2983523719745147,0.8165925219332103,2.0214104809020377,1.3034496946412926,1.3346427370275125,After the historical event,Event not experienced
2.92,1,0,0,Nuclear-family environmental variance,500,2.263912035198792,2.2565891462838104,1.5700034889581111,3.105189792939699,2.25,2.263912035198792,After the historical event,Event not experienced
2.92,1,0,0,Nonshared environmental variance,500,4.019998796043244,3.9858117593037488,3.2527536521077343,4.879080320158025,4,4.019998796043244,After the historical event,Event not experienced
2.92,1,0,0,Phenotypic variance,500,7.618553568269548,7.581502242041927,6.824306932602145,8.47282312354815,7.553449694641293,7.618553568269548,After the historical event,Event not experienced
2.92,1,1,1,Additive genetic variance,500,1.9482043342847228,1.930302130243493,1.4531967497983747,2.517101239397779,1.9445184465988525,1.9482043342847228,After the historical event,Event experienced
2.92,1,1,1,Nuclear-family environmental variance,500,2.250497066544044,2.254789039441139,1.878901228352832,2.5914398704066928,2.25,2.250497066544044,After the historical event,Event experienced
2.92,1,1,1,Nonshared environmental variance,500,3.998371185927383,4.003615749258421,3.6336745776041806,4.323897505510065,4,3.998371185927383,After the historical event,Event experienced
2.92,1,1,1,Phenotypic variance,500,8.19707258675615,8.196467510753589,7.817672119612939,8.596223599336925,8.194518446598853,8.19707258675615,After the historical event,Event experienced
2.9400000000000004,0,0,0,Additive genetic variance,500,1.3096664717521282,1.2756417339294814,0.7955833649297444,1.993861680115286,1.2783553399911787,1.3096664717521282,Before the historical event,Event not experienced
2.9400000000000004,0,0,0,Nuclear-family environmental variance,500,2.2641568205619045,2.25965829469064,1.5655059058440186,3.118362218391601,2.25,2.2641568205619045,Before the historical event,Event not experienced
2.9400000000000004,0,0,0,Nonshared environmental variance,500,4.0202159226252805,3.9851881749399674,3.2497974505851044,4.881848591290283,4,4.0202159226252805,Before the historical event,Event not experienced
2.9400000000000004,0,0,0,Phenotypic variance,500,7.594039214939314,7.558002168602055,6.796539388529819,8.456820850915506,7.528355339991179,7.594039214939314,Before the historical event,Event not experienced
2.9400000000000004,0,1,0,Additive genetic variance,500,1.3096664717521282,1.2756417339294814,0.7955833649297444,1.993861680115286,1.2783553399911787,1.3096664717521282,Before the historical event,Event experienced
2.9400000000000004,0,1,0,Nuclear-family environmental variance,500,2.2641568205619045,2.25965829469064,1.5655059058440186,3.118362218391601,2.25,2.2641568205619045,Before the historical event,Event experienced
2.9400000000000004,0,1,0,Nonshared environmental variance,500,4.0202159226252805,3.9851881749399674,3.2497974505851044,4.881848591290283,4,4.0202159226252805,Before the historical event,Event experienced
2.9400000000000004,0,1,0,Phenotypic variance,500,7.594039214939314,7.558002168602055,6.796539388529819,8.456820850915506,7.528355339991179,7.594039214939314,Before the historical event,Event experienced
2.9400000000000004,1,0,0,Additive genetic variance,500,1.3096664717521282,1.2756417339294814,0.7955833649297444,1.993861680115286,1.2783553399911787,1.3096664717521282,After the historical event,Event not experienced
2.9400000000000004,1,0,0,Nuclear-family environmental variance,500,2.2641568205619045,2.25965829469064,1.5655059058440186,3.118362218391601,2.25,2.2641568205619045,After the historical event,Event not experienced
2.9400000000000004,1,0,0,Nonshared environmental variance,500,4.0202159226252805,3.9851881749399674,3.2497974505851044,4.881848591290283,4,4.0202159226252805,After the historical event,Event not experienced
2.9400000000000004,1,0,0,Phenotypic variance,500,7.594039214939314,7.558002168602055,6.796539388529819,8.456820850915506,7.528355339991179,7.594039214939314,After the historical event,Event not experienced
2.9400000000000004,1,1,1,Additive genetic variance,500,1.9108730164548589,1.8913579448946805,1.4199115191615825,2.475596925559259,1.9070820685604435,1.9108730164548589,After the historical event,Event experienced
2.9400000000000004,1,1,1,Nuclear-family environmental variance,500,2.2501243782650233,2.255526612788035,1.8822722880886338,2.584802137850417,2.25,2.2501243782650233,After the historical event,Event experienced
2.9400000000000004,1,1,1,Nonshared environmental variance,500,3.9982776768652397,4.005383883425473,3.6388924180189552,4.321555597310612,4,3.9982776768652397,After the historical event,Event experienced
2.9400000000000004,1,1,1,Phenotypic variance,500,8.159275071585123,8.159033369714678,7.783149283783902,8.550689593914004,8.157082068560443,8.159275071585123,After the historical event,Event experienced
2.96,0,0,0,Additive genetic variance,500,1.2849685418763974,1.2499787149634871,0.7749502496168812,1.9664370946867722,1.2535435254140133,1.2849685418763974,Before the historical event,Event not experienced
2.96,0,0,0,Nuclear-family environmental variance,500,2.2644063409267194,2.261898635139036,1.561375027065751,3.1316635724994333,2.25,2.2644063409267194,Before the historical event,Event not experienced
2.96,0,0,0,Nonshared environmental variance,500,4.020432171304024,3.9845340000524407,3.246842369939425,4.884993714625599,4,4.020432171304024,Before the historical event,Event not experienced
2.96,0,0,0,Phenotypic variance,500,7.569807054107141,7.53668881238922,6.76915488382677,8.440987377019944,7.503543525414013,7.569807054107141,Before the historical event,Event not experienced
2.96,0,1,0,Additive genetic variance,500,1.2849685418763974,1.2499787149634871,0.7749502496168812,1.9664370946867722,1.2535435254140133,1.2849685418763974,Before the historical event,Event experienced
2.96,0,1,0,Nuclear-family environmental variance,500,2.2644063409267194,2.261898635139036,1.561375027065751,3.1316635724994333,2.25,2.2644063409267194,Before the historical event,Event experienced
2.96,0,1,0,Nonshared environmental variance,500,4.020432171304024,3.9845340000524407,3.246842369939425,4.884993714625599,4,4.020432171304024,Before the historical event,Event experienced
2.96,0,1,0,Phenotypic variance,500,7.569807054107141,7.53668881238922,6.76915488382677,8.440987377019944,7.503543525414013,7.569807054107141,Before the historical event,Event experienced
2.96,1,0,0,Additive genetic variance,500,1.2849685418763974,1.2499787149634871,0.7749502496168812,1.9664370946867722,1.2535435254140133,1.2849685418763974,After the historical event,Event not experienced
2.96,1,0,0,Nuclear-family environmental variance,500,2.2644063409267194,2.261898635139036,1.561375027065751,3.1316635724994333,2.25,2.2644063409267194,After the historical event,Event not experienced
2.96,1,0,0,Nonshared environmental variance,500,4.020432171304024,3.9845340000524407,3.246842369939425,4.884993714625599,4,4.020432171304024,After the historical event,Event not experienced
2.96,1,0,0,Phenotypic variance,500,7.569807054107141,7.53668881238922,6.76915488382677,8.440987377019944,7.503543525414013,7.569807054107141,After the historical event,Event not experienced
2.96,1,1,1,Additive genetic variance,500,1.8739764178721625,1.8569058645376104,1.3867224464908494,2.4320661771891974,1.8700671907809325,1.8739764178721625,After the historical event,Event experienced
2.96,1,1,1,Nuclear-family environmental variance,500,2.2497549255587175,2.2549430020981913,1.8856737422004475,2.57693517680701,2.25,2.2497549255587175,After the historical event,Event experienced
2.96,1,1,1,Nonshared environmental variance,500,3.998182732796977,4.004695083586488,3.645818066149885,4.3185223382170355,4,3.998182732796977,After the historical event,Event experienced
2.96,1,1,1,Phenotypic variance,500,8.121914076227856,8.120837685582478,7.750724699346495,8.5080937168243,8.120067190780933,8.121914076227856,After the historical event,Event experienced
2.9800000000000004,0,0,0,Additive genetic variance,500,1.2605511507523857,1.2261808897319038,0.7549042381792532,1.9391420586470365,1.2290166291412346,1.2605511507523857,Before the historical event,Event not experienced
2.9800000000000004,0,0,0,Nuclear-family environmental variance,500,2.264660703203495,2.261318211152,1.5588570411413705,3.145095023958604,2.25,2.264660703203495,Before the historical event,Event not experienced
2.9800000000000004,0,0,0,Nonshared environmental variance,500,4.0206475896171145,3.9831787434207024,3.243836321384956,4.8905181440703505,4,4.0206475896171145,Before the historical event,Event not experienced
2.9800000000000004,0,0,0,Phenotypic variance,500,7.545859443572995,7.508110905155958,6.740142731139885,8.425324243385617,7.479016629141235,7.545859443572995,Before the historical event,Event not experienced
2.9800000000000004,0,1,0,Additive genetic variance,500,1.2605511507523857,1.2261808897319038,0.7549042381792532,1.9391420586470365,1.2290166291412346,1.2605511507523857,Before the historical event,Event experienced
2.9800000000000004,0,1,0,Nuclear-family environmental variance,500,2.264660703203495,2.261318211152,1.5588570411413705,3.145095023958604,2.25,2.264660703203495,Before the historical event,Event experienced
2.9800000000000004,0,1,0,Nonshared environmental variance,500,4.0206475896171145,3.9831787434207024,3.243836321384956,4.8905181440703505,4,4.0206475896171145,Before the historical event,Event experienced
2.9800000000000004,0,1,0,Phenotypic variance,500,7.545859443572995,7.508110905155958,6.740142731139885,8.425324243385617,7.479016629141235,7.545859443572995,Before the historical event,Event experienced
2.9800000000000004,1,0,0,Additive genetic variance,500,1.2605511507523857,1.2261808897319038,0.7549042381792532,1.9391420586470365,1.2290166291412346,1.2605511507523857,After the historical event,Event not experienced
2.9800000000000004,1,0,0,Nuclear-family environmental variance,500,2.264660703203495,2.261318211152,1.5588570411413705,3.145095023958604,2.25,2.264660703203495,After the historical event,Event not experienced
2.9800000000000004,1,0,0,Nonshared environmental variance,500,4.0206475896171145,3.9831787434207024,3.243836321384956,4.8905181440703505,4,4.0206475896171145,After the historical event,Event not experienced
2.9800000000000004,1,0,0,Phenotypic variance,500,7.545859443572995,7.508110905155958,6.740142731139885,8.425324243385617,7.479016629141235,7.545859443572995,After the historical event,Event not experienced
2.9800000000000004,1,1,1,Additive genetic variance,500,1.837517432288709,1.822871717040662,1.3528432944424194,2.389426758759107,1.8334773611647157,1.837517432288709,After the historical event,Event experienced
2.9800000000000004,1,1,1,Nuclear-family environmental variance,500,2.249388813405616,2.2562055989995495,1.8888325208084042,2.5726969043518575,2.25,2.249388813405616,After the historical event,Event experienced
2.9800000000000004,1,1,1,Nonshared environmental variance,500,3.998086401118123,4.005495970269333,3.651605928841641,4.316362118395632,4,3.998086401118123,After the historical event,Event experienced
2.9800000000000004,1,1,1,Phenotypic variance,500,8.084992646812449,8.084400716855884,7.712258484960195,8.465741059892379,8.083477361164716,8.084992646812449,After the historical event,Event experienced
3,0,0,0,Additive genetic variance,500,1.2364163253046565,1.2012333512849178,0.7372910375237262,1.9113746473979503,1.2047768476488083,1.2364163253046565,Before the historical event,Event not experienced
3,0,0,0,Nuclear-family environmental variance,500,2.264920015491406,2.2608568062532424,1.5567953563517583,3.1532040101444543,2.25,2.264920015491406,Before the historical event,Event not experienced
3,0,0,0,Nonshared environmental variance,500,4.020862225674974,3.9830110907679575,3.2399182183459674,4.897152247485506,4,4.020862225674974,Before the historical event,Event not experienced
3,0,0,0,Phenotypic variance,500,7.522198566471037,7.4816229672642685,6.710946446804565,8.409832888730609,7.454776847648809,7.522198566471037,Before the historical event,Event not experienced
3,0,1,0,Additive genetic variance,500,1.2364163253046565,1.2012333512849178,0.7372910375237262,1.9113746473979503,1.2047768476488083,1.2364163253046565,Before the historical event,Event experienced
3,0,1,0,Nuclear-family environmental variance,500,2.264920015491406,2.2608568062532424,1.5567953563517583,3.1532040101444543,2.25,2.264920015491406,Before the historical event,Event experienced
3,0,1,0,Nonshared environmental variance,500,4.020862225674974,3.9830110907679575,3.2399182183459674,4.897152247485506,4,4.020862225674974,Before the historical event,Event experienced
3,0,1,0,Phenotypic variance,500,7.522198566471037,7.4816229672642685,6.710946446804565,8.409832888730609,7.454776847648809,7.522198566471037,Before the historical event,Event experienced
3,1,0,0,Additive genetic variance,500,1.2364163253046565,1.2012333512849178,0.7372910375237262,1.9113746473979503,1.2047768476488083,1.2364163253046565,After the historical event,Event not experienced
3,1,0,0,Nuclear-family environmental variance,500,2.264920015491406,2.2608568062532424,1.5567953563517583,3.1532040101444543,2.25,2.264920015491406,After the historical event,Event not experienced
3,1,0,0,Nonshared environmental variance,500,4.020862225674974,3.9830110907679575,3.2399182183459674,4.897152247485506,4,4.020862225674974,After the historical event,Event not experienced
3,1,0,0,Phenotypic variance,500,7.522198566471037,7.4816229672642685,6.710946446804565,8.409832888730609,7.454776847648809,7.522198566471037,After the historical event,Event not experienced
3,1,1,1,Additive genetic variance,500,1.8014986856695658,1.785880915101715,1.3193473926500394,2.3476348677694014,1.7973158564688865,1.8014986856695658,After the historical event,Event experienced
3,1,1,1,Nuclear-family environmental variance,500,2.249026147807422,2.2536275080283863,1.8925683940813534,2.568914604042522,2.25,2.249026147807422,After the historical event,Event experienced
3,1,1,1,Nonshared environmental variance,500,3.997988729782241,4.00439402684263,3.6544047174369756,4.314577551749524,4,3.997988729782241,After the historical event,Event experienced
3,1,1,1,Phenotypic variance,500,8.04851356325923,8.044326099301054,7.681234055346307,8.423345768800289,8.047315856468886,8.04851356325923,After the historical event,Event experienced
