replication,seed,converged,status_code,status_message,error_message,n_families,total_n,mean_family_size,min_family_size,max_family_size,minus2ll,iterations,elapsed_seconds,mean_H,z_year,b_a_0,b_a_1,b_a_2,g_a_1,b_cn_0,b_cn_1,b_cn_2,g_cn_1,b_e_0,b_e_1,b_e_2,g_e_1,se_b_a_0,se_b_a_1,se_b_a_2,se_g_a_1,se_b_cn_0,se_b_cn_1,se_b_cn_2,se_g_cn_1,se_b_e_0,se_b_e_1,se_b_e_2,se_g_e_1
1,1202602,TRUE,0,0,,150,11100,74,74,74,54054.48206281255,24,123.34910178184509,0.5035135135135135,2.0681601852253,0.7830794173280009,-0.004708692397644339,-0.09532917691681193,0.4172771615181838,0.3885509882852014,0.01840762805880709,0.0015064326829376088,-0.0673087227077478,0.7156002496254187,-0.0034947707935421364,-1.613200346487483e-5,-0.021621673837146096,0.04382721662094118,0.03082787416332976,0.012092552086383926,0.10966739870885925,0.04910787691544809,0.03530902274210019,0.007718677555646798,0.09461464604152225,0.028410781904477298,0.01816075432478723,0.004159999759386856,0.061885717513811056
2,1202603,TRUE,0,0,,150,11100,74,74,74,54025.95216181203,23,96.09723591804504,0.5023423423423423,2.0677030925715676,0.7375030642103712,0.08915865795588722,-0.09749017320609712,0.14404026245586754,0.4298121326282249,0.03820298092463349,-0.00808576316838679,-0.036653014701711804,0.6931678690532983,-0.029405369690014473,0.008249652123584996,0.0057621594071045985,0.04849294542223951,0.03751919873085976,0.015355475219599068,0.12270974221909915,0.046728132904395724,0.03606634970311334,0.007971547545850418,0.09338051653406139,0.0299856217513627,0.014362563318160224,0.0033086294165299538,0.066042930164085
3,1202604,TRUE,0,0,,150,11100,74,74,74,53872.85574139293,23,92.13296389579773,0.5036036036036036,2.0673435388472625,0.6380142099586519,0.1178646516863399,-0.10468383442518406,0.3185462983361172,0.4627544985907111,0.015262493047007311,0.014649461199664506,-0.3101204497762051,0.6804533090245676,-7.494808322890983e-4,-9.075869108864993e-4,0.0248868718044248,0.05136147067252585,0.04266390116767642,0.015104720244737146,0.12238276763200052,0.04045674284403958,0.02530173852853409,0.007013261462493696,0.1037109641447102,0.02824373943581122,0.02008684434999202,0.0048979251301711855,0.06846001402307045
4,1202605,TRUE,0,0,,150,11100,74,74,74,53775.96056204903,24,123.4198489189148,0.5061261261261262,2.066744844802876,0.7127625258825753,0.09750100839740845,-0.11831317415355815,0.31070491009979906,0.47583815008710434,1.9929809716125228e-4,-0.002797650625198115,-0.0025611252615488907,0.6367084223081673,0.009736092039289965,0.0014053274527403513,0.023454423683245122,0.04769546012613816,0.03927692714925384,0.016463965622584883,0.12392888188267707,0.040598567449230745,0.025637437108413565,0.006841706435656556,0.09150873866844857,0.029916584933042046,0.018548720611667558,0.004248706319950209,0.0655117227282572
5,1202606,TRUE,0,0,,150,11100,74,74,74,53619.00282560703,27,122.14578700065613,0.4985585585585586,2.066852612717351,0.6411632571376195,0.2007767798563116,-0.1555373474404134,0.3126139407902605,0.4311270554013547,1.583000205296817e-4,-0.004618592565944028,0.040567071135385734,0.7302196620172994,-0.005433427932843961,-0.0014586416144428472,-0.016094209287893766,0.05491041820295749,0.05196102046355911,0.020462991698626462,0.12622735756761175,0.04679389893879238,0.03127833842343747,0.007155800027976397,0.09661317047216969,0.026022525774291188,0.01686684221144611,0.0038905927299466574,0.06264258099241568
6,1202607,TRUE,0,0,,150,11100,74,74,74,53729.04158122517,22,151.13680291175842,0.5071171171171172,2.0671806057848547,0.6832553916478983,0.12981913224389144,-0.10587558107027921,0.29494220885229105,0.3192346744757479,0.025610850914599293,-0.0033708285407952113,5.480688750193203e-4,0.7023543636229572,-0.02594351531781033,0.005079813429060821,-0.006734495539072579,0.04830356942106448,0.040982570925855104,0.013992517100454283,0.10654605484628583,0.05383996201278424,0.03889002524616991,0.008761000652886,0.11067008568857709,0.027809330163848317,0.014932328829679889,0.00366162749559621,0.06905344945016195
7,1202608,TRUE,0,0,,150,11100,74,74,74,54074.404884721574,29,88.90151906013489,0.505945945945946,2.067766529479286,0.6652927346250473,0.13255497252616616,-0.12118377219745709,0.24461547214262683,0.3412976873801755,0.02669237512742331,0.007506252710811113,-0.08192506185592621,0.771083085441872,-0.009144538850544243,-0.0034529387100303184,0.003634111386453511,0.05452990154036681,0.04301296072045401,0.017753677595632643,0.11859363953457551,0.05315272237969497,0.042631138149937256,0.008841480396450267,0.09843438854011805,0.026819583760013827,0.019037385861962974,0.004626037905082437,0.05949390118427399
8,1202609,TRUE,0,0,,150,11100,74,74,74,53885.61082115652,24,112.79914689064026,0.509009009009009,2.0672066949784496,0.7468027686706655,0.1641522235184403,-0.10938029972991681,0.12948649470248516,0.3499887185584918,-0.06015123746302754,0.01002382498664024,0.14248749068239733,0.6631572116555103,0.009360991195856386,-4.7933090915483007e-4,-0.019834616142634168,0.043180763638888474,0.03862781803476892,0.013277124068712932,0.10337043191587697,0.049401012577084555,0.024905090696107857,0.005980848804556202,0.10972800753502841,0.03006227451729966,0.0213921918230358,0.004636739164312221,0.0715198538547658
9,1202610,TRUE,0,0,,150,11100,74,74,74,53656.38888657778,25,142.38491702079773,0.5076576576576577,2.0666828302469487,0.7399754828961866,0.13294831711487454,-0.1051851846710568,0.16162593110870174,0.400938869813695,0.024376824090747824,-0.003287111951301957,-0.11178853674707974,0.6668625841918235,-0.016762156988337554,0.0031242791785448015,0.019470849318102078,0.04659584154275011,0.035728080171158055,0.013477845336416237,0.11175975960330707,0.04764407531773709,0.05191766049371911,0.011677201081456944,0.11327150603381815,0.030731258100707304,0.02181112802665041,0.004818928900876368,0.07205044698578197
10,1202611,TRUE,0,0,,150,11100,74,74,74,53946.53595699144,25,93.41906714439392,0.5054954954954956,2.066729071176178,0.6674915574276613,-0.007344839409210921,-0.07982569259452896,0.4660552073373246,0.5017200455679541,-0.019707189238102243,0.0019004102075193085,-0.08810210610681196,0.7049183388370546,0.03714611475180265,-0.0016854473188733473,-0.14215351191244532,0.05221583992843636,0.043173922114468036,0.012393156506644458,0.1356104535648913,0.043775608621752844,0.023981164152802648,0.0066687445839391755,0.11123233277487864,0.028215564228283356,0.022156561012127207,0.004826783162203384,0.0684966656486071
11,1202612,TRUE,0,0,,150,11100,74,74,74,53763.22312708862,26,113.8320620059967,0.5044144144144144,2.0669685385333043,0.6824926438626342,0.07266138431165593,-0.09274396819165086,0.21830725705640966,0.35645511120152357,0.10461598969921873,-0.014248991706740556,-0.1196202055632625,0.7108525467026083,-0.02295705658992597,-5.771001967623243e-4,0.06782225619068372,0.049961262578861305,0.04080333304639995,0.014418985926770175,0.13067757432381097,0.0527146839489681,0.048691168815751334,0.009982095485699848,0.09949317091151397,0.027974072827983226,0.013324691590701404,0.0031948841317122,0.06572446708524528
12,1202613,TRUE,0,0,,150,11100,74,74,74,53800.80489178014,23,86.65270900726318,0.5037837837837837,2.066907305122898,0.6688389587983139,0.1409891490440359,-0.09961892563149666,0.22192972469178487,0.3524862985004463,-0.026782272133851495,0.014006019872052761,-0.0231176496234145,0.7149562454723372,0.008056237913333954,-8.8062092037887e-4,-0.08704412807585193,0.05054921575191832,0.041757277075152116,0.013029133543950569,0.11192463353504224,0.05004722447544861,0.02654459201428313,0.006664426240982494,0.11558206169267343,0.027869083688951992,0.01986557558987173,0.004879763475041172,0.07195963334605052
13,1202614,TRUE,0,0,,150,11100,74,74,74,53761.65274273511,23,89.02821493148804,0.5065765765765766,2.0667623803722868,0.6842923172250501,0.09427980260148673,-0.09803606668630394,0.29817169877969707,0.4496511642960402,-0.030903867808197052,-0.0013418855178574727,0.06892488535113928,0.6671793469954855,-0.00539488010838948,0.007045291307956009,-0.05964611135503332,0.05042328537498727,0.037997926612528675,0.012577460280528214,0.11712802868034032,0.04411991678156336,0.0297006887001863,0.007749091851954903,0.1069097602566734,0.029627345804888586,0.018859079549925117,0.004244133439596015,0.06880082343719104
14,1202615,TRUE,0,0,,150,11100,74,74,74,53819.823653229476,25,113.90436697006226,0.501981981981982,2.067905553612718,0.7693299229302165,0.07756833031790085,-0.09409789295355511,0.13751698324696415,0.32899280543975923,0.01826123766920979,-7.248145621200499e-4,0.0636678080100597,0.6622269941744094,-0.01694829189099297,0.004398957154238853,0.037240316750110254,0.04279831452466729,0.03487569201658551,0.014062923237152388,0.11843618575341808,0.05092061806610054,0.042268574298116104,0.009531546312386528,0.10124038803701826,0.030318629973738152,0.018210491521763256,0.00424111708016687,0.06943103756982352
15,1202616,TRUE,0,0,,150,11100,74,74,74,53826.415410837115,25,86.28054404258728,0.5027027027027027,2.0670130179522705,0.6992796461214722,0.12404659046167014,-0.09771655892975926,0.02203997323880751,0.37755502607770774,-0.010998732478706112,0.010288515849689865,-0.04677817122526637,0.7000817822358446,-0.017092833965578178,-0.0037895068975238597,0.10424180270321047,0.04902652351853128,0.04021828356651915,0.01606338030389898,0.1439043046019076,0.04611738630213901,0.029241027029535873,0.007019264778256395,0.09949363251185962,0.02967555943938505,0.020860479830482646,0.004581850492276836,0.07087728440936868
16,1202617,TRUE,0,0,,150,11100,74,74,74,53779.23506819626,25,86.30941009521484,0.5027027027027027,2.067029526604362,0.7264696785689604,0.09977615360013382,-0.09721102706662407,0.11270982579385808,0.3167685536312217,-0.02386468141631522,0.0016960539182355606,0.14921874615470146,0.6911988917208952,-0.0013718579981142098,0.0012740365480971043,0.002292860610037451,0.04517191297207699,0.032692043635682747,0.014112767806361682,0.11482279292752796,0.053155280076133155,0.03737103163384335,0.008127678060918093,0.10259839808172269,0.028605550478355644,0.020328864848660273,0.00440580806988963,0.061389399898966024
17,1202618,TRUE,0,0,,150,11100,74,74,74,53695.30162827981,25,112.14536619186401,0.5044144144144144,2.0667754929223063,0.7499824246345671,0.04933844002488146,-0.09168628752128156,0.28214470686703724,0.4280439731718159,0.07074331839409984,-0.0183999243826057,-0.1275739948024815,0.6576495657152681,-0.006345126586044702,0.004281389207089824,-0.00319767931719728,0.04525218354009848,0.03566159769159333,0.013133603583265133,0.1273984188794907,0.05271560153208449,0.059972191099792654,0.013162263451240363,0.11416275337364011,0.030124721661781092,0.01708439527670876,0.0037019976399773015,0.0704984574559011
18,1202619,TRUE,0,0,,150,11100,74,74,74,53638.18782055687,25,168.32829594612122,0.5052252252252252,2.067956515567554,0.5582951964310523,0.18557387532679134,-0.09364968439654847,0.064604491191428845,0.43644067228345357,0.020682259323189324,-0.018673571176648397,0.13436417572115605,0.7163519386160953,-0.031362868534292224,0.0013755054052377274,0.03847844810408723,0.060613451163138723,0.04934657090676723,0.015042467308331376,0.13633521734836415,0.048398126155793815,0.04091528159602042,0.009005235098710334,0.10744695434678989,0.027911235401842246,0.015085976581248522,0.0034787107637607403,0.07038784405619022
19,1202620,TRUE,0,0,,150,11100,74,74,74,53867.35976346576,29,129.6487419605255,0.5076576576576577,2.0668019470035537,0.7579609059131021,0.1232291102784782,-0.11419711632442972,0.14847269868525614,0.42147104422281756,-0.02538193898630854,0.006454324256660097,-0.03788610674965816,0.6746412273137273,0.005396409113150824,-0.007130570134763575,0.08961818945193395,0.0452737069306737,0.03592865462406731,0.015657725041524444,0.1103048057419205,0.04494680567829761,0.02486399240711891,0.0062442125158983725,0.09964842564169495,0.03002173838976063,0.021401660225705287,0.0046997266757459084,0.06299426698553319
20,1202621,TRUE,0,0,,150,11100,74,74,74,53806.17145037992,23,111.80954718589783,0.5074774774774775,2.066779013027599,0.6443711947067456,0.0982236143627316,-0.11269755990686015,0.3393981787623174,0.429973491072608,0.011600501304850819,-0.0010760337252981164,-0.037501295325901365,0.7240709571999344,-0.013237985685049544,0.002460739775215841,-0.01868800736846835,0.05362396408086782,0.04334090228429533,0.016504615018381314,0.12711034838909965,0.04576626803597892,0.02913148396591073,0.007546611008472323,0.09614878968764921,0.026666015093515048,0.014937922362471441,0.003698607348265077,0.06334083647099922
21,1202622,TRUE,0,0,,150,11100,74,74,74,53941.02813180555,24,85.21248888969421,0.5046846846846846,2.0681318928868375,0.7328575836268736,0.08918354933859567,-0.0906721260392491,0.08029514247696524,0.464325559306439,-0.02464759578345098,0.005623273460797621,-0.029871086530232106,0.6756636259538998,0.030429144904781154,-0.006955175235200173,-0.004156282911034133,0.04683431426389837,0.03940495614398904,0.014325484701499329,0.12316166037181099,0.04222300266481479,0.0214932419896094,0.0055680796981477905,0.0967974190818239,0.030382911180507243,0.023072906144220272,0.004942024283914295,0.06596748342616869
22,1202623,TRUE,0,0,,150,11100,74,74,74,53687.90230579319,25,84.91300702095032,0.5013513513513513,2.066820247459494,0.7134101100997778,0.07583933353391646,-0.11098289194168673,0.341141360335666,0.41195556052675564,-0.013593303885209145,0.005014918882196679,0.023102968319149122,0.6569804298577326,0.0303477401916424,-0.005951975025250094,0.001593691539333497,0.04823880204148786,0.03786423578105516,0.015180645207645766,0.11954558391674154,0.04454646282191475,0.02547976730716224,0.005940691949565279,0.09779585088409598,0.03040998524858345,0.022789065408056867,0.004824632767930849,0.06586656459763439
23,1202624,TRUE,0,0,,150,11100,74,74,74,53844.15670445781,26,120.85417795181274,0.5027027027027027,2.0672634240048713,0.6744644562209117,0.1062048962432662,-0.09467358977095625,0.08341630968410964,0.3507411382573405,0.03427942687593429,0.011535307530260172,-0.18142594432049314,0.7279879881703006,-0.012138823675762848,-0.006283793630409577,0.0878093974068727,0.052142230136726087,0.039457624608106624,0.014785968970028434,0.13537681864284326,0.05126280899658822,0.038901914664165024,0.008361892224031357,0.1008441558889187,0.02861958974209773,0.021030686954878815,0.0049122168912350845,0.06664113156146488
24,1202625,TRUE,0,0,,150,11100,74,74,74,54032.22406391925,24,99.97659993171692,0.5065765765765766,2.066938188073315,0.7456784803339035,0.1073460540339608,-0.11158348118042784,0.26531745488760466,0.46014973018071137,0.005170586197022301,-5.859414844419914e-4,-0.046132408089675024,0.6768538843947663,0.003271140113280034,0.0026390228327316115,-0.032324061583644766,0.04759216671644901,0.03524795643903445,0.013885672381716447,0.11752030780032462,0.04588501034009786,0.0357973594549288,0.007924447267536525,0.10208647730039692,0.030882124371203003,0.021884016816014203,0.004452082197923774,0.06934838023352716
25,1202626,TRUE,0,0,,150,11100,74,74,74,53808.39611906512,22,116.437255859375,0.5051351351351351,2.0669929892885346,0.7165967583460836,0.06495816759293928,-0.11111867082740005,0.31595382172588315,0.38342058884289093,-0.046737645990028914,0.00933045395307494,0.11361602752029219,0.6827124137902142,0.03935241894736956,-0.006920616825988377,-0.02840408410315136,0.04695134974205046,0.04265821195882254,0.01572891083290594,0.13200683522984447,0.04758055861151688,0.022258385443972465,0.005665256489476624,0.10216552499606471,0.029110156333706696,0.025144004630752385,0.005361013275576807,0.06448347665778512
26,1202627,TRUE,0,0,,150,11100,74,74,74,53814.99508740096,25,140.60811185836792,0.5003603603603604,2.0668671732701567,0.7502131339844638,0.0819032218186086,-0.0889716893401121,0.01245343468053771,0.31479775978760993,-0.02438397649339794,0.001080339364508107,0.17697190038716157,0.6945922725884938,-0.003569962645373968,-0.001366537853069243,0.03882617008174123,0.044653137187845734,0.03222339562707938,0.01408662486864336,0.1253696103206462,0.05300302918073162,0.030031121074544493,0.0067751928014534585,0.10273107661162259,0.029417615367792006,0.017677504936008323,0.0038303387952194445,0.062069610603461285
27,1202628,TRUE,0,0,,150,11100,74,74,74,53791.90801589599,21,114.09626388549805,0.5063063063063064,2.0668022744199637,0.623475889980907,0.06745818912182296,-0.06980385918394881,0.07636933780153544,0.4856069455738571,0.028421661679133025,-0.009242230994933095,-0.09515787039359062,0.6981045884586404,0.0038740021571512496,-0.0032853781026866867,0.03126871298965223,0.05359276232807495,0.0374635345966519,0.012599346330337829,0.12356627175258628,0.04355585422296101,0.0313713992761942,0.0076890849219054145,0.09055678069438275,0.028175328358793873,0.017148191896693196,0.003816130590231147,0.059224359918603156
28,1202629,TRUE,0,0,,150,11100,74,74,74,53804.86775957848,26,113.77451205253601,0.5051351351351351,2.0673012958007955,0.7272343591584638,0.1039885688808641,-0.09506502877848076,0.04038576156859537,0.39742661196514173,-0.05357187253776185,-0.007787395059858932,0.301507630214463,0.6795312263414451,0.0069149324864623465,-0.0013308483312959544,0.01084563944962025,0.04646034106905421,0.03872192538796658,0.015271304497427923,0.1377434391730065,0.04782829859385156,0.027674428099925125,0.0069715886042911145,0.10472728410019465,0.029598787608580975,0.019835791457847786,0.004112932953809042,0.06722896711942254
29,1202630,TRUE,0,0,,150,11100,74,74,74,53616.78181590988,27,93.29539799690247,0.505045045045045,2.066922485040732,0.6373634590894168,0.1505659870248823,-0.11497837229528379,0.2507608916680959,0.43015978260537907,-0.03348367972124673,0.009216581901428818,-0.06951788961527791,0.687558202574168,0.015463381856622405,-0.007874768478780924,0.039309636500864636,0.053814482177737634,0.04516752572823639,0.016553082242617888,0.11750446312431377,0.04385709128516489,0.02169917995404092,0.005610919640719719,0.10181276271236869,0.02882122737006715,0.019412242317354958,0.004389022523048162,0.06448014055661001
30,1202631,TRUE,0,0,,150,11100,74,74,74,53955.09642293486,23,110.24703192710876,0.51,2.0687957806781467,0.7075928446679726,0.13770112124560452,-0.10409688495697281,0.03549724641050729,0.4091767324775454,-0.0416443933400396,-0.011015287395373483,0.260043744311572,0.6917129609751258,-7.500720431931392e-4,1.7112300395918164e-4,0.029176193193356362,0.04993281813568799,0.037998741366794236,0.016406723427298694,0.13665811199267533,0.04845484108714302,0.03407905598474389,0.008192950354501152,0.10721760163682942,0.030052747487422895,0.02039133247525073,0.004177998942876511,0.06733254794176792
31,1202632,TRUE,0,0,,150,11100,74,74,74,53538.09310853026,23,83.65110993385315,0.5071171171171172,2.0666888392986342,0.6395937976823703,0.025893988568718704,-0.07847464062358148,0.25243987141211227,0.5152383667211445,-0.02482790836309254,-0.002691123591965402,-0.07860154754196756,0.6770292190272096,0.02860048063611697,-0.008483163302956807,0.018317253648388574,0.057003491947207406,0.04261671083551784,0.013871696398936567,0.14079247845856524,0.0418567644051018,0.022681449096839664,0.00644652524109413,0.10266528956385347,0.029942731897598867,0.022664276432026988,0.004727476686487753,0.06397330322680476
32,1202633,TRUE,0,0,,150,11100,74,74,74,53815.87329787452,22,113.04134202003479,0.5043243243243243,2.0678524924570714,0.6811166648216124,0.07167212206414596,-0.0931434078488835,0.09543822040092717,0.41521711453041255,-0.03934192220312393,0.007936619480064718,0.0867103173684663,0.6973241971890871,0.026585326760151455,-0.007035924137951691,0.006085828621091213,0.04892541366235599,0.03983692399472541,0.015159383771724183,0.14142361640569173,0.04495435825310633,0.0216272195786715,0.00542099363267725,0.09625095150478066,0.02806404091081526,0.02139883023246611,0.004539521733128221,0.061534271375871356
33,1202634,TRUE,0,0,,150,11100,74,74,74,53563.1160721077,25,88.43003511428833,0.5029729729729729,2.066812583139305,0.7076697311876554,0.05324085221439999,-0.10269653907855562,0.33041546665273525,0.3650813178307436,0.011681361049465018,0.0037917012443650544,-0.00671008488579547,0.6855632204329694,0.011251500234438903,0.0015562274708130256,-0.06712014210297412,0.047358348085801555,0.03622222698844561,0.014285430854883895,0.11830516847504272,0.04962410926217246,0.038467830426459064,0.008243254614963348,0.1003330021075425,0.028308507990883507,0.020945631570055356,0.004861853220664286,0.06311741300055623
34,1202635,TRUE,0,0,,150,11100,74,74,74,53741.30185238734,24,81.03283190727234,0.5081981981981982,2.066841835164102,0.6909803454432164,0.12053685408108672,-0.08718257199104866,0.03222027303991446,0.3210627527475445,0.031320986832944674,-0.028007576554062275,0.3249227211167889,0.6876561185575306,-0.021567544903182672,0.009765735682548191,-0.0371563434939959,0.049186982627406506,0.04188919848386167,0.014218071344041313,0.13523088899167587,0.058534494183056854,0.05798929881866201,0.011622224524173832,0.11477949824573368,0.029405460706434943,0.014063121324220617,0.003168692578128094,0.07116363542750725
35,1202636,TRUE,0,0,,150,11100,74,74,74,53893.45220515113,24,78.45020484924316,0.5023423423423423,2.0672538655297257,0.7662351926321832,0.05498701725176342,-0.08793854457243376,0.4016137667586476,0.3523244104198053,0.06092701267246353,0.0018418070379974836,-0.15763086211053745,0.6452929949044587,0.020377821002447918,0.004255752943769257,-0.13681058972663837,0.04154072578259189,0.02998095513008187,0.010237056921198437,0.09323599578557994,0.050931774733059425,0.039595450343655095,0.009116919773617707,0.10336436654779653,0.03021288577386694,0.01824796697330564,0.004618965523647751,0.07356272888402804
36,1202637,TRUE,0,0,,150,11100,74,74,74,53931.53459901568,23,86.69412803649902,0.5051351351351351,2.0675227713115722,0.7525932863072395,0.1308538757713002,-0.13808925016972876,0.31602186741249166,0.3624580670246746,-0.049276173486549,-9.611878326620458e-4,0.24400181560539014,0.701571632485911,0.027359703493558072,0.0035468666267272995,-0.1362001498928829,0.044921431718446224,0.03990261916295556,0.01786451889557499,0.12371308986003929,0.05049138690587699,0.025537074995429423,0.007003259422683635,0.10709942422370944,0.027725767947130973,0.017223168082497846,0.004072618452364727,0.062009591969404095
37,1202638,TRUE,0,0,,150,11100,74,74,74,53857.29059057399,24,121.74397301673889,0.5083783783783784,2.0670134091566372,0.7366278303939944,0.11165013798738167,-0.1101256915123146,0.28419845598320503,0.4493281602825351,-0.00756275532966712,0.012989814466019656,-0.19901212326972129,0.6598596244535746,0.009838543899140033,0.002818556268728621,-0.05781680560975785,0.04710519602398041,0.0396430851079149,0.014317970993022136,0.10299063468397006,0.04185272805081369,0.026726378557172806,0.006572299948989418,0.09928052400881286,0.0301983889054747,0.023107864286265486,0.005086046464474745,0.0676731396977121
38,1202639,TRUE,0,0,,150,11100,74,74,74,53703.19661149602,23,126.69915199279785,0.5081081081081081,2.068398561016026,0.696280477823111,0.06259375088154646,-0.09467034330297128,0.0947698063566848,0.33741694414130063,-0.009452546172232344,0.011327931657561536,0.0304518298603593,0.7162601195125942,-9.07813102082045e-4,-0.005977873705498486,0.06292958288904354,0.047229666633740806,0.03898450060873221,0.01647547446946106,0.13476917752221107,0.04934863614377432,0.034429847732774875,0.007719738770912357,0.09851417047823693,0.027435261825407353,0.025170173703915662,0.005660779498454045,0.0603939305123023
39,1202640,TRUE,0,0,,150,11100,74,74,74,53994.32182106088,24,113.80655908584595,0.5053153153153153,2.0667033463621465,0.8113128506813911,0.024670773674510576,-0.08361935602220384,0.09379143849151998,0.37005699977201995,0.007864545071477888,0.008085891469383424,-0.06128499265912746,0.668237004235143,0.0033178708787666906,2.7225084820926698e-5,0.02852747001960946,0.042282013094707915,0.02961236661124178,0.012691525946631789,0.11589804680110617,0.04787709401285955,0.028708080001027488,0.006807024748821062,0.09657800170071594,0.03153148694809034,0.019306881681274955,0.004252875869702404,0.06293985773680529
40,1202641,TRUE,0,0,,150,11100,74,74,74,53550.564955415684,25,76.00886678695679,0.5077477477477478,2.0669409592202856,0.6888904858114486,0.0971661800726518,-0.10758290920518705,0.14200066982132714,0.4568459765098737,0.0010828641576914042,-0.011455231495069112,0.0071613806577231,0.6763402028968912,-0.0030925367324626403,-0.0032950721532669807,0.09043302975564158,0.05097659114480779,0.038996074570168286,0.017001341003459854,0.13279527425836088,0.044427655299995476,0.030193865582163748,0.008564120371591698,0.10383859135949905,0.02949613716274065,0.017268791204404076,0.003900292292148942,0.06152099211037618
41,1202642,TRUE,0,0,,150,11100,74,74,74,53875.704073220026,26,92.98687791824341,0.5007207207207207,2.0669273621323554,0.7285663769601585,0.06562264104069443,-0.07634792426509777,0.10687716992429447,0.41060734508864044,0.02364557494327928,-0.0018874226617083024,-0.057077918469717125,0.6835069438206853,0.0024748265545350475,-0.006016348636617233,0.0569998865937473,0.04637995466636348,0.03247788013874706,0.012010274712146864,0.12528168831896702,0.04565157984818313,0.032672372461297824,0.007683123835931471,0.09730403206890104,0.029887949538702555,0.01964482754819141,0.004450415515804183,0.06683782100805012
42,1202643,TRUE,0,0,,150,11100,74,74,74,53631.11365524882,27,75.39685392379761,0.5073873873873874,2.067569555837099,0.6910454971760092,0.1075211572413771,-0.08203058478748786,0.08323684544915944,0.3706096367071685,-0.024677619642641827,0.00475961393362901,0.07434868768983087,0.6803978372738766,0.0018443798034682595,-0.0030551500826296414,0.009678519599147676,0.04797206468108298,0.041715399909334636,0.013475287523240122,0.12000848936174031,0.04698561615382233,0.030524000649865858,0.00722918666847759,0.10260123376471998,0.030041550503398774,0.024136804581023907,0.005157170806065847,0.07125195616374547
43,1202644,TRUE,0,0,,150,11100,74,74,74,53688.28332850362,23,121.03192782402039,0.5018018018018018,2.0670353474013154,0.5577823039396594,0.08802537779758711,-0.08595263045153687,0.31593241723124044,0.36914759746774606,0.06014447890400448,-0.008849902396750436,-0.15482463465513616,0.7429914062468327,-0.013171885392781782,0.004564845183274127,-0.05974405967028514,0.06044130418678391,0.04563775558337286,0.016474905290765833,0.12114626284910274,0.05159288854505685,0.04507427707035187,0.01051085434039856,0.10816822705574995,0.025170409451123397,0.014108642177820452,0.0035304377654207957,0.06258013287958497
44,1202645,TRUE,0,0,,150,11100,74,74,74,53777.61330990096,29,149.48395204544067,0.5034234234234234,2.0670948458749234,0.6719944190178793,0.08581977379227296,-0.08273270415411943,0.17773711168385242,0.48653605864159666,-0.020913726673929642,-0.007088177985914735,0.052384591946594145,0.6672237741103398,0.015539900967446327,3.239976819943492e-5,-0.040947189765621665,0.05312236982227474,0.03741821056392114,0.014931734030952193,0.11154988667240327,0.04312598380744321,0.02557895123093687,0.007114843948518553,0.09605550296678061,0.030849317080460473,0.018823264835870223,0.004239658832196105,0.06486420859674996
45,1202646,TRUE,0,0,,150,11100,74,74,74,53670.796953214056,25,88.08320188522339,0.5073873873873874,2.067979292132638,0.7470971830495637,0.03960091239493588,-0.10758438809039353,0.3958783004094263,0.2605797684617553,0.07824455710232964,0.006269214716587644,-0.23073270099002327,0.6978756403295839,-0.020415446632728138,0.003827569354644262,0.023634920865204568,0.04513549801660515,0.03417845983280084,0.014210073576098827,0.11094732337804346,0.059373338633616046,0.05313976612373521,0.010476112385495907,0.10240151929234206,0.027359466044295812,0.015326003546942454,0.00377020830188562,0.06179558188952229
46,1202647,TRUE,0,0,,150,11100,74,74,74,53608.77310748037,28,77.99793100357056,0.5077477477477478,2.0670099192903155,0.6968085443200122,0.11096932142958382,-0.14492056906037232,0.24942697058496768,0.4274048289225576,0.06906396469096966,-0.015219043542230354,0.016358189381227833,0.6839432336647432,-0.018273443166521162,0.002466760746484711,0.06928411941727142,0.05273666903789087,0.04163660626580094,0.02138042634092912,0.1422159100488392,0.04817116541066912,0.04579394815331549,0.009337177439387877,0.08549813379677862,0.029036697986142977,0.014701008207501157,0.0032853760770211646,0.059458534639176344
47,1202648,TRUE,0,0,,150,11100,74,74,74,53705.6461170409,25,118.32759404182434,0.5081081081081081,2.0670943245360527,0.6103025618002182,0.10205973013514799,-0.08477751242331295,0.17930233876421506,0.411955648829205,-0.021308601492438933,-0.006206428679842169,0.1463627000325118,0.7299083566856726,4.4547110422254343e-4,-0.002690182702805125,-0.030849621223525386,0.05441649039246591,0.04224457437911936,0.01373413724075374,0.12637499896850463,0.04711857664671095,0.036968986219267364,0.008546609784720945,0.10319803831152637,0.026888490549928378,0.020252142931074076,0.004593878453229072,0.06469449765041949
48,1202649,TRUE,0,0,,150,11100,74,74,74,53738.15190173265,25,73.8017168045044,0.505945945945946,2.066777957419193,0.6844337899691775,0.08133406640674827,-0.09418343525331353,0.20508620411668416,0.3275283016514715,0.001956986934979712,0.002379872378206731,0.06193389268018989,0.6915957432516319,-0.014685978533884236,0.004559247802952624,0.010208718052116835,0.04920620612905776,0.03736223047246811,0.014903052721095173,0.11910774820081882,0.05028481446656121,0.036087025488187596,0.008481734227438385,0.10460324464999526,0.02838322583322421,0.016605688276443306,0.004086814135278627,0.06429216728266582
49,1202650,TRUE,0,0,,150,11100,74,74,74,53665.55432496104,24,92.70675086975098,0.5034234234234234,2.066760584630189,0.6809978758373375,0.07150901874217373,-0.09130717578559987,0.1851609637248311,0.4489793461783611,0.03339992657214715,-0.002505696543258266,-0.13920130856872592,0.6767796130709431,0.022090575336242722,-0.0016027891333158502,-0.03894977208934738,0.04973590007983416,0.03724837461519238,0.013459917341287264,0.13117013176964695,0.044191135153029935,0.0275912720006391,0.006926120861926358,0.09616898070832088,0.02838308833719153,0.017463733193514255,0.003922085391505434,0.0646059217984729
50,1202651,TRUE,0,0,,150,11100,74,74,74,53882.71010329787,22,108.72221302986145,0.502072072072072,2.067022811898778,0.6838116345367304,0.0128784908848762,-0.09327089192446433,0.38674509424792686,0.4548350515188577,0.027156203247701356,0.0049565870764139075,-0.16806383470019523,0.6921419795314401,0.030643823441803365,-3.861634810866241e-4,-0.09343072875670234,0.05035652205007146,0.03916919260615732,0.01394491742015118,0.1252520250908839,0.04322153149408068,0.02659822061345345,0.006938285240455347,0.09265503489174647,0.027986186284999697,0.019210939480643136,0.004456674557066296,0.06215857348223466
51,1202652,TRUE,0,0,,150,11100,74,74,74,53642.474731974624,23,88.28147196769714,0.5038738738738738,2.0670489084289936,0.7112777512956087,0.09529407635410107,-0.11259824463061506,0.3205584128816989,0.4413768719147302,-0.00690872471148624,0.00411293665807077,-0.03777138272929658,0.672024318279458,0.01953835882140833,-0.0010422550734855447,-0.063463209322506,0.04843621922492087,0.04047346315229736,0.015104507056942627,0.12927245795302705,0.043341738255004925,0.026787402327502798,0.0060511607789359104,0.10403782034689164,0.02865171170639526,0.020278725285793175,0.004569231616192328,0.06991363877281132
52,1202653,TRUE,0,0,,150,11100,74,74,74,53757.55751662691,26,74.04491710662842,0.5077477477477478,2.0675803820580767,0.7091378159296167,0.13340896273651345,-0.1137887807257888,0.23131540525655112,0.37829590543566566,0.03211422671545494,-0.006464228711522866,-0.0556924846197033,0.6960799766851932,-0.0317574163672886,0.005076802865092864,0.037964025805591516,0.04773314408551039,0.03804166674032902,0.01503310188474318,0.11226127540781046,0.05193947154732579,0.043893965394884896,0.010248833314323596,0.11642935681070482,0.02854114652178404,0.015690934627496662,0.0038577879278860485,0.06756475004711655
53,1202654,TRUE,0,0,,150,11100,74,74,74,53820.76229193222,26,128.95395684242249,0.5045945945945945,2.0672001473265027,0.6561979168936343,0.07670708531774678,-0.0955794794135887,0.23489529806300968,0.39707296596680247,0.03096431445408871,1.4467354393035012e-4,-0.09686717070102278,0.7253635476053079,0.0019479794733440405,-4.6228372441230273e-4,-0.027607387703926484,0.0526377928633813,0.039757004585301216,0.014857564403847385,0.13787396764977058,0.04925859128793693,0.04211032586745392,0.009445343871929772,0.10372819953723428,0.02763505605965642,0.01915523494634251,0.00456260689319761,0.06530597840391089
54,1202655,TRUE,0,0,,150,11100,74,74,74,54106.85670338144,25,74.89405798912048,0.5045945945945945,2.0667821336502734,0.7149565069211059,0.1139025202644772,-0.11530565506609844,0.2599084941347219,0.4018023820293854,0.028221349361793602,3.3545509231221697e-4,-0.06677937929337313,0.7190554940819344,-0.03287022085890557,0.0029723004953903665,0.05715459167330795,0.04995981377579965,0.03982294545995988,0.015056547891572118,0.11249228116602217,0.047984388510845084,0.034904500552077604,0.007938968559115968,0.09435878845641787,0.028213254360099773,0.015177619266452645,0.003586138661688183,0.06419687033999767
55,1202656,TRUE,0,0,,150,11100,74,74,74,53900.73341117876,26,85.96128106117249,0.5038738738738738,2.067456316419748,0.6889799454208414,0.1647102087212952,-0.11517281404305751,0.1274406366648425,0.4018792719992435,-0.004713220513118173,0.008268305426627123,-0.06919825219628346,0.6881202078553896,-0.01489254816381457,-0.001058094865590597,0.07592153749535815,0.05156672452310975,0.03986675300448936,0.015859971615720843,0.11440785005868385,0.045506161978768035,0.028848553423392598,0.007121985781933324,0.0984670777471914,0.029653434307546786,0.01910670741028232,0.004451101402703171,0.065499179587945
56,1202657,TRUE,0,0,,150,11100,74,74,74,53809.50810875361,23,105.48856997489929,0.5052252252252252,2.067419136311128,0.7181369745833599,0.035203199486416537,-0.09142625416252557,0.27350613034067534,0.4146469369936804,-0.03392139344408943,-0.0018678672043723286,0.15115341390884016,0.6764787206046562,0.04807516589849492,-0.0012223893497243427,-0.12772457112696664,0.04731227137188816,0.03660831917245322,0.013913100766881181,0.12523980180166328,0.045473548903817204,0.027050779977152942,0.006807587957586252,0.10378634671668831,0.02998207308935339,0.023339294726470623,0.0050020703759200294,0.06191885560907319
57,1202658,TRUE,0,0,,150,11100,74,74,74,53848.69135371337,26,117.40613508224487,0.5018018018018018,2.068454114724879,0.7447643354353494,0.09042019579169916,-0.11268243773863336,0.20709690598354027,0.3393979915224921,0.023376658836873947,-0.012340033274430211,0.15044190525728657,0.716993621341617,-0.014075370299037928,3.3105211033672004e-4,0.02700461756315871,0.047859204788002124,0.037790772308280665,0.016319647401359685,0.1279740656510435,0.053820818629457506,0.04059532358925884,0.008603272209149172,0.10473067073636737,0.028673446065395146,0.014824409516017628,0.003440093998140682,0.06292090923413998
58,1202659,TRUE,0,0,,150,11100,74,74,74,53790.17085644374,25,94.53097295761108,0.5082882882882883,2.0673949104509424,0.6789264792291303,0.15681163756567787,-0.11194018029427248,0.09468740566868403,0.4321050542946528,0.07260051116771922,-0.023300118745793314,0.02578289253139398,0.6806323448450688,-0.02686159125988129,0.006113719118268383,0.03902616793494203,0.051252828246449035,0.04733402521897851,0.01629364935632931,0.12901723344516575,0.048235197029791226,0.04359108051704968,0.009489893083877906,0.09679198176095581,0.028971234849297672,0.013388346538115787,0.0030109681983510905,0.06702717414090116
59,1202660,TRUE,0,0,,150,11100,74,74,74,53901.25761368936,27,105.64518308639526,0.5063063063063064,2.0668367191796886,0.7292056431306534,0.05378673162678296,-0.10416010561024554,0.3391323020539023,0.4316457682882385,0.04164758911188893,6.420982581833413e-4,-0.19091334338158952,0.6985888172023272,0.00496859549737255,0.0016568564148368447,-0.04579034906503529,0.047998408229477124,0.036236941110133175,0.015222248209346999,0.11800529157690703,0.046469115038241575,0.03400832787914702,0.007433532064578193,0.09994782104326666,0.02879431854895049,0.016903519474916747,0.003903076072553708,0.0645978403476385
60,1202661,TRUE,0,0,,150,11100,74,74,74,53899.855288337494,27,81.83367490768433,0.5043243243243243,2.066851138906274,0.653729293251993,0.11965960091659508,-0.09386897862490191,0.10723676407332647,0.3513669621293131,-0.04391395466349007,0.0084466234959566,0.11143886141990049,0.7581153413374243,0.008868483185612626,-0.006572268078692202,-0.033029188724903916,0.05305022611197609,0.04861346008559683,0.015980733433976272,0.14934565328065966,0.05246292865958756,0.030227372145347042,0.006552842850979618,0.11612337084568976,0.027788765583467108,0.02413723635618944,0.005114315155090923,0.0720077439679953
61,1202662,TRUE,0,0,,150,11100,74,74,74,53699.184014539904,27,114.5189151763916,0.5067567567567568,2.0667498481285294,0.6257526093273266,0.04159900102281502,-0.10721941054441965,0.4427851424843475,0.3819493283947132,-0.011752880780623233,0.008564763902855576,-0.05801461789541718,0.7498154788246878,0.012103139210078969,-0.0021723831783229492,-0.07135078703242667,0.05657024812185482,0.04830301565368325,0.016359484231818718,0.14182956102757116,0.047935290892939526,0.02702841496741214,0.007379199388303983,0.11341408906826009,0.02645593096083389,0.017840379277582682,0.004375594839664544,0.062479563851161365
62,1202663,TRUE,0,0,,150,11100,74,74,74,53842.70234974973,23,110.89086580276489,0.5103603603603604,2.067656843893489,0.6559683348010956,0.10742180205723045,-0.09909248429239745,0.12037464559391964,0.5273295401677481,-0.007928982420727855,-0.015652090668514983,0.07250344534438857,0.6630668747107955,-0.019983321440986215,0.003994738469937091,0.08448110978674671,0.05505854044801849,0.041255188487953266,0.016223028212731166,0.13402394995689515,0.041988686032626246,0.03260689593352995,0.008445345141601486,0.0962409222994852,0.029767966806660752,0.01667663303415629,0.0036084436611405982,0.06239098878460347
63,1202664,TRUE,0,0,,150,11100,74,74,74,53687.51161255871,23,84.82783603668213,0.5067567567567568,2.0668083781753466,0.751426434161659,0.06907583422167451,-0.09922862299178548,0.11504885844258797,0.40470210547225244,0.04720849547972851,-0.015107701141096995,0.03269932792296293,0.6523680710822554,-0.02319460987885915,0.004537412638664714,0.08449094776112946,0.04625757510061685,0.032788541945804967,0.01440690590495473,0.12674028278957156,0.04978525038733451,0.04232933324907622,0.00914057873361846,0.09358524776159023,0.03099175417430924,0.01515480601752345,0.0033062747752779465,0.06405883292442931
64,1202665,TRUE,0,0,,150,11100,74,74,74,53543.17659574495,24,92.88177704811096,0.5058558558558559,2.0673990454967073,0.577667629419886,0.04726730974155819,-0.08154599418591782,0.4028291201213516,0.4661386318620045,0.004210128428521017,-0.0024347298104985906,-0.10113296743153932,0.7163795985361359,0.01585591529913422,-0.0015661248210962519,-0.09681732415947517,0.057248290049965324,0.04160451371582386,0.012838725672897474,0.1309386337100593,0.04372233362309543,0.035621534176852314,0.008991001716416208,0.10716745951975241,0.026519813556971538,0.021992770796509777,0.0051434097870752815,0.06507707971930424
65,1202666,TRUE,0,0,,150,11100,74,74,74,53643.256005917356,26,93.21812701225281,0.5062162162162163,2.068180591894422,0.6270301943959846,0.16469026537173004,-0.1389944011998083,0.27341364348781694,0.36525840742881616,0.04321244353973559,-0.006197076753632312,-0.023942764121432286,0.740187249580228,-0.018480823543198164,3.815507814632056e-4,0.020309176812255338,0.05610717703297282,0.04957616051804775,0.019355189776752074,0.1229638377282663,0.05165917904384775,0.038491000658882335,0.008083361034583826,0.09422951588257553,0.02629242763258465,0.014159303162269946,0.0033297028419133757,0.05863602902221696
66,1202667,TRUE,0,0,,150,11100,74,74,74,54078.212950288,24,112.74957394599915,0.5061261261261262,2.067048847002555,0.6905896377628309,0.06675605562244953,-0.08813821402256844,0.22794763237662452,0.45857856703625544,-0.008576984049779265,-0.007749167685166637,0.04982654677520864,0.7032833944106394,0.012930938341601108,-0.0015697071445121892,-0.018611273953495714,0.050719246380943946,0.03718862231108599,0.012859505418342656,0.13187767701943126,0.04408707521507167,0.03110321191573064,0.007705582840187353,0.10371013307872212,0.028185965815623774,0.019027278481570122,0.004216881134582555,0.0658910512267888
67,1202668,TRUE,0,0,,150,11100,74,74,74,53857.226866029436,25,93.81020307540894,0.5062162162162163,2.0672134849112203,0.6911585242903593,0.1560334642690502,-0.11833896914960357,0.17293677513838301,0.4454945597813846,0.033765940841571716,-0.023545880467488466,0.1078096393196024,0.6858054483446641,-0.03419420924924637,0.00684072484820636,0.04951451317399491,0.05200163845201701,0.042472716478532305,0.016250987326724795,0.11464301714539432,0.04855817514866723,0.039181240593671465,0.009205470633628855,0.09712679335539225,0.029333970151770142,0.012985188641116715,0.0030060289875006876,0.06353413786045557
68,1202669,TRUE,0,0,,150,11100,74,74,74,53622.21362862543,28,90.50794386863708,0.5063063063063064,2.067158831234883,0.720710610987475,0.10999306931111359,-0.1222638039101142,0.34306089530240164,0.32762957562467976,-0.004066685594744504,0.005344282626017633,0.04817633207828337,0.6969753884735095,5.041041103225619e-4,0.003916264600876729,-0.07490720349163137,0.047938276820390556,0.03635805536164876,0.01631756442027207,0.10995587774132037,0.0516993195083826,0.04798855200205366,0.010474137087052846,0.10459728523681987,0.02819074561041654,0.023881867820921852,0.00554857170903541,0.06530284955036617
69,1202670,TRUE,0,0,,150,11100,74,74,74,53792.01757945895,28,80.21979212760925,0.5036036036036036,2.067910361542272,0.6261020413047589,0.12056473115385877,-0.10529526535610968,0.351182810544604,0.3716489142640103,0.04252170196304721,-0.0013367758041396326,-0.14609389429176245,0.7398772104879238,0.005304874190664797,0.0010786730936788573,-0.10330371152285923,0.05349554067646636,0.041722581815655094,0.01423447996605808,0.11188587074080512,0.052984476278879374,0.04068548678415445,0.008745716940548447,0.10788566145125507,0.02624009063306113,0.01658602702028634,0.003928907156334708,0.0643633886594033
70,1202671,TRUE,0,0,,150,11100,74,74,74,53910.76565109475,22,137.50002598762512,0.5056756756756757,2.0667287555888834,0.7164165715867953,0.06760418631527461,-0.10971796669230369,0.3375626598456336,0.46751222623082467,-0.004198467806863357,0.004272999641004853,-0.0491073144012115,0.6828107470207946,0.027181168107463544,-0.0015388910796749562,-0.06746903622039524,0.04743574739021444,0.03910244657920474,0.015186821542302345,0.12201583770037407,0.04246364087653488,0.030904783635574903,0.007415274821131566,0.09434029927637892,0.028314396431284226,0.02635618772773373,0.005929671497659884,0.06463086540401577
71,1202672,TRUE,0,0,,150,11100,74,74,74,53658.61887751438,24,75.88950991630554,0.5024324324324324,2.0668135932839657,0.7251652445627382,0.050633340476227764,-0.07809072306598239,0.1803824741703969,0.39153208756929714,-0.009062311882193802,-0.00456650132548686,0.033207659466059976,0.6847638106366477,-9.804032855663149e-4,0.002016550231747041,-0.034938269392895405,0.04603716840068323,0.03302023758911764,0.011759451982359854,0.1145084770328366,0.04892272067197137,0.03247631576214362,0.007874060360163925,0.10811648719337803,0.0293304383743732,0.01787937967240401,0.003943866827720467,0.06594395409091933
72,1202673,TRUE,0,0,,150,11100,74,74,74,53458.49581552264,25,154.41400408744812,0.5066666666666667,2.0669333175405273,0.6929644860413363,0.1313437772505752,-0.11647695654039424,0.2512797708820462,0.3549971989676284,-0.0058980122223935075,0.011379504377668671,-0.044392867338875874,0.6758901716390585,0.007418797725847066,-0.002861712383315557,-0.0020047580871709555,0.04939704207991557,0.04002813906454214,0.01589743480262213,0.12532625793974117,0.04879016980844089,0.027281384323482104,0.006627259597923519,0.10034742799008013,0.029096958689540677,0.02008037425797379,0.004691120076704343,0.07025774693079342
73,1202674,TRUE,0,0,,150,11100,74,74,74,53921.38048755495,23,77.12962484359741,0.505045045045045,2.067264388980069,0.6434411403577516,0.06709286986649252,-0.08829621913937435,0.28488534705657015,0.4772406760307104,0.0013319242972435294,0.0025038235440509294,-0.13612857041215998,0.6854164965876501,0.030839854428214207,-0.004789736720818549,-0.024863570516452976,0.05276725129045593,0.04065174923842258,0.013604657993420668,0.13096305408472195,0.04218625209740345,0.026527069121177197,0.0067655873238821555,0.10271386819499995,0.02833423553335841,0.02286593734480738,0.004880182029041512,0.06479035427661814
74,1202675,TRUE,0,0,,150,11100,74,74,74,53915.39927681686,25,150.95645904541016,0.5027927927927928,2.0668755617230543,0.6747748737845334,0.10421512255691613,-0.11566761946716632,0.20957947794766682,0.43902228943388577,-0.03886985862703319,-0.007982226254313808,0.18537855888320826,0.7208788698227876,-0.0013218155757125636,0.0010336841225101136,-0.007136498544443793,0.05351805457283697,0.04638895948728487,0.019790335002079565,0.15010700185514889,0.048058847003937574,0.03188280451753798,0.00819095802954649,0.10167559454493287,0.028051078436048583,0.019833249538709314,0.004259196420984252,0.06409178842443233
75,1202676,TRUE,0,0,,150,11100,74,74,74,53891.05190515767,24,74.38945984840393,0.5039639639639639,2.0670719442560768,0.7602269216964807,0.061803233225634045,-0.10381504869511786,0.35558651429331256,0.36188138334786923,0.026992247554310907,0.0049764703536269985,-0.16347709019976234,0.7081069054297998,0.0055929090928499734,0.00226660546529538,-0.08477382388034897,0.04638696022671392,0.03470234372875605,0.013500227927065506,0.11118004024693834,0.05118115216928886,0.03219181590630763,0.007337128627123818,0.1118696744422169,0.029159854611073777,0.01648394037573302,0.0038898403165737094,0.06796458746387105
76,1202677,TRUE,0,0,,150,11100,74,74,74,54031.58229590675,26,148.88082194328308,0.502072072072072,2.0668984276758087,0.7504983636555964,0.06765887457292886,-0.10449421208703348,0.14714332617817044,0.46740287166421124,-0.008063505841858954,-0.009652336826912258,0.11159444307887748,0.6797502298815877,-0.003074369677659519,-0.001271021911116543,0.07196248439960319,0.04821466514166791,0.0376022764935451,0.016501979248637843,0.139246875320179,0.04403107385371774,0.029754295887226598,0.007012173756865227,0.09604750024193598,0.03096180002758397,0.017811154532962486,0.00371562954304464,0.06542963013134107
77,1202678,TRUE,0,0,,150,11100,74,74,74,53664.08765206815,27,79.99863910675049,0.5036036036036036,2.0668889244873148,0.8007037645898697,0.10074911072016386,-0.11687012643116679,0.13971495423204994,0.3214921332870068,-0.0015825746923752392,0.0068200056344351395,0.03251387127615033,0.6422913788729143,0.0035657524457340744,-0.00325449118857167,0.08965238381753966,0.04216475265905209,0.03150379496336613,0.015666634199537514,0.11273522286893113,0.048593520507283806,0.026687111331166868,0.006123564138827413,0.09698674102579487,0.031155234081412006,0.018241824681476042,0.004039107680034804,0.06295482242227053
78,1202679,TRUE,0,0,,150,11100,74,74,74,54024.313101110725,24,139.5211181640625,0.49864864864864866,2.067144051723335,0.6966140528113999,0.05023943144354559,-0.10020514889458905,0.27358008225870556,0.48834960222898155,-0.015613782970133754,0.0032435179521169218,-0.050606585517470215,0.7004460437446652,0.03414046713347759,-0.00670281855561413,-0.027842751510581312,0.0521395165843426,0.04295088388245232,0.01625016361083606,0.14012144908030594,0.042181746891020534,0.02139573682971966,0.005743401609914153,0.09668575777705717,0.029504328341433517,0.019692687778162354,0.004354495368953973,0.06247353263216105
79,1202680,TRUE,0,0,,150,11100,74,74,74,53864.74101778937,27,122.32702994346619,0.5074774774774775,2.0676604398615988,0.7313384516474538,0.10956747728950521,-0.11888156896917948,0.2910712855193295,0.28644143379046827,0.03630258078825505,0.0016181527099894974,0.025088302727554197,0.7081920327231622,-0.004706642725235119,0.002201245679403782,-0.023371159337035954,0.046475693094412025,0.03495299439864225,0.01505810273204806,0.10732028701472986,0.05606750461619981,0.05213277767223834,0.010806175123014428,0.10414548589539599,0.02822917270839185,0.01845213792489692,0.004407543928439169,0.06332454485822343
80,1202681,TRUE,0,0,,150,11100,74,74,74,53659.667842584415,23,120.75711512565613,0.502072072072072,2.067547978951658,0.7170947204138002,0.04860011246855272,-0.06971071397780128,0.15596329532490028,0.40371225528002785,0.05207576290877179,-0.01559867558209954,-0.04293231754041536,0.6778345190383789,0.00634050483592583,-0.0014669960337316515,-0.019895685897338197,0.046749638246453076,0.032842493019071654,0.010925583658662096,0.11288676149562743,0.04955313197483691,0.043772119800752726,0.009195121096468332,0.10276142209192105,0.029750870065936658,0.017096748059325616,0.003757779253181877,0.06776187264691197
81,1202682,TRUE,0,0,,150,11100,74,74,74,53782.96723138229,24,75.03906989097595,0.5001801801801802,2.06718040569405,0.7183994358847008,0.08514445351108435,-0.0898776190251129,-0.040971462686655385,0.3798027636973593,0.04133125973162362,-0.016128946662565837,0.09168457099379353,0.6733246454112392,-0.01544882307499502,0.0035409316571603793,0.07224479043857587,0.04770679207989549,0.035813682363174205,0.015924359641048057,0.13945477224781244,0.05015984990246913,0.04210417159308445,0.009288768026935129,0.10019835954411682,0.02919477868059967,0.014368071098646703,0.003298953835658007,0.060194672760324794
82,1202683,TRUE,0,0,,150,11100,74,74,74,53844.67166345902,24,91.29659700393677,0.5027027027027027,2.0668197598566014,0.6652070232083958,0.1640170596099143,-0.12043367793909471,0.21860005982149658,0.45684096188938333,-0.016536368248557757,0.0029079426381145267,-0.0019602529965387955,0.6825231104264178,-0.0037008995273758913,5.251998880635597e-4,0.011321083791522355,0.05235697736264622,0.04521115726090353,0.017987616958875127,0.11443336078184008,0.043809484264956317,0.024385422325663392,0.0058306304042856395,0.09188625932550663,0.02905327215787201,0.017471605656893686,0.003883344798855476,0.06556932944966899
83,1202684,TRUE,0,0,,150,11100,74,74,74,53723.61123313051,23,98.67108702659607,0.502072072072072,2.067180948357448,0.7636824333898016,0.13860700601993353,-0.08667132819849618,-0.11606903112579106,0.36808746359562694,-0.04088532234821708,0.003467896972723777,0.16521759924533194,0.6218885489980619,-0.01899880057838392,1.8036314302380738e-4,0.12489217977054957,0.042259533447542595,0.03234811286415084,0.012887559170352414,0.1037351207554913,0.04567522883269934,0.024819353117164624,0.005910997310028195,0.09367523358535339,0.032383277929028995,0.018487673924181845,0.003938371163197495,0.06735163833648015
84,1202685,TRUE,0,0,,150,11100,74,74,74,53694.61629378897,21,90.42724704742432,0.5072972972972973,2.0667578013467844,0.7112240944233963,0.0048919033906580905,-0.08258443045158308,0.33095277317205424,0.43922006478107306,-0.004881612691548446,0.0049826658901785505,-0.04000184913721021,0.6628867856771811,0.0271970827447266,-0.004857883572895476,-0.018555728570250223,0.047232031507483785,0.0366934574488236,0.01271755666922269,0.13337582962919325,0.04375834456307337,0.024838265983968176,0.006243923132559743,0.09808151512280501,0.030150468428936834,0.02308000881936001,0.005099703078689088,0.06664652894005137
85,1202686,TRUE,0,0,,150,11100,74,74,74,53722.05703836426,24,80.60257697105408,0.5007207207207207,2.06673337474211,0.6610385164005936,0.15121228859701752,-0.12227360137221961,0.25300685314119703,0.5205279992277589,-0.008191395083261926,-0.016264709846591,0.08079547086609502,0.6687693970915837,0.002954474734232236,0.006095015709469362,-0.06288006376714972,0.052289438817347336,0.0446657255364971,0.016385741840249178,0.11422700617175098,0.04149870604260563,0.02735246624130541,0.007434119152257773,0.09604221968291933,0.027381646451485008,0.014409278728106845,0.0034351174383698787,0.06211300539132159
86,1202687,TRUE,0,0,,150,11100,74,74,74,53807.89549909133,25,142.017028093338,0.5066666666666667,2.066884985900712,0.7139567561664565,0.14506278069696601,-0.11127590152581482,0.0637550550566153,0.38740370847132305,3.890969607639484e-4,0.009121533785331646,-0.07277318482611175,0.6978979263130131,-0.02110534245360931,-0.0061235126716438935,0.13703651594310992,0.04961243564928501,0.04125797797662989,0.01623442544063756,0.1278651618018378,0.04789169704218239,0.03268520305476566,0.007172553972610481,0.10080857375789451,0.03033520544548132,0.022331368090897342,0.004718232010680229,0.07012101778194857
87,1202688,TRUE,0,0,,150,11100,74,74,74,53873.9176432332,25,78.17028021812439,0.5036936936936937,2.067599848784721,0.6774389753723598,0.07338955350588107,-0.08697311708846914,0.21838272503642803,0.35292691982123936,0.09497058728625421,-0.021614255136122692,0.011738907230316595,0.709951336494134,-0.023775064219483603,0.006332412191076306,-0.012822053985723893,0.05106108724631463,0.03742692740970801,0.012970438192369337,0.11910683377125408,0.05578785698072906,0.05010721394321485,0.010401748065207977,0.09934397073434532,0.02801241982782074,0.012676152411767852,0.0030648933491723793,0.06599495956748883
88,1202689,TRUE,0,0,,150,11100,74,74,74,53770.41536312936,25,89.803542137146,0.5042342342342342,2.067422407421418,0.6668443920824378,0.13579696255326773,-0.11175675172228049,0.10926554058997485,0.3711660202314853,4.401563300640339e-4,-0.003095992298595892,0.1300540330491768,0.7035400836752999,-0.011669381318900456,-0.0015020553609208073,0.06534396862917474,0.0503041532168244,0.04314396839672413,0.016485579155084227,0.13382212757836387,0.04916523044988446,0.034407389772355475,0.0074718807984780955,0.09978036804249908,0.027547491072828594,0.017640017594819785,0.003803635052405533,0.06555990409486315
89,1202690,TRUE,0,0,,150,11100,74,74,74,53916.220890176155,23,114.77285385131836,0.5073873873873874,2.0681763388556647,0.7165757329824244,0.10190063871573901,-0.10530973854478488,0.2595672563225221,0.39875089061819813,0.0075384661669739795,0.004980034949061122,-0.08414817305221838,0.6538050648581676,0.004250831967313887,0.001438206381038738,0.03361885982953341,0.04634987874995589,0.032614568799671444,0.013709811964948257,0.11431149481313158,0.04537588632966534,0.03100878021933405,0.008412695123755415,0.10038485446981986,0.02941104767196543,0.020355356174948314,0.004907380119272711,0.06496091737865699
90,1202691,TRUE,0,0,,150,11100,74,74,74,53811.379764448626,25,92.69715094566345,0.501981981981982,2.066875207773819,0.7507997033473802,0.06783842435187215,-0.11129587892292532,0.2897197925594181,0.3053486903209448,-0.007690647313562076,0.008703219407896222,-0.005655967409977465,0.7146662651491223,0.020464925644433037,-0.0013746761020080023,-0.064329802728271,0.04428772707563583,0.03684106638467925,0.015649130973330087,0.1264003161279196,0.05318550777982768,0.031053739602794953,0.006987226297412787,0.11218930917299683,0.027427053803766636,0.020032189916395306,0.004370492988046282,0.06337032024130593
91,1202692,TRUE,0,0,,150,11100,74,74,74,54004.67984042722,24,126.85821914672852,0.5056756756756757,2.06696512177967,0.7462725694418599,0.10545486415002991,-0.0949457655627704,0.02585973535276337,0.36914002485905334,-0.03147077832375816,-0.00479447251666639,0.23958795798828036,0.6956644596315233,0.01759310767839822,0.002934390654999395,-0.08739084425488057,0.04685200376296633,0.03443493458547369,0.014108150350962596,0.13081365910011014,0.05139485790883314,0.035018014881166216,0.008241380550825125,0.10530810032973516,0.029457057548572314,0.021265117930044306,0.004429226839164531,0.06659972323547572
92,1202693,TRUE,0,0,,150,11100,74,74,74,53764.77958479209,23,122.31387996673584,0.5039639639639639,2.067539801510581,0.7493287969631667,0.14218973019625208,-0.09729116263166138,-0.07377312479444047,0.33577341055767573,-0.02552509847554418,-0.015347950437753857,0.27901668933975465,0.6505247808116549,-0.012375652362966555,0.006588336768650403,0.03871328372686837,0.04358307256337368,0.03486447313571863,0.015276850420798424,0.12695029107591582,0.0527241160857938,0.04497385145614157,0.010377166716828111,0.11673321348746343,0.030523238894351917,0.017496003061530496,0.0037632225090396283,0.06715046054991432
93,1202694,TRUE,0,0,,150,11100,74,74,74,53708.29504494787,23,147.6391441822052,0.5068468468468469,2.067738260075612,0.6778473243575461,0.11248433175407545,-0.09719930720000165,0.08706270507262039,0.3946915830277614,-0.002958415363861863,0.0046044519098982105,-0.07352193251470739,0.6674015610611704,0.009483616668683173,-0.0027114773209019898,0.06280084124900555,0.0492838785744445,0.03996148562035206,0.014913684093616483,0.13248829741908913,0.045489050751159936,0.03069432588333379,0.007298713939879412,0.10842581445835654,0.029697268608452176,0.02170139403078682,0.004472329607208411,0.06644662441047103
94,1202695,TRUE,0,0,,150,11100,74,74,74,53684.96938099476,24,124.06758093833923,0.4999099099099099,2.067045473980488,0.6817176617615596,0.0805896744356832,-0.10705645221342482,0.331444318213258,0.4470360190839159,-0.024259342816519504,-0.008008299728976853,0.14870468099038958,0.7023635573414941,0.026821140313008848,8.127638424007882e-4,-0.13746470357967527,0.05274039587252898,0.040075242384221166,0.014867311468354849,0.1216583746999302,0.04589731855561893,0.02639965554659977,0.006818407523314205,0.09865357941137982,0.0284461272745701,0.017390514534714883,0.003975096612277688,0.06063141610711106
95,1202696,TRUE,0,0,,150,11100,74,74,74,54023.08358487721,24,85.25405716896057,0.5,2.066777452621045,0.633073182600011,0.0625970685943654,-0.07102727836565947,0.07556483052429146,0.4476479224451584,0.002209514020339285,-0.013075983496722354,0.11459375258280681,0.7414731366992524,-0.007531788396335811,0.0020809858792819468,-0.03906438035564897,0.05716219588286532,0.04107292222610752,0.014637501721603618,0.14200670790370146,0.04838915676222014,0.03815959158829471,0.008798230570640721,0.10096507584195388,0.027567779962177102,0.01619753802237086,0.003624264768181333,0.06163584008533217
96,1202697,TRUE,0,0,,150,11100,74,74,74,53518.14600042614,24,102.05453181266785,0.5102702702702703,2.0669004795693278,0.7023704492618621,0.14059229720499708,-0.0942478467139957,-0.012526797396223604,0.34396290654516753,6.39678533801695e-4,0.005021145876993665,0.051762953574250176,0.6731538937766716,-0.024368233575040057,-0.0015653991221945586,0.09359880300259936,0.04621309489708596,0.03372585506700903,0.012832986930240103,0.11642732817867656,0.048727925167657844,0.03162056383454349,0.007183056528179736,0.09621112400868381,0.029877307886888034,0.018115686130553112,0.004102794187745163,0.06768419149043947
97,1202698,TRUE,0,0,,150,11100,74,74,74,53854.71448414268,25,82.63405013084412,0.503063063063063,2.067282498189585,0.7199398491939573,0.07996431114023284,-0.09790691967675565,0.15153367894080053,0.33866784664910315,-0.012700145422340183,0.023759201957101447,-0.1978844959886951,0.6921502472702362,0.032095547147061934,-0.011457826517402521,0.05093824003765207,0.04578218563972564,0.03773553829821109,0.013913075206155085,0.12013436336327434,0.0489984496230282,0.021798681466398576,0.005352123524130544,0.10515115484128193,0.029867451239871966,0.02306241390326533,0.004852291477490232,0.06193610455266873
98,1202699,TRUE,0,0,,150,11100,74,74,74,53829.352725072844,25,80.77952122688293,0.5063063063063064,2.0667471307329834,0.6670894457779469,0.17409404561218783,-0.1324751163196826,0.2696561583326372,0.42131185662992227,-0.0817207393966069,-6.269245182313899e-4,0.269028323452031,0.6756397333953594,0.021552729683088245,-0.0091943934376748,0.07325541959186646,0.05201183610017116,0.04541143957333174,0.016321897784383452,0.10922354571762975,0.0444442078197081,0.02115409903912194,0.0054106456529155345,0.10473763686884803,0.029415806939939726,0.019654952998107544,0.00421404123903958,0.0623267445303291
99,1202700,TRUE,0,0,,150,11100,74,74,74,53845.765600427585,23,97.0801260471344,0.5067567567567568,2.06696824555432,0.7385849668128197,0.10299843165424001,-0.11001495325511276,0.12237664909826074,0.43348299880212915,-0.03070814925088153,0.005214110690912157,0.08064281964146104,0.655892460564211,0.022832514494878414,-0.005413814556196141,0.03965312960941278,0.0455937157139246,0.038323998438422456,0.015849804595802198,0.12793453818670286,0.043044084220856316,0.022532186921153937,0.00548938334747078,0.09241658700930762,0.03018210148720233,0.022231274685275932,0.0046542468125060224,0.06428996560566513
100,1202701,TRUE,0,0,,150,11100,74,74,74,53731.930924513916,23,97.39643120765686,0.503063063063063,2.0669396637149626,0.719640162739029,0.0815151116772795,-0.10274077460090841,0.2492778656959855,0.32288604019726147,0.02635943683244811,-0.0105753721042721,0.08447268111424291,0.6823611907199187,-0.010936706588224585,0.0036043353948928608,0.026521015185520722,0.044170539766235216,0.03290470141331788,0.01386207435945537,0.11008302983339192,0.05089056451532199,0.040767495827643295,0.00967253240942331,0.10449553466924094,0.027477253160192464,0.014739115673922774,0.003422717655803713,0.06008918385636584
101,1202702,TRUE,0,0,,150,11100,74,74,74,53799.0839644857,27,106.17921614646912,0.5037837837837837,2.0667319010580134,0.7058945004970634,0.21242435838778734,-0.14836265165242457,0.13386279854705918,0.3966187280079179,0.012542763448380075,-6.235318290515626e-4,-0.012209551123309214,0.6739022257545901,-0.03117504664861541,0.006370181104307163,0.0760150505261545,0.04999700233454175,0.043583849913840164,0.020157919767500827,0.11295279251297582,0.0480290067985127,0.03846811413949524,0.008549540996256532,0.09657069239250118,0.02927037563613044,0.0170562262298992,0.0038581948706885635,0.06377189738693581
102,1202703,TRUE,0,0,,150,11100,74,74,74,53667.1994300327,22,98.73502707481384,0.5055855855855856,2.0666778234340653,0.712165331886515,0.13140693958557495,-0.10778615851561776,0.26449203058426385,0.42427100232332754,-0.01979529466958955,0.006825860845915893,-0.05801645994418757,0.6088733099174395,0.00760606963410866,0.004250400049489266,0.002136269371964068,0.04561443360700037,0.04098834461250474,0.013558325052466293,0.11364352393267996,0.044225283112241554,0.02798650456866823,0.0073867457123143855,0.11590656322516402,0.03159933255577637,0.022917629342955152,0.004876611714108758,0.07401312159392115
103,1202704,TRUE,0,0,,150,11100,74,74,74,53796.47766672118,24,97.87308287620544,0.5102702702702703,2.0674558965692085,0.5809713277048694,0.1188553435414448,-0.11341125615455754,0.31814084841035833,0.4782351388306704,-0.05099455425255421,0.004843935813942292,0.02215597016103799,0.6965722298784857,0.051626680366141195,-0.005743423205338866,-0.08299808069808873,0.059159951053848914,0.04776290687575591,0.016698714609096315,0.1250252919266006,0.04193681160884925,0.019834318979911322,0.005663170065902896,0.09526601337694854,0.026881119228784525,0.020735646711164506,0.0045774252569849355,0.05749512017293637
104,1202705,TRUE,0,0,,150,11100,74,74,74,53479.74654469316,25,97.06047105789185,0.5066666666666667,2.0674531208642746,0.6910713012603075,0.14675283410888984,-0.10865074225986415,0.15165285667133366,0.3812600512812098,-0.014441008184115619,-0.0018353632899174562,0.10363509657669942,0.6563948509932638,0.0026358444381985955,0.001217377052099871,-0.007027251390268275,0.04740831349093489,0.03786060970881668,0.014825652093724861,0.12056376336096522,0.04713210010401273,0.0306158926593819,0.00733508169019549,0.10087985317787286,0.02912188333374997,0.0193046392416732,0.004252381972095043,0.0688591539720727
105,1202706,TRUE,0,0,,150,11100,74,74,74,53823.43379244842,26,102.89562201499939,0.5082882882882883,2.067006388177409,0.5531492890974715,0.11042879217439333,-0.1049078241692593,0.34769839358914234,0.5350449806176827,-0.028065708920248712,0.004239135089889534,-0.025799048454371087,0.7190824681073306,0.03587840247421291,-0.007379048162616897,-0.07998019708680969,0.061347348684187696,0.05496548973524921,0.017005604632524506,0.14754654540771756,0.03804272839236784,0.020551749421256055,0.005151196837359593,0.0952652928618692,0.026646598277265253,0.02106426918410083,0.004744159916147783,0.06552178247708114
106,1202707,TRUE,0,0,,150,11100,74,74,74,53765.4744271357,23,93.42077112197876,0.5027027027027027,2.067648817784205,0.6885810502203037,0.04711315277631986,-0.08126454386296272,0.19401680259818366,0.4148009154304292,-0.009466016338082169,0.0016411806172211252,-0.041901198994048955,0.671649591089094,0.010867388336818204,-0.00479385947963997,0.06711787088104941,0.04777136073090896,0.03467536943863557,0.014094765902122336,0.13009258026227044,0.04427371680737839,0.026182553261169875,0.006860629716718295,0.10647359056352737,0.02859558344493124,0.01954243184328558,0.004284187322676014,0.06363607062214682
107,1202708,TRUE,0,0,,150,11100,74,74,74,53873.32603160422,24,96.30484104156494,0.5045945945945945,2.067499716083618,0.727978122322513,0.1325000122523005,-0.11482924641980613,0.19361266179596684,0.32330757708797037,-0.010258137825304367,0.003992604296703827,0.11357866064640507,0.6916558927522375,-0.0071458908531687225,0.0033235088814842183,-0.012200887952927612,0.04551025453492168,0.03735750457520892,0.015142883091217196,0.10815803188749239,0.05122443283807727,0.029364292027511802,0.007046651197776491,0.10156923308460773,0.028689187016303234,0.016146108311341934,0.0038886961612833184,0.06389652289696882
108,1202709,TRUE,0,0,,150,11100,74,74,74,53725.326212731474,28,89.86674880981445,0.4998198198198198,2.0678709212981934,0.6021423781556866,0.0686884417774594,-0.08070854304393679,0.2765085255175443,0.4036777909317261,0.0030768232298773366,0.003044572889973351,-0.08245018473720843,0.7288079589585044,0.028572637269753228,-0.004035263642756652,-0.10386305563362692,0.05433909658852761,0.04118909018635439,0.013286161972693396,0.1386973778559748,0.04707107410660542,0.03330313862186019,0.007544432653644775,0.11224120594396997,0.026536558889357905,0.021859134383472777,0.005079440925816078,0.06549660557670658
109,1202710,TRUE,0,0,,150,11100,74,74,74,53829.89761894937,27,105.83750700950623,0.5057657657657658,2.067442239807694,0.7213546799636782,0.17312384165137565,-0.12208823345496216,0.17016092637663743,0.42258309253316995,-0.05999569663780884,-0.008134385299372417,0.1800515338124355,0.686695993228433,-0.012718718723247816,0.003673372473999332,0.0011746151674446163,0.04844248352096286,0.040077721351724424,0.014542465481584232,0.1148684068586789,0.049074350164010835,0.034626420283119436,0.008249880343673282,0.12636633964006172,0.029631982206976375,0.020267747149058154,0.004121326504322894,0.06905140046753665
110,1202711,TRUE,0,0,,150,11100,74,74,74,53649.186052664714,24,89.16074204444885,0.5057657657657658,2.0673950992236465,0.711427873932516,0.13293605573013095,-0.0877375576783532,-0.03318973195335323,0.3906616559830783,0.01391224918007514,-0.005953445788795659,-0.010685956329135587,0.6551257777754448,0.01627292457740075,0.002973788349342479,-0.047461725087053465,0.04621539759486152,0.03370691665513444,0.013171435776787487,0.12358294889176538,0.04726614113309282,0.031181753799382223,0.007713640454861616,0.11110214974697691,0.029945369507345283,0.01634418819610328,0.003678445970614214,0.06738772812775766
111,1202712,TRUE,0,0,,150,11100,74,74,74,54091.509276970384,22,80.48620891571045,0.5034234234234234,2.067050939536527,0.682710627536274,0.05776018887930134,-0.08471439223776978,0.21547469896484422,0.4745244003336215,-0.0018711673248701848,0.007810067793227569,-0.1018794232537171,0.7007965182370564,0.016625645189504684,-0.0055832364862446575,0.0029646094216481482,0.05228629131151982,0.03696111952043948,0.013393841672583414,0.1198083243479421,0.04182809372670309,0.02334738594133965,0.005796508601646971,0.08859657512575363,0.029178098706727214,0.0206127842700929,0.004691921833935141,0.06090032069336592
112,1202713,TRUE,0,0,,150,11100,74,74,74,53531.54582476928,22,80.45350193977356,0.5,2.0671827894614427,0.7387950605125072,0.08284929657116441,-0.104041627440357,0.2501083178218568,0.4090625142651608,0.0033242587948390935,1.1048453141880713e-4,-0.05206912419407125,0.6616832678599938,0.009453898080208769,0.0014550181117320173,-0.043663769705334754,0.04390528184703319,0.03536833688928566,0.013783274642866786,0.1104766066321889,0.04534075868431459,0.028353945077336493,0.007134739313362995,0.09964043769913909,0.0284581647512598,0.017735375307707437,0.004125278015316499,0.06390817438542748
113,1202714,TRUE,0,0,,150,11100,74,74,74,53857.396069384136,24,83.49751114845276,0.5072972972972973,2.0666683322031987,0.7627340191354766,0.04612218726114421,-0.10075211292065876,0.34744855450598144,0.35694081000188027,0.004848531609478454,0.00632733799884051,-0.03732460591260702,0.6785531413624306,0.007698856991803948,-0.0014527978571049287,6.187761934803884e-4,0.04307376672472608,0.03372110016553228,0.012822772612175631,0.11189788244064168,0.048377898961695455,0.027840505143059045,0.006722540054653014,0.10113718171215792,0.02907822034102202,0.01851719974053653,0.004332446295830511,0.06566838370179631
114,1202715,TRUE,0,0,,150,11100,74,74,74,53650.32883037509,28,76.51550698280334,0.4998198198198198,2.0670145976210734,0.7070450481163021,0.12505292734737353,-0.09462166118493569,-0.143706629877543,0.3928571148902002,0.041953313549258624,-0.008736282576601109,0.013196869758594364,0.656755589410086,-0.04307785812881245,1.2331718612513614e-5,0.21123711434390272,0.049973490723201446,0.03774224706881608,0.01654197489307973,0.15584395289201855,0.04915042978437082,0.04143621729566901,0.00884548197515259,0.09773979231938071,0.0328679200654657,0.01649532644663408,0.003479345581652881,0.0698667547304975
115,1202716,TRUE,0,0,,150,11100,74,74,74,53798.44152750148,24,72.84879779815674,0.4991891891891892,2.0669681133612814,0.680547883528742,0.11817988640742638,-0.1038397079378006,0.10288916644821884,0.4458349860897231,0.024877478482179992,-0.010135703686094472,-0.022624884358228115,0.6546707912352607,-0.012597804728567717,0.005584715248385323,0.05957807628370403,0.05001442326808163,0.04163794361308597,0.017221435959135275,0.1332553417303283,0.04590963685566158,0.03386347264592372,0.008668711307800368,0.10135934289058779,0.02964387326981394,0.01563838466996527,0.0035321447568049547,0.0657654878305456
116,1202717,TRUE,0,0,,150,11100,74,74,74,53699.756828510515,29,89.22556805610657,0.5054054054054054,2.0667877638624303,0.6832702229245107,0.11843835602196771,-0.11400755822695306,0.21722699312018282,0.4512347094579709,-0.02084703818031216,-0.001431439268434101,0.012941974077172376,0.6795693394095828,0.01968200491262287,-0.0019329663111716559,-0.020399441923562047,0.05029387568535017,0.042346464417086234,0.0162672119711417,0.1251875229897649,0.04397269472633872,0.028577041435096064,0.007409886573546306,0.09938595099007656,0.028618633447016827,0.023006157766526612,0.004740194629392019,0.06445504185752614
117,1202718,TRUE,0,0,,150,11100,74,74,74,54212.97412964395,25,77.96950697898865,0.5001801801801802,2.0666880115841195,0.7475598330125336,0.09857722663574403,-0.11272109701250949,0.2908955347384558,0.3981266982739786,0.05416671493122696,3.676550196549763e-4,-0.20515385884371348,0.7015711450976528,-0.01944605425110534,0.004332358891231493,0.031033187678757866,0.04717878161964797,0.03849740743604644,0.015084875319620702,0.11656769024837442,0.0506542737728235,0.036750152242787756,0.008805644295668835,0.1070246064688586,0.029233857700107287,0.015386348085222155,0.003709565975151741,0.06741762567740797
118,1202719,TRUE,0,0,,150,11100,74,74,74,53697.54337840021,26,75.82104587554932,0.5046846846846846,2.066877516893874,0.7412752174377194,0.0874886015310008,-0.11020201164171,0.2770673543861033,0.3434736337438626,0.02357303208978519,-0.001751537433509929,0.011233660585875249,0.6790044036567904,0.002846172586245308,0.004262634740139435,-0.051521878169588996,0.044622614423824286,0.03405060439844976,0.014500522289093125,0.11564666227760313,0.05218337932979978,0.04462964233821426,0.009937749464407493,0.10310784448617129,0.028122196131601315,0.019240951004798376,0.004409289733069876,0.06569771807322425
119,1202720,TRUE,0,0,,150,11100,74,74,74,54033.822459594325,26,74.35309195518494,0.5036936936936937,2.066728760342797,0.7105808033402923,0.12785236857919732,-0.11426306926992855,0.18883216388550403,0.3783575987197731,-0.007961649040642654,0.014294295313268458,-0.08922984014993704,0.7151247399963215,0.012063912440929489,-0.007967281410071836,0.04059768207570581,0.04858176206466025,0.0424957463140754,0.017314708972244207,0.1285576325846365,0.04716487700581738,0.02460067588786118,0.005640813997006982,0.10210179174777975,0.02890701261164246,0.02095585468370482,0.004719277124081918,0.06736708640699608
120,1202721,TRUE,0,0,,150,11100,74,74,74,53876.19960150817,25,73.54065799713135,0.5045945945945945,2.067819896237491,0.6467225481945192,0.15265377930203958,-0.10658405038090052,0.22721776366173704,0.3878210542653349,0.06364326316492357,-0.014158349820651934,-0.015463728731057735,0.7033611718706977,-0.026900427804768645,0.0026618850914003588,0.04348455625270156,0.05425924260855725,0.04241230447877686,0.015523765128160859,0.11612991952301746,0.04996469725292485,0.04073593786369956,0.009240215992008076,0.1000170155932613,0.028881646774150595,0.013853777983531945,0.0034374634999047625,0.06709691725067345
121,1202722,TRUE,0,0,,150,11100,74,74,74,53849.89150059164,23,86.27116703987122,0.5017117117117117,2.0671631340369157,0.6269511864033349,0.12952558816397883,-0.09638132603346272,0.12257020349457028,0.4069588108226819,-0.04525180025293764,0.00789492710956504,0.10059347258016824,0.7075026057613367,0.0018917623433847642,-4.263100470927832e-4,-0.011514208159006934,0.0535273565120812,0.04001896439425582,0.015877869819145636,0.12338710562680591,0.04611335788574732,0.025405825435636697,0.006239763615192815,0.10233676208613582,0.027596525404589983,0.019288686688254206,0.004414066590649456,0.061567485429343656
122,1202723,TRUE,0,0,,150,11100,74,74,74,53877.03132043404,24,84.07185220718384,0.5044144144144144,2.0674981863724495,0.7628170433539385,0.07240399155322501,-0.10089493793894815,0.27609728108665,0.36621885200283494,-0.013159087118450903,0.008907508508636065,-0.029874794809379004,0.6712470192962177,0.012051883242626389,-5.813641324249651e-4,-0.01820306422252165,0.04584685688128317,0.03799562219797568,0.012897470450333676,0.1135089460381881,0.04838453844506138,0.027689657092967904,0.006916838929368358,0.10296637010389763,0.030564004016508908,0.022050275389046664,0.004872773104356095,0.06868512311086186
123,1202724,TRUE,0,0,,150,11100,74,74,74,53719.046537033144,29,93.3918080329895,0.500990990990991,2.067137058059658,0.7035561802487097,0.04471082979503657,-0.09959559527113544,0.21334211306923279,0.45672088436335034,-0.011409910712488326,0.0028282562873502355,-0.09861432309429134,0.6904286576670613,0.03822811447428973,-0.006297870170154123,-0.030441638546927465,0.04864094326654678,0.04012024225521144,0.014312278263121338,0.13884649685934608,0.04443039452000506,0.024873964545445104,0.006655838099497819,0.10211834102353887,0.02941139871612581,0.02316101567775846,0.004759234470126993,0.06146318053308128
124,1202725,TRUE,0,0,,150,11100,74,74,74,53791.39542736372,27,77.11981296539307,0.5014414414414414,2.0677201205273223,0.6444454169644938,0.1329019010451214,-0.11012953841930348,0.26725481637146736,0.3547177073640979,-0.043217643487156364,0.011011223617908846,0.019079353569948727,0.720871854504326,0.0334027221477355,-0.006708638752096404,-0.06170846091299341,0.05285385880781502,0.04500333943720747,0.01712829050304884,0.11782986849801552,0.04871074349167821,0.02399612720793,0.005931171038591502,0.11054711492881551,0.02751313763560295,0.0214262375314189,0.004793773245052063,0.06251840849925185
125,1202726,TRUE,0,0,,150,11100,74,74,74,53974.93256914693,24,93.0268931388855,0.5024324324324324,2.0669029967995054,0.7336294481114557,0.042689490480721445,-0.10550720060119478,0.22943225297325606,0.42254047514675347,0.004552868600633362,0.003195593725303324,-0.03929918582367861,0.6897738237522525,0.007438707594586922,-0.0021862477811664485,0.04715171602964035,0.0484380932734478,0.03936086268789632,0.016395246568336748,0.14276995605190107,0.04890695662815564,0.02799929994109893,0.006236979935842969,0.09459695379614134,0.029606376767698436,0.019805241484594414,0.003987001935037587,0.06301890691728747
126,1202727,TRUE,0,0,,150,11100,74,74,74,53678.80693662602,28,89.12006902694702,0.504054054054054,2.067402511093193,0.7238167434794901,0.06778529092458847,-0.11331157003020692,0.34830471240378774,0.3621383132714895,-0.01847386107265962,-0.0017751097254190792,0.11768733129028627,0.7014194548092059,0.02421000600974413,-3.6594042661406196e-5,-0.09440665069299024,0.04768710219526233,0.03684012144429088,0.014754184479433566,0.121575277643766,0.050356558268097686,0.03493761121789754,0.008653397596094818,0.10554828442983324,0.028398774948846964,0.021756564289411476,0.0049992095690480284,0.060452757518422245
127,1202728,TRUE,0,0,,150,11100,74,74,74,53866.389119486106,25,131.70210695266724,0.5008108108108108,2.0672287744082345,0.6158185647958284,0.04948512483995621,-0.10558417015181472,0.5020871428394248,0.4316456461180349,0.0500387297077807,0.008664735441620188,-0.28678167203191607,0.7280200648733783,0.01876289033632931,5.985079454557146e-4,-0.11352296366013419,0.056399892067638006,0.043981885920343355,0.01601874525419501,0.1265206203316473,0.045372474533947695,0.03247519767044149,0.007125139676933401,0.09723658033375736,0.026977966892644634,0.01841758960231934,0.004303108806567305,0.06241100535605421
128,1202729,TRUE,0,0,,150,11100,74,74,74,54000.36062078318,25,78.36071991920471,0.5081981981981982,2.0677005988843575,0.68956772783450615,0.08534687169754968,-0.06813395448445037,-0.03990778184084919,0.4524989100298465,0.006223969913472592,-0.004574243488181545,-0.02219512941097881,0.6606416632378138,-0.011205844273254488,-8.297558263174668e-4,0.11272345482726996,0.05029920725440051,0.03536137374333905,0.012453540677520778,0.12891182668541143,0.04455949056427705,0.03088890514788335,0.00802790143907838,0.10682244410568982,0.03165667590051801,0.018465050198103634,0.0040318630858476225,0.0662336414645108
129,1202730,TRUE,0,0,,150,11100,74,74,74,53933.91551722972,25,77.38426995277405,0.5034234234234234,2.067499483554123,0.5758728883424351,0.08654279495420489,-0.07838350579266816,0.19960213836508875,0.4499985493190367,-0.003176310778897686,0.0021383336542232304,-0.04992139397661348,0.7287133359504329,0.008943527622651347,-3.463845684027855e-4,-0.055644480362508075,0.06129302335922779,0.041086748809193864,0.014286635188397958,0.14349843018970668,0.044024440623037314,0.03327154985411989,0.009070397967972973,0.1083337270073368,0.027384025258768506,0.022071592268711936,0.005297411896958505,0.06637640552904986
130,1202731,TRUE,0,0,,150,11100,74,74,74,53693.480901159244,23,159.3972110748291,0.5044144144144144,2.0671221313205024,0.7079625470559867,0.12354307970023037,-0.11915417999496467,0.3102086785060082,0.43836624340882646,-0.004415000023021788,-3.804032379733724e-5,-0.055293389458754776,0.6511083532221179,-1.150284401015721e-4,0.0013715801167304897,0.030500588107904434,0.04630236605310069,0.039509140336885226,0.0154049897891701,0.09951177283501558,0.04278287277723422,0.03222948851319509,0.008123993159489168,0.09432380599999941,0.02890166977150592,0.021268664566695197,0.0047728945531645105,0.06247315596758893
131,1202732,TRUE,0,0,,150,11100,74,74,74,53929.97570727704,26,76.59070301055908,0.5044144144144144,2.0669717904394473,0.6530166266012422,0.07071880956545992,-0.1076403800347891,0.41467607690050085,0.419173721753868,0.009003389388194396,0.012258876315844248,-0.1672738607418886,0.7265551550585159,0.02536462784209474,-0.0015982671514506966,-0.11042725352046431,0.05324672719758846,0.04604872209289741,0.017042883883768744,0.12664965851867072,0.044549222204022375,0.026274366922288864,0.0062973937078699286,0.10363662220059548,0.026762650608865093,0.018985122832022305,0.004554689773189586,0.06484852187560591
132,1202733,TRUE,0,0,,150,11100,74,74,74,53622.0064252718,24,75.52224898338318,0.5039639639639639,2.0669755561753695,0.6072071269403431,0.08154935294940487,-0.07772321805951038,0.14208413936899472,0.3822374176321785,-0.020453263328462156,0.0034703107939915634,0.05228455339466188,0.7266908365466572,0.026227880325651872,-0.006029722161393882,-0.06780026954794216,0.05378416600217393,0.04046975323876103,0.013486056989958802,0.1258279838706829,0.045823625507762304,0.0257879414006041,0.005850785955774245,0.10199937895852527,0.026942010997499745,0.01877256521677007,0.004038357985803431,0.06057201854304879
133,1202734,TRUE,0,0,,150,11100,74,74,74,53584.33532366698,29,82.37538695335388,0.5042342342342342,2.066945042030496,0.7089008009252574,0.05980332657002755,-0.12317575344878692,0.2662451751132656,0.45988185174747914,-0.05029879909135773,-0.003195016689990674,0.17777886567596668,0.673192639495897,0.05949879746824142,-0.0048442253762725875,-0.1066688104921014,0.0512465908269378,0.04596844208306747,0.018538133897223443,0.15056905019558703,0.043404056645820616,0.024418432036464814,0.005870842463847295,0.10081219785228737,0.029965238568738565,0.02689705181938975,0.005349044345427724,0.05902054916193193
134,1202735,TRUE,0,0,,150,11100,74,74,74,53781.03023138552,24,156.03203105926514,0.5047747747747747,2.067770831623951,0.6919161015375788,0.09893664493359075,-0.09823083986469724,0.21136472259873287,0.3449103053207488,0.01524280801187729,0.006378876690666764,-0.01829921268943373,0.7069628927191048,0.006879586317637312,0.0032668414857345124,-0.0967153228222823,0.04749174518214943,0.037871694860443554,0.013552217998276522,0.11110912412323522,0.053894519006617764,0.037674702693689256,0.007928577963884116,0.09728528706106329,0.027700728169281336,0.019372797627475184,0.0044271701708743505,0.06365810084455205
135,1202736,TRUE,0,0,,150,11100,74,74,74,53835.37415083255,24,146.28174996376038,0.5037837837837837,2.0667866024592514,0.7007312378740326,0.15984769963854756,-0.11000433402560997,0.054351489060234695,0.4175066140313724,0.004302417834533471,-5.284420454909352e-4,0.0338699727983023,0.6755433272859297,-0.02438026574836063,0.002182289410257612,0.07274930785359762,0.048513966616831806,0.037458980473988955,0.015353700412978333,0.11682284452863236,0.04569738284394637,0.03642650155858615,0.00927937056598363,0.09650143594179848,0.030061610752202487,0.018951150719861115,0.004669114930507677,0.06736702655503338
136,1202737,TRUE,0,0,,150,11100,74,74,74,54073.32425076023,27,145.59328079223633,0.5034234234234234,2.0673426627729743,0.7154272327472296,0.10645053718527225,-0.09579136947641381,0.20621072541264326,0.39925290294037036,-0.010493541157902768,0.0033698129664428535,0.011476711906038276,0.7060372591627126,0.0013264931801428553,-0.005396458252740788,0.034259362060035214,0.04720861515839407,0.038082451384579476,0.013632045169298536,0.11119958705382411,0.04777431897378525,0.041064113910107426,0.009170235905008725,0.1060932784922674,0.028838250785102285,0.028285813900383597,0.006177390790746044,0.06816316463808092
137,1202738,TRUE,0,0,,150,11100,74,74,74,53798.63014604477,25,161.0726408958435,0.5071171171171172,2.066852541866259,0.6548769943888123,0.16854111348346754,-0.09632747442318551,-0.019343307112388436,0.4068627643866689,0.012264024741849035,-0.012816899778906423,0.12478343379059696,0.6910037103498234,-0.014321830256285637,0.004316154564515057,8.572212396680877e-4,0.05252779359492409,0.041391224648737644,0.01604630579923888,0.12112165486455834,0.04876060426316738,0.03712377630849715,0.008771294828017492,0.1022974447053903,0.02915337906234319,0.015427384707961749,0.0035462355651275303,0.0663649918257338
138,1202739,TRUE,0,0,,150,11100,74,74,74,53734.746498645516,27,167.09450912475586,0.5033333333333333,2.0690502374039625,0.7038190867172097,0.087212054389278093,-0.08517102454282,0.05773394666731561,0.28271848938099114,0.12061633973456694,-0.015063031815335158,-0.11868092077839587,0.7164831179742934,-0.020050481535754033,0.0011140571868575226,0.03625883614335029,0.04764866315710345,0.036820963259839745,0.01375090062002865,0.12187215785976681,0.06425542867186597,0.061109586643131666,0.011431587548604743,0.10699386667889532,0.02815692553103408,0.013076624962001519,0.0030753528266676453,0.06270673694573672
139,1202740,TRUE,0,0,,150,11100,74,74,74,53751.34660272395,26,91.61249303817749,0.5072072072072072,2.066822359455182,0.704015680926643,0.0826452386399299,-0.09799284241575083,0.17841647375848518,0.5009807698775696,0.04041483239040792,-0.013679619700713649,-0.04607641646663808,0.6642080153637614,-0.0014643257284320638,0.0020227628861609987,0.005562978976468596,0.0499821443832236,0.04113808487067369,0.016041900040279392,0.12517159743328599,0.044307058524521464,0.05002813779149773,0.011398010320875993,0.09193115577885301,0.030058873578551904,0.020880000625714358,0.004500291131668018,0.06683623230723695
140,1202741,TRUE,0,0,,150,11100,74,74,74,53901.09723103457,27,136.96981382369995,0.5067567567567568,2.0669405283988302,0.6185376418932771,0.13592682964074698,-0.09076909205334,0.17341464009802604,0.4038100359088719,0.06011128678485661,-0.0030208170580711797,-0.20351951798231302,0.726540126852277,-0.012255038267674968,0.00137828699015071,-0.01805629267078389,0.056021087055703536,0.04101475549231319,0.013644242751977679,0.11988165803041405,0.053101568179420716,0.04503885267291108,0.01000308486597941,0.10566234844621691,0.02774952636678457,0.016477408043419434,0.003812220878876338,0.06717489067920066
141,1202742,TRUE,0,0,,150,11100,74,74,74,53912.675689768235,24,83.04009103775024,0.5007207207207207,2.0669971844709685,0.7589248454267065,0.09523617368964452,-0.09063148594473695,0.04350199020990548,0.3677302029516281,0.010255237735805533,0.006650579601766598,-0.049175079237856044,0.6671921000716656,0.0022288818255732806,-0.002909286334841201,0.061687827311614554,0.0431346566175569,0.031631025148490956,0.013599330211939126,0.11698039699277883,0.046974721119103675,0.029926965095535753,0.007180932850706145,0.0962087350338174,0.030118256623012898,0.020356436400139646,0.0046110745890975595,0.06595041224154273
142,1202743,TRUE,0,0,,150,11100,74,74,74,53726.27766611748,25,119.15573310852051,0.5031531531531531,2.066893689746015,0.7151261192589672,0.12380981870654911,-0.10556760326265718,0.12223814224690886,0.35030793333218185,-0.006827210295588124,0.010221199294961267,0.019216259349021297,0.6899774552503364,0.016946086237398968,-0.004048126640831341,-0.022651424386273995,0.047400917672905954,0.03613738761589351,0.014444311269677454,0.10698001034348906,0.049537764703104496,0.03085954144115337,0.006652272082823044,0.093627344819367,0.029670827573297868,0.023066880512087603,0.005023109812242703,0.06262264098423148
143,1202744,TRUE,0,0,,150,11100,74,74,74,53540.12637842471,24,163.61909699440002,0.5072972972972973,2.0667223851001535,0.7199355841560967,0.053529399572561885,-0.09769983366953434,0.29778510623831356,0.37779448876312793,0.039512333041533926,6.330431959955447e-5,-0.05667140426260208,0.6570676151104622,0.025923548614509254,-0.006251239429896493,0.00933937658105169,0.04820466839950331,0.0326044806213598,0.013636952406047011,0.11749273441171185,0.045096264509475244,0.02839870903227433,0.006571142281031376,0.09603637952576607,0.03031669931674603,0.018084258847689647,0.004233549363478554,0.0643329581375949
144,1202745,TRUE,0,0,,150,11100,74,74,74,53644.64853262174,28,145.45255494117737,0.5057657657657658,2.0667906885166456,0.6912615107717539,0.04709780173990753,-0.08829688673632333,0.23041968930813822,0.3456417705691675,-0.02412054921545682,0.003886779364483548,0.08229375486048161,0.6888686657836662,0.022208017933644127,-0.008723452586779205,0.04503387843428338,0.04728630446306153,0.038961621472154956,0.013251366750533943,0.13488832084143199,0.05050343627089141,0.02743753778657749,0.006278141220076281,0.10782155766431718,0.028315694829823032,0.022393635626013677,0.004650324925573381,0.06444236301386112
145,1202746,TRUE,0,0,,150,11100,74,74,74,53998.79079432064,24,147.93298888206482,0.5053153153153153,2.066713024956683,0.6473013855783413,0.16050070903972521,-0.10324302417371668,0.1507785542246528,0.47056899825157195,-0.03475001698156294,-0.008649256694661113,0.11746022322957815,0.6887188900525513,0.005110408526778427,0.004927911788664987,-0.061290888433490426,0.05408662658067703,0.04479621320641485,0.01612622547179786,0.11655157067753986,0.04608015380834082,0.029446502742868762,0.007073354502248182,0.10764902969729692,0.02917978275855176,0.018029505049855014,0.0038622402912532375,0.06691926236025235
146,1202747,TRUE,0,0,,150,11100,74,74,74,54009.15098608439,24,86.68461990356445,0.5066666666666667,2.067160272237849,0.7315429666052834,0.07840191400664652,-0.1122998935002164,0.30867399313888066,0.4736356723803882,-0.011182500551104528,0.0030954234810071377,-0.056456914537093866,0.6939948071814657,0.02809395676872477,-0.003145777639498026,-0.055652228250532496,0.0488869456009769,0.04017734340059298,0.01537447763484703,0.12074265753270054,0.044041830396711334,0.026075345805258745,0.006217172405706603,0.10165488269925836,0.029278681780598118,0.02101387513301361,0.004547229721231285,0.06458429759002815
147,1202748,TRUE,0,0,,150,11100,74,74,74,53787.44646790085,26,145.17399406433105,0.5022522522522522,2.066696967006328,0.7202926441268748,0.09218899310465352,-0.11246845330265842,0.17450935099456089,0.28084071854152737,0.05632899109550071,-0.010695590045960313,0.1140063941075438,0.737029238370004,-0.008847246881712323,0.0016037345260125429,-0.02778639972959144,0.047231464402123294,0.03846266557909006,0.0157473604152657,0.12262304220844848,0.05620344093080029,0.042428061924857846,0.008845940623440459,0.0959084801685954,0.026658431134417664,0.013073657971660541,0.003162158447608393,0.05915399461829596
148,1202749,TRUE,0,0,,150,11100,74,74,74,53888.16018981815,25,125.06639695167542,0.5046846846846846,2.0667987298745327,0.7246657940572513,0.12250427954931191,-0.12724971884410247,0.3314665621960456,0.3853135906025719,0.04394655117930463,-0.00791407888211798,0.033787451697558896,0.6858191596184383,-0.017612154796534864,-3.742168858927169e-5,0.07284281364561496,0.04652602631422875,0.03989923432195854,0.016980627624320722,0.11722998657033347,0.0490625279135474,0.042393765811898354,0.008587407622034622,0.09159396760613217,0.028196624557833012,0.016434063126405392,0.0038698059228220415,0.06588811895556741
149,1202750,TRUE,0,0,,150,11100,74,74,74,53942.128825429885,25,117.60025405883789,0.5053153153153153,2.0668405557018255,0.7641079765429514,0.07126823180003747,-0.08183029609236515,0.100574813322629,0.39153119009009996,-0.0071902239323964005,0.004530149289684943,0.00814389109661757,0.6571425996880483,0.008971006451115293,-0.007086361620866841,0.08515163582079988,0.04370224020981819,0.0308284712630914,0.011759419588411204,0.10645682969477083,0.046218500561401435,0.029419629164390896,0.007082809199381319,0.09695190230900413,0.03166091117327495,0.025206384144048695,0.005535452767686628,0.06619356332602212
150,1202751,TRUE,0,0,,150,11100,74,74,74,53742.566877079196,23,112.21469402313232,0.5037837837837837,2.0668952653789803,0.7195818852064645,0.0785396577652291,-0.07320228125887493,-0.018896320841320032,0.43125764060605515,-0.07511670075112152,-0.0012999843450142224,0.23963402769863862,0.6310203877827513,0.0477220494905596,-0.010442245473767936,0.03262166099877287,0.04699100553992825,0.03664598241605156,0.013173082896700796,0.13706098193294666,0.04322917474991208,0.020803688520162136,0.006040201658422432,0.10703768528397299,0.03301700945662174,0.02587835705709193,0.005137537302034259,0.06902687710832825
151,1202752,TRUE,0,0,,150,11100,74,74,74,53643.41112556664,29,145.49272918701172,0.5007207207207207,2.0667641080737362,0.6312804667025986,0.13056327246051871,-0.09004838510257648,0.023501684356598412,0.3664401385399239,-0.007418575721630969,0.010771469016836038,-0.03717490080212405,0.7062504257880474,-0.0030471028139568996,-0.010082222889534026,0.11523670056654162,0.05210437940533827,0.039968093586250204,0.016969427240681206,0.15348043615101248,0.046195993348513285,0.029373069418795212,0.0068769416007591335,0.10239079069374957,0.02836531570425901,0.023754851855352654,0.005319097121631855,0.06999704546248205
152,1202753,TRUE,0,0,,150,11100,74,74,74,53801.85788502344,25,113.09541082382202,0.5057657657657658,2.0669252278412995,0.5730076789579774,0.09705270152995814,-0.11016370698901655,0.4207943872761652,0.45184624598729695,-0.03931268464984448,-0.005907579546747148,0.12451750084953203,0.7329944748606397,0.015205933711385346,3.441941059110164e-4,-0.0856150729986563,0.06229032895097601,0.049585435546917606,0.01787537624113345,0.13451105404201882,0.047271051296180956,0.030371115995534447,0.007577698180257413,0.10532844977620803,0.0263871587926985,0.019402084761902333,0.004376789311958417,0.06121992291267704
153,1202754,TRUE,0,0,,150,11100,74,74,74,53645.75305500355,24,108.99508905410767,0.49945945945945946,2.067117972030246,0.6978152523028244,0.09899227875142384,-0.0817338425913903,0.0813180611043711,0.39416301635069634,0.007466257026717099,-0.008894334957844828,0.06749570859725362,0.6745034671677975,-0.012564299262160036,0.003786942348088025,-0.0030456705171388655,0.0482778416261368,0.03946058714052902,0.013175258619270212,0.13194113083898867,0.04776898726750339,0.030348714670394128,0.007320462478114586,0.1086330576561191,0.02943451607333142,0.01546155293989883,0.003466416288946925,0.0714323063558951
154,1202755,TRUE,0,0,,150,11100,74,74,74,54055.575016520306,25,87.25811290740967,0.506936936936937,2.0667082959090144,0.6776373341107652,0.07922104525759915,-0.10268305649142821,0.29953530775234155,0.4361297822495049,0.0031162489233022284,-0.007572457058743739,0.031918941151469815,0.7033847553572885,0.010121534239000722,0.0025734977780033285,-0.040028285751739015,0.05476457068923465,0.0369332219632274,0.015392915742019205,0.1191605438904289,0.04638572342369608,0.03413906686017906,0.008841090903328666,0.10345682271499719,0.02887862531152233,0.017470556280740384,0.0040680328675414745,0.06128330660383004
155,1202756,TRUE,0,0,,150,11100,74,74,74,53936.40782997083,23,87.87856912612915,0.5076576576576577,2.067041512105273,0.703764062236472,0.03963952858744093,-0.09132583399351941,0.3669957159474266,0.37478275858117344,9.541137108630143e-4,0.008777322183112859,-0.12916423231673252,0.7146885134108293,0.013969146713456676,-0.0024240800581225557,-0.04177185390252155,0.04996525865154835,0.03397771930810264,0.01365018966795308,0.11193554651721412,0.048821008965638735,0.03186292112799755,0.007658718861087952,0.11085644330007202,0.028925623588535992,0.021081401631444445,0.004969596549070621,0.06163553095196981
156,1202757,TRUE,0,0,,150,11100,74,74,74,53507.85166812132,25,92.54098296165466,0.5005405405405405,2.067056986110659,0.7641104447078916,0.06931224932770032,-0.11690681038503144,0.32233823877442624,0.2931487868993091,0.05455249308348415,-0.005526592961985661,0.022257121834676253,0.7022891244298582,-3.0163533152149235e-4,0.002674907491214207,-0.07387329716753535,0.044425747301010385,0.03212850761290048,0.013842206583902065,0.10347755682734684,0.05513063554465788,0.046646099203829124,0.009201489936222893,0.09470531512439967,0.028008334134598422,0.015097923983623354,0.0036111333164355127,0.059712612412297764
157,1202758,TRUE,0,0,,150,11100,74,74,74,53820.93111228091,24,88.13306522369385,0.5058558558558559,2.0673861797084254,0.7451587724212498,0.09532096325692552,-0.099750544400804,0.17518391576616854,0.3869973747937375,0.022468126106979985,0.0030388937644823927,-0.06628082165200821,0.6888935780956612,-0.02933505641225899,-0.0022004368966521267,0.10439440492039853,0.046101013782253834,0.03611744819987443,0.013533471040714859,0.11172399671490864,0.04819883984206291,0.037582706223057996,0.008046023148321967,0.09413712390063828,0.030100717646901875,0.018937398851688166,0.004284264329315337,0.06720514028526084
158,1202759,TRUE,0,0,,150,11100,74,74,74,53708.69905700711,24,147.94685196876526,0.5062162162162163,2.0669161440009702,0.7404246928685175,0.046775911518442716,-0.10484987421141748,0.35451454259323684,0.4386234785362906,-0.02629150538927993,0.0012347378563857818,0.08861746488457126,0.6763668946197985,0.03552277515611596,-0.003992901130147227,-0.08696891109398648,0.04580084783102165,0.042155170643831875,0.014909892299167794,0.12130793102411641,0.045314714218993205,0.026646460735169804,0.006075599618141723,0.09381084112619897,0.030021414057500372,0.0253537765937024,0.005189887725778943,0.06595347056312639
159,1202760,TRUE,0,0,,150,11100,74,74,74,53664.884469622055,27,78.24111413955688,0.5036936936936937,2.0674262451050556,0.6825976662491358,0.10116845907558522,-0.10670458755296752,0.17704093325348366,0.321712488899004,0.06178252219925137,0.00227364258305318,-0.17165179472764636,0.7325189490057825,-0.009504142791851567,-9.287224180335286e-4,0.007637475197232155,0.049142634022266235,0.03617536340357194,0.01536269583455777,0.1238901174486406,0.05474950750580468,0.048066622502916094,0.009968523824828926,0.1018047105443691,0.02673861076105146,0.016715544197006663,0.003959425027192265,0.060238178287352666
160,1202761,TRUE,0,0,,150,11100,74,74,74,53845.106810807876,26,77.22539210319519,0.5027927927927928,2.068014494614211,0.7096520236265841,0.09585401567308206,-0.09838150553356592,0.27642942681774224,0.4428778128553651,0.030009742016324784,-0.0033658002055944798,-0.11565185363354158,0.6832012084653794,-0.009134839947155167,8.602725053133498e-5,0.012454344281080193,0.04795484442409978,0.03831238932632308,0.013563399940369966,0.11006933555264593,0.04499496036711885,0.033987186449788716,0.007981031798123765,0.09573601308328651,0.028855173076681513,0.017199939272021396,0.00409895206627397,0.06774941299023753
161,1202762,TRUE,0,0,,150,11100,74,74,74,53539.55699006343,25,79.86071801185608,0.5042342342342342,2.066799990837732,0.7335770005356909,0.11145944040642572,-0.11303899024916156,0.14390138847645742,0.29561398960017327,0.0472728737619809,-0.002540602602027529,0.03227598432531227,0.6884240752785771,-0.02799760967965176,6.477931054558678e-4,0.08329100164379166,0.04578329666247304,0.035444760323418326,0.014934091159867314,0.11900113118662194,0.05636332231611383,0.04742279681724457,0.010173868948755143,0.09580489761549686,0.02860886869855246,0.016317196245354788,0.003984942726458657,0.0647283896966075
162,1202763,TRUE,0,0,,150,11100,74,74,74,53847.1170681336,23,77.753408908844,0.5064864864864865,2.068687492332932,0.7078123391610138,0.09311044910752608,-0.08784532977559545,0.23956738529516364,0.4036706173928162,0.0292541524881125,-0.01025238207364687,0.00910175499232849,0.6646127345376261,-0.013125293828459589,0.004998410295911435,-0.007383912221690591,0.04670226715193981,0.03377428336147134,0.012207366423137519,0.10144340043381968,0.048300302956360786,0.044002800293661326,0.00962955874729268,0.10257155428702348,0.029505483652622944,0.016444472203994392,0.003844935721730289,0.06737383452505044
163,1202764,TRUE,0,0,,150,11100,74,74,74,54025.470692730596,24,152.5466811656952,0.505045045045045,2.068012495179634,0.6546022977761119,0.10356131754039986,-0.09680995333361186,0.2724759379772758,0.42462716701108816,-0.015483905721886815,0.0046625474900495786,-0.034968823895977656,0.75445486193972,0.016227424555138467,-0.006065626103234602,-0.07712510354934544,0.05205104278644931,0.04272334153482079,0.014608754671973255,0.12654898648074758,0.04675055820686908,0.025212059278391714,0.006077163929827737,0.1038869933723469,0.026871138079882926,0.01770051879164863,0.004128735228654887,0.06751781245443562
164,1202765,TRUE,0,0,,150,11100,74,74,74,53724.906394121506,28,96.02145504951477,0.5025225225225225,2.0669320176536226,0.7647518775091332,0.10747183236904068,-0.09484210723779146,0.1333190486806906,0.3698129749211965,-0.033589077606544386,-0.002792875660351798,0.17590439859711007,0.6308417450153192,3.514260452661067e-4,-6.661826617090221e-4,0.05855397271752958,0.04243935274570228,0.030780784752433576,0.01245295465452643,0.10810882884152184,0.046723501195117506,0.028321757337254724,0.007329778206790518,0.10948810444607059,0.03181771171232177,0.01995788073296687,0.004379593221178898,0.07066628143614137
165,1202766,TRUE,0,0,,150,11100,74,74,74,53737.018161552405,23,95.62942099571228,0.5034234234234234,2.0677120219958396,0.7640267453230408,0.053366212846559465,-0.09901204271845586,0.19511011347812976,0.4659651126669324,-0.013992503786202455,7.024406042846592e-4,0.027669195713119807,0.6476647879336791,0.004460709412667673,-7.498136546833496e-4,0.02950541973628545,0.04463016010044528,0.03336709565731111,0.014638091629048097,0.1141339092682582,0.04143314955729309,0.026144620780165963,0.006126084841251566,0.08734787061292834,0.030699506358647426,0.019924257342943917,0.004214983007648766,0.061446856212930986
166,1202767,TRUE,0,0,,150,11100,74,74,74,53727.78310902976,24,110.91983795166016,0.5072072072072072,2.0670989923984355,0.6890523503968607,0.06844412517413348,-0.09737694314032397,0.3244755878913312,0.33784139580467726,0.02161984253241756,-3.8735053244000307e-4,-0.04375256181368025,0.7286643053955977,0.007107789196115832,-0.0014831999076762993,-0.05692986762795162,0.047201793728475154,0.037525593314478446,0.013545240016295436,0.11222355479259798,0.05230336621432481,0.03702451057849116,0.00794468251264013,0.10307733100430937,0.02622502179253352,0.01706203693792953,0.003958095418228361,0.061180757208585755
167,1202768,TRUE,0,0,,150,11100,74,74,74,53522.37914818304,23,132.97400212287903,0.5018018018018018,2.06725667797582,0.70908908787773,0.010738474393438583,-0.09968257865425471,0.3852946774012069,0.4496202924895008,-0.007991686667887507,-0.0018405328708047443,0.0289771075145064,0.6731833470509757,0.030874537204478206,-0.0077254045675771935,-0.010644691009786825,0.04799436923366143,0.040835107983918484,0.015411835562573712,0.13649982293626467,0.04336677312433496,0.02779856006168443,0.006586516922321477,0.10148202983140397,0.02984535990858492,0.022572700571933377,0.004830528877950845,0.06476654376220453
168,1202769,TRUE,0,0,,150,11100,74,74,74,53710.01704966176,30,96.38192296028137,0.5046846846846846,2.068131966223867,0.6312594829138307,0.18753980279847085,-0.12436807962831486,0.2469450893844555,0.42384665848735625,-0.04312952448808087,0.001305801426532334,0.05424465635213849,0.6767873343565972,0.015583648382375723,-0.007451846394754616,0.0641608256265106,0.053913412176965506,0.04531456633354987,0.01671241626068936,0.1107360368520857,0.04533766040788602,0.023988483203341276,0.006457576881155569,0.10994554353279726,0.028540524048595455,0.019443220711535068,0.004469488358039066,0.0645923213146609
169,1202770,TRUE,0,0,,150,11100,74,74,74,54123.558129511046,24,137.8456630706787,0.5013513513513513,2.066736266788818,0.6964771183362893,0.14167523700497242,-0.09893188677231719,0.05435196129321362,0.4252056882198881,0.0013640283903350154,-0.013137133098701842,0.1227673101699532,0.6968573611837869,-0.006231980228506445,0.0014304239797815286,0.029482015090487357,0.04911269963673312,0.040363295578615316,0.014332910474623645,0.1205172025728238,0.046575144693350314,0.03551474208415672,0.0082141733287578525,0.10445735388620123,0.0286673229994065,0.016472985820940405,0.00356140457057595,0.06492332025134019
170,1202771,TRUE,0,0,,150,11100,74,74,74,53798.66452613373,24,144.39060306549072,0.5016216216216216,2.0671354189706106,0.7632364169082841,0.07048219819287486,-0.11722642335285094,0.27569168498343055,0.41680432664915124,0.008048236673117876,0.014915323158778677,-0.17546588900772456,0.6651855982111384,0.013534350401891007,-0.005165623896236897,0.04734834259231749,0.04631407719209604,0.03806539994322956,0.016583260917633933,0.12301537196970244,0.04264852477524856,0.02373646044335962,0.00584930114910843,0.09132789962912388,0.030590704218934565,0.021703737278732503,0.004915921489298615,0.063653101289126
171,1202772,TRUE,0,0,,150,11100,74,74,74,53673.80422219151,26,123.65229606628418,0.510990990990991,2.0668679680913558,0.7412313289286268,0.08900554636564982,-0.09149070608637844,0.15848516013321312,0.3392007489504216,-0.0862483311560488,0.011341783911332094,0.16574098597075,0.6462376895640444,0.06841196682781521,-0.013378518907723852,-0.028524636109927008,0.04521130961314437,0.0369803140302639,0.012555309928952117,0.1103073038053072,0.04963838835617192,0.02047739584598768,0.005140340287268189,0.11495020244360922,0.032245972659855106,0.0260329079632638,0.005127305396559054,0.0649251459139547
172,1202773,TRUE,0,0,,150,11100,74,74,74,53772.990821620035,26,94.95216917991638,0.5005405405405405,2.06697969609401,0.6505642961744587,0.11794075913867252,-0.10953897548398396,0.3324487303216639,0.436515951580348,-0.007322188603269221,0.005340544412482537,-0.11714574051219204,0.7024538556141767,0.018558275571725496,-0.004600939393409928,-0.028224671228334955,0.05141633938531106,0.04072886034683858,0.01434660690934918,0.12342063487228186,0.04391028817600244,0.024942668521074053,0.006635999752331443,0.1105279142817493,0.027209208791810983,0.018923827202918755,0.004420862845138052,0.06590839387030169
173,1202774,TRUE,0,0,,150,11100,74,74,74,53626.50536408978,24,90.34670114517212,0.5005405405405405,2.0667640101455467,0.7222576190594872,0.0830727062123301,-0.08677403289424107,0.07252812885478692,0.4389051731589726,-0.0310954372698308,-0.006723706913067396,0.1231328433453552,0.6622337678453877,0.006880464067223805,2.2971247259409214e-4,-0.0034465988515750127,0.04658296156748407,0.03599467746636342,0.01257335856190804,0.12348893370043892,0.046280408333987465,0.03577162078539481,0.008692158678866552,0.10289264325484625,0.03027470276299503,0.024954841059180485,0.0050452491860232245,0.06790227844438698
174,1202775,TRUE,0,0,,150,11100,74,74,74,54038.87462994249,22,89.67360711097717,0.5028828828828829,2.0672005337380748,0.6899616035344357,0.1063447863009335,-0.08714992059676388,0.1763477106484123,0.4770778786402153,-0.019726885136297084,-0.0037366103426814336,-0.018148031302826325,0.6549080459049769,0.012777815575692367,7.242023948631399e-4,0.0030728333519837838,0.04853151603155029,0.036981462175770224,0.011944242228889288,0.10068445112918485,0.043808263886609806,0.025489833814397934,0.0065284960045000956,0.10074837581106914,0.02984480876086477,0.01843286709343716,0.003867789181813488,0.06271735942071635
175,1202776,TRUE,0,0,,150,11100,74,74,74,53810.44133721805,27,94.7217869758606,0.5063963963963964,2.066722888575972,0.6505058128950971,0.05916262552359018,-0.0802047647600441,0.3761670200512924,0.42011449293218656,0.033635693146527756,9.613008884840735e-4,-0.19572867335212882,0.7172823996855091,-0.010419233152174679,0.0037625486642579907,-0.0911788228734458,0.05041998589218248,0.04348616274331023,0.012970704504790013,0.11297626928599143,0.048763330453112264,0.05426532077678733,0.011704476335677949,0.11087400237817313,0.027322272805545597,0.022044022882018215,0.005068444442169135,0.07170451009475703
176,1202777,TRUE,0,0,,150,11100,74,74,74,53638.55068120979,24,138.03695797920227,0.5042342342342342,2.067359041692422,0.718141783710881,0.08405251260769146,-0.09267434490405821,0.19204701508285918,0.44917895414813713,0.005259640671121531,-0.005419623902895419,-0.03257966990527645,0.6404886228928617,-0.007770674260230978,0.001159933375392267,0.06002579184138182,0.04784647606914221,0.03311211686261067,0.013990316960778841,0.11568600431995675,0.04337025483333005,0.03214816968718357,0.009247843656979766,0.09906031336369073,0.030695079418526974,0.019096125079994974,0.004474739244209822,0.06691889429381861
177,1202778,TRUE,0,0,,150,11100,74,74,74,53977.597178722375,23,131.40380787849426,0.5047747747747747,2.0673302796297475,0.7497664137933534,0.10066068023117944,-0.10221769319258403,0.15573940006545617,0.4342984290433006,-0.007137245863619853,5.698561370770975e-5,-0.02686321266140092,0.6683628507937296,-0.010576420480327017,3.2806712145445394e-4,0.07261154930050744,0.045805587074126346,0.03539449321467236,0.013922317670693634,0.10888798691292488,0.045177093088783433,0.02927943298351858,0.007492806943541588,0.10009756603697112,0.030169259716812124,0.01848450085713567,0.004138067039062423,0.06528994288139282
178,1202779,TRUE,0,0,,150,11100,74,74,74,53900.99560119689,26,91.45612502098083,0.5017117117117117,2.0672825211360606,0.7216343629868122,0.12186427421547358,-0.10529201970796223,0.037272134238080235,0.4472370163159299,-0.041947565972765846,0.013218122116867832,-0.08589748244178172,0.6361929806845289,0.010987703495736982,-0.006142313258513439,0.14166469080036848,0.04930577375525915,0.04578475649572935,0.018444592973977755,0.14852261941969602,0.04242032876852776,0.02118415835262888,0.006278983246451465,0.1112813706450452,0.03244817088207975,0.024850085323902732,0.005320758897104588,0.0735232176585299
179,1202780,TRUE,0,0,,150,11100,74,74,74,54117.792271234335,24,139.63011503219604,0.501981981981982,2.0667147655259517,0.7435626329216066,0.0677826433948621,-0.08488801047625659,0.1922316258923672,0.4390415217591476,-0.03516148193809315,0.004434453813348311,0.031923242877712636,0.6700551348756836,0.03595986849207809,-0.005955854400658756,-0.024174094370274787,0.046334549342569,0.03986424428297001,0.013858848802595329,0.1138058416999101,0.04520954290336012,0.022155868987169612,0.0055279977994556065,0.1034619987523365,0.03033746665564112,0.022546284991061677,0.004695397314623063,0.06638495367567886
180,1202781,TRUE,0,0,,150,11100,74,74,74,53885.57998032305,25,92.93010210990906,0.5073873873873874,2.0668065989602686,0.7106093979089063,0.06320671040052087,-0.08283466194679963,0.2577422581279751,0.36381180860813433,0.00977788755622578,-4.676012742907096e-4,-0.07970826397678538,0.7201872284926539,0.012337097596024695,-0.0016934217990106277,-0.06789184776255372,0.046711369789347014,0.03573984493104681,0.012487404596612097,0.11504612287004147,0.05107147043376356,0.03126149702843291,0.0075163394122231015,0.11915537639759397,0.027127600572102305,0.01693912170448056,0.004001600442514549,0.06548073554458263
181,1202782,TRUE,0,0,,150,11100,74,74,74,53864.67189422147,27,93.16201591491699,0.5055855855855856,2.067929953840045,0.6937105352980637,0.12607075384668345,-0.10648372766571212,0.09435560416411967,0.47188398222128647,0.018725940253683886,-0.009878527480193314,-0.019868221483847325,0.667955905978947,-0.01046838970190316,0.0018234555023288344,0.06927837540792565,0.050291337403384255,0.0372049288351058,0.015066272176825332,0.1322347826384665,0.04478265704395119,0.040792232869461945,0.010199812337000179,0.0973720200808137,0.02992981433554875,0.019742908213877048,0.004277538476837071,0.06540678891538737
182,1202783,TRUE,0,0,,150,11100,74,74,74,53718.23132030989,25,88.21463894844055,0.5077477477477478,2.066700418175651,0.7034916989383735,0.13500601849666483,-0.1115620837172337,0.11369713650123486,0.4067155691839459,-0.018413005197062043,-1.0504441345577892e-4,0.12166410657084124,0.6728227844144802,0.013789528533206835,-0.007704819445983348,0.06948479612868612,0.05028506154336469,0.039362501790190726,0.017143035190776673,0.11344965483617492,0.046588860654774515,0.025627218779802275,0.0059052945615650845,0.09182681241028785,0.030482128946077606,0.02010373401153664,0.004290023774554849,0.06226718964208132
183,1202784,TRUE,0,0,,150,11100,74,74,74,53876.5677279905,25,87.82533597946167,0.4998198198198198,2.06685078260507,0.7546432846357042,0.1339514397256111,-0.11467844321145888,0.20500497400058518,0.3859788014646154,0.015737898930370066,-0.012158954211431927,0.07816372013510102,0.6679706008729448,-0.002757390954224694,0.006981765732241843,-0.049037498783462925,0.04405886010671439,0.03557844826161201,0.01400192879911149,0.1128603615996642,0.049766366064821356,0.03985188496011574,0.009206408308575118,0.1134588778966867,0.029532572522495068,0.015933231512290372,0.003547418378441427,0.06883240759482624
184,1202785,TRUE,0,0,,150,11100,74,74,74,53657.11174773338,27,97.31123781204224,0.5057657657657658,2.066810987585844,0.6412205320126463,0.14890545894523802,-0.06783254433270827,-0.21623204505890103,0.33237712490883536,0.004952685193941601,0.0063630782443893875,-0.04876618029680744,0.7113874492269243,-0.005916733781727491,-0.008664007940996213,0.10044695841127514,0.05163468274487599,0.040211911048858254,0.01510264978612939,0.13630256675056146,0.0504894162392594,0.029006905349163926,0.0064447782809790135,0.10524817495638987,0.029445554745046582,0.0184117314973708,0.0040427604872932095,0.06663226588867353
185,1202786,TRUE,0,0,,150,11100,74,74,74,53701.59460494928,27,98.75041007995605,0.5063063063063064,2.0669586848275685,0.7242050144576586,0.0628469506201432,-0.11479520456180213,0.28505618821948947,0.43592596424449737,0.009037726786410412,0.004442769087166935,-0.14264911251064705,0.680722045110621,0.0058124124548388344,0.0018079729980985727,-0.00815861184695839,0.04827827742806158,0.03975538587437384,0.016226106728192642,0.1331420258590342,0.045179708835432014,0.03701317725580205,0.00817262159307172,0.1016945906428134,0.02921014841646204,0.023065696720537092,0.00485008313190685,0.0641993548950284
186,1202787,TRUE,0,0,,150,11100,74,74,74,53804.750072711766,28,152.3894488811493,0.5072972972972973,2.0670466219423966,0.6766953369789401,0.08974440981806799,-0.07604608152988514,-0.025240484023061147,0.4569114106236766,-0.009080006829136362,-0.005879882023421575,0.03128864567309618,0.6955944516891628,0.0010583401009357008,-0.005445872752017636,0.06379847368335986,0.051030880230126564,0.037448628762502496,0.01383406656780392,0.13840058688987317,0.04646240535192001,0.029162536579209638,0.007395248307338264,0.0997838553703056,0.030240139711660154,0.01989392812933662,0.004157623639440063,0.06551869330744746
187,1202788,TRUE,0,0,,150,11100,74,74,74,54041.40939692312,22,116.67291498184204,0.501981981981982,2.06781256688555,0.7483562886107267,0.08340222250819328,-0.10705012558568366,0.27836894191643435,0.448609767275939,-0.0655204909018642,0.004715534721696941,0.13960637109521992,0.6271003949521053,0.04075128481445281,-0.00663534754403166,0.03690002177026249,0.04465558082715409,0.03790247521843069,0.014716279089693071,0.11493074989788399,0.04312116537235827,0.019993840612099127,0.005436173946040055,0.09943022534097223,0.030876270946139896,0.023509436707436823,0.0049127904244741965,0.06486161590484778
188,1202789,TRUE,0,0,,150,11100,74,74,74,53970.63110304866,24,90.99184393882751,0.5063063063063064,2.066926634180224,0.7444229223815747,0.02334974617477409,-0.08770044300908099,0.2975025611056625,0.3450648299012899,0.025248138049570337,-0.0034976163271200323,0.04139691340726762,0.7130542947800964,0.018161371873682056,-0.002659372523420368,-0.05210667792596289,0.045913862496034345,0.03576902672413123,0.013592328810893606,0.12858573828318312,0.05207478186091993,0.04164154904773669,0.008250372905178516,0.10334407164088263,0.029015202543292103,0.019844886904640226,0.004223857662501655,0.06511984854074404
189,1202790,TRUE,0,0,,150,11100,74,74,74,53633.187451446734,23,81.94497895240784,0.5081981981981982,2.0668237364149413,0.6013109093426194,0.13349786835769958,-0.09786371893853593,0.24861581927858745,0.36585080755002725,0.013826735682817287,0.006135568897773241,-0.14269978534044667,0.7179615515009452,0.006921326117458444,-0.001589425177445405,-0.03997907288508203,0.05523208619941451,0.04307527684508176,0.014925738264065508,0.11834355626132818,0.04666222650435184,0.027818691775678302,0.006836431589872066,0.11017651744417015,0.02682674812107288,0.01601391344691805,0.0038918695834701997,0.06491987970365218
190,1202791,TRUE,0,0,,150,11100,74,74,74,53927.57047917321,24,98.13285708427429,0.5047747747747747,2.0668250161767596,0.7155676932395979,0.10419503023855461,-0.10507830709269143,0.1867689456640854,0.3619191435575425,-0.026818629068484163,0.010173252270248585,0.0744629619572868,0.7130884979928545,0.007353244687729142,-0.0065853596605030705,0.02589562905184451,0.04820354731301138,0.03842829106540404,0.01533031053163762,0.12021746119768593,0.04918987892035961,0.026243161489491334,0.006007273348942357,0.10040407812509029,0.028943498041675002,0.021452024037550425,0.004809769499593462,0.06520611838802612
191,1202792,TRUE,0,0,,150,11100,74,74,74,53795.12375781506,23,143.2160758972168,0.5022522522522522,2.067459459811319,0.6683769691754113,0.06210395022606791,-0.07449275686921941,0.046222592164116116,0.42513978204602043,-0.019843247491932246,-0.002157469573760065,0.11414996495315316,0.692124202894841,0.012640530862589337,-0.007965583404022385,0.06394311751250148,0.052491490982025525,0.0338034673446098,0.013650321633453586,0.13257480397049473,0.04468227088954034,0.026840458215195758,0.006354924627936395,0.09637504241062461,0.029913568429212726,0.02066213587745801,0.004499482965957588,0.06163409526072177
192,1202793,TRUE,0,0,,150,11100,74,74,74,53765.662461940796,28,79.38497591018677,0.5018918918918919,2.066727963679235,0.8171550016004258,0.04762619579313519,-0.08672333617145951,0.22405004359439049,0.23830380072672505,-0.04166268669022174,0.01817726133417946,0.1021981309363702,0.6645650186378245,0.02642013717719208,-0.008094170260022853,-0.0049112460259111085,0.03943257074419314,0.030381874325462323,0.011212464781904272,0.09988089708440338,0.05409852927221882,0.024346348641296284,0.005965075725554426,0.11364916452204075,0.03135271463625924,0.024434555504927926,0.005796075753261266,0.06791322223680803
193,1202794,TRUE,0,0,,150,11100,74,74,74,53732.073571047884,23,74.79569888114929,0.5044144144144144,2.066799075395132,0.6445543583824366,0.10306522318802532,-0.0912329696353098,0.3172413635262947,0.3670454726837993,-0.003995582409011486,-0.004981498980369487,0.07566396656298664,0.6866447876987642,0.016819075241656413,0.0026006570309283525,-0.10158607996538772,0.05095537569501049,0.03725728125495526,0.013351243691813286,0.10910304589196565,0.04797237477949518,0.03771413709803337,0.009235594483496293,0.10946355684191598,0.027439090289017205,0.01963840391434535,0.004683505622886187,0.06697175614703067
194,1202795,TRUE,0,0,,150,11100,74,74,74,53803.25836111677,24,91.48955202102661,0.5064864864864865,2.068722813752432,0.6850498499974438,0.0846840307356088,-0.10018334557188732,0.1846860120572202,0.4321969786910615,-0.009094627458258427,0.007816231673813276,-0.1648428134085202,0.686506051980991,0.0031434324454774018,-0.005839500189566739,0.09895550238445219,0.050007141009091004,0.03926780859127702,0.016267507019268913,0.1391444424991863,0.043893163156394965,0.02734078975857719,0.007058776545533411,0.11178768455420389,0.029314833366465055,0.021462164802485122,0.004665570762037364,0.0658720012007643
195,1202796,TRUE,0,0,,150,11100,74,74,74,53854.238717776076,28,156.00755310058594,0.5054954954954956,2.0670965552719736,0.6948962670885096,0.08732165768057511,-0.09675129895042991,0.27411097124884676,0.4595501119117146,-0.04638193613532564,0.004285786774378995,0.014671446177613054,0.707786267339677,0.014823723292884818,-0.0026461199044326175,-0.06834682748430898,0.050202951019089496,0.046782754804404726,0.014059381471670379,0.1366345729053205,0.044188237324437586,0.027243048949770376,0.006917549406457454,0.12215968257402443,0.02879559216198799,0.02547141959033399,0.005323001271062617,0.07431942514167557
196,1202797,TRUE,0,0,,150,11100,74,74,74,53963.344726776784,22,74.80799293518066,0.501981981981982,2.0671846427207736,0.7063719572122498,0.08641134771859382,-0.10707500086036638,0.30393851567587676,0.395292965153048,-0.0019148574458748326,0.0011106138355639601,-0.01464955212214749,0.7086346573917641,0.024495493550409773,0.003487598114854946,-0.13406033446393523,0.04713692747799941,0.03650029203224478,0.014416285212424872,0.12181720059108943,0.047966731330214514,0.031493367868250244,0.007683281454151041,0.10615714950010353,0.026934293697479534,0.01863387222972703,0.004226483990260552,0.06299397279783296
197,1202798,TRUE,0,0,,150,11100,74,74,74,53794.262066832154,24,74.17733502388,0.5072072072072072,2.0667948876464077,0.7643237670075914,0.13592447036935187,-0.11278623831187744,0.07160206075695265,0.3589108286761516,0.016090706759223795,-0.015338975886682118,0.16689832760687492,0.6521860678978657,-0.03265372267884098,0.004203467408620663,0.1242956858021099,0.04544462345347713,0.03472316927707607,0.01502208654339159,0.11802685935590555,0.052019787170133995,0.042762140123887425,0.010061438721326359,0.10268436606510216,0.0314215281471978,0.015249328002818521,0.0035317487259904435,0.06770394572593695
198,1202799,TRUE,0,0,,150,11100,74,74,74,53936.144488639344,25,90.4565110206604,0.5007207207207207,2.0668329494985302,0.6291845725599708,0.0934834757753448,-0.11796259527153333,0.39373289876262957,0.4203827954026597,0.020497433441800366,-0.010759490109203402,0.018630925144676843,0.7273712362554854,-0.0048888372237594286,0.0058099240944000305,-0.05518873021955896,0.054358785980491126,0.04642908567207274,0.017758617340914256,0.13265702998857273,0.04725403770744354,0.03562576010076625,0.008667490333047236,0.10621879167673418,0.025569277835632235,0.013989330009540526,0.0033805440103431214,0.05996809306022579
199,1202800,TRUE,0,0,,150,11100,74,74,74,53913.89962795647,25,76.48121380805969,0.5048648648648648,2.067060900377252,0.7263332831795585,0.08904690759992896,-0.09204573223490736,0.07779316358025315,0.3940601522345487,-0.0063355655521756624,-0.0026239943136832284,0.04775044788507434,0.7175252034673456,-0.014192923519933707,-0.0027433475964226462,0.06008259212710275,0.0499704465108342,0.035308563850363975,0.013288513451934804,0.12608693986230718,0.04962941890763036,0.03343870799410756,0.007639362966261842,0.10720915169210185,0.02956555206825705,0.01805343028621259,0.003962286977044239,0.06530844259829889
200,1202801,TRUE,0,0,,150,11100,74,74,74,53344.977700386466,25,92.50671005249023,0.5094594594594595,2.0674168916079907,0.625162041219608,0.12482269214104401,-0.09744727133873925,0.16517866272545875,0.3788606792308623,-0.006779961159657993,0.013051799776958346,-0.11597850528797846,0.6557997352263427,0.015362859221875098,-0.004967412411073667,0.03928227071234208,0.051837008657131166,0.04110924558680703,0.0159271512812881,0.11993546287268744,0.04518141883625227,0.024998150134310372,0.0061016031429440105,0.10196903281801084,0.029234008555562643,0.0215581085117501,0.004906463347034316,0.06389478587532683
201,1202802,TRUE,0,0,,150,11100,74,74,74,53730.51402569576,23,81.76824307441711,0.5034234234234234,2.0670202473490917,0.6862380594272668,0.10467085937032762,-0.11183458504350938,0.3473643228752587,0.44554299298122313,-0.02911762763225563,0.0019865999657355804,0.022129634527690862,0.6658584003811518,0.03312357354246385,4.0193082534159763e-4,-0.09916579850424904,0.05030620181552615,0.044079618199788936,0.01532470729423237,0.12993503103576026,0.044217950498109795,0.025892173025257682,0.006583225140039968,0.10808438082247279,0.029644155109772592,0.022305510756996955,0.004862799994976283,0.07093678621870952
202,1202803,TRUE,0,0,,150,11100,74,74,74,53646.864663275315,23,88.74703216552734,0.5067567567567568,2.0667247328615455,0.6706520556297139,0.05115784338459984,-0.12308784288769249,0.512255612865277,0.3824827976379264,-0.025162969930258936,0.011565150749651398,0.004456908236420375,0.6982735464431857,0.02305017310810952,0.002210860403855289,-0.10849881169013248,0.05127052327249579,0.0456609470896975,0.016044934442616055,0.1312280481980731,0.046374829530619006,0.02395780775585417,0.00618748789404982,0.1011142465871295,0.02737831797400285,0.01852448152231896,0.004341770961022886,0.06282346557647292
203,1202804,TRUE,0,0,,150,11100,74,74,74,53777.25246522994,25,85.01662802696228,0.4992792792792793,2.0674650414097413,0.6349942122788691,0.1236355346665165,-0.06452010849222534,-0.11128780116840715,0.40493054191180233,-0.04621520502731506,-0.00539632372894546,0.24658579176585654,0.6861375172688902,0.004922647025167489,-9.08152031376529e-4,-0.007530477989945779,0.0505155706821303,0.03674618252422373,0.012692228536534187,0.12347363432908608,0.0469197602550048,0.036430751370995704,0.009528376869726754,0.09617893849613164,0.028831845095858944,0.025669956888651535,0.005718252299913951,0.06537934252392955
204,1202805,TRUE,0,0,,150,11100,74,74,74,53793.105375488245,27,82.41792297363281,0.5094594594594595,2.0677849804503996,0.6860230146155163,0.06432620509708235,-0.10293174926385354,0.3181606019701999,0.4408911419645307,-0.011315368146527947,7.093841111285864e-4,-0.0027083220242629324,0.7041935541531907,0.03590387216482381,-0.006412150848173238,-0.0594353553334745,0.051209620951154666,0.04051661878658723,0.014729016962222107,0.12665088174269568,0.0450953875340297,0.027023639928736732,0.006774823264936918,0.10578195054423384,0.028385052104692613,0.022175946766279854,0.004919191759974399,0.06306455865240827
205,1202806,TRUE,0,0,,150,11100,74,74,74,53797.243452560724,23,76.21660900115967,0.5097297297297297,2.066922501047323,0.7190003409762563,0.16320257997070486,-0.1077331559400589,0.05319402591898854,0.4754688430566931,-0.02375151550951159,-0.00822620383690977,0.0782979230346281,0.6307820723497187,-8.760040938792412e-4,7.003461182735916e-4,0.0670697637750342,0.04766635295622386,0.03775094799733282,0.014038620621759982,0.11836685946990809,0.04250869995715806,0.02610730175038863,0.007074834985044588,0.10274751033400042,0.03177489302130649,0.019013657510250345,0.003978233180440684,0.07006401551670755
206,1202807,TRUE,0,0,,150,11100,74,74,74,53813.686441676764,24,77.00831699371338,0.5093693693693694,2.066898707817306,0.5655932297032429,0.13117714294768787,-0.09859217403565612,0.16027775143851186,0.43918916564328275,-0.032218316056623654,-0.004192141346137327,0.13452519092401685,0.7359927830731913,0.011914891729062651,0.002388241823095198,-0.09850754166583607,0.06134300813063276,0.050338713703427934,0.01750835490140935,0.12977005020453608,0.04664522647603903,0.031275373054890136,0.007495279624830778,0.09847385948506492,0.026745568946160224,0.019060968701466553,0.004187269521396995,0.05917927679811302
207,1202808,TRUE,0,0,,150,11100,74,74,74,53728.38631994687,24,88.64647388458252,0.5094594594594595,2.0669076545506715,0.67262292453702055,0.1638220695545896,-0.11633725242595162,0.1275123505970882,0.4019129675733471,0.021980963204507997,0.0032607542702991336,-0.056459682700296554,0.7042259942701382,-0.02387042449542403,-0.003989822592199863,0.10228520477592264,0.05024571122125045,0.043595578234738926,0.01615839295861514,0.12522581614935413,0.04407892809669125,0.02624672828248823,0.0062233036183136,0.09349568357162574,0.02786723574810238,0.015476650732683289,0.0037835885006737833,0.0675374702824461
208,1202809,TRUE,0,0,,150,11100,74,74,74,53780.93909089771,25,88.69538879394531,0.5042342342342342,2.067669415188099,0.5564504239460345,0.08199222303764889,-0.09139697426050343,0.42307435658133385,0.3763198681759,-0.01922399652269666,0.013568698723000188,-0.08283314637169459,0.7601394634377923,0.0330795797073697,-0.0074912406153345625,-0.12520486051035992,0.059982840953182716,0.04487542821901431,0.01398781674056282,0.11553726716558227,0.047119954964721836,0.023584680430675055,0.006062302292680411,0.10831917046495265,0.02513345039277285,0.01844991883251243,0.004811294673768056,0.06183733041028723
209,1202810,TRUE,0,0,,150,11100,74,74,74,53801.70759976426,25,80.65938591957092,0.5015315315315315,2.0667874732064018,0.6344551534524323,0.040398283175008175,-0.09612878473126531,0.45035975380762433,0.4357308539492144,0.020433798648307914,0.006524550098207243,-0.12926188236893218,0.7278925620466051,0.0037345999076262115,-0.00517313027524347,-0.015299893414777142,0.05579009289854308,0.03953773713860659,0.014696296811423785,0.11585241257756419,0.04429758288698838,0.030857519052966475,0.006737234414616356,0.09429359817698542,0.027423893809908038,0.019709508742847204,0.004657205351724074,0.06199902794283558
210,1202811,TRUE,0,0,,150,11100,74,74,74,53839.44044589136,26,142.43794798851013,0.5018918918918919,2.0675574469222284,0.6760066339646653,0.10422814908064608,-0.09426538459679996,0.16873237169231256,0.29726303816857036,-0.002648057027677643,7.318048984771702e-4,0.12088920710396366,0.7430675166934749,-0.0017527626080133252,-0.006520119331109235,0.02471819579164948,0.052408304367927074,0.04127880448953577,0.01423023083246194,0.1287253416324818,0.05298608849790599,0.031132224405134478,0.0071619829438485764,0.11082090531852745,0.028097790578671837,0.016644453366612178,0.003976486698110524,0.06627068480704854
211,1202812,TRUE,0,0,,150,11100,74,74,74,53810.91226945853,23,74.44182586669922,0.5061261261261262,2.0666811586580933,0.7000982695748839,0.11964746267953577,-0.09604607752730807,0.03353912062022661,0.4092155298382135,-0.03728454416085925,0.0011075768324889715,0.08487398169416019,0.67510665856462,0.018969430932704055,-0.0026118523673100812,0.008512506690494038,0.04979320395393835,0.03816912586159895,0.014458314428499597,0.13533809684340897,0.04784269574330427,0.025526936932908143,0.00710136502948934,0.11078434681604545,0.030357615946040736,0.020638285343065336,0.0043668001509726455,0.06590693615303635
212,1202813,TRUE,0,0,,150,11100,74,74,74,54095.818230618745,25,85.46219801902771,0.5065765765765766,2.0666730320196622,0.6643600525536114,0.08297834767527773,-0.10294126630013758,0.34294762635582804,0.5047713549991081,-0.03064082459882646,-0.011482222262821428,0.15944105643833215,0.6983446578736391,0.01878174276486174,0.0036378089040354842,-0.10466094099659076,0.05167084467456154,0.044176487879885554,0.015593577001677468,0.12583625357699985,0.043032939834766436,0.028670325601846187,0.0076822738379308175,0.09803594148154621,0.027714502623044996,0.01921250504325052,0.0042542526556312915,0.06486775619800032
213,1202814,TRUE,0,0,,150,11100,74,74,74,53798.933711159836,25,94.52645993232727,0.5048648648648648,2.067472028232972,0.591008205198184,0.08047257445421477,-0.0859006304095519,0.36943845223926636,0.4648392026840349,-0.008097543557553384,-0.005601123838296353,-0.012268874583078255,0.732747349199881,0.012031155115263377,0.0012802663862657544,-0.14080436898153897,0.05785972267120299,0.04034680156963584,0.013486864843954035,0.112895872336897,0.04528007920842576,0.027431313374648575,0.007361317820993804,0.10634299371981097,0.02624591817679891,0.015651343512822862,0.0038859772907189555,0.06442272373352387
214,1202815,TRUE,0,0,,150,11100,74,74,74,53829.40338874149,24,120.14928197860718,0.5047747747747747,2.067147578822202,0.7029713498992113,0.05435464125103937,-0.09757995124260317,0.36615293338787064,0.47984868926932067,-0.0064015529411663484,-8.018306181559428e-4,-0.04808019259896575,0.6873117187064922,0.015505633841269894,0.0020335942396653506,-0.09971662103167751,0.04976806065462399,0.04068236058530133,0.013619811020531843,0.12451297028013926,0.04148397784981359,0.030184738539041245,0.0078014326770559335,0.10286716378721632,0.02897402978289119,0.02144084125745644,0.004884515361014583,0.06917096035976748
215,1202816,TRUE,0,0,,150,11100,74,74,74,54087.61314426943,24,138.44653820991516,0.500990990990991,2.0675670541684514,0.6825549983785975,0.07302262317871581,-0.09151182667895733,0.3522300407756654,0.4339987405728155,0.011113540032372563,8.273282834828151e-4,-0.1402024702590755,0.7131739489234034,0.012244866305030305,-1.766936501825159e-4,-0.06656818464949385,0.0500982840316267,0.03953451994694027,0.012666079283653903,0.11618790340564199,0.04692694022367447,0.02923656426383904,0.007759125901848371,0.10937389556917508,0.027927600878293667,0.017998911005862876,0.0042475974043855004,0.06810235526155872
216,1202817,TRUE,0,0,,150,11100,74,74,74,53611.54674694044,25,99.7397940158844,0.5042342342342342,2.066974759774909,0.7018036609721439,0.10189832017043744,-0.11005541349788021,0.05844015409719376,0.4117426207930743,-0.0027934009132293673,0.005259884691307844,-0.026356680566119155,0.6784799059266378,0.021324685693136176,-0.004049516285224224,0.010348888388074648,0.050731467727403605,0.03913424849459789,0.0166689589670577,0.14126882977630575,0.045720768634188245,0.027664432730509895,0.006271092426845355,0.09206640768475319,0.030342210526005324,0.022525748911513082,0.004537656604403088,0.06303828344183489
217,1202818,TRUE,0,0,,150,11100,74,74,74,53790.13437475301,26,89.03664684295654,0.5095495495495496,2.0672455950565714,0.7048806994533172,0.13150830026079446,-0.096756760823145,0.15327051444065073,0.36824589076267894,0.08133386474989933,-0.001310050939789669,-0.22611902847586718,0.6627045909232586,-0.04877736417930147,0.00265417039756407,0.15039558421461094,0.04909408787797459,0.0397067310022436,0.013800325338293227,0.1186656796633031,0.05378400104007961,0.05411400122658181,0.010697757954338138,0.10215955498476614,0.031033109215038813,0.01670469592210214,0.0037798446390824103,0.07497930512526915
218,1202819,TRUE,0,0,,150,11100,74,74,74,54079.20631538895,26,89.30888414382935,0.5052252252252252,2.066909338201822,0.7321567443396886,0.16586563876567953,-0.11757477079223343,0.1124503566337915,0.3998499684009804,-0.05011869569223546,0.004567356520339501,0.13028411656380054,0.6961628576710495,-2.828653280191101e-4,-2.0326587760861008e-4,0.003709571421553265,0.047533786742589415,0.039681151388938504,0.015420745808223685,0.11336486158080794,0.04772716626057999,0.029057199942832422,0.007411566999297441,0.10524787107145168,0.029341084564776694,0.02258488485624562,0.005139574880814525,0.06564274652490966
219,1202820,TRUE,0,0,,150,11100,74,74,74,53548.95129762049,28,133.64226913452148,0.5048648648648648,2.0671181676338013,0.7355244142354191,0.0873305500285939,-0.1285866429881466,0.25595363840251467,0.41553198987523765,-0.005973029898070428,0.002388538210601397,0.05036846273109063,0.6588842840494801,-0.003698741471960039,-8.610140079177901e-4,0.06717982992000056,0.047650581070035336,0.03590561502432683,0.01794588640057819,0.14334372429837455,0.04529509635342076,0.054382883668129434,0.01250772914445659,0.09357692378628667,0.030401177284679552,0.03623598877099172,0.007704621908204211,0.0688194316130022
220,1202821,TRUE,0,0,,150,11100,74,74,74,53600.07545263774,27,104.7604820728302,0.5047747747747747,2.067448643455024,0.6209768884263055,0.13433689413137354,-0.09206919191279084,-0.02403955329223067,0.45889114841106654,-0.015462689310832943,0.0013668280790058796,-0.03783435650443412,0.6854692603094468,0.007718665637893246,-0.003393973683337121,0.03590655749263988,0.05592770168805098,0.043112200251554926,0.01744790256228607,0.1336133755735042,0.043624473524608826,0.02697829906249161,0.007005279593644797,0.09604104600993128,0.028809508844741035,0.02113608245865,0.004676992240241807,0.06141784603003265
221,1202822,TRUE,0,0,,150,11100,74,74,74,53604.112102744504,24,124.69045686721802,0.503063063063063,2.067228614382263,0.7014139505270544,0.13155223377571404,-0.10709595192554731,0.15481016579087736,0.380646144516841,0.036771615956812796,0.001200557492026881,-0.19944554187869365,0.672900241927399,-0.025903600555814893,7.113489472513132e-4,0.10528437656130386,0.04831111291824091,0.03556417443027036,0.013917006910645026,0.10885960828921425,0.0492164728747583,0.037215013168691115,0.009169044920472894,0.10580100428823307,0.029922159721342458,0.016893116105505805,0.003945516488096878,0.06459209459535117
222,1202823,TRUE,0,0,,150,11100,74,74,74,53742.9699245203,25,121.45778608322144,0.5092792792792793,2.0696512548529125,0.7323532572985451,0.08167466317903434,-0.08822858969290254,0.06809375499206871,0.43063020216182946,0.019162593957651887,-0.025037867049410717,0.18097891466508162,0.6824978125699186,-0.006735139252509443,0.00468724201704837,-0.025560520098067644,0.04829221213838552,0.03812459284852596,0.013538221306837623,0.13136385342599888,0.05137107527752208,0.052053913803020234,0.010947959805711152,0.10974435776188178,0.030491981227730856,0.016559319984240782,0.0034628301920630535,0.06755624867558843
223,1202824,TRUE,0,0,,150,11100,74,74,74,53732.19430757514,23,115.26188802719116,0.504054054054054,2.067179104255092,0.6819310382738366,0.10475094154915505,-0.09862282798893796,0.23950115687442278,0.38173117197520606,0.02104017109096683,0.00556516400629637,-0.10497131010670632,0.6733483676514996,-0.011823423243222499,-5.7352750951919235e-5,0.05573196779620213,0.04937030277673961,0.038305109082316796,0.013928210292151062,0.12772418452628054,0.04751471166480374,0.033862993864074646,0.007999451868649926,0.10718593228719062,0.029776426527428443,0.01897736275607437,0.0044445274073469584,0.07254661034010451
224,1202825,TRUE,0,0,,150,11100,74,74,74,53690.74725319594,25,149.6355938911438,0.5027027027027027,2.0667901011360907,0.7166915783238575,0.11018225448670498,-0.09891825936375917,0.022018940046571976,0.40441274057956944,0.021672469423850725,-0.005828302493304766,0.022218652916731123,0.6712667918609114,-0.013925458756409607,-2.674667980769231e-4,0.08502401191407372,0.04881565992486328,0.03501114799690746,0.015136474324366649,0.12748101126464542,0.04761168626536415,0.036801244943254235,0.008124743002070266,0.0969421499736763,0.030439649546885147,0.01714364169209051,0.0037207462474187912,0.06553600162109706
225,1202826,TRUE,0,0,,150,11100,74,74,74,53882.03077183988,23,108.68884992599487,0.5039639639639639,2.068291160365485,0.7645554993161555,0.12525168767156902,-0.0866976179300166,-0.06334624348625115,0.4246507926354534,-0.004551150004134642,-0.014141482630377828,0.12422881081602213,0.6195008378432847,-0.021807663501137418,0.0072899569023354704,0.08199180305390226,0.04326730785454897,0.03145869434901552,0.01354101573640469,0.10589246527768141,0.046427299538940724,0.030756411267463667,0.008008095955191408,0.10187437517952305,0.03215928470942976,0.015374452549378408,0.003350886585062195,0.06591000174292765
226,1202827,TRUE,0,0,,150,11100,74,74,74,53954.112376024896,24,84.529944896698,0.5051351351351351,2.0670662301800045,0.7510030638849851,0.1091380944374064,-0.10732651078549572,0.1850735847441883,0.2799378416167697,0.01131286192689108,0.0028491845227099633,0.06316472582095953,0.6999474565684146,-0.005625869878156161,0.0018658323480171147,0.0033093177120258103,0.04374711103229343,0.03533404376396038,0.013459357794843033,0.11067633711326387,0.05690988037617961,0.04270401514890499,0.009251977953685804,0.10758383439821381,0.028047583595070227,0.018575453295225402,0.004367005067056555,0.06597770043064247
227,1202828,TRUE,0,0,,150,11100,74,74,74,53910.240043746104,22,108.48641586303711,0.5034234234234234,2.0670734608364607,0.7522762723506587,0.10191153558676985,-0.10729750153031764,0.27690265608922726,0.3835959633945497,0.012341753272642446,0.0033901904654345394,-0.10370161475013437,0.6605845557064408,-0.006495271677341899,0.0050867819225612265,-0.0022644714601869555,0.04589268298038674,0.035210606214997685,0.013027824216303522,0.10076421841511705,0.047157414135804085,0.029764437876048377,0.007483636210199299,0.10671497975174721,0.030107684090597362,0.01655886636135297,0.0038327945318209896,0.06771023859650901
228,1202829,TRUE,0,0,,150,11100,74,74,74,53725.79892220557,25,85.62019491195679,0.5054054054054054,2.0668227698978323,0.7212539903425826,0.1167920571368789,-0.1044389046513152,0.03371662227783707,0.34223439960391316,-0.012633363479721244,5.966972697118624e-4,0.1454159063389389,0.7059642985766721,-0.0022538946470748765,-0.0034264861495210647,0.03587083252609917,0.047163654722896596,0.03481452922107646,0.016498006647706058,0.12278712372093799,0.05220584794611044,0.031885220312720695,0.006729656971530055,0.09839844314032334,0.028236349841942728,0.01848807819346442,0.004114010119375064,0.06096213856887219
229,1202830,TRUE,0,0,,150,11100,74,74,74,53686.30949189141,25,99.0252058506012,0.5051351351351351,2.066926543326311,0.5891261246619346,0.15766215898130415,-0.10118209022028478,0.05093793396753808,0.42708754484980627,-0.024925245979098218,-0.004760311853907208,0.09202451541583169,0.7279187984400325,0.01491456067551201,-0.0026604005153096117,-0.042886606614501034,0.059013664158000904,0.04846339803568337,0.01925709035214123,0.1407686521906766,0.047427061005667494,0.030313764605442276,0.007636166862817354,0.10643827090350966,0.027138521233410175,0.019568562681394196,0.004357664707518487,0.0625594051507904
230,1202831,TRUE,0,0,,150,11100,74,74,74,53734.240846256725,27,90.86434602737427,0.5,2.066851500241319,0.7003151933281239,0.08763343048890762,-0.0872022312237757,0.11572975546145312,0.4075595344314852,-0.04225690502097964,0.0024237913076796806,0.10002589850050386,0.6959986570493883,0.007892029577259567,-0.0030988075537089943,-0.011138579353686888,0.049691724833639005,0.03747026292949347,0.013265366576271491,0.1181056533875611,0.04627174400067888,0.029563222407810726,0.00694592273404534,0.10291922604164577,0.030007640220079863,0.023719184863000675,0.004978973917197756,0.06610910334687924
231,1202832,TRUE,0,0,,150,11100,74,74,74,53772.27797290067,23,83.94585990905762,0.5049549549549549,2.0672952609311324,0.6674678123276075,0.11011004127204538,-0.09623465357688232,0.1694886647934517,0.44240955512977864,-0.01281365424917763,0.0037537286247418017,-0.051585045148069567,0.6741833485885915,0.007180735769272745,-0.0038368234384412317,0.04688405653060979,0.05070068906215068,0.046365335888974846,0.014688249200318757,0.13818315761894392,0.043886515979258106,0.025520457852760848,0.006429125106011646,0.10829385707870195,0.029704172742375454,0.02084624940399287,0.004316211334751507,0.07215295358515497
232,1202833,TRUE,0,0,,150,11100,74,74,74,53885.928498316985,22,91.01062202453613,0.49882882882882884,2.0669954679622,0.6545567078068943,0.1183557274390415,-0.09500692596007487,0.08816238313325096,0.40822324567897367,-0.02054764632426349,-0.0028606608634127503,0.1297141556434491,0.7215540356176964,-8.675932371989744e-4,-5.448727610084342e-4,-0.015632207357084874,0.052230740161653015,0.04269889865538844,0.015248957825241731,0.1315308466692891,0.0453590616821451,0.03110297102403542,0.007385716285393727,0.09843197403749653,0.02726728665113448,0.018223367799451044,0.004050454065666596,0.06348522184886604
233,1202834,TRUE,0,0,,150,11100,74,74,74,53994.05547965632,22,81.926687002182,0.5112612612612613,2.066779497706693,0.7239377451224122,0.11224464540092983,-0.09310139482127686,0.04306086124561671,0.4445485695951798,-0.025200475160052162,-0.001279936766581872,0.10859658946574922,0.666281221176939,0.020117513332144288,-9.788413646559515e-4,-0.018050478816321665,0.048101204647079995,0.03656118071425949,0.013676990425640701,0.12874644080610087,0.04582792854354547,0.02703642761922765,0.0066516910864128824,0.10785822727582449,0.030916700401376507,0.021313691493355918,0.004353108746879299,0.06871215782546114
234,1202835,TRUE,0,0,,150,11100,74,74,74,53617.83988797018,28,135.05993795394897,0.5023423423423423,2.0669229188446026,0.7571662539323011,0.09937071882941376,-0.08987349837562703,0.02568543265038517,0.2727450666554052,0.06858130644920711,-0.0033244902562812925,-0.03797938637714928,0.6725776122118919,-0.028476711165945245,-0.0022930953669676496,0.13362737015697276,0.04496088522158665,0.03345598871408394,0.014758535804655087,0.1226536815262561,0.060535895264047235,0.056139403677254465,0.01122741338147271,0.10234618719501307,0.03148773537750395,0.017530133016079134,0.004130474687727406,0.07044392982113724
235,1202836,TRUE,0,0,,150,11100,74,74,74,53861.265740070245,26,110.66139101982117,0.5058558558558559,2.067284149497694,0.6699262035924509,0.08423657194239971,-0.11105158418532488,0.3451148368235425,0.3890569469378136,0.07738958004821352,-0.0068395668651125875,-0.13926946908198362,0.7337852354164068,-0.011368303495248769,-9.937504937691652e-4,0.004122912268791208,0.053652868452130714,0.03987980808353189,0.016853529629950806,0.1219817604031389,0.05065825105561265,0.042039070352744255,0.00930244897434171,0.09376492880704662,0.02702316241044181,0.014181806369427504,0.003581183817452103,0.060804133645727294
236,1202837,TRUE,0,0,,150,11100,74,74,74,53699.90185651826,23,97.78297019004822,0.5057657657657658,2.067537684987777,0.6383990360004698,0.050227883051611306,-0.09106239762598424,0.21570025160637551,0.4420496442589911,-0.04404054040540457,0.0044928719243415224,0.009576882387577585,0.697809069634957,0.06773011810539749,-0.005992719365555404,-0.13643268298321168,0.05421196121138734,0.04459979282014002,0.016804290227014514,0.13610181623383888,0.04486397140000343,0.020980477378617086,0.005613346200648039,0.09885039874312,0.028756082150248715,0.02292229443556566,0.004779061634953345,0.057342493422047454
237,1202838,TRUE,0,0,,150,11100,74,74,74,53809.79046851453,25,81.75900888442993,0.5073873873873874,2.0667615717800496,0.5722412723588152,0.08499090254019502,-0.06595898662221303,0.04484701772551233,0.46859853611242436,0.0357078000510399,-0.0211706162493255,0.06190490590860777,0.7148283469583578,-0.009363610479658552,-7.296889807516574e-4,0.035021409642536375,0.061016072796757505,0.04006739118077769,0.015472703719650597,0.14933503101154877,0.044865553185693026,0.033742789551671114,0.008561378603125247,0.102326673057027,0.02781283636483126,0.014038104605809551,0.003419454221891724,0.06316391464478628
238,1202839,TRUE,0,0,,150,11100,74,74,74,53785.02574126487,23,113.06444096565247,0.5051351351351351,2.068009435597196,0.6632476695778864,0.11963010208474514,-0.10336849926344976,0.2584610147674221,0.3711190161849157,0.013455182407181344,0.014500757293353357,-0.18542240851069636,0.6966748212395767,6.191868563436603e-4,-0.002012751622701103,0.008877882026475992,0.050032673040357085,0.038620190621204406,0.013519101968001325,0.11766377017078834,0.04874354211557967,0.029757434343137528,0.0065443024796036,0.10550672780191715,0.02859068850605444,0.02008691080945807,0.004576184142349355,0.06774986990041261
239,1202840,TRUE,0,0,,150,11100,74,74,74,54165.887857765796,23,96.37575817108154,0.5063963963963964,2.0667912940625985,0.698630516267347,0.11753138959031956,-0.09241169724346363,0.14994089539642458,0.46529702202412965,-0.06208627976304578,0.004108485829022731,0.11353062974092254,0.6967784765778848,0.03886778406497927,-0.00564636523100293,-0.07946365787241177,0.04907577334167751,0.04471543740531266,0.01518179925672062,0.1328379815509968,0.043933246567569396,0.021973312411654213,0.00565858720792204,0.10949023090593991,0.029000320602633533,0.024476914168497406,0.005259918829975947,0.07130704279901119
240,1202841,TRUE,0,0,,150,11100,74,74,74,53655.815032220504,22,91.79463601112366,0.5073873873873874,2.0666844899958203,0.6928340008479243,0.04716939470740396,-0.09016406400273871,0.3035205492796674,0.41757104023112196,0.05856600607787318,-0.006489029865170772,-0.13511592159345726,0.6590760343543605,0.008103598794678202,0.004996297337378599,-0.05205065860803397,0.0478600680840042,0.034243116875774464,0.013039471406992485,0.12398823468307116,0.04563860169140473,0.031956482363517016,0.007763850057041162,0.09742005829536715,0.028569967026826286,0.014746573343017046,0.00355120009943188,0.06432474834305413
241,1202842,TRUE,0,0,,150,11100,74,74,74,53751.21988352957,26,81.52719712257385,0.5027027027027027,2.0669482238861745,0.6391867662062054,0.1956711137179005,-0.1000197142689625,-0.04649459066496346,0.44980393151929604,0.0072455821616050735,-0.012499860096377095,0.05618983025430857,0.6738202450896221,-0.008905783948637128,1.1555769753435106e-4,0.05527477147045377,0.05337585125708428,0.03765421623571787,0.015201873712818571,0.1211497954080578,0.04388194273496027,0.031571457951359405,0.007923586538327438,0.10250242237271744,0.02934925667894939,0.016389233252344246,0.0036345939558151226,0.06623792385879484
242,1202843,TRUE,0,0,,150,11100,74,74,74,53687.70139632871,27,131.42166900634766,0.5028828828828829,2.0669188789213573,0.6276460372664695,0.05720780348797535,-0.0901101323848807,0.2881773150687425,0.4253470840453255,-0.007728894093226077,0.0028884454505470718,-0.0517095757169635,0.7169301051123531,0.03790759423049795,-0.003216680563363843,-0.11802729101986256,0.05399446814960683,0.042220813450158774,0.014152758758230048,0.1335195181985563,0.04419388061882811,0.030342734813544832,0.007397561439538779,0.10738050624817436,0.02688709120005109,0.023182028706856213,0.005186966585164452,0.06208283878927696
243,1202844,TRUE,0,0,,150,11100,74,74,74,53991.35060705493,26,86.28115701675415,0.5016216216216216,2.066719490384988,0.7015431566883733,0.04905387732488181,-0.10339183057656888,0.32137719980113316,0.4132699896201993,-0.01834681615325341,-1.5698199737887553e-4,0.03227758913738113,0.7184730316674939,0.007656189480138158,8.430103955202516e-4,-0.03515544879790441,0.049782961147857276,0.041538596728963775,0.014891755246761519,0.13565585028908714,0.047741020763466264,0.03800425953478311,0.009106910468318843,0.10566726708876681,0.027805736028089036,0.023689842096282134,0.0050832609413984636,0.06440874883518034
244,1202845,TRUE,0,0,,150,11100,74,74,74,53746.51268303397,26,81.50875186920166,0.5013513513513513,2.0670460887076234,0.6612146947676184,0.06395576363654618,-0.07320687095824777,0.13588574174539098,0.3483784807308777,0.0582455312306642,-0.023806595529567074,0.04148769447431901,0.7295966473189418,-0.007830016248659175,0.0017455741636861562,-0.028806747047293746,0.04967631595659385,0.03365540263949268,0.012809632468488328,0.13228332671320037,0.059902186485185596,0.05492458383182304,0.011854991149248973,0.11685695476113098,0.027131273923514717,0.014219252072695357,0.003298381609042923,0.063139631186629
245,1202846,TRUE,0,0,,150,11100,74,74,74,53867.18091233728,23,77.46933102607727,0.49873873873873875,2.067387521654867,0.7539025822464315,0.1008896179974452,-0.11106195372626805,0.28678275713409307,0.3476754764592233,0.019711393734331124,-0.008223118904056116,0.05610307528273332,0.6721674067216123,-8.362678375118201e-4,0.009572222361652566,-0.08633568275497787,0.043881352330196625,0.034928353038068405,0.014366640502297422,0.09898245606060573,0.051629654955157735,0.03553616736284868,0.008389600031076964,0.10365620211593515,0.028341196020884297,0.014192687227120651,0.0034350307958229504,0.06235781468331859
246,1202847,TRUE,0,0,,150,11100,74,74,74,54020.66435495589,23,87.62145400047302,0.4999099099099099,2.0669066366420643,0.6733478306505505,0.09953643083152028,-0.0869042298265837,0.09308321666283784,0.355362994303738,-0.02305736121174143,0.011202745585323767,-0.024806742693534396,0.7092894336122131,0.018878067657517587,-0.004823382875867014,0.00843047598205163,0.04950236754246154,0.0400864500275687,0.014321498410714494,0.11956581043632458,0.04989102913078123,0.02812091933880902,0.007071168273286238,0.11102343296970771,0.02875692575080504,0.02401646558988716,0.005306827163083614,0.06363291039619735
247,1202848,TRUE,0,0,,150,11100,74,74,74,53695.03408142186,27,88.3376829624176,0.5017117117117117,2.0668927850012397,0.6754654955482429,0.14637593250627917,-0.11881684957258899,0.06436293769085641,0.4580782816642551,-0.04336478699125931,-5.219905354577549e-4,0.10045529784775886,0.7047671064073017,0.005922697115360317,-0.005705399431573258,0.04337449034436154,0.052709635971657655,0.04365759639551226,0.017749965958979298,0.13620126222087497,0.04348409000075965,0.02605313523449328,0.00658016466534272,0.09987411332533863,0.028099656748062144,0.022126077274180044,0.004671014292742463,0.06341923031471808
248,1202849,TRUE,0,0,,150,11100,74,74,74,53876.08474954874,24,100.08159017562866,0.505045045045045,2.066844244360103,0.7556369664127756,0.1766489401485674,-0.1339167610301458,0.23082629144245403,0.3203402455815436,-0.03683916914602138,0.006949336343661158,0.152318110119907,0.6873676897846371,-0.0010467282793716719,0.001599687372370076,-0.025958521146753726,0.045171566049495016,0.04011877478545341,0.01693413156745765,0.1125854074771503,0.051853299671340405,0.032224686878928765,0.00719787636341576,0.11419777746611655,0.029518549849144954,0.020446846579413654,0.004625317041068444,0.07076250049653952
249,1202850,TRUE,0,0,,150,11100,74,74,74,53913.27565136731,24,106.36868596076965,0.5055855855855856,2.0672208963751775,0.7255984756130981,0.10683783567807494,-0.09488914489750588,0.13503796567688137,0.3131331301385993,0.06830921109265282,-0.004183163524919301,-0.08337789264919894,0.6871728036194701,-0.03167824738735466,0.002591627532390527,0.09273278031256071,0.045130059743040005,0.032480734789890324,0.014063134701544171,0.10943620419279851,0.05502168592409432,0.042170905299781895,0.009528495536859203,0.10387075675058936,0.028983069101128935,0.014238747289700775,0.0036254125025345957,0.06499974633540852
250,1202851,TRUE,0,0,,150,11100,74,74,74,53745.00858509057,25,93.02729201316833,0.4993693693693694,2.06697512679328,0.7071234209552525,0.07485427914734483,-0.08106350012559974,0.14868018975538388,0.46311491625287043,0.004863095089657677,0.003993446617863063,-0.11334870107086227,0.6629912688326624,0.008115593152497203,-0.008149180650218508,0.07133422010776241,0.046427963487675375,0.03528160244358128,0.012749122958036586,0.11308712370534946,0.041173374468975926,0.02697189557853867,0.006711381943750559,0.09323197989079794,0.029958938033686,0.023294700182938465,0.005217651835187647,0.06638574997990898
251,1202852,TRUE,0,0,,150,11100,74,74,74,53945.46536903912,24,106.63242483139038,0.505945945945946,2.067265110841345,0.5881272176318767,0.09326778800593143,-0.09130699375963335,0.2634408857067678,0.48182718110432815,-0.05388141280330104,0.008140566774813607,0.033574337111638625,0.7152609139032686,0.032635650163531725,-0.012106832466288455,0.014944064215004695,0.05791463241325134,0.052240783736395256,0.01870978205461323,0.14554547980743404,0.042529889715341586,0.020075526755051008,0.00531610098664371,0.09920108521368227,0.027495582831876805,0.022471431823679104,0.005099527258239737,0.06465138141813176
252,1202853,TRUE,0,0,,150,11100,74,74,74,53536.90098102209,23,85.73293781280518,0.505945945945946,2.067069985330909,0.6472001912040374,0.09543049472409638,-0.08223977274824804,0.20746685891911473,0.36234005760373145,5.817232007569375e-4,0.005717025507634923,-0.023116124120034158,0.6918353608427283,0.011255067726660697,-0.001651318540523201,-0.060654969567501084,0.04954081443656661,0.03481207654899846,0.01233432345331539,0.10856224645174145,0.04873194323541475,0.027786724617987375,0.006643155348139278,0.10766321120134197,0.028134324893551263,0.01730723533431299,0.004133181201980987,0.06398541856278658
253,1202854,TRUE,0,0,,150,11100,74,74,74,53779.366780556644,22,84.6841208934784,0.5045045045045045,2.0671550592373933,0.7322425693653275,0.12120598624193464,-0.088547351288070425,0.05373299330666814,0.42241392536526207,-0.004093003773715822,-0.005797615087924709,0.0812378688885108,0.6353076956834918,-5.709533990019972e-4,3.485954931476078e-4,0.04720299561354326,0.043503837736292524,0.034472046808865,0.012347759391894067,0.12497885134350757,0.045723302100521876,0.030517608697075836,0.007817222833885428,0.10660688330510834,0.031102143033101125,0.019426442617376603,0.00416358906822421,0.07478068926156348
254,1202855,TRUE,0,0,,150,11100,74,74,74,54108.52884328346,25,88.46022701263428,0.5004504504504504,2.0668067273678843,0.6070688366070707,0.10418998271772548,-0.09700888339983685,0.27644855454343603,0.3721776057665261,0.009694757401378117,0.014123575014795183,-0.210600459893703,0.7636814177680419,0.00923506250789181,-0.003881792321438775,-0.03641605889130647,0.057332075634783396,0.044558528480683486,0.01659182995570043,0.1260887215580435,0.04905253826675646,0.026475044434724506,0.0069955983099803005,0.11511793760541758,0.02643309464833759,0.017600487500153597,0.004597914764804685,0.06150268574343999
255,1202856,TRUE,0,0,,150,11100,74,74,74,53887.2141964736,24,92.56019806861877,0.4993693693693694,2.0669657651474456,0.7694179535783727,0.06666827727571503,-0.10444879874606369,0.26070214841889294,0.4293842535575153,-0.02432931444179925,0.006355288842890371,0.013917164747130933,0.6426417703465916,0.019971144936773193,-2.164100510441599e-4,-0.010745070060105333,0.044132470224343995,0.036240760368280896,0.014360944871924231,0.12729736061295743,0.043665445620156645,0.025586473457681315,0.006821435393693677,0.1038725438114432,0.03168081479443262,0.02336313147445276,0.005140469381573546,0.06986196724198941
256,1202857,TRUE,0,0,,150,11100,74,74,74,53532.54918338464,24,91.61558389663696,0.4984684684684685,2.0669919849724314,0.790708744520016,0.07872333642556108,-0.09914553553675101,0.10850963657406582,0.33632901074666216,0.023484987147338036,-0.003954502821554914,0.0642706393361965,0.6490108284773023,-0.007245348019970395,3.829289575668295e-4,0.04421939862782302,0.04164819631278571,0.028872157354703335,0.013410997469776972,0.10486419913433663,0.049833076707513205,0.034412454321350455,0.007475009980333267,0.09648548122217435,0.030399017331002566,0.016008267166511242,0.0037808845611955913,0.06382632239957446
257,1202858,TRUE,0,0,,150,11100,74,74,74,53865.873730274485,23,90.39330101013184,0.5025225225225225,2.067849458849317,0.7079359680043359,0.058512290973733914,-0.09192785987074924,0.24594831147995364,0.45325398692511326,0.01169644450603459,0.0024809867792823593,-0.039890627804856124,0.6658421010467086,0.006214872761500817,-0.0037044069373588164,0.04218595878335353,0.04775437870921831,0.03789094091421635,0.014532450904090619,0.12172582968081455,0.042281630012055975,0.026816695721446137,0.006496321047114819,0.0896680220083884,0.029780895052416843,0.02007720825646092,0.004476717856972224,0.06526276691308333
258,1202859,TRUE,0,0,,150,11100,74,74,74,53878.82688697483,24,90.1224730014801,0.507927927927928,2.0670070949843953,0.6882178590304461,0.007554479493893625,-0.09595462693673935,0.4251298803917838,0.45504205586411123,0.00852055161677337,-6.719085559586031e-4,-0.07393734342224047,0.695667019756812,0.03698130809095256,-0.004066287091832527,-0.06644468372006679,0.04837418065180991,0.03713115159930603,0.014103553431108588,0.12752051441421897,0.04343926597646206,0.025135289199266456,0.006755615912980147,0.1002954654034014,0.027679083730293604,0.01835157684303727,0.004322443085013367,0.06143600348629781
259,1202860,TRUE,0,0,,150,11100,74,74,74,53935.50112598129,26,91.00542998313904,0.5015315315315315,2.0671714863766284,0.7315814606569429,0.14126990876182807,-0.14856106348655235,0.35541215375978913,0.3987206754940832,-0.03371955675083376,0.012571816850151463,0.0542915113104215,0.7026388680252422,0.019192508608316037,-0.00599731728090863,-0.003930406137945676,0.047450117659752114,0.044001395796810616,0.020258436384548696,0.12035878962798927,0.0454101431616132,0.02314727382088899,0.005061605257785184,0.09035378597390074,0.027886110508256134,0.02159976462893731,0.00483014555379396,0.06067055421917534
260,1202861,TRUE,0,0,,150,11100,74,74,74,53861.74875990039,25,90.4916820526123,0.5066666666666667,2.0679161090298446,0.7384023288776683,0.11289718561428842,-0.10305488434630913,0.11808671644520047,0.43376137228077877,-0.02519783865836479,0.0036461101424763343,0.004418026115735006,0.6762162764658421,0.020751801338135402,-0.005695205667467815,0.013931109057097067,0.04706052100960333,0.03604354205382616,0.01325274308215399,0.10966480485117253,0.044238238158331465,0.02284198549892072,0.005553590244905874,0.09716150918778058,0.030396080402176166,0.019248423960719734,0.003969776109724057,0.06298428411971115
261,1202862,TRUE,0,0,,150,11100,74,74,74,53826.705965487214,24,89.98968505859375,0.5003603603603604,2.0670684128622723,0.7105111650139392,0.09103853912174742,-0.12589202137532213,0.4215929262836887,0.4737714655441383,-0.03015419555219652,0.004158561147130282,0.07030317733471218,0.6783095595095241,0.014992450581236109,5.73889330130969e-4,-0.06669464299942648,0.049219602460435864,0.042171223013999386,0.017014786915864426,0.1218168063427675,0.040971514796294496,0.024817699314359697,0.006000499070609321,0.09082029090201701,0.029521602085919998,0.020856259352126195,0.004654743558841882,0.06531495186142441
262,1202863,TRUE,0,0,,150,11100,74,74,74,53897.27004369468,25,108.4548270702362,0.5021621621621621,2.067008562870372,0.7035439712431145,0.1753056474851409,-0.12643706863537732,0.15773102783895784,0.3774901281644495,-0.05071343706449828,0.009252219504736087,0.12289310003571688,0.6934858172273997,0.026766965146650668,-0.0019524634799315832,-0.06820748563591063,0.04834175415065537,0.043996008633944504,0.016668674465535868,0.12781981468307213,0.047954055676023864,0.024482020813305836,0.006057312221654223,0.10868700458608996,0.028622781205385778,0.021293881902086656,0.004744628888664022,0.06784029822817664
263,1202864,TRUE,0,0,,150,11100,74,74,74,53765.690983276734,26,105.79377102851868,0.5075675675675676,2.0672029480871363,0.7757824952059691,0.10799453387962048,-0.11329235202534194,0.2370605274968835,0.32087477447781476,0.08151615532026982,-0.013343710853267845,-0.04473335294165276,0.6665668904832255,-0.016799038108250307,0.00369615544261519,0.03946647716197657,0.044280504724659886,0.03451071647604907,0.015098438934772918,0.10677302287392958,0.055809310576836975,0.051556389087725384,0.010836189048234107,0.10697887791038396,0.03045790240807988,0.014510017850323038,0.003515276058461313,0.06703137885636212
264,1202865,TRUE,0,0,,150,11100,74,74,74,53687.954935721085,23,106.53084588050842,0.5047747747747747,2.0673754541761507,0.7408593458594583,0.05941084243442728,-0.10186537666953971,0.2694025519961105,0.34690316466085086,-0.030742619338422133,0.0066824846425653835,0.12137449606952225,0.6743220182966405,0.03019132058629714,-0.0035227675277534494,-0.04810091021637055,0.044823942129111116,0.040553159146137795,0.014821884400126068,0.11986293180183344,0.0476374287789889,0.02908785084027269,0.006740531207207066,0.1029406942298715,0.029112527919994233,0.024726312970438417,0.0052621043189813275,0.0647327146267475
265,1202866,TRUE,0,0,,150,11100,74,74,74,53877.44502171973,23,109.03031396865845,0.5018018018018018,2.06842956916524,0.7741017102688507,0.02380230828146871,-0.08436056994123686,0.23878979570829642,0.3918814124818438,0.04356923951227931,-0.0037406446906407894,-0.13174575225665663,0.643491048137592,0.010388633643752422,0.006823599053133469,-0.04667112241391347,0.042679524099482745,0.030836006300931258,0.011741699311164078,0.12660365321867195,0.04871857925474879,0.03843811535186264,0.009374565490949307,0.11317554217645638,0.030750053456001687,0.017662314312306075,0.003925662739274239,0.07047440636414073
266,1202867,TRUE,0,0,,150,11100,74,74,74,53986.83427654708,25,105.26757597923279,0.505945945945946,2.066825177962558,0.7172181465073991,0.0845482201260275,-0.1171125971056114,0.29346957989074635,0.334673479354522,0.028600920991371924,0.00567646780250765,-0.08656169248988087,0.7284844351982722,0.009539171706473925,-0.00430777794413931,0.012457462060162811,0.04945293437977467,0.038554394503568935,0.016357754303267347,0.11917861043688134,0.05112351348318478,0.03142312794050129,0.006742299225107627,0.09875025977237907,0.027912210609668843,0.016699907597251897,0.003837986289345558,0.05938560677964768
267,1202868,TRUE,0,0,,150,11100,74,74,74,53591.024046608785,26,109.76639485359192,0.5089189189189189,2.0667831629299145,0.6613202203720202,0.11912642409047391,-0.10813213994206379,0.2807208862977375,0.35072676207719883,-0.05294609793573041,-0.0028678851836879985,0.2677353375535481,0.7074132980330683,0.015117557515050326,-0.0029542274650378674,-0.05320804833722187,0.0528609188606759,0.04269501687755462,0.0159820543565134,0.12095396993885253,0.052194218202520175,0.030707124368347275,0.007601005016257307,0.11185597723394426,0.028676736354204736,0.021515616203345196,0.004847679105596207,0.0668629546580662
268,1202869,TRUE,0,0,,150,11100,74,74,74,53460.76500995463,25,108.4667661190033,0.5087387387387388,2.067145228265296,0.6436103765850483,0.07662723635490162,-0.08611834760264452,0.38482375197707297,0.42825971021699566,0.07533971666353537,-0.011122458152439,-0.2006398711651964,0.6829865119373574,-0.01296445981517151,0.0032367119906646148,-0.06073136038665076,0.05148144417727602,0.038992561645886416,0.01174221800201824,0.10503219220797413,0.05057725919228371,0.049811631325857066,0.010745253175776799,0.10059359221921857,0.02816414602648972,0.015706943551901963,0.0036803852689547794,0.07137097268054511
269,1202870,TRUE,0,0,,150,11100,74,74,74,53689.49975815033,26,104.15500903129578,0.5026126126126126,2.0670988193298245,0.6340986498559813,0.18725465452455142,-0.12139428840245636,0.16624672131452087,0.39404535480386105,0.024528888088116266,-0.00881871172825976,0.04251189894815175,0.7071499405601533,-0.012732643984745735,7.753515691315895e-4,0.013618437016178164,0.0533880085046243,0.04799171222348912,0.01802278839719446,0.12263715569837301,0.04687849289678282,0.036784062324354286,0.008291722336782074,0.09892042035461188,0.027365040589321175,0.01568069782477976,0.0036095973236526776,0.06602513007649936
270,1202871,TRUE,0,0,,150,11100,74,74,74,53829.79909298928,28,136.07357096672058,0.5026126126126126,2.0666922765936913,0.664906888798667,0.05057448659131409,-0.08385393364621065,0.3064145369442253,0.4149910239313528,-0.0014709902913875568,0.0023209774267103052,-0.0580204948391218,0.7068984474468116,0.010782672296691016,-0.0019791407737918946,-0.040364696115655525,0.050017635094371675,0.03788499248912876,0.013291610188148737,0.12433922868678865,0.0447092998237063,0.02710347143906467,0.007615237334288517,0.10993699670875752,0.027493001548915614,0.018191537181384828,0.004475069202941325,0.06550284384180312
271,1202872,TRUE,0,0,,150,11100,74,74,74,53673.436321832705,26,129.8795130252838,0.5052252252252252,2.06704342413938,0.6358557754285624,0.07680046661743921,-0.09145889962605414,0.24886250516320657,0.4296703926402601,0.02540676697512729,-0.003693632246262828,-0.08561074741045874,0.712416990069219,-0.003609922609082878,-0.002964620318162496,0.022827327461197835,0.052180147675304135,0.0379627849913066,0.013619540925223347,0.13570936043898102,0.045472131517385606,0.029933438214077224,0.007982971384547616,0.10787265498358495,0.027184321745811816,0.01578142128082783,0.003922752526146655,0.0648064636723733
272,1202873,TRUE,0,0,,150,11100,74,74,74,53852.551860545675,25,91.09456205368042,0.5065765765765766,2.066819919653623,0.6238834742138126,0.1319647081655896,-0.11911463912110784,0.3010789761292108,0.409390860855748,0.029444203631976307,-4.695714747352177e-4,-0.08866435705346812,0.6960637028987624,0.010516655237734587,0.0011966397957939346,-0.01619867943352468,0.05394396870796276,0.046209019453251614,0.01672087227658702,0.12341219908168728,0.045231814432584276,0.029454378185275944,0.00693546395879182,0.10145005736404013,0.02678624266990149,0.015553982297891518,0.0036082272349874074,0.06134733756443058
273,1202874,TRUE,0,0,,150,11100,74,74,74,53687.49230471656,26,84.88122797012329,0.5036936936936937,2.067071335115149,0.7496377250935691,0.05768798794028414,-0.08052423143324124,0.08838495592311031,0.2763693378772402,0.031461703896022125,0.002905799863223589,-0.027261973255517158,0.6941007452101604,-0.013914189974504488,-0.0024470418959861725,0.07119346477370951,0.04354956079011891,0.03046309696877373,0.012599651798408957,0.12263595251092037,0.055591737031760596,0.03657188503248258,0.007881071616526101,0.10974703588989036,0.029100832955448224,0.016560687032278927,0.0038396567344677287,0.06532531884136339
274,1202875,TRUE,0,0,,150,11100,74,74,74,54067.25785771876,25,87.30324816703796,0.5051351351351351,2.067117014861833,0.6968628853927514,0.09295089544757495,-0.10664577189254551,0.34098142677711035,0.4124428139621261,-0.012772458962898874,0.009530597023345407,-0.1210834408668414,0.7168439008548356,0.01351564178306463,0.0012561277843621264,-0.0831998897381844,0.04874201298534342,0.04455694333288706,0.015581789002520203,0.12106187051548276,0.04706684131793806,0.03130076841538681,0.007179007639413505,0.11092006905664106,0.027812339559070153,0.02274277610603955,0.004996971591297398,0.06641385761421864
275,1202876,TRUE,0,0,,150,11100,74,74,74,53579.113548474,24,89.26789999008179,0.5054054054054054,2.066817587766794,0.6405796974397877,0.18861482102146215,-0.10985452514082614,0.18820900968214832,0.4183709696921295,-0.025685333485729014,0.0030356893235071376,0.04781103556888041,0.6573672434762663,-0.00824605203326912,0.0034504834130763924,-0.018902781023142138,0.05088239502578141,0.043906479544402216,0.01369462908650366,0.10940564200412471,0.044747570519222506,0.02563445481428541,0.006485811033624685,0.10053842965580671,0.028561336893877038,0.017815667889102448,0.00413897250576689,0.07224046932359018
276,1202877,TRUE,0,0,,150,11100,74,74,74,53770.54092725031,27,86.00709986686707,0.5084684684684685,2.0680605336935516,0.6910909635979371,0.04130870533511619,-0.07701906377695616,0.13676436131060127,0.4452069712331696,0.03702077199910015,-0.0176111815556746,0.014416688000138091,0.6983198950731977,-0.009131225347065237,0.004299246558483622,-0.021960872629479364,0.05325447959842407,0.036645759639693645,0.014104419825647578,0.12915601573818927,0.04772012647983733,0.04483788154452672,0.010247910804791628,0.09692953866200543,0.029150607458686684,0.015199332157251833,0.0034490716549896326,0.06265321907705021
277,1202878,TRUE,0,0,,150,11100,74,74,74,54073.01210381657,25,111.77403712272644,0.4981981981981982,2.066742219775233,0.6434287483365441,0.1689044317247001,-0.1158460601476684,0.29583471495778146,0.3825017113979028,0.041520440872494645,3.620069823891198e-4,-0.07139992992123997,0.7219784128247405,-0.02323411169453955,0.005823162664610842,-0.03988620152565811,0.05291475383383911,0.041826902550007726,0.014587038699832463,0.10661929911957996,0.0487048844971767,0.041302329798472814,0.008878261878530847,0.09724468432864755,0.02718726548404581,0.015282284031001698,0.0038556157179822216,0.0684849012591026
278,1202879,TRUE,0,0,,150,11100,74,74,74,53950.77277201967,26,93.7784059047699,0.5049549549549549,2.0680708131633763,0.7182928178702157,0.07202954895285885,-0.09923701216150334,0.1958510967373395,0.4121603471813211,-0.021389558963273696,-0.0019463145371537566,0.10324633664671168,0.6861999604651793,0.01718929021388998,-0.001460507400873913,-0.0066196596515246545,0.04732860382469589,0.033992871361496875,0.014014470998271586,0.11646545370532017,0.046932377139191316,0.03359303447160198,0.007910652074093189,0.09835292077327132,0.029235402075555722,0.023401910251605776,0.0049894581427868,0.059450761836984736
279,1202880,TRUE,0,0,,150,11100,74,74,74,53880.45549676991,24,81.42212104797363,0.5038738738738738,2.0677578095609834,0.691394244462554,0.09181475545610573,-0.07476053442962305,-0.04505273323941714,0.4346090046824232,0.015026949425907845,-0.012433221450944519,0.053422173331743456,0.6750834081940992,-0.010707596030312542,0.001513968355706954,0.061834248998866255,0.050373416376057634,0.03610733216829149,0.013096323647121617,0.1367586520580666,0.04871701091818329,0.04847000285907771,0.011227290150092864,0.1025254254721515,0.030435882822936033,0.01979865227052692,0.004143412833996391,0.06789207512331313
280,1202881,TRUE,0,0,,150,11100,74,74,74,53693.4619542386,27,82.59475994110107,0.5090990990990991,2.0669049263221497,0.694497271390881,0.07801214122245918,-0.08852037943325042,0.2978144463291164,0.34767724202496936,-0.03466278876175766,0.0020917611318891902,0.13504048152774636,0.6971376345830617,0.02527835669720533,0.0013842309695982493,-0.15293151620222534,0.04953001122407899,0.036247499063049235,0.012404616328983133,0.11151488063400618,0.0505091757093735,0.034073357610136835,0.00844138773326171,0.11688006465425872,0.028344925605779597,0.02323153659779217,0.005591168071353539,0.06945101003665706
281,1202882,TRUE,0,0,,150,11100,74,74,74,53852.52725626087,24,78.74514389038086,0.5004504504504504,2.0667466464590234,0.6593547751123282,0.1416439356358355,-0.13276141438716116,0.3697827392758636,0.43407792180928284,-0.025214998569445365,-0.012915388139540254,0.19422704873252164,0.715464625553306,0.007161253473316096,0.005538024303342469,-0.10704014978557175,0.05549970000883371,0.04603352220036975,0.017247747169016007,0.12235145543563125,0.04577031089607873,0.03149444484349692,0.007970661350767223,0.10418520796872037,0.027069630756801324,0.01563160105054053,0.003545208994997731,0.06255294412223084
282,1202883,TRUE,0,0,,150,11100,74,74,74,53591.15292315934,23,106.10033893585205,0.5085585585585586,2.0667968629913807,0.6835056518832909,0.09689758426220058,-0.09721647002635728,0.18812058102953508,0.34782254781058713,-0.02466412407109163,0.010550295719337653,0.007829772775330344,0.6844253714110731,0.007280117809544526,-3.9098265886218796e-4,-0.013277537682039577,0.04854276265712741,0.037684965099234254,0.014140226859162889,0.12737504060762675,0.047952825174899,0.026706672225324603,0.007362931718281374,0.11239155290597992,0.028393978226402033,0.02016399996925479,0.0048337778954597194,0.06741279416215637
283,1202884,TRUE,0,0,,150,11100,74,74,74,53732.30744656614,27,94.45084404945374,0.5027027027027027,2.067036881012321,0.674172689032203,0.076933232237712,-0.09388424864072291,0.22033529376031744,0.3590097403655155,0.12565353693202935,-0.013033005508182089,-0.21275803648362093,0.6955850526272689,-0.02194597544478364,-3.835339115954837e-4,0.08689656845956087,0.05361613609642252,0.043611097110820035,0.015727474681731253,0.12234301089587556,0.06581054888163605,0.06944144552115883,0.013444899826882312,0.09452581811631634,0.029201327473857983,0.015056693347107733,0.0035858708680543924,0.06358390054133775
284,1202885,TRUE,0,0,,150,11100,74,74,74,53929.0872593137,24,94.96498990058899,0.5092792792792793,2.0669121532834045,0.7458720773939757,0.04775800300869151,-0.06716177793079645,-0.019097226131738976,0.41954274182465223,-0.010418804963283757,0.0028899220352108772,0.021577695283184546,0.6513945733414379,0.016522677105181162,-0.005908635041691214,0.07096531282644285,0.043755781741410586,0.034772665357526066,0.012550480723916593,0.13206381822079216,0.04694606040228813,0.02551359760133383,0.006150610838860162,0.09979820963403123,0.03232441771839595,0.02287286909505279,0.00460707982099423,0.06798105911041488
285,1202886,TRUE,0,0,,150,11100,74,74,74,53854.63992790365,23,86.38845992088318,0.501981981981982,2.067673590432469,0.767818006965641,0.0804507543087597,-0.1105197268486393,0.23586748646076203,0.38878240619695703,-0.021976111076166045,0.0029829304373939604,0.07078753484178542,0.6731378416025345,0.023595084463711766,-7.233299224890151e-4,-0.04657196270957146,0.0442069447700386,0.03562342308119081,0.014679467945121052,0.11647377873942047,0.04804229478802917,0.02613579049446622,0.006227268948677046,0.10170117432075385,0.029923154693671204,0.01960912492705206,0.004264794459434716,0.06451908691682497
286,1202887,TRUE,0,0,,150,11100,74,74,74,53849.82581284109,24,95.25137686729431,0.5066666666666667,2.06676430106257,0.719796717061549,0.13473922505983102,-0.1074324387206495,0.17838105542674612,0.4016995499448553,-0.0181800140177131,-0.0018378752046897978,-0.018858756573315913,0.6878701292476015,-0.012435768126975997,0.005260650764937382,-0.012312111184806613,0.04725344935072869,0.035806998811301075,0.01378997243097398,0.11127677606253188,0.050371867671699135,0.03998511599224653,0.010341790626368308,0.1196055926317557,0.02911053962655657,0.02119856455895762,0.004522027335800856,0.06672622780424382
287,1202888,TRUE,0,0,,150,11100,74,74,74,53842.09525466236,27,91.07648587226868,0.49954954954954955,2.067412031404213,0.7552822913934679,0.06207008520710113,-0.09475864368235636,0.21217084789422572,0.45758550315178714,-0.017007430034036746,0.009781206553726251,-0.1764277413926469,0.6601169356628764,0.03267554390369274,-0.001778682316111361,-0.06021733714722582,0.045787883179006963,0.037762150309503764,0.01280320148215643,0.11310801087261772,0.04342123059883342,0.024931484394689948,0.006876010263143971,0.10210823825782726,0.03110763292347133,0.026901692556859213,0.005620438525174171,0.066003122155566
288,1202889,TRUE,0,0,,150,11100,74,74,74,53558.0379570997,27,97.2245421409607,0.5054054054054054,2.066735626510369,0.7160161419250414,0.10149167839599033,-0.11776849907326022,0.20871647543804883,0.3898715169229435,-0.035847044042526144,-0.00432773825140955,0.20272367149570175,0.6668518773490454,0.034803229221788995,-0.0011709142249589446,-0.0676603163834298,0.04735943220253421,0.03949959027184687,0.017426428764413478,0.1384299083568449,0.04542274336846428,0.028879600974199972,0.006903510517595007,0.09841543952042858,0.028939603904642248,0.02312504583509702,0.004752745356274403,0.0627665679538034
289,1202890,TRUE,0,0,,150,11100,74,74,74,53630.030450891834,25,90.57803297042847,0.49972972972972973,2.0667514847369453,0.6261937507642723,0.08286584663623046,-0.08781745184429389,0.20549459800415726,0.35350375358179403,0.03352370612573609,0.0017615136557121306,-0.07477297477645162,0.7184696974679576,1.6205578235329232e-4,-0.005108358703386323,0.030767074785881813,0.05321734533924892,0.03954480860609438,0.014553587294262418,0.1444973853865502,0.04962763869389486,0.036208224265328826,0.007717294881593657,0.10698242975640516,0.027546041141874717,0.017783354906110476,0.004154132523552887,0.0663346556944874
290,1202891,TRUE,0,0,,150,11100,74,74,74,53969.218239633694,24,99.30785584449768,0.49963963963963964,2.0673929444599555,0.7305018866350936,0.10807047391990303,-0.09881545976008824,0.089621417162704,0.4463242196046377,0.006688500949663277,-0.005090140716028328,0.022301937988813195,0.6944613071171003,0.00776335639417772,-5.252970412172802e-4,-0.02766377079083537,0.04917226959873761,0.040447173734693524,0.015421219344693367,0.12031472994979657,0.04430524704281948,0.03017109973652214,0.007113875284692185,0.09636906337281574,0.029928481099297834,0.01771663080284978,0.003991908279777994,0.06505150954073274
291,1202892,TRUE,0,0,,150,11100,74,74,74,53917.78880461934,24,97.67205786705017,0.5085585585585586,2.0668997687779362,0.7085796061595484,0.2004107433626346,-0.12044410725744027,0.11896706037110967,0.4049050587017834,0.003974662912495553,0.006633287491355883,-0.09275516721641258,0.7019907317627706,-0.029980312293958908,-0.004479315883583182,0.11603942621699434,0.04995061262739163,0.04016772185806635,0.014169932738601666,0.11151210387625687,0.048085495709702455,0.028179933373301116,0.006497441121625883,0.10384060362314286,0.030593135818613542,0.017660147526302458,0.003982714528349433,0.07214379614713189
292,1202893,TRUE,0,0,,150,11100,74,74,74,53699.52844110299,24,89.51584696769714,0.5039639639639639,2.0668369784958336,0.6765045811221182,0.06944985040356337,-0.0773583827335462,0.08539406034793671,0.35978640827087066,0.055469700075393626,-0.011554595545406731,0.01757017789588932,0.6828484042316736,-0.009756725307064947,0.0015686072813916878,0.03703937033311663,0.0512300619962651,0.03226122954746956,0.013913489995663096,0.11979140753954416,0.05165851782533289,0.03830560459008959,0.008433374329547083,0.09396145385063824,0.028482294008985456,0.013876145252569241,0.003381902671947429,0.06042406794568269
293,1202894,TRUE,0,0,,150,11100,74,74,74,53770.98601211307,25,102.14624214172363,0.5067567567567568,2.066669459713254,0.7227341157900523,0.16841269996130076,-0.12677514195249,0.23433166155782378,0.3424183164496879,-0.021595508661977025,0.010005814235168197,0.05878522588535631,0.6700332735459391,-0.00306333284880251,0.00519448593682797,-0.04340295857724926,0.04724497623573302,0.039153568452606896,0.015366375474932545,0.10293698194835946,0.04906346953679616,0.02714951440759046,0.006489084948746868,0.10199018356379005,0.030054041172201684,0.017571516373964067,0.004118072747282874,0.06794838150390718
294,1202895,TRUE,0,0,,150,11100,74,74,74,53565.616242096155,24,101.21821093559265,0.5045045045045045,2.067011429853801,0.6015704472762587,0.1340010977005341,-0.1138496592611041,0.2892321965299836,0.38255667895215706,0.08048296762755437,-0.012390622678442188,-0.06712223000082362,0.7160167650910367,-0.021427714244225522,-7.334876236761433e-4,0.0489168053530248,0.05464812669070435,0.04622560318991622,0.017861624127451025,0.12435167308108155,0.04996500369040541,0.040937363844965206,0.008345338085657426,0.095682698286192,0.02612618711773857,0.01341023916800901,0.003230161034282404,0.06123321003105201
295,1202896,TRUE,0,0,,150,11100,74,74,74,53836.08363358429,25,88.53573703765869,0.5036036036036036,2.0676674271649973,0.7631887377332516,0.12922036458238523,-0.10397012505729987,0.09686818194446854,0.3898209227517442,-0.034296892706400156,0.005590165096316647,0.07293544552177147,0.6393492297060505,0.01384031104068447,-0.0022323834339145264,0.033644425187987576,0.04328890935418981,0.037018760451022356,0.0135774351139997,0.11141245220406946,0.04663450128227232,0.026989072445416415,0.006748084316428142,0.10401294489388652,0.03130953575778447,0.024850900988749584,0.005204135983872655,0.07028531469482233
296,1202897,TRUE,0,0,,150,11100,74,74,74,53765.865992466366,22,85.4745659828186,0.5041441441441441,2.0670008867495957,0.649809760066422,0.03706586574412253,-0.07189636362426753,0.1953472276625135,0.3504749657125973,-0.032493359488219554,0.004410385644741673,0.18006863751903704,0.7066382039532828,0.035655113880141434,-0.01151898560849953,-0.002057085074860533,0.05031929792499365,0.03765400690424199,0.01212882626964288,0.13560416588407956,0.049066827389088394,0.023285648245250343,0.0054567687656201305,0.09947959585628963,0.028415656338840058,0.022995864575497755,0.004868223411634474,0.06257873331683637
297,1202898,TRUE,0,0,,150,11100,74,74,74,53791.09852335491,22,92.80630087852478,0.5087387387387388,2.0670617803925477,0.63848436492556,0.17321598316529116,-0.09007747239865944,0.041063250798860425,0.33730900134324476,0.0044692659842502135,0.0038630313300755652,-0.059102884881877406,0.7064597810933952,-0.001830236961155692,0.0013679954055327212,-0.027803626716746424,0.0500563448371482,0.03795521785606292,0.013536947122517533,0.12429468914772382,0.050250198445243276,0.03415149920490882,0.008436236729595117,0.12397079868440179,0.02729182771611147,0.017730057640248733,0.0042319290956441885,0.07077941379278808
298,1202899,TRUE,0,0,,150,11100,74,74,74,53606.55995352061,27,94.47422909736633,0.5032432432432432,2.0668923743431304,0.6948964201954628,-0.015843889066517926,-0.07604393300410005,0.4100423900316006,0.4515453958963668,0.012005722078475759,-0.005967620067837047,-0.05509023560368584,0.6516878685833435,0.028289133276680478,7.120122225322992e-5,-0.06875874537511643,0.048473551025708175,0.03262963312827678,0.012485765667057258,0.11576142938569076,0.042493137143207044,0.030103097902716435,0.00781856837831859,0.0984579496557882,0.02910218027258241,0.019976322482292055,0.004563624585737157,0.0628572421858005
299,1202900,TRUE,0,0,,150,11100,74,74,74,53889.33658375364,23,89.3090648651123,0.5018018018018018,2.0669750209261264,0.6452877277822667,0.081080101164823,-0.07919454381953159,0.1854896637074439,0.41868485003581013,0.004323517866039535,-0.006131232753767592,-0.008885274539388375,0.7097596204952746,0.0030928554065593403,5.289088952037753e-4,-0.02953440527739322,0.054652543000209976,0.03765432935390923,0.01330980912845065,0.12188755045740927,0.04725589159009075,0.029744786193969277,0.007807897371340292,0.10990791015092441,0.02816987797085822,0.016028670820237963,0.0038351963606001235,0.06289347915704141
300,1202901,TRUE,0,0,,150,11100,74,74,74,54086.53060574443,25,106.15652799606323,0.5058558558558559,2.066754772206605,0.7011663933781502,0.14301267193667416,-0.10433113161656739,0.2176202592238502,0.4841436329239021,0.036192220141513375,-0.00667657700951105,-0.14381720737222925,0.6693679193998191,0.006775859482331172,0.004067917177469314,-0.054242411522793556,0.05200010040445493,0.03734941467712228,0.013658714816691146,0.12290612710246317,0.04573406493199762,0.03830088016472965,0.009337404604713053,0.10979203389985727,0.030451897740012075,0.01966069750167669,0.004173004169143883,0.07564554009494835
301,1202902,TRUE,0,0,,150,11100,74,74,74,53893.44853792723,24,95.5867109298706,0.5077477477477478,2.0668385281056394,0.6478765572810748,0.08201966251882206,-0.0970810615551361,0.391851314460151,0.3786429390437789,0.04693791312725068,-8.014361661629565e-4,-0.14022371200259007,0.7272430472144268,-0.009905483154069635,0.002873453494100139,-0.05583908258233057,0.05277088801894475,0.039781080432005685,0.013011519677172978,0.10875730245615688,0.04814986696654493,0.03766944587457453,0.00814405650808019,0.10194800997624116,0.02668496518070541,0.014991684689126126,0.0037008451819054047,0.06416368202554153
302,1202903,TRUE,0,0,,150,11100,74,74,74,53716.763288305556,25,98.13326692581177,0.5043243243243243,2.0667107521534946,0.7664513801392566,0.07403170699311298,-0.09807178900684617,0.20092586349553512,0.2523151037583188,0.18056820868478105,-0.02847126916560498,-0.16571534047234887,0.6705111472112225,-0.04655132026160627,0.005465280777658565,0.12533858307344528,0.044627910254291234,0.031136342314356726,0.01277065249684153,0.10631188556209321,0.07057898097302609,0.06619577686453298,0.012735086454767367,0.10251798218670855,0.029645191268677498,0.011976635986319244,0.0029761918306839344,0.06493344942509521
303,1202904,TRUE,0,0,,150,11100,74,74,74,53586.62423928813,24,113.36141204833984,0.5013513513513513,2.067036742100693,0.6903822625180973,0.005823797362301603,-0.0677306905548298,0.274003376663758,0.38379285478139563,-0.030726557266844236,0.009873989856214483,0.009630518209225197,0.709014315039244,0.034617912531762,-0.009491211185109334,-0.07948150158203265,0.050458952580502515,0.03610997988524271,0.012155298048005981,0.13091684780069426,0.04719661256549587,0.02278611174163523,0.005237618521404503,0.1023830685537532,0.030146552010565812,0.0231416411880397,0.004907242808434256,0.06768981529952167
304,1202905,TRUE,0,0,,150,11100,74,74,74,53980.78628001419,24,120.46952700614929,0.49945945945945946,2.0668504945404647,0.698172337791794,0.09990111364202212,-0.10559058136862162,0.29050665767707995,0.35342841695367544,-0.020573593269301572,0.005940743245987238,0.06535694283800109,0.7103959703827453,-0.0010793949306979191,-0.0013703170597943884,0.008177898721523658,0.05061935594179418,0.03972114567887451,0.014137396623095624,0.11668969637692261,0.04931907142968084,0.030881185571738936,0.00775700896896075,0.10540904651684566,0.028434877072382327,0.020565850268178767,0.004942345668797287,0.06595439282995848
305,1202906,TRUE,0,0,,150,11100,74,74,74,53792.94242507521,23,122.83530807495117,0.5039639639639639,2.0671984238892795,0.7260324122723991,0.11242802418495652,-0.12950315458045156,0.23805359568496345,0.4545534529476985,-0.026247420024374458,0.0066563342060614325,0.005589470017622095,0.6455778158261531,0.01526239565633131,0.0014460153035084054,0.01108092549748221,0.049027685037163524,0.03910779375589163,0.018375539969794304,0.12074589795104533,0.04272393240372292,0.02232880731857799,0.005915609022648138,0.09152040243856442,0.030160427590006637,0.018922037380195458,0.004163463335517918,0.060260025777459716
306,1202907,TRUE,0,0,,150,11100,74,74,74,53704.21075804322,30,107.86266016960144,0.5054054054054054,2.066911241180878,0.6688133758263262,0.0807832183636905,-0.09257375122222374,0.15028293335419787,0.4151554881465165,-0.021920027554895746,0.003088614373966177,-0.0064840080208125195,0.7005870327963131,0.028466775864459153,-0.005506054043797175,-0.028843032500177532,0.0532129572487374,0.03731430716172264,0.014546511354233982,0.12196065649687024,0.04695326249308396,0.029764457978641103,0.0077466394649573014,0.10351406182754558,0.028964810619786435,0.025222659949237815,0.005614218217172874,0.059903990401320176
307,1202908,TRUE,0,0,,150,11100,74,74,74,53873.4659665616,25,86.67645001411438,0.5077477477477478,2.0671985456934636,0.7416247665678087,0.060188580971549596,-0.11121924579783432,0.30765001548761656,0.4032106544863573,0.0447851009654732,-0.006600555166045982,-0.01822948414867879,0.687413592932956,-0.016624942653681408,0.003931244289777269,0.025557511248841,0.0469259731172508,0.035559767722120834,0.015497722539590258,0.12402462711601184,0.04679514492900703,0.03890623286887278,0.008656143422850931,0.09560089262652774,0.028206468227137044,0.015052458081575673,0.003584250093340131,0.06391685407659596
308,1202909,TRUE,0,0,,150,11100,74,74,74,53928.55833305971,22,87.41518878936768,0.5027027027027027,2.0667399161346265,0.7386189664065581,0.06317371723300182,-0.08711063634044931,0.2570074081293699,0.3940477237074097,0.041324396596143786,-0.007032085435746308,-0.06705040467348042,0.6691871463280419,-0.0017830982241079719,0.001632332448538103,0.005839974379915402,0.043178906771362366,0.03339176625954653,0.010806901273318523,0.1061764848387301,0.04761820083335735,0.03289053102081429,0.007771635864781078,0.10498809547024264,0.0281034036344546,0.015067614665256326,0.0035212364416898935,0.06601819318504536
309,1202910,TRUE,0,0,,150,11100,74,74,74,53805.19648031573,25,88.76759815216064,0.5018918918918919,2.0670119246705325,0.7767507891268793,0.1309920709278644,-0.11181606748605355,0.05839729242875838,0.34135854323284787,0.0037769248652079574,-0.001862519621667806,0.08446780218725804,0.66400594942419,-0.00864428864629987,-0.0016626724432437265,0.09058167348718271,0.04377856782272304,0.03179061324993289,0.013402136445019204,0.10878912339607962,0.05045836203430191,0.034798220360207584,0.0074525468634484586,0.09908623618122536,0.03170412743563714,0.018365871574963208,0.003890780431281787,0.06521262590577354
310,1202911,TRUE,0,0,,150,11100,74,74,74,53810.73306685695,27,90.7599561214447,0.5017117117117117,2.0668069259756825,0.721160544561543,0.11430398379976085,-0.09262122754052617,0.02877683114504121,0.3850403492861595,0.03215751114251704,-0.006393445986712133,-0.004693307037380221,0.7179599731539927,-0.0253502302918936,2.2866576866991206e-4,0.03553587150703609,0.04983898114156812,0.03558297721430416,0.013940675261056176,0.1173709815653568,0.05539855780549663,0.05802081306705237,0.012589610905311093,0.09453135628130452,0.029841123342499037,0.019871192013064115,0.004605198539668541,0.06649964788575245
311,1202912,TRUE,0,0,,150,11100,74,74,74,53904.730704057,23,103.58255314826965,0.5056756756756757,2.066721225469337,0.6918721239948988,0.12488016885686273,-0.08348033644062608,-0.020366393678508222,0.4329245604820534,-0.03535554261110108,-0.006873177689064014,0.1420020106472667,0.6800923299087261,0.0093080438849698,-0.0019195838219322008,0.01659187713952436,0.04884078541497783,0.03671778274345268,0.013285362722318833,0.11944468307151528,0.04691214345830414,0.028874252270965066,0.006898945848387711,0.10613389035431436,0.029890517624274922,0.01996095621655665,0.004005851130685012,0.06434924053231592
312,1202913,TRUE,0,0,,150,11100,74,74,74,53687.81873753113,24,153.0265018939972,0.5028828828828829,2.0668406063413234,0.7105349909175469,0.03712006704025812,-0.0804421720343616,0.23790256674658938,0.4065007510892894,-0.01159908265827446,0.007675439994915791,-0.004433069897065894,0.656895605503686,0.0331207605893462,-0.0075072040449728865,-0.0062889488995269156,0.04452173236273689,0.03549423110563995,0.01211996121459077,0.10924609817025431,0.04336189039848285,0.023394465598063966,0.005893189884067474,0.09527933214083072,0.029412743611122047,0.02257846116127621,0.005009851411460133,0.06322389222581741
313,1202914,TRUE,0,0,,150,11100,74,74,74,53904.543139480455,28,107.64323592185974,0.5058558558558559,2.0668058403322145,0.677643832909792,0.05124372579606736,-0.08782897272895981,0.28783657188236195,0.3719703840217629,0.042397240034296936,0.0024375175656151716,-0.18488054504512355,0.7518899335145467,-7.194160353895494e-4,-0.0069230665762382865,0.013304985603838032,0.050346222883604005,0.03648094102698246,0.013640278049219356,0.1209326135713665,0.05129086979483195,0.042869188161273296,0.009456087078527551,0.10878880790966071,0.02729924084549856,0.01969804883545438,0.004749657656094421,0.06350317586158986
314,1202915,TRUE,0,0,,150,11100,74,74,74,54114.71438777868,26,158.34500002861023,0.5048648648648648,2.0671053896336615,0.7368707860001715,0.1474175276608909,-0.10414828104220213,0.014123997712898526,0.3229551866533901,0.04573832526108788,-0.008625300239216606,0.10606010851080798,0.7056737259981607,-0.028973937794989524,0.00253717906799205,0.06915373580218857,0.04690522105365934,0.0348547898437867,0.014921611158003752,0.1199943644659061,0.05514684803865105,0.0459775163439469,0.009404385395003117,0.10215437832912223,0.03021554054704486,0.014725477257692987,0.0035342915932793724,0.06692783997889266
315,1202916,TRUE,0,0,,150,11100,74,74,74,53760.33020075264,27,94.58101320266724,0.5009009009009009,2.066695128655662,0.7708152185312932,0.11473179871283798,-0.11876979601491802,0.18637483579667238,0.435575453224713,-0.02903044482278703,0.001020288695986525,0.07395449134776988,0.6366965788937773,0.018247993545789744,-5.373640438945764e-4,0.00453926929637292,0.04446967202753865,0.038166017553833816,0.015429537895470772,0.11892946641399887,0.04352302526100596,0.026031658595377535,0.006780399443510499,0.09465969257131093,0.03093716249771054,0.02306083703503901,0.004844807979880252,0.067249822631574
316,1202917,TRUE,0,0,,150,11100,74,74,74,53631.03319998934,24,95.84282612800598,0.5066666666666667,2.067097371083643,0.6337291265436554,0.08328827466613323,-0.07597777041584472,0.16996196208023165,0.3987896312115599,-0.022817942402396093,-1.600622534197821e-4,0.06825402710045489,0.7093240169882474,0.006296733598667472,-0.004997096655261155,-0.009046469365204089,0.05306035886211807,0.03853285975626644,0.012660819024631034,0.12642164261211666,0.047135425444021974,0.03187397536637142,0.007694561398928926,0.10586219698861012,0.028693351317598967,0.022220935504754524,0.004862174722395991,0.06673312830286046
317,1202918,TRUE,0,0,,150,11100,74,74,74,53768.06904220547,23,178.04418921470642,0.5098198198198198,2.066757974936051,0.7267466339898156,0.026640807695873715,-0.09607200355882073,0.34363157567395436,0.4068841010482757,-0.0054881975046995445,0.00487955964728954,-0.07822443942655533,0.6915202263056818,0.019998129919538046,0.001233766345188594,-0.08129261088167969,0.04598345934513286,0.036806830333109414,0.013459558527725119,0.12657725892212673,0.04754470933171426,0.027599608138285697,0.006774778302394562,0.10780370284406017,0.028032238653546437,0.01926955728755048,0.004256451395698439,0.06416542230285135
318,1202919,TRUE,0,0,,150,11100,74,74,74,53901.19858883299,26,155.49894309043884,0.5000900900900901,2.067148947186418,0.7085774648755059,0.03518127913416009,-0.07152549656960813,0.03143813549410372,0.4070508228814456,0.03366223118990997,-0.006905409198908642,-0.013333014361985295,0.7123518032653258,4.340868404174066e-4,-0.00460412473179842,0.04614358968651899,0.048357565205011215,0.035849149540078874,0.014003553933597352,0.12931789676070804,0.04922949750579611,0.04311748170397773,0.008885584424256422,0.09670317873371313,0.029068853778691353,0.02017327683269953,0.0042673708094126414,0.0612742987494084
319,1202920,TRUE,0,0,,150,11100,74,74,74,53957.09504204826,22,84.55642008781433,0.5065765765765766,2.0669078650245107,0.6688628996696625,0.09591317271002499,-0.09234500874907423,0.16944091665402877,0.4050171404391648,0.010471326540952427,-9.486329149766741e-4,-0.02071927505167,0.6942951936021107,-0.018733359148960266,0.003157915427606991,0.050548015740719224,0.04998438688925858,0.03664167397359952,0.014097816441486272,0.12452654633541844,0.04601054061861195,0.029917318977548166,0.0071997587809044215,0.10198204033589892,0.02782551149857972,0.015034899566783416,0.003507966222042051,0.06349331289865204
320,1202921,TRUE,0,0,,150,11100,74,74,74,53452.040563550705,25,91.49098587036133,0.5006306306306306,2.0668659627936603,0.659136672779695,0.10355571802255896,-0.10420864009415144,0.26308764081820457,0.39258851434147307,-0.011326752506229637,-0.00630515684884784,0.08095860114826571,0.6821923437237284,-7.523680512764589e-4,0.0047974227724734315,-0.055404324018863194,0.04939493826940843,0.04047277794212368,0.01655131615867686,0.12858496318477164,0.04621621013537592,0.03866584142438006,0.009897065462239212,0.1117068309876878,0.027532672323458327,0.019248929797831316,0.0044187374933854565,0.06597812589156364
321,1202922,TRUE,0,0,,150,11100,74,74,74,53944.29703440476,25,82.7542359828949,0.5028828828828829,2.066685455171925,0.6307235916428858,0.10025375407523807,-0.09473752476801113,0.1568149098964955,0.44292472119301396,0.0390686607469153,-0.013046870462226821,-0.0035815076903812186,0.728491180593286,-0.017102821303083396,0.002248159197930452,0.013352619059917558,0.055480476260100525,0.04287199211440795,0.01599620365112547,0.1553353628121294,0.04827506646047189,0.045072682385039545,0.010060187879554606,0.1075403781684141,0.027297399135613982,0.016141906431100316,0.003584299231239223,0.06758276914490155
322,1202923,TRUE,0,0,,150,11100,74,74,74,53852.817406445785,26,99.56489086151123,0.5067567567567568,2.06679152052443,0.7353392027013843,0.10711446663158569,-0.11240987537675753,0.24369671618487201,0.3613977337550595,0.045683451137717296,-0.010099852277648333,0.018503840601359626,0.6936225588182066,-0.01333726444087733,0.005522465524107488,-0.021922700121618326,0.04680188349205416,0.035248685707998134,0.015126557296401248,0.1163988298159581,0.05271375528090478,0.04569815497267629,0.010044466736551474,0.09986790036638711,0.028902734018137408,0.015042251616172685,0.0036376775616791673,0.06601739912514512
323,1202924,TRUE,0,0,,150,11100,74,74,74,53821.907995582835,25,263.28799200057983,0.504054054054054,2.0668812635323928,0.7178994135967343,0.15153572249385328,-0.09582479642997808,0.11434013173811428,0.42048956557207307,-0.02271700206247347,0.0012293197573437203,0.04228005520558906,0.6296397564195366,-0.015631008759865193,8.170159342276415e-4,0.08637141379694811,0.0448973169544113,0.035380196564099124,0.012219962700866647,0.11876181415298992,0.04497967105760384,0.03899215030497543,0.010827990549237124,0.11234662527572635,0.03175320282952811,0.02863480810118107,0.006523364880696465,0.07964254617155163
324,1202925,TRUE,0,0,,150,11100,74,74,74,54054.78764188422,23,101.93623781204224,0.5028828828828829,2.0667046613719777,0.743254671910855,0.13299960990956233,-0.10635997207881823,0.23920297914840105,0.3828674558433113,-0.01919070851540094,-0.006857376405000472,0.09333470266255005,0.6769717819852367,0.0012840761996632157,6.720148052122659e-4,0.007759571097227724,0.04508918001579767,0.038798513058943516,0.013589774494622285,0.10992805134194071,0.050122431346453014,0.03043274462447864,0.008085298756819046,0.11849228763006964,0.029439811988289422,0.017437522644936945,0.003934827122799918,0.07049715262819764
325,1202926,TRUE,0,0,,150,11100,74,74,74,53754.748610399605,23,264.46579480171204,0.5092792792792793,2.0667243892427907,0.6730403913829569,0.07348939402520138,-0.09145636815520565,0.31725844013699483,0.4005808760758316,0.04491715438016046,0.004467681879436947,-0.21055899965921854,0.6895385970261682,-0.011544733001088837,0.002343214867837516,-0.0058350634362443875,0.04903224824437425,0.03507120229684772,0.013266493430822597,0.10088424308642505,0.04635114025451903,0.03387667722392917,0.0079676365151392509,0.0978046051430853,0.02778891928951264,0.01581950594629346,0.003990866375352643,0.0628497811067861
326,1202927,TRUE,0,0,,150,11100,74,74,74,53398.67315684958,22,157.25101399421692,0.5063963963963964,2.0669070514588386,0.7342633947914557,0.05245605242406245,-0.08931270994253497,0.2376120005448666,0.4088870215646014,-0.018662885372148528,-0.004352979920296302,0.09028272330977029,0.6419863628995695,8.973621121235515e-4,-0.00449860863326509,0.07420142884433661,0.04591801964499529,0.030594352179158076,0.012561769018082024,0.11004450446700045,0.04486774001173969,0.02458106951153598,0.00619388925648649,0.09533764878883307,0.03125410209328108,0.0174606610371008,0.0038450305984095642,0.06374840612362567
327,1202928,TRUE,0,0,,150,11100,74,74,74,54059.08341002272,26,286.1153771877289,0.5009009009009009,2.0667799389540202,0.6721094411310542,0.0695961522557646,-0.0998485169969879,0.25522751783098285,0.45465754616728726,0.0306877422315854,-0.011811183397814642,-0.0041928402783318495,0.7287807755673956,0.004391156490243418,-4.6238735086035713e-4,-0.023053492034305092,0.05651028525004523,0.040662033883025375,0.015270861827520072,0.13333661784998005,0.04534797692112854,0.03179737352166038,0.007798926330567894,0.09313056253789462,0.02820196619800126,0.014918013365453587,0.003528924870357757,0.061092769499066855
328,1202929,TRUE,0,0,,150,11100,74,74,74,53640.73108250581,22,108.97858309745789,0.502072072072072,2.0668688108722866,0.69272169762282,0.1646437337788738,-0.10216393120734094,0.009620455113213007,0.4758074792534837,-0.02649202666605237,-0.009372967999068877,0.12766510822034002,0.6143349215106179,0.0137824089596476,0.0014169179155370758,0.02137202069330107,0.047268054273406114,0.03569868559772118,0.013774964083788397,0.10731944897632276,0.041543375970222805,0.025327875170968267,0.006689161956447993,0.09211361417140168,0.031012220292331836,0.01869745567054173,0.003963004488952917,0.06461645356388455
329,1202930,TRUE,0,0,,150,11100,74,74,74,54001.35865553612,26,278.11894607543945,0.5028828828828829,2.0669410871474914,0.6766011407916076,0.17137627756147444,-0.10628654169110247,-0.05185894401716323,0.3885508158809507,-0.040180371374364775,-7.091408104290976e-4,0.20061680760964376,0.7058509870302442,0.012921301373464407,-1.804172486221352e-4,-0.02738056952716345,0.052388390120625274,0.03892162500009847,0.016211586696618083,0.12272074780296535,0.04953203475485369,0.02551903770222303,0.007050607590847419,0.09958072316331658,0.029301247815078108,0.01795752337527172,0.0040857198070888235,0.062459040085296264
330,1202931,TRUE,0,0,,150,11100,74,74,74,53857.28777134315,26,104.64875602722168,0.5011711711711712,2.0672362461023415,0.7360374722090051,0.10780419892510718,-0.09963018118883246,0.15503628131707736,0.34906479834002546,-0.03818210428634166,0.005763873954806864,0.08701187423004718,0.6999807715354168,0.0037595837311444787,0.0012219854112896103,-0.04272216151967561,0.04689583810000893,0.03494893251025277,0.013092275489444041,0.11383089398660227,0.05169936869086356,0.029556815895459755,0.007410925093251776,0.11653132947986135,0.02926588011716396,0.01956829481628516,0.004439597261317963,0.0662800060757741
331,1202932,TRUE,0,0,,150,11100,74,74,74,53832.36908044728,25,211.68723893165588,0.5056756756756757,2.066766240166013,0.7665125406912828,0.10277007213919266,-0.13074775193073593,0.3395378581752963,0.39083524333990777,0.04436882055669775,-0.009720843711012023,0.003587784916393557,0.6933874346931933,-0.018876149577071916,0.007441787087864181,-0.034966394687263085,0.04616988117703169,0.037041299697630835,0.01511732244440309,0.10891774816609283,0.050551358232247545,0.04326552375775849,0.009513942938661733,0.09418954457831698,0.028656702569610625,0.014559937731378014,0.0034102038895961295,0.06364093180344016
332,1202933,TRUE,0,0,,150,11100,74,74,74,53738.2389663454,22,86.02269291877747,0.505045045045045,2.0666704651136416,0.7133236130051133,0.09640528830533568,-0.10421639567319516,0.15171300202007532,0.45420319231200074,-0.010156388532025369,0.006988737820325672,-0.09335406050628105,0.6614243069916474,0.0068890180483436566,6.816440703933755e-4,0.00812150895717036,0.04789190461320348,0.03723670017975364,0.015012529734628584,0.11854346155358612,0.04207274379930896,0.02510096625800645,0.006335848485485489,0.09619777883525873,0.03006538430712926,0.019224936975926404,0.004206058886936285,0.06325023905584198
333,1202934,TRUE,0,0,,150,11100,74,74,74,53745.31430422873,24,181.11270689964294,0.502072072072072,2.0671520420254637,0.6660914109795294,0.12426335771497672,-0.11857293073383572,0.19355567407306692,0.4394618752213508,-0.004097154675306853,-0.006312712104143269,0.09116024752884404,0.687254907636318,-0.014122155190484298,5.753855859151865e-4,0.06994770852522855,0.05160014768382177,0.042830143888021026,0.01787868860071885,0.1271273564833105,0.04286497347501611,0.028503956331837717,0.006974728231198421,0.09194750214748919,0.02756995617853133,0.015332589862075956,0.0035341010277539137,0.060101017378918924
334,1202935,TRUE,0,0,,150,11100,74,74,74,53771.952529583876,27,125.02381610870361,0.5056756756756757,2.066678473358085,0.6667260652065103,0.1409477787326734,-0.10429727855368506,0.18841265622478917,0.3881376220798384,-0.029703823133888637,-0.002380989720298056,0.10347153215626033,0.7064002324816432,0.023557329163473015,2.617010197494379e-4,-0.10771196676544313,0.049952934201808415,0.04354148766328181,0.014725472639381773,0.12025619337114428,0.047560712374297424,0.027606158274842554,0.0073829835311462885,0.10918566990735933,0.027198602593501604,0.018238123558899068,0.004314744058545217,0.0664993002598271
335,1202936,TRUE,0,0,,150,11100,74,74,74,53955.719146297204,24,97.49745917320251,0.5062162162162163,2.066827573581759,0.7431237419128164,0.08844052500297984,-0.10527976715226602,0.24953165965653568,0.3878756751292275,-0.0169248766702069,0.010538705863832588,-0.05928275441658734,0.6989871816579296,0.020896805705920906,-0.0024968578677808883,-0.053051056066815,0.044738525012280365,0.041629664808437584,0.014428458056126614,0.12494621894265047,0.0472583610267746,0.02567765043187581,0.006154041212181566,0.10472058286874167,0.02841798704538203,0.02135638989747046,0.004603386831905479,0.07007582038596784
336,1202937,TRUE,0,0,,150,11100,74,74,74,53862.468359435174,25,201.394464969635,0.5037837837837837,2.0670397543338974,0.6818795950884097,0.057069923705970485,-0.10655777480883226,0.49801067305787544,0.4083972417634989,-0.02245479789772753,0.0030455737673971564,0.005768378379442628,0.7153872380549815,0.022020052613719872,0.0028002434465533533,-0.15712276117297058,0.049938151536897145,0.03819582605674845,0.012790528160856317,0.11063857605611054,0.047460897718792,0.02834942375938654,0.007125219414373564,0.11557876471233972,0.026685006863725807,0.018293611936318923,0.004387577464115069,0.06373353938135168
337,1202938,TRUE,0,0,,150,11100,74,74,74,53870.050238330834,24,100.19990181922913,0.5032432432432432,2.0668867339856054,0.6882523730366981,-0.005249599752266338,-0.08676128117898424,0.4070637216627987,0.34885031903469355,0.06714932472247503,9.850649202929583e-4,-0.22117893599449012,0.7348426991860696,-0.0036551138930044844,3.2909785425139774e-4,-0.024266170738939555,0.04959368067961011,0.03210457699265133,0.012684364812256713,0.115143274226034,0.052883514471923174,0.04020790078639131,0.009127999878336276,0.10483937792597989,0.026352011789438586,0.014994833305934995,0.003737112179323339,0.058306317774752606
338,1202939,TRUE,0,0,,150,11100,74,74,74,53916.3084251546,25,117.11097812652588,0.5083783783783784,2.0669064208639765,0.7529491838195572,0.08877429033756615,-0.08628450679314958,0.11869384138406466,0.40083837856021676,0.058711775402850976,7.175022523398408e-4,-0.19269628592447027,0.6513868375784422,-0.027048079615380312,5.540523971606259e-4,0.11977087379235835,0.04359827041747666,0.029959617451921716,0.012786797852121543,0.11114540091964784,0.046720426193808305,0.03643603342696596,0.008878880373510393,0.09955444130696611,0.031542583835693465,0.016607167546994855,0.004159288234598972,0.06880753186828552
339,1202940,TRUE,0,0,,150,11100,74,74,74,53855.79086019745,24,108.67235016822815,0.5,2.0668731017392776,0.7204283625037953,0.10567868719590899,-0.10620088063959542,0.0788100894451692,0.41051407098715875,-0.014448366153355718,0.008977946293953935,-0.021376896561762792,0.6994625665498923,0.02215012129817161,-0.0051848539838393,-0.014554414495301945,0.04700194017416327,0.039233672091486434,0.015669680583031774,0.12693101364104478,0.045561578780554286,0.022574224163815618,0.0055912168725226795,0.09195825636494907,0.028847131082439297,0.019854584955314808,0.004368101787823097,0.0632584013000722
340,1202941,TRUE,0,0,,150,11100,74,74,74,53738.82942031307,24,110.05934500694275,0.506936936936937,2.06890162891879,0.7290618865697214,0.07901202518651877,-0.09680041404355176,0.19664701424150943,0.34267393625611425,0.07268017005272791,-0.0055364299675253635,-0.11555707209403779,0.6834663986574715,-0.011234672070511617,0.0028285100722797757,0.016899239765077144,0.04783694991848558,0.0352831041886056,0.01359514539628945,0.11750108101150446,0.05737812382574466,0.05195000180196071,0.010404620030073947,0.09950042367678805,0.030295360457345055,0.016055757736867814,0.003660209344012691,0.06628505311514078
341,1202942,TRUE,0,0,,150,11100,74,74,74,53470.43646258836,24,95.29734492301941,0.5022522522522522,2.066698068816974,0.7017506145977902,0.06292158517710601,-0.09743355726259842,0.3498060832154896,0.3933227612858339,-0.001668582341220309,0.0033807154601640963,-0.08636730393141079,0.6677340173735865,0.0080388683364002091,0.0010781831232036783,-0.042552987869008886,0.04683973250836127,0.03636060980116602,0.0133684761857362,0.10838872296814342,0.04576346540846235,0.03472314462357062,0.008613101147949342,0.10706340963014527,0.02890478336621943,0.021803218457598774,0.004953653050195429,0.06305909424505056
342,1202943,TRUE,0,0,,150,11100,74,74,74,53552.470531750296,29,98.34359097480774,0.5035135135135135,2.067652055318816,0.6893669390368187,0.1764876387285298,-0.12669412472499553,0.23396677501550048,0.23840598268678953,0.07372114477172279,-0.010115871554117962,0.046780228021543475,0.7051784998800393,-0.04690494964651805,0.006077529978095229,0.05176761944283804,0.04778723936785526,0.041420596678203976,0.016279267379409244,0.11123711276492433,0.065790612553802,0.06115436308121262,0.011568998190953113,0.10959311166908946,0.027642151480131053,0.013518392737237579,0.0032130680603975783,0.06813008677584183
343,1202944,TRUE,0,0,,150,11100,74,74,74,53875.64895716031,23,88.73525905609131,0.5007207207207207,2.0672199898114894,0.7617056392877031,0.1251904450109117,-0.1041194605813988,0.19818741834730594,0.40970618828914124,1.3001313143042663e-4,-0.003279678656815385,0.05865195163130587,0.6232398567575983,-2.2225738108580268e-4,0.004587185019581741,0.0034961746754307195,0.04327088428706039,0.031940905003169644,0.011840470980135647,0.100885699945153,0.045140930082728875,0.029159992587843398,0.00757225447350235,0.10255217938093669,0.03189754470804224,0.01757842054598942,0.004044271146883302,0.07075666313574527
344,1202945,TRUE,0,0,,150,11100,74,74,74,53676.776276379365,25,101.4379289150238,0.5013513513513513,2.067047782807928,0.7343527357884873,0.1119690268533219,-0.09648938507332387,0.23693938137820197,0.37639256560394346,0.01850685768485669,0.002229923542838064,-0.08190822188410214,0.6619798979887169,0.012213268770941922,0.002372460563770787,-0.0909120266551549,0.04311975446294773,0.034086468787476204,0.011135017954499076,0.10450865284548344,0.0475748973382553,0.03573319019689116,0.00839101820083303,0.10560651765496915,0.028915428358622576,0.020686206248203658,0.004595588963255148,0.07214611417176235
345,1202946,TRUE,0,0,,150,11100,74,74,74,53800.25915531796,26,209.13495898246765,0.5101801801801802,2.0675134802055104,0.7489261054528888,0.09684554701664307,-0.10250371531619888,0.13631435160346636,0.35136741961143575,0.007349457978219269,-0.002171292409842739,0.09743934930013813,0.7012034561655772,-0.010215877288180932,-0.0017986613361340637,0.03617842917500941,0.04745734032371609,0.035209064032094894,0.015209033955985204,0.11231144392419139,0.05280223013277785,0.04029882679194427,0.008318469952851317,0.0978735683838198,0.03024536037351744,0.019426614248870006,0.004192071500002346,0.06415660292357137
346,1202947,TRUE,0,0,,150,11100,74,74,74,53629.660675616105,24,93.69393110275269,0.505045045045045,2.0673764734021765,0.7417435447473842,0.06327966225632327,-0.09482283173416928,0.24846155632676703,0.38236437220418235,0.020668465767458517,-0.002136427432385277,-0.031794750752044854,0.6608941699727103,0.008794211580535883,0.009074411221945446,-0.1255159212839953,0.04322918543083199,0.03280573664424537,0.013093521155983749,0.10417615967345059,0.04753859365388258,0.04244311572007412,0.009281635407613443,0.10074166827748605,0.0289630394678865,0.018790988266911134,0.004076131415697873,0.06397897874787299
347,1202948,TRUE,0,0,,150,11100,74,74,74,53603.94448668473,28,92.93421292304993,0.5054054054054054,2.0669007086507007,0.706470145357721,0.10831727835023972,-0.09840950010261545,0.1111912414846484,0.40413743110820677,-0.01438405168291786,0.008902130245217752,-0.09073121291909325,0.6853790420056178,0.014074964796502838,-0.007686022471077138,0.03837646905804513,0.04756635742607148,0.039256446116009654,0.013921419204973784,0.11295033124680459,0.044746275363281934,0.02470911832294224,0.006051719776381339,0.09616925628971047,0.02955778695031795,0.022038064465858567,0.004790771444047036,0.06260226108195314
348,1202949,TRUE,0,0,,150,11100,74,74,74,53811.25895838506,25,160.14246320724487,0.4985585585585586,2.0675315945322836,0.7076138823116458,0.07113850597110502,-0.10396395317238671,0.353963895233893,0.36850283033158154,0.08197510446713797,-4.0765315698838394e-4,-0.21673392086549306,0.7032227128877798,-0.019942607521770014,0.0014392490496186114,0.022879653011959,0.04928046541820729,0.03810568409496356,0.014908848051772504,0.11460809324891702,0.05181576451056377,0.04146700445175522,0.008081617368478164,0.09435916304162206,0.028782993682496066,0.01490404978545333,0.003582339862907699,0.0652921220447276
349,1202950,TRUE,0,0,,150,11100,74,74,74,53760.71492490805,23,93.11622285842896,0.5074774774774775,2.0667526972411148,0.7020510256729509,0.20401167150409877,-0.12094895191084991,0.15228463262237502,0.36161478848240436,-0.005208248981868736,5.208280118293436e-4,0.0010254866718637826,0.643923252397655,-0.035268899949786534,0.009546954313421395,0.05665729326855034,0.047909639806031655,0.0364921168880071,0.014084679325620282,0.09717565151381129,0.048653188804430106,0.03447273838613378,0.008493024630710635,0.1098628253366687,0.03111848490216638,0.01666985602774695,0.003815466532082184,0.07131928025679812
350,1202951,TRUE,0,0,,150,11100,74,74,74,53614.63473353413,29,195.04323410987854,0.5072072072072072,2.067756165501578,0.7054960923523991,0.12408112277861923,-0.10329381074631921,0.21255477421603997,0.34267660331485605,0.035558601753003564,0.013955095620091078,-0.29901305346483803,0.6671098353783468,-0.025196303660032546,-1.944634304351005e-4,0.10519285448921092,0.04708441096220367,0.03636923853446929,0.014037388383774402,0.11223206506293901,0.04903185897070244,0.05012560588844903,0.012060071066996062,0.10813607221573647,0.029507618091843497,0.025969214689457048,0.006308379389872882,0.06975693078548567
351,1202952,TRUE,0,0,,150,11100,74,74,74,53901.6393857539,22,87.44568085670471,0.5052252252252252,2.0680006153689647,0.7059528619678189,0.1571012421880665,-0.09637569225028528,-0.0603387013213191,0.38171210890644097,-0.05394628159411591,0.005311380185080663,0.12725260089351248,0.6768475533582063,0.013496098548696366,-0.005098901744873582,0.0497520985790093,0.048446923912237004,0.03982864345752515,0.013586225159316838,0.12557570099394605,0.04783780550643762,0.02450783422066167,0.006333960097219876,0.1097118131899737,0.03071112492635281,0.022304391579492086,0.004546179023970012,0.06833296207565102
352,1202953,TRUE,0,0,,150,11100,74,74,74,53725.337205841315,25,85.92500495910645,0.5029729729729729,2.066795073090437,0.7324896067814525,0.140049702301516,-0.10226818084386469,0.06231573791276534,0.3731252547574891,0.0022062728555201842,-0.005983325487238639,0.10428449754360657,0.643061968154825,-0.008145988506332337,0.005578466756774045,0.016154155779679134,0.04447685460837297,0.0346162459401344,0.013571505732484527,0.11040773314716239,0.05070052298797098,0.04208205003988236,0.009909670681111996,0.10355079628858035,0.03007541409732984,0.01947399379500766,0.00434293148266059,0.0684457788732466
353,1202954,TRUE,0,0,,150,11100,74,74,74,53755.56152522738,25,103.1076819896698,0.5043243243243243,2.066691227088904,0.7089712926490981,0.04305598038027983,-0.08648340054034685,0.20215823892724594,0.42695724263934476,-0.010830022822762058,1.0292030188426667e-4,-0.058547028534474306,0.6893203893463238,-0.0035729116953923216,-7.96062954589987e-4,0.038513401609894075,0.05010602343113594,0.03227851237228356,0.0135413320693345,0.1258631013426485,0.0476131462258033,0.028763006585842056,0.008158660277788868,0.1073330868561361,0.029913786406826057,0.01846043202753548,0.004317020657865902,0.06291819189131988
354,1202955,TRUE,0,0,,150,11100,74,74,74,53776.41739688599,22,86.24699902534485,0.5054054054054054,2.0666673655263517,0.6887349661289117,0.1084989850051431,-0.0993840825514419,0.20924548289047984,0.44702244738013086,-0.03368694498828248,-0.0012013030429412813,0.136090112938996,0.6667977190591001,0.017335602132130496,-0.0023755014539018175,-0.020434384013849727,0.04970809997380235,0.036915561060462586,0.014353528443227032,0.11720126587511523,0.04324724195450193,0.027918336847377625,0.0067567270847919145,0.09596015994150664,0.03039246128320565,0.023257737185869695,0.005079105063713564,0.06561838458895285
355,1202956,TRUE,0,0,,150,11100,74,74,74,53777.31862935447,27,168.82109117507935,0.5016216216216216,2.0675344867656653,0.6485441875971355,0.11736570925215327,-0.1047968580566576,0.10564430153787761,0.4048723946075091,0.012357892269624424,-0.012205274015549371,0.10591126218147173,0.7238392683277818,-0.010323631887037651,-6.430045306371848e-4,0.03279883719899705,0.05383744859610597,0.042560241097741876,0.016191301417281027,0.16433524319746168,0.048845519151607834,0.03904662304223284,0.009401056212416057,0.11319781634499584,0.028053239372474177,0.016468912815312528,0.0037353528276536274,0.06785747487401604
356,1202957,TRUE,0,0,,150,11100,74,74,74,53861.20426049188,28,91.1082661151886,0.5045045045045045,2.068600323814644,0.7002760067412279,0.08086211776898038,-0.09878501757393905,0.20182863771847762,0.4719667526000924,0.06484949494816959,-0.010347050812836933,-0.17259804838026266,0.6789925854130243,-0.012872052475846673,-4.192554119190513e-4,0.076973020133398,0.05026949399116552,0.035097729026765556,0.01598720264134592,0.12754180014509103,0.0454584516682089,0.033814153188301554,0.008826540443830263,0.0913913583158653,0.029064770024901338,0.015186538858714118,0.0036619355357556944,0.06406958435011927
357,1202958,TRUE,0,0,,150,11100,74,74,74,53524.22694506265,28,107.73414492607117,0.5039639639639639,2.067006213819362,0.7076506470822227,0.010027279338648387,-0.09095546365299506,0.4078920119585313,0.498725051792378,0.005053553014145903,-0.0023255993962836056,-0.15168897086095007,0.6210918697606354,0.020554423167539245,-0.0033329282706187377,0.043309575666712785,0.04970467642496101,0.038448293448863705,0.013278415883975998,0.11953898581491337,0.041920878984337794,0.026355744652249814,0.0072683040188936555,0.10106455219062725,0.03150840093742994,0.022146557469166175,0.004679936305530359,0.06640971544019308
358,1202959,TRUE,0,0,,150,11100,74,74,74,53709.72089762924,24,140.3889901638031,0.5027927927927928,2.0672482844078632,0.6727509830384093,0.08955977757166976,-0.08572117621145446,0.1498046175517241,0.414344094654298,-0.06927858361424169,0.0013461018656357566,0.17615076185153367,0.6653265542802015,0.04980443113563511,-0.005651935551883578,-0.06908282162011314,0.05084680069451135,0.04383870590722361,0.013285414354057017,0.14044285061662545,0.04747144720829362,0.02233925503623158,0.006196752422631076,0.11866749013302809,0.029678945772810838,0.02496824515253666,0.005087738342564969,0.0708990417015459
359,1202960,TRUE,0,0,,150,11100,74,74,74,53678.89246838499,24,98.74856114387512,0.5064864864864865,2.066884085334626,0.6181758679083811,0.13170442604681457,-0.0953443841093907,0.12069186157195275,0.3307119635943034,0.008187180594917187,-0.002463782409422605,0.07769442832785257,0.7140844838838015,-0.007986865814690545,0.0016652109072792802,-0.0011794522087824947,0.05123473560008542,0.04144997921655746,0.0161490323136241,0.12630525788081076,0.05063646277711878,0.034268576956483277,0.007662548267489542,0.1064983914611823,0.026480127665938807,0.015321313418586118,0.003566180537488571,0.06217406876126817
360,1202961,TRUE,0,0,,150,11100,74,74,74,53762.97681734954,24,100.9973509311676,0.5018018018018018,2.0671540883566952,0.685522817295539,0.11260049533916565,-0.11215790490027924,0.15988954127452926,0.4031645749602204,0.023242744284878315,-0.01217740467775448,0.0597268567539334,0.6874868266142545,-0.007155418659372261,0.0024405782110592206,0.03639673967993106,0.04817877299691476,0.042196118635918434,0.016805248513125287,0.13874027563672856,0.04935759586992736,0.04398661262715889,0.010002323438749003,0.10343725210413728,0.02792320793911072,0.016719883911140262,0.003740588657543647,0.06406681951701015
361,1202962,TRUE,0,0,,150,11100,74,74,74,53874.329104612574,23,259.0850019454956,0.5044144144144144,2.0667274005205702,0.7406483368471635,0.05621564338562895,-0.10384020586879229,0.2774008028578837,0.3988292411654193,4.6586457247279294e-4,0.0011024531798247835,0.017511704524284265,0.7123426814579644,0.01818658609761171,-0.0028240551057462024,-0.057113446100450126,0.04728979393685193,0.03530220651630243,0.013625995257410215,0.11734511408895379,0.047172175117723536,0.028126612653312597,0.006512387708807623,0.09696268662332988,0.028116259298891298,0.0182974230509404,0.004094507846167201,0.06031296408424308
362,1202963,TRUE,0,0,,150,11100,74,74,74,53805.462257938474,22,144.1662518978119,0.4990990990990991,2.0669906887034206,0.7051106229516824,0.061667402805166784,-0.09606678001790254,0.18232177299372473,0.43040545785594075,-0.025116357927359154,0.007254883487704399,0.0018889955048514817,0.6762389185161163,0.024438842482333238,-0.004899671665135898,0.007328468165362918,0.04896015855383531,0.03617645780894328,0.015021596984037718,0.13184851041505927,0.04422184576358478,0.022510543946372086,0.006055289129586336,0.09802770367424067,0.02978352232828449,0.020627846054106294,0.004441390875111382,0.061949882862932744
363,1202964,TRUE,0,0,,150,11100,74,74,74,53690.28574459648,26,255.99557995796204,0.5028828828828829,2.0684197656111944,0.6705969752187599,0.07572672441052623,-0.10177843579520846,0.1618470434308579,0.46679218724062294,0.043639696590374595,-0.002042281437420896,-0.19030323738795057,0.6883765534604088,-0.022050536341712217,0.0027664769541640784,0.0655665127106977,0.05197457471357181,0.041811913592015575,0.016580569578445527,0.1382138869801577,0.04694913641889279,0.03836199671657566,0.008688844921248351,0.09504292785962916,0.028829177212007614,0.01746270571944079,0.0038442712888821775,0.06262583885933393
364,1202965,TRUE,0,0,,150,11100,74,74,74,53868.06537259504,23,162.6719150543213,0.5093693693693694,2.06744708769091,0.6465451991752418,0.15356621865959386,-0.09290398365855677,-0.02191481718331701,0.39399510498570733,-0.05550317993055838,0.007579430987026042,0.09073577773351853,0.7164412916208214,0.02051314952858847,-0.0064024542566431,-0.008175583277487861,0.05358679059836683,0.046059940202706456,0.015857640208834012,0.14266249525801863,0.0485966994874067,0.024008665482766638,0.0059376205604678685,0.11806798315395818,0.02886650634607319,0.021777913129079,0.004632893344768546,0.06885684388178406
365,1202966,TRUE,0,0,,150,11100,74,74,74,53671.79576430115,25,167.23086786270142,0.5017117117117117,2.0682682802421977,0.6039340730445726,0.13605772886510673,-0.10884126903318361,0.2785821580221716,0.33734762600286594,0.009175933601338166,-0.0035548584346677212,0.07529411458012059,0.7504346185135957,-0.01796855058404865,0.0014469917701234974,-0.03398833654088817,0.05454980975534056,0.04695952154090841,0.015324653228896873,0.1292244724190105,0.051070562305645065,0.045711141387140594,0.009689291661125058,0.10834291611908536,0.025722056790465107,0.01667816128317759,0.003864853908788766,0.06571131823782131
366,1202967,TRUE,0,0,,150,11100,74,74,74,53661.242782324516,25,100.74376511573792,0.5046846846846846,2.0675537899674055,0.7317584219198104,0.1291588589843757,-0.10011322294932062,0.06187709176283791,0.3540362154203457,0.01977926947849329,-0.019882510495732874,0.1790157126743468,0.6565471817403616,-0.034721227626182585,0.008101660718648304,0.06874024760745223,0.04769433884534397,0.03837814124763749,0.014337507201584306,0.11412859151644278,0.05452321196350004,0.048291086254009616,0.009876527369528992,0.10502901537823826,0.03114926217172409,0.015094770190398387,0.00320834257832102,0.06780676301405493
367,1202968,TRUE,0,0,,150,11100,74,74,74,53668.91467033626,23,148.8364109992981,0.5029729729729729,2.0669702237319445,0.6637963314747629,0.13833861582848514,-0.10000440193155978,0.10098983109402741,0.3428854046293132,-0.004964008784396095,-0.01088017402337877,0.12744178423729433,0.7107852044087689,-0.01378710401276014,0.006108869361483163,-0.03477813556505055,0.05076558604914514,0.037893756637410514,0.014638419897695293,0.11641805590847269,0.05082888782001473,0.03420614774050275,0.0084481138909592,0.11033547941525418,0.027203793756137722,0.01414181096335555,0.0032464868392232957,0.06228812090311542
368,1202969,TRUE,0,0,,150,11100,74,74,74,53645.50567946478,26,103.3457338809967,0.505945945945946,2.067405978432604,0.7041479531470084,0.13867957833376637,-0.11069751570623029,0.041134955618517245,0.3589167310965634,-0.007559647703410371,-0.0027592271239811517,0.06062608215330916,0.6912534158862328,-0.011636774002047948,-0.002342444746296594,0.09132907667917721,0.048863180586581116,0.03979956450604686,0.017341431213162062,0.1326711428374437,0.05179592640392018,0.03417202071147988,0.00791448304015597,0.10827617807602229,0.029826014911794565,0.01836439207546954,0.00395330471827179,0.06534294395459303
369,1202970,TRUE,0,0,,150,11100,74,74,74,53843.392974008835,22,163.60158896446228,0.5054054054054054,2.0673503772745336,0.7172174797995937,0.07585409581434607,-0.09137862714845048,0.18082639114647608,0.4000698577728226,-0.020736538925757345,0.007148257684690392,0.08168686922181388,0.6800755516992167,0.023060090425239092,-6.383866512772357e-4,-0.07861655842448988,0.04719601814074833,0.03619094435766191,0.012640741446609783,0.12369050615025648,0.04514407003729206,0.022408841264257063,0.005493301739785769,0.09342770677557886,0.02955348890828416,0.019190401620924214,0.004199543946044646,0.06722104312075125
370,1202971,TRUE,0,0,,150,11100,74,74,74,53701.14432011514,27,110.44611191749573,0.509009009009009,2.067489466871666,0.675870849381523,0.14063131035425275,-0.08781140685302607,-0.00145126654452509,0.43862491334136533,-1.6475087658620116e-4,-0.003214677724923778,-0.0025935016197203074,0.6601563910795192,-0.012650259317307382,-3.2840777864184345e-4,0.07595676195935977,0.050251508682805764,0.037333531534144475,0.013850854994417782,0.11871406951257424,0.04301975193516734,0.03168589422106331,0.007963849563060989,0.10001021212051919,0.031096530374283605,0.019289659875563903,0.004294686455029623,0.06892552286158861
371,1202972,TRUE,0,0,,150,11100,74,74,74,53697.26596728722,22,179.97945594787598,0.5067567567567568,2.0667204399451142,0.7286910827416659,0.049572684240439674,-0.08627964961493896,0.2207404207858205,0.4996945128334372,-0.024934115601967732,2.5460803387546556e-4,-0.03903877224848713,0.6099591841538206,0.027839067611108076,-0.0035272792824793233,0.035622306634293846,0.04770004020832309,0.03398945191201458,0.013703165036295139,0.12217445446769666,0.038958518808763824,0.022006546352900485,0.006109031578976605,0.0998778850337409,0.031789552213545576,0.022581118678506873,0.004835541514870499,0.06692579618379711
372,1202973,TRUE,0,0,,150,11100,74,74,74,53521.89017192024,25,92.36047720909119,0.5081081081081081,2.0667097183922425,0.6991715123058213,0.16488487480289296,-0.11278402589510232,0.05068793265142238,0.40844324702999074,0.015844488264161478,-0.003670255819500764,-0.007928829453738039,0.6426854565941704,-0.018766555612771487,0.00825365803736578,0.014103007552995532,0.04900581146450963,0.0371353592401972,0.015002890671766625,0.111601531097139,0.046132357616837844,0.042189768343110626,0.00945625181132326,0.09776668682674487,0.03029774638064292,0.01877212306636146,0.004045822965301333,0.06638462817902747
373,1202974,TRUE,0,0,,150,11100,74,74,74,53629.11750390062,27,89.53847002983093,0.5102702702702703,2.067301322983606,0.6519249782025932,0.06481228939436325,-0.07771952016639119,0.1511481605751569,0.3607952482056064,-0.046262110377027904,0.007963329856986768,0.09005743649821511,0.7153865983826249,0.034902686662095506,-0.006339929664333965,-0.0824560931453673,0.05036052866449833,0.04008647204565291,0.013576267269549969,0.12143042055199615,0.04848262727539778,0.02444894522378452,0.006289097119346873,0.10738314096465443,0.027288091837737567,0.022388911745453377,0.005143728220566463,0.061987711548743926
374,1202975,TRUE,0,0,,150,11100,74,74,74,53827.08767010986,23,177.2563259601593,0.5042342342342342,2.0672517779212587,0.7328923903059337,0.03835636321661478,-0.10480701046555245,0.2487968235490778,0.37783118156857043,0.05999516730002953,-0.008843414976246418,-0.0240142730293022,0.6966431299132873,-0.013529759919522648,0.0021724860101654773,0.04059390994761835,0.047942125255529926,0.034410251546519735,0.015162269313483532,0.12376666639398917,0.0516014825086089,0.040973196280173194,0.008448184567975565,0.09213648619449338,0.028665236254499214,0.014412887692191135,0.0033984566273048264,0.05903122139173012
375,1202976,TRUE,0,0,,150,11100,74,74,74,53652.903549524,25,97.0581431388855,0.5082882882882883,2.066873542559976,0.7278255332195431,0.10751801375799927,-0.1257972416090061,0.36485831113316014,0.32724069545558243,-0.03288523529069038,0.009861988538782387,0.04991655630518559,0.6796206347741951,0.020005016250969832,9.990856362254961e-5,-0.052594982525660944,0.04496108014491612,0.04261302404492186,0.0161838699236879,0.1050296741651053,0.04846443148177151,0.02650956101921423,0.0063938356706725544,0.10210551170277013,0.028158362960288636,0.021040549679122934,0.004628830024519568,0.06271979036427014
376,1202977,TRUE,0,0,,150,11100,74,74,74,53947.2365361009,22,206.3553910255432,0.5073873873873874,2.067180594457477,0.7119320984331651,0.10707693999973573,-0.09567489943923878,0.1458305663656938,0.4638240248165601,-0.06048860837934696,9.205977097139123e-4,0.10395141615816485,0.63668789130795,0.01320458841079938,-0.002260746086563119,0.06992438433512026,0.04730009811408238,0.03692941329590462,0.012885437970247892,0.11367586102869073,0.04157479772545037,0.021405108527744472,0.0058242891573010575,0.10049575180797417,0.030630510057826424,0.020785342651157213,0.004214105860150904,0.06580311876496181
377,1202978,TRUE,0,0,,150,11100,74,74,74,53754.49060347882,24,159.30209302902222,0.5075675675675676,2.0676812464425742,0.6558261432916831,0.07787185360823592,-0.09779071796191734,0.20813574765923504,0.48857366287198734,0.0019899299708311504,5.754314571492327e-4,-0.15413462665305316,0.6778590015521293,-6.25018709252095e-5,-0.0021016929988689047,0.07126308516948011,0.054573513106362485,0.04422957766084672,0.015628468927408743,0.14004214446739702,0.04233361555492222,0.025471228453339274,0.006668211323461339,0.10221988433216571,0.028770612997538948,0.018720989345724845,0.003957656775212749,0.06405558959184522
378,1202979,TRUE,0,0,,150,11100,74,74,74,53726.48954436531,25,146.54208493232727,0.5061261261261262,2.0666990777022574,0.6910389271512796,0.14671002411604567,-0.13068213671097986,0.19273121967276807,0.44381863045870157,-0.025262097533553282,0.004410773735507421,0.02425685321312961,0.6789993865944262,4.2353277041327464e-4,6.023988639240778e-4,0.018363776108990048,0.05342152345391918,0.043754901874527845,0.019036620829116342,0.12919856972104163,0.043588089973831685,0.02618840156462586,0.0065203690628134305,0.0924334801228596,0.03009336826347702,0.02011888488995338,0.004401344689361954,0.06382387840092824
379,1202980,TRUE,0,0,,150,11100,74,74,74,53673.21375273248,24,161.65437698364258,0.5065765765765766,2.0677475299657546,0.6219590176041017,0.16248338402211768,-0.13275750716051093,0.3962766197842162,0.485940297331551,0.004735443956963434,0.0013024413671287299,-0.07196703821846141,0.6895846690329288,-0.006614410310080993,0.002351690819070668,-0.0324592203194155,0.05631980721442838,0.046441191016586884,0.016726029356025268,0.11583857341560108,0.0411235252962798,0.02446926648369122,0.00607304002646872,0.09297595694925913,0.027403789722322155,0.0154216628548445,0.003720100008067732,0.06531316072573838
380,1202981,TRUE,0,0,,150,11100,74,74,74,54011.11078169644,22,235.46556901931763,0.5056756756756757,2.066758269437514,0.7172565949251525,0.11621588840926741,-0.09361142301855786,0.19866341437835788,0.4681690582416076,-0.012675003337593823,-0.003118434980243234,0.020531910483002718,0.6666638217592383,0.02260994972040295,-6.270205069594322e-4,-0.06552230525163377,0.04669436534849188,0.03876341923167666,0.01372662981367912,0.11786917466580209,0.04386735339581301,0.025463228819098647,0.006599172271594908,0.10581045247908016,0.03005289403427116,0.019005152368139655,0.00420908174837585,0.0718983061556171
381,1202982,TRUE,0,0,,150,11100,74,74,74,53637.72100060645,24,155.98872089385986,0.5,2.0694166400765424,0.6504687987739688,0.06697756777455585,-0.0963230056415497,0.3074992959977241,0.3695045299949002,-0.00387250849504411,0.0027547134883463874,0.01931497385006307,0.6972272022360599,0.021832745351219745,-0.0012321730614729596,-0.061202683692968336,0.05092273672189438,0.03792299786413152,0.014135019087933371,0.12719475928551582,0.04629749273678494,0.028221370837570134,0.006944623373857741,0.103318028490659,0.026984754359075342,0.01840324932741692,0.004245037855080558,0.0623574934771254
382,1202983,TRUE,0,0,,150,11100,74,74,74,53949.90233097387,22,169.0441460609436,0.505945945945946,2.0680607633978374,0.7399180300261878,0.12903576567535766,-0.1018235667241674,0.15409095134421807,0.4122116398545136,0.004105446164078984,-0.003496102969117561,-0.014912049464563988,0.6497126361452265,-0.0010640438756577694,0.005876815870725744,-0.015604128858818286,0.0449687157691915,0.035601188471735504,0.013317530041552127,0.10745528103313577,0.04682788932061602,0.030619770337813792,0.007786762532743968,0.10439409988584192,0.030192714301000515,0.01691324491884385,0.0037841753249626417,0.06785873761160964
383,1202984,TRUE,0,0,,150,11100,74,74,74,53965.70086949397,23,158.63566994667053,0.5065765765765766,2.066948242584158,0.7101882447839861,0.15616964021800195,-0.10907063495128923,0.06344291060551124,0.43244235761535305,-0.01813089362191096,-0.004524860334080066,0.04813904303856173,0.6621527570395153,-9.023043556429505e-4,0.00260130161023876,0.03937259509060441,0.047451083871459465,0.04036722338393666,0.014977480967139925,0.12867925523537083,0.046043922837760515,0.02906861034344936,0.007296544278339457,0.11076911960167443,0.02984020815634089,0.018216111731771147,0.0037612405944974056,0.06908519851827184
384,1202985,TRUE,0,0,,150,11100,74,74,74,53994.873182114534,27,159.80804300308228,0.5025225225225225,2.0668823891472283,0.7268169359644221,0.1017801199289148,-0.12817284326186149,0.24767107955595116,0.36921960194564024,0.05376598394278968,-0.00533063152715166,-0.05452408074000556,0.7192465199138347,9.722237183575086e-4,-0.001708868498243902,0.030376661710939612,0.049161487664635385,0.03670850027818966,0.017529536655324852,0.13104804776071458,0.05462654178121185,0.04523748095520368,0.009487989424539715,0.0995924555524977,0.02818811285593133,0.017136109845130285,0.0038611272652763753,0.05962964563945135
385,1202986,TRUE,0,0,,150,11100,74,74,74,53630.40496367874,25,262.86250400543213,0.5028828828828829,2.066858157429412,0.7050792122101566,0.07697845497685059,-0.09790969144056784,0.3248089245045842,0.26868042931830965,-0.011035363117934086,0.010145477324196807,0.08648700114017524,0.6779197347211382,0.013480368512389847,-0.0011477080608365989,-0.032237792424443246,0.044961030653421843,0.03449393731483093,0.013803523999152295,0.10405508823353452,0.05198921357090774,0.030771948398935198,0.006656896472252376,0.10474926927864425,0.028029727363816526,0.01935899346229154,0.004575763833385457,0.06378699553126897
386,1202987,TRUE,0,0,,150,11100,74,74,74,53621.68831127723,25,131.6760230064392,0.49972972972972973,2.066835631328149,0.6520346486400949,0.08355460176444288,-0.11661511583315932,0.401382248067664,0.477507987056326,-0.014329915420083642,0.0021811806156732203,0.011687393029130369,0.6784474009303216,0.00919774005384605,-5.155496260923906e-4,-0.026767297824805445,0.053349623299473584,0.04710797935200479,0.016880673444006254,0.13546501881030554,0.040974808044803614,0.027902116204026522,0.0066009023997536075,0.09498739471124601,0.02821452674434483,0.02144837528926398,0.00477252024302361,0.06582451893144037
387,1202988,TRUE,0,0,,150,11100,74,74,74,53668.66811249743,25,196.8358039855957,0.49873873873873875,2.0674260688154695,0.6860825333885225,0.06080936656943892,-0.09874643772445889,0.41100816841629134,0.4254647641511886,0.03481885379830673,-0.011519657689992866,-0.0331101490027443,0.6903996437146684,-0.0021553389398870494,0.0028603383904415823,-0.05463708322984936,0.04920306801704723,0.04015679117525448,0.012786070155323043,0.12994183296418443,0.0488033385620064,0.049453031724123395,0.010554981309178363,0.1092946649755076,0.02807469750174789,0.018055806664295494,0.004146414060061468,0.07056184316029487
388,1202989,TRUE,0,0,,150,11100,74,74,74,53690.05597819253,28,109.35735201835632,0.5065765765765766,2.0670089509356786,0.6832356202897761,0.07851622412991696,-0.10868211374465254,0.3305590226767831,0.4297464959464536,0.028611504500655936,-0.007079340443404342,-0.09242329756550796,0.6952860271232681,-0.024988089109753066,0.0030861904427965997,0.05143470624006907,0.04929376342039383,0.040182149118025666,0.015550199917701102,0.11505213759746777,0.04721574139728974,0.042350632264184396,0.009305050918711345,0.09881295101411407,0.027849551597972262,0.01646634296699625,0.0036010431861895377,0.0615169555365215
389,1202990,TRUE,0,0,,150,11100,74,74,74,53790.611963598036,25,153.44593501091003,0.5023423423423423,2.066854203652944,0.7049285128921543,0.11298400317832681,-0.09265642110334764,0.08167120501006801,0.31829512813456506,0.023045709643565605,-0.0015787184612374358,0.049089966980384,0.69534854806478,-0.02148709553714166,0.0011042397079854313,0.061154338234478654,0.04668718758558561,0.0351385900074662,0.014652558298046982,0.11916203784369644,0.05563686488102637,0.04574292638520386,0.009336610679300453,0.1050648589207567,0.028895827902138033,0.017739823806189256,0.003948653064694529,0.06477390822310398
390,1202991,TRUE,0,0,,150,11100,74,74,74,53854.07026799659,24,99.34233713150024,0.5088288288288288,2.0666766800635137,0.6674012424088328,0.09631030116288826,-0.07052942178735214,-0.0010324671700508224,0.44683595951731536,0.0032864558177211323,0.004767764236796897,-0.07295229005763093,0.6672433984011206,0.005976628108560962,-0.001505013962581717,0.021142869385173107,0.053222564961004,0.033911233119146136,0.013251442149415933,0.12967921880307703,0.04214511379494382,0.027441223960888876,0.0072925333338448054,0.0982379645634924,0.03144647274340424,0.020784681314266435,0.0047677310869095844,0.06774509555534027
391,1202992,TRUE,0,0,,150,11100,74,74,74,53733.997215129326,25,104.52756595611572,0.5003603603603604,2.0670341799317913,0.7640343267105636,0.04626026256648056,-0.07849052814494849,0.06389446527940876,0.30465637072994245,0.02525491132653676,-0.006897427856889097,0.09476618760231699,0.6960905457554358,-0.013311898796750746,-0.0024356371128841404,0.06824660061801996,0.042843783324249415,0.029731299536106662,0.012417500224250992,0.12432403816220917,0.0550409527554926,0.04686109183619679,0.009247564991996757,0.1083834561813643,0.02934848013488529,0.01784833482942224,0.0038754587840813233,0.06454099676456414
392,1202993,TRUE,0,0,,150,11100,74,74,74,53769.58183850318,22,164.27890586853027,0.5055855855855856,2.067262933892486,0.7117536571440749,0.10540045020358334,-0.10820890513388459,0.3064247782078441,0.4023570709965775,-0.02608213905311122,0.005514161616306686,-0.0039927322613942445,0.6659943616319186,0.005800841574501536,0.002562636767890537,-0.028045565130844725,0.04901838917733919,0.03591172091897072,0.014518372212004185,0.10188702916672773,0.04551289003285359,0.025436901550788087,0.006658082713285763,0.10160671933404343,0.02975404655245822,0.01810931883467129,0.004256973849658827,0.06360694213645521
393,1202994,TRUE,0,0,,150,11100,74,74,74,53934.56075472689,25,100.83619499206543,0.5021621621621621,2.0667250065093565,0.7279027153084254,0.1051764396022524,-0.10040184339981774,0.23341263144319033,0.4031941162094485,0.01159161182000257,-0.004555640939868986,0.0035683103363392133,0.7086590143086673,0.006080957426571086,4.641809406176909e-4,-0.07058952127190916,0.048662836737091625,0.03758647658181127,0.012623348609478127,0.12262930382758855,0.048175287986918655,0.03142327345184912,0.007537455489905557,0.10819580759834477,0.029296255016871907,0.01666767202054059,0.0039042475772225788,0.0724324347903352
394,1202995,TRUE,0,0,,150,11100,74,74,74,53751.92917070841,26,161.08815503120422,0.5036936936936937,2.0688542955800586,0.6898945115686563,0.07374553401564928,-0.08743160083869994,0.25066487960058303,0.45177449301085154,0.013972519573639928,-0.005057384759153812,-0.046370370650711215,0.687907217932586,0.0151352545781825,6.876922682643965e-4,-0.0887825592498896,0.04895976155994329,0.0387077691741582,0.01295764162861653,0.11786941230759126,0.045880480841536585,0.032141129116779923,0.00739386805508613,0.10169755784734776,0.02830939425961946,0.01891189343749739,0.004126559271198138,0.06822375253169606
395,1202996,TRUE,0,0,,150,11100,74,74,74,53908.039732728284,25,118.55170702934265,0.504054054054054,2.0673489612803375,0.6775229824624968,0.13778258383440783,-0.09803234626297326,0.09454832432408608,0.463936963314064,0.03497705531356872,-0.002843049301772027,-0.14415853283057678,0.6514993088555443,-0.010143239234791565,0.004782432983446056,0.040991822560803644,0.051868777375444604,0.04058373745413123,0.016448659247002673,0.13707021106388084,0.0444921549462087,0.03664337618539299,0.009415691253347373,0.10298135336261038,0.03172229562290921,0.01904089168530262,0.004355702642059205,0.07393619353926294
396,1202997,TRUE,0,0,,150,11100,74,74,74,53936.230293896006,22,88.5573890209198,0.5018018018018018,2.0670984599001256,0.6969087377114468,0.07977982635406887,-0.09657065553882073,0.24359444323694265,0.47588433412309433,-0.06442097396107141,0.0042511512714944475,0.1133227114450254,0.6520483294333469,0.04235199460458874,-0.0048983454348707775,-0.034158450396385806,0.04916974736483613,0.038808164560187444,0.013409181226083857,0.1266984857896222,0.04296354474796459,0.020581457267741216,0.005824148622364442,0.10178326116489779,0.030903719673728323,0.023870826805276163,0.005037990841127323,0.06626602063429399
397,1202998,TRUE,0,0,,150,11100,74,74,74,53808.38270409211,23,103.3459620475769,0.505945945945946,2.0668901517900697,0.7692939556499433,0.049326754105076386,-0.08115287541468684,0.10012068635213334,0.3450282278835038,-0.010603654555804292,0.007018823420182304,0.02885084797855164,0.6624683902875917,0.032998616792189475,-0.006620290237988695,-0.0011712294055297333,0.04232793153534432,0.03385064916581981,0.0121270355136967,0.11154167039752014,0.048736868942372516,0.026732373556273094,0.0061997206776457404,0.09839229486399213,0.031028425421076263,0.023864711734982422,0.004928440290268729,0.06462916774505614
398,1202999,TRUE,0,0,,150,11100,74,74,74,53550.73541631487,27,92.03854608535767,0.500990990990991,2.066818497012188,0.7113733558738656,0.0423917806863575,-0.08131844580600847,0.1682099891623189,0.40418425663803437,-0.0035747070933879284,0.007190724240172393,-0.09043827312923552,0.6576612587840316,0.037818883968175995,-0.008864986356221773,0.007794489292025708,0.04639881214109909,0.03646637202355433,0.013451278003550933,0.1290402792918425,0.044857858088234184,0.025097626403009124,0.006426368921722129,0.10514589005716561,0.030283253317343547,0.025269909421647602,0.005289566567146529,0.06543331384593702
399,1203000,TRUE,0,0,,150,11100,74,74,74,53893.525905547926,27,157.40583205223083,0.503063063063063,2.0668842408145336,0.7700778893764082,0.08407967944019525,-0.10312262063849555,0.21731329871672228,0.3783097367402659,0.08211940122679327,-0.015864726488187823,-0.1267819417196809,0.6884843587356139,-0.018113176346559748,0.005707208637406065,-0.0025142179806249654,0.04564369892887958,0.035158903761443754,0.013327095292969295,0.10831615512092527,0.055702441885496556,0.057340115793412076,0.012565253474133996,0.10621521944828753,0.029340417751340882,0.014308561321999496,0.003423059372317894,0.06483196158878553
400,1203001,TRUE,0,0,,150,11100,74,74,74,54005.20154462593,22,104.61328887939453,0.5089189189189189,2.0670242749646905,0.6152624349796764,0.11805486144088854,-0.0726000233825368,-0.08191091675447565,0.3936123638185766,-0.05307605789778363,0.010738055652431166,0.11193597528445648,0.7331791601221274,0.02112918908477477,-0.009561022050486713,0.013274078425484951,0.05617462741960494,0.04407040343635291,0.014943738951078192,0.15694693219302458,0.04588413363790636,0.022048439283001695,0.005366389444263359,0.10754434890191489,0.028017986446175393,0.02089922359078631,0.0045768250122644,0.06672255910943067
401,1203002,TRUE,0,0,,150,11100,74,74,74,53485.567772031995,24,86.22848010063171,0.49864864864864866,2.067082472853023,0.7057730414187302,0.0969811973617555,-0.09480451453998638,0.19105357970846665,0.4268015610478541,-0.03723293625193112,0.003910320063920832,0.04794272103959344,0.6461106005351294,0.02151066196505787,-0.004502982635132093,-0.00531132154108255,0.04959834769105824,0.03851881531716521,0.013671881297268816,0.11416595836837391,0.04204763209893584,0.023053296060697236,0.005982075768667163,0.10051570864206114,0.031474855595737,0.021618209060195143,0.004788694681190128,0.06683205724270126
402,1203003,TRUE,0,0,,150,11100,74,74,74,53973.90755876146,23,99.2526650428772,0.5072972972972973,2.0668369092341434,0.7259332832844843,0.10836694998096869,-0.10531783397495431,0.2588209125840777,0.4247604884905556,-0.014786758120065177,0.00420960556679839,-0.021528546803398402,0.6764707574172264,0.0012698566948982234,8.261797501388968e-4,-0.0043396205565350825,0.04727208952836383,0.036205262880368475,0.01374785446884563,0.10535700869727604,0.0459090565111413,0.0281982792837953,0.006975814333679287,0.10134711245428536,0.029989094923218034,0.01973780684760007,0.004408387711609657,0.0667936671361677
403,1203004,TRUE,0,0,,150,11100,74,74,74,54045.004380308004,25,99.69434094429016,0.5083783783783784,2.0669689546999206,0.7481651390223053,0.1131633525898716,-0.09339222827386709,0.05973058675030021,0.38458230354638295,-0.07287140004956387,0.010295335999060259,0.17192392497501668,0.6694561762988326,0.014004708596004157,-0.0049031833760293485,0.04063824726568335,0.046427124698042894,0.035858225994781084,0.0129790449792396,0.11080237595260749,0.04672323026067295,0.022324525781229537,0.005735736100029,0.10379717817680233,0.031086337183735605,0.023943710599509678,0.005207699714764328,0.06502301813448548
404,1203005,TRUE,0,0,,150,11100,74,74,74,53558.26771195344,24,87.50098013877869,0.5075675675675676,2.0669983814215813,0.6611046608899008,0.0889184124936228,-0.09451760401424425,0.23167916923920723,0.420503318881654,0.006168070935940215,-0.010951099733727439,0.061427223191382475,0.6850519109003779,0.0033304800443077444,1.664152354553019e-4,-0.01479330691999301,0.05077582167196648,0.04480909688189918,0.015254451691842008,0.14136517144931338,0.04727041406446888,0.03641458545207997,0.008485308020701061,0.11408273482778439,0.02806798786473427,0.017727368683651067,0.003909198122636933,0.06997478577559933
405,1203006,TRUE,0,0,,150,11100,74,74,74,53832.33440985092,25,99.67079281806946,0.5025225225225225,2.066821544841256,0.7842368785412058,0.10586140211643293,-0.10014519535779545,0.1545641429475138,0.42360387480452083,0.0012800358389179194,-0.01941535595241153,0.21687806667669512,0.6236936266264126,0.006993756530944859,0.008650007951306106,-0.07081912261366614,0.041855876978548374,0.03154983536653945,0.012733500031593502,0.10518514896926853,0.04713551621970763,0.03823648855828403,0.00965094781771477,0.09954874267061078,0.030854569826210293,0.016523258236406192,0.003871740884931404,0.07002127506716954
406,1203007,TRUE,0,0,,150,11100,74,74,74,53764.486304767895,24,107.29444217681885,0.5048648648648648,2.0668186249253875,0.6953589235780531,0.03306013422996424,-0.09657470118565796,0.37273575113356094,0.43795850657337476,-0.013643115354176673,0.002671016964446442,-0.029218757829500144,0.6774866279382837,0.031970736467423426,-8.171857419207154e-4,-0.07845117334820484,0.04844680266121079,0.04094151611415569,0.014606272459099907,0.11828989610355337,0.044713276444380196,0.024802308035872456,0.006320693978230576,0.09876504918567369,0.028946955411911415,0.0205742942558139,0.004347623703793781,0.06225972297731506
407,1203008,TRUE,0,0,,150,11100,74,74,74,53564.041813762786,24,99.04255700111389,0.5081081081081081,2.0667942950326657,0.6493603980072402,0.09703072759381928,-0.10320624088489386,0.1957296591678746,0.4804651819900938,0.04737038154804123,-0.015799251708358584,-0.05053591268357033,0.6901089561214423,-0.02898860957413409,0.0019204844662990637,0.07138938012164546,0.05565626778247939,0.04894296575476281,0.01640997237097777,0.14250924600289872,0.04569306836213813,0.04288281107373842,0.009616021405531708,0.10029299897765863,0.028441555349585142,0.015201765247099678,0.0034907493262444013,0.06658827295945066
408,1203009,TRUE,0,0,,150,11100,74,74,74,54169.04438582917,25,111.38528800010681,0.4999099099099099,2.066682092322041,0.7273270145685768,0.09803617544638006,-0.08679347212293456,0.1726967900897274,0.45428343957459916,-0.02114286942457864,0.009464725495854892,-0.09124679734780236,0.6900782283010214,0.023755461145911268,-0.006121243814914178,-0.02646663550720571,0.04585336273160457,0.03297380556050333,0.011785756753374104,0.10346684973422152,0.04115583258188092,0.022543826708447113,0.006010423765625889,0.09798218140891055,0.028886286986034005,0.021930831014346865,0.005272206275108697,0.06468524672444591
409,1203010,TRUE,0,0,,150,11100,74,74,74,53712.34300095052,23,101.37378191947937,0.5083783783783784,2.0672641477705684,0.6997538272028864,0.0780180394431974,-0.0938345385094117,0.20951389328366934,0.37293425065208624,-0.010411437964906086,0.010085901149791292,-0.03487353110464678,0.6852710326387662,0.002923058523900777,0.0037253534037450576,-0.055624340866037306,0.04702216061707013,0.035023712821415594,0.013505270768425769,0.10715274704396313,0.048639116969443064,0.026510709841691623,0.006207472506761472,0.09852362783470868,0.028293644606122444,0.017498439797448865,0.003999183462752069,0.061606359754301517
410,1203011,TRUE,0,0,,150,11100,74,74,74,54042.0396859939,23,93.22123193740845,0.5081081081081081,2.0677950771148215,0.7350724762059287,0.10881909610812619,-0.0898815788706168,0.0330112026246684,0.4407207773800772,-0.02848682288422996,-0.005236979138924142,0.11446585493412832,0.6840639248264996,0.006147908688507431,9.723896312911328e-4,-0.012549728338899316,0.047777345964694316,0.0367238405324544,0.013799383044347078,0.11629262689513734,0.04680632957109662,0.026710736595202428,0.006285417290663712,0.10573353467727858,0.03036685313196771,0.017537131860572947,0.0036323362719820136,0.0649846897482277
411,1203012,TRUE,0,0,,150,11100,74,74,74,53664.15150212668,27,93.87415194511414,0.5038738738738738,2.068272486182589,0.6787572752102059,0.0758842583084305,-0.09600339831486802,0.23992274044252532,0.3927063521212004,0.010338229147161768,0.001635662310683319,-0.15097159625493617,0.709964614439282,0.0045637603934105386,-0.005551739701183717,0.041870712327200334,0.049196395628578075,0.03562719735141793,0.014031191978278184,0.11647334660751614,0.04688143362253602,0.029133700314647216,0.00810769465235003,0.10726480150825968,0.027338303900134635,0.018024305546899936,0.004310754890062137,0.06004165752730866
412,1203013,TRUE,0,0,,150,11100,74,74,74,53706.109300930264,23,98.3607428073883,0.5055855855855856,2.0668492964740985,0.6074724843240453,0.13231921714281378,-0.07524879917414695,-0.0075421127975511815,0.47707022849831976,-0.041826517728499824,-0.006007573674371524,0.13128669446810873,0.6816504556239116,0.0172077161062726,-0.0030587033681308377,-0.019684235899836058,0.05547054778980834,0.041030904351440405,0.013528651425243008,0.12046054948790577,0.04397108445351897,0.024828664286602894,0.0066565029671782254,0.10080585046904277,0.02895328643612731,0.019811130586803376,0.004319204973000204,0.06372083482689074
413,1203014,TRUE,0,0,,150,11100,74,74,74,54380.03207753639,26,130.261901140213,0.5070270270270271,2.0672840497360996,0.6581345704384349,0.08166516109924984,-0.11034328442129862,0.4073419883125341,0.4983978689667637,0.018243418533896313,0.009064463258502707,-0.1968655222102017,0.7250513861769711,0.023632233562194727,-0.005405169358720741,-0.03162335910154178,0.05440658047021586,0.04479726661518866,0.016923686928054505,0.1318061537804049,0.04096509975303168,0.023167581117727633,0.005318229700969153,0.08908555686956152,0.027746365018889243,0.018995060018030707,0.004210036093600108,0.06422645369525762
414,1203015,TRUE,0,0,,150,11100,74,74,74,53831.091440180535,24,101.84291291236877,0.5076576576576577,2.0681517188615697,0.6742729819182658,0.09951639707471203,-0.1043078909966175,0.20102850618339974,0.3810308153696388,0.014182372160605784,0.0031770641377267465,-0.07019850742087816,0.7250093170029238,-0.025873145009991407,-0.0016999065984542319,0.08875921487224167,0.050865581881326165,0.040435628417770944,0.016979004698497016,0.12870562227851645,0.0500399449897681,0.032591687714676416,0.007601666640624,0.10646138637072408,0.027998794260898973,0.016184554000248697,0.003863188770760254,0.06313707835203215
415,1203016,TRUE,0,0,,150,11100,74,74,74,53550.664522282284,29,107.58208203315735,0.509009009009009,2.0668284950874294,0.6542313607810034,0.04603106959780411,-0.1263796828745393,0.5889237799816057,0.42695850835018684,-0.05616190662917779,0.002257378318557579,0.10751869874453363,0.682828702703953,0.06047040402390153,-0.003615932864611399,-0.1442545481604431,0.05304120669098766,0.0469763641309086,0.017354474124581572,0.1225831369878445,0.04605948497401996,0.022087079643003226,0.005893012735760801,0.10564792766706353,0.027957690667463557,0.022280282158936945,0.004846967850973313,0.05839847534821026
416,1203017,TRUE,0,0,,150,11100,74,74,74,53709.354944834624,26,92.24741196632385,0.5058558558558559,2.067253020316563,0.7127523272051897,0.09921805604761573,-0.09527854614197206,0.07329750334583403,0.42260607838835734,-0.06877662139539159,6.436384900961309e-4,0.19724218666457452,0.6639195115169904,0.02534744820123899,-0.009441251565830673,0.06536069038727597,0.04783117516776992,0.037511452346178156,0.015264239128988815,0.12491583191472659,0.04591937263042105,0.021506870987856926,0.005759364238200883,0.1015649069884748,0.030637566941591293,0.021001982378235272,0.004390267768951033,0.06327151841492734
417,1203018,TRUE,0,0,,150,11100,74,74,74,53617.17232014171,22,97.37877082824707,0.5010810810810811,2.0666735028942336,0.7316743212858651,0.025267729024766143,-0.08920554060828127,0.33878935604855204,0.3932848636968541,0.020157788082401398,0.0019122864688281243,-0.06241982794455975,0.64457456737341,0.013653594552339242,0.0024717841753072265,-0.03988285431425121,0.04542777144570825,0.030933608988315677,0.012291594529341159,0.11433527615936884,0.044193922064772545,0.03012329822977866,0.007131298603570019,0.09116579598858135,0.029593576139449424,0.01850322046050391,0.004124440029856177,0.06475706911796181
418,1203019,TRUE,0,0,,150,11100,74,74,74,53563.24724375679,24,94.98826098442078,0.5060360360360361,2.0668753020500388,0.6916400094649428,0.12267931986448896,-0.0786230846865642,0.11615240941730927,0.37253505144454224,-0.0042347014610699335,-0.0037554735622697326,0.08227285311680925,0.6594048755983074,-0.012649870699209755,0.0063257924574418945,-0.06838866711313886,0.04544932560329704,0.03707118325624805,0.012464568168635589,0.1252005845311623,0.04950296046641829,0.04085285970996127,0.00910108214249379,0.11841950503324833,0.029827531070869377,0.019606511049792465,0.004306999727563862,0.0819895586832065
419,1203020,TRUE,0,0,,150,11100,74,74,74,54035.93295161757,25,244.9105122089386,0.5037837837837837,2.066727808094265,0.7568431986777197,0.12894863421175395,-0.11432550538108228,0.2577758474562254,0.40406939356165256,-0.030402896461827682,0.010503630496178647,0.004449180526032098,0.677038580835759,0.016865628839895397,-0.005034113262776082,-0.0033168528010586156,0.046942444636184605,0.03951674319201443,0.014835171332149495,0.10560030295670447,0.04416859191090399,0.024016325619005924,0.0059673106539045295,0.10447803430399645,0.031169557221850344,0.022119496170069964,0.004851975377354912,0.07057179587102097
420,1203021,TRUE,0,0,,150,11100,74,74,74,53846.261400057745,24,98.25509119033813,0.5021621621621621,2.0668509145734335,0.7261230119976836,0.11235123362690459,-0.10554329214187634,0.17894560170298254,0.3512114589268554,0.037451610368842224,0.0076190733324801516,-0.15817703165911826,0.6836252014786486,-0.008027555895505627,-3.50440493386983e-4,0.04896055622393831,0.04588271596178065,0.03285958036195798,0.01318984759505731,0.10879707504389854,0.048902879916515304,0.036301099772627424,0.008611348555507855,0.10130982897024214,0.028930840039245037,0.018232364832245714,0.004446213275006688,0.06538622850539283
421,1203022,TRUE,0,0,,150,11100,74,74,74,53715.10825588189,25,96.1417829990387,0.5073873873873874,2.066729607133023,0.7027172610441081,0.12884033341940934,-0.10161001591854434,-0.04658251615495178,0.4540455256330304,0.004581512430128801,0.007059666434830518,-0.12121989611874491,0.6760234314460375,-0.0072519151576954655,-0.0029325149223317034,0.08326921398850702,0.049801053050370074,0.039019512671504594,0.016464489675912554,0.13861933197667592,0.04405276183145273,0.025433996557379764,0.006080237304638814,0.09239275156584736,0.0305490198031477,0.019458455052761392,0.0041155795380600655,0.0674630078667056
422,1203023,TRUE,0,0,,150,11100,74,74,74,53835.611951320774,23,104.13915514945984,0.4973873873873874,2.0672557048994804,0.6639892546595402,0.09226087943543176,-0.09806701162230322,0.22667903666050332,0.44731825797226415,-0.016334727796280767,0.009272923789511191,-0.08806105277060315,0.69115310676968,0.007299107600646212,-0.005442385109439155,0.04187683766835138,0.05111285575171567,0.045112469609654884,0.016389606739933137,0.12860489968640665,0.041969423882723324,0.023678695897775878,0.005668125342753649,0.10154229960170273,0.028971732283110178,0.021303076826901978,0.004637737109146392,0.06660188716074929
423,1203024,TRUE,0,0,,150,11100,74,74,74,53976.65415159018,24,90.72438907623291,0.5084684684684685,2.067407693483665,0.7046187161004341,0.08360066444457517,-0.0634398952865338,-0.008348298289061057,0.35788214052893436,0.05166892138797767,-0.012375595396975166,-0.026001958664664798,0.7167666943926154,-0.02064271870903993,6.90996663380925e-4,0.02800904716008996,0.05039114109118687,0.03509292148078836,0.011734875701242238,0.11784659153364736,0.05626911655315237,0.05063321831387718,0.010580443693659793,0.11628164097042135,0.02996523990265327,0.015395418147429403,0.003621658202202553,0.06803156554761293
424,1203025,TRUE,0,0,,150,11100,74,74,74,53604.53157111955,24,103.18391013145447,0.5044144144144144,2.0670346592950257,0.6646841921811315,0.0496431462427738,-0.09966621232485356,0.3182786400307066,0.4188499021906912,0.07994009960872929,-0.014802332073497881,-0.11868659956916079,0.7156702290175536,-0.004935587416779687,0.0016478507053424194,-0.03582722416114642,0.05222402292637339,0.036611897271790934,0.01491624345969244,0.1278326003555353,0.0472218212714392,0.03873457001846238,0.008852137049973879,0.09334038148326011,0.026900206308465742,0.013390607031993539,0.003267125384612189,0.06059797773766562
425,1203026,TRUE,0,0,,150,11100,74,74,74,53562.583974750596,25,97.33569192886353,0.5063963963963964,2.0668190730312443,0.6439500256638583,0.09997687928769083,-0.09751249976965932,0.2856412907372601,0.40675151601051535,-0.0368307728015888,0.003009297102993084,0.05350228396896964,0.7062466797593393,0.009652390968333206,-0.0015081078247750428,-0.06482990070799553,0.05184836992307715,0.040968997011127044,0.013891057527626363,0.12142625338125465,0.045737394801407545,0.028071303329545494,0.006964509900275433,0.11109985115440288,0.027306609533064363,0.020724350160350347,0.0046630070608241906,0.0666704162061332
426,1203027,TRUE,0,0,,150,11100,74,74,74,53785.74081688974,29,97.13277888298035,0.5017117117117117,2.0669188371926492,0.6253005871223097,0.13952525623496176,-0.11322139395748448,0.23684726817290408,0.5075699267380576,-0.04394905041535557,-0.004501642998984489,0.042022626178899486,0.6979159547774808,0.02226789048652323,-0.003131178226061821,-0.037219566218146795,0.05564474386345179,0.050773952882063454,0.016639617383198614,0.1254104371878655,0.0409302512470342,0.025114142999813658,0.006522712106099866,0.10372551082947848,0.027644601317000587,0.021613543624700585,0.004594530466170896,0.06293326310200201
427,1203028,TRUE,0,0,,150,11100,74,74,74,53798.497095864914,24,97.3056230545044,0.5009009009009009,2.06672292381777,0.6872130744317723,0.07437524179867924,-0.08268971565794823,0.21800635469231888,0.37053534562729745,-0.015144729457077375,-0.0033326642880713354,0.07977443032853637,0.7166105893815684,0.01790422372904876,-0.006669095582601755,-0.0263429578845854,0.04780751432694728,0.0344705702471055,0.011961184373259505,0.1211165980048289,0.04971408539961043,0.029017213967811394,0.007110489786895061,0.11448171891006882,0.027675931407130015,0.018382957552422495,0.004195777527858219,0.06555398259629831
428,1203029,TRUE,0,0,,150,11100,74,74,74,53868.1401267565,22,88.60124897956848,0.5021621621621621,2.067381639267842,0.7651568489813916,0.0628721058908123,-0.08760921703011608,0.17599504592925,0.39063264930961794,-0.014539877646131296,-4.4024403231775834e-4,0.07954775966202597,0.6488912090520178,0.0396976573084244,-0.003957778987025194,-0.04273185311414452,0.04284286319111256,0.032390961765575946,0.012395890959022658,0.11237336983713353,0.04663024443760781,0.024259227158524667,0.006094540050948329,0.1004547158116705,0.03028225100797903,0.02005429942295312,0.004381048986079174,0.06386738683717447
429,1203030,TRUE,0,0,,150,11100,74,74,74,53857.62662783458,26,93.92260193824768,0.5022522522522522,2.0668387124140435,0.7907204725886214,0.03776770893172313,-0.0902161702540647,0.179586655914291,0.4063572020952687,-0.060219897300980874,0.005978107131108861,0.15482267520147713,0.6531053583143741,0.047487570867131824,-0.00521317573492007,-0.06731666707782098,0.04257612500109518,0.032836929173964795,0.012306209413390968,0.11127633127977735,0.0443131602126559,0.0200720303910744,0.005282850787671574,0.09664070221305844,0.031047521109800167,0.022990401337139525,0.004778329288587173,0.06126227938648811
430,1203031,TRUE,0,0,,150,11100,74,74,74,53982.20300358446,24,99.26627206802368,0.5057657657657658,2.067005850053041,0.6881910251084545,0.10737323850594688,-0.09316247978548295,0.08473621325818353,0.4120760139541328,0.022409043948291785,-0.00188424282345941,-0.018845463051073284,0.7245648773634742,-0.016540137013986683,-0.003525748295908104,0.06518609894592936,0.05114619161433375,0.03407622860865729,0.014054143803266443,0.11207624971151504,0.046835294770026306,0.02969653214792003,0.007188570491345739,0.09258931943195121,0.028281487789626383,0.015177476169610033,0.0037835000863752893,0.06024617624946138
431,1203032,TRUE,0,0,,150,11100,74,74,74,53511.222900923676,24,94.3350920677185,0.5043243243243243,2.0678403328449044,0.6534493841955133,0.10245168970115606,-0.08484646616917217,0.0955108482595479,0.3748693237443995,0.013921388802445452,-0.008977230242862169,0.04299998421797348,0.7025410299372907,-0.015917516521355164,9.793673385323151e-4,0.018652266331726508,0.05120211304275879,0.034990216074991885,0.013978079144681233,0.11319413352318089,0.050497598962084535,0.04384497582536406,0.009980346271085254,0.09839898464891848,0.028285674586695172,0.01701796830382831,0.003917942595376172,0.060967649080415805
432,1203033,TRUE,0,0,,150,11100,74,74,74,54154.92243350887,24,92.05282998085022,0.5068468468468469,2.067316934525858,0.7141350400099195,0.0706384476652646,-0.07834450853866426,0.1599865572297329,0.44349613129309423,3.3833584255840916e-4,-4.5822668875648446e-4,-0.019507696933078942,0.6863373342329842,6.889860281403914e-4,-0.0010171205161695826,0.019016871006301235,0.048980177207226416,0.03879525335009295,0.013360465732383786,0.12681899418949927,0.04611829008480921,0.030392660916845764,0.007674022070591148,0.10722190876727188,0.0305887655958612,0.020330681554010046,0.0044905904970067665,0.07101860559412979
433,1203034,TRUE,0,0,,150,11100,74,74,74,53922.51262888822,27,103.59440279006958,0.5047747747747747,2.0671067165336505,0.7252236935865751,0.1329955822181034,-0.10421912284582255,0.06908710344211316,0.3488676014072712,-0.008478042750251887,-0.006133489584758858,0.1720581995179437,0.7146280261269938,-0.013437097883899877,-0.0032157383735001953,0.06470401895537857,0.04924970721632155,0.03412640604079797,0.013869856219239824,0.10983787766079757,0.05243117600676457,0.03318961913994135,0.0076022242822737255,0.10047232050355286,0.02973143623429954,0.016230752720896136,0.003793053190598978,0.061595316466730714
434,1203035,TRUE,0,0,,150,11100,74,74,74,53664.9931968561,22,91.03054785728455,0.5002702702702703,2.0666830186039533,0.7177086454005691,0.057350064700794554,-0.08361794686085076,0.06327158147741906,0.40862356319397786,-0.03166624685618176,0.0072785638884000576,0.020210348049959328,0.6581301417850111,0.010445060360538884,-0.002114447732442847,0.039913067203762795,0.04649841967655103,0.03598644885562519,0.015352419626617906,0.11900287025800987,0.04477801755868262,0.026770196797076817,0.006709649537885824,0.09609596884935345,0.03039146529564402,0.024297591212808348,0.005187557089669353,0.06165221767264642
435,1203036,TRUE,0,0,,150,11100,74,74,74,53806.86872239724,25,94.40432405471802,0.5047747747747747,2.0668962131036097,0.7590577387249536,0.07615739200875508,-0.1123812120229745,0.3486009344342168,0.3250099767543686,0.045194313004681616,-0.0041930934397483724,-0.035278089306145906,0.6883075727851513,-0.004144596204774273,0.006523329973480856,-0.06488764603671997,0.04536476392957917,0.03210883450388889,0.013440871913874067,0.10386736412398741,0.053537396746081746,0.04291214910957917,0.009261415172501678,0.10409117361220112,0.02852889008900344,0.015059965316026306,0.00359104326880515,0.062251471661458946
436,1203037,TRUE,0,0,,150,11100,74,74,74,54025.74384187777,26,103.26249885559082,0.5066666666666667,2.0669501394862437,0.6395078757613593,0.16099355689308698,-0.11884569747997883,0.19565355202331233,0.3587514499201879,-0.02482375879056767,0.008151288475578868,0.03678636090812421,0.7323157964008397,0.0018707849388706363,-0.0022970460497829994,0.013896642026540743,0.05317499465410465,0.04196930007046832,0.017154191742598864,0.12324105495148603,0.05084597433762774,0.028634072361940988,0.007028116254126872,0.10778325034522174,0.02629884055191671,0.019054695482406864,0.00446922809519636,0.061271255744035476
437,1203038,TRUE,0,0,,150,11100,74,74,74,53844.97648008461,24,87.9258201122284,0.500990990990991,2.0668516935937533,0.6502575046337193,0.11844231568458835,-0.08588072047932768,0.12632937532803576,0.4167151218690702,0.06829518412783059,-0.011932242826923976,-0.17679481003941339,0.7150789971087592,-0.021018949071498986,0.001002732661908033,0.0290582479956415,0.051893228966698575,0.04075773957573905,0.014855101084532852,0.11458682736370554,0.048388833158315124,0.03546074741491365,0.009433416017075626,0.10565971241200121,0.027677987960883308,0.013578704633409395,0.003531739966713059,0.06351010091133076
438,1203039,TRUE,0,0,,150,11100,74,74,74,53677.21175327355,24,90.6461911201477,0.5047747747747747,2.06677924648111,0.7043791166981774,0.07933982054956058,-0.06607183453368426,0.11227958110720326,0.40740697846044105,0.004246282880071451,-0.003460460854485692,-0.09921232278674026,0.6707829399177209,0.011268568578235395,-5.27883510189584e-4,-0.050630669429706184,0.046714355752606296,0.033623116674561734,0.011607122571565638,0.10669289988855528,0.046775406801471714,0.03634074668939221,0.009953198066512617,0.11499601269566052,0.030686013329232324,0.022112610524821354,0.005192582576497107,0.0698880761581397
439,1203040,TRUE,0,0,,150,11100,74,74,74,54135.16322299133,25,99.10742282867432,0.5035135135135135,2.066693055013972,0.683529682961023,0.09881460636071605,-0.11082148970276258,0.36753550275070557,0.4025447199753396,0.0032665452965406636,0.012516994536359018,-0.18169100179399456,0.7363841806978538,-0.001816586587428774,-0.0033268211311378165,0.003345990459203643,0.0515203898251388,0.039044724961954456,0.01428712499980987,0.11275266013158931,0.046566893444430935,0.029452727499767253,0.007481679515983251,0.10852015590155396,0.02715029988778602,0.020102899329547314,0.004997207754515498,0.0635466311928467
440,1203041,TRUE,0,0,,150,11100,74,74,74,53711.67086519813,24,223.06686806678772,0.5036936936936937,2.0670766693033937,0.6706442645498744,0.17155927722901265,-0.1222465445329038,0.2789435251087921,0.3881752670514394,-0.03976888316946028,-0.003581970789283106,0.12448757734058884,0.7017478522150947,0.0013853282784999795,0.007337279599060216,-0.1251502096390015,0.049280794931437284,0.04130404548210065,0.015902103628371682,0.10924811624773896,0.04850708363884358,0.03507508350223612,0.00908858987040798,0.11454874291200628,0.026984641839376333,0.01933359254658066,0.004495004685973761,0.06726765794735692
441,1203042,TRUE,0,0,,150,11100,74,74,74,53863.32797515349,22,169.8485939502716,0.5083783783783784,2.0668354234330155,0.6482677471003542,0.06557153092537671,-0.08388883915104435,0.3034565091613641,0.5164988892645588,-0.012870222855682808,-0.003394881502395078,-0.02090152307538638,0.6799828166470694,0.0021345664489079356,0.0015100312935430113,-0.03683665420113224,0.05235852362515332,0.04011904065617916,0.013247662399005742,0.11069869785260823,0.04123317239522146,0.025237766861034357,0.006818021198917957,0.09576045542864561,0.02851990344522416,0.017827919764202876,0.004142550366174705,0.06434510340538595
442,1203043,TRUE,0,0,,150,11100,74,74,74,53957.588292169734,25,100.90732908248901,0.5063063063063064,2.0671955304301415,0.6658891433281477,0.14490180833739988,-0.10145450952588188,0.08087188752756946,0.3820995628575106,-0.022732315469684357,-0.0043323443482974145,0.1627292227637234,0.7307881792058174,-0.00568820128641393,-0.0034135176048645925,0.029479201332935683,0.052097775206821566,0.03763856931558625,0.015035821719809241,0.11801389007942487,0.050070851483549304,0.029337833815770625,0.006762790260561388,0.10112387053478651,0.027315561554227187,0.01626041971111098,0.003706059428929011,0.06105300106040094
443,1203044,TRUE,0,0,,150,11100,74,74,74,53922.07532157733,26,215.4496350288391,0.5044144144144144,2.066724145944924,0.7020334613896789,0.07652947010583915,-0.09556584597663295,0.12820621330690168,0.3853228922241013,0.01425366175784132,-0.011073420209972342,0.10019711063759283,0.7209437496187026,0.008301984906931494,2.6597458126340924e-4,-0.034732907344124875,0.0481985833409688,0.03563921610877902,0.014877266463418517,0.12484898464415216,0.05189403121421227,0.03987153865229296,0.008720327755373413,0.10127976908332674,0.027265268362397385,0.016657052351749198,0.0036608285140618015,0.05884522198499801
444,1203045,TRUE,0,0,,150,11100,74,74,74,53691.56037570615,26,107.70831894874573,0.5072972972972973,2.0671593263366503,0.6864705561673511,0.12429418573424844,-0.11068213831263636,0.053484233783544326,0.4430243114399301,-0.009528766035635752,0.003296533218120718,-0.06924810643831343,0.6814530178895631,1.8908459586720912e-4,-0.0038169831222203696,0.08428005365107413,0.05154157354752248,0.037858122832800926,0.016948574922952982,0.12549485797466114,0.043614963345373604,0.027341382480578567,0.006420718462725985,0.09312480418234756,0.02926941818779329,0.019907788333078724,0.004199113523425073,0.0595526784999482
445,1203046,TRUE,0,0,,150,11100,74,74,74,54132.769770450584,22,102.11783409118652,0.5047747747747747,2.066872461423145,0.6973075488536918,0.1684519214451791,-0.0993586519210738,0.0295062834130715,0.4075751887126908,0.020790160205082946,-0.005191038912709076,-0.04409384204099533,0.6935131451453844,-0.027723190304101766,0.00479487586615461,0.054441095796070274,0.04975299481326795,0.03803631215031168,0.014600729008841625,0.11778278248818168,0.0487150251397925,0.03171514249772316,0.00884934908666928,0.11318237497704046,0.0295766754160501,0.01434748099104264,0.003587311091176869,0.06844746223570022
446,1203047,TRUE,0,0,,150,11100,74,74,74,53654.878342328244,22,195.77948594093323,0.5101801801801802,2.0673970738282907,0.8002415355565462,0.06482948004101492,-0.09567516538271487,0.21397286430231396,0.32043908785649405,-0.06257522023975295,0.009768656900451889,0.21469971514563313,0.592709152156868,0.032886770324340675,-0.004236153637074906,0.037179021010334296,0.039759468650626545,0.03129540865884344,0.012052588546704431,0.10480933949525756,0.04857063066434968,0.022041713892407475,0.00543461795123245,0.10499674794450621,0.033139498894913674,0.024903861715364923,0.005012867032627093,0.06872418092989382
447,1203048,TRUE,0,0,,150,11100,74,74,74,53958.30163937016,23,164.85508799552917,0.5089189189189189,2.0669032000073306,0.6677636082437742,0.14604973177092792,-0.10618267046363797,0.2057104957512442,0.41480565205133435,0.0033471687862659714,-0.004763764133095185,0.019710543257646405,0.6776786104416044,5.1699786792861e-4,0.004331020406028137,-0.019102691077709538,0.05211050366726337,0.04257161216583457,0.014677825031778531,0.11759108395228275,0.04976133245058636,0.034627699131837573,0.007981172510483326,0.11161511036352152,0.029545734918576746,0.017310504173271384,0.0038319454245578067,0.06713520067189432
448,1203049,TRUE,0,0,,150,11100,74,74,74,53848.43607041687,22,99.55586504936218,0.5054054054054054,2.0668210154984537,0.7159293995283083,0.07168231679529978,-0.09105205015711973,0.24424346206667924,0.35976656592709805,0.025980530540184288,0.0038005121656882416,-0.03425837471043026,0.6975554592569304,-0.015365712030393485,-0.001792104037281353,0.04679480641075656,0.045423791531270824,0.036400042855977296,0.013044909767966226,0.12282248459240502,0.049895807461619195,0.03590707672855031,0.008235410576707836,0.10431438542376473,0.02884996307259709,0.01824550720202174,0.004366887326239743,0.07205743083292007
449,1203050,TRUE,0,0,,150,11100,74,74,74,53730.93239481998,27,92.10929679870605,0.5057657657657658,2.0670694076021694,0.7060282350105238,0.02457973494816973,-0.08243082444925419,0.267085274411118,0.17017648812269268,0.20965399514216085,-0.037882943341723416,-0.047704450080666067,0.7148235117275095,-0.023998662054818456,0.01214043231289294,-0.0718889690448485,0.04549946886951435,0.03873314956090675,0.013115465224616584,0.13168617507493502,0.088335855620677,0.08961413511009328,0.016570749401214103,0.11544254449932527,0.02595655399157371,0.01224205923652984,0.002958081249692637,0.06584118461687348
450,1203051,TRUE,0,0,,150,11100,74,74,74,53669.56456957479,25,97.8721251487732,0.5032432432432432,2.066742935615897,0.7629801392608232,0.05334886638523749,-0.1073547567190613,0.19047943898716854,0.4246917909784359,-0.026814227093792505,0.005635643099132934,0.004653906276850145,0.6818495836370904,0.024157564254941536,-0.00928458654303641,0.03990396211314215,0.045519190894581243,0.03620569733921409,0.015248493689445666,0.12772963768432466,0.043477688108384295,0.022148284137224174,0.005432318036740937,0.09772433166332072,0.029783157120410204,0.02211121438454118,0.004646822262245217,0.06086975061854032
451,1203052,TRUE,0,0,,150,11100,74,74,74,53677.33674011743,24,92.6781210899353,0.5025225225225225,2.0667438890086336,0.7475528564226809,0.07374937651948901,-0.10193790437008958,0.18999927455728532,0.36213843521756467,0.011894319425689795,-0.0036784949645368827,0.029885222685443587,0.6721472756772494,-0.0059026382856634625,0.0036010339262800366,0.008027684445077515,0.044618215769987084,0.033820908812282266,0.014157749373883222,0.11339605703194534,0.0488360427461129,0.032331711762929614,0.0076327367916266585,0.10560391612051223,0.028741989927353776,0.01601939431005987,0.0036417243349076834,0.06167352005874184
452,1203053,TRUE,0,0,,150,11100,74,74,74,53689.720753245536,24,103.98053503036499,0.5072072072072072,2.0667451551457208,0.7566847932011179,0.098274256624606815,-0.11184981661127891,0.21176200892090008,0.4025152163231676,-0.02968169306297832,8.000223072391906e-4,0.08738502422564312,0.641472385988348,0.004398678096972948,0.0034637882438370883,0.00450103227417613,0.0456360874489816,0.03559714044720373,0.015286936765919548,0.11547945767323418,0.046612949699386966,0.02789209145973748,0.006590704232821663,0.10128331825561977,0.031129298309342836,0.019545352160197333,0.004157206386337716,0.06498524506010932
453,1203054,TRUE,0,0,,150,11100,74,74,74,53882.81714619416,22,89.3729739189148,0.5049549549549549,2.066913075468195,0.7627804796396732,0.0862685276253332,-0.09620968714813863,0.10953323496477871,0.4332096133131874,-0.01360855692310427,-0.015391157715978156,0.23828735278225868,0.6347791993777485,-0.0035677270039496515,0.0067162108640438384,0.00397130051672775,0.04571168471679049,0.03245792728374789,0.014150581405294824,0.11752853548639014,0.04662461172504511,0.030226912188213526,0.00739487458502353,0.09745761122078592,0.03178397900428176,0.015729402149327967,0.0035027717070468863,0.06587495969033334
454,1203055,TRUE,0,0,,150,11100,74,74,74,54013.493974445315,25,89.12529802322388,0.5057657657657658,2.0667974646245812,0.6913105158473684,0.10003105480977179,-0.08891715389520435,0.09139054586863056,0.33250594811768774,-0.012420012157430247,0.005606119210593177,0.05405259256847542,0.7360200219477996,-5.850633715393798e-4,-0.007077651737360718,0.054560803652440155,0.049115462142177976,0.03743474130072254,0.014864075543294742,0.12194020150069224,0.052807322013980106,0.03700704994537523,0.008029296423494165,0.11068127859402582,0.028172369080316124,0.02309257726400047,0.005235480482890948,0.06358618470134249
455,1203056,TRUE,0,0,,150,11100,74,74,74,53909.99851382479,24,91.30676293373108,0.5035135135135135,2.067413336534249,0.6202618272809757,0.11860021177701284,-0.10575293773859284,0.2834856831452909,0.3748050768392789,0.022575179605226682,0.0036605745662446503,-0.12860658493053032,0.756214978414066,-0.0088906275145106,-0.00406739562744343,0.018124484115474408,0.05609333973690157,0.045245072942100076,0.016127914942509647,0.12976392415408763,0.048833869914349765,0.030461744603717755,0.007524395089260066,0.10719907381965811,0.026964490608882948,0.015475588212675914,0.003926515181594304,0.06440917470614062
456,1203057,TRUE,0,0,,150,11100,74,74,74,53675.350111235995,24,147.45085191726685,0.5013513513513513,2.0688897079616253,0.7253396777999084,0.12835219281495114,-0.10332878029215115,0.13624814752251438,0.3882647315572854,-0.01224207957404456,0.005344998239696786,0.004381499820407899,0.6410589382139644,-0.025953525008136333,0.005125311165143138,0.0717665146755383,0.046543237607279186,0.03574220069978707,0.014035971376630029,0.11303783762982814,0.04494585239634891,0.028367607150705174,0.007537972560380343,0.09963426389941646,0.03136142652897875,0.018001304464377386,0.004211361259755297,0.07186062367526107
457,1203058,TRUE,0,0,,150,11100,74,74,74,53809.59372974961,25,91.55310106277466,0.5060360360360361,2.0667113642528574,0.6958081639345406,0.11616433508871664,-0.11347796365862244,0.3721964331792519,0.4432305031178698,0.014568469100290036,-0.0077901691109667865,-0.01319415045867643,0.6650918539071267,-0.008479837503482355,0.010880097879921617,-0.08960556018634164,0.04846383844260683,0.03764482349885108,0.013366289054856388,0.09842571468412054,0.04561639366949736,0.03643184224035776,0.008541156658435217,0.09465425568282154,0.028408328923345733,0.01569636233151269,0.0036190358320326,0.0656395932270903
458,1203059,TRUE,0,0,,150,11100,74,74,74,53859.69286856748,23,88.65544104576111,0.5036036036036036,2.067144110122369,0.6537305487662559,0.07634605581152434,-0.07787529052816353,0.055999466577038054,0.43216418151475355,-3.401981771420733e-4,0.0034314639218784534,-0.05170939219756584,0.7047402615027478,0.022014455601934522,-0.009212351396424257,0.037042369523082284,0.05300257819641428,0.039666006708346344,0.013415383953080496,0.14152101768827763,0.04545832602060697,0.025212998338184325,0.006248319250200562,0.10082764933984363,0.02937424627649993,0.021499960527416394,0.004559246969892664,0.06575333125027945
459,1203060,TRUE,0,0,,150,11100,74,74,74,53784.6492332509,25,91.65832805633545,0.5013513513513513,2.067016567135958,0.7119059479111473,0.10346140129763831,-0.13323817493771492,0.3499020057544447,0.3685028427175331,-0.02837362319965398,0.006034164781281258,0.08225676989105175,0.7336833147668338,0.011663802056740587,-0.007958001157131534,0.00924185087911398,0.048255509066456856,0.040440886337895464,0.017103890124584183,0.12364201883234945,0.04759024513464623,0.024407279171795013,0.0060061201996766435,0.10136955641716704,0.0265132534826448,0.017750723833677075,0.004279557122088396,0.06035979467980938
460,1203061,TRUE,0,0,,150,11100,74,74,74,53996.28295622652,24,100.6759238243103,0.5058558558558559,2.066790133107937,0.5889722655469807,0.1117344778183888,-0.04753518601653529,-0.03795322993173793,0.45360019376267197,0.0309610241889154,-0.014719275064593218,-0.08228485978234523,0.7324176790086923,-0.012313663416167532,-0.004543465358852542,0.02733239054049313,0.055447918238322624,0.03877330899183379,0.012108777801843235,0.12325212306406928,0.04651863209746176,0.04150213478250214,0.011016144886616876,0.11224820732180775,0.027772199773547765,0.016566762152372523,0.004126108904170222,0.06642824735176663
461,1203062,TRUE,0,0,,150,11100,74,74,74,53784.88377244614,25,92.29913282394409,0.5104504504504505,2.0669252942319267,0.6586422974770149,0.11351410215474278,-0.09630859727640095,0.1933429677119349,0.42326079572136044,-0.029668953020636952,-0.003923180257038663,0.11657064891881233,0.6751146815043816,0.01302384253297304,0.0015325537766422315,-0.03498827385615202,0.05046234087444628,0.04441776357957301,0.014584719966280621,0.13005796591661706,0.046414040310979024,0.03158802286510526,0.007794680930283278,0.11314285221514384,0.028551250552140812,0.021936973570692988,0.004554026563838165,0.06916939975365001
462,1203063,TRUE,0,0,,150,11100,74,74,74,53801.24630609663,23,89.60994601249695,0.5043243243243243,2.067260298925142,0.6372056343415932,0.07344160305455004,-0.07797345570485263,0.1874709064282221,0.37416995798754654,-0.012023627221576462,0.014967693553204523,-0.1701839070953496,0.7033990070248719,-0.001843640856929597,-0.0069656339182782735,0.0943592209342238,0.05072930245768675,0.03795499217156486,0.014272584296244626,0.12759524921591436,0.04552222769895959,0.02577711227615094,0.006652789638043661,0.10988277579543712,0.027971403434480662,0.02066644971303928,0.004952710282977086,0.06507280604112094
463,1203064,TRUE,0,0,,150,11100,74,74,74,53663.520854357004,26,93.25666999816895,0.5096396396396397,2.0670795913148745,0.6506852727056908,0.09338657802497509,-0.10481613774021625,0.2305374171664173,0.31127085687861866,0.0410006927804548,-0.0038932640319474547,0.025710106126857004,0.7286928247825115,-0.020155940089987653,-7.704523539180427e-4,0.05471844230654494,0.053630913118285536,0.043631258691215834,0.015946991143637086,0.1279053938302408,0.0535097875153025,0.0473595421914168,0.009552103693548041,0.10220473420558027,0.02716820531392492,0.015212944020950905,0.003553176209563358,0.062053370329959376
464,1203065,TRUE,0,0,,150,11100,74,74,74,53940.33373861956,24,104.48006916046143,0.5072972972972973,2.066692970266392,0.7290374105828521,0.1306355349783615,-0.12128372279792214,0.21046495079235708,0.4352017435374454,0.02250935630894386,-0.005412927807980635,-0.09497662434803925,0.6743173266132563,-0.02078023259921036,0.007550576550161497,0.028438934675222714,0.04708794246363443,0.043863147960620005,0.0180119311713541,0.11559670794703765,0.04758900353587961,0.03179176934362569,0.008628296047061326,0.10339566241319632,0.029436265377449783,0.014751366263776376,0.0035490717595936683,0.06457123447504207
465,1203066,TRUE,0,0,,150,11100,74,74,74,53707.69720682374,27,93.71508598327637,0.5048648648648648,2.0668340147110182,0.652689359998132,0.1298354375566696,-0.10886016700040292,0.22172710381282731,0.40563902220250386,0.01774378100374868,0.006779376304672641,-0.19649631034809625,0.7091653415229141,0.007346852172495386,-0.002780202881968643,-0.00888418680670072,0.053571939053609054,0.03740056126828231,0.014474584696118148,0.11527338540026626,0.04683478365138431,0.028819934291728667,0.007552818358314671,0.10618130278778078,0.02807690474813229,0.018000342846688774,0.004349603715656564,0.061860303031177635
466,1203067,TRUE,0,0,,150,11100,74,74,74,53851.22204502384,23,177.4079430103302,0.5042342342342342,2.067025792786247,0.6041891104236466,0.0655240058061546,-0.08654046584013525,0.3419913195009388,0.39809629946273833,-0.04327052192962795,0.013956641689282146,-0.01089573501836383,0.7340902000453355,0.017437186403972172,-0.007374698033946324,-0.02778303059388529,0.054948275253603754,0.04116504033986761,0.01425256938640572,0.11508639830075276,0.04427198029601493,0.02120481518314168,0.0056155877484435485,0.10646621098932517,0.026398921230804645,0.018911590316312326,0.004539250185419562,0.060729729748295616
467,1203068,TRUE,0,0,,150,11100,74,74,74,53776.66475354897,25,179.28980493545532,0.5070270270270271,2.0666720960067626,0.7399473201499877,0.11106388499098385,-0.10990294804523386,0.12181324384093448,0.4390671473532263,0.009792598242645282,0.0027186456511517887,-0.11060119961068303,0.6468433166476939,-0.0031113087482221398,-0.004892009758383303,0.13938778872127924,0.04627004149860451,0.03793179268011086,0.01546799298138858,0.11213085931325478,0.04457471431601991,0.03041287903574958,0.007179646004697136,0.09502256959729699,0.031161930599698566,0.022357400220674954,0.0045745509820039046,0.0653620632066128
468,1203069,TRUE,0,0,,150,11100,74,74,74,53757.0199644913,25,105.94596886634827,0.5042342342342342,2.067270773726068,0.6410695141682271,0.07324936799608588,-0.0807361439287348,0.2168353596991649,0.39433364198677584,0.06417932706808785,-0.010958042531006525,-0.12185539359015822,0.7134538425960275,-0.02114504306609043,-5.239135556608025e-5,0.04914956545021427,0.05218112822567277,0.03966427252057604,0.013079397580427215,0.12568233344963048,0.05106329999029261,0.04407629185100841,0.009078402562117508,0.10194108602577028,0.02803546723918533,0.014911672647404076,0.003405613365320662,0.06458214155463539
469,1203070,TRUE,0,0,,150,11100,74,74,74,53781.66276751685,25,208.3816089630127,0.509009009009009,2.0671101140087407,0.7746918098531534,0.06043792713031594,-0.10972230730795438,0.25322660874617725,0.41274907898566504,0.05201719217424988,-0.009023444625666248,-0.05983742663485999,0.6833288625636809,-0.013763062311271763,-4.515789471749113e-4,0.05768444960957962,0.04487859809846253,0.032285853644509706,0.014225851037673704,0.1173419305672281,0.05227389704177453,0.05000404265421977,0.010518528280709644,0.09496455808070715,0.029814998458062847,0.018375013674929188,0.004002939458953774,0.06408027111105608
470,1203071,TRUE,0,0,,150,11100,74,74,74,53955.548217524825,25,161.47756600379944,0.5045045045045045,2.067606327463227,0.6213358338885777,0.042201688721699424,-0.07295111345661216,0.33739262691400385,0.49899226579748723,-0.015500967696366238,-0.003758917715646278,-0.10211337130136161,0.7034113783785724,0.03576878041589629,-0.0016772712940510998,-0.11892429813273893,0.054102450560219534,0.038466277980375926,0.010926141444152533,0.12220182080912771,0.0425384476321853,0.03017008031747422,0.008537637350938836,0.1143082462313222,0.02746900404212973,0.023746137627108865,0.005412711424963473,0.06376318744918644
471,1203072,TRUE,0,0,,150,11100,74,74,74,53746.82537020522,22,91.73800492286682,0.5048648648648648,2.066770156392977,0.735400769393798,0.07977171050470495,-0.10041119175117914,0.26148145172207055,0.404041960162806,-0.0032098542788012384,0.0031338357108001767,0.012929810744141342,0.6603772350779104,0.004678813701346595,0.0016245655717740397,-0.017339519476910332,0.04519806078926263,0.03646427502179051,0.013709355584386367,0.12242816258300095,0.04465934581805902,0.03227105031413062,0.00796251236660504,0.10168876496785165,0.029172594277001963,0.021573620946979132,0.0049358817974892695,0.0693489752474075
472,1203073,TRUE,0,0,,150,11100,74,74,74,53839.70123126478,28,107.06202602386475,0.49882882882882884,2.0682437708898456,0.7249388390092467,0.005564464397625346,-0.09941232668361431,0.4252992901454573,0.42574685354336467,-0.02324183366081723,0.0049285105225940805,-0.03634770987391142,0.6956977762278116,0.029471110813022106,-0.004336771561978466,-0.04378286168458514,0.04854080011466401,0.034392168307846555,0.01512574946393402,0.11721742560971261,0.04450007755311065,0.024936109096077783,0.006077520085680816,0.0991503937290392,0.02931428268761357,0.02049066669431267,0.004433533913423862,0.05832122036739722
473,1203074,TRUE,0,0,,150,11100,74,74,74,53706.20650827341,24,105.79063081741333,0.505045045045045,2.066719262292357,0.6694298697960983,0.11317983121774514,-0.1200437292972976,0.23786901893664916,0.4741799019424639,-0.03974410781535434,0.0058963265111534515,0.02677097311127968,0.6877124339212632,0.017685434415281375,-0.006494533524005497,0.02759748309418186,0.053278671500786634,0.043823652777842115,0.01715846520450474,0.12558703648188813,0.04147515523547568,0.02137828867702826,0.005861000208849547,0.09509031041321393,0.028938634691623027,0.021228230587589485,0.0046825438393918095,0.06088825740409943
474,1203075,TRUE,0,0,,150,11100,74,74,74,53743.43804131464,24,92.63376307487488,0.5023423423423423,2.0679720240614947,0.7066885588940115,0.09734515853961714,-0.09485977323932385,0.2166314099656285,0.3811060992905846,0.014091843773686384,-5.141407652347833e-4,-0.018021309509826874,0.6753017209156875,-0.009281818595192948,0.0022919143797341867,0.0063397552394829,0.04716814211226675,0.036690012203346084,0.014703916470092324,0.11323596381436396,0.049374900665301195,0.03189363240974699,0.0071762692578921095,0.10380285450876565,0.029056391917739354,0.01634274495069402,0.0037100342450195577,0.06622320468997925
475,1203076,TRUE,0,0,,150,11100,74,74,74,53942.36180856621,24,105.63951587677002,0.509009009009009,2.0671054288034765,0.699948530979306,0.0882290766830331,-0.10943597181390269,0.2257483859701495,0.4551846944356776,0.017361522962211412,-0.0016893457338339247,-0.07423813345570528,0.7109476270231215,-0.00852728923091173,0.0017984494976435426,0.0013964511869761743,0.05213071375091754,0.03828392603144487,0.016253281603106816,0.12738472582599675,0.04637726725634853,0.036674073079318366,0.008295940441953037,0.0967003094830759,0.028868160807325943,0.018389692623258694,0.004025764172114608,0.06188450780701186
476,1203077,TRUE,0,0,,150,11100,74,74,74,53693.54321271798,26,94.69083499908447,0.5024324324324324,2.067608077879337,0.7567477089628216,0.09569690156178962,-0.0911416639963725,0.012304910970259092,0.3546904514037754,0.05231336863793639,3.1999691237491005e-6,-0.10336912796451189,0.6591717608879518,-0.030345435577081734,0.00194787526871223,0.1127244342461212,0.044416725200178885,0.032853168355383086,0.013800705616275836,0.12123615926333509,0.05072793108019583,0.04520248673370754,0.010051932353916885,0.09755495513908104,0.031081499018107545,0.016867762843861708,0.003982295853578872,0.06773541205220378
477,1203078,TRUE,0,0,,150,11100,74,74,74,53866.11627682354,23,100.87429404258728,0.5010810810810811,2.066841068040503,0.7926372085662522,0.07668823160290632,-0.08696795716794764,0.11785798675321911,0.42685021665717476,-0.039285925665609386,-0.007015921228832227,0.1698940120266514,0.6340848522370295,0.001629078103179551,0.005391836587817828,-0.023703246849640362,0.04253247839274864,0.028638498167264107,0.012136296610980743,0.10348981473308856,0.04850972056215563,0.029987225815365,0.007453031415432012,0.10480484659482633,0.03192117397519003,0.019347127037950596,0.004144373894104414,0.06672093109762409
478,1203079,TRUE,0,0,,150,11100,74,74,74,53998.76705346024,26,180.78886604309082,0.5041441441441441,2.0668384699777866,0.6530055906035587,0.10320736127516209,-0.10651075506219411,0.3655672241233471,0.43511776861925566,0.01818995569519036,0.001792617864858705,-0.1002797957294424,0.712622470944536,0.014910179070212816,-9.834781682500596e-4,-0.06475784318431814,0.05127229470597597,0.04671020950540424,0.015904890641920657,0.12442963310774498,0.045647173432110465,0.028500803080026886,0.007044257352059511,0.10416509545135477,0.027418204270575255,0.017704460817446248,0.004182616685614532,0.06871615572776014
479,1203080,TRUE,0,0,,150,11100,74,74,74,53979.811670051684,23,103.64662599563599,0.5092792792792793,2.066992942658347,0.7044624483446832,0.13055876658826956,-0.10776875482654785,0.1992319399804112,0.3834852114177209,-0.012469547037892836,0.003005025031878268,0.029652941464098942,0.677675268512006,-0.0023159943576084733,0.0017143802512620738,0.022186951928841545,0.04807065683391904,0.04198937418688541,0.01630809228991075,0.10971300583636923,0.04790865537220373,0.02958735431586703,0.006797547756671931,0.1006525819998997,0.029613543226283543,0.018434550374386682,0.004011329498528262,0.06472517243763505
480,1203081,TRUE,0,0,,150,11100,74,74,74,53977.35841179094,25,109.0608880519867,0.5027027027027027,2.0675944790161793,0.8098973551327304,0.08229954397101977,-0.10804912785434972,0.24445973581041577,0.3938874111646528,-0.0027841475188282666,0.006092889953315405,-0.017328058493779663,0.6662846829823288,0.015938422934784202,8.923179843644897e-4,-0.060533329821193936,0.04207692857482762,0.03590884161764463,0.013602771187677764,0.10946070717505808,0.046222193729127246,0.029753983360342542,0.0072705302154136035,0.09831673300896421,0.030822351688352005,0.02258303175615717,0.005068580451372062,0.06982732067546092
481,1203082,TRUE,0,0,,150,11100,74,74,74,53667.383175170515,23,188.1382019519806,0.5072972972972973,2.06727418091823,0.62671951553337,0.12983030961564254,-0.08879810614934523,0.026347733837271622,0.36722271402584844,0.04329513498568068,-0.013221651929587422,0.11222650404853192,0.71705679967978,-0.011015323023234196,0.005859520696325761,-0.06854367148415627,0.05303263778020048,0.04172914828998004,0.015046728798579816,0.136868359335547,0.05231462448342498,0.04777603817620778,0.009946984545005751,0.09782921156288157,0.027438969790307525,0.014911243913657815,0.0033532918245573907,0.06595348182654344
482,1203083,TRUE,0,0,,150,11100,74,74,74,53815.68598562089,25,110.21078419685364,0.5067567567567568,2.066725537984394,0.6620521381236346,0.12030401193180419,-0.09638916855113527,0.02784624251239557,0.4419481492670961,0.04264506371566865,-0.015842148461079394,0.0803552365649133,0.6814136776896199,-0.01398070902736609,0.001707914120425214,0.057284538260488786,0.05146523610916603,0.04222429756893228,0.015858961791927282,0.14729387544816921,0.04557430010163311,0.041884205310185704,0.009307053880833702,0.09555851267996517,0.029345982407008506,0.01626498156536726,0.0034950010326928157,0.06914459648003263
483,1203084,TRUE,0,0,,150,11100,74,74,74,53576.720794612695,24,112.24671483039856,0.5011711711711712,2.0671118189234674,0.713767243172673,0.09710838445531746,-0.10767919203652221,0.31205466323829595,0.41553902400123155,-0.019116649066775276,-0.007947095622971011,0.09749201730669312,0.6664666646643029,0.015477595444514474,0.0028151499296476482,-0.08189830642621458,0.04704880828014519,0.03636896614259871,0.014568786043857338,0.10578769471398497,0.045287640710283135,0.03597104216260225,0.0094130014262277,0.10803957737321598,0.028466347682834205,0.02107915674196428,0.004894029644742135,0.06502686009519196
484,1203085,TRUE,0,0,,150,11100,74,74,74,53592.81359544823,24,155.40360689163208,0.5066666666666667,2.066680965816795,0.6989631189382162,0.14555656291441307,-0.07951194304774568,-0.16817138076319507,0.3125473576428812,0.05984110872487471,-0.00395345059922874,0.009173382897426124,0.6612673825518974,-0.05690001141671601,0.0011037798042192223,0.19454569961061918,0.04650292369988127,0.03547398554977355,0.0135362452346104,0.11175972452053547,0.051925148209640705,0.040290100348285854,0.007962819117685295,0.09183477265170155,0.03129756599787195,0.014359524716774588,0.003321336042877458,0.06675956805018604
485,1203086,TRUE,0,0,,150,11100,74,74,74,53873.66583191399,24,109.57399606704712,0.5043243243243243,2.0669620140400338,0.7724755461496081,0.08095769054297774,-0.10235793709597273,0.26224174654891075,0.39009415400040504,-0.02177603225038833,0.011632753034334182,-0.00888382471208454,0.6453920964161194,0.02485248583240299,-0.0016462713997191314,-0.034719429271036766,0.043046292610057435,0.035114176743037594,0.013172554434654283,0.10597206849269332,0.04491248903474024,0.023136710525714983,0.006034419047672797,0.09725026890696621,0.030671429124749114,0.022253841811335023,0.005074167427113731,0.06708786331978822
486,1203087,TRUE,0,0,,150,11100,74,74,74,53733.550336433625,23,94.25416278839111,0.5052252252252252,2.066721045449943,0.681706169382874,0.15085686475379106,-0.1140628165457408,0.25921610318705207,0.3996658316295609,0.03299028211952297,-0.014160701849113886,0.021594799363359295,0.6815086282374029,-0.017658619187528698,0.006363232446980237,-0.01605389334856715,0.05068242294886302,0.045802529575367054,0.015175569077069372,0.11662026812931871,0.04938306529603701,0.04349634367672375,0.010156603073313774,0.10606430694109839,0.028931287689954663,0.015286339804592968,0.003454668851612813,0.07120758139634199
487,1203088,TRUE,0,0,,150,11100,74,74,74,53647.61416314559,23,154.30149006843567,0.5001801801801802,2.066716035257438,0.7581483432694588,0.10457034669923364,-0.10842800933354928,0.2143284371116791,0.3697912228356207,0.011828532536484398,0.0031671942763357177,-0.02485858573540843,0.6459268794429727,-0.02393199088222059,6.202930149628392e-4,0.10710342121422851,0.04398396175558019,0.03398050157943696,0.01334645772714337,0.10841901206143605,0.0452343741221965,0.028993425608782396,0.007006644286740527,0.09396896032849485,0.030462711347078425,0.01672588822660649,0.003936006173829823,0.06781312374457565
488,1203089,TRUE,0,0,,150,11100,74,74,74,54173.21398778902,25,169.53414797782898,0.5031531531531531,2.0666777931121185,0.7310082574127919,0.10280518643641276,-0.10577061319974963,0.2242544147863202,0.4345716736546118,-0.02930008186741829,0.0041654727527547725,0.07609239233497635,0.6907221502679428,0.0156254701003972,0.0020055896041671554,-0.07032041343290193,0.04790671404560152,0.03933023819744938,0.015119136003359021,0.1227446895253717,0.04364196289016268,0.02581013774554957,0.006732618829923823,0.10359057323093714,0.0295624798775748,0.020003664867484294,0.0045403525535238545,0.0683808485183447
489,1203090,TRUE,0,0,,150,11100,74,74,74,53712.6275822089,26,146.35266709327698,0.5018918918918919,2.067041809307784,0.686817646230194,0.0528451615706263,-0.09854355080364896,0.2622042254151155,0.4923306085918464,0.04847200021477549,-0.0042873881853419515,-0.24663746998982145,0.6851256857973531,-0.0015503048907907814,2.676442921528234e-4,0.01792953535823034,0.05159708845898925,0.036038123854133707,0.014362775794586415,0.12293183014655651,0.04332739639745189,0.034306086617140574,0.008409577159380307,0.09575147382680675,0.028442742600129307,0.01725269061508983,0.003916542256909964,0.060504899155842194
490,1203091,TRUE,0,0,,150,11100,74,74,74,53869.33398346192,22,138.6099660396576,0.5043243243243243,2.067241915581356,0.7492249174143463,0.0416389733694909,-0.09018402640642503,0.32977320095666257,0.4162116813950063,0.013684693848512364,-0.009976165033991267,0.028490186373103413,0.6608858362242176,0.01311845600699255,0.0049780165977438935,-0.07896915925611755,0.0464203639324821,0.029079127707976882,0.010884565583816461,0.09772177204490955,0.045617392413020534,0.029134985727295868,0.007444850076428185,0.09954443632499885,0.029515780191530526,0.015082745217785288,0.0034476404117679406,0.061624191059941734
491,1203092,TRUE,0,0,,150,11100,74,74,74,53947.050954917395,22,124.29043221473694,0.5036936936936937,2.066965734350864,0.6849454476696183,0.06323868987152027,-0.07392875304413461,0.1153467062502699,0.4882845365028825,-0.01167561274612604,-0.00869681675925945,0.015320133890494568,0.6795010673420148,0.02994530314190196,-0.0022113678689101427,-0.0533439629661819,0.054245724958428714,0.0319210466823995,0.013235347463153625,0.11497720083796259,0.044088109953638106,0.025231821687114298,0.007542937176112603,0.10291139713173504,0.030382852811188993,0.018136262220813354,0.004108522761702738,0.06000681085757959
492,1203093,TRUE,0,0,,150,11100,74,74,74,53737.9855013404,26,140.57837796211243,0.5035135135135135,2.0671782507413354,0.6434288417125992,0.1447789550521948,-0.11355063232876546,0.19909139977109977,0.4400053668608545,0.0055131649163473835,0.002378291406731225,-0.10435710881789259,0.7194263872000398,-0.0027745312146897046,-0.0043256959874779675,0.02640699981909191,0.054580599552527004,0.04771526521243996,0.017129553727087334,0.13217121133038748,0.04430121262831544,0.026616709774502957,0.006299038661262568,0.1012460061171824,0.027394163441205658,0.016776065051892247,0.0038202241947923026,0.0651416755519978
493,1203094,TRUE,0,0,,150,11100,74,74,74,53809.28241061878,27,154.6838240623474,0.4982882882882883,2.0673487188836135,0.7003171975844305,0.09521019403577435,-0.07611428136835705,-0.06315808937570347,0.3630596486305648,-0.017791179372806196,-9.113928148963348e-5,0.04364774876693289,0.7103513498915055,-0.02809726521234523,-0.003195776707071022,0.12778967032282582,0.04788979278292346,0.03604709183448551,0.013492009456207312,0.12700585154516342,0.05044689638804074,0.036082935185596,0.007885743943664203,0.10348503913332421,0.029348275286328607,0.019253579705322214,0.004032002289725522,0.06473077281280375
494,1203095,TRUE,0,0,,150,11100,74,74,74,53663.23926350614,26,104.97640299797058,0.5064864864864865,2.067026757988651,0.6317576362637094,0.08608392924833068,-0.10553137637430665,0.30985145459249447,0.3527528696925913,-0.04109278088554983,0.01023178608648301,0.08648631024958833,0.7331098934742812,0.033542131129139986,-0.009622860519807442,-0.04525902944742354,0.053480923924599424,0.04683015519944723,0.01666119507371812,0.13763043257013718,0.04782537070645001,0.022817720610494297,0.005560955017572153,0.10516040890828136,0.026489501254104538,0.021270002305146914,0.004874121568360661,0.06330801325819335
495,1203096,TRUE,0,0,,150,11100,74,74,74,53635.74954236841,26,158.3065309524536,0.503063063063063,2.066764615279438,0.7352015366119873,0.12526187087553994,-0.10966597672836824,0.2309141324780664,0.38178813097695613,0.029100727653228114,0.005277567952848486,-0.1467227660813502,0.6634693010272663,-0.017721017729455692,0.0011744402691022632,0.04216636269898461,0.045462988774937554,0.037829951872961676,0.013785691295900357,0.09985973610223202,0.04737202084429719,0.03383393276849663,0.007285757533745445,0.09776216221345967,0.03027125613337642,0.017815007273329186,0.003996124134513443,0.06957152032638174
496,1203097,TRUE,0,0,,150,11100,74,74,74,53623.255122982126,27,102.68192982673645,0.5036036036036036,2.067523018494376,0.6590002550851192,0.15345211896378888,-0.11281364702598162,0.15344254333486018,0.41724681327462004,-0.01691690713397602,3.463661799232956e-4,0.027742883411660826,0.6866840616488425,-0.004022032963211784,-0.00365945065410698,0.05931853643800554,0.05261450827085077,0.044988039346376144,0.017251528528995714,0.12307800459623439,0.04492932885347156,0.025641901662328943,0.006695713114338283,0.1006694608554025,0.028929861680819697,0.017946252728511875,0.004167826010521638,0.06577690951157121
497,1203098,TRUE,0,0,,150,11100,74,74,74,53775.70428729468,25,111.39091897010803,0.5039639639639639,2.0667362229232062,0.7294980725598529,0.11696178594434033,-0.09661988682676138,0.04832862369907205,0.3257165580498737,0.028628385725542032,-0.008269308723016492,0.11316928651426807,0.7074947937819479,-0.02313757223173526,0.0026355487439227846,0.019181981612663684,0.047136580562056336,0.034598427845569456,0.014056041919204879,0.12329803893359428,0.0573413958613765,0.055917072582791945,0.011296224095204858,0.10385867290804496,0.028913251368625943,0.018046855431371404,0.004092771594002706,0.06744443259018411
498,1203099,TRUE,0,0,,150,11100,74,74,74,53882.31536469082,25,97.96540188789368,0.5043243243243243,2.066947364688758,0.6928927084073594,0.09406142849716431,-0.10890142561019582,0.09988074610705007,0.40986464279606133,7.514857901802592e-4,-0.007200024468455429,0.16169512827274546,0.7188180654718402,-0.01045545020230889,4.0705674442558605e-4,0.02457174083121069,0.05120880066678393,0.03691748581551283,0.018752162546559276,0.13372333838786202,0.04793210804193347,0.0380090889355732,0.00816101893723932,0.09103889555473293,0.028259327325608614,0.017167603668454507,0.003819493886942483,0.05772634480970495
499,1203100,TRUE,0,0,,150,11100,74,74,74,53771.02002706426,24,104.77350306510925,0.5033333333333333,2.0674493743205704,0.609842932457152,0.1390566025557567,-0.11907141398945105,0.3199170268161376,0.4903566905932755,-0.03544544654989715,0.005057438118044987,-0.06611096854951867,0.7010746687748005,0.03557429883272539,0.0015721857597106488,-0.14792525692960867,0.05974717890791846,0.04387212978278532,0.01632613253345501,0.12027613026729793,0.04304496346190562,0.02458973446497956,0.006965444635888929,0.10571754089625707,0.02726070406715402,0.022264208867351663,0.005303941894644332,0.06159683162132721
500,1203101,TRUE,0,0,,150,11100,74,74,74,53455.876364453135,28,91.88401889801025,0.5044144144144144,2.0672315092429927,0.6381101487057583,0.13241768137099522,-0.10555987752527826,0.22693020125175484,0.3882202430529472,-0.03523072184976188,5.563681475888317e-4,0.12362536908606307,0.6876282534055956,0.030934659750624163,0.001653735298025518,-0.15001773444112004,0.05024178271627948,0.04419511063838482,0.015011995029949045,0.11904708797466246,0.04653751416309586,0.03618482762870651,0.010035846944736375,0.10773594533830401,0.02685406931423829,0.027868941534138356,0.007127068617177349,0.06366743224810233
