time,historical,component,n_replications,recovered_mean,recovered_median,recovered_lower,recovered_upper,event_experienced,population_variance,recovered_central
-3,0,Additive genetic variance,500,0.40741897397035615,0.3817435528237654,0.14649814667890138,0.8068841438598638,0,0.36287181315764994,0.40741897397035615
-3,0,Common environmental variance,500,2.2930078231655364,2.314654177054747,1.0455922274783127,3.655076034970043,0,2.25,2.2930078231655364
-3,0,Nonshared environmental variance,500,3.8923497777821123,3.8577768227314166,2.671422781319324,5.294059555291211,0,4,3.8923497777821123
-3,0,Total phenotypic variance,500,6.592776574918005,6.564542031532691,5.844019679914472,7.37139822653561,0,6.61287181315765,6.592776574918005
-2.98,0,Additive genetic variance,500,0.41817822467405275,0.3920377766597117,0.15207229899768476,0.8243997522778871,0,0.3731459537791037,0.41817822467405275
-2.98,0,Common environmental variance,500,2.291841425244877,2.3111128337660665,1.0513303130396472,3.640884177386781,0,2.25,2.291841425244877
-2.98,0,Nonshared environmental variance,500,3.8925000956328604,3.8588409455338333,2.6813733951273253,5.278332711127005,0,4,3.8925000956328604
-2.98,0,Total phenotypic variance,500,6.60251974555179,6.573255185751763,5.85689070085331,7.3794731568623195,0,6.623145953779104,6.60251974555179
-2.96,0,Additive genetic variance,500,0.42916391356333533,0.40242309605299753,0.1578251740429821,0.8426671605079274,0,0.3836496015713771,0.42916391356333533
-2.96,0,Common environmental variance,500,2.290693836210012,2.307738891142637,1.057080911399564,3.6267989946899704,0,2.25,2.290693836210012
-2.96,0,Nonshared environmental variance,500,3.8926592609624286,3.860532840904126,2.691048802209136,5.262718072107804,0,4,3.8926592609624286
-2.96,0,Total phenotypic variance,500,6.612517010735776,6.5820756117417805,5.870602129866087,7.39171356106387,0,6.633649601571378,6.612517010735776
-2.94,0,Additive genetic variance,500,0.44037888794908686,0.4135321207344902,0.1637611056826881,0.8612238034333481,0,0.39438580870744855,0.44037888794908686
-2.94,0,Common environmental variance,500,2.289564868077679,2.3055435704272824,1.0628438810340581,3.6128196393734555,0,2.25,2.289564868077679
-2.94,0,Nonshared environmental variance,500,3.8928271677260207,3.861929438742206,2.6983730947402487,5.247368112453657,0,4,3.8928271677260207
-2.94,0,Total phenotypic variance,500,6.622770923752786,6.590559825654114,5.884550714993198,7.40615976890045,0,6.644385808707448,6.622770923752786
-2.92,0,Additive genetic variance,500,0.4518259680406073,0.42482204232043097,0.16988510539403584,0.8800710097519668,0,0.4053575998439434,0.4518259680406073
-2.92,0,Common environmental variance,500,2.288454334086296,2.305624725762417,1.0686190789354728,3.5990732978500857,0,2.25,2.288454334086296
-2.92,0,Nonshared environmental variance,500,3.8930037103781006,3.86346917886583,2.705698490770227,5.232107470344127,0,4,3.8930037103781006
-2.92,0,Total phenotypic variance,500,6.633284012505004,6.601254752648405,5.898739994448874,7.420799888724803,0,6.655357599843944,6.633284012505004
-2.9,0,Additive genetic variance,500,0.46350794440273735,0.43623586729791497,0.17620162223789348,0.899210018694897,0,0.41656796938864216,0.46350794440273735
-2.9,0,Common environmental variance,500,2.2873620486846127,2.3093611099999185,1.0744063606146326,3.586700259356178,0,2.25,2.2873620486846127
-2.9,0,Nonshared environmental variance,500,3.893188783870813,3.8649303467408043,2.713024880498288,5.216935602208215,0,4,3.893188783870813
-2.9,0,Total phenotypic variance,500,6.644058776958163,6.610704880229315,5.913173493916544,7.435634496650355,0,6.666567969388642,6.644058776958163
-2.88,0,Additive genetic variance,500,0.47542757536274377,0.44810743287391364,0.18271514934575364,0.9186419773864846,0,0.428019878716284,0.47542757536274377
-2.88,0,Common environmental variance,500,2.2862878275205714,2.310242071222413,1.0798536099793958,3.576546811953873,0,2.25,2.2862878275205714
-2.88,0,Nonshared environmental variance,500,3.8933822836524477,3.8636711948158484,2.72035215374396,5.199040952691097,0,4,3.8933822836524477
-2.88,0,Total phenotypic variance,500,6.655097686535762,6.626311738879569,5.933234415112904,7.443833357936752,0,6.6780198787162846,6.655097686535762
-2.86,0,Additive genetic variance,500,0.4875875843679754,0.4602176381952455,0.1894302217687057,0.93836793820918,0,0.4397162533339329,0.4875875843679754
-2.86,0,Common environmental variance,500,2.285231487430383,2.310931840187362,1.0861457280502052,3.566181899132026,0,2.25,2.285231487430383
-2.86,0,Nonshared environmental variance,500,3.893584105665942,3.8661883436249154,2.727556556358395,5.181213621729349,0,4,3.893584105665942
-2.86,0,Total phenotypic variance,500,6.6664031774643,6.63857145434843,5.95453077896085,7.450261392143204,0,6.689716253333932,6.6664031774643
-2.84,0,Additive genetic variance,500,0.49999065729538883,0.47199274996349694,0.19635141420258093,0.9583888561756149,0,0.4516599799972751,0.49999065729538883
-2.84,0,Common environmental variance,500,2.2841928464278163,2.3098598115396634,1.092619862919301,3.5526182664533965,0,2.25,2.2841928464278163
-2.84,0,Nonshared environmental variance,500,3.893794146347425,3.86722382991951,2.734685732770977,5.163520785871819,0,4,3.893794146347425
-2.84,0,Total phenotypic variance,500,6.6779776500706305,6.650106603783074,5.974442725416967,7.461344377566653,0,6.701659979997276,6.6779776500706305
-2.82,0,Additive genetic variance,500,0.5126394397141256,0.4850317916461355,0.2034833385875781,0.9787055863101934,0,0.4638539037793014,0.5126394397141256
-2.82,0,Common environmental variance,500,2.283171723693689,2.30916345994764,1.0991145892614769,3.539339370220088,0,2.25,2.283171723693689
-2.82,0,Nonshared environmental variance,500,3.8940123026248026,3.8671895820832063,2.7429420886580136,5.145961480792813,0,4,3.8940123026248026
-2.82,0,Total phenotypic variance,500,6.6898234660326175,6.662991258020019,5.987332224423055,7.466767974533182,0,6.7138539037793015,6.6898234660326175
-2.8,0,Additive genetic variance,500,0.5255365341024127,0.4976430966277837,0.2108306415807982,0.9993188810425349,0,0.47630082509292465,0.5255365341024127
-2.8,0,Common environmental variance,500,2.282167939565568,2.30848225245374,1.105629691120999,3.528087625249995,0,2.25,2.282167939565568
-2.8,0,Nonshared environmental variance,500,3.894238471916378,3.868756696219479,2.750933687304605,5.128534751187216,0,4,3.894238471916378
-2.8,0,Total phenotypic variance,500,6.701942945584358,6.677053317133595,6.000518887841922,7.4621666078290305,0,6.726300825092925,6.701942945584358
-2.78,0,Additive genetic variance,500,0.5386844970201494,0.5104930749357083,0.2183980019002524,1.020229387615168,0,0.4890034966691808,0.5386844970201494
-2.78,0,Common environmental variance,500,2.2811813155276717,2.307816178602133,1.1121649488669214,3.5188035378266465,0,2.25,2.2811813155276717
-2.78,0,Nonshared environmental variance,500,3.8944725521295163,3.8677017932520252,2.7585057258056285,5.111239650684862,0,4,3.8944725521295163
-2.78,0,Total phenotypic variance,500,6.714338364677337,6.689272972514477,6.013914476666932,7.45509826626823,0,6.739003496669181,6.714338364677337
-2.76,0,Additive genetic variance,500,0.5520858362386301,0.5236521799504182,0.22619012753903825,1.0414376455078922,0,0.5019646204927511,0.5520858362386301
-2.76,0,Common environmental variance,500,2.2802116742009737,2.3108528674428648,1.1187201391954151,3.5095535280133436,0,2.25,2.2802116742009737
-2.76,0,Nonshared environmental variance,500,3.8947144416593438,3.8684005077828143,2.7660730434409535,5.094763539589369,0,4,3.8947144416593438
-2.76,0,Total phenotypic variance,500,6.727011952098947,6.6998784690675475,6.027407192574756,7.453938583425845,0,6.7519646204927515,6.727011952098947
-2.74,0,Additive genetic variance,500,0.5657430078289462,0.5379316264002723,0.23421175284852913,1.0629440838812672,0,0.5151868446966414,0.5657430078289462
-2.74,0,Common environmental variance,500,2.2792588393335036,2.3105382662247504,1.1252950351327913,3.5003374601864623,0,2.25,2.2792588393335036
-2.74,0,Nonshared environmental variance,500,3.894964039387488,3.870601342144396,2.7736354810257353,5.08351851655333,0,4,3.894964039387488
-2.74,0,Total phenotypic variance,500,6.739965886549937,6.719408412915984,6.04120866083257,7.4541189491766975,0,6.7651868446966414,6.739965886549937
-2.7199999999999998,0,Additive genetic variance,500,0.5796584132107032,0.5523920180424828,0.24246763548957112,1.0847490190417348,0,0.528672760417952,0.5796584132107032
-2.7199999999999998,0,Common environmental variance,500,2.2783226357908437,2.3098758539242183,1.1318169605424304,3.490971595475127,0,2.25,2.2783226357908437
-2.7199999999999998,0,Nonshared environmental variance,500,3.8952212446808523,3.873064959740807,2.7811928790915097,5.07570306665227,0,4,3.8952212446808523
-2.7199999999999998,0,Total phenotypic variance,500,6.753202293682399,6.73665623863625,6.055322943688914,7.470453620325365,0,6.778672760417952,6.753202293682399
-2.7,0,Additive genetic variance,500,0.5938343961627732,0.5665983683970681,0.25096255325083705,1.1068526519308746,0,0.5424248986167587,0.5938343961627732
-2.7,0,Common environmental variance,500,2.27740288954682,2.3116655571227573,1.1381745163582133,3.4815575961020357,0,2.25,2.27740288954682
-2.7,0,Nonshared environmental variance,500,3.895485957390433,3.8741840287287115,2.7887450778921172,5.067924374158515,0,4,3.895485957390433
-2.7,0,Total phenotypic variance,500,6.766723243100026,6.748457951787648,6.071700831626538,7.489611558268494,0,6.792424898616758,6.766723243100026
-2.68,0,Additive genetic variance,500,0.6082732397979124,0.580526234485208,0.25970130073366526,1.1292550656413833,0,0.5564457268602363,0.6082732397979124
-2.68,0,Common environmental variance,500,2.276499427674387,2.3134321928670296,1.144549985232865,3.472199638044075,0,2.25,2.276499427674387
-2.68,0,Nonshared environmental variance,500,3.8957580778501657,3.874850105862188,2.79625358355211,5.06018230754502,0,4,3.8957580778501657
-2.68,0,Total phenotypic variance,500,6.780530745322465,6.757671923638821,6.089673536575496,7.509063135216157,0,6.806445726860236,6.780530745322465
-2.66,0,Additive genetic variance,500,0.6229771635031428,0.5957862110895109,0.2686886859028645,1.1519562229623252,0,0.5707376460742317,0.6229771635031428
-2.66,0,Common environmental variance,500,2.275612078336694,2.3151756794199314,1.1509431470716187,3.462897404430402,0,2.25,2.275612078336694
-2.66,0,Nonshared environmental variance,500,3.896037506875816,3.8740755198155483,2.803725395662399,5.052476736117228,0,4,3.896037506875816
-2.66,0,Total phenotypic variance,500,6.794626748715653,6.777912916755278,6.109911502548993,7.528807722868795,0,6.820737646074232,6.794626748715653
-2.64,0,Additive genetic variance,500,0.6379483198479143,0.6111359871748623,0.2779295265031655,1.1749559639562845,0,0.5853029872646032,0.6379483198479143
-2.64,0,Common environmental variance,500,2.27474067077835,2.316599688584553,1.1573537784659327,3.453650580728854,0,2.25,2.27474067077835
-2.64,0,Nonshared environmental variance,500,3.8963241457639,3.8744849562002823,2.811191954659389,5.044807530008677,0,4,3.8963241457639
-2.64,0,Total phenotypic variance,500,6.809013136390164,6.794224869649283,6.129650379699216,7.548844563657823,0,6.835302987264603,6.809013136390164
-2.62,0,Additive genetic variance,500,0.6531887914621395,0.6261303839520124,0.28742864634117415,1.1982540035710414,0,0.6001440082107344,0.6531887914621395
-2.62,0,Common environmental variance,500,2.2738850353168636,2.3154076866033155,1.1637816527000595,3.444458854728432,0,2.25,2.2738850353168636
-2.62,0,Nonshared environmental variance,500,3.8966178962906444,3.8768333211082906,2.818653106558684,5.036560082493175,0,4,3.8966178962906444
-2.62,0,Total phenotypic variance,500,6.823691723069647,6.802701201854023,6.148948952735604,7.569172768565103,0,6.8501440082107345,6.823691723069647
-2.6,0,Additive genetic variance,500,0.6687005878862943,0.6413903478149194,0.29719087143287826,1.221849929288425,0,0.6152628901337169,0.6687005878862943
-2.6,0,Common environmental variance,500,2.273045003334269,2.3131251817115537,1.1702265397582654,3.4353219165219198,0,2.25,2.273045003334269
-2.6,0,Nonshared environmental variance,500,3.8969186607109787,3.8774893804071957,2.8261086971335554,5.026256569737866,0,4,3.8969186607109787
-2.6,0,Total phenotypic variance,500,6.838664251931542,6.813096449176346,6.165184386626882,7.581481965493421,0,6.865262890133717,6.838664251931542
-2.58,0,Additive genetic variance,500,0.6844856423958691,0.6569174188878886,0.3072210260169621,1.245743198813007,0,0.6306617343417972,0.6844856423958691
-2.58,0,Common environmental variance,500,2.272220407268935,2.310644970498749,1.176688206332713,3.426239458488667,0,2.25,2.272220407268935
-2.58,0,Nonshared environmental variance,500,3.8972263417575657,3.8780313077000743,2.833558571920636,5.0170863042947005,0,4,3.8972263417575657
-2.58,0,Total phenotypic variance,500,6.8539323914223695,6.822603913468018,6.187434548660429,7.589873298532635,0,6.880661734341797,6.8539323914223695
-2.56,0,Additive genetic variance,500,0.7005458088025476,0.6727130450424452,0.3175239284343847,1.2699331378033287,0,0.6463425588557716,0.7005458088025476
-2.56,0,Common environmental variance,500,2.271411080607549,2.3081730248366363,1.1831664158320074,3.4172111752775116,0,2.25,2.271411080607549
-2.56,0,Nonshared environmental variance,500,3.897540842639861,3.8779532622195467,2.8410025762256437,5.010750116155776,0,4,3.897540842639861
-2.56,0,Total phenotypic variance,500,6.8694977320499575,6.8411410445952345,6.2099424242775925,7.598533758627546,0,6.896342558855771,6.8694977320499575
-2.54,0,Additive genetic variance,500,0.7168828582345813,0.688778578721516,0.32825081147781576,1.2944189376483504,0,0.6623072950171032,0.7168828582345813
-2.54,0,Common environmental variance,500,2.2706168578772794,2.308152362548378,1.1896609283904063,3.4082367637898536,0,2.25,2.2706168578772794
-2.54,0,Nonshared environmental variance,500,3.8978620670432127,3.8790562531823842,2.848440555129133,5.004433583414695,0,4,3.8978620670432127
-2.54,0,Total phenotypic variance,500,6.885361783155074,6.858259468173441,6.230268175012075,7.607465599844657,0,6.912307295017103,6.885361783155074
-2.52,0,Additive genetic variance,500,0.733498475898922,0.7055259359942962,0.33937290676780263,1.3191996532918333,0,0.678557784081625,0.733498475898922
-2.52,0,Common environmental variance,500,2.269837574638111,2.308563247029728,1.1960174098087166,3.399321663052115,0,2.25,2.269837574638111
-2.52,0,Nonshared environmental variance,500,3.89818991912799,3.879550974159823,2.855872353492272,4.993559475246352,0,4,3.89818991912799
-2.52,0,Total phenotypic variance,500,6.901525969665023,6.872268874289704,6.250270994819017,7.61667102604782,0,6.928557784081625,6.901525969665023
-2.5,0,Additive genetic variance,500,0.7503942578277618,0.7224858283953648,0.35079429337660917,1.3442742011073716,0,0.6950957738017804,0.7503942578277618
-2.5,0,Common environmental variance,500,2.2690730674753543,2.3083826936918674,1.201445054843091,3.39051178488069,0,2.25,2.2690730674753543
-2.5,0,Nonshared environmental variance,500,3.898524303528747,3.8794422031068994,2.863297815962647,4.982861796990511,0,4,3.898524303528747
-2.5,0,Total phenotypic variance,500,6.917991628831863,6.890534884081939,6.268159356442781,7.626152187937531,0,6.94509577380178,6.917991628831863
-2.48,0,Additive genetic variance,500,0.7675717076122203,0.7392430415822306,0.36231806480176554,1.3696413568267831,0,0.7119229150004391,0.7675717076122203
-2.48,0,Common environmental variance,500,2.268323173992324,2.307642170713496,1.2049346497832802,3.3817543565498784,0,2.25,2.268323173992324
-2.48,0,Nonshared environmental variance,500,3.898865125353417,3.880331394378205,2.8707167869800925,4.972231711320735,0,4,3.898865125353417
-2.48,0,Total phenotypic variance,500,6.934760006957961,6.906779114291834,6.286348391070538,7.635911180042873,0,6.961922915000439,6.934760006957961
-2.46,0,Additive genetic variance,500,0.7850322331260119,0.7557765217138817,0.37390533697386696,1.3952997535245943,0,0.7290407581394106,0.7850322331260119
-2.46,0,Common environmental variance,500,2.2675877328031877,2.3070603361241204,1.2081517237101767,3.3730490882361845,0,2.25,2.2675877328031877
-2.46,0,Nonshared environmental variance,500,3.899212290182542,3.8808089398805574,2.878129110782547,4.961668819336586,0,4,3.899212290182542
-2.46,0,Total phenotypic variance,500,6.951832256111741,6.924772384560487,6.307369950752957,7.652773881447084,0,6.97904075813941,6.951832256111741
-2.44,0,Additive genetic variance,500,0.8027771432420032,0.7736451175172151,0.38578438581545527,1.4195025969223565,0,0.7464507498858595,0.8027771432420032
-2.44,0,Common environmental variance,500,2.2668665835259763,2.308950545158475,1.2113806634298212,3.3638629148147516,0,2.25,2.2668665835259763
-2.44,0,Nonshared environmental variance,500,3.899565704068533,3.8830498576740693,2.8855346314119377,4.951172725876492,0,4,3.899565704068533
-2.44,0,Total phenotypic variance,500,6.9692094308365125,6.945764939532591,6.329691693279052,7.671390654468656,0,6.9964507498858595,6.9692094308365125
-2.42,0,Additive genetic variance,500,0.8208076445446694,0.7927496426122784,0.3979595482093369,1.4431863791844841,0,0.7641542296799063,0.8208076445446694
-2.42,0,Common environmental variance,500,2.2661595667757655,2.3108286913604825,1.2146214972447715,3.3546438412707316,0,2.25,2.2661595667757655
-2.42,0,Nonshared environmental variance,500,3.899925273534962,3.883490000684425,2.892933192720081,4.940743039484741,0,4,3.899925273534962
-2.42,0,Total phenotypic variance,500,6.986892484855397,6.964916132000152,6.352390254988812,7.688857460593065,0,7.014154229679907,6.986892484855397
-2.4,0,Additive genetic variance,500,0.839124838041528,0.8105308710022865,0.4104351137789578,1.4670909726020378,0,0.7821524263067797,0.839124838041528
-2.4,0,Common environmental variance,500,2.265466524158015,2.3126946743620937,1.218930839462061,3.345461362347062,0,2.25,2.265466524158015
-2.4,0,Nonshared environmental variance,500,3.9002909055758805,3.883941657761806,2.9003246383746246,4.930379372378836,0,4,3.9002909055758805
-2.4,0,Total phenotypic variance,500,7.0048822677754234,6.98184985675389,6.375467106468955,7.703055774771286,0,7.03215242630678,7.0048822677754234
-2.38,0,Additive genetic variance,500,0.8577297158767238,0.8289376678916498,0.42315952635051435,1.4912142615471127,0,0.8004464544769518,0.8577297158767238
-2.38,0,Common environmental variance,500,2.26478729826207,2.3142609117921435,1.224054930591735,3.3363153165605306,0,2.25,2.26478729826207
-2.38,0,Nonshared environmental variance,500,3.900662507655179,3.884404837047057,2.9077088118649943,4.9200813404172115,0,4,3.900662507655179
-2.38,0,Total phenotypic variance,500,7.023179521793972,7.00393258553067,6.398923560481457,7.714787016466184,0,7.050446454476952,7.023179521793972
-2.36,0,Additive genetic variance,500,0.8766231580500095,0.8479565710353096,0.43625998508514086,1.5155540150155153,0,0.8190373114177745,0.8766231580500095
-2.36,0,Common environmental variance,500,2.2641217326548198,2.3128543222713684,1.2291962647679653,3.327205543562804,0,2.25,2.2641217326548198
-2.36,0,Nonshared environmental variance,500,3.901039987705966,3.8840928710259286,2.915085556508381,4.909848563067344,0,4,3.901039987705966
-2.36,0,Total phenotypic variance,500,7.041784878410795,7.023400815575233,6.42276076686688,7.7338165729104444,0,7.069037311417775,7.041784878410795
-2.34,0,Additive genetic variance,500,0.8958059291444493,0.8678455138904607,0.44965517275758443,1.5401993308590014,0,0.8379258734801921,0.8958059291444493
-2.34,0,Common environmental variance,500,2.2634696718745166,2.310500673351669,1.234354735020651,3.318131884131607,0,2.25,2.2634696718745166
-2.34,0,Nonshared environmental variance,500,3.901423254129984,3.884364044523924,2.9224547154557454,4.899680663374182,0,4,3.901423254129984
-2.34,0,Total phenotypic variance,500,7.06069885514895,7.041028081394824,6.446979707470681,7.7565400578846315,0,7.0879258734801915,7.06069885514895
-2.32,0,Additive genetic variance,500,0.9152786750662484,0.8880496021705696,0.46335487722437935,1.5650997212950517,0,0.8571128927641797,0.9152786750662484
-2.32,0,Common environmental variance,500,2.262830961424747,2.3081885043307553,1.2395302330999802,3.3090941801619844,0,2.25,2.262830961424747
-2.32,0,Nonshared environmental variance,500,3.9018122157970514,3.8844200186901983,2.9298161316978444,4.889577267928956,0,4,3.9018122157970514
-2.32,0,Total phenotypic variance,500,7.079921852288047,7.058545339490107,6.47158119109864,7.770765423821392,0,7.10711289276418,7.079921852288047
-2.3,0,Additive genetic variance,500,0.9350419198001805,0.9079074465619473,0.4773748376021516,1.5902059527427521,0,0.8765989937666194,0.9350419198001805
-2.3,0,Common environmental variance,500,2.2622054477685567,2.307267555451073,1.2447226494835886,3.3000922746576387,0,2.25,2.2622054477685567
-2.3,0,Nonshared environmental variance,500,3.902206782044536,3.8837070988049964,2.937169648071284,4.879588063324677,0,4,3.902206782044536
-2.3,0,Total phenotypic variance,500,7.0994541496132735,7.08047543992372,6.496565848507812,7.782863222698169,0,7.12659899376662,7.0994541496132735
-2.2800000000000002,0,Additive genetic variance,500,0.9550960621841601,0.9288316480664655,0.49171894879687167,1.6160426610290424,0,0.8963846700553841,0.9550960621841601
-2.2800000000000002,0,Common environmental variance,500,2.261592978322726,2.3063557288809156,1.2499318733839682,3.288022444447231,0,2.25,2.261592978322726
-2.2800000000000002,0,Nonshared environmental variance,500,3.9026068626768544,3.8830846504328527,2.944515107264594,4.870336812050352,0,4,3.9026068626768544
-2.2800000000000002,0,Total phenotypic variance,500,7.11929590318374,7.102930161904548,6.519161264788563,7.79552771723816,0,7.146384670055384,7.11929590318374
-2.26,0,Additive genetic variance,500,0.9754413727065776,0.9493832627773436,0.506114206008512,1.6423605940614407,0,0.9164702809734635,0.9754413727065776
-2.26,0,Common environmental variance,500,2.2609934014521977,2.3027316455836604,1.2551577927561368,3.2748575919299054,0,2.25,2.2609934014521977
-2.26,0,Nonshared environmental variance,500,3.9030123679650033,3.8836794979904874,2.9518523518243276,4.860203243235683,0,4,3.9030123679650033
-2.26,0,Total phenotypic variance,500,7.139447142123779,7.124340792513225,6.539950723516374,7.8084703956484605,0,7.1664702809734635,7.139447142123779
-2.24,0,Additive genetic variance,500,0.9960779903300604,0.9710069962161008,0.5197889605274655,1.6688995992996403,0,0.9368560483769987,0.9960779903300604
-2.24,0,Common environmental variance,500,2.2604065664646504,2.3015284130767504,1.26040029430556,3.261796272563735,0,2.25,2.2604065664646504
-2.24,0,Nonshared environmental variance,500,3.903423208646117,3.8855678286572575,2.959181224161177,4.850130232008366,0,4,3.903423208646117
-2.24,0,Total phenotypic variance,500,7.159907765440828,7.147288468162026,6.560599014435397,7.82169031906077,0,7.186856048376999,7.159907765440828
-2.2199999999999998,0,Additive genetic variance,500,1.0170059193454222,0.9911218239351415,0.5342039460254371,1.6956564616680811,0,0.9575420534111857,1.0170059193454222
-2.2199999999999998,0,Common environmental variance,500,2.2598323236052162,2.2980496826930423,1.2656538340210366,3.248837606093571,0,2.25,2.2598323236052162
-2.2199999999999998,0,Nonshared environmental variance,500,3.9038392959230515,3.8875058059166543,2.966501566556119,4.8401174890741325,0,4,3.9038392959230515
-2.2199999999999998,0,Total phenotypic variance,500,7.18067753887369,7.1658424948120425,6.581607534820716,7.835186444679291,0,7.207542053411186,7.18067753887369
-2.2,0,Additive genetic variance,500,1.0382250262595698,1.01070254738136,0.5506158713035981,1.722627827292908,0,0.9785282333279895,1.0382250262595698
-2.2,0,Common environmental variance,500,2.2592705240513493,2.2975387642247407,1.2706706346910577,3.2359807214600327,0,2.25,2.2592705240513493
-2.2,0,Nonshared environmental variance,500,3.904260541463997,3.889440142296678,2.9738132211665764,4.830164727207069,0,4,3.904260541463997
-2.2,0,Total phenotypic variance,500,7.201756091774916,7.189997482847023,6.605203960236903,7.853321277893352,0,7.22852823332799,7.201756091774916
-2.1799999999999997,0,Additive genetic variance,500,1.0597350367212461,1.0306986236452094,0.5673257074354134,1.7498102029427063,0,0.9998143783497215,1.0597350367212461
-2.1799999999999997,0,Common environmental variance,500,2.258721019907828,2.294409008695185,1.2757038315030207,3.2258132124809515,0,2.25,2.258721019907828
-2.1799999999999997,0,Nonshared environmental variance,500,3.9046868574021203,3.8913708206991826,2.981116030032605,4.820271661235994,0,4,3.9046868574021203
-2.1799999999999997,0,Total phenotypic variance,500,7.223142914031195,7.214616659820498,6.634849789584047,7.874507587209198,0,7.249814378349722,7.223142914031195
-2.16,0,Additive genetic variance,500,1.0815355324884866,1.053866305732751,0.584418275556631,1.7774405133906659,0,1.0214001285825056,1.0815355324884866
-2.16,0,Common environmental variance,500,2.258183664201906,2.290114215135001,1.283320075689897,3.219598076274934,0,2.25,2.258183664201906
-2.16,0,Nonshared environmental variance,500,3.9051181563352273,3.8898116514060703,2.9884098350830923,4.810438008030971,0,4,3.9051181563352273
-2.16,0,Total phenotypic variance,500,7.24483735302562,7.238741698700025,6.664324121500014,7.895954053707587,0,7.271400128582505,7.24483735302562
-2.14,0,Additive genetic variance,500,1.1036259484417603,1.0773786365639915,0.6015121080636663,1.8053168319622643,0,1.0432849709837502,1.1036259484417603
-2.14,0,Common environmental variance,500,2.257658310878598,2.2899625415938174,1.291098818424984,3.213383055301409,0,2.25,2.257658310878598
-2.14,0,Nonshared environmental variance,500,3.9055543513254567,3.88818068274149,2.9956944781419916,4.802234362711134,0,4,3.9055543513254567
-2.14,0,Total phenotypic variance,500,7.266838610645815,7.264141429343725,6.691714978107667,7.9176580795806855,0,7.29328497098375,7.266838610645815
-2.12,0,Additive genetic variance,500,1.1260055696467668,1.099756181957917,0.6185783936957543,1.8334087995983763,0,1.0654682363877173,1.1260055696467668
-2.12,0,Common environmental variance,500,2.257144814796103,2.2896579968195043,1.2988785448118838,3.2071681733465502,0,2.25,2.257144814796103
-2.12,0,Nonshared environmental variance,500,3.905995355899,3.8890003794060317,3.0029698009345633,4.79500414901726,0,4,3.905995355899
-2.12,0,Total phenotypic variance,500,7.289145740341869,7.281859956859618,6.718625251294707,7.939616929082719,0,7.3154682363877175,7.289145740341869
-2.1,0,Additive genetic variance,500,1.1486735284709357,1.1227005732552704,0.6359994242182896,1.8634746680427887,0,1.0879490965933458,1.1486735284709357
-2.1,0,Common environmental variance,500,2.256643031721365,2.28916842115818,1.3066587053882777,3.2000936085448113,0,2.25,2.256643031721365
-2.1,0,Nonshared environmental variance,500,3.906441084045841,3.891439551849409,3.010235645093644,4.7878088218343855,0,4,3.906441084045841
-2.1,0,Total phenotypic variance,500,7.311757644238142,7.303944717840263,6.745262498329463,7.961073118447187,0,7.337949096593346,7.311757644238142
-2.08,0,Additive genetic variance,500,1.1716288017576795,1.146801664616797,0.6537779946452296,1.8937642806190174,0,1.110726561518482,1.1716288017576795
-2.08,0,Common environmental variance,500,2.25615281832577,2.2863884047143324,1.3144387477030655,3.190777861605566,0,2.25,2.25615281832577
-2.08,0,Nonshared environmental variance,500,3.9068914502195304,3.8945416117997937,3.017491852165924,4.780648221333161,0,4,3.9068914502195304
-2.08,0,Total phenotypic variance,500,7.33467307030298,7.328626575170418,6.768226096186876,7.981125953840635,0,7.360726561518482,7.33467307030298
-2.06,0,Additive genetic variance,500,1.1948702080625027,1.1707925137984172,0.6714968180604647,1.924272584899219,0,1.1337994764246873,1.1948702080625027
-2.06,0,Common environmental variance,500,2.255674032180968,2.2838805611613173,1.3222181163860536,3.181712006383592,0,2.25,2.255674032180968
-2.06,0,Nonshared environmental variance,500,3.907346369336973,3.8952203804734715,3.0247382636182607,4.77352218879864,0,4,3.907346369336973
-2.06,0,Total phenotypic variance,500,7.357890609580444,7.355164506507391,6.790665263844604,8.00145582072402,0,7.383799476424687,7.357890609580444
-2.04,0,Additive genetic variance,500,1.2183964049550782,1.1944011061297697,0.68948990209815,1.9543028831066587,0,1.157166519216807,1.2183964049550782
-2.04,0,Common environmental variance,500,2.2552065317548355,2.284448763887058,1.3299962532185834,3.1730720427955026,0,2.25,2.2552065317548355
-2.04,0,Nonshared environmental variance,500,3.9078057567782514,3.8950572918043775,3.0319747208439978,4.766150483919652,0,4,3.9078057567782514
-2.04,0,Total phenotypic variance,500,7.381408693488165,7.375360993573895,6.810702839788683,8.022223163154061,0,7.407166519216807,7.381408693488165
-2.02,0,Additive genetic variance,500,1.2422058863914343,1.2180466204518505,0.7078286661083202,1.9828311750353458,0,1.1808261978214865,1.2422058863914343
-2.02,0,Common environmental variance,500,2.254750176407559,2.2850064471287723,1.3377725972050878,3.163512560711772,0,2.25,2.254750176407559
-2.02,0,Nonshared environmental variance,500,3.908269528386464,3.8952905761798364,3.0392010651693058,4.758191632053124,0,4,3.908269528386464
-2.02,0,Total phenotypic variance,500,7.405225591185457,7.399489648202984,6.8301550765937105,8.044613753700974,0,7.430826197821487,7.405225591185457
-2,0,Additive genetic variance,500,1.2662969801603985,1.2417544678971555,0.7265151381967749,2.011496076632344,0,1.2047768476488083,1.2662969801603985
-2,0,Common environmental variance,500,2.2543048263878522,2.2830000661831322,1.345546584645557,3.1520347642931017,0,2.25,2.2543048263878522
-2,0,Nonshared environmental variance,500,3.9087376004675938,3.89444540775266,3.0464171378595406,4.750255094828136,0,4,3.9087376004675938
-2,0,Total phenotypic variance,500,7.429339407015845,7.422643579027157,6.848226094815222,8.070869216337666,0,7.454776847648809,7.429339407015845
-1.98,0,Additive genetic variance,500,1.2906678454084686,1.2659246406667692,0.7455511962962986,2.0402915276985065,0,1.2290166291412354,1.2906678454084686
-1.98,0,Common environmental variance,500,2.253870342829297,2.2837814019494322,1.3533176492089054,3.1406220563207956,0,2.25,2.253870342829297
-1.98,0,Nonshared environmental variance,500,3.909209889790395,3.894920993647536,3.0536227801256226,4.742349547249751,0,4,3.909209889790395
-1.98,0,Total phenotypic variance,500,7.453748078028161,7.446589956761945,6.86662518551751,8.0952539296593,0,7.479016629141236,7.453748078028161
-1.96,0,Additive genetic variance,500,1.315316470247268,1.2894589575927413,0.764894088757176,2.0683622875751357,0,1.2535435254140135,1.315316470247268
-1.96,0,Common environmental variance,500,2.2534465877468066,2.2858424587204946,1.3610852220072263,3.129273954573639,0,2.25,2.2534465877468066
-1.96,0,Nonshared environmental variance,500,3.9096863135863074,3.8981581382550834,3.06081783313043,4.734609979939066,0,4,3.9096863135863074
-1.96,0,Total phenotypic variance,500,7.478449371580382,7.473077925377023,6.886899137567712,8.11880644612822,0,7.503543525414013,7.478449371580382
-1.94,0,Additive genetic variance,500,1.3402406694477587,1.3131863792140368,0.7845766123526143,2.096550707449798,0,1.2783553399911793,1.3402406694477587
-1.94,0,Common environmental variance,500,2.2530334240332173,2.287887669223062,1.368848731670915,3.1208163268974145,0,2.25,2.2530334240332173
-1.94,0,Nonshared environmental variance,500,3.91016678954939,3.89875205357952,3.0680021379952076,4.7240822938361,0,4,3.91016678954939
-1.94,0,Total phenotypic variance,500,7.5034408830303665,7.4960863765491474,6.911193125190666,8.138447434737913,0,7.52835533999118,7.5034408830303665
-1.92,0,Additive genetic variance,500,1.3654380822253662,1.3386022263810835,0.8046123861319754,2.124856237413124,0,1.3034496946412923,1.3654380822253662
-1.92,0,Common environmental variance,500,2.2526307154559966,2.289916987174887,1.3766076044246525,3.1124993431288255,0,2.25,2.2526307154559966
-1.92,0,Nonshared environmental variance,500,3.9106512358362795,3.899248668764852,3.075175535805995,4.719430597989787,0,4,3.9106512358362795
-1.92,0,Total phenotypic variance,500,7.528720033517643,7.518380722719724,6.936265586231807,8.157780587479564,0,7.553449694641293,7.528720033517643
-1.9,0,Additive genetic variance,500,1.3909061701201635,1.3653610201058353,0.8250026970871607,2.1532732124069183,0,1.3288240273169778,1.3909061701201635
-1.9,0,Common environmental variance,500,2.2522383266540738,2.2890056546204884,1.384361264164232,3.1042112241588766,0,2.25,2.2522383266540738
-1.9,0,Nonshared environmental variance,500,3.911139571066169,3.9016205288706294,3.0823378676200694,4.712658595259077,0,4,3.911139571066169
-1.9,0,Total phenotypic variance,500,7.554284067840406,7.540512855368144,6.965332808952383,8.178617486337885,0,7.578824027316978,7.554284067840406
-1.88,0,Additive genetic variance,500,1.416642214976242,1.3916729282887927,0.8457486594174237,2.1821953872959607,0,1.3544755902023313,1.416642214976242
-1.88,0,Common environmental variance,500,2.251856123134788,2.2898411605702282,1.3921091325342123,3.095951863516872,0,2.25,2.251856123134788
-1.88,0,Nonshared environmental variance,500,3.9116317143208077,3.9042781413752583,3.089488974472406,4.702164758265996,0,4,3.9116317143208077
-1.88,0,Total phenotypic variance,500,7.580130052431837,7.564963237524205,6.992495934164767,8.205986000120816,0,7.604475590202331,7.580130052431837
-1.8599999999999999,0,Additive genetic variance,500,1.442643317024375,1.4180468939519386,0.8668395599360518,2.2131429920020382,0,1.380401447872198,1.442643317024375
-1.8599999999999999,0,Common environmental variance,500,2.251483971270954,2.2881853094817073,1.399850629006386,3.0877211553372303,0,2.25,2.251483971270954
-1.8599999999999999,0,Nonshared environmental variance,500,3.9121275851445256,3.905671873715815,3.0966286973821484,4.691739507759323,0,4,3.9121275851445256
-1.8599999999999999,0,Total phenotypic variance,500,7.6062548734398545,7.584493216427007,7.01971520611967,8.23400138172753,0,7.630401447872198,7.6062548734398545
-1.84,0,Additive genetic variance,500,1.4689063930720425,1.4459638113385864,0.8877695362123307,2.2433579471093084,0,1.406598475567285,1.4689063930720425
-1.84,0,Common environmental variance,500,2.2511217382980435,2.2861229714374716,1.4072938969116544,3.079518994355355,0,2.25,2.2511217382980435
-1.84,0,Nonshared environmental variance,500,3.9126271035442763,3.9064639039584077,3.1037568773591024,4.681382487367381,0,4,3.9126271035442763
-1.84,0,Total phenotypic variance,500,7.632655234914362,7.608078518406389,7.04724365889277,8.26225719564127,0,7.656598475567285,7.632655234914362
-1.82,0,Additive genetic variance,500,1.495428174804864,1.4723738153021066,0.9084891492576954,2.2730933031134777,0,1.4330633575890164,1.495428174804864
-1.82,0,Common environmental variance,500,2.2507692923114795,2.2830982896304857,1.413492561721794,3.071345275903534,0,2.25,2.2507692923114795
-1.82,0,Nonshared environmental variance,500,3.913130189989699,3.908000763784247,3.1108733554102344,4.67109334352884,0,4,3.913130189989699
-1.82,0,Total phenotypic variance,500,7.659327657106042,7.640372409509423,7.076841017488335,8.290666830575532,0,7.683063357589017,7.659327657106042
-1.8,0,Additive genetic variance,500,1.522205207203423,1.5002157093559694,0.9295244615095772,2.3030050807588247,0,1.4597925858179746,1.522205207203423
-1.8,0,Common environmental variance,500,2.2504265022640424,2.281218675423747,1.419682116386025,3.063199895906874,0,2.25,2.2504265022640424
-1.8,0,Nonshared environmental variance,500,3.913636765413205,3.910248755321378,3.1179779725461887,4.660952449638666,0,4,3.913636765413205
-1.8,0,Total phenotypic variance,500,7.68626847488067,7.673324872543339,7.1038759920725205,8.317622372552739,0,7.709792585817975,7.68626847488067
-1.78,0,Additive genetic variance,500,1.5492338470794402,1.5272917756158526,0.9508835388781803,2.3329986878518643,0,1.486782458359715,1.5492338470794402
-1.78,0,Common environmental variance,500,2.2500932379633896,2.279353406518591,1.4258621225477435,3.055082750879267,0,2.25,2.2500932379633896
-1.78,0,Nonshared environmental variance,500,3.9141467512100827,3.9099385291259816,3.1244420664599284,4.650879238356125,0,4,3.9141467512100827
-1.78,0,Total phenotypic variance,500,7.713473836252913,7.7042634331808815,7.131361796619755,8.345177523003134,0,7.7367824583597145,7.713473836252913
-1.76,0,Additive genetic variance,500,1.57651026173518,1.5540990613861403,0.9739095109847014,2.3630671441166067,0,1.5140290783216548,1.57651026173518
-1.76,0,Common environmental variance,500,2.249769370069684,2.2786632595855156,1.432032141196955,3.046993737919383,0,2.25,2.249769370069684
-1.76,0,Nonshared environmental variance,500,3.9146600692386184,3.9108880107481703,3.1298806723731722,4.64087185413964,0,4,3.9146600692386184
-1.76,0,Total phenotypic variance,500,7.740939701043483,7.730996264015551,7.156748115805662,8.37292336942344,0,7.764029078321655,7.740939701043483
-1.74,0,Additive genetic variance,500,1.6040304277499235,1.580375324497667,0.9974969544364684,2.3932033496241987,0,1.5415283527246721,1.6040304277499235
-1.74,0,Common environmental variance,500,2.2494547700933274,2.2799043205283236,1.4377789809828725,3.0389327547067055,0,2.25,2.2494547700933274
-1.74,0,Nonshared environmental variance,500,3.915176641820244,3.910681154307328,3.1353109622477158,4.630929962147856,0,4,3.915176641820244
-1.74,0,Total phenotypic variance,500,7.768661839663495,7.757480593919132,7.184238997762588,8.400853325815495,0,7.791528352724672,7.768661839663495
-1.72,0,Additive genetic variance,500,1.6317901298972715,1.6073801695531107,1.02137591664184,2.4223766836696004,0,1.5692759915529557,1.6317901298972715
-1.72,0,Common environmental variance,500,2.2491493103928053,2.282068648937924,1.44227196947796,3.030899699497587,0,2.25,2.2491493103928053
-1.72,0,Nonshared environmental variance,500,3.9156963917396954,3.9097764792812355,3.1407328579770275,4.621053230170967,0,4,3.9156963917396954
-1.72,0,Total phenotypic variance,500,7.796635832029772,7.780712093287203,7.210285349993882,8.428997448556462,0,7.8192759915529555,7.796635832029772
-1.7,0,Additive genetic variance,500,1.6597849601969614,1.6351788093080084,1.044782049409921,2.4494521965688536,0,1.5972675069455593,1.6597849601969614
-1.7,0,Common environmental variance,500,2.2488528641726355,2.2806965988683885,1.446767730979339,3.0228944711213392,0,2.25,2.2488528641726355
-1.7,0,Nonshared environmental variance,500,3.9162192422451976,3.9136916032993114,3.1461462814540333,4.612885693900255,0,4,3.9162192422451976
-1.7,0,Total phenotypic variance,500,7.824857066614794,7.806406522648328,7.236605735388913,8.457587988832735,0,7.84726750694556,7.824857066614794
-1.68,0,Additive genetic variance,500,1.6880103171048124,1.664453340257702,1.0685143570759954,2.4765016524331407,0,1.6254982125330215,1.6880103171048124
-1.68,0,Common environmental variance,500,2.248565305481417,2.28196722822624,1.4512662048528977,3.0149169689763595,0,2.25,2.248565305481417
-1.68,0,Nonshared environmental variance,500,3.916745117048661,3.9142851905732807,3.1515646617289446,4.606386606394532,0,4,3.916745117048661
-1.68,0,Total phenotypic variance,500,7.853320739634891,7.8355840988985355,7.263095156277347,8.48851491550058,0,7.875498212533022,7.853320739634891
-1.66,0,Additive genetic variance,500,1.716461404844313,1.6910680618323928,1.092787073397306,2.503517523506826,0,1.6539632229222982,1.716461404844313
-1.66,0,Common environmental variance,500,2.2482865092099877,2.2813238306780197,1.4557673302253251,3.00891125182354,0,2.25,2.2482865092099877
-1.66,0,Nonshared environmental variance,500,3.9172739403259023,3.9171175259833593,3.1582558577877764,4.599441604148591,0,4,3.9172739403259023
-1.66,0,Total phenotypic variance,500,7.882021854380203,7.863909501754117,7.289866260487889,8.521210923729928,0,7.9039632229222985,7.882021854380203
-1.64,0,Additive genetic variance,500,1.7451332328832814,1.7214513905887237,1.118271462215741,2.5304922123975113,0,1.682657453333156,1.7451332328832814
-1.64,0,Common environmental variance,500,2.2480163510896762,2.2788818871662917,1.460282099908609,3.003519889858156,0,2.25,2.2480163510896762
-1.64,0,Nonshared environmental variance,500,3.9178056367168765,3.9205507691587673,3.164945742784999,4.592579955307992,0,4,3.9178056367168765
-1.64,0,Total phenotypic variance,500,7.910955220689834,7.892179075992061,7.316917526070165,8.553971963579627,0,7.932657453333156,7.910955220689834
-1.6199999999999999,0,Additive genetic variance,500,1.7740206155589244,1.7487018627253037,1.1440445343482861,2.5574180553833354,0,1.7115756193890552,1.7740206155589244
-1.6199999999999999,0,Common environmental variance,500,2.2477547076906603,2.2768126558241413,1.4667281428818764,2.9981323880576713,0,2.25,2.2477547076906603
-1.6199999999999999,0,Nonshared environmental variance,500,3.9183401313259334,3.9227876144785965,3.1716342463626903,4.586015260129226,0,4,3.9183401313259334
-1.6199999999999999,0,Total phenotypic variance,500,7.940115454575518,7.927495362475317,7.3442472504721685,8.586789285412602,0,7.9615756193890554,7.940115454575518
-1.5999999999999999,0,Additive genetic variance,500,1.8031181718545155,1.7794176572325406,1.1682482054164318,2.5842873258009824,0,1.7407122370654269,1.8031181718545155
-1.5999999999999999,0,Common environmental variance,500,2.2475014564204194,2.275823121723731,1.4730208516266843,2.9927487498041287,0,2.25,2.2475014564204194
-1.5999999999999999,0,Nonshared environmental variance,500,3.9188773497220857,3.9245306733686993,3.1783212980202373,4.578764853237195,0,4,3.9188773497220857
-1.5999999999999999,0,Total phenotypic variance,500,7.969496977997021,7.958022812707967,7.3718535478000025,8.618678235994913,0,7.990712237065427,7.969496977997021
-1.58,0,Additive genetic variance,500,1.8324203253307976,1.8072281859553923,1.192235344893795,2.6111278357177667,0,1.7700616227981283,1.8324203253307976
-1.58,0,Common environmental variance,500,2.2472564755222835,2.275897890589431,1.4793102101813513,2.98386039680896,0,2.25,2.2472564755222835
-1.58,0,Nonshared environmental variance,500,3.9194172179392965,3.9248486988451363,3.1850068271154224,4.573765552672732,0,4,3.9194172179392965
-1.58,0,Total phenotypic variance,500,7.999094018792378,7.988211605027196,7.399734346171694,8.64875551309412,0,8.020061622798128,7.999094018792378
-1.56,0,Additive genetic variance,500,1.8619213042151006,1.8367770616638428,1.21785914439509,2.6379868613432342,0,1.7996178937547245,1.8619213042151006
-1.56,0,Common environmental variance,500,2.2470196440740815,2.2763194121292347,1.4855958727427057,2.974692425378824,0,2.25,2.2470196440740815
-1.56,0,Nonshared environmental variance,500,3.9199596624767827,3.9241510844061973,3.1916907628655045,4.569284280331258,0,4,3.9199596624767827
-1.56,0,Total phenotypic variance,500,8.028900610765964,8.017379792840917,7.434389466267347,8.678832761524,0,8.049617893754725,8.028900610765964
-1.54,0,Additive genetic variance,500,1.8916151416510314,1.8658287697870564,1.2438880642390957,2.6647668633898336,0,1.8293749682710956,1.8916151416510314
-1.54,0,Common environmental variance,500,2.24679084198688,2.2745922397962763,1.4918774924181477,2.965579335003479,0,2.25,2.24679084198688
-1.54,0,Nonshared environmental variance,500,3.920504610299335,3.9271051055541166,3.19837303434831,4.564403230825796,0,4,3.920504610299335
-1.54,0,Total phenotypic variance,500,8.058910593937247,8.046054247547445,7.46938787419361,8.708896934783464,0,8.079374968271097,8.058910593937247
-1.52,0,Additive genetic variance,500,1.9214956761114699,1.8970512901536114,1.2702349285058634,2.6914598418297766,0,1.8593265664557528,1.9214956761114699
-1.52,0,Common environmental variance,500,2.246569950003818,2.2704217502872375,1.4981547212701054,2.9565207693018642,0,2.25,2.246569950003818
-1.52,0,Nonshared environmental variance,500,3.9210519888376534,3.927664907891069,3.2049219454365288,4.560856770443679,0,4,3.9210519888376534
-1.52,0,Total phenotypic variance,500,8.089117614952942,8.078796014723236,7.499568947647058,8.73894025110511,0,8.109326566455753,8.089117614952942
-1.5,0,Additive genetic variance,500,1.9515565519774625,1.9280597801164392,1.2968964803725807,2.7180577505647583,0,1.8894662109640588,1.9515565519774625
-1.5,0,Common environmental variance,500,2.24635684969903,2.2726868219563525,1.5044272103609044,2.947516375867726,0,2.25,2.24635684969903
-1.5,0,Nonshared environmental variance,500,3.9216017259886993,3.9240833447341883,3.211338533548049,4.557370778330487,0,4,3.9216017259886993
-1.5,0,Total phenotypic variance,500,8.119515127665192,8.107431504339095,7.530061355272517,8.769757189688717,0,8.13946621096406,8.119515127665192
-1.48,0,Additive genetic variance,500,1.9817912202854546,1.956710661796008,1.3238692153757503,2.7445525012910705,0,1.9197872279444255,1.9817912202854546
-1.48,0,Common environmental variance,500,2.2461514234766637,2.2742161328402264,1.5106946097980387,2.93856580622753,0,2.25,2.2461514234766637
-1.48,0,Nonshared environmental variance,500,3.9221537501160606,3.9226846299384324,3.221368183430297,4.553903438067955,0,4,3.9221537501160606
-1.48,0,Total phenotypic variance,500,8.15009639387818,8.137294066672801,7.56086061508507,8.802529000774765,0,8.169787227944425,8.15009639387818
-1.46,0,Additive genetic variance,500,2.012192939645165,1.989066924528463,1.3511493788725994,2.770935967431983,0,1.950282748158385,2.012192939645165
-1.46,0,Common environmental variance,500,2.2459535545699834,2.274284615570793,1.5169565687798428,2.9296687157989174,0,2.25,2.2459535545699834
-1.46,0,Nonshared environmental variance,500,3.9227079900503354,3.924329840568512,3.2315089082199835,4.550012817064451,0,4,3.9227079900503354
-1.46,0,Total phenotypic variance,500,8.180854484265485,8.167996183041609,7.5919620119222095,8.83188785836633,0,8.200282748158385,8.180854484265485
-1.44,0,Additive genetic variance,500,2.042754777330238,2.021964468267289,1.3787329636866281,2.7971999881348797,0,1.9809457082762665,2.042754777330238
-1.44,0,Common environmental variance,500,2.245763127040561,2.2731987743797317,1.5232127356415524,2.9238111103721103,0,2.25,2.245763127040561
-1.44,0,Nonshared environmental variance,500,3.9232643750895257,3.9241353943742165,3.241656593954084,4.5448140352381055,0,4,3.9232643750895257
-1.44,0,Total phenotypic variance,500,8.211782279460325,8.202755230906032,7.623059328373348,8.861222992722976,0,8.230945708276266,8.211782279460325
-1.42,0,Additive genetic variance,500,2.0734696105436528,2.055086775827025,1.4066157079438035,2.8233363723305587,0,2.0117688523500443,2.0734696105436528
-1.42,0,Common environmental variance,500,2.245580025777556,2.2721424556929986,1.5294627579017432,2.918098129535199,0,2.25,2.245580025777556
-1.42,0,Nonshared environmental variance,500,3.9238228349994517,3.925048640144177,3.251811100722934,4.539654000876574,0,4,3.9238228349994517
-1.42,0,Total phenotypic variance,500,8.242872471320661,8.233295091216402,7.655051180920267,8.889216134981893,0,8.261768852350045,8.242872471320661
-1.4,0,Additive genetic variance,500,2.1043301278597006,2.086184743040995,1.4347930931057893,2.8519924602970166,0,2.0427447334647515,2.1043301278597006
-1.4,0,Common environmental variance,500,2.2454041364970783,2.2689745092058136,1.5357062823091447,2.9107079010922874,0,2.25,2.2454041364970783
-1.4,0,Nonshared environmental variance,500,3.924383300014174,3.92405161390757,3.2619206625909007,4.534735910681924,0,4,3.924383300014174
-1.4,0,Total phenotypic variance,500,8.274117564370952,8.263767898703165,7.681947633921604,8.918317544577583,0,8.292744733464751,8.274117564370952
-1.38,0,Additive genetic variance,500,2.1353288308441645,2.117200410955372,1.4639609372864215,2.8832782187178454,0,2.0738657155696565,2.1353288308441645
-1.38,0,Common environmental variance,500,2.245235345741637,2.2686665878432284,1.541609825123704,2.9021319041970264,0,2.25,2.245235345741637
-1.38,0,Nonshared environmental variance,500,3.924945700836433,3.9257976669550874,3.2719974803333765,4.530854624794653,0,4,3.924945700836433
-1.38,0,Total phenotypic variance,500,8.305509877422235,8.295326634986642,7.712702407172113,8.948051555766614,0,8.323865715569656,8.305509877422235
-1.3599999999999999,0,Additive genetic variance,500,2.1664580358541623,2.1505257233764663,1.493643928816101,2.9154977600669625,0,2.1051239754902435,2.1664580358541623
-1.3599999999999999,0,Common environmental variance,500,2.2450735408796696,2.2673266865736053,1.546266202381315,2.8961052483621055,0,2.25,2.2450735408796696
-1.3599999999999999,0,Nonshared environmental variance,500,3.925509968638103,3.9266297898573077,3.2820807579115034,4.52804328548748,0,4,3.925509968638103
-1.3599999999999999,0,Total phenotypic variance,500,8.337041545371935,8.324716595002409,7.74735223455264,8.979660836555109,0,8.355123975490244,8.337041545371935
-1.3399999999999999,0,Additive genetic variance,500,2.1977098760189264,2.1820306861388388,1.522031750423884,2.9481563507111255,0,2.1365115051218235,2.1977098760189264
-1.3399999999999999,0,Common environmental variance,500,2.2449186101051524,2.2673823350051636,1.550926588789857,2.890201163812187,0,2.25,2.2449186101051524
-1.3399999999999999,0,Nonshared environmental variance,500,3.9260760350606545,3.926702177346782,3.292170358264939,4.525239003009023,0,4,3.9260760350606545
-1.3399999999999999,0,Total phenotypic variance,500,8.368704521184734,8.358622854749175,7.776758697182765,9.011135486058246,0,8.386511505121824,8.368704521184734
-1.32,0,Additive genetic variance,500,2.229076303402605,2.215992626154527,1.5506641999239552,2.9817952574695648,0,2.168020113805423,2.229076303402605
-1.32,0,Common environmental variance,500,2.2447704424372943,2.2659040866998486,1.5555909357554543,2.8847282463552695,0,2.25,2.2447704424372943
-1.32,0,Nonshared environmental variance,500,3.9266438322156376,3.928701582878837,3.302266143756631,4.5221712661709415,0,4,3.9266438322156376
-1.32,0,Total phenotypic variance,500,8.400490578055537,8.393048849354049,7.8044675909758805,9.042467508528462,0,8.418020113805422,8.400490578055537
-1.3,0,Additive genetic variance,500,2.260549091349977,2.2499742171019577,1.5785345740821786,3.0168387662630023,0,2.199641430886406,2.260549091349977
-1.3,0,Common environmental variance,500,2.2446289277203064,2.2636462963881865,1.5602591944595292,2.88118449083676,0,2.25,2.2446289277203064
-1.3,0,Nonshared environmental variance,500,3.927213292685168,3.928939185182982,3.309786130813187,4.518430457181966,0,4,3.927213292685168
-1.3,0,Total phenotypic variance,500,8.432391311755453,8.423311547873238,7.835984872415141,9.075754779062816,0,8.449641430886405,8.432391311755453
-1.28,0,Additive genetic variance,500,2.2921198370157803,2.2840374205898475,1.6066636103947232,3.0518212749201132,0,2.2313669084560703,2.2921198370157803
-1.28,0,Common environmental variance,500,2.2444939566232502,2.260857886886992,1.5649313158593947,2.879467531375238,0,2.25,2.2444939566232502
-1.28,0,Nonshared environmental variance,500,3.9277843495224354,3.930552173093621,3.3151169753970553,4.514698676435154,0,4,3.9277843495224354
-1.28,0,Total phenotypic variance,500,8.464398143161466,8.457198504083985,7.86782058653109,9.109318318851674,0,8.48136690845607,8.464398143161466
-1.26,0,Additive genetic variance,500,2.3237799640781334,2.314870192333321,1.6359627859825885,3.0867312016347075,0,2.2631878242762737,2.3237799640781334
-1.26,0,Common environmental variance,500,2.2443654206399613,2.260374290076868,1.569607250688855,2.8777492736502936,0,2.25,2.2443654206399613
-1.26,0,Nonshared environmental variance,500,3.9283569362522166,3.932246419569007,3.320221469422681,4.510975903582167,0,4,3.9283569362522166
-1.26,0,Total phenotypic variance,500,8.496502320970311,8.490452159266365,7.896711064383805,9.140671404602175,0,8.513187824276274,8.496502320970311
-1.24,0,Additive genetic variance,500,2.3555207256363486,2.344782669356105,1.6639776087505398,3.12155686613288,0,2.2950952848869286,2.3555207256363486
-1.24,0,Common environmental variance,500,2.2442432120890503,2.2578230110965567,1.5742869494588163,2.8760297064388243,0,2.25,2.2442432120890503
-1.24,0,Nonshared environmental variance,500,3.928930986871404,3.9339841975794423,3.325333297867444,4.5072621184131805,0,4,3.928930986871404
-1.24,0,Total phenotypic variance,500,8.528694924596802,8.524324720268197,7.925761361384064,9.16830479303168,0,8.545095284886928,8.528694924596802
-1.22,0,Additive genetic variance,500,2.387333207293204,2.3738719834479562,1.6908227514942844,3.156286495823763,0,2.3270802288959955,2.387333207293204
-1.22,0,Common environmental variance,500,2.244127224113975,2.2544618124211895,1.5789703624579041,2.8743088187070214,0,2.25,2.244127224113975
-1.22,0,Nonshared environmental variance,500,3.9295064358495453,3.9335779701777644,3.3304524233579835,4.503557300856379,0,4,3.9295064358495453
-1.22,0,Total phenotypic variance,500,8.560966867256724,8.555298590937916,7.954964507234019,9.196707156051044,0,8.577080228895996,8.560966867256724
-1.2,0,Additive genetic variance,500,2.419208330421536,2.40701139233986,1.7176967527201628,3.1917179243187617,0,2.3591334304514016,2.419208330421536
-1.2,0,Common environmental variance,500,2.2440173506831895,2.2519429935678943,1.5836574397530931,2.8725865996100133,0,2.25,2.2440173506831895
-1.2,0,Nonshared environmental variance,500,3.930083218129394,3.9326596706784382,3.335578808380938,4.49986143097744,0,4,3.930083218129394
-1.2,0,Total phenotypic variance,500,8.593308899234119,8.588543719640617,7.983225529290798,9.227014639720746,0,8.6091334304514,8.593308899234119
-1.18,0,Additive genetic variance,500,2.4511368556147985,2.44219356941833,1.7454754412240052,3.2242280591063994,0,2.3912455028940935,2.4511368556147985
-1.18,0,Common environmental variance,500,2.243913486590358,2.250642512033216,1.588141455733528,2.870863038491513,0,2.25,2.243913486590358
-1.18,0,Nonshared environmental variance,500,3.9306612691274703,3.932027632024539,3.340981493065022,4.49617448897903,0,4,3.9306612691274703
-1.18,0,Total phenotypic variance,500,8.625711611332626,8.623353883721366,8.01376544713969,9.257123177604317,0,8.641245502894094,8.625711611332626
-1.16,0,Additive genetic variance,500,2.483109386321009,2.4766333198340393,1.7773544455979262,3.252590185276815,0,2.423406902591211,2.483109386321009
-1.16,0,Common environmental variance,500,2.243815527454646,2.2502911748824106,1.5923501260429118,2.869138124883454,0,2.25,2.243815527454646
-1.16,0,Nonshared environmental variance,500,3.9312405247346356,3.9340199232030852,3.34492576443506,4.492496455200307,0,4,3.9312405247346356
-1.16,0,Total phenotypic variance,500,8.65816543851029,8.656016343392485,8.043298568144905,9.287024723087256,0,8.67340690259121,8.65816543851029
-1.14,0,Additive genetic variance,500,2.515116372659284,2.5125051072218976,1.8094537317024666,3.2808160168733442,0,2.455607932948168,2.515116372659284
-1.14,0,Common environmental variance,500,2.2437233697210774,2.250228782420623,1.5965616693866866,2.867441366057234,0,2.25,2.2437233697210774
-1.14,0,Nonshared environmental variance,500,3.9318209213166724,3.9340290133783955,3.3488656249842106,4.4888273101164105,0,4,3.9318209213166724
-1.14,0,Total phenotypic variance,500,8.690660663697033,8.69001359760233,8.072953355965707,9.31681300529254,0,8.705607932948169,8.690660663697033
-1.1199999999999999,0,Additive genetic variance,500,2.5471481154179356,2.5482150335927365,1.8409546846459386,3.308897358841474,0,2.4878387485981897,2.5471481154179356
-1.1199999999999999,0,Common environmental variance,500,2.2436369106609595,2.249512263592912,1.6007760464791332,2.864145200570811,0,2.25,2.2436369106609595
-1.1199999999999999,0,Nonshared environmental variance,500,3.9324023957148797,3.934947438955172,3.352800920456122,4.485167034337967,0,4,3.9324023957148797
-1.1199999999999999,0,Total phenotypic variance,500,8.723187421793774,8.722745911274826,8.102722045270278,9.346405538593404,0,8.73783874859819,8.723187421793774
-1.0999999999999999,0,Additive genetic variance,500,2.5791947702328812,2.5789641134287766,1.8697358789536427,3.3371686912857963,0,2.520089359767649,2.5791947702328812
-1.0999999999999999,0,Common environmental variance,500,2.2435560483723753,2.2501664379670268,1.6049932178700832,2.859834824888079,0,2.25,2.2435560483723753
-1.0999999999999999,0,Nonshared environmental variance,500,3.9329848852466758,3.932359326899153,3.3567314971214253,4.481515608610601,0,4,3.9329848852466758
-1.0999999999999999,0,Total phenotypic variance,500,8.755735703851933,8.756422448824903,8.132691340384564,9.375768627165996,0,8.770089359767649,8.755735703851933
-1.08,0,Additive genetic variance,500,2.6112463519448754,2.608580577593647,1.8985284044122412,3.365698442792562,0,2.5523496368153222,2.6112463519448754
-1.08,0,Common environmental variance,500,2.2434806817807402,2.2500263406713232,1.6092131439453663,2.855830902322393,0,2.25,2.2434806817807402
-1.08,0,Nonshared environmental variance,500,3.9335683277062095,3.9315159126857537,3.360368089332985,4.477873013814434,0,4,3.9335683277062095
-1.08,0,Total phenotypic variance,500,8.788295361431825,8.789221513477552,8.1644761631507,9.404894373677987,0,8.802349636815322,8.788295361431825
-1.06,0,Additive genetic variance,500,2.6432927391338548,2.636383284007766,1.9273687777809931,3.396011661872998,0,2.5846093149434526,2.6432927391338548
-1.06,0,Common environmental variance,500,2.243410710639427,2.24995260284537,1.6134357849272587,2.8512543544655067,0,2.25,2.243410710639427
-1.06,0,Nonshared environmental variance,500,3.934152661364985,3.9299059995692276,3.3660011733907553,4.476046052496354,0,4,3.934152661364985
-1.06,0,Total phenotypic variance,500,8.820856111138268,8.822817820940617,8.196547693660413,9.43466287055164,0,8.834609314943453,8.820856111138268
-1.04,0,Additive genetic variance,500,2.6753236788284496,2.6668149829783174,1.9562846298878145,3.424295079657636,0,2.6168579990783067,2.6753236788284496
-1.04,0,Common environmental variance,500,2.243346035530449,2.2507376535242365,1.61766110087494,2.846895075555018,0,2.25,2.243346035530449
-1.04,0,Nonshared environmental variance,500,3.934737824972491,3.931259863905261,3.3739788502138905,4.476106038199182,0,4,3.934737824972491
-1.04,0,Total phenotypic variance,500,8.85340753933139,8.85718577877864,8.22889603712774,9.464795977383783,0,8.866857999078306,8.85340753933139
-1.02,0,Additive genetic variance,500,2.7073287913884796,2.6969647834658304,1.9852662773392877,3.452349003449357,0,2.649085168917677,2.7073287913884796
-1.02,0,Common environmental variance,500,2.2432865578652095,2.250380891968477,1.6218890516849571,2.8428400718855356,0,2.25,2.2432865578652095
-1.02,0,Nonshared environmental variance,500,3.9353237577568407,3.932601455351529,3.381936619379905,4.473367115015025,0,4,3.9353237577568407
-1.02,0,Total phenotypic variance,500,8.88593910701053,8.88895357620955,8.261454832762919,9.49472952315283,0,8.899085168917678,8.88593910701053
-1,0,Additive genetic variance,500,2.739297575558021,2.731493843115647,2.0143038548887873,3.4801639112646985,0,2.6812801841425573,2.739297575558021
-1,0,Common environmental variance,500,2.2432321798853083,2.2492158540534013,1.6261195970916948,2.83865253825388,0,2.25,2.2432321798853083
-1,0,Nonshared environmental variance,500,3.935910399425423,3.9317437630289387,3.389874253853807,4.469246096279596,0,4,3.935910399425423
-1,0,Total phenotypic variance,500,8.918440154868753,8.919119185160875,8.29538034714503,9.52445408528507,0,8.931280184142558,8.918440154868753
-0.98,0,Additive genetic variance,500,2.771219413686396,2.764379732299974,2.043387320114144,3.508002438212813,0,2.7134322897900183,2.771219413686396
-0.98,0,Common environmental variance,500,2.2431828046634146,2.2484163199501,1.6303526966678485,2.8379141612906027,0,2.25,2.2431828046634146
-0.98,0,Nonshared environmental variance,500,3.9364976901655577,3.9294856184705127,3.3977915268473016,4.464466307888032,0,4,3.9364976901655577
-0.98,0,Total phenotypic variance,500,8.950899908515368,8.950987344536781,8.329683695960389,9.553923752339825,0,8.963432289790019,8.950899908515368
-0.96,0,Additive genetic variance,500,2.803083577114208,2.7937465643424164,2.078778800594967,3.538738803236252,0,2.74553062178407,2.803083577114208
-0.96,0,Common environmental variance,500,2.2431383361041903,2.2478888501225214,1.6345883098249092,2.837723685606506,0,2.25,2.2431383361041903
-0.96,0,Nonshared environmental variance,500,3.937085570645161,3.929118815088933,3.4056882118303085,4.459694600959089,0,4,3.937085570645161
-0.96,0,Total phenotypic variance,500,8.983307483863559,8.987349521569355,8.364217398147716,9.582832359947952,0,8.99553062178407,8.983307483863559
-0.94,0,Additive genetic variance,500,2.8348792317212985,2.823808796057952,2.114621837165899,3.574836463087215,0,2.7775642126210935,2.8348792317212985
-0.94,0,Common environmental variance,500,2.243098678945277,2.2481344766741054,1.6393400074807007,2.8362328457130657,0,2.25,2.243098678945277
-0.94,0,Nonshared environmental variance,500,3.9376739820134206,3.9295783909585182,3.4135640825424938,4.45493095348189,0,4,3.9376739820134206
-0.94,0,Total phenotypic variance,500,9.015651892679996,9.019260677761608,8.398969438599476,9.611602568126617,0,9.027564212621094,9.015651892679996
-0.9199999999999999,0,Additive genetic variance,500,2.8665954436332872,2.857943171247944,2.1447356470258,3.611133598420933,0,2.809521997206206,2.8665954436332872
-0.9199999999999999,0,Common environmental variance,500,2.243063738758339,2.2468472089690663,1.6453395845281205,2.8339905854048064,0,2.25,2.243063738758339
-0.9199999999999999,0,Nonshared environmental variance,500,3.938262865901474,3.929957429502454,3.421418913004806,4.451680627660959,0,4,3.938262865901474
-0.9199999999999999,0,Total phenotypic variance,500,9.0479220482931,9.050607337263699,8.433927466322535,9.639468933299975,0,9.059521997206206,9.0479220482931
-0.8999999999999999,0,Additive genetic variance,500,2.8982211850831106,2.8922542502169524,2.1748727430686836,3.644361787370385,0,2.8413928188367095,2.8982211850831106
-0.8999999999999999,0,Common environmental variance,500,2.243033421950158,2.247533499389985,1.6506167803514975,2.829518602459564,0,2.25,2.243033421950158
-0.8999999999999999,0,Nonshared environmental variance,500,3.9388521644230985,3.9283938563280776,3.429252477531012,4.448418235398291,0,4,3.9388521644230985
-0.8999999999999999,0,Total phenotypic variance,500,9.080106771456366,9.082339222365032,8.468282301020544,9.668681867408182,0,9.09139281883671,9.080106771456366
-0.8799999999999999,0,Additive genetic variance,500,2.9297453404237555,2.921580028324021,2.2050221280461217,3.6682247683117657,0,2.8731654353285574,2.9297453404237555
-0.8799999999999999,0,Common environmental variance,500,2.2430076357637847,2.24684956080726,1.656377332275504,2.8248157362196276,0,2.25,2.2430076357637847
-0.8799999999999999,0,Nonshared environmental variance,500,3.9394418201754062,3.925345174343284,3.4370645507392372,4.445540029210657,0,4,3.9394418201754062
-0.8799999999999999,0,Total phenotypic variance,500,9.112194796362946,9.112295420419475,8.499234188820513,9.696967912251402,0,9.123165435328557,9.112194796362946
-0.8599999999999999,0,Additive genetic variance,500,2.9611567122881497,2.955980066851239,2.2351586203919256,3.692374507893123,0,2.904828525281583,2.9611567122881497
-0.8599999999999999,0,Common environmental variance,500,2.2429862882797464,2.247754569642802,1.6623623323748742,2.820128883578925,0,2.25,2.2429862882797464
-0.8599999999999999,0,Nonshared environmental variance,500,3.940031776239546,3.921931288396376,3.4453117349151805,4.443584755826935,0,4,3.940031776239546
-0.8599999999999999,0,Total phenotypic variance,500,9.144174776807443,9.14162271011425,8.529858861953667,9.725069479115486,0,9.154828525281584,9.144174776807443
-0.8399999999999999,0,Additive genetic variance,500,2.9924440278919486,2.9881498274859206,2.265235644460952,3.716547016945247,0,2.9363706944790016,2.9924440278919486
-0.8399999999999999,0,Common environmental variance,500,2.2429692884172994,2.248250835543317,1.6670518980177182,2.8171853958802595,0,2.25,2.2429692884172994
-0.8399999999999999,0,Nonshared environmental variance,500,3.9406219761814127,3.9211574057187875,3.4536304195841607,4.442149085302593,0,4,3.9406219761814127
-0.8399999999999999,0,Total phenotypic variance,500,9.17603529249066,9.170652678339984,8.560461744097811,9.752974989595756,0,9.186370694479002,9.17603529249066
-0.8199999999999998,0,Additive genetic variance,500,3.0235959454747374,3.0192471860790384,2.2952903091568126,3.747714708721965,0,2.9677804824165177,3.0235959454747374
-0.8199999999999998,0,Common environmental variance,500,2.24295654593574,2.2445204754081476,1.6699200419421163,2.8162761304293134,0,2.25,2.24295654593574
-0.8199999999999998,0,Nonshared environmental variance,500,3.941212364052362,3.922073767366551,3.4618826490707173,4.437250762245545,0,4,3.941212364052362
-0.8199999999999998,0,Total phenotypic variance,500,9.20776485546284,9.200561838180139,8.591046834948187,9.780689310844068,0,9.217780482416519,9.20776485546284
-0.7999999999999998,0,Additive genetic variance,500,3.054601060874946,3.056349581630095,2.325311053175233,3.777186468028966,0,2.9990463689561655,3.054601060874946
-0.7999999999999998,0,Common environmental variance,500,2.2429479714357616,2.245311299660106,1.6727918336055763,2.813175150257718,0,2.25,2.2429479714357616
-0.7999999999999998,0,Nonshared environmental variance,500,3.9418028843899333,3.925096031815986,3.46812628602468,4.432479765525655,0,4,3.9418028843899333
-0.7999999999999998,0,Total phenotypic variance,500,9.23935191670064,9.229844485991384,8.621603499298228,9.807727253742478,0,9.249046368956165,9.23935191670064
-0.7799999999999998,0,Additive genetic variance,500,3.0854479142335576,3.0876152351342236,2.355286181783308,3.806864921798211,0,3.0301567810998145,3.0854479142335576
-0.7799999999999998,0,Common environmental variance,500,2.242943476360859,2.247300691699994,1.6758630483201093,2.8102852038146233,0,2.25,2.242943476360859
-0.7799999999999998,0,Nonshared environmental variance,500,3.942393482218574,3.9276694371873218,3.475700353507346,4.42872798150266,0,4,3.942393482218574
-0.7799999999999998,0,Total phenotypic variance,500,9.27078487281299,9.258602066409512,8.654425323860954,9.83546258485839,0,9.280156781099814,9.27078487281299
-0.7599999999999998,0,Additive genetic variance,500,3.1161249968214872,3.119755525600243,2.385203873840762,3.8364265647303313,0,3.0611000998770814,3.1161249968214872
-0.7599999999999998,0,Common environmental variance,500,2.2429429729987858,2.2510851043694364,1.6795725488267808,2.8076361727771375,0,2.25,2.2429429729987858
-0.7599999999999998,0,Nonshared environmental variance,500,3.9429841030503763,3.927818791301023,3.4804166129513465,4.4249704950280515,0,4,3.9429841030503763
-0.7599999999999998,0,Total phenotypic variance,500,9.30205207287065,9.289167658637247,8.688581860294313,9.862711649937886,0,9.31110009987708,9.30205207287065
-0.7399999999999998,0,Additive genetic variance,500,3.1466207579852834,3.1506104799477077,2.415027547336912,3.862564830759021,0,3.0918646673422097,3.1466207579852834
-0.7399999999999998,0,Common environmental variance,500,2.2429463744830533,2.2518845441373467,1.6832875426926543,2.803965817506536,0,2.25,2.2429463744830533
-0.7399999999999998,0,Nonshared environmental variance,500,3.943574692885812,3.930368902038338,3.482959634303559,4.4211685283764535,0,4,3.943574692885812
-0.7399999999999998,0,Total phenotypic variance,500,9.333141825354149,9.323118010346699,8.722733239161677,9.894110862636282,0,9.34186466734221,9.333141825354149
-0.7199999999999998,0,Additive genetic variance,500,3.1769236122056275,3.185690818979901,2.445412873887586,3.8905419018854497,0,3.122438793674298,3.1769236122056275
-0.7199999999999998,0,Common environmental variance,500,2.242953594794479,2.2504179037897996,1.688034413352466,2.799030121294396,0,2.25,2.242953594794479
-0.7199999999999998,0,Nonshared environmental variance,500,3.94416519821448,3.9338415086408363,3.484372085488826,4.4144816668696,0,4,3.94416519821448
-0.7199999999999998,0,Total phenotypic variance,500,9.364042405214587,9.355166120977476,8.756868244238941,9.91855396548522,0,9.372438793674299,9.364042405214587
-0.6999999999999997,0,Additive genetic variance,500,3.2070219462628806,3.2162618379425716,2.477409377273414,3.919324980245269,0,3.1528107643750825,3.2070219462628806
-0.6999999999999997,0,Common environmental variance,500,2.242964548762776,2.250158048913426,1.6953073341928513,2.7937014975877963,0,2.25,2.242964548762776
-0.6999999999999997,0,Nonshared environmental variance,500,3.9447555660158513,3.9337895623060284,3.4870691389633874,4.410061870250702,0,4,3.9447555660158513
-0.6999999999999997,0,Total phenotypic variance,500,9.394742061041509,9.38485563660305,8.790975513672679,9.943617463728149,0,9.402810764375083,9.394742061041509
-0.6800000000000002,0,Additive genetic variance,500,3.2369041265037595,3.2502441184035424,2.50077747628596,3.946942244891808,0,3.1829688475582993,3.2369041265037595
-0.6800000000000002,0,Common environmental variance,500,2.242979152068188,2.2499177936910355,1.7025920305707136,2.7867329498269227,0,2.25,2.242979152068188
-0.6800000000000002,0,Nonshared environmental variance,500,3.9453457437600252,3.934251165666316,3.488525039002533,4.406542201892881,0,4,3.9453457437600252
-0.6800000000000002,0,Total phenotypic variance,500,9.425229022331973,9.411221733677984,8.825043545669017,9.971253358682223,0,9.4329688475583,9.425229022331973
-0.6600000000000001,0,Additive genetic variance,500,3.2665585062030185,3.280761463350204,2.524415800333995,3.972273557861164,0,3.2129013013245316,3.2665585062030185
-0.6600000000000001,0,Common environmental variance,500,2.2429973212431693,2.2501855253648344,1.7098883353830276,2.7798018969691736,0,2.25,2.2429973212431693
-0.6600000000000001,0,Nonshared environmental variance,500,3.9459356794084854,3.9352728704464592,3.4894904485519174,4.404960284409203,0,4,3.9459356794084854
-0.6600000000000001,0,Total phenotypic variance,500,9.455491506854672,9.443198873197371,8.855779019863515,10.003134513940978,0,9.462901301324532,9.455491506854672
-0.6400000000000001,0,Additive genetic variance,500,3.2959734330138435,3.306314508162923,2.5487109181796814,3.997169518202891,0,3.2425963812152134,3.2959734330138435
-0.6400000000000001,0,Common environmental variance,500,2.243018973674101,2.249786808709664,1.7158192015085278,2.7746318603247397,0,2.25,2.243018973674101
-0.6400000000000001,0,Nonshared environmental variance,500,3.946525321414863,3.932601403781206,3.490467619120382,4.404331909290805,0,4,3.946525321414863
-0.6400000000000001,0,Total phenotypic variance,500,9.485517728102808,9.476220653558732,8.885880654619179,10.036864372109932,0,9.492596381215213,9.485517728102808
-0.6200000000000001,0,Additive genetic variance,500,3.325137256500491,3.3316895977676224,2.5755479179305683,4.02161982724196,0,3.272042347739403,3.325137256500491
-0.6200000000000001,0,Common environmental variance,500,2.2430440276030503,2.2500890245926923,1.716349893793846,2.7707273061469184,0,2.25,2.2430440276030503
-0.6200000000000001,0,Nonshared environmental variance,500,3.947114618725703,3.93426098156218,3.49144421756858,4.403497624892817,0,4,3.947114618725703
-0.6200000000000001,0,Total phenotypic variance,500,9.515295902829244,9.507110347915834,8.915947492938612,10.070206425055222,0,9.5220423477394025,9.515295902829244
-0.6000000000000001,0,Additive genetic variance,500,3.354038335746529,3.3636895333263555,2.6071656564527625,4.046184536811339,0,3.301227473966729,3.354038335746529
-0.6000000000000001,0,Common environmental variance,500,2.2430724021295716,2.24834338243891,1.7167747512480886,2.7668340381541174,0,2.25,2.2430724021295716
-0.6000000000000001,0,Nonshared environmental variance,500,3.947703520781234,3.934528488349683,3.4922721938190873,4.403256953718845,0,4,3.947703520781234
-0.6000000000000001,0,Total phenotypic variance,500,9.544814258657334,9.541501166526231,8.945801468117068,10.103147040081975,0,9.55122747396673,9.544814258657334
-0.5800000000000001,0,Additive genetic variance,500,3.38266504703189,3.391755757156294,2.638639106344262,4.078351124429186,0,3.330140053179798,3.38266504703189
-0.5800000000000001,0,Common environmental variance,500,2.2431040172125405,2.247616274685825,1.7178399200761345,2.7629519721155233,0,2.25,2.2431040172125405
-0.5800000000000001,0,Nonshared environmental variance,500,3.9482919775161416,3.938045354954985,3.4965038416675447,4.402201383883913,0,4,3.9482919775161416
-0.5800000000000001,0,Total phenotypic variance,500,9.574061041760572,9.573341842747258,8.975336725615813,10.13567268037145,0,9.580140053179798,9.574061041760572
-0.56,0,Additive genetic variance,500,3.4110057915717773,3.423510137579685,2.670803562458687,4.112914767693264,0,3.358768406579237,3.4110057915717773
-0.56,0,Common environmental variance,500,2.2431387936720317,2.2510862708587585,1.7237223461325324,2.759081024584818,0,2.25,2.2431387936720317
-0.56,0,Nonshared environmental variance,500,3.9488799393603466,3.939544397525884,3.501110132506812,4.401541240533888,0,4,3.9488799393603466
-0.56,0,Total phenotypic variance,500,9.603024524604155,9.603452237544044,9.00480712391191,10.165328425646361,0,9.608768406579237,9.603024524604155
-0.54,0,Additive genetic variance,500,3.4390490033103376,3.4549763757313636,2.70512589237649,4.141267623259369,0,3.387100891034402,3.4390490033103376
-0.54,0,Common environmental variance,500,2.243176653191227,2.2519915311467655,1.7289969465761073,2.7552211128954824,0,2.25,2.243176653191227
-0.54,0,Nonshared environmental variance,500,3.949467357239785,3.9412185019146917,3.5056755120307654,4.403095681677162,0,4,3.949467357239785
-0.54,0,Total phenotypic variance,500,9.63169301374135,9.631273374305591,9.030689170542693,10.193908272646855,0,9.637100891034402,9.63169301374135
-0.52,0,Additive genetic variance,500,3.4667831567618657,3.4797851726867854,2.7389040451908633,4.1681487075004995,0,3.4151259068726825,3.4667831567618657
-0.52,0,Common environmental variance,500,2.2432175183183625,2.2523721117967073,1.732735156814401,2.7513721551561465,0,2.25,2.2432175183183625
-0.52,0,Nonshared environmental variance,500,3.950054182577191,3.9403782718052307,3.5106599960841383,4.406294637923406,0,4,3.950054182577191
-0.52,0,Total phenotypic variance,500,9.66005485765742,9.658366180707816,9.056121223327533,10.222023975511748,0,9.665125906872682,9.66005485765742
-0.5,0,Additive genetic variance,500,3.4941967748921807,3.5069859450674103,2.769232048946187,4.1946655839806715,0,3.442831905700231,3.4941967748921807
-0.5,0,Common environmental variance,500,2.2432613124687104,2.249071722897005,1.7361025025907835,2.7477702639475368,0,2.25,2.2432613124687104
-0.5,0,Nonshared environmental variance,500,3.9506403672928823,3.942829649165672,3.515448718496993,4.4087315315239834,0,4,3.9506403672928823
-0.5,0,Total phenotypic variance,500,9.688098454653774,9.68674008576088,9.085519467356278,10.249664546970283,0,9.692831905700231,9.688098454653774
-0.48,0,Additive genetic variance,500,3.5212784370326973,3.535654543308053,2.795965174840929,4.220794436055914,0,3.4702073982468367,3.5212784370326973
-0.48,0,Common environmental variance,500,2.243307959926592,2.2486395816687237,1.7357197381702894,2.7441837046381004,0,2.25,2.243307959926592
-0.48,0,Nonshared environmental variance,500,3.9512258638055506,3.9430833503482603,3.5204693035399917,4.410951267132141,0,4,3.9512258638055506
-0.48,0,Total phenotypic variance,500,9.71581226076484,9.717074034229377,9.11587121767337,10.276819157532179,0,9.720207398246837,9.71581226076484
-0.45999999999999996,0,Additive genetic variance,500,3.5480167868195993,3.563164102382868,2.8244412061587685,4.246411930562713,0,3.497240962227585,3.5480167868195993
-0.45999999999999996,0,Common environmental variance,500,2.2433573858474243,2.2470954496988407,1.735355200135377,2.7406053227458766,0,2.25,2.2433573858474243
-0.45999999999999996,0,Nonshared environmental variance,500,3.951810625033052,3.9457126035525985,3.5252788870946623,4.41049001924231,0,4,3.951810625033052
-0.45999999999999996,0,Total phenotypic variance,500,9.743184797700076,9.747276656059473,9.145911897820831,10.303477143490841,0,9.747240962227584,9.743184797700076
-0.43999999999999995,0,Additive genetic variance,500,3.574400540150426,3.586955058027287,2.847926567912048,4.271506691411268,0,3.5239212502138657,3.574400540150426
-0.43999999999999995,0,Common environmental variance,500,2.243409516259797,2.247177618181199,1.7350068413123385,2.7369416899071743,0,2.25,2.243409516259797
-0.43999999999999995,0,Nonshared environmental variance,500,3.952394604393199,3.9467237889934648,3.5279440572659757,4.410010384726653,0,4,3.952394604393199
-0.43999999999999995,0,Total phenotypic variance,500,9.770204660803422,9.775505916608203,9.173201488027445,10.329628014841294,0,9.773921250213865,9.770204660803422
-0.41999999999999993,0,Additive genetic variance,500,3.6004184931502876,3.6095157936770037,2.8786136169373013,4.296067525924615,0,3.550236997506218,3.6004184931502876
-0.41999999999999993,0,Common environmental variance,500,2.2434642780675826,2.2448988148781894,1.7349549306682412,2.730166535141191,0,2.25,2.2434642780675826
-0.41999999999999993,0,Nonshared environmental variance,500,3.952977755804557,3.9458907465352207,3.526879072282565,4.4095123448780065,0,4,3.952977755804557
-0.41999999999999993,0,Total phenotypic variance,500,9.796860527022428,9.803659098125435,9.198624665586049,10.355261463104476,0,9.800236997506218,9.796860527022428
-0.3999999999999999,0,Additive genetic variance,500,3.6260595301398473,3.636787065782796,2.9074630782059425,4.320083433225143,0,3.5761770300014284,3.6260595301398473
-0.3999999999999999,0,Common environmental variance,500,2.2435215990520736,2.2425151749763255,1.736975727416643,2.7234280805847053,0,2.25,2.2435215990520736
-0.3999999999999999,0,Nonshared environmental variance,500,3.953560033687239,3.9480774914706758,3.5256267047529883,4.408995881789192,0,4,3.953560033687239
-0.3999999999999999,0,Total phenotypic variance,500,9.82314116287916,9.826325437436124,9.224870318523314,10.38041577849414,0,9.826177030001428,9.82314116287916
-0.3799999999999999,0,Additive genetic variance,500,3.6513126315971225,3.658832127692845,2.932547111631104,4.340068975182344,0,3.6017302720462867,3.6513126315971225
-0.3799999999999999,0,Common environmental variance,500,2.243581407874147,2.239828712111323,1.7389351033792408,2.7167261381624073,0,2.25,2.243581407874147
-0.3799999999999999,0,Nonshared environmental variance,500,3.9541413929637086,3.9481870142697355,3.526305837948929,4.408460978353511,0,4,3.9541413929637086
-0.3799999999999999,0,Total phenotypic variance,500,9.84903543243498,9.851555987483579,9.25034170618342,10.405091173548506,0,9.851730272046286,9.84903543243498
-0.3599999999999999,0,Additive genetic variance,500,3.676166882105119,3.6817116300107804,2.9545586239329635,4.359519698051951,0,3.6268857542703,3.676166882105119
-0.3599999999999999,0,Common environmental variance,500,2.2436436340764616,2.2387415192465223,1.7408986001114113,2.7100605210575126,0,2.25,2.2436436340764616
-0.3599999999999999,0,Nonshared environmental variance,500,3.954721789059573,3.947590486162262,3.527742521958657,4.407907618265201,0,4,3.954721789059573
-0.3599999999999999,0,Total phenotypic variance,500,9.874532305241154,9.877581062446351,9.27451757376178,10.42921703055685,0,9.876885754270301,9.874532305241154
-0.33999999999999986,0,Additive genetic variance,500,3.700611478277234,3.70473630387219,2.9759407095707706,4.378476736771376,0,3.6516326213896892,3.700611478277234
-0.33999999999999986,0,Common environmental variance,500,2.2437082080856743,2.238631379995292,1.7428662086934468,2.7049816584782467,0,2.25,2.2437082080856743
-0.33999999999999986,0,Nonshared environmental variance,500,3.9553011779043894,3.946036177181865,3.5291768576262363,4.407335786019853,0,4,3.9553011779043894
-0.33999999999999986,0,Total phenotypic variance,500,9.899620864267298,9.90439001603978,9.301012178417835,10.452783767325128,0,9.90163262138969,9.899620864267298
-0.31999999999999984,0,Additive genetic variance,500,3.7246357366523415,3.7280825212877975,2.996617144555835,4.39890183387063,0,3.6759601399749386,3.7246357366523415
-0.31999999999999984,0,Common environmental variance,500,2.24377506121469,2.2401305607034,1.7448379202413966,2.701500525227882,0,2.25,2.24377506121469
-0.31999999999999984,0,Nonshared environmental variance,500,3.9558795159324633,3.944271795989728,3.5305590172168912,4.406745466914793,0,4,3.9558795159324633
-0.31999999999999984,0,Total phenotypic variance,500,9.924290313799494,9.930739411096344,9.327256426721117,10.475782021789868,0,9.925960139974938,9.924290313799494
-0.2999999999999998,0,Additive genetic variance,500,3.748229101551429,3.755685336668013,3.0172836561963865,4.421929877761714,0,3.6998577061741567,3.748229101551429
-0.2999999999999998,0,Common environmental variance,500,2.24384412566493,2.2441954401508664,1.7468137259073466,2.69841407553407,0,2.25,2.24384412566493
-0.2999999999999998,0,Nonshared environmental variance,500,3.956456760083653,3.9433910544928903,3.531641514663755,4.406136647049413,0,4,3.956456760083653
-0.2999999999999998,0,Total phenotypic variance,500,9.948529987300013,9.95592612043042,9.35273535714811,10.495363694868875,0,9.949857706174157,9.948529987300013
-0.2799999999999998,0,Additive genetic variance,500,3.771381152887651,3.7791576801745723,3.038388348188812,4.444931993877459,0,3.723314853384518,3.771381152887651
-0.2799999999999998,0,Common environmental variance,500,2.2439153345286282,2.243774561499065,1.7496110775728746,2.69535778089775,0,2.25,2.2439153345286282
-0.2799999999999998,0,Nonshared environmental variance,500,3.957032867804172,3.943553239045834,3.531610138225604,4.405509313325484,0,4,3.957032867804172
-0.2799999999999998,0,Total phenotypic variance,500,9.97232935522045,9.980596919623022,9.377758410609875,10.512258278036699,0,9.973314853384519,9.97232935522045
-0.2599999999999998,0,Additive genetic variance,500,3.7940816139216347,3.805186498876289,3.061357070830929,4.467420444978059,0,3.7463212598640445,3.7940816139216347
-0.2599999999999998,0,Common environmental variance,500,2.2439886217911464,2.2446394195300323,1.7533447020292003,2.6932864976432684,0,2.25,2.2439886217911464
-0.2599999999999998,0,Nonshared environmental variance,500,3.957607797047391,3.9467081104602437,3.531578672649709,4.4048634534474065,0,4,3.957607797047391
-0.2599999999999998,0,Total phenotypic variance,500,9.995678032760173,10.002467957471636,9.401579415856002,10.533073931798848,0,9.996321259864045,9.995678032760173
-0.23999999999999977,0,Additive genetic variance,500,3.8163203589538925,3.8335123201465002,3.0784256635318936,4.4880574945084,0,3.768866756276016,3.8163203589538925
-0.23999999999999977,0,Common environmental variance,500,2.244063922333317,2.2447405300300827,1.7570748181201659,2.6907062777304724,0,2.25,2.244063922333317
-0.23999999999999977,0,Nonshared environmental variance,500,3.958181506274644,3.9478190036044065,3.5315471174842914,4.404199055922445,0,4,3.958181506274644
-0.23999999999999977,0,Total phenotypic variance,500,10.018565787561853,10.025380597828573,9.424898193440473,10.553801770257781,0,10.018866756276015,10.018565787561853
-0.21999999999999975,0,Additive genetic variance,500,3.8380874209462017,3.8560251864598474,3.0948649716617043,4.503275889616919,0,3.7909413331583095,3.8380874209462017
-0.21999999999999975,0,Common environmental variance,500,2.2441411719338,2.245041786227082,1.7608013673958993,2.688372006455515,0,2.25,2.2441411719338
-0.21999999999999975,0,Nonshared environmental variance,500,3.9587539544560295,3.9478566257374945,3.531515472290227,4.403516110060902,0,4,3.9587539544560295
-0.21999999999999975,0,Total phenotypic variance,500,10.04098254733603,10.046149426589494,9.447911258550636,10.568334532606245,0,10.04094133315831,10.04098254733603
-0.19999999999999973,0,Additive genetic variance,500,3.8593729990638317,3.8783494071140905,3.113749145700469,4.520306361083109,0,3.8125351483100185,3.8593729990638317
-0.19999999999999973,0,Common environmental variance,500,2.2442203072714655,2.2453885093914163,1.7645242913685013,2.6862666304506946,0,2.25,2.2442203072714655
-0.19999999999999973,0,Nonshared environmental variance,500,3.959325101071215,3.9458939837724936,3.535851803739356,4.4023758540991,0,4,3.959325101071215
-0.19999999999999973,0,Total phenotypic variance,500,10.062918407406512,10.069502266464916,9.470640793446496,10.590802385366036,0,10.062535148310019,10.062918407406512
-0.18000000000000016,0,Additive genetic variance,500,3.880167466130548,3.8954891504476947,3.132611474382778,4.538232440991108,0,3.8336385340877466,3.880167466130548
-0.18000000000000016,0,Common environmental variance,500,2.244301265927793,2.2441053929728296,1.7682435315137766,2.687953598375222,0,2.25,2.244301265927793
-0.18000000000000016,0,Nonshared environmental variance,500,3.9598949061102404,3.9506865942253517,3.5373134752716107,4.401996782327413,0,4,3.9598949061102404
-0.18000000000000016,0,Total phenotypic variance,500,10.084363638168583,10.094357011395019,9.497175913955523,10.612711349791159,0,10.083638534087747,10.084363638168583
-0.16000000000000014,0,Additive genetic variance,500,3.90046137598835,3.91798824364186,3.147347151202135,4.55556767748591,0,3.8542420046040085,3.90046137598835
-0.16000000000000014,0,Common environmental variance,500,2.2443839863892907,2.245661729699146,1.7719590292729677,2.6911098780343385,0,2.25,2.2443839863892907
-0.16000000000000014,0,Nonshared environmental variance,500,3.960463330074319,3.952670923726009,3.5361602590493764,4.401643747095548,0,4,3.960463330074319
-0.16000000000000014,0,Total phenotypic variance,500,10.10530869245196,10.11576402503102,9.524045414760607,10.634648049889716,0,10.104242004604009,10.10530869245196
-0.14000000000000012,0,Additive genetic variance,500,3.920245470753973,3.9379502089116243,3.1617035415418844,4.5723045870485866,0,3.8743362628202704,3.920245470753973
-0.14000000000000012,0,Common environmental variance,500,2.244468408049928,2.245731681249799,1.7756707260544942,2.6925561873784964,0,2.25,2.244468408049928
-0.14000000000000012,0,Nonshared environmental variance,500,3.9610303339766393,3.9553585152067656,3.535012002475726,4.401302358748193,0,4,3.9610303339766393
-0.14000000000000012,0,Total phenotypic variance,500,10.12574421278054,10.136225923955047,9.553599653182886,10.657193731575976,0,10.12433626282027,10.12574421278054
-0.1200000000000001,0,Additive genetic variance,500,3.939510687964247,3.9552308279468464,3.175674820787756,4.588435921356195,0,3.8939122075272037,3.939510687964247
-0.1200000000000001,0,Common environmental variance,500,2.24455447121359,2.2441507102581246,1.779378563235697,2.6930659606892626,0,2.25,2.24455447121359
-0.1200000000000001,0,Nonshared environmental variance,500,3.9615958793431685,3.958312160367935,3.5338687006619445,4.400972611814545,0,4,3.9615958793431685
-0.1200000000000001,0,Total phenotypic variance,500,10.145661038521006,10.156346547864299,9.5804393800494,10.679181944546606,0,10.143912207527205,10.145661038521006
-0.10000000000000009,0,Additive genetic variance,500,3.958248167602486,3.9687532660367135,3.1892553024658596,4.606253943711906,0,3.9129609402048398,3.958248167602486
-0.10000000000000009,0,Common environmental variance,500,2.2446421170965443,2.244212992227645,1.7830824821645879,2.6932678444855265,0,2.25,2.2446421170965443
-0.10000000000000009,0,Nonshared environmental variance,500,3.9621599282134476,3.9576330602416734,3.5327303487405173,4.399691062542621,0,4,3.9621599282134476
-0.10000000000000009,0,Total phenotypic variance,500,10.165050212912478,10.174147241699249,9.6058053236966785,10.696654077088288,0,10.16296094020484,10.165050212912478
-0.08000000000000007,0,Additive genetic variance,500,3.9764492589981684,3.991125462516316,3.2024394420988047,4.627501713442115,0,3.9314737717553903,3.9764492589981684
-0.08000000000000007,0,Common environmental variance,500,2.244731287829925,2.244710498059839,1.7867824241616022,2.6923563639397656,0,2.25,2.244731287829925
-0.08000000000000007,0,Nonshared environmental variance,500,3.962722443141394,3.9582893008659292,3.5315969418650983,4.398399546956481,0,4,3.962722443141394
-0.08000000000000007,0,Total phenotypic variance,500,10.183902989969488,10.192804797600113,9.626757585549338,10.713294348414403,0,10.18147377175539,10.183902989969488
-0.06000000000000005,0,Additive genetic variance,500,3.9941055275922874,4.010643337320852,3.2152218409776285,4.652497127981583,0,3.949442229101612,3.9941055275922874
-0.06000000000000005,0,Common environmental variance,500,2.2448219264622256,2.2446392831524813,1.7904783305213574,2.69147908338703,0,2.25,2.2448219264622256
-0.06000000000000005,0,Nonshared environmental variance,500,3.963283387196096,3.958268437011773,3.5312590211881467,4.397114402176024,0,4,3.963283387196096
-0.06000000000000005,0,Total phenotypic variance,500,10.20221084125061,10.208748897973694,9.645879569204912,10.729282790203362,0,10.199442229101612,10.20221084125061
-0.040000000000000036,0,Additive genetic variance,500,4.011208761560837,4.027230575290889,3.2281932898627357,4.676809682407702,0,3.966858061643717,4.011208761560837
-0.040000000000000036,0,Common environmental variance,500,2.2449139769618127,2.2445703721453425,1.7941701425144165,2.6906359966568263,0,2.25,2.2449139769618127
-0.040000000000000036,0,Nonshared environmental variance,500,3.9638427239626095,3.9574412352471233,3.5312235857142245,4.395835626361315,0,4,3.9638427239626095
-0.040000000000000036,0,Total phenotypic variance,500,10.21996546248526,10.225288396402485,9.660716724857753,10.744613285587967,0,10.216858061643716,10.21996546248526
-0.020000000000000018,0,Additive genetic variance,500,4.027750978289051,4.044505628621737,3.2412341104298763,4.6974667110262995,0,3.9837132475679375,4.027750978289051
-0.020000000000000018,0,Common environmental variance,500,2.2450073842194445,2.244238014908395,1.797857801389053,2.6905675866872425,0,2.25,2.2450073842194445
-0.020000000000000018,0,Nonshared environmental variance,500,3.96440041754275,3.9560090423083833,3.5311817712680442,4.394563217699913,0,4,3.96440041754275
-0.020000000000000018,0,Total phenotypic variance,500,10.237158780051246,10.24387359863813,9.675978153075846,10.759280021967822,0,10.233713247567938,10.237158780051246
0,0,Additive genetic variance,500,4.043724430689129,4.067209409679598,3.254510865487246,4.7059289797774175,0,4,4.043724430689129
0,0,Common environmental variance,500,2.245102094050805,2.244138461724229,1.8015412483730238,2.6940622821582485,0,2.25,2.245102094050805
0,0,Nonshared environmental variance,500,3.964956432555887,3.9558142490868557,3.531960914520804,4.393297174406875,0,4,3.964956432555887
0,0,Total phenotypic variance,500,10.25378295729582,10.257118158266387,9.692833356805814,10.77327749549886,0,10.25,10.25378295729582
0.020000000000000018,0,Additive genetic variance,500,4.059121613354339,4.085007100896237,3.270049199542673,4.713671822200384,0,4.01571077299691,4.059121613354339
0.020000000000000018,0,Common environmental variance,500,2.2451980531990485,2.245659525955135,1.805220424675344,2.6973306700736517,0,2.25,2.2451980531990485
0.020000000000000018,0,Nonshared environmental variance,500,3.965510734139731,3.956050436181621,3.5351780992083555,4.392110382821135,0,4,3.965510734139731
0.020000000000000018,0,Total phenotypic variance,500,10.269830400693118,10.269375006029675,9.710118421821733,10.786600515348717,0,10.265710772996911,10.269830400693118
0.040000000000000036,0,Additive genetic variance,500,4.0739352685425345,4.096670977938173,3.284787723617309,4.723518617532381,0,4.0308382673706,4.0739352685425345
0.040000000000000036,0,Common environmental variance,500,2.2452952093373515,2.247494165313954,1.8083054666550984,2.6988949684247228,0,2.25,2.2452952093373515
0.040000000000000036,0,Nonshared environmental variance,500,3.966063287951122,3.9539279285646938,3.5383712387147255,4.39106629568103,0,4,3.966063287951122
0.040000000000000036,0,Total phenotypic variance,500,10.285293765831009,10.283529979737647,9.730026559826639,10.801153577846279,0,10.2808382673706,10.285293765831009
0.06000000000000005,0,Additive genetic variance,500,4.088158391982301,4.112324055587571,3.2989948225013728,4.736163541597536,0,4.045375436337134,4.088158391982301
0.06000000000000005,0,Common environmental variance,500,2.245393511071476,2.245813473960431,1.810266080527318,2.7004472547218286,0,2.25,2.245393511071476
0.06000000000000005,0,Nonshared environmental variance,500,3.966614060166816,3.95289770387416,3.541540185325671,4.390028704644741,0,4,3.966614060166816
0.06000000000000005,0,Total phenotypic variance,500,10.300165963220593,10.29784508864417,9.749265226120157,10.815250065077837,0,10.295375436337135,10.300165963220593
0.08000000000000007,0,Additive genetic variance,500,4.101784238495108,4.122455380400005,3.315240437287851,4.749687332535546,0,4.05931549098538,4.101784238495108
0.08000000000000007,0,Common environmental variance,500,2.245492907942338,2.245996228010602,1.8121472988444396,2.7019115921080505,0,2.25,2.245492907942338
0.08000000000000007,0,Nonshared environmental variance,500,3.9671630174842645,3.9525701768844392,3.5429219262631255,4.388997608670254,0,4,3.9671630174842645
0.08000000000000007,0,Total phenotypic variance,500,10.314440163921711,10.310567047707803,9.767693328296671,10.828002717510135,0,10.30931549098538,10.314440163921711
0.10000000000000009,0,Additive genetic variance,500,4.114806327427053,4.133460214750842,3.3312553501882713,4.762692989916651,0,4.072651905559175,4.114806327427053
0.10000000000000009,0,Common environmental variance,500,2.2455933504285874,2.2474030708860244,1.8138984115144443,2.7029452723093277,0,2.25,2.2455933504285874
0.10000000000000009,0,Nonshared environmental variance,500,3.967710127122396,3.9512227364691235,3.544000971244335,4.387973006744405,0,4,3.967710127122396
0.10000000000000009,0,Total phenotypic variance,500,10.328109804978038,10.322922633471178,9.786261304908413,10.836197829480337,0,10.322651905559175,10.328109804978038
0.1200000000000001,0,Additive genetic variance,500,4.1272184478839415,4.1459632162591324,3.346957638664143,4.767773836022505,0,4.085378422547272,4.1272184478839415
0.1200000000000001,0,Common environmental variance,500,2.2456947899491917,2.2465356977745135,1.8156844859654786,2.701488108199351,0,2.25,2.2456947899491917
0.1200000000000001,0,Nonshared environmental variance,500,3.968255356822394,3.9520029419450484,3.547108841367953,4.386954897882877,0,4,3.968255356822394
0.1200000000000001,0,Total phenotypic variance,500,10.341168594655528,10.334333409295361,9.805644771687877,10.846874533926666,0,10.335378422547272,10.341168594655528
0.14000000000000012,0,Additive genetic variance,500,4.139014663763701,4.154764427311551,3.3623418669062737,4.774135387249817,0,4.097489057575477,4.139014663763701
0.14000000000000012,0,Common environmental variance,500,2.2457971788660234,2.2465576906280535,1.8219728114439984,2.699277957813713,0,2.25,2.2457971788660234
0.14000000000000012,0,Nonshared environmental variance,500,3.9687986748484683,3.9529075398469296,3.550191652170696,4.385521370053276,0,4,3.9687986748484683
0.14000000000000012,0,Total phenotypic variance,500,10.353610517478193,10.345981525188726,9.82280000842427,10.857820950728595,0,10.347489057575476,10.353610517478193
0.16000000000000014,0,Additive genetic variance,500,4.150189318580304,4.166854939486409,3.3751586246947918,4.791521718478345,0,4.10897810409564,4.150189318580304
0.16000000000000014,0,Common environmental variance,500,2.2459004704864567,2.2470009240956648,1.8282550544606893,2.697061691173933,0,2.25,2.2459004704864567
0.16000000000000014,0,Nonshared environmental variance,500,3.969340049988628,3.95443437005669,3.5529739548164523,4.387055816849305,0,4,3.969340049988628
0.16000000000000014,0,Total phenotypic variance,500,10.36542983905539,10.359724853540692,9.833244840840553,10.872093030272248,0,10.358978104095641,10.36542983905539
0.18000000000000016,0,Additive genetic variance,500,4.160737040073605,4.176637518054614,3.3845729805398745,4.8114286618834425,0,4.119840137866362,4.160737040073605
0.18000000000000016,0,Common environmental variance,500,2.2460046190659657,2.2474465725796615,1.8343195839318813,2.6948393220575038,0,2.25,2.2460046190659657
0.18000000000000016,0,Nonshared environmental variance,500,3.9698794515554483,3.9562333942704573,3.555759079802457,4.388945090942016,0,4,3.9698794515554483
0.18000000000000016,0,Total phenotypic variance,500,10.37662111069502,10.373090455124398,9.84098506876682,10.886119918975119,0,10.369840137866362,10.37662111069502
0.20000000000000018,0,Additive genetic variance,500,4.170652744599747,4.186628467253717,3.3936736142260626,4.830652839443594,0,4.130070021220473,4.170652744599747
0.20000000000000018,0,Common environmental variance,500,2.2461095798107262,2.2466285883213306,1.8367192048373846,2.6926108643781093,0,2.25,2.2461095798107262
0.20000000000000018,0,Nonshared environmental variance,500,3.9704168493868335,3.95648646648597,3.5571017009145134,4.390813177640308,0,4,3.9704168493868335
0.20000000000000018,0,Total phenotypic variance,500,10.387179173797307,10.384842800718168,9.85187863929071,10.89911785434073,0,10.380070021220472,10.387179173797307
0.2200000000000002,0,Additive genetic variance,500,4.179931641297008,4.191770423810631,3.4024581569428882,4.8491854957918505,0,4.139662907114614,4.179931641297008
0.2200000000000002,0,Common environmental variance,500,2.24621530888022,2.2458241404840775,1.8384464822745412,2.6903763321851235,0,2.25,2.24621530888022
0.2200000000000002,0,Nonshared environmental variance,500,3.97095221384678,3.954527174336385,3.5573091762953637,4.392706764544891,0,4,3.97095221384678
0.2200000000000002,0,Total phenotypic variance,500,10.397099164024008,10.394871556133564,9.863955757050562,10.911157848130028,0,10.389662907114614,10.397099164024008
0.2400000000000002,0,Additive genetic variance,500,4.188569236022228,4.202215872979661,3.4109243381472014,4.864736011531063,0,4.148614242956412,4.188569236022228
0.2400000000000002,0,Common environmental variance,500,2.2463217633898425,2.245895512515002,1.8401244214170784,2.6881357396631067,0,2.25,2.2463217633898425
0.2400000000000002,0,Nonshared environmental variance,500,3.9714855158261297,3.954900115008711,3.5575513408453387,4.3924795884552665,0,4,3.9714855158261297
0.2400000000000002,0,Total phenotypic variance,500,10.4063765152382,10.407716935490594,9.877155486372917,10.92205991830704,0,10.398614242956413,10.4063765152382
0.26000000000000023,0,Additive genetic variance,500,4.196561335053183,4.210480778902825,3.418979595917729,4.879948944742063,0,4.156919774205063,4.196561335053183
0.26000000000000023,0,Common environmental variance,500,2.2464289014135086,2.2466747820135744,1.8380829014497873,2.685889101131301,0,2.25,2.2464289014135086
0.26000000000000023,0,Nonshared environmental variance,500,3.9720167267433264,3.956036998918572,3.5570998585660853,4.390933547579703,0,4,3.9720167267433264
0.26000000000000023,0,Total phenotypic variance,500,10.415006963210018,10.416277871415097,9.889477801495492,10.928384725451942,0,10.406919774205063,10.415006963210018
0.28000000000000025,0,Additive genetic variance,500,4.203904048552583,4.216102887361104,3.423843413017247,4.893368519303859,0,4.164575547741305,4.203904048552583
0.28000000000000025,0,Common environmental variance,500,2.2465366819862616,2.2470126081061688,1.835931278448978,2.686237867313414,0,2.25,2.2465366819862616
0.28000000000000025,0,Nonshared environmental variance,500,3.972545818545163,3.9565439224669223,3.5554972189840357,4.389411858978457,0,4,3.972545818545163
0.28000000000000025,0,Total phenotypic variance,500,10.422986549084008,10.428278851039174,9.90066650568153,10.933560642602174,0,10.414575547741304,10.422986549084008
0.30000000000000027,0,Additive genetic variance,500,4.2105937937895686,4.223234818925484,3.4264143970858365,4.901376815661525,0,4.171577915003053,4.2105937937895686
0.30000000000000027,0,Common environmental variance,500,2.2466450651068803,2.246855575444906,1.8362822742487062,2.6858168728080623,0,2.25,2.2466450651068803
0.30000000000000027,0,Nonshared environmental variance,500,3.973072763707526,3.9556773344179716,3.553427723716511,4.3896500104937966,0,4,3.973072763707526
0.30000000000000027,0,Total phenotypic variance,500,10.430311622603975,10.437775775204695,9.911327516643405,10.938852677198316,0,10.421577915003052,10.430311622603975
0.3200000000000003,0,Additive genetic variance,500,4.2166272981149415,4.228080060849058,3.428529398056167,4.913832685447039,0,4.177923534883223,4.2166272981149415
0.3200000000000003,0,Common environmental variance,500,2.2467540117404856,2.248111509004256,1.8417636091838976,2.68464294294066,0,2.25,2.2467540117404856
0.3200000000000003,0,Nonshared environmental variance,500,3.9735975352361375,3.955969224000868,3.5497483102462004,4.3901577611608795,0,4,3.9735975352361375
0.3200000000000003,0,Total phenotypic variance,500,10.436978845091565,10.44299930046642,9.921526564314199,10.94818274289448,0,10.427923534883224,10.436978845091565
0.33999999999999986,0,Additive genetic variance,500,4.222001601686569,4.238503221948935,3.4301875759031106,4.926545129029682,0,4.183609376386509,4.222001601686569
0.33999999999999986,0,Common environmental variance,500,2.2468634838211434,2.248308540555686,1.8408577342747574,2.684609975186922,0,2.25,2.2468634838211434
0.33999999999999986,0,Nonshared environmental variance,500,3.97412010666729,3.9566887378459823,3.546113766569217,4.391326848040141,0,4,3.97412010666729
0.33999999999999986,0,Total phenotypic variance,500,10.442985192175001,10.445045816956945,9.930654626939534,10.95669476184741,0,10.43360937638651,10.442985192175001
0.3599999999999999,0,Additive genetic variance,500,4.2267140599417266,4.2451635596713855,3.4313882734341083,4.938497182779839,0,4.188632721042165,4.2267140599417266
0.3599999999999999,0,Common environmental variance,500,2.24697344425447,2.2498952042113807,1.8399675861393159,2.687593638218262,0,2.25,2.24697344425447
0.3599999999999999,0,Nonshared environmental variance,500,3.9746404520685803,3.956246560515538,3.5425239578197907,4.393784900363599,0,4,3.9746404520685803
0.3599999999999999,0,Total phenotypic variance,500,10.448327956264777,10.449319621790767,9.935670559803384,10.96438470464224,0,10.438632721042165,10.448327956264777
0.3799999999999999,0,Additive genetic variance,500,4.230762345813448,4.2484826586250275,3.4321310167237558,4.94968320508409,0,4.192991165070102,4.230762345813448
0.3799999999999999,0,Common environmental variance,500,2.247083856920227,2.2503745289673764,1.8390931571666242,2.6901765819577363,0,2.25,2.247083856920227
0.3799999999999999,0,Nonshared environmental variance,500,3.9751585460396335,3.955248068337581,3.53896564154672,4.39622124784959,0,4,3.9751585460396335
0.3799999999999999,0,Total phenotypic variance,500,10.453004748773308,10.449200559586544,9.940440041125601,10.966621830531148,0,10.4429911650701,10.453004748773308
0.3999999999999999,0,Additive genetic variance,500,4.234144451688202,4.252909601504074,3.43564167614001,4.9601657712405185,0,4.196682621297882,4.234144451688202
0.3999999999999999,0,Common environmental variance,500,2.2471946866749186,2.2508854738510444,1.8382344403232875,2.6904454809192426,0,2.25,2.2471946866749186
0.3999999999999999,0,Nonshared environmental variance,500,3.9756743637128293,3.9539066006203436,3.5354234370456874,4.398635851937895,0,4,3.9756743637128293
0.3999999999999999,0,Total phenotypic variance,500,10.45701350207595,10.45510993179796,9.946484847848858,10.967500737989837,0,10.446682621297882,10.45701350207595
0.41999999999999993,0,Additive genetic variance,500,4.236858691102561,4.256896919041271,3.4372489079923985,4.9663745240056,0,4.1997053208264665,4.236858691102561
0.41999999999999993,0,Common environmental variance,500,2.247305899354381,2.250255476750842,1.8373914291532731,2.6906990221072453,0,2.25,2.247305899354381
0.41999999999999993,0,Nonshared environmental variance,500,3.976187880754017,3.9552341316303172,3.532214012737159,4.399932108627675,0,4,3.976187880754017
0.41999999999999993,0,Total phenotypic variance,500,10.460352471210959,10.462490401031493,9.948198347423423,10.974056707706074,0,10.449705320826467,10.460352471210959
0.43999999999999995,0,Additive genetic variance,500,4.23890370017681,4.254730540608728,3.434497362987091,4.971435643490876,0,4.202057814442863,4.23890370017681
0.43999999999999995,0,Common environmental variance,500,2.247417461776367,2.2492144146183373,1.8352850584518732,2.690937145074873,0,2.25,2.247417461776367
0.43999999999999995,0,Nonshared environmental variance,500,3.9766990733632297,3.9556586376731318,3.530668702289379,4.400329963251622,0,4,3.9766990733632297
0.43999999999999995,0,Total phenotypic variance,500,10.463020235316407,10.462754437874516,9.950562471891836,10.976171733181793,0,10.452057814442863,10.463020235316407
0.45999999999999996,0,Additive genetic variance,500,4.240278438783745,4.252810271532443,3.431097849823515,4.975603638504413,0,4.203738973778092,4.240278438783745
0.45999999999999996,0,Common environmental variance,500,2.247529341743126,2.249649231234788,1.8357525008950217,2.6911597902666635,0,2.25,2.247529341743126
0.45999999999999996,0,Nonshared environmental variance,500,3.97720791827539,3.954969985389879,3.530265356084942,4.401695987209643,0,4,3.97720791827539
0.45999999999999996,0,Total phenotypic variance,500,10.465015698802262,10.465418493471802,9.952844108229428,10.965669847039045,0,10.453738973778092,10.465015698802262
0.48,0,Additive genetic variance,500,4.240982191451241,4.251804076956551,3.4286919411348036,4.978876258275708,0,4.2047479922091675,4.240982191451241
0.48,0,Common environmental variance,500,2.247641508043976,2.2495259584089684,1.8376675154000481,2.6913668990221056,0,2.25,2.247641508043976
0.48,0,Nonshared environmental variance,500,3.9777143927610146,3.9576518705984074,3.530230785910977,4.404977992598532,0,4,3.9777143927610146
0.48,0,Total phenotypic variance,500,10.466338092256231,10.46447981942136,9.958093520422246,10.963152338257917,0,10.454747992209168,10.466338092256231
0.5,0,Additive genetic variance,500,4.241014567997463,4.252687880061716,3.4266266014254794,4.975854305879999,0,4.2050843855040965,4.241014567997463
0.5,0,Common environmental variance,500,2.247753930457869,2.249736661616056,1.8378775417242654,2.6915584135791315,0,2.25,2.247753930457869
0.5,0,Nonshared environmental variance,500,3.9782184746269107,3.959420069733678,3.530258359769261,4.406975492501324,0,4,3.9782184746269107
0.5,0,Total phenotypic variance,500,10.466986973082243,10.46261302785495,9.962239488959831,10.963400317476498,0,10.455084385504097,10.466986973082243
0.52,0,Additive genetic variance,500,4.240375503897919,4.24759959728946,3.4241036603894646,4.977218154151204,0,4.2047479922091675,4.240375503897919
0.52,0,Common environmental variance,500,2.247866579755948,2.250751334044609,1.8376091005409485,2.6917342770775408,0,2.25,2.247866579755948
0.52,0,Nonshared environmental variance,500,3.9787201422168677,3.9601653116892015,3.531495966106803,4.406444910916365,0,4,3.9787201422168677
0.52,0,Total phenotypic variance,500,10.466962225870734,10.464526460190031,9.961670226793753,10.966786840719577,0,10.454747992209168,10.466962225870734
0.54,0,Additive genetic variance,500,4.239065260383863,4.245981477249418,3.4211241394874845,4.984061421489787,0,4.203738973778092,4.239065260383863
0.54,0,Common environmental variance,500,2.247979427704097,2.2495483247725767,1.8386323010604786,2.6918944335623727,0,2.25,2.247979427704097
0.54,0,Nonshared environmental variance,500,3.9792193744123434,3.959915507571451,3.531416961797837,4.4069335225769155,0,4,3.9792193744123434
0.54,0,Total phenotypic variance,500,10.466264062500304,10.461489067871419,9.9644960846684,10.971603115815121,0,10.453738973778092,10.466264062500304
0.56,0,Additive genetic variance,500,4.237084424271877,4.242705148736841,3.4176892430092742,4.986263844696843,0,4.202057814442863,4.237084424271877
0.56,0,Common environmental variance,500,2.24809244706548,2.249609883021682,1.840763757403549,2.692038827987215,0,2.25,2.24809244706548
0.56,0,Nonshared environmental variance,500,3.9797161506331458,3.9618240266644573,3.530095390566993,4.4090125645239,0,4,3.9797161506331458
0.56,0,Total phenotypic variance,500,10.464893021970504,10.460971536187706,9.964078400715897,10.970823835233016,0,10.452057814442863,10.464893021970504
0.5800000000000001,0,Additive genetic variance,500,4.234433907524774,4.239153173115017,3.410490005386213,4.98375685419818,0,4.1997053208264665,4.234433907524774
0.5800000000000001,0,Common environmental variance,500,2.248205611603072,2.250645355448481,1.843479449437813,2.6934030469714036,0,2.25,2.248205611603072
0.5800000000000001,0,Nonshared environmental variance,500,3.9802104508381064,3.9630267574758005,3.530619210773448,4.411266822751127,0,4,3.9802104508381064
0.5800000000000001,0,Total phenotypic variance,500,10.462849969965953,10.457726063883449,9.958168997623506,10.970794604064476,0,10.449705320826467,10.462849969965953
0.6000000000000001,0,Additive genetic variance,500,4.231114946544288,4.232641372114561,3.4022949863757352,4.980820685662378,0,4.196682621297882,4.231114946544288
0.6000000000000001,0,Common environmental variance,500,2.24831889608218,2.2512249684957206,1.844924285562778,2.696496128343739,0,2.25,2.24831889608218
0.6000000000000001,0,Nonshared environmental variance,500,3.9807022555257507,3.9623126564122266,3.5314941979515435,4.413487986652321,0,4,3.9807022555257507
0.6000000000000001,0,Total phenotypic variance,500,10.46013609815222,10.45414140688495,9.951110369936963,10.970844184014895,0,10.446682621297882,10.46013609815222
0.6200000000000001,0,Additive genetic variance,500,4.227129101196321,4.234152083260332,3.395972715661463,4.97708043175925,0,4.192991165070102,4.227129101196321
0.6200000000000001,0,Common environmental variance,500,2.2484322762729483,2.2508746696894866,1.8463868999402249,2.6971027811152597,0,2.25,2.2484322762729483
0.6200000000000001,0,Nonshared environmental variance,500,3.9811915457349616,3.9608852801003094,3.5299968748770922,4.415676017157897,0,4,3.9811915457349616
0.6200000000000001,0,Total phenotypic variance,500,10.456752923204231,10.447311802253239,9.948534458568869,10.970110055131714,0,10.4429911650701,10.456752923204231
0.6400000000000001,0,Additive genetic variance,500,4.22247825356984,4.227603226477813,3.3914528553763192,4.968563448156143,0,4.188632721042165,4.22247825356984
0.6400000000000001,0,Common environmental variance,500,2.248545728952862,2.251838882318051,1.847683074769081,2.69759015066583,0,2.25,2.248545728952862
0.6400000000000001,0,Nonshared environmental variance,500,3.981678303045636,3.9610004565727124,3.5299646139931102,4.417866929907806,0,4,3.981678303045636
0.6400000000000001,0,Total phenotypic variance,500,10.45270228556834,10.444646745076689,9.94513855396381,10.967829260233643,0,10.438632721042165,10.45270228556834
0.6600000000000001,0,Additive genetic variance,500,4.217164606470835,4.2232651916223185,3.38691468247164,4.963816893022065,0,4.183609376386509,4.217164606470835
0.6600000000000001,0,Common environmental variance,500,2.2486592319092282,2.2529133179889937,1.8471141262198674,2.6980724827032714,0,2.25,2.2486592319092282
0.6600000000000001,0,Nonshared environmental variance,500,3.982162509579337,3.962238791190117,3.5286155567459314,4.42005006956567,0,4,3.982162509579337
0.6600000000000001,0,Total phenotypic variance,500,10.4479863479594,10.441431791304144,9.935673067571264,10.96027109775974,0,10.43360937638651,10.4479863479594
0.6800000000000002,0,Additive genetic variance,500,4.2111906816530436,4.218835949456867,3.3827176484717763,4.958798435604941,0,4.177923534883223,4.2111906816530436
0.6800000000000002,0,Common environmental variance,500,2.2487727639416533,2.25270899462208,1.846573115376239,2.6985497810717796,0,2.25,2.2487727639416533
0.6800000000000002,0,Nonshared environmental variance,500,3.9826441479999395,3.9632877484337907,3.5269089187740583,4.422203531129681,0,4,3.9826441479999395
0.6800000000000002,0,Total phenotypic variance,500,10.442607593594635,10.435728366004692,9.925582152752934,10.95230477222308,0,10.427923534883224,10.442607593594635
0.7000000000000002,0,Additive genetic variance,500,4.20455931778748,4.212467748642007,3.37960811041215,4.953308050905504,0,4.171577915003053,4.20455931778748
0.7000000000000002,0,Common environmental variance,500,2.2488863048644987,2.2525054517179948,1.8460600153496796,2.6990220496325534,0,2.25,2.2488863048644987
0.7000000000000002,0,Nonshared environmental variance,500,3.983123201514267,3.964765647453626,3.5230262641403955,4.425346446207458,0,4,3.983123201514267
0.7000000000000002,0,Total phenotypic variance,500,10.436568824166246,10.430256526806343,9.919325947754313,10.94632420585053,0,10.421577915003052,10.436568824166246
0.7200000000000002,0,Additive genetic variance,500,4.197273668173088,4.207170989699571,3.376461766542855,4.949629820749214,0,4.164575547741305,4.197273668173088
0.7200000000000002,0,Common environmental variance,500,2.248999835509333,2.254251955072238,1.8455748005248225,2.699809701595396,0,2.25,2.248999835509333
0.7200000000000002,0,Nonshared environmental variance,500,3.983599653872727,3.964041358549938,3.518291098659959,4.428748033037062,0,4,3.983599653872727
0.7200000000000002,0,Total phenotypic variance,500,10.429873157555148,10.425076992743971,9.907882521068188,10.938868121425124,0,10.414575547741304,10.429873157555148
0.7400000000000002,0,Additive genetic variance,500,4.189337198191155,4.199849292594832,3.372807893904489,4.947132655940883,0,4.156919774205063,4.189337198191155
0.7400000000000002,0,Common environmental variance,500,2.24911333772736,2.253084237389791,1.8454113691904104,2.7006468799903502,0,2.25,2.24911333772736
0.7400000000000002,0,Nonshared environmental variance,500,3.9840734893699365,3.96679577955209,3.5155003189652554,4.432154621133215,0,4,3.9840734893699365
0.7400000000000002,0,Total phenotypic variance,500,10.422524025288451,10.417351108912563,9.897675037829003,10.930652732801391,0,10.406919774205063,10.422524025288451
0.7600000000000002,0,Additive genetic variance,500,4.1807536825064195,4.1915885419597085,3.3666843524461334,4.941185416089228,0,4.148614242956412,4.1807536825064195
0.7600000000000002,0,Common environmental variance,500,2.249226794391842,2.252827049463905,1.8499073460172162,2.70147935624526,0,2.25,2.249226794391842
0.7600000000000002,0,Nonshared environmental variance,500,3.9845446928453407,3.966258459856931,3.515309999550232,4.435617692656733,0,4,3.9845446928453407
0.7600000000000002,0,Total phenotypic variance,500,10.414525169743602,10.410680834728062,9.888506190607455,10.921916475141396,0,10.398614242956413,10.414525169743602
0.7800000000000002,0,Additive genetic variance,500,4.171527202018096,4.185794573241729,3.359786619306732,4.931945833760755,0,4.139662907114614,4.171527202018096
0.7800000000000002,0,Common environmental variance,500,2.249340189400496,2.254424217851793,1.8479256615341002,2.702307130911021,0,2.25,2.249340189400496
0.7800000000000002,0,Nonshared environmental variance,500,3.9850132496838278,3.966867551668149,3.514264966151867,4.439078762482348,0,4,3.9850132496838278
0.7800000000000002,0,Total phenotypic variance,500,10.405880641102419,10.402475279918807,9.878719024245605,10.91217164517516,0,10.389662907114614,10.405880641102419
0.8000000000000003,0,Additive genetic variance,500,4.161662140564326,4.177088724237086,3.351840028296018,4.921975593158868,0,4.130070021220473,4.161662140564326
0.8000000000000003,0,Common environmental variance,500,2.249453507677888,2.2558386000887296,1.844144332663011,2.7031302045497787,0,2.25,2.249453507677888
0.8000000000000003,0,Nonshared environmental variance,500,3.985479145816335,3.9667769378520097,3.510835589252511,4.442537818741861,0,4,3.985479145816335
0.8000000000000003,0,Total phenotypic variance,500,10.396594794058549,10.39016051714869,9.868367743135444,10.904418583671958,0,10.380070021220472,10.396594794058549
0.8200000000000003,0,Additive genetic variance,500,4.151163181383864,4.166776506576029,3.340576530761532,4.9112791117046575,0,4.119840137866362,4.151163181383864
0.8200000000000003,0,Common environmental variance,500,2.249566735177803,2.255321687226555,1.8408965517200375,2.703948577734792,0,2.25,2.249566735177803
0.8200000000000003,0,Nonshared environmental variance,500,3.985942367720447,3.9677562134135904,3.507422619639509,4.446237158086863,0,4,3.985942367720447
0.8200000000000003,0,Total phenotypic variance,500,10.386672284282115,10.38090850913144,9.857457765571361,10.897753029965394,0,10.369840137866362,10.386672284282115
0.8399999999999999,0,Additive genetic variance,500,4.140035303339059,4.154922289374618,3.329328439675815,4.899861131561721,0,4.10897810409564,4.140035303339059
0.8399999999999999,0,Common environmental variance,500,2.2496798588855964,2.255463896194421,1.84018839399358,2.7028166124165445,0,2.25,2.2496798588855964
0.8399999999999999,0,Nonshared environmental variance,500,3.986402902420995,3.9699181643455876,3.506416614853193,4.447893556875792,0,4,3.986402902420995
0.8399999999999999,0,Total phenotypic variance,500,10.37611806464565,10.367608290443176,9.845994761220894,10.89159229072046,0,10.358978104095641,10.37611806464565
0.8599999999999999,0,Additive genetic variance,500,4.12828377690449,4.144395409316192,3.3188030107583866,4.886212320553048,0,4.097489057575476,4.12828377690449
0.8599999999999999,0,Common environmental variance,500,2.2497928668205374,2.2572214593657813,1.8417699782892278,2.7014315424815916,0,2.25,2.2497928668205374
0.8599999999999999,0,Nonshared environmental variance,500,3.986860737490634,3.971379870157926,3.5059002929499985,4.448139216866366,0,4,3.986860737490634
0.8599999999999999,0,Total phenotypic variance,500,10.364937381215661,10.358312670495005,9.836941285995712,10.883525597871525,0,10.347489057575476,10.364937381215661
0.8799999999999999,0,Additive genetic variance,500,4.115914159925863,4.13279312322746,3.3021230193988433,4.872409566741068,0,4.085378422547272,4.115914159925863
0.8799999999999999,0,Common environmental variance,500,2.249905748038127,2.256797618869921,1.8406407942637735,2.7011655058838873,0,2.25,2.249905748038127
0.8799999999999999,0,Nonshared environmental variance,500,3.987315861050432,3.9706328441321386,3.50511835308915,4.448537871086766,0,4,3.987315861050432
0.8799999999999999,0,Total phenotypic variance,500,10.353135769014422,10.347563240818207,9.828751202984726,10.874883646821628,0,10.335378422547272,10.353135769014422
0.8999999999999999,0,Additive genetic variance,500,4.102932293154041,4.118986534907133,3.2915087168918418,4.861330415867974,0,4.072651905559175,4.102932293154041
0.8999999999999999,0,Common environmental variance,500,2.2500184926324023,2.25598921627811,1.839280582469585,2.7005668232430953,0,2.25,2.2500184926324023
0.8999999999999999,0,Nonshared environmental variance,500,3.987768261770436,3.968395853930212,3.5050725491057784,4.448915922103401,0,4,3.987768261770436
0.8999999999999999,0,Total phenotypic variance,500,10.34071904755688,10.337047488159083,9.81982508698925,10.86573129525773,0,10.322651905559175,10.34071904755688
0.9199999999999999,0,Additive genetic variance,500,4.0893442955593216,4.108490793481015,3.2786757543560987,4.847080228720621,0,4.059315490985379,4.0893442955593216
0.9199999999999999,0,Common environmental variance,500,2.250131091738221,2.256337289429198,1.8374149018866794,2.6999302330536548,0,2.25,2.250131091738221
0.9199999999999999,0,Nonshared environmental variance,500,3.98821792887024,3.968392292969961,3.5039357966590714,4.451619185229495,0,4,3.98821792887024
0.9199999999999999,0,Total phenotypic variance,500,10.327693316167782,10.324875323228376,9.805433599434103,10.85486007978259,0,10.30931549098538,10.327693316167782
0.94,0,Additive genetic variance,500,4.07515655943134,4.090435994465012,3.2646434942938907,4.8321369927913995,0,4.045375436337134,4.07515655943134
0.94,0,Common environmental variance,500,2.2502435375335295,2.25612070984893,1.835309304328058,2.6992558801101922,0,2.25,2.2502435375335295
0.94,0,Nonshared environmental variance,500,3.9886648521195442,3.969855770123161,3.502594313564402,4.454870969236168,0,4,3.9886648521195442
0.94,0,Total phenotypic variance,500,10.314064949084415,10.311276020670743,9.790610863112617,10.841669842529875,0,10.295375436337135,10.314064949084415
0.96,0,Additive genetic variance,500,4.060375745270186,4.074124367353851,3.2529969784103336,4.818970630027423,0,4.0308382673706,4.060375745270186
0.96,0,Common environmental variance,500,2.250355823241609,2.2555906183968872,1.8332358268464282,2.6985439116250998,0,2.25,2.250355823241609
0.96,0,Nonshared environmental variance,500,3.9891090218387055,3.9728743920360126,3.5012500809821088,4.4581037622798725,0,4,3.9891090218387055
0.96,0,Total phenotypic variance,500,10.2998405903505,10.297791249973622,9.775412286018351,10.824743711812214,0,10.2808382673706,10.2998405903505
0.98,0,Additive genetic variance,500,4.045008776474558,4.060024510123219,3.240878946612357,4.808049097504934,0,4.01571077299691,4.045008776474558
0.98,0,Common environmental variance,500,2.2504679431333052,2.2533301392893703,1.8317118314450718,2.6977944772080074,0,2.25,2.2504679431333052
0.98,0,Nonshared environmental variance,500,3.989550428899284,3.971571118771008,3.4999218787474087,4.461317512355991,0,4,3.989550428899284
0.98,0,Total phenotypic variance,500,10.285027148507147,10.284070147721357,9.75984497226641,10.806476666725182,0,10.265710772996911,10.285027148507147
1,0,Additive genetic variance,500,4.029062833833018,4.040040974755506,3.22829504818519,4.792220576809488,0,4,4.029062833833018
1,0,Common environmental variance,500,2.250579892529236,2.252934691168135,1.8333058686172903,2.697007728844976,0,2.25,2.250579892529236
1,0,Nonshared environmental variance,500,3.9899890647245764,3.9715552257923976,3.498609712531924,4.4645794707449085,0,4,3.9899890647245764
1,0,Total phenotypic variance,500,10.26963179108683,10.270783200775021,9.743916139055816,10.787851616961728,0,10.25,10.26963179108683
1.0200000000000005,0,Additive genetic variance,500,4.0125453498245784,4.020715179889023,3.215251135619819,4.770830386758647,0,3.9837132475679375,4.0125453498245784
1.0200000000000005,0,Common environmental variance,500,2.250691667801983,2.2507763397561344,1.8349027717093693,2.696562574541884,0,2.25,2.250691667801983
1.0200000000000005,0,Nonshared environmental variance,500,3.99042492129015,3.972280700590197,3.497313588302537,4.4678501459138165,0,4,3.99042492129015
1.0200000000000005,0,Total phenotypic variance,500,10.25366193891671,10.253050470763055,9.729337903969943,10.774834645107806,0,10.233713247567938,10.25366193891671
1.04,0,Additive genetic variance,500,3.99546400273508,4.00514777577613,3.200886287589346,4.747992114439852,0,3.966858061643717,3.99546400273508
1.04,0,Common environmental variance,500,2.2508032663782562,2.2493642403960434,1.8364238524158227,2.696507167467173,0,2.25,2.2508032663782562
1.04,0,Nonshared environmental variance,500,3.990857991124363,3.9725402897339483,3.4960335123218274,4.4710995023953135,0,4,3.990857991124363
1.04,0,Total phenotypic variance,500,10.237125260237699,10.232576897243685,9.718371536413962,10.75743578594627,0,10.216858061643716,10.237125260237699
1.0600000000000005,0,Additive genetic variance,500,3.9778267105960157,3.984319373254806,3.18695296325192,4.722760286490842,0,3.949442229101612,3.9778267105960157
1.0600000000000005,0,Common environmental variance,500,2.250914686741046,2.2500512123682546,1.8377884329282852,2.7008134097682555,0,2.25,2.250914686741046
1.0600000000000005,0,Nonshared environmental variance,500,3.991288267308881,3.9739613929465722,3.491932631191596,4.474327482324366,0,4,3.991288267308881
1.0600000000000005,0,Total phenotypic variance,500,10.220029664645944,10.218851213361361,9.706010097335504,10.737459327531209,0,10.199442229101612,10.220029664645944
1.08,0,Additive genetic variance,500,3.959641624952614,3.9649917526841856,3.1732075792590955,4.705717320993951,0,3.9314737717553894,3.959641624952614
1.08,0,Common environmental variance,500,2.25102592843175,2.2498240920036316,1.8391581033080953,2.70509780300039,0,2.25,2.25102592843175
1.08,0,Nonshared environmental variance,500,3.991715743479186,3.9756888405127895,3.489419961010178,4.4775340286285985,0,4,3.991715743479186
1.08,0,Total phenotypic variance,500,10.20238329686355,10.203832140008217,9.685719471175595,10.718160697720544,0,10.181473771755389,10.20238329686355
1.0999999999999996,0,Additive genetic variance,500,3.940917124468169,3.9451440949002134,3.1582506517338222,4.689789512042239,0,3.9129609402048398,3.940917124468169
1.0999999999999996,0,Common environmental variance,500,2.251136992052276,2.250638140682683,1.8402381018283085,2.7072602563253136,0,2.25,2.251136992052276
1.0999999999999996,0,Nonshared environmental variance,500,3.9921404138250733,3.974838127472262,3.4888456470382376,4.480719085031788,0,4,3.9921404138250733
1.0999999999999996,0,Total phenotypic variance,500,10.184194530345518,10.186626510756184,9.665346372079163,10.698186028066644,0,10.16296094020484,10.184194530345518
1.12,0,Additive genetic variance,500,3.9216618083717876,3.927147495219971,3.142860288662929,4.672974855753235,0,3.8939122075272037,3.9216618083717876
1.12,0,Common environmental variance,500,2.251247879267131,2.25066176216135,1.838011679829469,2.710824312619545,0,2.25,2.251247879267131
1.12,0,Nonshared environmental variance,500,3.99256227309115,3.973154006249835,3.488278260746486,4.483882596057311,0,4,3.99256227309115
1.12,0,Total phenotypic variance,500,10.165471960730068,10.167793404014358,9.648310952602447,10.677659185744623,0,10.143912207527205,10.165471960730068
1.1399999999999997,0,Additive genetic variance,500,3.901884489756848,3.909085580951643,3.120772864256133,4.653343538804845,0,3.8743362628202704,3.901884489756848
1.1399999999999997,0,Common environmental variance,500,2.251358592805482,2.2499214015274873,1.8358029761097832,2.7153192902173147,0,2.25,2.251358592805482
1.1399999999999997,0,Nonshared environmental variance,500,3.9929813165773163,3.9724050170270457,3.487665582969276,4.487024507031554,0,4,3.9929813165773163
1.1399999999999997,0,Total phenotypic variance,500,10.146224399139646,10.14651889230411,9.625432592042147,10.656565139057737,0,10.12433626282027,10.146224399139646
1.1600000000000001,0,Additive genetic variance,500,3.881594188737606,3.8903126045618674,3.0948304515510667,4.632975649586568,0,3.8542420046040085,3.881594188737606
1.1600000000000001,0,Common environmental variance,500,2.2514691364631974,2.2507840790172553,1.833611971979669,2.7206800000182523,0,2.25,2.2514691364631974
1.1600000000000001,0,Nonshared environmental variance,500,3.993397540139248,3.971791859013064,3.486713389924865,4.490144764087276,0,4,3.993397540139248
1.1600000000000001,0,Total phenotypic variance,500,10.126460865340052,10.12025110739566,9.602409179887124,10.634832487856476,0,10.104242004604009,10.126460865340052
1.1799999999999997,0,Additive genetic variance,500,3.860800125471537,3.8675844492829907,3.071751168763299,4.611881567683572,0,3.8336385340877475,3.860800125471537
1.1799999999999997,0,Common environmental variance,500,2.2515795151048676,2.2510258900548648,1.8314386494712722,2.7248621363849055,0,2.25,2.2515795151048676
1.1799999999999997,0,Nonshared environmental variance,500,3.9938109401888626,3.9731621175825422,3.487876290149269,4.49324331416692,0,4,3.9938109401888626
1.1799999999999997,0,Total phenotypic variance,500,10.106190580765269,10.095954338107731,9.582484480803263,10.612472239096391,0,10.083638534087747,10.106190580765269
1.2000000000000002,0,Additive genetic variance,500,3.839511713055076,3.8414854609911444,3.052118880624482,4.5900720125380685,0,3.8125351483100185,3.839511713055076
1.2000000000000002,0,Common environmental variance,500,2.251689734665802,2.2494792261905987,1.8292761995436804,2.727198005284535,0,2.25,2.251689734665802
1.2000000000000002,0,Nonshared environmental variance,500,3.994221513694788,3.9714553584399193,3.4889901302715565,4.496320105025888,0,4,3.994221513694788
1.2000000000000002,0,Total phenotypic variance,500,10.085422961415667,10.078490773063834,9.56218374738515,10.589495664099221,0,10.062535148310019,10.085422961415667
1.2199999999999998,0,Additive genetic variance,500,3.8177385503005796,3.821255797488617,3.0312851165423225,4.570825139128773,0,3.7909413331583095,3.8177385503005796
1.2199999999999998,0,Common environmental variance,500,2.251799802154,2.2480253356403983,1.8269825937185906,2.7287788726755173,0,2.25,2.251799802154
1.2199999999999998,0,Nonshared environmental variance,500,3.994629258182814,3.9724136638759804,3.488598894994807,4.499375085235776,0,4,3.994629258182814
1.2199999999999998,0,Total phenotypic variance,500,10.064167610637394,10.058742580407099,9.540157416832841,10.567706187758409,0,10.04094133315831,10.064167610637394
1.2400000000000002,0,Additive genetic variance,500,3.7954904144023636,3.795236520865493,3.0072802546792907,4.552713313688002,0,3.768866756276015,3.7954904144023636
1.2400000000000002,0,Common environmental variance,500,2.2519097256521095,2.247244724358514,1.824705414560261,2.7303502038732512,0,2.25,2.2519097256521095
1.2400000000000002,0,Nonshared environmental variance,500,3.995034171736343,3.974143698060951,3.488122694861403,4.50252146264536,0,4,3.995034171736343
1.2400000000000002,0,Total phenotypic variance,500,10.042434311790815,10.033230672020625,9.514336066799924,10.545820600555572,0,10.018866756276015,10.042434311790815
1.2599999999999998,0,Additive genetic variance,500,3.772777253499828,3.768711680041781,2.98298228065944,4.538880388380999,0,3.7463212598640445,3.772777253499828
1.2599999999999998,0,Common environmental variance,500,2.2520195143193487,2.247880268138065,1.822444648535839,2.731911979360523,0,2.25,2.2520195143193487
1.2599999999999998,0,Nonshared environmental variance,500,3.9954362529968286,3.974201739802154,3.4874672088542344,4.508706642045409,0,4,3.9954362529968286
1.2599999999999998,0,Total phenotypic variance,500,10.020233020816006,10.009436828085516,9.491922572489274,10.522246678754744,0,9.996321259864045,10.020233020816006
1.2800000000000002,0,Additive genetic variance,500,3.7496091791456676,3.745296298659567,2.958470383430952,4.519729729672705,0,3.723314853384517,3.7496091791456676
1.2800000000000002,0,Common environmental variance,500,2.252129178393418,2.2487793109170724,1.8226352399660422,2.7334641797163375,0,2.25,2.252129178393418
1.2800000000000002,0,Nonshared environmental variance,500,3.995835501164213,3.9724034174888976,3.486183743285516,4.513121630131058,0,4,3.995835501164213
1.2800000000000002,0,Total phenotypic variance,500,9.997573858703298,9.986544373526797,9.46984282405913,10.500001383375512,0,9.973314853384517,9.997573858703298
1.2999999999999998,0,Additive genetic variance,500,3.7259964586873244,3.715529490027555,2.9337532446311254,4.495272505400194,0,3.6998577061741575,3.7259964586873244
1.2999999999999998,0,Common environmental variance,500,2.25223872919238,2.249597260074303,1.8230901067232006,2.735006785616318,0,2.25,2.25223872919238
1.2999999999999998,0,Nonshared environmental variance,500,3.9962319159973463,3.972550412587908,3.483417419087246,4.515120368287999,0,4,3.9962319159973463
1.2999999999999998,0,Total phenotypic variance,500,9.97446710387705,9.962424015102815,9.447710309775191,10.479769551035808,0,9.949857706174157,9.97446710387705
1.3200000000000003,0,Additive genetic variance,500,3.7019495075697817,3.6905443141404337,2.908839556794551,4.467467017609387,0,3.6759601399749386,3.7019495075697817
1.3200000000000003,0,Common environmental variance,500,2.2523481791165207,2.251479727384627,1.823563627023229,2.73866497446821,0,2.25,2.2523481791165207
1.3200000000000003,0,Nonshared environmental variance,500,3.996625497814411,3.9726295545554517,3.480680639878598,4.5203368943884605,0,4,3.996625497814411
1.3200000000000003,0,Total phenotypic variance,500,9.950923184500713,9.938724290898545,9.4252937573524,10.454712394314425,0,9.925960139974938,9.950923184500713
1.3399999999999999,0,Additive genetic variance,500,3.6774788815679504,3.6687343894078825,2.883738018341369,4.44144071577127,0,3.65163262138969,3.6774788815679504
1.3399999999999999,0,Common environmental variance,500,2.252457541650186,2.2514409339532433,1.8240557994976099,2.7430925947205678,0,2.25,2.252457541650186
1.3399999999999999,0,Nonshared environmental variance,500,3.9970162474933266,3.973359634373593,3.477973351499567,4.525540121560779,0,4,3.9970162474933266
1.3399999999999999,0,Total phenotypic variance,500,9.926952670711463,9.9146982020832,9.403936912896107,10.42854958252954,0,9.901632621389691,9.926952670711463
1.3600000000000003,0,Additive genetic variance,500,3.65259526895681,3.6475498010882155,2.8561290764219756,4.417729448833892,0,3.6268857542702992,3.65259526895681
1.3600000000000003,0,Common environmental variance,500,2.2525668313635956,2.2519817939352276,1.8245666235065814,2.747148381053657,0,2.25,2.2525668313635956
1.3600000000000003,0,Nonshared environmental variance,500,3.997404166472158,3.9747960225478343,3.4752955007520807,4.530729968014843,0,4,3.997404166472158
1.3600000000000003,0,Total phenotypic variance,500,9.902566266792563,9.893190478713809,9.381676628000754,10.403595934491138,0,9.8768857542703,9.902566266792563
1.38,0,Additive genetic variance,500,3.627309482627589,3.618917497322215,2.8277905063831668,4.393865243165017,0,3.6017302720462876,3.627309482627589
1.38,0,Common environmental variance,500,2.252676063914632,2.2516350260998013,1.8250348980599376,2.7491763930762314,0,2.25,2.252676063914632
1.38,0,Nonshared environmental variance,500,3.9977892567495052,3.975448303876565,3.4726470353974372,4.535906352313177,0,4,3.9977892567495052
1.38,0,Total phenotypic variance,500,9.877774803291725,9.868277110260408,9.354709063104684,10.378166313015818,0,9.851730272046288,9.877774803291725
1.4000000000000004,0,Additive genetic variance,500,3.601632452158187,3.5855470276366472,2.804648452865635,4.373075132745618,0,3.5761770300014275,3.601632452158187
1.4000000000000004,0,Common environmental variance,500,2.2527852560506076,2.2513209703434685,1.8254928170746614,2.749751119708429,0,2.25,2.2527852560506076
1.4000000000000004,0,Nonshared environmental variance,500,3.998171520884895,3.9763111939505764,3.470027904153807,4.539932890863596,0,4,3.998171520884895
1.4000000000000004,0,Total phenotypic variance,500,9.85258922909369,9.841317771577012,9.32578552102822,10.352271246081262,0,9.826177030001428,9.85258922909369
1.42,0,Additive genetic variance,500,3.5755752158460994,3.5618266991024194,2.782287142404636,4.353330228928108,0,3.550236997506218,3.5755752158460994
1.42,0,Common environmental variance,500,2.25289442561001,2.2517460345733644,1.825970362387907,2.749049112600509,0,2.25,2.25289442561001
1.42,0,Nonshared environmental variance,500,3.9985509619991597,3.97704529319116,3.4674380566937937,4.54217977983884,0,4,3.9985509619991597
1.42,0,Total phenotypic variance,500,9.827020603455269,9.816477451027694,9.29910075683448,10.333817834909581,0,9.800236997506218,9.827020603455269
1.4400000000000004,0,Additive genetic variance,500,3.549148912712031,3.5347708519015724,2.7597192774128,4.326056025974346,0,3.5239212502138657,3.549148912712031
1.4400000000000004,0,Common environmental variance,500,2.253003591524218,2.2514820117934176,1.824487058342097,2.750409854561436,0,2.25,2.253003591524218
1.4400000000000004,0,Nonshared environmental variance,500,3.998927583774809,3.9771734954312037,3.4648774436420515,4.542996301011728,0,4,3.998927583774809
1.4400000000000004,0,Total phenotypic variance,500,9.801080088011059,9.794952668091877,9.27119353986706,10.305536915214507,0,9.773921250213865,9.801080088011059
1.46,0,Additive genetic variance,500,3.522364774482414,3.5103184899562234,2.7369528914130328,4.2965784083512375,0,3.497240962227585,3.522364774482414
1.46,0,Common environmental variance,500,2.2531127738192023,2.2517920789069565,1.8228112413646658,2.752668558940983,0,2.25,2.2531127738192023
1.46,0,Nonshared environmental variance,500,3.999301390456396,3.9768186433008066,3.4623460165729614,4.543791616876915,0,4,3.999301390456396
1.46,0,Total phenotypic variance,500,9.774778938758013,9.77024254229565,9.243059724350658,10.278987539208321,0,9.747240962227584,9.774778938758013
1.4800000000000004,0,Additive genetic variance,500,3.4952341175589416,3.4837401853857166,2.71366549329821,4.264461965875074,0,3.4702073982468358,3.4952341175589416
1.4800000000000004,0,Common environmental variance,500,2.253221993617195,2.2518600592169715,1.8189527898215743,2.754919810411731,0,2.25,2.253221993617195
1.4800000000000004,0,Nonshared environmental variance,500,3.999672386850874,3.9774437323000607,3.4598437280083676,4.5461097854974675,0,4,3.999672386850874
1.4800000000000004,0,Total phenotypic variance,500,9.748128498027011,9.746769107343766,9.214790197473729,10.253674455698675,0,9.720207398246835,9.748128498027011
1.5,0,Additive genetic variance,500,3.4677683349832558,3.4541959733944054,2.690007370057468,4.233672379057395,0,3.4428319057002312,3.4677683349832558
1.5,0,Common environmental variance,500,2.253331273138342,2.2528029886358625,1.814308720424199,2.757163663671607,0,2.25,2.253331273138342
1.5,0,Nonshared environmental variance,500,4.000040578327946,3.9768315755396393,3.457370531415373,4.55173195281645,0,4,4.000040578327946
1.5,0,Total phenotypic variance,500,9.721140186449544,9.719983425109394,9.186395822045242,10.232713798020677,0,9.692831905700231,9.721140186449544
1.5200000000000005,0,Additive genetic variance,500,3.4399788884047684,3.4236999665557137,2.6661825036595768,4.202639641254587,0,3.415125906872682,3.4399788884047684
1.5200000000000005,0,Common environmental variance,500,2.253440635702328,2.2518234703278983,1.809690983214924,2.7594304065119126,0,2.25,2.253440635702328
1.5200000000000005,0,Nonshared environmental variance,500,4.000405970820409,3.9764657657465716,3.454926381204187,4.557369874303527,0,4,4.000405970820409
1.5200000000000005,0,Total phenotypic variance,500,9.693825494927506,9.689269176658613,9.161677289547626,10.20864902707801,0,9.665125906872682,9.693825494927506
1.54,0,Additive genetic variance,500,3.411877300059634,3.3969936014331945,2.6414988661036287,4.171209202797961,0,3.387100891034402,3.411877300059634
1.54,0,Common environmental variance,500,2.2535501057299814,2.250500745992002,1.8063392090279797,2.7618926569053928,0,2.25,2.2535501057299814
1.54,0,Nonshared environmental variance,500,4.000768570824485,3.9775781398099372,3.4525112327260383,4.56302359543493,0,4,4.000768570824485
1.54,0,Total phenotypic variance,500,9.6661959766141,9.660473968896833,9.137615058160351,10.183253962208639,0,9.637100891034402,9.6661959766141
1.5600000000000005,0,Additive genetic variance,500,3.3834751447687044,3.3669067357132514,2.611369688127003,4.139290747657571,0,3.358768406579237,3.3834751447687044
1.5600000000000005,0,Common environmental variance,500,2.2536597087448533,2.2493802896687893,1.8036557557435993,2.764562648760198,0,2.25,2.2536597087448533
1.5600000000000005,0,Nonshared environmental variance,500,4.001128385400154,3.9767959967681987,3.450125042271144,4.568748457868219,0,4,4.001128385400154
1.5600000000000005,0,Total phenotypic variance,500,9.638263238913712,9.63481691456421,9.110362587297077,10.157366283562485,0,9.608768406579237,9.638263238913712
1.58,0,Additive genetic variance,500,3.3547840419622994,3.3414346567549478,2.581186780216104,4.116456391076984,0,3.330140053179798,3.3547840419622994
1.58,0,Common environmental variance,500,2.2537694713747753,2.25302098377336,1.8006930813074948,2.768804550935247,0,2.25,2.2537694713747753
1.58,0,Nonshared environmental variance,500,4.00148542217147,3.9777422392992037,3.447594099262343,4.573376854008614,0,4,4.00148542217147
1.58,0,Total phenotypic variance,500,9.610038935508545,9.60709547122122,9.082866234888122,10.130996521475188,0,9.580140053179798,9.610038935508545
1.6000000000000005,0,Additive genetic variance,500,3.325815647739437,3.3130979621239427,2.5509600193042448,4.0883155155665625,0,3.301227473966728,3.325815647739437
1.6000000000000005,0,Common environmental variance,500,2.2538794213533957,2.2525662003279723,1.7967776860021418,2.773033498276594,0,2.25,2.2538794213533957
1.6000000000000005,0,Nonshared environmental variance,500,4.001839689326873,3.979559932944402,3.443500471157261,4.578013558337174,0,4,4.001839689326873
1.6000000000000005,0,Total phenotypic variance,500,9.581534758419705,9.578676819606603,9.054796360936159,10.107835676540034,0,9.551227473966728,9.581534758419705
1.62,0,Additive genetic variance,500,3.296581646969145,3.2814825519583364,2.5206991871308575,4.056700663882957,0,3.272042347739404,3.296581646969145
1.62,0,Common environmental variance,500,2.2539895875216893,2.252448122007803,1.7924634492846325,2.777249437984436,0,2.25,2.2539895875216893
1.62,0,Nonshared environmental variance,500,4.002191195619499,3.9803620806198845,3.4394114608992523,4.58265857564715,0,4,4.002191195619499
1.62,0,Total phenotypic variance,500,9.552762430110333,9.551605966653806,9.026397514842683,10.084324524444995,0,9.522042347739404,9.552762430110333
1.6399999999999997,0,Additive genetic variance,500,3.2670937454412647,3.254222241466634,2.4904139653582256,4.024648751024116,0,3.2425963812152148,3.2670937454412647
1.6399999999999997,0,Common environmental variance,500,2.254099999829449,2.2531747388412664,1.7881630538902937,2.7814523196508265,0,2.25,2.254099999829449
1.6399999999999997,0,Nonshared environmental variance,500,4.002539950367473,3.9816066038819367,3.4353270718045694,4.587311910868193,0,4,4.002539950367473
1.6399999999999997,0,Total phenotypic variance,500,9.523733695638187,9.52341222350701,8.99778296820553,10.062483680888072,0,9.492596381215215,9.523733695638187
1.6600000000000001,0,Additive genetic variance,500,3.237363662074118,3.2241617822979087,2.4601139308230047,3.9921740252434024,0,3.2129013013245324,3.237363662074118
1.6600000000000001,0,Common environmental variance,500,2.2542106893367526,2.254214351924624,1.7838765112250132,2.7856420952762884,0,2.25,2.2542106893367526
1.6600000000000001,0,Nonshared environmental variance,500,4.002885963454203,3.9820100231397824,3.431247307273133,4.591590297932452,0,4,4.002885963454203
1.6600000000000001,0,Total phenotypic variance,500,9.494460314865073,9.492413845909919,8.9608992815783175,10.04029625782897,0,9.462901301324532,9.494460314865073
1.6799999999999997,0,Additive genetic variance,500,3.2074031211861995,3.193972686962824,2.430770231073124,3.9604029601249366,0,3.1829688475583007,3.2074031211861995
1.6799999999999997,0,Common environmental variance,500,2.2543216882154087,2.254334459151078,1.7796038334297064,2.7898187192862407,0,2.25,2.2543216882154087
1.6799999999999997,0,Nonshared environmental variance,500,4.003229245328661,3.9823468427272166,3.4271721707879257,4.594597869588533,0,4,4.003229245328661
1.6799999999999997,0,Total phenotypic variance,500,9.464954054730269,9.465450871771473,8.923434453881605,10.016340431475435,0,9.4329688475583,9.464954054730269
1.7000000000000002,0,Additive genetic variance,500,3.1772238448389443,3.1602098639128453,2.403387811573557,3.9314810481584104,0,3.1528107643750807,3.1772238448389443
1.7000000000000002,0,Common environmental variance,500,2.25443302975038,2.2559197599478598,1.775345033370897,2.7935596226733823,0,2.25,2.25443302975038
1.7000000000000002,0,Nonshared environmental variance,500,4.003569807005662,3.9838529785863277,3.4231016659143805,4.597503060896315,0,4,4.003569807005662
1.7000000000000002,0,Total phenotypic variance,500,9.435226681594987,9.436713594270687,8.885626431260008,9.992069779234198,0,9.402810764375081,9.435226681594987
1.7199999999999998,0,Additive genetic variance,500,3.1468375452574775,3.12801187797011,2.375914393245023,3.9021591090389753,0,3.122438793674299,3.1468375452574775
1.7199999999999998,0,Common environmental variance,500,2.2545447483411865,2.2574601282070477,1.7711001246314035,2.795170710919264,0,2.25,2.2545447483411865
1.7199999999999998,0,Nonshared environmental variance,500,4.003907660066131,3.984561259342019,3.419035796299778,4.599499455504608,0,4,4.003907660066131
1.7199999999999998,0,Total phenotypic variance,500,9.405289953664795,9.406347862841953,8.853427583813072,9.966470058068182,0,9.372438793674299,9.405289953664795
1.7400000000000002,0,Additive genetic variance,500,3.116255917336044,3.0973002757818757,2.348009366313193,3.872694865358957,0,3.0918646673422083,3.116255917336044
1.7400000000000002,0,Common environmental variance,500,2.2546568795032855,2.259479983378779,1.7668691215011283,2.796263608643716,0,2.25,2.2546568795032855
1.7400000000000002,0,Nonshared environmental variance,500,4.004242816657367,3.984581834075437,3.414974565672641,4.602086320003078,0,4,4.004242816657367
1.7400000000000002,0,Total phenotypic variance,500,9.375155613496696,9.377705691247794,8.821889290801849,9.934907783832823,0,9.341864667342207,9.375155613496696
1.7599999999999998,0,Additive genetic variance,500,3.0854906312347197,3.0666574281503873,2.3200589426739993,3.8471792584032,0,3.061100099877081,3.0854906312347197
1.7599999999999998,0,Common environmental variance,500,2.2547694598694346,2.25966817381404,1.7657153078171481,2.797289785190966,0,2.25,2.2547694598694346
1.7599999999999998,0,Nonshared environmental variance,500,4.004575289493296,3.9830638880943567,3.410917977842137,4.605255846473464,0,4,4.004575289493296
1.7599999999999998,0,Total phenotypic variance,500,9.34483538059745,9.346195163199274,8.790270133893756,9.905093444985448,0,9.31110009987708,9.34483538059745
1.7800000000000002,0,Additive genetic variance,500,3.054553325073744,3.0386093897510444,2.293139239237369,3.8167376420602226,0,3.0301567810998136,3.054553325073744
1.7800000000000002,0,Common environmental variance,500,2.254882527191027,2.25947734198079,1.765400882451818,2.7982491717248013,0,2.25,2.254882527191027
1.7800000000000002,0,Nonshared environmental variance,500,4.004905091854718,3.983676765159956,3.4070965833269913,4.6084516635631605,0,4,4.004905091854718
1.7800000000000002,0,Total phenotypic variance,500,9.31434094411949,9.313216284853986,8.761356267854612,9.880013937741747,0,9.280156781099814,9.31434094411949
1.7999999999999998,0,Additive genetic variance,500,3.023455597731717,3.009283691529353,2.2698935608047766,3.785997634278583,0,2.9990463689561655,3.023455597731717
1.7999999999999998,0,Common environmental variance,500,2.254996120339417,2.260382787341867,1.764992110355664,2.7997272841140464,0,2.25,2.254996120339417
1.7999999999999998,0,Nonshared environmental variance,500,4.005232237589555,3.9834288780860625,3.4046376077881506,4.612094823117147,0,4,4.005232237589555
1.7999999999999998,0,Total phenotypic variance,500,9.283683955660688,9.27661110327754,8.7331606350381,9.85333250271959,0,9.249046368956165,9.283683955660688
1.8200000000000003,0,Additive genetic variance,500,2.9922090017536287,2.974461403419892,2.244690694074709,3.754934274168451,0,2.9677804824165164,2.9922090017536287
1.8200000000000003,0,Common environmental variance,500,2.255110279307213,2.261833654799491,1.7635815897736782,2.8058576907718566,0,2.25,2.255110279307213
1.8200000000000003,0,Nonshared environmental variance,500,4.005556741113075,3.983631076916955,3.402203423885166,4.615912217690623,0,4,4.005556741113075
1.8200000000000003,0,Total phenotypic variance,500,9.252876022173918,9.2490713614479,8.705042000804305,9.826462653753193,0,9.217780482416517,9.252876022173918
1.8399999999999999,0,Additive genetic variance,500,2.9608250363745943,2.939774588406591,2.217662320516969,3.72355975199977,0,2.9363706944790016,2.9608250363745943
1.8399999999999999,0,Common environmental variance,500,2.2552250452095652,2.2601384232864072,1.76215609164934,2.8119850204168166,0,2.25,2.2552250452095652
1.8399999999999999,0,Nonshared environmental variance,500,4.00587861740813,3.982969304711302,3.3997940503784445,4.622358589600497,0,4,4.00587861740813
1.8399999999999999,0,Total phenotypic variance,500,9.22192869899229,9.21690257039337,8.677010465134089,9.800940811670607,0,9.186370694479002,9.22192869899229
1.8600000000000003,0,Additive genetic variance,500,2.929315140664843,2.9060469441853134,2.1903294387458834,3.6939517844715803,0,2.904828525281582,2.929315140664843
1.8600000000000003,0,Common environmental variance,500,2.2553404602854203,2.2592129751737824,1.75989300340945,2.8168868277885437,0,2.25,2.2553404602854203
1.8600000000000003,0,Nonshared environmental variance,500,4.006197882025368,3.984559027322201,3.3974095072723145,4.628837422333758,0,4,4.006197882025368
1.8600000000000003,0,Total phenotypic variance,500,9.190853482975632,9.182988465523273,8.649075969785757,9.776011091098471,0,9.154828525281582,9.190853482975632
1.88,0,Additive genetic variance,500,2.8976906868014436,2.8763102311814084,2.1595947285518746,3.664197987112595,0,2.8731654353285574,2.8976906868014436
1.88,0,Common environmental variance,500,2.2554565678987686,2.2581737812599396,1.754165079174377,2.8196437109387316,0,2.25,2.2554565678987686
1.88,0,Nonshared environmental variance,500,4.00651455108345,3.9858714923575347,3.3949059377260036,4.634477639374354,0,4,4.00651455108345
1.88,0,Total phenotypic variance,500,9.159661805783664,9.151436989267925,8.6208765639036,9.74706151500813,0,9.123165435328557,9.159661805783664
1.9000000000000004,0,Additive genetic variance,500,2.865962973471893,2.8436924640350667,2.126409201861756,3.634171736625321,0,2.841392818836708,2.865962973471893
1.9000000000000004,0,Common environmental variance,500,2.2555734125398677,2.2572403921928332,1.748362238389247,2.8243747606547913,0,2.25,2.2555734125398677
1.9000000000000004,0,Nonshared environmental variance,500,4.006828641269264,3.9852711778248997,3.3925122840184914,4.63886298796255,0,4,4.006828641269264
1.9000000000000004,0,Total phenotypic variance,500,9.128365027281024,9.118630147988426,8.588744402020225,9.720460266436355,0,9.091392818836708,9.128365027281024
1.92,0,Additive genetic variance,500,2.8341432194146243,2.8090926536550778,2.0933638509413104,3.605452752549286,0,2.809521997206206,2.8341432194146243
1.92,0,Common environmental variance,500,2.255691039826448,2.2549682626755763,1.7425149889364362,2.829902060706167,0,2.25,2.255691039826448
1.92,0,Nonshared environmental variance,500,4.007140169838113,3.985170465274335,3.3921361400451526,4.640748847341626,0,4,4.007140169838113
1.92,0,Total phenotypic variance,500,9.096974429079186,9.087721638497268,8.552718992827003,9.694215811230684,0,9.059521997206206,9.096974429079186
1.9400000000000004,0,Additive genetic variance,500,2.802242557101134,2.775431649543968,2.0626716353315535,3.5780193129139852,0,2.777564212621092,2.802242557101134
1.9400000000000004,0,Common environmental variance,500,2.255809496504904,2.254309281100934,1.7388929561624178,2.8354367096121473,0,2.25,2.255809496504904
1.9400000000000004,0,Nonshared environmental variance,500,4.007449154613923,3.985995164421289,3.391799344770388,4.646430962642119,0,4,4.007449154613923
1.9400000000000004,0,Total phenotypic variance,500,9.065501208219962,9.050605977941345,8.520581809171567,9.667751886808839,0,9.027564212621092,9.065501208219962
1.96,0,Additive genetic variance,500,2.7702720265643204,2.7467940909985975,2.035694371969692,3.5502912738235914,0,2.74553062178407,2.7702720265643204
1.96,0,Common environmental variance,500,2.2559288304514675,2.2554117615663736,1.7354836092830739,2.841270005379214,0,2.25,2.2559288304514675
1.96,0,Nonshared environmental variance,500,4.00775561398942,3.984546121027428,3.3915018920496465,4.652282981480952,0,4,4.00775561398942
1.96,0,Total phenotypic variance,500,9.033956471005208,9.016327311265467,8.487264377731947,9.641078549345394,0,8.99553062178407,9.033956471005208
1.9800000000000004,0,Additive genetic variance,500,2.7382425693773107,2.715765108320099,2.0026992251537132,3.5222787367174844,0,2.7134322897900174,2.7382425693773107
1.9800000000000004,0,Common environmental variance,500,2.2560490906733643,2.255341574546912,1.7345249614484415,2.8471091354977798,0,2.25,2.2560490906733643
1.9800000000000004,0,Nonshared environmental variance,500,4.008059566926321,3.9830672355465353,3.3912437772325075,4.657784908870287,0,4,4.008059566926321
1.9800000000000004,0,Total phenotypic variance,500,9.002351226976996,8.989372886677556,8.45057004342457,9.614536882157456,0,8.963432289790017,9.002351226976996
2,0,Additive genetic variance,500,2.706165022786894,2.6835202596950785,1.9688532328396326,3.4937302434762465,0,2.6812801841425573,2.706165022786894
2,0,Common environmental variance,500,2.2561703273099556,2.2548078544842385,1.7336263654461068,2.8529540972715877,0,2.25,2.2561703273099556
2,0,Nonshared environmental variance,500,4.008361032955503,3.9877026418593498,3.3910249971626962,4.660905022395722,0,4,4.008361032955503
2,0,Total phenotypic variance,500,8.970696383052353,8.956589776660655,8.413833445482704,9.590520757421803,0,8.931280184142558,8.970696383052353
2.0200000000000005,0,Additive genetic variance,500,2.6740501140053823,2.650142149828496,1.9350339566922758,3.4636777563777206,0,2.649085168917676,2.6740501140053823
2.0200000000000005,0,Common environmental variance,500,2.2562925916338648,2.254318001306194,1.7306472293745496,2.8576168768262455,0,2.25,2.2562925916338648
2.0200000000000005,0,Nonshared environmental variance,500,4.008660032177177,3.990447423066551,3.3908455501781933,4.664020023758885,0,4,4.008660032177177
2.0200000000000005,0,Total phenotypic variance,500,8.939002737816425,8.923715707835084,8.377066751076898,9.566374879224561,0,8.899085168917676,8.939002737816425
2.04,0,Additive genetic variance,500,2.64190845466455,2.621647988876285,1.9049798091917969,3.43663574309611,0,2.616857999078307,2.64190845466455
2.04,0,Common environmental variance,500,2.2564159360520906,2.2553452226436423,1.7274466937211566,2.8583472043586546,0,2.25,2.2564159360520906
2.04,0,Nonshared environmental variance,500,4.00895658526105,3.991496241364155,3.390705436111455,4.667129913077151,0,4,4.00895658526105
2.04,0,Total phenotypic variance,500,8.90728097597769,8.894854904005742,8.345123163261588,9.542047494082073,0,8.866857999078308,8.90728097597769
2.0600000000000005,0,Additive genetic variance,500,2.6097505354350035,2.5946450538930907,1.875869679234445,3.4076222362709214,0,2.5846093149434513,2.6097505354350035
2.0600000000000005,0,Common environmental variance,500,2.256540414107104,2.2555353911853286,1.7242628782855773,2.8607464513319294,0,2.25,2.256540414107104
2.0600000000000005,0,Nonshared environmental variance,500,4.009250713446481,3.9917552808805556,3.3906046562897343,4.67029477668984,0,4,4.009250713446481
2.0600000000000005,0,Total phenotypic variance,500,8.875541662988589,8.862397379906794,8.314917363258628,9.516601143856398,0,8.834609314943451,8.875541662988589
2.08,1,Additive genetic variance,1000,3.202281663232852,3.086896517873645,1.998250689952334,4.715848597906894,0,2.5523496368153222,3.202281663232852
2.08,1,Additive genetic variance,1000,3.202281663232852,3.086896517873645,1.998250689952334,4.715848597906894,1,3.8076582252168243,3.202281663232852
2.08,1,Common environmental variance,1000,2.262250618523052,2.2560584069162086,1.7345294052837272,2.8543718390798696,0,2.25,2.262250618523052
2.08,1,Common environmental variance,1000,2.262250618523052,2.2560584069162086,1.7345294052837272,2.8543718390798696,1,2.25,2.262250618523052
2.08,1,Nonshared environmental variance,1000,4.005000465416417,3.992104084982034,3.4256774677566995,4.614195940559906,0,4,4.005000465416417
2.08,1,Nonshared environmental variance,1000,4.005000465416417,3.992104084982034,3.4256774677566995,4.614195940559906,1,4,4.005000465416417
2.08,1,Total phenotypic variance,1000,9.469532747172321,9.406851241273197,8.343551191254159,10.723329226776864,0,8.802349636815322,9.469532747172321
2.08,1,Total phenotypic variance,1000,9.469532747172321,9.406851241273197,8.343551191254159,10.723329226776864,1,10.057658225216825,9.469532747172321
2.1000000000000005,1,Additive genetic variance,1000,3.1616538127597043,3.05169814672768,1.9688109380436227,4.647055519427448,0,2.520089359767648,3.1616538127597043
2.1000000000000005,1,Additive genetic variance,1000,3.1616538127597043,3.05169814672768,1.9688109380436227,4.647055519427448,1,3.7595315471643547,3.1616538127597043
2.1000000000000005,1,Common environmental variance,1000,2.262100326552648,2.2544133983364674,1.7324864398322632,2.856895596126876,0,2.25,2.262100326552648
2.1000000000000005,1,Common environmental variance,1000,2.262100326552648,2.2544133983364674,1.7324864398322632,2.856895596126876,1,2.25,2.262100326552648
2.1000000000000005,1,Nonshared environmental variance,1000,4.005146205967468,3.9925801614055416,3.421461073360183,4.6061244717990375,0,4,4.005146205967468
2.1000000000000005,1,Nonshared environmental variance,1000,4.005146205967468,3.9925801614055416,3.421461073360183,4.6061244717990375,1,4,4.005146205967468
2.1000000000000005,1,Total phenotypic variance,1000,9.42890034527982,9.375238164008039,8.309963058201777,10.656310565450529,0,8.770089359767649,9.42890034527982
2.1000000000000005,1,Total phenotypic variance,1000,9.42890034527982,9.375238164008039,8.309963058201777,10.656310565450529,1,10.009531547164354,9.42890034527982
2.12,1,Additive genetic variance,1000,3.1210570709561827,3.0165500819556694,1.9395044605268335,4.5713423814942376,0,2.4878387485981897,3.1210570709561827
2.12,1,Additive genetic variance,1000,3.1210570709561827,3.0165500819556694,1.9395044605268335,4.5713423814942376,1,3.71141928890773,3.1210570709561827
2.12,1,Common environmental variance,1000,2.2619505677945675,2.254247750309929,1.731308745546145,2.8586905312455717,0,2.25,2.2619505677945675
2.12,1,Common environmental variance,1000,2.2619505677945675,2.254247750309929,1.731308745546145,2.8586905312455717,1,2.25,2.2619505677945675
2.12,1,Nonshared environmental variance,1000,4.005289308174121,3.9933886317823752,3.4172414996109555,4.60906525224061,0,4,4.005289308174121
2.12,1,Nonshared environmental variance,1000,4.005289308174121,3.9933886317823752,3.4172414996109555,4.60906525224061,1,4,4.005289308174121
2.12,1,Total phenotypic variance,1000,9.388296946924871,9.342228759145563,8.276612748869141,10.594136859312865,0,8.73783874859819,9.388296946924871
2.12,1,Total phenotypic variance,1000,9.388296946924871,9.342228759145563,8.276612748869141,10.594136859312865,1,9.96141928890773,9.388296946924871
2.1399999999999997,1,Additive genetic variance,1000,3.0805039265982725,2.982416415797855,1.9077377824721737,4.515107169180798,0,2.4556079329481686,3.0805039265982725
2.1399999999999997,1,Additive genetic variance,1000,3.0805039265982725,2.982416415797855,1.9077377824721737,4.515107169180798,1,3.6633365620959064,3.0805039265982725
2.1399999999999997,1,Common environmental variance,1000,2.261801401752669,2.2550983445364956,1.7357789693041654,2.856765437042876,0,2.25,2.261801401752669
2.1399999999999997,1,Common environmental variance,1000,2.261801401752669,2.2550983445364956,1.7357789693041654,2.856765437042876,1,2.25,2.261801401752669
2.1399999999999997,1,Nonshared environmental variance,1000,4.005429795684439,3.994389674364006,3.4131660474625307,4.604387296178403,0,4,4.005429795684439
2.1399999999999997,1,Nonshared environmental variance,1000,4.005429795684439,3.994389674364006,3.4131660474625307,4.604387296178403,1,4,4.005429795684439
2.1399999999999997,1,Total phenotypic variance,1000,9.34773512403538,9.305854724215472,8.243169307451979,10.533424229776369,0,8.705607932948169,9.34773512403538
2.1399999999999997,1,Total phenotypic variance,1000,9.34773512403538,9.305854724215472,8.243169307451979,10.533424229776369,1,9.913336562095907,9.34773512403538
2.16,1,Additive genetic variance,1000,3.0400066776002244,2.952653075574327,1.872426967966513,4.450111082551344,0,2.423406902591211,3.0400066776002244
2.16,1,Additive genetic variance,1000,3.0400066776002244,2.952653075574327,1.872426967966513,4.450111082551344,1,3.6152982697199008,3.0400066776002244
2.16,1,Common environmental variance,1000,2.261652889039904,2.2547028163426273,1.7338199202648288,2.8555998444021236,0,2.25,2.261652889039904
2.16,1,Common environmental variance,1000,2.261652889039904,2.2547028163426273,1.7338199202648288,2.8555998444021236,1,2.25,2.261652889039904
2.16,1,Nonshared environmental variance,1000,4.005567692714404,3.995239868174761,3.413080157889324,4.609915152072774,0,4,4.005567692714404
2.16,1,Nonshared environmental variance,1000,4.005567692714404,3.995239868174761,3.413080157889324,4.609915152072774,1,4,4.005567692714404
2.16,1,Total phenotypic variance,1000,9.307227259354532,9.268228785957154,8.216937226761756,10.47271040691191,0,8.67340690259121,9.307227259354532
2.16,1,Total phenotypic variance,1000,9.307227259354532,9.268228785957154,8.216937226761756,10.47271040691191,1,9.8652982697199,9.307227259354532
2.1799999999999997,1,Additive genetic variance,1000,2.9995774256890706,2.919528480572544,1.8373868359692092,4.389468299973121,0,2.391245502894094,2.9995774256890706
2.1799999999999997,1,Additive genetic variance,1000,2.9995774256890706,2.919528480572544,1.8373868359692092,4.389468299973121,1,3.5673190993410295,2.9995774256890706
2.1799999999999997,1,Common environmental variance,1000,2.2615050913781993,2.254666874665454,1.7319031142977976,2.859180678051995,0,2.25,2.2615050913781993
2.1799999999999997,1,Common environmental variance,1000,2.2615050913781993,2.254666874665454,1.7319031142977976,2.859180678051995,1,2.25,2.2615050913781993
2.1799999999999997,1,Nonshared environmental variance,1000,4.00570302404794,3.99580291509829,3.4174436248840427,4.614169407024217,0,4,4.00570302404794
2.1799999999999997,1,Nonshared environmental variance,1000,4.00570302404794,3.99580291509829,3.4174436248840427,4.614169407024217,1,4,4.00570302404794
2.1799999999999997,1,Total phenotypic variance,1000,9.26678554111521,9.236999354372132,8.181405676753071,10.405678898981735,0,8.641245502894094,9.26678554111521
2.1799999999999997,1,Total phenotypic variance,1000,9.26678554111521,9.236999354372132,8.181405676753071,10.405678898981735,1,9.817319099341029,9.26678554111521
2.2,1,Additive genetic variance,1000,2.9592280713153536,2.887388179481168,1.802703917958448,4.317960103215232,0,2.3591334304514016,2.9592280713153536
2.2,1,Additive genetic variance,1000,2.9592280713153536,2.887388179481168,1.802703917958448,4.317960103215232,1,3.5194135165785756,2.9592280713153536
2.2,1,Common environmental variance,1000,2.261358071598325,2.2539043404656782,1.7300167250735503,2.8538233379570963,0,2.25,2.261358071598325
2.2,1,Common environmental variance,1000,2.261358071598325,2.2539043404656782,1.7300167250735503,2.8538233379570963,1,2.25,2.261358071598325
2.2,1,Nonshared environmental variance,1000,4.005835815036925,3.9956628702193484,3.412383102926475,4.610253045738593,0,4,4.005835815036925
2.2,1,Nonshared environmental variance,1000,4.005835815036925,3.9956628702193484,3.412383102926475,4.610253045738593,1,4,4.005835815036925
2.2,1,Total phenotypic variance,1000,9.226421957950604,9.20541628168548,8.145185836391931,10.348752741927814,0,8.6091334304514,9.226421957950604
2.2,1,Total phenotypic variance,1000,9.226421957950604,9.20541628168548,8.145185836391931,10.348752741927814,1,9.769413516578576,9.226421957950604
2.2199999999999998,1,Additive genetic variance,1000,2.918970308801746,2.85260176273934,1.7788337217832173,4.253227898221172,0,2.3270802288959955,2.918970308801746
2.2199999999999998,1,Additive genetic variance,1000,2.918970308801746,2.85260176273934,1.7788337217832173,4.253227898221172,1,3.471595758859747,2.918970308801746
2.2199999999999998,1,Common environmental variance,1000,2.261211893639749,2.254110682426124,1.7266339046956547,2.848511227871827,0,2.25,2.261211893639749
2.2199999999999998,1,Common environmental variance,1000,2.261211893639749,2.254110682426124,1.7266339046956547,2.848511227871827,1,2.25,2.261211893639749
2.2199999999999998,1,Nonshared environmental variance,1000,4.005966091601199,3.996053032712075,3.409942716164113,4.613265435956212,0,4,4.005966091601199
2.2199999999999998,1,Nonshared environmental variance,1000,4.005966091601199,3.996053032712075,3.409942716164113,4.613265435956212,1,4,4.005966091601199
2.2199999999999998,1,Total phenotypic variance,1000,9.186148294042695,9.176283545036323,8.11531396595059,10.282614920410941,0,8.577080228895996,9.186148294042695
2.2199999999999998,1,Total phenotypic variance,1000,9.186148294042695,9.176283545036323,8.11531396595059,10.282614920410941,1,9.721595758859747,9.186148294042695
2.24,1,Additive genetic variance,1000,2.8788156217308365,2.8166541161919794,1.7557066287325096,4.187745764568357,0,2.2950952848869286,2.8788156217308365
2.24,1,Additive genetic variance,1000,2.8788156217308365,2.8166541161919794,1.7557066287325096,4.187745764568357,1,3.4238798294343478,2.8788156217308365
2.24,1,Common environmental variance,1000,2.2610666225504827,2.2528591351449543,1.7263348170074793,2.849735677063821,0,2.25,2.2610666225504827
2.24,1,Common environmental variance,1000,2.2610666225504827,2.2528591351449543,1.7263348170074793,2.849735677063821,1,2.25,2.2610666225504827
2.24,1,Nonshared environmental variance,1000,4.006093880228568,3.996424147936146,3.4062917102690813,4.609811757569354,0,4,4.006093880228568
2.24,1,Nonshared environmental variance,1000,4.006093880228568,3.996424147936146,3.4062917102690813,4.609811757569354,1,4,4.006093880228568
2.24,1,Total phenotypic variance,1000,9.145976124509888,9.147058538896424,8.07927437576738,10.225756795536,0,8.545095284886928,9.145976124509888
2.24,1,Total phenotypic variance,1000,9.145976124509888,9.147058538896424,8.07927437576738,10.225756795536,1,9.673879829434348,9.145976124509888
2.26,1,Additive genetic variance,1000,2.8387752785731486,2.781035848780334,1.726983808282406,4.129796173820983,0,2.263187824276274,2.8387752785731486
2.26,1,Additive genetic variance,1000,2.8387752785731486,2.781035848780334,1.726983808282406,4.129796173820983,1,3.376279491656357,2.8387752785731486
2.26,1,Common environmental variance,1000,2.2609223244869088,2.2527759056008763,1.7248692835050936,2.853364653600488,0,2.25,2.2609223244869088
2.26,1,Common environmental variance,1000,2.2609223244869088,2.2527759056008763,1.7248692835050936,2.853364653600488,1,2.25,2.2609223244869088
2.26,1,Nonshared environmental variance,1000,4.006219207974799,3.996486589214588,3.4073992124030217,4.601077974007292,0,4,4.006219207974799
2.26,1,Nonshared environmental variance,1000,4.006219207974799,3.996486589214588,3.4073992124030217,4.601077974007292,1,4,4.006219207974799
2.26,1,Total phenotypic variance,1000,9.105916811034856,9.11953265938618,8.046045536073525,10.171257839577514,0,8.513187824276274,9.105916811034856
2.26,1,Total phenotypic variance,1000,9.105916811034856,9.11953265938618,8.046045536073525,10.171257839577514,1,9.626279491656357,9.105916811034856
2.2800000000000002,1,Additive genetic variance,1000,2.7988603285560787,2.7461920718352646,1.6943091611008823,4.070242661471656,0,2.2313669084560694,2.7988603285560787
2.2800000000000002,1,Additive genetic variance,1000,2.7988603285560787,2.7461920718352646,1.6943091611008823,4.070242661471656,1,3.3288082635342127,2.7988603285560787
2.2800000000000002,1,Common environmental variance,1000,2.2607790667136087,2.253348139677187,1.7226903467240093,2.8584709086915012,0,2.25,2.2607790667136087
2.2800000000000002,1,Common environmental variance,1000,2.2607790667136087,2.253348139677187,1.7226903467240093,2.8584709086915012,1,2.25,2.2607790667136087
2.2800000000000002,1,Nonshared environmental variance,1000,4.0063421024636146,3.9961827442831983,3.4128256679159765,4.595850258514569,0,4,4.0063421024636146
2.2800000000000002,1,Nonshared environmental variance,1000,4.0063421024636146,3.9961827442831983,3.4128256679159765,4.595850258514569,1,4,4.0063421024636146
2.2800000000000002,1,Total phenotypic variance,1000,9.065981497733302,9.087897813571484,8.008969134607552,10.114933960201519,0,8.481366908456069,9.065981497733302
2.2800000000000002,1,Total phenotypic variance,1000,9.065981497733302,9.087897813571484,8.008969134607552,10.114933960201519,1,9.578808263534214,9.065981497733302
2.3,1,Additive genetic variance,1000,2.759081597774235,2.7111672268192066,1.6690671553634822,4.009977025424192,0,2.1996414308864063,2.759081597774235
2.3,1,Additive genetic variance,1000,2.759081597774235,2.7111672268192066,1.6690671553634822,4.009977025424192,1,3.2814794125513247,2.759081597774235
2.3,1,Common environmental variance,1000,2.2606369176031715,2.254750124962657,1.7209535470851258,2.8558848270922335,0,2.25,2.2606369176031715
2.3,1,Common environmental variance,1000,2.2606369176031715,2.254750124962657,1.7209535470851258,2.8558848270922335,1,2.25,2.2606369176031715
2.3,1,Nonshared environmental variance,1000,4.006462591886677,3.997473042871528,3.413040867372515,4.599920577112632,0,4,4.006462591886677
2.3,1,Nonshared environmental variance,1000,4.006462591886677,3.997473042871528,3.413040867372515,4.599920577112632,1,4,4.006462591886677
2.3,1,Total phenotypic variance,1000,9.026181107264083,9.062990211183212,7.9721314688724885,10.056222633073098,0,8.449641430886405,9.026181107264083
2.3,1,Total phenotypic variance,1000,9.026181107264083,9.062990211183212,7.9721314688724885,10.056222633073098,1,9.531479412551324,9.026181107264083
2.3200000000000003,1,Additive genetic variance,1000,2.719449685541274,2.6745811741348784,1.643327738675529,3.9500131977299433,0,2.168020113805423,2.719449685541274
2.3200000000000003,1,Additive genetic variance,1000,2.719449685541274,2.6745811741348784,1.643327738675529,3.9500131977299433,1,3.234305950757968,2.719449685541274
2.3200000000000003,1,Common environmental variance,1000,2.2604959466360035,2.255286791228338,1.7191816707857435,2.862245889765198,0,2.25,2.2604959466360035
2.3200000000000003,1,Common environmental variance,1000,2.2604959466360035,2.255286791228338,1.7191816707857435,2.862245889765198,1,2.25,2.2604959466360035
2.3200000000000003,1,Nonshared environmental variance,1000,4.006580705003573,3.998298259717852,3.416797806939313,4.605851534051089,0,4,4.006580705003573
2.3200000000000003,1,Nonshared environmental variance,1000,4.006580705003573,3.998298259717852,3.416797806939313,4.605851534051089,1,4,4.006580705003573
2.3200000000000003,1,Total phenotypic variance,1000,8.98652633718085,9.026998100778936,7.936997186361481,9.99969229350979,0,8.418020113805422,8.98652633718085
2.3200000000000003,1,Total phenotypic variance,1000,8.98652633718085,9.026998100778936,7.936997186361481,9.99969229350979,1,9.484305950757967,8.98652633718085
2.34,1,Additive genetic variance,1000,2.6799749609831527,2.6361283010918033,1.6204514643992083,3.8890927046402037,0,2.1365115051218235,2.6799749609831527
2.34,1,Additive genetic variance,1000,2.6799749609831527,2.6361283010918033,1.6204514643992083,3.8890927046402037,1,3.18730063013546,2.6799749609831527
2.34,1,Common environmental variance,1000,2.260356224400122,2.2548337310860633,1.7174858872350127,2.8686224292025924,0,2.25,2.260356224400122
2.34,1,Common environmental variance,1000,2.260356224400122,2.2548337310860633,1.7174858872350127,2.8686224292025924,1,2.25,2.260356224400122
2.34,1,Nonshared environmental variance,1000,4.006696471141787,3.9991223840926025,3.4208789205562184,4.609349167722155,0,4,4.006696471141787
2.34,1,Nonshared environmental variance,1000,4.006696471141787,3.9991223840926025,3.4208789205562184,4.609349167722155,1,4,4.006696471141787
2.34,1,Total phenotypic variance,1000,8.947027656525062,8.992564693227198,7.907475103145912,9.932052943837208,0,8.386511505121824,8.947027656525062
2.34,1,Total phenotypic variance,1000,8.947027656525062,8.992564693227198,7.907475103145912,9.932052943837208,1,9.43730063013546,8.947027656525062
2.3600000000000003,1,Additive genetic variance,1000,2.640667559872323,2.597572212648231,1.5938526660307157,3.831465006058673,0,2.1051239754902435,2.640667559872323
2.3600000000000003,1,Additive genetic variance,1000,2.640667559872323,2.597572212648231,1.5938526660307157,3.831465006058673,1,3.140475938233121,2.640667559872323
2.3600000000000003,1,Common environmental variance,1000,2.2602178225909517,2.256069920116353,1.716822886846365,2.874562010704541,0,2.25,2.2602178225909517
2.3600000000000003,1,Common environmental variance,1000,2.2602178225909517,2.256069920116353,1.716822886846365,2.874562010704541,1,2.25,2.2602178225909517
2.3600000000000003,1,Nonshared environmental variance,1000,4.006809920196676,3.998456241782068,3.4142624047201697,4.613710525046269,0,4,4.006809920196676
2.3600000000000003,1,Nonshared environmental variance,1000,4.006809920196676,3.998456241782068,3.4142624047201697,4.613710525046269,1,4,4.006809920196676
2.3600000000000003,1,Total phenotypic variance,1000,8.90769530265995,8.95745286157863,7.880804625460185,9.875466612209093,0,8.355123975490244,8.90769530265995
2.3600000000000003,1,Total phenotypic variance,1000,8.90769530265995,8.95745286157863,7.880804625460185,9.875466612209093,1,9.39047593823312,8.90769530265995
2.38,1,Additive genetic variance,1000,2.6015373817022374,2.561767517515957,1.563582270230739,3.772754377785018,0,2.0738657155696565,2.6015373817022374
2.38,1,Additive genetic variance,1000,2.6015373817022374,2.561767517515957,1.563582270230739,3.772754377785018,1,3.093844094078299,2.6015373817022374
2.38,1,Common environmental variance,1000,2.2600808140111104,2.256827739116906,1.7145486302443484,2.864943130903969,0,2.25,2.2600808140111104
2.38,1,Common environmental variance,1000,2.2600808140111104,2.256827739116906,1.7145486302443484,2.864943130903969,1,2.25,2.2600808140111104
2.38,1,Nonshared environmental variance,1000,4.006921082631433,3.9987824109942713,3.414727645834356,4.619570544788714,0,4,4.006921082631433
2.38,1,Nonshared environmental variance,1000,4.006921082631433,3.9987824109942713,3.414727645834356,4.619570544788714,1,4,4.006921082631433
2.38,1,Total phenotypic variance,1000,8.868539278344782,8.921641099958066,7.846810607071671,9.822529201710235,0,8.323865715569656,8.868539278344782
2.38,1,Total phenotypic variance,1000,8.868539278344782,8.921641099958066,7.846810607071671,9.822529201710235,1,9.3438440940783,8.868539278344782
2.4000000000000004,1,Additive genetic variance,1000,2.5625940870011497,2.525816290200062,1.5339008199791813,3.7134823737545735,0,2.042744733464751,2.5625940870011497
2.4000000000000004,1,Additive genetic variance,1000,2.5625940870011497,2.525816290200062,1.5339008199791813,3.7134823737545735,1,3.04741704435935,2.5625940870011497
2.4000000000000004,1,Common environmental variance,1000,2.259945272570192,2.257350429892565,1.7134547527776693,2.8602840598351382,0,2.25,2.259945272570192
2.4000000000000004,1,Common environmental variance,1000,2.259945272570192,2.257350429892565,1.7134547527776693,2.8602840598351382,1,2.25,2.259945272570192
2.4000000000000004,1,Nonshared environmental variance,1000,4.007029989477059,3.9973771062451027,3.4161887809720444,4.615447863546113,0,4,4.007029989477059
2.4000000000000004,1,Nonshared environmental variance,1000,4.007029989477059,3.9973771062451027,3.4161887809720444,4.615447863546113,1,4,4.007029989477059
2.4000000000000004,1,Total phenotypic variance,1000,8.8295693490484,8.888271557686096,7.81746349799282,9.760881840040987,0,8.292744733464751,8.8295693490484
2.4000000000000004,1,Total phenotypic variance,1000,8.8295693490484,8.888271557686096,7.81746349799282,9.760881840040987,1,9.29741704435935,8.8295693490484
2.42,1,Additive genetic variance,1000,2.523847094884037,2.491193175070305,1.505038661147161,3.658894028300543,0,2.0117688523500443,2.523847094884037
2.42,1,Additive genetic variance,1000,2.523847094884037,2.491193175070305,1.505038661147161,3.658894028300543,1,3.00120645988123,2.523847094884037
2.42,1,Common environmental variance,1000,2.259811273284549,2.2576889965488345,1.7123668127051457,2.8612575157774396,0,2.25,2.259811273284549
2.42,1,Common environmental variance,1000,2.259811273284549,2.2576889965488345,1.7123668127051457,2.8612575157774396,1,2.25,2.259811273284549
2.42,1,Nonshared environmental variance,1000,4.007136672332307,3.9994821474214843,3.4176781082342593,4.6205479565588785,0,4,4.007136672332307
2.42,1,Nonshared environmental variance,1000,4.007136672332307,3.9994821474214843,3.4176781082342593,4.6205479565588785,1,4,4.007136672332307
2.42,1,Total phenotypic variance,1000,8.790795040500893,8.859667950861136,7.788469243395252,9.704641103543869,0,8.261768852350045,8.790795040500893
2.42,1,Total phenotypic variance,1000,8.790795040500893,8.859667950861136,7.788469243395252,9.704641103543869,1,9.25120645988123,8.790795040500893
2.4400000000000004,1,Additive genetic variance,1000,2.4853055808411217,2.4584020656862133,1.4791432639551971,3.6046458874792227,0,1.980945708276266,2.4853055808411217
2.4400000000000004,1,Additive genetic variance,1000,2.4853055808411217,2.4584020656862133,1.4791432639551971,3.6046458874792227,1,2.955223732293013,2.4853055808411217
2.4400000000000004,1,Common environmental variance,1000,2.2596788922770705,2.2582708005841923,1.7136110298169307,2.8622518048156684,0,2.25,2.2596788922770705
2.4400000000000004,1,Common environmental variance,1000,2.2596788922770705,2.2582708005841923,1.7136110298169307,2.8622518048156684,1,2.25,2.2596788922770705
2.4400000000000004,1,Nonshared environmental variance,1000,4.00724116336365,3.9993425602130026,3.4191186491185617,4.626699496038914,0,4,4.00724116336365
2.4400000000000004,1,Nonshared environmental variance,1000,4.00724116336365,3.9993425602130026,3.4191186491185617,4.626699496038914,1,4,4.00724116336365
2.4400000000000004,1,Total phenotypic variance,1000,8.752225636481842,8.826252716868503,7.750216855072862,9.64181986001007,0,8.230945708276266,8.752225636481842
2.4400000000000004,1,Total phenotypic variance,1000,8.752225636481842,8.826252716868503,7.750216855072862,9.64181986001007,1,9.205223732293014,8.752225636481842
2.46,1,Additive genetic variance,1000,2.4469784747613073,2.4203315940753356,1.4534297998345773,3.5524027962375535,0,1.950282748158385,2.4469784747613073
2.46,1,Additive genetic variance,1000,2.4469784747613073,2.4203315940753356,1.4534297998345773,3.5524027962375535,1,2.9094799710863684,2.4469784747613073
2.46,1,Common environmental variance,1000,2.2595482067769637,2.2578135165586923,1.711409382960961,2.864260305614855,0,2.25,2.2595482067769637
2.46,1,Common environmental variance,1000,2.2595482067769637,2.2578135165586923,1.711409382960961,2.864260305614855,1,2.25,2.2595482067769637
2.46,1,Nonshared environmental variance,1000,4.007343495305224,4.000872067332807,3.420763579141487,4.632637055141096,0,4,4.007343495305224
2.46,1,Nonshared environmental variance,1000,4.007343495305224,4.000872067332807,3.420763579141487,4.632637055141096,1,4,4.007343495305224
2.46,1,Total phenotypic variance,1000,8.713870176843495,8.799090399272131,7.710766752656168,9.579905814195651,0,8.200282748158385,8.713870176843495
2.46,1,Total phenotypic variance,1000,8.713870176843495,8.799090399272131,7.710766752656168,9.579905814195651,1,9.159479971086368,8.713870176843495
2.4800000000000004,1,Additive genetic variance,1000,2.4088744591885027,2.3864870804247817,1.4279598500065196,3.5085273930215743,0,1.919787227944425,2.4088744591885027
2.4800000000000004,1,Additive genetic variance,1000,2.4088744591885027,2.3864870804247817,1.4279598500065196,3.5085273930215743,1,2.863986000863764,2.4088744591885027
2.4800000000000004,1,Common environmental variance,1000,2.259419295119531,2.2588709369545468,1.7091672029085705,2.866687569260896,0,2.25,2.259419295119531
2.4800000000000004,1,Common environmental variance,1000,2.259419295119531,2.2588709369545468,1.7091672029085705,2.866687569260896,1,2.25,2.259419295119531
2.4800000000000004,1,Nonshared environmental variance,1000,4.007443701458776,4.003726369077425,3.4239958100070367,4.639338473650629,0,4,4.007443701458776
2.4800000000000004,1,Nonshared environmental variance,1000,4.007443701458776,4.003726369077425,3.4239958100070367,4.639338473650629,1,4,4.007443701458776
2.4800000000000004,1,Total phenotypic variance,1000,8.675737455766809,8.768515675868903,7.667741092386278,9.52660389796733,0,8.169787227944425,8.675737455766809
2.4800000000000004,1,Total phenotypic variance,1000,8.675737455766809,8.768515675868903,7.667741092386278,9.52660389796733,1,9.113986000863765,8.675737455766809
2.5,1,Additive genetic variance,1000,2.3710019678086796,2.353571290718312,1.4027136500395458,3.4519822557101016,0,1.8894662109640588,2.3710019678086796
2.5,1,Additive genetic variance,1000,2.3710019678086796,2.353571290718312,1.4027136500395458,3.4519822557101016,1,2.818752358874854,2.3710019678086796
2.5,1,Common environmental variance,1000,2.2592922367459525,2.2581897771794344,1.708136091076407,2.872635322678757,0,2.25,2.2592922367459525
2.5,1,Common environmental variance,1000,2.2592922367459525,2.2581897771794344,1.708136091076407,2.872635322678757,1,2.25,2.2592922367459525
2.5,1,Nonshared environmental variance,1000,4.007541815693605,4.003731700771282,3.4283367382955094,4.6363487295107095,0,4,4.007541815693605
2.5,1,Nonshared environmental variance,1000,4.007541815693605,4.003731700771282,3.4283367382955094,4.6363487295107095,1,4,4.007541815693605
2.5,1,Total phenotypic variance,1000,8.637836020248237,8.733156855514789,7.632486008158918,9.486462716458057,0,8.13946621096406,8.637836020248237
2.5,1,Total phenotypic variance,1000,8.637836020248237,8.733156855514789,7.632486008158918,9.486462716458057,1,9.068752358874853,8.637836020248237
2.5200000000000005,1,Additive genetic variance,1000,2.333369184165161,2.3201821283449613,1.3752476070823694,3.3956689313948765,0,1.8593265664557523,2.333369184165161
2.5200000000000005,1,Additive genetic variance,1000,2.333369184165161,2.3201821283449613,1.3752476070823694,3.3956689313948765,1,2.773789292819234,2.333369184165161
2.5200000000000005,1,Common environmental variance,1000,2.2591671122030736,2.256591758023947,1.7072153986372476,2.873432632120818,0,2.25,2.2591671122030736
2.5200000000000005,1,Common environmental variance,1000,2.2591671122030736,2.256591758023947,1.7072153986372476,2.873432632120818,1,2.25,2.2591671122030736
2.5200000000000005,1,Nonshared environmental variance,1000,4.007637872446504,4.004092259312387,3.425882644439515,4.640935420422495,0,4,4.007637872446504
2.5200000000000005,1,Nonshared environmental variance,1000,4.007637872446504,4.004092259312387,3.425882644439515,4.640935420422495,1,4,4.007637872446504
2.5200000000000005,1,Total phenotypic variance,1000,8.600174168814739,8.700968971135376,7.593805570591054,9.429211133367437,0,8.109326566455753,8.600174168814739
2.5200000000000005,1,Total phenotypic variance,1000,8.600174168814739,8.700968971135376,7.593805570591054,9.429211133367437,1,9.023789292819234,8.600174168814739
2.54,1,Additive genetic variance,1000,2.2959840405995386,2.2864182442943335,1.343848497726866,3.3396440319384566,0,1.8293749682710956,2.2959840405995386
2.54,1,Additive genetic variance,1000,2.2959840405995386,2.2864182442943335,1.343848497726866,3.3396440319384566,1,2.7291067589135354,2.2959840405995386
2.54,1,Common environmental variance,1000,2.25904400314319,2.2546897688306102,1.7125313378223757,2.87083626068628,0,2.25,2.25904400314319
2.54,1,Common environmental variance,1000,2.25904400314319,2.2546897688306102,1.7125313378223757,2.87083626068628,1,2.25,2.25904400314319
2.54,1,Nonshared environmental variance,1000,4.007731906721695,4.004845563184377,3.4298060289676005,4.645604649892611,0,4,4.007731906721695
2.54,1,Nonshared environmental variance,1000,4.007731906721695,4.004845563184377,3.4298060289676005,4.645604649892611,1,4,4.007731906721695
2.54,1,Total phenotypic variance,1000,8.562759950464423,8.667601224680794,7.554948438956052,9.384043489798977,0,8.079374968271097,8.562759950464423
2.54,1,Total phenotypic variance,1000,8.562759950464423,8.667601224680794,7.554948438956052,9.384043489798977,1,8.979106758913534,8.562759950464423
2.5600000000000005,1,Additive genetic variance,1000,2.258854217415276,2.243572983463282,1.3170872942454117,3.284250348579117,0,1.7996178937547236,2.258854217415276
2.5600000000000005,1,Additive genetic variance,1000,2.258854217415276,2.243572983463282,1.3170872942454117,3.284250348579117,1,2.6847144202204603,2.258854217415276
2.5600000000000005,1,Common environmental variance,1000,2.258922992323847,2.2540578464406935,1.7148652937826803,2.872893566033046,0,2.25,2.258922992323847
2.5600000000000005,1,Common environmental variance,1000,2.258922992323847,2.2540578464406935,1.7148652937826803,2.872893566033046,1,2.25,2.258922992323847
2.5600000000000005,1,Nonshared environmental variance,1000,4.007823954090758,4.005297579389909,3.43460398323328,4.650281528184655,0,4,4.007823954090758
2.5600000000000005,1,Nonshared environmental variance,1000,4.007823954090758,4.005297579389909,3.43460398323328,4.650281528184655,1,4,4.007823954090758
2.5600000000000005,1,Total phenotypic variance,1000,8.525601163829881,8.627676737356959,7.519511688596025,9.337501127066368,0,8.049617893754723,8.525601163829881
2.5600000000000005,1,Total phenotypic variance,1000,8.525601163829881,8.627676737356959,7.519511688596025,9.337501127066368,1,8.93471442022046,8.525601163829881
2.58,1,Additive genetic variance,1000,2.2219871422609736,2.2132410065083525,1.2918850515414961,3.229284707259625,0,1.7700616227981283,2.2219871422609736
2.58,1,Additive genetic variance,1000,2.2219871422609736,2.2132410065083525,1.2918850515414961,3.229284707259625,1,2.640621645237234,2.2219871422609736
2.58,1,Common environmental variance,1000,2.25880416360764,2.25320839009807,1.7109582624020478,2.8786048338243178,0,2.25,2.25880416360764
2.58,1,Common environmental variance,1000,2.25880416360764,2.25320839009807,1.7109582624020478,2.8786048338243178,1,2.25,2.25880416360764
2.58,1,Nonshared environmental variance,1000,4.0079140506925635,4.005544406180489,3.4312887257157065,4.654966070158029,0,4,4.0079140506925635
2.58,1,Nonshared environmental variance,1000,4.0079140506925635,4.005544406180489,3.4312887257157065,4.654966070158029,1,4,4.0079140506925635
2.58,1,Total phenotypic variance,1000,8.488705356561177,8.59104236636819,7.490904441450442,9.292288531896748,0,8.020061622798128,8.488705356561177
2.58,1,Total phenotypic variance,1000,8.488705356561177,8.59104236636819,7.490904441450442,9.292288531896748,1,8.890621645237234,8.488705356561177
2.6000000000000005,1,Additive genetic variance,1000,2.1853899897299405,2.178357514350146,1.2681558942831137,3.1748899306869087,0,1.7407122370654262,2.1853899897299405
2.6000000000000005,1,Additive genetic variance,1000,2.1853899897299405,2.178357514350146,1.2681558942831137,3.1748899306869087,1,2.596837506740589,2.1853899897299405
2.6000000000000005,1,Common environmental variance,1000,2.258687601962025,2.2524679763521256,1.7103573517723762,2.883377809496919,0,2.25,2.258687601962025
2.6000000000000005,1,Common environmental variance,1000,2.258687601962025,2.2524679763521256,1.7103573517723762,2.883377809496919,1,2.25,2.258687601962025
2.6000000000000005,1,Nonshared environmental variance,1000,4.008002233233199,4.006927565554086,3.425902244068948,4.659658290730733,0,4,4.008002233233199
2.6000000000000005,1,Nonshared environmental variance,1000,4.008002233233199,4.006927565554086,3.425902244068948,4.659658290730733,1,4,4.008002233233199
2.6000000000000005,1,Total phenotypic variance,1000,8.452079824925164,8.558704243556985,7.462626960213017,9.255214854078814,0,7.990712237065426,8.452079824925164
2.6000000000000005,1,Total phenotypic variance,1000,8.452079824925164,8.558704243556985,7.462626960213017,9.255214854078814,1,8.846837506740588,8.452079824925164
2.62,1,Additive genetic variance,1000,2.1490696811726635,2.1402791511282997,1.2446795006936646,3.1291662008860066,0,1.7115756193890546,2.1490696811726635
2.62,1,Additive genetic variance,1000,2.1490696811726635,2.1402791511282997,1.2446795006936646,3.1291662008860066,1,2.5533707808852464,2.1490696811726635
2.62,1,Common environmental variance,1000,2.2585733934591388,2.2514917144781545,1.7136004731842995,2.887672037957024,0,2.25,2.2585733934591388
2.62,1,Common environmental variance,1000,2.2585733934591388,2.2514917144781545,1.7136004731842995,2.887672037957024,1,2.25,2.2585733934591388
2.62,1,Nonshared environmental variance,1000,4.008088538985889,4.006659107241948,3.41977164714325,4.664358204879643,0,4,4.008088538985889
2.62,1,Nonshared environmental variance,1000,4.008088538985889,4.006659107241948,3.41977164714325,4.664358204879643,1,4,4.008088538985889
2.62,1,Total phenotypic variance,1000,8.415731613617691,8.524580350240257,7.427216277304824,9.218235542845008,0,7.961575619389055,8.415731613617691
2.62,1,Total phenotypic variance,1000,8.415731613617691,8.524580350240257,7.427216277304824,9.218235542845008,1,8.803370780885245,8.415731613617691
2.6399999999999997,1,Additive genetic variance,1000,2.113032884718448,2.1058682973142573,1.2214580578717347,3.075476416782126,0,1.6826574533331564,2.113032884718448
2.6399999999999997,1,Additive genetic variance,1000,2.113032884718448,2.1058682973142573,1.2214580578717347,3.075476416782126,1,2.510229946552566,2.113032884718448
2.6399999999999997,1,Common environmental variance,1000,2.258461625275632,2.2518754044735667,1.707885764172891,2.8900804201028643,0,2.25,2.258461625275632
2.6399999999999997,1,Common environmental variance,1000,2.258461625275632,2.2518754044735667,1.707885764172891,2.8900804201028643,1,2.25,2.258461625275632
2.6399999999999997,1,Nonshared environmental variance,1000,4.008173005790917,4.006718864690141,3.4136344577186564,4.669065827640756,0,4,4.008173005790917
2.6399999999999997,1,Nonshared environmental variance,1000,4.008173005790917,4.006718864690141,3.4136344577186564,4.669065827640756,1,4,4.008173005790917
2.6399999999999997,1,Total phenotypic variance,1000,8.379667515784998,8.48860414362736,7.39183748061584,9.166983476155416,0,7.932657453333157,8.379667515784998
2.6399999999999997,1,Total phenotypic variance,1000,8.379667515784998,8.48860414362736,7.39183748061584,9.166983476155416,1,8.760229946552567,8.379667515784998
2.66,1,Additive genetic variance,1000,2.0772860155024353,2.0732626411316417,1.1983333006625063,3.0334275910703856,0,1.653963222922298,2.0772860155024353
2.66,1,Additive genetic variance,1000,2.0772860155024353,2.0732626411316417,1.1983333006625063,3.0334275910703856,1,2.4674231849458383,2.0772860155024353
2.66,1,Common environmental variance,1000,2.2583523856925116,2.252507904988869,1.7021681492812537,2.892901845900283,0,2.25,2.2583523856925116
2.66,1,Common environmental variance,1000,2.2583523856925116,2.252507904988869,1.7021681492812537,2.892901845900283,1,2.25,2.2583523856925116
2.66,1,Nonshared environmental variance,1000,4.00825567205555,4.006263254520243,3.4080589623378343,4.6738521779381585,0,4,4.00825567205555
2.66,1,Nonshared environmental variance,1000,4.00825567205555,4.006263254520243,3.4080589623378343,4.6738521779381585,1,4,4.00825567205555
2.66,1,Total phenotypic variance,1000,8.343894073250498,8.45545620173124,7.362044070099783,9.115392713377517,0,7.9039632229222985,8.343894073250498
2.66,1,Total phenotypic variance,1000,8.343894073250498,8.45545620173124,7.362044070099783,9.115392713377517,1,8.717423184945838,8.343894073250498
2.6799999999999997,1,Additive genetic variance,1000,2.0418352360939815,2.040936975456151,1.170899748879183,2.9896793201903105,0,1.6254982125330217,2.0418352360939815
2.6799999999999997,1,Additive genetic variance,1000,2.0418352360939815,2.040936975456151,1.170899748879183,2.9896793201903105,1,2.424958379428501,2.0418352360939815
2.6799999999999997,1,Common environmental variance,1000,2.2582457640949976,2.2530879262457884,1.6988444697000993,2.8942374380316878,0,2.25,2.2582457640949976
2.6799999999999997,1,Common environmental variance,1000,2.2582457640949976,2.2530879262457884,1.6988444697000993,2.8942374380316878,1,2.25,2.2582457640949976
2.6799999999999997,1,Nonshared environmental variance,1000,4.008336576753945,4.005195605523753,3.4101815802229667,4.679178988575107,0,4,4.008336576753945
2.6799999999999997,1,Nonshared environmental variance,1000,4.008336576753945,4.005195605523753,3.4101815802229667,4.679178988575107,1,4,4.008336576753945
2.6799999999999997,1,Total phenotypic variance,1000,8.308417576942924,8.420934953898652,7.3352677812730445,9.065509796515748,0,7.875498212533022,8.308417576942924
2.6799999999999997,1,Total phenotypic variance,1000,8.308417576942924,8.420934953898652,7.3352677812730445,9.065509796515748,1,8.674958379428501,8.308417576942924
2.7,1,Additive genetic variance,1000,2.006686457122213,2.010549759801865,1.1438628210712396,2.9498271469874022,0,1.5972675069455593,2.006686457122213
2.7,1,Additive genetic variance,1000,2.006686457122213,2.010549759801865,1.1438628210712396,2.9498271469874022,1,2.3828431156012844,2.006686457122213
2.7,1,Common environmental variance,1000,2.258141850972398,2.2538697021818708,1.6977531035721047,2.8997231397934597,0,2.25,2.258141850972398
2.7,1,Common environmental variance,1000,2.258141850972398,2.2538697021818708,1.6977531035721047,2.8997231397934597,1,2.25,2.258141850972398
2.7,1,Nonshared environmental variance,1000,4.008415759427069,4.003253499934719,3.4124162290132083,4.684483288847359,0,4,4.008415759427069
2.7,1,Nonshared environmental variance,1000,4.008415759427069,4.003253499934719,3.4124162290132083,4.684483288847359,1,4,4.008415759427069
2.7,1,Total phenotypic variance,1000,8.27324406752168,8.38706579897991,7.308872754158238,9.025792466379361,0,7.84726750694556,8.27324406752168
2.7,1,Total phenotypic variance,1000,8.27324406752168,8.38706579897991,7.308872754158238,9.025792466379361,1,8.632843115601284,8.27324406752168
2.7199999999999998,1,Additive genetic variance,1000,1.9718453380944894,1.98297916877519,1.120511393187232,2.8977851060160735,0,1.5692759915529557,1.9718453380944894
2.7199999999999998,1,Additive genetic variance,1000,1.9718453380944894,1.98297916877519,1.120511393187232,2.8977851060160735,1,2.3410846816141926,1.9718453380944894
2.7199999999999998,1,Common environmental variance,1000,2.2580407379179976,2.253415010648212,1.6967529585762167,2.90274307672488,0,2.25,2.2580407379179976
2.7199999999999998,1,Common environmental variance,1000,2.2580407379179976,2.253415010648212,1.6967529585762167,2.90274307672488,1,2.25,2.2580407379179976
2.7199999999999998,1,Nonshared environmental variance,1000,4.00849326018261,4.00186725083468,3.414693658380769,4.689791035534236,0,4,4.00849326018261
2.7199999999999998,1,Nonshared environmental variance,1000,4.00849326018261,4.00186725083468,3.414693658380769,4.689791035534236,1,4,4.00849326018261
2.7199999999999998,1,Total phenotypic variance,1000,8.238379336195097,8.352383285413673,7.2795488767069925,8.98237655352243,0,7.8192759915529555,8.238379336195097
2.7199999999999998,1,Total phenotypic variance,1000,8.238379336195097,8.352383285413673,7.2795488767069925,8.98237655352243,1,8.591084681614193,8.238379336195097
2.74,1,Additive genetic variance,1000,1.9373172884032683,1.9508955371794605,1.1003004534583525,2.843216026602743,0,1.5415283527246721,1.9373172884032683
2.74,1,Additive genetic variance,1000,1.9373172884032683,1.9508955371794605,1.1003004534583525,2.843216026602743,1,2.2996900687089297,1.9373172884032683
2.74,1,Common environmental variance,1000,2.257942517628966,2.2534645791482513,1.6957585860188078,2.904837022848567,0,2.25,2.257942517628966
2.74,1,Common environmental variance,1000,2.257942517628966,2.2534645791482513,1.6957585860188078,2.904837022848567,1,2.25,2.257942517628966
2.74,1,Nonshared environmental variance,1000,4.00856911969489,4.001612339735727,3.417072346921369,4.695102226369446,0,4,4.00856911969489
2.74,1,Nonshared environmental variance,1000,4.00856911969489,4.001612339735727,3.417072346921369,4.695102226369446,1,4,4.00856911969489
2.74,1,Total phenotypic variance,1000,8.203828925727125,8.31406748824184,7.2466589374116435,8.935080366965783,0,7.791528352724672,8.203828925727125
2.74,1,Total phenotypic variance,1000,8.203828925727125,8.31406748824184,7.2466589374116435,8.935080366965783,1,8.54969006870893,8.203828925727125
2.76,1,Additive genetic variance,1000,1.9031074685168423,1.9165615074419633,1.0762127769244416,2.7890656239585185,0,1.514029078321655,1.9031074685168423
2.76,1,Additive genetic variance,1000,1.9031074685168423,1.9165615074419633,1.0762127769244416,2.7890656239585185,1,2.2586659719872944,1.9031074685168423
2.76,1,Common environmental variance,1000,2.2578472839062846,2.2533343792477356,1.6947699763002795,2.9084982682883123,0,2.25,2.2578472839062846
2.76,1,Common environmental variance,1000,2.2578472839062846,2.2533343792477356,1.6947699763002795,2.9084982682883123,1,2.25,2.2578472839062846
2.76,1,Nonshared environmental variance,1000,4.008643379204769,4.002303161363944,3.419527123249804,4.70041685907996,0,4,4.008643379204769
2.76,1,Nonshared environmental variance,1000,4.008643379204769,4.002303161363944,3.419527123249804,4.70041685907996,1,4,4.008643379204769
2.76,1,Total phenotypic variance,1000,8.169598131627895,8.2805062562521,7.2115479369749895,8.895229480885817,0,7.764029078321655,8.169598131627895
2.76,1,Total phenotypic variance,1000,8.169598131627895,8.2805062562521,7.2115479369749895,8.895229480885817,1,8.508665971987295,8.169598131627895
2.7800000000000002,1,Additive genetic variance,1000,1.869220791349184,1.8830227154516663,1.0524704929482553,2.741535937620828,0,1.4867824583597147,1.869220791349184
2.7800000000000002,1,Additive genetic variance,1000,1.869220791349184,1.8830227154516663,1.0524704929482553,2.741535937620828,1,2.218018791400826,1.869220791349184
2.7800000000000002,1,Common environmental variance,1000,2.257755131654698,2.253407558775977,1.6935119748149552,2.9165816837114464,0,2.25,2.257755131654698
2.7800000000000002,1,Common environmental variance,1000,2.257755131654698,2.253407558775977,1.6935119748149552,2.9165816837114464,1,2.25,2.257755131654698
2.7800000000000002,1,Nonshared environmental variance,1000,4.008716080519556,4.002579858367247,3.422023050524106,4.7057349313860195,0,4,4.008716080519556
2.7800000000000002,1,Nonshared environmental variance,1000,4.008716080519556,4.002579858367247,3.422023050524106,4.7057349313860195,1,4,4.008716080519556
2.7800000000000002,1,Total phenotypic variance,1000,8.135692003523438,8.249969172250566,7.1760157763874135,8.850043400388735,0,7.7367824583597145,8.135692003523438
2.7800000000000002,1,Total phenotypic variance,1000,8.135692003523438,8.249969172250566,7.1760157763874135,8.850043400388735,1,8.468018791400826,8.135692003523438
2.8,1,Additive genetic variance,1000,1.8356619238041272,1.8498062513183267,1.029084373069632,2.696612542706173,0,1.4597925858179748,1.8356619238041272
2.8,1,Additive genetic variance,1000,1.8356619238041272,1.8498062513183267,1.029084373069632,2.696612542706173,1,2.1777546329568684,1.8356619238041272
2.8,1,Common environmental variance,1000,2.2576661568826837,2.2540380106991855,1.6894784104267537,2.9280324083429763,0,2.25,2.2576661568826837
2.8,1,Common environmental variance,1000,2.2576661568826837,2.2540380106991855,1.6894784104267537,2.9280324083429763,1,2.25,2.2576661568826837
2.8,1,Nonshared environmental variance,1000,4.008787266012917,4.000938593458972,3.4213344935669254,4.711056441001145,0,4,4.008787266012917
2.8,1,Nonshared environmental variance,1000,4.008787266012917,4.000938593458972,3.4213344935669254,4.711056441001145,1,4,4.008787266012917
2.8,1,Total phenotypic variance,1000,8.102115346699728,8.21617696093712,7.140720256415954,8.813511780150742,0,7.709792585817975,8.102115346699728
2.8,1,Total phenotypic variance,1000,8.102115346699728,8.21617696093712,7.140720256415954,8.813511780150742,1,8.42775463295687,8.102115346699728
2.8200000000000003,1,Additive genetic variance,1000,1.8024352884889039,1.8214470030240801,1.0057273162827438,2.654567740140516,0,1.4330633575890162,1.8024352884889039
2.8200000000000003,1,Additive genetic variance,1000,1.8024352884889039,1.8214470030240801,1.0057273162827438,2.654567740140516,1,2.1378793101360176,1.8024352884889039
2.8200000000000003,1,Common environmental variance,1000,2.257580456702447,2.253747926394017,1.6851942503393884,2.933946375916114,0,2.25,2.257580456702447
2.8200000000000003,1,Common environmental variance,1000,2.257580456702447,2.253747926394017,1.6851942503393884,2.933946375916114,1,2.25,2.257580456702447
2.8200000000000003,1,Nonshared environmental variance,1000,4.008856978624779,4.00108013311792,3.4181032086833643,4.716381385632135,0,4,4.008856978624779
2.8200000000000003,1,Nonshared environmental variance,1000,4.008856978624779,4.00108013311792,3.4181032086833643,4.716381385632135,1,4,4.008856978624779
2.8200000000000003,1,Total phenotypic variance,1000,8.06887272381613,8.182649068863405,7.105666349218464,8.781022291791858,0,7.683063357589016,8.06887272381613
2.8200000000000003,1,Total phenotypic variance,1000,8.06887272381613,8.182649068863405,7.105666349218464,8.781022291791858,1,8.387879310136018,8.06887272381613
2.84,1,Additive genetic variance,1000,1.7695450655920608,1.7893370899271734,0.9815620975004109,2.614538063100526,0,1.406598475567285,1.7695450655920608
2.84,1,Additive genetic variance,1000,1.7695450655920608,1.7893370899271734,0.9815620975004109,2.614538063100526,1,2.0983983455158364,1.7695450655920608
2.84,1,Common environmental variance,1000,2.257498129329947,2.255243489172653,1.6842128256609714,2.936899865224695,0,2.25,2.257498129329947
2.84,1,Common environmental variance,1000,2.257498129329947,2.255243489172653,1.6842128256609714,2.936899865224695,1,2.25,2.257498129329947
2.84,1,Nonshared environmental variance,1000,4.008925261861234,4.001647464775438,3.4148789827031907,4.721709762979068,0,4,4.008925261861234
2.84,1,Nonshared environmental variance,1000,4.008925261861234,4.001647464775438,3.4148789827031907,4.721709762979068,1,4,4.008925261861234
2.84,1,Total phenotypic variance,1000,8.035968456783241,8.14310652072805,7.070858831736065,8.751332170465497,0,7.656598475567285,8.035968456783241
2.84,1,Total phenotypic variance,1000,8.035968456783241,8.14310652072805,7.070858831736065,8.751332170465497,1,8.348398345515836,8.035968456783241
2.8600000000000003,1,Additive genetic variance,1000,1.7369951949205904,1.7575288704611718,0.9577751840417316,2.567733129756724,0,1.3804014478721973,1.7369951949205904
2.8600000000000003,1,Additive genetic variance,1000,1.7369951949205904,1.7575288704611718,0.9577751840417316,2.567733129756724,1,2.059316972595513,1.7369951949205904
2.8600000000000003,1,Common environmental variance,1000,2.2574192740849437,2.2547582294812396,1.6832760597411767,2.939655013876704,0,2.25,2.2574192740849437
2.8600000000000003,1,Common environmental variance,1000,2.2574192740849437,2.2547582294812396,1.6832760597411767,2.939655013876704,1,2.25,2.2574192740849437
2.8600000000000003,1,Nonshared environmental variance,1000,4.008992159794445,4.000531966206973,3.4116618027566568,4.727015604262324,0,4,4.008992159794445
2.8600000000000003,1,Nonshared environmental variance,1000,4.008992159794445,4.000531966206973,3.4116618027566568,4.727015604262324,1,4,4.008992159794445
2.8600000000000003,1,Total phenotypic variance,1000,8.00340662879998,8.10539157975266,7.040183781077975,8.71436021548143,0,7.630401447872197,8.00340662879998
2.8600000000000003,1,Total phenotypic variance,1000,8.00340662879998,8.10539157975266,7.040183781077975,8.71436021548143,1,8.309316972595512,8.00340662879998
2.88,1,Additive genetic variance,1000,1.7047893780911263,1.7248477650990601,0.9343673424999025,2.51609898968396,0,1.3544755902023313,1.7047893780911263
2.88,1,Additive genetic variance,1000,1.7047893780911263,1.7248477650990601,0.9343673424999025,2.51609898968396,1,2.020640137816074,1.7047893780911263
2.88,1,Common environmental variance,1000,2.2573439913910778,2.253504029275942,1.6848903980396783,2.9423280499995297,0,2.25,2.2573439913910778
2.88,1,Common environmental variance,1000,2.2573439913910778,2.253504029275942,1.6848903980396783,2.9423280499995297,1,2.25,2.2573439913910778
2.88,1,Nonshared environmental variance,1000,4.009057717062553,3.999276980484641,3.4084516560142797,4.7322846371264795,0,4,4.009057717062553
2.88,1,Nonshared environmental variance,1000,4.009057717062553,3.999276980484641,3.4084516560142797,4.7322846371264795,1,4,4.009057717062553
2.88,1,Total phenotypic variance,1000,7.971191086544757,8.070136123518065,7.003761444545879,8.6715242243532,0,7.604475590202331,7.971191086544757
2.88,1,Total phenotypic variance,1000,7.971191086544757,8.070136123518065,7.003761444545879,8.6715242243532,1,8.270640137816073,7.971191086544757
2.9000000000000004,1,Additive genetic variance,1000,1.672931080869892,1.6950054961627317,0.9113390831021831,2.471596538803724,0,1.3288240273169776,1.672931080869892
2.9000000000000004,1,Additive genetic variance,1000,1.672931080869892,1.6950054961627317,0.9113390831021831,2.471596538803724,1,1.9823725027706052,1.672931080869892
2.9000000000000004,1,Common environmental variance,1000,2.257272382775981,2.2554503177101957,1.6815238269733994,2.9461186745649406,0,2.25,2.257272382775981
2.9000000000000004,1,Common environmental variance,1000,2.257272382775981,2.2554503177101957,1.6815238269733994,2.9461186745649406,1,2.25,2.257272382775981
2.9000000000000004,1,Nonshared environmental variance,1000,4.009121978869574,4.0001028824445655,3.4048726050508886,4.737291454560575,0,4,4.009121978869574
2.9000000000000004,1,Nonshared environmental variance,1000,4.009121978869574,4.0001028824445655,3.4048726050508886,4.737291454560575,1,4,4.009121978869574
2.9000000000000004,1,Total phenotypic variance,1000,7.939325442515448,8.039776628884596,6.967681782711942,8.62890258417712,0,7.578824027316978,7.939325442515448
2.9000000000000004,1,Total phenotypic variance,1000,7.939325442515448,8.039776628884596,6.967681782711942,8.62890258417712,1,8.232372502770605,7.939325442515448
2.92,1,Additive genetic variance,1000,1.6414235356561175,1.6649317390780536,0.8899621301664095,2.43946569676081,0,1.3034496946412926,1.6414235356561175
2.92,1,Additive genetic variance,1000,1.6414235356561175,1.6649317390780536,0.8899621301664095,2.43946569676081,1,1.9445184465988525,1.6414235356561175
2.92,1,Common environmental variance,1000,2.2572045508714176,2.254789039441139,1.68138318962827,2.9555712154789586,0,2.25,2.2572045508714176
2.92,1,Common environmental variance,1000,2.2572045508714176,2.254789039441139,1.68138318962827,2.9555712154789586,1,2.25,2.2572045508714176
2.92,1,Nonshared environmental variance,1000,4.009184990985314,3.998996933452691,3.4006359137229136,4.73836607465383,0,4,4.009184990985314
2.92,1,Nonshared environmental variance,1000,4.009184990985314,3.998996933452691,3.4006359137229136,4.73836607465383,1,4,4.009184990985314
2.92,1,Total phenotypic variance,1000,7.907813077512849,8.00844026788867,6.940221003720957,8.586562756237543,0,7.553449694641293,7.907813077512849
2.92,1,Total phenotypic variance,1000,7.907813077512849,8.00844026788867,6.940221003720957,8.586562756237543,1,8.194518446598853,7.907813077512849
2.9400000000000004,1,Additive genetic variance,1000,1.6102697441034937,1.6339032216765146,0.87019660973833,2.3986940256306326,0,1.2783553399911787,1.6102697441034937
2.9400000000000004,1,Additive genetic variance,1000,1.6102697441034937,1.6339032216765146,0.87019660973833,2.3986940256306326,1,1.9070820685604435,1.6102697441034937
2.9400000000000004,1,Common environmental variance,1000,2.257140599413464,2.2557076498414257,1.6804913963576298,2.958024315256092,0,2.25,2.257140599413464
2.9400000000000004,1,Common environmental variance,1000,2.257140599413464,2.2557076498414257,1.6804913963576298,2.958024315256092,1,2.25,2.257140599413464
2.9400000000000004,1,Nonshared environmental variance,1000,4.00924679974526,3.9994598895517024,3.3985286828883465,4.739411132387477,0,4,4.00924679974526
2.9400000000000004,1,Nonshared environmental variance,1000,4.00924679974526,3.9994598895517024,3.3985286828883465,4.739411132387477,1,4,4.00924679974526
2.9400000000000004,1,Total phenotypic variance,1000,7.876657143262218,7.975253852746562,6.907292334034034,8.545976165130421,0,7.528355339991179,7.876657143262218
2.9400000000000004,1,Total phenotypic variance,1000,7.876657143262218,7.975253852746562,6.907292334034034,8.545976165130421,1,8.157082068560443,7.876657143262218
2.96,1,Additive genetic variance,1000,1.5794724798742799,1.6050900307378577,0.8507663771812061,2.3539089212352633,0,1.2535435254140133,1.5794724798742799
2.96,1,Additive genetic variance,1000,1.5794724798742799,1.6050900307378577,0.8507663771812061,2.3539089212352633,1,1.8700671907809325,1.5794724798742799
2.96,1,Common environmental variance,1000,2.2570806332427185,2.2568384904031267,1.6755049281716936,2.960468157161519,0,2.25,2.2570806332427185
2.96,1,Common environmental variance,1000,2.2570806332427185,2.2568384904031267,1.6755049281716936,2.960468157161519,1,2.25,2.2570806332427185
2.96,1,Nonshared environmental variance,1000,4.009307452050501,4.000071520271748,3.3951559654996193,4.744081389516987,0,4,4.009307452050501
2.96,1,Nonshared environmental variance,1000,4.009307452050501,4.000071520271748,3.3951559654996193,4.744081389516987,1,4,4.009307452050501
2.96,1,Total phenotypic variance,1000,7.845860565167499,7.94197454330523,6.8752062536397425,8.502748296097494,0,7.503543525414013,7.845860565167499
2.96,1,Total phenotypic variance,1000,7.845860565167499,7.94197454330523,6.8752062536397425,8.502748296097494,1,8.120067190780933,7.845860565167499
2.9800000000000004,1,Additive genetic variance,1000,1.5490342915205473,1.5745048887539936,0.8316267922699545,2.309559543074086,0,1.2290166291412346,1.5490342915205473
2.9800000000000004,1,Additive genetic variance,1000,1.5490342915205473,1.5745048887539936,0.8316267922699545,2.309559543074086,1,1.8334773611647157,1.5490342915205473
2.9800000000000004,1,Common environmental variance,1000,2.2570247583045555,2.2567922910764437,1.6684654112341564,2.9629027312740783,0,2.25,2.2570247583045555
2.9800000000000004,1,Common environmental variance,1000,2.2570247583045555,2.2567922910764437,1.6684654112341564,2.9629027312740783,1,2.25,2.2570247583045555
2.9800000000000004,1,Nonshared environmental variance,1000,4.0093669953676185,3.9987258250003954,3.392019143546079,4.748849787648522,0,4,4.0093669953676185
2.9800000000000004,1,Nonshared environmental variance,1000,4.0093669953676185,3.9987258250003954,3.392019143546079,4.748849787648522,1,4,4.0093669953676185
2.9800000000000004,1,Total phenotypic variance,1000,7.815426045192721,7.911079822979649,6.848353878706523,8.46329456874851,0,7.479016629141235,7.815426045192721
2.9800000000000004,1,Total phenotypic variance,1000,7.815426045192721,7.911079822979649,6.848353878706523,8.46329456874851,1,8.083477361164716,7.815426045192721
3,1,Additive genetic variance,1000,1.5189575054871112,1.5433365589669996,0.8127778324986207,2.265623762902391,0,1.2047768476488083,1.5189575054871112
3,1,Additive genetic variance,1000,1.5189575054871112,1.5433365589669996,0.8127778324986207,2.265623762902391,1,1.7973158564688865,1.5189575054871112
3,1,Common environmental variance,1000,2.256973081649414,2.2569342580995917,1.661414294506241,2.966866558299571,0,2.25,2.256973081649414
3,1,Common environmental variance,1000,2.256973081649414,2.2569342580995917,1.661414294506241,2.966866558299571,1,2.25,2.256973081649414
3,1,Nonshared environmental variance,1000,4.009425477728608,3.998532648483465,3.3889144163961777,4.753598381033772,0,4,4.009425477728608
3,1,Nonshared environmental variance,1000,4.009425477728608,3.998532648483465,3.3889144163961777,4.753598381033772,1,4,4.009425477728608
3,1,Total phenotypic variance,1000,7.785356064865133,7.881907734323541,6.821065962330738,8.422887920807396,0,7.454776847648809,7.785356064865133
3,1,Total phenotypic variance,1000,7.785356064865133,7.881907734323541,6.821065962330738,8.422887920807396,1,8.047315856468886,7.785356064865133
